============================== SRIM-2013.00 ==============================
==============================================================================
=================  TRANSMIT.txt : File of Transmitted Ions  ==================
=  This file tabulates the kinetics of ions or atoms leaving the target.     =
=  Column #1: S= Sputtered Atom, B= Backscattered Ion, T= Transmitted Ion.   =
=  Col.#2: Ion Number, Col.#3: Z of atom leaving, Col.#4: Atom energy (eV).  =
=  Col.#5-7: Last location:  X= Depth into target, Y,Z= Transverse axes.     =
=  Col.#8-10: Cosines of final trajectory.                                   =
= *** This data file is in the same format as TRIM.DAT (see manual for uses).=
====== TRIM Calc.=  H(2 MeV) ==> PMMA(  10 um) ===============================
 Ion  Atom   Energy        Depth       Lateral-Position        Atom Direction      
 Numb Numb    (eV)          X(A)        Y(A)       Z(A)      Cos(X)  Cos(Y) Cos(Z) 
T    1  1 .1832555E+07   1000006E-01 -.6189E+03  .1806E+03   .9997339 -.0226371 -.0044340
T    2  1 .1831236E+07   1000019E-01 -.2344E+03 -.1709E+03   .9999708 -.0047812 -.0059554
T    3  1 .1864743E+07   1000001E-01  .4712E+03 -.3877E+03   .9997186  .0233745 -.0040420
T    4  1 .1846494E+07   1000016E-01  .1682E+03  .7145E+02   .9998737  .0154234  .0038248
T    5  1 .1843355E+07   1000010E-01 -.4916E+01 -.5093E+00   .9999893 -.0010205 -.0045065
T    6  1 .1843112E+07   1000003E-01 -.3656E+00 -.1449E+03   .9999878  .0023405 -.0043413
T    7  1 .1854963E+07   1000021E-01  .1191E+03  .6495E+03   .9999623  .0047873  .0072494
T    8  1 .1839352E+07   1000005E-01 -.1534E+03  .2317E+03   .9999882 -.0020657  .0043887
T    9  1 .1851615E+07   1000002E-01  .1407E+03  .4188E+03   .9999862  .0034822  .0039429
T   10  1 .1847558E+07   1000019E-01  .6254E+03 -.2304E+03   .9996901  .0225537 -.0105348
T   11  1 .1845348E+07   1000013E-01  .2860E+03 -.1349E+03   .9999668 -.0036528 -.0072837
T   12  1 .1858024E+07   1000001E-01  .5422E+01 -.2693E+03   .9999526 -.0095174 -.0020741
T   13  1 .1847920E+07   1000016E-01  .4459E+02  .1261E+04   .9995920  .0162827  .0234676
T   14  1 .1839257E+07   1000014E-01 -.1152E+03  .2328E+03   .9999295 -.0110792  .0042750
T   15  1 .1825689E+07   1000022E-01  .2549E+03 -.2567E+03   .9999706  .0069745 -.0031952
T   16  1 .1856714E+07   1000012E-01 -.3221E+03 -.2985E+03   .9999346 -.0084869 -.0076617
T   17  1 .1841780E+07   1000011E-01 -.8235E+02  .2159E+03   .9999601  .0084499 -.0029041
T   18  1 .1849507E+07   1000004E-01 -.1026E+03  .3363E+03   .9999594 -.0010035  .0089496
T   19  1 .1856485E+07   1000012E-01 -.5501E+03 -.1945E+03   .9998779 -.0156163  .0006041
T   20  1 .1839608E+07   1000003E-01  .3891E+03 -.9734E+02   .9997998  .0194469  .0047168
T   21  1 .1845824E+07   1000015E-01 -.3021E+03  .3537E+03   .9997953 -.0045589  .0197147
T   22  1 .1838368E+07   1000021E-01  .2190E+03 -.7123E+03   .9999459  .0016948 -.0102639
T   23  1 .1843577E+07   1000016E-01  .1308E+02 -.1057E+03   .9999956  .0029310  .0003550
T   24  1 .1864383E+07   1000007E-01 -.1261E+03  .4093E+03   .9999680 -.0037461  .0070631
T   25  1 .1840817E+07   1000009E-01  .4388E+03  .8048E+02   .9999777  .0064119 -.0018445
T   26  1 .1844513E+07   1000007E-01  .5836E+02 -.3506E+03   .9999530  .0088080 -.0040583
T   27  1 .1855570E+07   1000012E-01  .1727E+04 -.1107E+03   .9997366  .0229503  .0003340
T   28  1 .1845929E+07   1000019E-01 -.3786E+04 -.1043E+04   .9958228 -.0872529 -.0269042
T   29  1 .1845968E+07   1000022E-01  .1958E+03 -.1708E+03   .9999921 -.0007067 -.0039131
T   30  1 .1842299E+07   1000013E-01 -.1503E+03 -.2948E+03   .9999934 -.0027224  .0024048
T   31  1 .1845093E+07   1000017E-01  .1909E+02  .1668E+03   .9998860  .0037075  .0146358
T   32  1 .1833145E+07   1000013E-01  .5082E+03  .2742E+03   .9999803  .0031045  .0054592
T   33  1 .1849366E+07   1000010E-01 -.5275E+02 -.1470E+03   .9999962 -.0022180  .0016370
T   34  1 .1834180E+07   1000020E-01  .2897E+03 -.8492E+02   .9999873  .0049948  .0006134
T   35  1 .1853102E+07   1000021E-01 -.3164E+03 -.4297E+02   .9999774 -.0066966 -.0006080
T   36  1 .1843377E+07   1000021E-01 -.1780E+03 -.1725E+03   .9999898 -.0025417 -.0037309
T   37  1 .1852695E+07   1000019E-01 -.2149E+03  .2327E+03   .9999615  .0032855  .0081339
T   38  1 .1834511E+07   1000022E-01  .1979E+03  .3186E+03   .9999438  .0057872  .0088800
T   39  1 .1838436E+07   1000016E-01 -.5317E+02  .3822E+03   .9999985  .0012986  .0011807
T   40  1 .1833625E+07   1000013E-01  .8767E+02 -.1303E+03   .9999845 -.0055605 -.0002160
T   41  1 .1828943E+07   1000004E-01  .2095E+03  .3829E+03   .9999753 -.0048359  .0050994
T   42  1 .1831834E+07   1000015E-01  .1898E+03  .9148E+02   .9999932  .0036875  .0003054
T   43  1 .1837273E+07   1000015E-01  .2126E+03  .3810E+03   .9999701  .0024425  .0073374
T   44  1 .1853431E+07   1000013E-01  .7355E+03 -.1882E+03   .9999426  .0101351  .0034766
T   45  1 .1843736E+07   1000009E-01 -.6051E+03 -.2109E+03   .9997949 -.0181253 -.0090332
T   46  1 .1857725E+07   1000001E-01 -.3003E+03 -.1516E+03   .9999940 -.0010934 -.0032916
T   47  1 .1860957E+07   1000019E-01  .1204E+03  .3580E+03   .9999268  .0089154  .0081857
T   48  1 .1828296E+07   1000001E-01  .6074E+03 -.3633E+02   .9997625  .0210285  .0057279
T   49  1 .1847902E+07   1000015E-01 -.1878E+02  .5599E+01   .9999653  .0026631 -.0078960
T   50  1 .1849478E+07   1000021E-01 -.1792E+02  .1806E+03   .9999749  .0064197  .0029954
T   51  1 .1836436E+07   1000011E-01 -.5876E+03 -.1791E+02   .9999634 -.0084433 -.0013916
T   52  1 .1856492E+07   1000021E-01 -.5006E+02 -.1969E+03   .9999265 -.0050249 -.0110382
T   53  1 .1864160E+07   1000007E-01 -.1735E+03 -.6674E+02   .9999902 -.0044322  .0002163
T   54  1 .1858285E+07   1000007E-01 -.2338E+03 -.1527E+03   .9998759 -.0007621 -.0157372
T   55  1 .1823086E+07   1000010E-01 -.3050E+03 -.1193E+03   .9997316 -.0227747 -.0042501
T   56  1 .1846777E+07   1000003E-01  .4150E+02  .2026E+03   .9999666  .0054425  .0060922
T   57  1 .1846096E+07   1000002E-01 -.3853E+03 -.2785E+03   .9998857 -.0138124 -.0061485
T   58  1 .1852039E+07   1000018E-01 -.3227E+03 -.6150E+02   .9999608 -.0088350 -.0006478
T   59  1 .1834378E+07   1000022E-01  .1194E+03 -.2788E+02   .9999925 -.0032326  .0021392
T   60  1 .1854064E+07   1000008E-01 -.3398E+03 -.1281E+02   .9999674 -.0079294  .0015109
T   61  1 .1846931E+07   1000011E-01 -.2494E+03 -.3371E+03   .9999909  .0019192 -.0038185
T   62  1 .1832649E+07   1000003E-01 -.5248E+02 -.2965E+02   .9999779 -.0037240  .0055109
T   63  1 .1850943E+07   1000011E-01 -.4707E+03  .9294E+02   .9999686 -.0037274  .0069918
T   64  1 .1844965E+07   1000020E-01  .1835E+02 -.4699E+02   .9999807  .0024899  .0056897
T   65  1 .1830360E+07   1000015E-01 -.1991E+03 -.4390E+03   .9999806 -.0040781 -.0047164
T   66  1 .1859431E+07   1000007E-01  .3576E+03 -.5357E+02   .9999858  .0048388 -.0022270
T   67  1 .1833870E+07   1000005E-01  .1616E+03 -.1511E+03   .9999816  .0055048  .0025494
T   68  1 .1843016E+07   1000005E-01  .4643E+03 -.2738E+03   .9999639  .0066747 -.0052539
T   69  1 .1839799E+07   1000020E-01 -.1381E+03 -.1994E+03   .9999959  .0020370 -.0019903
T   70  1 .1846408E+07   1000008E-01 -.6606E+02 -.1616E+03   .9999918  .0017175 -.0036592
T   71  1 .1848583E+07   1000013E-01  .3004E+02 -.5775E+03   .9999025 -.0005299 -.0139551
T   72  1 .1840550E+07   1000015E-01 -.1299E+04  .5652E+03   .9994849 -.0281268  .0154555
T   73  1 .1860648E+07   1000017E-01  .1814E+03 -.5681E+02   .9999491  .0086319 -.0052166
T   74  1 .1846301E+07   1000000E-01  .5063E+03  .2733E+03   .9999425  .0058768  .0089649
T   75  1 .1851366E+07   1000000E-01 -.1929E+03 -.1763E+03   .9999941  .0009221 -.0032955
T   76  1 .1849608E+07   1000012E-01  .3667E+02  .2804E+03   .9999913 -.0013122  .0039545
T   77  1 .1831752E+07   1000021E-01  .3676E+02  .4895E+03   .9999762  .0028245  .0063001
T   78  1 .1852809E+07   1000005E-01 -.3260E+03 -.1680E+03   .9999237 -.0123505 -.0001776
T   79  1 .1851455E+07   1000009E-01 -.3880E+03 -.8279E+02   .9999670 -.0075536  .0030003
T   80  1 .1851116E+07   1000013E-01 -.2167E+03 -.7424E+02   .9999655 -.0074687  .0036241
T   81  1 .1838379E+07   1000015E-01 -.4835E+03  .2000E+03   .9999300 -.0105809  .0053043
T   82  1 .1848761E+07   1000022E-01  .9178E+02 -.5420E+03   .9999891  .0025325 -.0039260
T   83  1 .1837637E+07   1000019E-01  .4963E+02 -.1967E+03   .9999723  .0043450 -.0060493
T   84  1 .1833724E+07   1000015E-01  .1127E+02 -.3347E+02   .9999992  .0005642 -.0011468
T   85  1 .1838738E+07   1000015E-01  .5683E+03 -.4182E+03   .9998095  .0158686 -.0113611
T   86  1 .1859937E+07   1000022E-01  .8503E+02  .8369E+02   .9999868  .0030219  .0041561
T   87  1 .1844097E+07   1000022E-01 -.5660E+03 -.6577E+02   .9999708 -.0072292 -.0024938
T   88  1 .1833904E+07   1000007E-01  .9450E+02 -.3353E+02   .9999948  .0013788 -.0029089
T   89  1 .1840133E+07   1000000E-01 -.2551E+03 -.5276E+03   .9999105 -.0080217 -.0107073
T   90  1 .1823529E+07   1000011E-01  .3823E+03 -.1034E+03   .9999492  .0076096 -.0066045
T   91  1 .1869455E+07   1000017E-01  .6981E+03 -.4085E+03   .9998626  .0150861 -.0068735
T   92  1 .1848504E+07   1000023E-01  .4225E+03  .7004E+03   .9998598 -.0129156  .0106528
T   93  1 .1854311E+07   1000008E-01 -.1954E+03 -.9925E+02   .9999922 -.0036841  .0014443
T   94  1 .1813765E+07   1000010E-01  .1791E+03 -.4343E+03   .9999625 -.0017859 -.0084790
T   95  1 .1842024E+07   1000013E-01  .7396E+03  .5603E+02   .9999350  .0112746  .0016703
T   96  1 .1841298E+07   1000020E-01 -.3935E+02 -.5347E+02   .9999937  .0034645  .0007900
T   97  1 .1827646E+07   1000001E-01 -.1330E+03  .2415E+02   .9999812 -.0060756 -.0008029
T   98  1 .1832882E+07   1000017E-01  .3893E+02  .3951E+02   .9999985 -.0014858  .0008378
T   99  1 .1846816E+07   1000000E-01  .6931E+02 -.5194E+02   .9999731  .0067093  .0029620
T  100  1 .1829150E+07   1000016E-01  .3950E+03  .4913E+03   .9999602  .0054990  .0070257
T  101  1 .1839419E+07   1000009E-01  .2091E+03  .2258E+03   .9999385  .0110291  .0011703
T  102  1 .1851027E+07   1000000E-01 -.4860E+03  .3583E+03   .9999343 -.0087552  .0073934
T  103  1 .1838008E+07   1000016E-01 -.1906E+03  .1162E+03   .9999072 -.0052673  .0125632
T  104  1 .1825192E+07   1000021E-01 -.6249E+03 -.3942E+03   .9999265 -.0082461 -.0088913
T  105  1 .1849927E+07   1000019E-01  .2457E+02 -.3654E+02   .9999919  .0025058 -.0031546
T  106  1 .1847704E+07   1000013E-01 -.4089E+03 -.1598E+03   .9999913  .0040127  .0011581
T  107  1 .1852324E+07   1000017E-01  .1795E+03  .3101E+02   .9999979  .0005663 -.0019832
T  108  1 .1856122E+07   1000006E-01  .2142E+03  .5611E+02   .9999999  .0005022 -.0001079
T  109  1 .1847694E+07   1000008E-01 -.1398E+03 -.4852E+03   .9999610 -.0000694 -.0088277
T  110  1 .1848250E+07   1000013E-01 -.2175E+02  .7927E+02   .9999971 -.0017906 -.0016241
T  111  1 .1844637E+07   1000022E-01  .3057E+03  .2327E+03   .9999515  .0093663  .0030299
T  112  1 .1836295E+07   1000017E-01  .1475E+02  .2089E+03   .9999488 -.0053693  .0085785
T  113  1 .1845983E+07   1000006E-01 -.6876E+03  .2624E+03   .9999382 -.0089018  .0066552
T  114  1 .1850869E+07   1000011E-01  .5860E+02 -.4003E+03   .9995649 -.0117061  .0270729
T  115  1 .1858416E+07   1000021E-01  .2653E+03 -.2585E+03   .9999791  .0058528 -.0027425
T  116  1 .1847395E+07   1000000E-01  .4450E+03 -.4386E+03   .9999334  .0106096 -.0045339
T  117  1 .1850378E+07   1000018E-01  .2554E+04  .9508E+03   .9986025  .0478915  .0223486
T  118  1 .1833484E+07   1000020E-01  .3553E+03 -.5462E+03   .9998913  .0095720 -.0112166
T  119  1 .1834495E+07   1000015E-01 -.2805E+03 -.3614E+03   .9999705 -.0047427 -.0060345
T  120  1 .1851461E+07   1000020E-01 -.2692E+02  .3475E+03   .9999917  .0018906  .0036075
T  121  1 .1830848E+07   1000020E-01  .2130E+04  .9089E+03   .9992688  .0347603  .0159253
T  122  1 .1838525E+07   1000014E-01 -.2877E+02 -.2241E+03   .9999606  .0087078  .0017075
T  123  1 .1846948E+07   1000020E-01 -.5052E+03  .1242E+03   .9999037 -.0128472  .0052508
T  124  1 .1865082E+07   1000021E-01  .4788E+02 -.5485E+02   .9999805  .0056191  .0027379
T  125  1 .1856246E+07   1000011E-01  .5860E+02 -.1233E+02   .9999939  .0015902  .0031201
T  126  1 .1840661E+07   1000017E-01 -.1515E+03  .6319E+01   .9999947 -.0028065 -.0016792
T  127  1 .1846589E+07   1000021E-01 -.1317E+03  .3725E+03   .9999461 -.0095878  .0039888
T  128  1 .1838919E+07   1000011E-01 -.2082E+03 -.1292E+04   .9999677  .0019857 -.0077936
T  129  1 .1842218E+07   1000015E-01  .5368E+02  .4214E+02   .9999924 -.0011063 -.0037364
T  130  1 .1852105E+07   1000017E-01 -.3453E+03  .9278E+02   .9999682 -.0059427  .0053130
T  131  1 .1845014E+07   1000007E-01  .5641E+02 -.3154E+03   .9999953 -.0000988 -.0030718
T  132  1 .1847002E+07   1000009E-01  .2726E+03 -.2338E+03   .9998499  .0143340 -.0097324
T  133  1 .1837368E+07   1000014E-01 -.1081E+03 -.4787E+03   .9999584 -.0058297 -.0070187
T  134  1 .1831996E+07   1000002E-01 -.4190E+03  .3100E+02   .9997383 -.0173312  .0149292
T  135  1 .1863274E+07   1000020E-01  .4299E+03  .9516E+02   .9999719  .0074648 -.0006166
T  136  1 .1846632E+07   1000001E-01 -.9159E+02 -.2059E+03   .9999890  .0028133 -.0037524
T  137  1 .1849715E+07   1000006E-01 -.1693E+02 -.8319E+02   .9999997  .0006919  .0002255
T  138  1 .1864055E+07   1000010E-01  .2498E+03  .1177E+03   .9999747  .0012283  .0070020
T  139  1 .1848958E+07   1000004E-01 -.8689E+02 -.1653E+03   .9999992 -.0012480  .0000995
T  140  1 .1852431E+07   1000007E-01  .1423E+03 -.4871E+03   .9999473  .0045873 -.0091805
T  141  1 .1851597E+07   1000017E-01 -.2892E+03  .1398E+03   .9999754  .0055852 -.0042542
T  142  1 .1858153E+07   1000023E-01  .1995E+03 -.4241E+03   .9999459 -.0017175 -.0102573
T  143  1 .1849029E+07   1000023E-01 -.7041E+03  .5594E+03   .9999036 -.0099620  .0096735
T  144  1 .1852667E+07   1000002E-01  .1946E+03 -.1234E+03   .9999787  .0057701 -.0030661
T  145  1 .1849527E+07   1000014E-01  .3392E+03 -.5125E+01   .9999665 -.0046372 -.0067462
T  146  1 .1869385E+07   1000019E-01  .7892E+02  .2449E+03   .9999829 -.0012034  .0057288
T  147  1 .1852881E+07   1000021E-01  .1013E+03 -.4305E+03   .9999264  .0010083 -.0120899
T  148  1 .1836939E+07   1000018E-01  .2730E+03  .1769E+03   .9999910  .0029578  .0030319
T  149  1 .1857971E+07   1000022E-01  .1354E+03  .3740E+03   .9999771  .0048519  .0047183
T  150  1 .1851703E+07   1000007E-01 -.5735E+02  .4716E+03   .9999445 -.0007205  .0105133
T  151  1 .1839677E+07   1000021E-01  .2880E+03  .4782E+03   .9999063  .0011316  .0136458
T  152  1 .1847619E+07   1000014E-01 -.2797E+03 -.2106E+03   .9999624 -.0083248  .0024166
T  153  1 .1844639E+07   1000012E-01  .6158E+02 -.2971E+03   .9999429  .0017807 -.0105383
T  154  1 .1832045E+07   1000022E-01  .4512E+03 -.7074E+02   .9999277  .0116136 -.0031248
T  155  1 .1835343E+07   1000008E-01  .8655E+02  .3113E+03   .9999885  .0003768  .0047762
T  156  1 .1830306E+07   1000000E-01  .4385E+03  .9162E+03   .9998458  .0060449  .0164899
T  157  1 .1846930E+07   1000020E-01 -.7636E+03 -.2432E+03   .9998228 -.0178445 -.0059868
T  158  1 .1847439E+07   1000015E-01 -.8937E+03 -.4323E+02   .9998463 -.0162129  .0066676
T  159  1 .1859271E+07   1000020E-01 -.1490E+03 -.1973E+03   .9999923  .0009924 -.0037984
T  160  1 .1842649E+07   1000019E-01 -.1028E+03 -.1122E+03   .9998104 -.0013104 -.0194300
T  161  1 .1834568E+07   1000016E-01 -.4229E+02 -.3318E+02   .9999986 -.0011682 -.0011625
T  162  1 .1831174E+07   1000014E-01 -.1415E+04  .2341E+03   .9997421 -.0225288  .0028488
T  163  1 .1859737E+07   1000016E-01 -.2653E+03  .4735E+03   .9999279  .0033090  .0115446
T  164  1 .1828943E+07   1000015E-01 -.4842E+03  .4548E+02   .9999621 -.0086130 -.0012613
T  165  1 .1838031E+07   1000015E-01  .2745E+02 -.3430E+02   .9999853 -.0008850 -.0053525
T  166  1 .1859142E+07   1000001E-01  .1547E+03  .6190E+03   .9999245  .0019358  .0121339
T  167  1 .1848000E+07   1000008E-01 -.9146E+02 -.2429E+02   .9999590 -.0090369  .0005076
T  168  1 .1834710E+07   1000001E-01 -.2283E+03  .1649E+03   .9999951 -.0030264  .0007928
T  169  1 .1845866E+07   1000011E-01  .2355E+03  .5852E+03   .9998506  .0071573  .0157337
T  170  1 .1849357E+07   1000019E-01 -.2495E+02  .4653E+03   .9998942 -.0050952  .0136219
T  171  1 .1843453E+07   1000009E-01 -.4513E+03 -.2361E+03   .9998639 -.0109218 -.0123646
T  172  1 .1832701E+07   1000019E-01  .2247E+00 -.8888E+02   .9999820 -.0036615 -.0047606
T  173  1 .1821189E+07   1000000E-01 -.8619E+03 -.7238E+03   .9997868 -.0160160  .0130338
T  174  1 .1840417E+07   1000007E-01  .1161E+03  .8648E+01   .9999921 -.0029926 -.0026262
T  175  1 .1836562E+07   1000008E-01  .7533E+02 -.1456E+02   .9999924 -.0003780  .0038871
T  176  1 .1843475E+07   1000021E-01  .5292E+04 -.1484E+04   .9976188  .0674960 -.0141794
T  177  1 .1838145E+07   1000020E-01 -.1841E+03 -.2130E+03   .9999943 -.0023930 -.0023907
T  178  1 .1851890E+07   1000013E-01  .4034E+03 -.3572E+03   .9999929 -.0016408 -.0033822
T  179  1 .1839234E+07   1000012E-01 -.5952E+01 -.2154E+03   .9999573  .0091754 -.0011312
T  180  1 .1824352E+07   1000017E-01 -.2106E+03 -.1075E+03   .9999716 -.0035132 -.0066680
T  181  1 .1848313E+07   1000023E-01  .9695E+03 -.1344E+03   .9999381  .0109944 -.0017084
T  182  1 .1841037E+07   1000019E-01  .2419E+02 -.2645E+03   .9999651  .0001502 -.0083556
T  183  1 .1853065E+07   1000012E-01 -.1196E+02 -.5557E+03   .9999527 -.0041583 -.0087957
T  184  1 .1866719E+07   1000013E-01  .1736E+03  .3104E+02   .9999915  .0004534 -.0040866
T  185  1 .1843471E+07   1000006E-01 -.1519E+03 -.1266E+03   .9999905 -.0027017 -.0034263
T  186  1 .1845731E+07   1000021E-01  .1129E+02  .3616E+03   .9999876  .0027871  .0041322
T  187  1 .1864282E+07   1000016E-01  .8237E+02 -.4619E+03   .9999756  .0033132 -.0061524
T  188  1 .1847990E+07   1000013E-01 -.1171E+03 -.9359E+02   .9999973 -.0023198  .0000040
T  189  1 .1854251E+07   1000021E-01 -.1020E+03 -.1622E+03   .9999966  .0022739 -.0012969
T  190  1 .1836623E+07   1000007E-01  .1652E+03  .2755E+03   .9999998  .0002297  .0005745
T  191  1 .1849169E+07   1000008E-01 -.2179E+03 -.6576E+02   .9999750 -.0057351 -.0041363
T  192  1 .1834938E+07   1000016E-01  .8740E+03 -.3855E+03   .9997257  .0232246 -.0030148
T  193  1 .1836043E+07   1000021E-01 -.2082E+03  .1684E+03   .9999797 -.0014052  .0062143
T  194  1 .1844543E+07   1000017E-01 -.2692E+03 -.3289E+03   .9999907  .0012987 -.0041106
T  195  1 .1845944E+07   1000008E-01  .1593E+02  .2173E+03   .9999699 -.0051622  .0057951
T  196  1 .1830535E+07   1000022E-01 -.4204E+04  .1555E+04   .9985452 -.0511522  .0170561
T  197  1 .1850449E+07   1000005E-01 -.7520E+02 -.5086E+01   .9999752 -.0070424 -.0001850
T  198  1 .1840576E+07   1000006E-01 -.2562E+03  .5236E+02   .9999315 -.0114518  .0024226
T  199  1 .1845941E+07   1000016E-01 -.2591E+03 -.3656E+03   .9999870 -.0038672 -.0033190
T  200  1 .1828580E+07   1000022E-01 -.6615E+02 -.2781E+03   .9999827  .0008345 -.0058218
T  201  1 .1833455E+07   1000021E-01 -.4863E+03 -.2525E+03   .9999669 -.0026590 -.0076935
T  202  1 .1832115E+07   1000022E-01  .2432E+03  .5200E+03   .9999905  .0028524  .0032989
T  203  1 .1836887E+07   1000013E-01  .4431E+03 -.1419E+03   .9999553  .0089107 -.0031542
T  204  1 .1838786E+07   1000005E-01 -.3176E+03  .4952E+03   .9999652 -.0040824  .0072688
T  205  1 .1859313E+07   1000008E-01  .2016E+03 -.1129E+02   .9999867  .0050989 -.0007192
T  206  1 .1856161E+07   1000003E-01 -.7422E+02  .3994E+02   .9999672 -.0047184 -.0065859
T  207  1 .1848662E+07   1000019E-01  .5528E+03  .3527E+03   .9998635  .0145661  .0077923
T  208  1 .1842259E+07   1000018E-01  .6881E+02 -.2819E+03   .9999689 -.0032807 -.0071727
T  209  1 .1836584E+07   1000018E-01  .1489E+03  .1399E+03   .9999695 -.0058799  .0051337
T  210  1 .1836933E+07   1000019E-01  .3197E+02  .2896E+03   .9999902 -.0020867  .0039092
T  211  1 .1851045E+07   1000021E-01  .1330E+03  .2903E+03   .9999959 -.0023376 -.0016380
T  212  1 .1842612E+07   1000009E-01  .7166E+03 -.5757E+03   .9999291  .0086142 -.0082253
T  213  1 .1846049E+07   1000009E-01 -.1421E+03  .2841E+03   .9999387 -.0054575  .0096316
T  214  1 .1856318E+07   1000007E-01 -.5102E+02 -.9111E+02   .9999901 -.0044037  .0006391
T  215  1 .1840360E+07   1000022E-01 -.9143E+03  .4910E+03   .9997971 -.0178413  .0093561
T  216  1 .1861548E+07   1000010E-01  .5923E+01  .2485E+03   .9999919 -.0020428  .0034805
T  217  1 .1851778E+07   1000010E-01 -.7698E+02  .3382E+02   .9999860  .0003811 -.0052869
T  218  1 .1852892E+07   1000001E-01 -.4289E+02  .5310E+02   .9999636 -.0049454  .0069554
T  219  1 .1840796E+07   1000007E-01 -.7618E+02 -.1055E+03   .9999024  .0040711 -.0133626
T  220  1 .1856542E+07   1000000E-01  .5041E+03  .2604E+03   .9999099  .0106115  .0082193
T  221  1 .1854317E+07   1000012E-01 -.6545E+03  .2657E+03   .9999070 -.0107257  .0084276
T  222  1 .1851398E+07   1000011E-01 -.7499E+02  .2719E+03   .9999681  .0014848  .0078495
T  223  1 .1847429E+07   1000007E-01  .2337E+01 -.5521E+02   .9999874 -.0019256 -.0046457
T  224  1 .1853035E+07   1000009E-01  .1018E+02  .5639E+02   .9999701 -.0037310 -.0067736
T  225  1 .1840477E+07   1000000E-01  .9598E+03  .1381E+03   .9997497  .0214036 -.0065065
T  226  1 .1844475E+07   1000016E-01 -.3320E+03  .2175E+03   .9999920 -.0038582 -.0010803
T  227  1 .1852957E+07   1000001E-01  .3694E+03  .3111E+03   .9999425  .0107206 -.0001530
T  228  1 .1857287E+07   1000012E-01 -.1172E+03 -.1866E+03   .9999640  .0051900 -.0067115
T  229  1 .1835963E+07   1000008E-01  .1080E+03 -.1645E+03   .9999926 -.0015251 -.0035382
T  230  1 .1836297E+07   1000005E-01 -.2024E+03  .3603E+03   .9999804 -.0016090  .0060550
T  231  1 .1859635E+07   1000008E-01  .2863E+03  .3011E+03   .9999636  .0041796  .0074335
T  232  1 .1845094E+07   1000020E-01  .2514E+03  .4425E+03   .9999362  .0006626  .0112726
T  233  1 .1852227E+07   1000007E-01  .6135E+03 -.4101E+03   .9999554  .0067357 -.0066169
T  234  1 .1844220E+07   1000021E-01  .1462E+03 -.1182E+03   .9999942  .0032209 -.0010712
T  235  1 .1860216E+07   1000016E-01 -.1715E+04 -.1395E+04   .9991730 -.0374240 -.0158992
T  236  1 .1841727E+07   1000019E-01 -.2623E+02  .6003E+03   .9998805  .0067326  .0139170
T  237  1 .1839218E+07   1000020E-01 -.3829E+03  .1834E+03   .9999920 -.0018541  .0035375
T  238  1 .1860276E+07   1000010E-01 -.1633E+02  .3361E+03   .9999524 -.0019854  .0095512
T  239  1 .1859351E+07   1000019E-01 -.1549E+02 -.2608E+03   .9999654  .0028152 -.0078232
T  240  1 .1844647E+07   1000009E-01  .1574E+02  .5936E+01   .9999991 -.0000154 -.0013322
T  241  1 .1835881E+07   1000020E-01 -.3712E+03  .6111E+03   .9999473 -.0023842  .0099863
T  242  1 .1846919E+07   1000017E-01 -.1677E+02 -.1330E+03   .9999590  .0029007 -.0085812
T  243  1 .1838473E+07   1000022E-01  .2164E+03 -.2247E+03   .9999846  .0041397 -.0037028
T  244  1 .1835630E+07   1000011E-01  .3357E+03 -.3847E+02   .9999772  .0058654 -.0033573
T  245  1 .1855553E+07   1000018E-01  .4709E+03  .4565E+02   .9999948  .0030516 -.0009940
T  246  1 .1837510E+07   1000010E-01  .4348E+03 -.4780E+02   .9999753  .0061611  .0033773
T  247  1 .1832385E+07   1000018E-01 -.3552E+03 -.4310E+03   .9999098 -.0093350 -.0096588
T  248  1 .1838724E+07   1000003E-01  .2365E+03 -.1031E+03   .9999942  .0034004  .0002083
T  249  1 .1850336E+07   1000004E-01 -.1891E+03  .9273E+02   .9999567 -.0065974  .0065613
T  250  1 .1833288E+07   1000005E-01 -.4276E+03 -.5413E+03   .9999115 -.0093267 -.0094886
T  251  1 .1841576E+07   1000002E-01  .1202E+03  .9924E+03   .9998812 -.0048412  .0146340
T  252  1 .1841986E+07   1000007E-01 -.5717E+03  .9467E+02   .9999232 -.0123833 -.0005685
T  253  1 .1852927E+07   1000010E-01 -.2435E+03  .1595E+03   .9999524 -.0070359 -.0067600
T  254  1 .1842869E+07   1000010E-01  .8489E+03  .3892E+03   .9998190  .0186017  .0039864
T  255  1 .1845653E+07   1000014E-01 -.2074E+04  .2216E+04   .9991164 -.0311922  .0281682
T  256  1 .1841828E+07   1000015E-01 -.1062E+02 -.4761E+02   .9999936  .0005565  .0035320
T  257  1 .1868754E+07   1000015E-01 -.1192E+03  .3194E+03   .9999773 -.0007130  .0066947
T  258  1 .1836711E+07   1000001E-01  .2067E+02  .7362E+01   .9999946  .0024800 -.0021693
T  259  1 .1846677E+07   1000018E-01  .6052E+03 -.3472E+03   .9995556  .0246493 -.0167651
T  260  1 .1833452E+07   1000012E-01 -.3455E+02  .1514E+03   .9998944 -.0042145  .0139065
T  261  1 .1847354E+07   1000001E-01  .9347E+02 -.2054E+02   .9999919 -.0006721 -.0039582
T  262  1 .1867906E+07   1000010E-01  .1377E+04  .1894E+03   .9998009  .0187141  .0069265
T  263  1 .1828757E+07   1000018E-01  .4111E+02 -.2854E+02   .9999670 -.0005261 -.0081113
T  264  1 .1848544E+07   1000003E-01 -.8595E+01  .2875E+03   .9999920 -.0003328  .0039751
T  265  1 .1862261E+07   1000018E-01 -.5590E+02  .2648E+02   .9999950 -.0030772  .0007638
T  266  1 .1841926E+07   1000001E-01  .2006E+03  .2006E+02   .9999935  .0034581 -.0009977
T  267  1 .1842707E+07   1000017E-01 -.3336E+02 -.3254E+02   .9999811 -.0044001 -.0042871
T  268  1 .1850594E+07   1000013E-01  .9822E+01  .1600E+03   .9999922  .0019178  .0034661
T  269  1 .1843021E+07   1000007E-01 -.1003E+04  .4302E+03   .9999981 -.0002576 -.0019489
T  270  1 .1843628E+07   1000001E-01  .7813E+03  .5243E+03   .9999207  .0091752  .0086307
T  271  1 .1836842E+07   1000012E-01  .2441E+03  .2786E+02   .9999841  .0053677  .0017038
T  272  1 .1837875E+07   1000007E-01 -.1184E+03 -.3574E+03   .9999880 -.0042900 -.0023848
T  273  1 .1832931E+07   1000008E-01  .1855E+03  .1929E+03   .9999559  .0081823  .0046094
T  274  1 .1848604E+07   1000016E-01 -.3594E+03  .2516E+03   .9999607 -.0064313  .0060950
T  275  1 .1852802E+07   1000007E-01  .1582E+04  .1908E+04   .9994056  .0193730  .0285170
T  276  1 .1866261E+07   1000014E-01  .2445E+03 -.1382E+03   .9999170  .0127787 -.0016310
T  277  1 .1832761E+07   1000005E-01 -.1379E+03 -.3088E+03   .9999557 -.0090152 -.0027012
T  278  1 .1854947E+07   1000019E-01 -.7030E+03  .6892E+03   .9997540 -.0162459  .0150978
T  279  1 .1834771E+07   1000012E-01 -.2234E+01 -.1180E+03   .9999987 -.0005978  .0014999
T  280  1 .1837556E+07   1000017E-01  .2445E+03  .2086E+03   .9998938  .0135791 -.0052882
T  281  1 .1851162E+07   1000014E-01 -.4636E+03  .1044E+03   .9999844 -.0019383  .0052292
T  282  1 .1847671E+07   1000014E-01 -.3610E+03 -.2078E+03   .9998628 -.0066056 -.0151923
T  283  1 .1842968E+07   1000008E-01  .2414E+03  .1571E+03   .9999578  .0091781 -.0004043
T  284  1 .1852340E+07   1000005E-01 -.2406E+03 -.1918E+03   .9999579 -.0090991 -.0011701
T  285  1 .1845890E+07   1000008E-01  .6274E+03 -.1023E+03   .9999748  .0025105 -.0066331
T  286  1 .1835685E+07   1000005E-01  .2564E+03 -.6471E+03   .9997908  .0053556 -.0197387
T  287  1 .1832964E+07   1000005E-01 -.2983E+03 -.1812E+03   .9999648 -.0083924 -.0001193
T  288  1 .1838635E+07   1000021E-01  .4437E+02  .9109E+01   .9999962  .0013971  .0023821
T  289  1 .1854926E+07   1000012E-01  .3263E+03 -.2112E+03   .9999553  .0080956 -.0048766
T  290  1 .1831040E+07   1000021E-01 -.7687E+02  .4891E+03   .9999925 -.0014739  .0035717
T  291  1 .1836369E+07   1000016E-01  .2568E+03 -.2495E+03   .9999538  .0071542  .0064213
T  292  1 .1829782E+07   1000018E-01  .5330E+03  .5099E+03   .9998672  .0096539  .0131280
T  293  1 .1844335E+07   1000008E-01  .3671E+03 -.3033E+03   .9999767  .0062765 -.0026810
T  294  1 .1849439E+07   1000019E-01  .9087E+02 -.1058E+04   .9999388 -.0009960 -.0110141
T  295  1 .1843445E+07   1000004E-01  .1248E+03  .5058E+03   .9998259 -.0011796  .0186212
T  296  1 .1843506E+07   1000020E-01 -.9945E+03  .1188E+04   .9997095 -.0161779  .0178670
T  297  1 .1849965E+07   1000013E-01 -.2226E+03  .1270E+03   .9999930  .0001462  .0037260
T  298  1 .1853223E+07   1000009E-01 -.2363E+03 -.1144E+03   .9999697 -.0035918 -.0069026
T  299  1 .1839788E+07   1000011E-01  .2507E+03  .2497E+03   .9998468  .0131961  .0114958
T  300  1 .1822081E+07   1000009E-01  .8345E+02  .1244E+03   .9999904  .0003707  .0043658
T  301  1 .1841118E+07   1000013E-01 -.9757E+01 -.2541E+02   .9999958 -.0001529 -.0028845
T  302  1 .1825832E+07   1000002E-01 -.1902E+03  .1434E+03   .9999556 -.0026848  .0090351
T  303  1 .1848985E+07   1000007E-01  .8347E+03  .1002E+04   .9998404  .0114148  .0137451
T  304  1 .1855330E+07   1000023E-01  .3468E+03 -.6794E+03   .9999477  .0073775 -.0070774
T  305  1 .1865083E+07   1000000E-01  .3184E+02  .4857E+02   .9999882  .0021633  .0043548
T  306  1 .1851363E+07   1000019E-01 -.1448E+04 -.2570E+04   .9992280 -.0190570 -.0343555
T  307  1 .1838597E+07   1000018E-01  .1065E+04 -.1240E+03   .9998539  .0170359 -.0013757
T  308  1 .1830869E+07   1000009E-01  .1138E+03  .1218E+03   .9999902 -.0039606  .0019613
T  309  1 .1852904E+07   1000023E-01 -.3389E+03 -.2521E+03   .9999282 -.0080719 -.0088565
T  310  1 .1860504E+07   1000017E-01  .3108E+03  .7555E+03   .9993844  .0124459  .0328002
T  311  1 .1857367E+07   1000001E-01 -.6477E+02 -.3976E+02   .9999921 -.0008566 -.0038743
T  312  1 .1848477E+07   1000008E-01 -.5670E+03 -.5425E+03   .9998429 -.0130282 -.0120210
T  313  1 .1844384E+07   1000015E-01  .1652E+03  .1057E+03   .9999947 -.0013881  .0029437
T  314  1 .1857627E+07   1000013E-01 -.1026E+03 -.4009E+02   .9999983  .0017270  .0005867
T  315  1 .1859698E+07   1000007E-01 -.4674E+03  .4311E+03   .9999486 -.0037927  .0094006
T  316  1 .1850101E+07   1000010E-01  .8330E+02  .3323E+03   .9998800  .0034631  .0150994
T  317  1 .1842203E+07   1000013E-01 -.3803E+03  .1460E+03   .9998983 -.0003227  .0142600
T  318  1 .1836781E+07   1000010E-01  .2063E+02 -.2689E+02   .9999946  .0002734 -.0032795
T  319  1 .1858806E+07   1000017E-01  .8407E+02 -.2821E+03   .9999433  .0088210 -.0059609
T  320  1 .1851774E+07   1000019E-01  .1925E+03 -.1777E+04   .9995299  .0033084 -.0304800
T  321  1 .1847452E+07   1000020E-01  .2826E+02 -.1617E+03   .9999951 -.0027112  .0015550
T  322  1 .1844789E+07   1000000E-01  .1328E+03  .2909E+03   .9999834  .0032294  .0047804
T  323  1 .1836626E+07   1000014E-01  .4316E+03 -.3433E+03   .9999280  .0108337 -.0051649
T  324  1 .1844011E+07   1000022E-01 -.6260E+02 -.1525E+03   .9999714 -.0030760 -.0069110
T  325  1 .1851579E+07   1000021E-01 -.1383E+02 -.2231E+03   .9999994 -.0001483  .0010441
T  326  1 .1852628E+07   1000022E-01  .1574E+03 -.4094E+03   .9998094  .0063494 -.0184596
T  327  1 .1861275E+07   1000010E-01 -.1071E+03 -.7040E+02   .9999594  .0019757  .0087880
T  328  1 .1838956E+07   1000010E-01  .8778E+02 -.2088E+03   .9999757  .0054404 -.0043579
T  329  1 .1837075E+07   1000022E-01  .1310E+03 -.9527E+02   .9999508 -.0083012  .0054216
T  330  1 .1833095E+07   1000017E-01  .5966E+03 -.7723E+03   .9997363  .0101588 -.0205948
T  331  1 .1849109E+07   1000017E-01 -.5065E+03  .1421E+04   .9997139 -.0091662  .0220950
T  332  1 .1849864E+07   1000005E-01  .3077E+03 -.1591E+03   .9999624  .0043427 -.0075112
T  333  1 .1850639E+07   1000008E-01  .1463E+02  .1115E+03   .9999833  .0052107  .0025048
T  334  1 .1853265E+07   1000021E-01  .6363E+02  .1561E+02   .9999529  .0097008  .0003428
T  335  1 .1863112E+07   1000020E-01 -.3756E+03  .2371E+03   .9999950 -.0028108  .0014421
T  336  1 .1844904E+07   1000006E-01  .3829E+03  .3476E+03   .9999427  .0103555  .0027211
T  337  1 .1847602E+07   1000020E-01 -.1329E+03  .2405E+03   .9999963  .0000692  .0027251
T  338  1 .1837099E+07   1000013E-01  .7243E+02  .5837E+02   .9999901 -.0041821 -.0015173
T  339  1 .1841372E+07   1000012E-01 -.5892E+03  .1880E+03   .9999710 -.0074428  .0015891
T  340  1 .1855531E+07   1000008E-01 -.2101E+03 -.9425E+02   .9999139 -.0123324 -.0044761
T  341  1 .1854867E+07   1000003E-01 -.3654E+02  .2690E+03   .9999767  .0002381  .0068259
T  342  1 .1840190E+07   1000022E-01  .2027E+03  .2359E+03   .9999965 -.0009753  .0024409
T  343  1 .1843315E+07   1000014E-01  .5887E+02 -.5202E+02   .9999261  .0121588 -.0001335
T  344  1 .1833245E+07   1000015E-01  .1692E+03  .2001E+03   .9999818  .0031942  .0051101
T  345  1 .1843409E+07   1000022E-01 -.1477E+03  .1911E+03   .9999959 -.0011076  .0026530
T  346  1 .1833079E+07   1000000E-01 -.3021E+02  .1452E+03   .9999724 -.0028506  .0068559
T  347  1 .1867919E+07   1000006E-01 -.5275E+03 -.6564E+02   .9999766 -.0065409 -.0019847
T  348  1 .1840599E+07   1000022E-01  .7109E+02  .7294E+02   .9999770  .0067515 -.0006993
T  349  1 .1839393E+07   1000019E-01 -.6729E+02  .9555E+02   .9999911  .0014038  .0039823
T  350  1 .1851122E+07   1000010E-01  .1143E+04  .9923E+03   .9996955  .0156620  .0190684
T  351  1 .1853030E+07   1000022E-01  .9371E+02  .9872E+02   .9999928  .0035843  .0012270
T  352  1 .1848456E+07   1000016E-01 -.2898E+03  .3272E+03   .9999599 -.0058609  .0067661
T  353  1 .1854946E+07   1000004E-01  .1521E+03  .7483E+02   .9999909  .0042317  .0006224
T  354  1 .1838394E+07   1000020E-01  .1024E+02  .3791E+03   .9999950 -.0002557  .0031519
T  355  1 .1860993E+07   1000003E-01 -.1036E+03  .8682E+02   .9998161 -.0116011 -.0152696
T  356  1 .1849184E+07   1000021E-01  .2587E+03 -.8669E+03   .9997646  .0103882 -.0190459
T  357  1 .1838350E+07   1000022E-01 -.1127E+03  .1781E+03   .9999941 -.0001292  .0034452
T  358  1 .1850263E+07   1000002E-01  .3413E+02 -.1839E+03   .9999552 -.0066098 -.0067804
T  359  1 .1842532E+07   1000001E-01  .2919E+02  .1427E+03   .9999625  .0048464  .0071822
T  360  1 .1863093E+07   1000000E-01  .2136E+03  .4971E+03   .9999425  .0020013  .0105398
T  361  1 .1857804E+07   1000003E-01  .2077E+02 -.1206E+03   .9999994  .0008777 -.0006459
T  362  1 .1834934E+07   1000005E-01  .4066E+03 -.1780E+03   .9999758  .0022626  .0065747
T  363  1 .1836244E+07   1000007E-01 -.4231E+02 -.3529E+03   .9999587 -.0078441 -.0045836
T  364  1 .1845709E+07   1000019E-01  .2108E+03  .1336E+03   .9999021  .0122752  .0067238
T  365  1 .1834244E+07   1000010E-01 -.2596E+03  .1453E+03   .9999988 -.0007349 -.0013755
T  366  1 .1851019E+07   1000020E-01 -.4649E+03 -.6708E+03   .9999636 -.0082394 -.0022247
T  367  1 .1853002E+07   1000001E-01  .1003E+03 -.1263E+03   .9999899  .0043060 -.0012640
T  368  1 .1854308E+07   1000011E-01 -.1316E+03 -.2737E+03   .9999506 -.0097206 -.0020977
T  369  1 .1851823E+07   1000014E-01  .7779E+03  .5668E+03   .9992484  .0259703  .0287789
T  370  1 .1861898E+07   1000011E-01  .4773E+02 -.1806E+03   .9999867 -.0044081 -.0026657
T  371  1 .1841753E+07   1000021E-01  .6226E+03 -.3990E+03   .9999440  .0082830 -.0065910
T  372  1 .1836827E+07   1000008E-01  .1035E+03  .1421E+03   .9999440  .0067333  .0081692
T  373  1 .1849011E+07   1000012E-01 -.1440E+04 -.8127E+03   .9995584 -.0222143 -.0197379
T  374  1 .1839262E+07   1000013E-01  .4506E+03 -.1073E+03   .9999612  .0042524  .0077153
T  375  1 .1846112E+07   1000003E-01  .1874E+02  .1140E+03   .9999963  .0010263  .0025130
T  376  1 .1834958E+07   1000005E-01  .3334E+01  .2558E+03   .9999849  .0036196  .0041366
T  377  1 .1853829E+07   1000002E-01 -.1149E+03 -.2169E+02   .9999784  .0015298 -.0063960
T  378  1 .1830228E+07   1000010E-01 -.4397E+02 -.1213E+03   .9999867 -.0050975  .0007622
T  379  1 .1849400E+07   1000021E-01  .1229E+04 -.2500E+03   .9998989  .0116803 -.0081109
T  380  1 .1840405E+07   1000021E-01  .3158E+03  .9403E+02   .9998633  .0158612  .0046761
T  381  1 .1836873E+07   1000017E-01  .1076E+03  .1707E+02   .9999625  .0017506 -.0084848
T  382  1 .1845259E+07   1000013E-01  .4707E+03  .3915E+03   .9999564  .0056250  .0074526
T  383  1 .1840936E+07   1000010E-01 -.4532E+02  .1435E+03   .9999950  .0027668  .0015204
T  384  1 .1862116E+07   1000006E-01 -.2600E+03 -.3375E+03   .9999903 -.0034167 -.0027651
T  385  1 .1846041E+07   1000019E-01 -.2576E+03 -.1855E+03   .9999459 -.0086903 -.0057156
T  386  1 .1850076E+07   1000022E-01 -.1179E+04 -.5554E+03   .9994776 -.0235230 -.0221615
T  387  1 .1865909E+07   1000001E-01 -.3140E+02 -.7561E+03   .9999005 -.0128336 -.0058501
T  388  1 .1842277E+07   1000020E-01  .3167E+03 -.1228E+02   .9999596 -.0002030  .0089862
T  389  1 .1838835E+07   1000011E-01 -.2004E+04 -.5432E+03   .9985576 -.0517547 -.0142853
T  390  1 .1840751E+07   1000019E-01 -.1388E+03  .1618E+03   .9999906 -.0030881  .0030285
T  391  1 .1856574E+07   1000011E-01 -.1366E+03 -.9910E+02   .9999758 -.0069537 -.0002734
T  392  1 .1860317E+07   1000011E-01  .4016E+03 -.1015E+04   .9996090  .0132546 -.0246194
T  393  1 .1850674E+07   1000014E-01  .6587E+03 -.3020E+03   .9997703  .0167474 -.0133766
T  394  1 .1836463E+07   1000011E-01  .9505E+03 -.7667E+02   .9999406  .0098887 -.0045863
T  395  1 .1845911E+07   1000005E-01 -.2024E+03  .1778E+03   .9999997 -.0006878 -.0004288
T  396  1 .1860238E+07   1000017E-01 -.2577E+03 -.3812E+03   .9999177 -.0079892 -.0100395
T  397  1 .1835148E+07   1000010E-01  .1708E+02  .1877E+03   .9999919  .0011464  .0038500
T  398  1 .1859763E+07   1000020E-01  .2685E+03  .2117E+03   .9999341  .0081193  .0081175
T  399  1 .1833277E+07   1000011E-01 -.9635E+02  .1876E+03   .9999899 -.0035503  .0027465
T  400  1 .1837757E+07   1000000E-01 -.1550E+04  .2178E+04   .9990295 -.0254409  .0359559
T  401  1 .1850726E+07   1000016E-01 -.4580E+02 -.1445E+03   .9999938 -.0010842 -.0033493
T  402  1 .1851467E+07   1000016E-01  .2270E+02 -.8925E+02   .9998872 -.0053238 -.0140422
T  403  1 .1837186E+07   1000020E-01  .1063E+03  .1448E+03   .9999732  .0013291  .0072003
T  404  1 .1847471E+07   1000001E-01 -.5154E+01  .2126E+03   .9999937  .0013542  .0032826
T  405  1 .1858858E+07   1000020E-01 -.2101E+03  .2562E+03   .9999723 -.0066042  .0034214
T  406  1 .1836386E+07   1000022E-01  .4496E+02  .2295E+02   .9999695  .0046159  .0063037
T  407  1 .1852647E+07   1000004E-01 -.4874E+02  .7521E+02   .9999743 -.0068701 -.0020277
T  408  1 .1844400E+07   1000003E-01  .2503E+03 -.7277E+02   .9999997 -.0003756 -.0006851
T  409  1 .1843328E+07   1000013E-01  .1410E+03 -.2395E+03   .9999865  .0047115 -.0021967
T  410  1 .1848660E+07   1000010E-01  .2773E+03 -.7310E+03   .9997998  .0059034 -.0191186
T  411  1 .1850850E+07   1000007E-01  .4099E+02  .1466E+03   .9999527  .0065870  .0071572
T  412  1 .1856827E+07   1000023E-01 -.5649E+02 -.2743E+03   .9999793  .0007731 -.0063908
T  413  1 .1832899E+07   1000023E-01  .7330E+02 -.3022E+02   .9999566 -.0090085 -.0023790
T  414  1 .1836597E+07   1000017E-01 -.1939E+02  .5102E+01   .9999869 -.0034070  .0038227
T  415  1 .1833515E+07   1000015E-01  .2732E+03  .1119E+03   .9999745  .0068908  .0018629
T  416  1 .1852662E+07   1000012E-01  .1502E+03 -.5633E+02   .9999966 -.0002622 -.0025906
T  417  1 .1838735E+07   1000010E-01  .4354E+03 -.2439E+03   .9999781  .0024449 -.0061551
T  418  1 .1856654E+07   1000015E-01  .2144E+02 -.4196E+03   .9999985 -.0014998 -.0008922
T  419  1 .1862707E+07   1000015E-01 -.5298E+03  .1265E+02   .9997767 -.0210806  .0014978
T  420  1 .1845383E+07   1000017E-01  .1092E+04  .1216E+03   .9998879  .0149018  .0014383
T  421  1 .1841278E+07   1000009E-01  .1750E+03  .6452E+02   .9999749  .0062000  .0034311
T  422  1 .1840825E+07   1000020E-01  .2437E+03 -.7511E+02   .9999924  .0032937 -.0020629
T  423  1 .1840873E+07   1000008E-01  .5415E+03 -.4879E+03   .9999953  .0029840 -.0007435
T  424  1 .1862034E+07   1000006E-01 -.2547E+03 -.3523E+03   .9999924 -.0001025 -.0038879
T  425  1 .1854580E+07   1000020E-01  .1373E+03  .2990E+01   .9999870  .0050821 -.0003138
T  426  1 .1826568E+07   1000020E-01  .1898E+02  .4713E+02   .9999977 -.0015439 -.0015081
T  427  1 .1864150E+07   1000010E-01  .2017E+02 -.5971E+03   .9999389  .0012104 -.0109888
T  428  1 .1849177E+07   1000001E-01 -.2064E+03  .1963E+03   .9998141 -.0124940  .0146863
T  429  1 .1836043E+07   1000011E-01  .9930E+02  .2099E+03   .9999968  .0025161  .0003937
T  430  1 .1842885E+07   1000006E-01  .1518E+01 -.4727E+03   .9998911 -.0078552 -.0124908
T  431  1 .1850642E+07   1000000E-01 -.4470E+03 -.2824E+03   .9999636 -.0085356  .0000540
T  432  1 .1837693E+07   1000018E-01 -.2075E+03 -.5591E+03   .9999592 -.0011185 -.0089656
T  433  1 .1844965E+07   1000020E-01  .7841E+03 -.1214E+03   .9999195  .0120624  .0039463
T  434  1 .1842459E+07   1000006E-01 -.3617E+04 -.1443E+04   .9986875 -.0498283 -.0118537
T  435  1 .1849195E+07   1000007E-01 -.2307E+03  .7730E+02   .9999945 -.0018590 -.0027364
T  436  1 .1842715E+07   1000019E-01 -.3040E+03  .1570E+03   .9999916 -.0039157  .0012282
T  437  1 .1855548E+07   1000023E-01  .1508E+03 -.3071E+03   .9999961  .0003892 -.0027565
T  438  1 .1845530E+07   1000009E-01 -.7935E+02  .8357E+02   .9999831 -.0057535  .0007811
T  439  1 .1827316E+07   1000014E-01  .2817E+03 -.1760E+03   .9999783  .0065756 -.0003273
T  440  1 .1849623E+07   1000019E-01 -.3034E+03  .1377E+02   .9999483 -.0100153 -.0017759
T  441  1 .1851519E+07   1000007E-01  .5594E+03 -.4450E+03   .9999350  .0099495 -.0055671
T  442  1 .1851837E+07   1000001E-01  .3828E+03 -.8720E+03   .9998836  .0055376 -.0142141
T  443  1 .1844655E+07   1000020E-01  .9432E+01 -.3531E+03   .9999779  .0043929 -.0049929
T  444  1 .1840484E+07   1000004E-01 -.3404E+03 -.6420E+03   .9999325 -.0065307 -.0096095
T  445  1 .1846281E+07   1000012E-01 -.2379E+03 -.1110E+03   .9999776 -.0044943  .0049572
T  446  1 .1833305E+07   1000019E-01 -.1357E+04  .3985E+03   .9995100 -.0277748  .0144354
T  447  1 .1841037E+07   1000020E-01  .1426E+03  .2705E+03   .9999894  .0038272  .0025448
T  448  1 .1834276E+07   1000006E-01 -.8122E+02  .2447E+03   .9999977 -.0013581  .0016528
T  449  1 .1842955E+07   1000019E-01 -.8675E+02  .4099E+03   .9999666 -.0000954  .0081702
T  450  1 .1837594E+07   1000008E-01 -.1083E+04 -.3360E+02   .9997735 -.0212659 -.0008356
T  451  1 .1842031E+07   1000015E-01 -.3582E+03  .4394E+03   .9999561 -.0005592  .0093535
T  452  1 .1838242E+07   1000006E-01  .6131E+03  .3056E+03   .9998963  .0143659 -.0009609
T  453  1 .1827828E+07   1000020E-01 -.5254E+02 -.2917E+03   .9999878 -.0005935 -.0049060
T  454  1 .1838719E+07   1000010E-01  .2469E+03  .1470E+03   .9999908  .0042061  .0008384
T  455  1 .1851069E+07   1000014E-01  .2110E+03 -.1424E+03   .9999675  .0075472 -.0028282
T  456  1 .1847225E+07   1000010E-01 -.7658E+02  .2950E+03   .9999753 -.0069569  .0010066
T  457  1 .1837012E+07   1000021E-01 -.3250E+03 -.4497E+03   .9999212 -.0095024 -.0082086
T  458  1 .1848873E+07   1000006E-01 -.4114E+02  .2591E+03   .9999575 -.0005617  .0092012
T  459  1 .1839466E+07   1000017E-01  .6333E+02  .3149E+01   .9999977  .0014698 -.0015600
T  460  1 .1836759E+07   1000002E-01  .2094E+03  .1927E+03   .9999833  .0050735 -.0027806
T  461  1 .1838500E+07   1000008E-01 -.5102E+02  .2846E+03   .9999687 -.0039576  .0068545
T  462  1 .1841253E+07   1000013E-01 -.2176E+03  .2143E+02   .9999292 -.0104129 -.0057570
T  463  1 .1852480E+07   1000018E-01  .7253E+02 -.2898E+03   .9997914  .0150737 -.0137806
T  464  1 .1841944E+07   1000003E-01  .1368E+05 -.9450E+03   .9872833  .1585920 -.0109700
T  465  1 .1837869E+07   1000020E-01 -.4175E+03  .3929E+03   .9998958 -.0131169  .0060274
T  466  1 .1852623E+07   1000002E-01 -.9189E+03 -.3697E+03   .9996335 -.0255088 -.0090658
T  467  1 .1859761E+07   1000006E-01  .2071E+03  .8732E+02   .9999988 -.0000610  .0015749
T  468  1 .1851706E+07   1000002E-01  .1657E+03  .2943E+03   .9999573  .0053480  .0075308
T  469  1 .1840519E+07   1000011E-01  .3350E+02  .8066E+02   .9999952  .0000082  .0031035
T  470  1 .1862505E+07   1000017E-01 -.4122E+03 -.6985E+03   .9999301 -.0071355 -.0094226
T  471  1 .1853365E+07   1000011E-01  .6690E+03  .9055E+03   .9998530  .0125599  .0116682
T  472  1 .1855702E+07   1000005E-01 -.5049E+03  .1229E+03   .9999608 -.0088156  .0008677
T  473  1 .1840590E+07   1000011E-01 -.1384E+03  .1184E+02   .9999915  .0006988  .0040576
T  474  1 .1850553E+07   1000007E-01 -.6340E+03 -.8356E+03   .9990918 -.0277488 -.0323357
T  475  1 .1844251E+07   1000020E-01  .2416E+03 -.8446E+01   .9999917  .0040588  .0003263
T  476  1 .1842091E+07   1000022E-01  .2540E+03 -.3289E+03   .9999909 -.0002837 -.0042626
T  477  1 .1842818E+07   1000009E-01  .3600E+03  .4628E+02   .9999870  .0026973  .0043223
T  478  1 .1836007E+07   1000004E-01 -.1251E+02  .6069E+01   .9999978  .0012435  .0017044
T  479  1 .1823196E+07   1000006E-01  .2814E+03  .1070E+03   .9999930  .0036605 -.0007199
T  480  1 .1864214E+07   1000018E-01 -.9840E+02 -.2352E+03   .9999740  .0038717 -.0060793
T  481  1 .1846273E+07   1000015E-01 -.8229E+02 -.1183E+03   .9999728 -.0072293 -.0014562
T  482  1 .1846690E+07   1000017E-01 -.1055E+04  .2705E+04   .9994147 -.0094028  .0328923
T  483  1 .1849191E+07   1000011E-01  .3232E+02  .1103E+03   .9999890  .0032634  .0033571
T  484  1 .1837959E+07   1000007E-01  .2096E+02  .3116E+03   .9999230 -.0049204  .0113884
T  485  1 .1841383E+07   1000022E-01  .4276E+03  .1165E+03   .9999317  .0115834  .0015775
T  486  1 .1822291E+07   1000014E-01 -.1111E+03 -.4433E+03   .9999256 -.0052964 -.0109871
T  487  1 .1836356E+07   1000006E-01  .2095E+03  .2415E+03   .9999859  .0044260  .0029504
T  488  1 .1838005E+07   1000005E-01 -.2484E+03 -.1368E+03   .9999832 -.0051001 -.0027512
T  489  1 .1836595E+07   1000007E-01 -.1612E+03  .3711E+02   .9999915 -.0024634  .0033170
T  490  1 .1847730E+07   1000016E-01  .5265E+03  .2285E+02   .9999026  .0100093 -.0097306
T  491  1 .1826386E+07   1000015E-01 -.7679E+01  .6284E+03   .9999383  .0013103  .0110341
T  492  1 .1833395E+07   1000004E-01 -.1816E+03  .1537E+03   .9999822 -.0051751  .0029838
T  493  1 .1854892E+07   1000016E-01  .5609E+03 -.1153E+02   .9998897  .0146700 -.0023394
T  494  1 .1845314E+07   1000010E-01 -.1243E+03 -.1512E+03   .9999562 -.0059904 -.0071936
T  495  1 .1853506E+07   1000013E-01 -.7577E+01  .3566E+03   .9999918  .0021071  .0034518
T  496  1 .1855654E+07   1000022E-01 -.8554E+03  .3699E+02   .9999181 -.0127294  .0013142
T  497  1 .1837930E+07   1000015E-01 -.5008E+03 -.5202E+03   .9999687 -.0073320 -.0029648
T  498  1 .1836872E+07   1000008E-01 -.5627E+03  .8216E+02   .9999731 -.0073243  .0004545
T  499  1 .1851827E+07   1000011E-01 -.2003E+02 -.3088E+03   .9999912 -.0037293 -.0019327
T  500  1 .1829719E+07   1000021E-01 -.1257E+04  .9773E+02   .9998272 -.0185365  .0014079
T  501  1 .1851559E+07   1000010E-01 -.4787E+02 -.3555E+02   .9999969  .0005845  .0024191
T  502  1 .1841188E+07   1000007E-01  .3866E+03 -.8968E+03   .9999179  .0041318 -.0121288
T  503  1 .1845205E+07   1000000E-01  .6498E+03 -.5175E+02   .9999161  .0128214 -.0018393
T  504  1 .1825302E+07   1000019E-01 -.2593E+03  .1667E+03   .9999777 -.0064650 -.0016944
T  505  1 .1842500E+07   1000006E-01  .2565E+02 -.8521E+01   .9999981 -.0000616 -.0019619
T  506  1 .1851044E+07   1000019E-01  .4871E+03  .1758E+03   .9998968  .0137184 -.0042757
T  507  1 .1863347E+07   1000018E-01 -.2135E+03 -.5770E+03   .9998967 -.0077357 -.0121141
T  508  1 .1845619E+07   1000011E-01 -.6232E+02 -.3237E+03   .9998966  .0040032 -.0138101
T  509  1 .1847142E+07   1000017E-01 -.8623E+03 -.9290E+03   .9997548 -.0115559 -.0188891
T  510  1 .1839870E+07   1000007E-01 -.2131E+03  .2306E+03   .9999434 -.0105209  .0016048
T  511  1 .1840333E+07   1000005E-01 -.2542E+03 -.5665E+02   .9999895 -.0043320 -.0014851
T  512  1 .1848994E+07   1000017E-01  .4369E+02 -.4460E+03   .9999455  .0050020 -.0091609
T  513  1 .1857054E+07   1000016E-01 -.2420E+03 -.8729E+02   .9999982  .0007695  .0017255
T  514  1 .1838714E+07   1000017E-01 -.5411E+03  .2453E+03   .9999758 -.0061922  .0031705
T  515  1 .1843377E+07   1000002E-01  .2081E+04  .2778E+04   .9995125  .0219598  .0221938
T  516  1 .1857872E+07   1000015E-01 -.1853E+03  .3349E+03   .9999945 -.0030836  .0012215
T  517  1 .1856067E+07   1000021E-01 -.5119E+03  .1372E+03   .9999598 -.0082505  .0034994
T  518  1 .1848114E+07   1000004E-01 -.3016E+03  .8662E+03   .9999251 -.0066435  .0102831
T  519  1 .1848361E+07   1000000E-01 -.8305E+03  .5415E+03   .9999299 -.0100890  .0061964
T  520  1 .1840830E+07   1000021E-01 -.4203E+02  .4479E+02   .9999822 -.0053989  .0025244
T  521  1 .1844034E+07   1000009E-01 -.1293E+03  .8183E+02   .9999913  .0004479  .0041379
T  522  1 .1842267E+07   1000012E-01  .2956E+03 -.6766E+03   .9998560  .0078227 -.0150562
T  523  1 .1835468E+07   1000013E-01  .1882E+03 -.3456E+03   .9999935  .0016100 -.0032375
T  524  1 .1827759E+07   1000017E-01 -.7918E+02  .7131E+03   .9998811 -.0045245  .0147440
T  525  1 .1859411E+07   1000020E-01 -.1776E+03 -.2291E+03   .9999903 -.0031758 -.0030550
T  526  1 .1853502E+07   1000016E-01 -.1347E+04 -.7052E+03   .9991716 -.0357398 -.0194628
T  527  1 .1861333E+07   1000009E-01  .3548E+03 -.4577E+03   .9999685  .0011735 -.0078542
T  528  1 .1837626E+07   1000015E-01  .2586E+02  .7930E+02   .9999994 -.0003373  .0010505
T  529  1 .1853769E+07   1000023E-01 -.4415E+03 -.1070E+04   .9997393 -.0131014 -.0187018
T  530  1 .1848807E+07   1000003E-01 -.5781E+02 -.1623E+04   .9995251  .0205198 -.0229880
T  531  1 .1845579E+07   1000010E-01  .2541E+03 -.6556E+02   .9999950  .0030684 -.0007035
T  532  1 .1855050E+07   1000009E-01 -.1121E+03  .1064E+03   .9999963  .0020819  .0017256
T  533  1 .1856726E+07   1000001E-01  .2201E+03  .2408E+03   .9999448  .0104885  .0005744
T  534  1 .1829296E+07   1000004E-01  .5213E+03  .2120E+03   .9999858  .0043817  .0030244
T  535  1 .1830190E+07   1000009E-01  .1900E+03  .2117E+03   .9999684  .0078316  .0013794
T  536  1 .1850915E+07   1000002E-01  .1057E+03 -.2133E+03   .9999929 -.0005329 -.0037297
T  537  1 .1838146E+07   1000014E-01  .6465E+02 -.2595E+03   .9999987 -.0011048 -.0011705
T  538  1 .1823373E+07   1000012E-01  .2003E+03 -.7446E+02   .9999403  .0043751 -.0100123
T  539  1 .1854197E+07   1000019E-01  .1098E+02 -.1241E+03   .9999806  .0007598 -.0061758
T  540  1 .1830198E+07   1000014E-01 -.2707E+03  .4427E+02   .9999687 -.0036087  .0070384
T  541  1 .1852786E+07   1000006E-01 -.4733E+03  .9614E+03   .9999230 -.0024854  .0121572
T  542  1 .1846794E+07   1000011E-01  .2954E+03  .2074E+03   .9999597 -.0024041  .0086546
T  543  1 .1848789E+07   1000000E-01  .7673E+02  .1259E+02   .9999846  .0054916  .0008073
T  544  1 .1836571E+07   1000014E-01 -.1994E+03  .3082E+03   .9999894 -.0032939  .0032214
T  545  1 .1856777E+07   1000011E-01  .1005E+04  .1989E+03   .9997415  .0215124  .0073549
T  546  1 .1833868E+07   1000019E-01 -.8776E+03 -.5145E+03   .9995891 -.0250130 -.0139967
T  547  1 .1842476E+07   1000012E-01  .2296E+03 -.8998E+02   .9999001  .0137654 -.0032119
T  548  1 .1843250E+07   1000000E-01 -.1120E+03  .3144E+03   .9999822 -.0022625  .0055178
T  549  1 .1842217E+07   1000016E-01  .1355E+03 -.5248E+02   .9999945 -.0032857  .0005167
T  550  1 .1843555E+07   1000007E-01  .1673E+03 -.1774E+03   .9999758  .0032793 -.0061348
T  551  1 .1837891E+07   1000014E-01 -.1129E+03 -.1911E+02   .9999856 -.0035646  .0040159
T  552  1 .1857184E+07   1000012E-01 -.3580E+03  .2707E+02   .9999658 -.0082390 -.0006686
T  553  1 .1850845E+07   1000005E-01 -.8114E+03 -.2586E+03   .9999884 -.0022090  .0042734
T  554  1 .1834309E+07   1000020E-01 -.1352E+03 -.2902E+02   .9999857 -.0038080 -.0037420
T  555  1 .1843307E+07   1000022E-01  .7295E+03  .2236E+03   .9999791  .0055587  .0032937
T  556  1 .1844965E+07   1000007E-01 -.7642E+03  .1424E+03   .9999023 -.0125183 -.0062169
T  557  1 .1855830E+07   1000017E-01  .1005E+03  .8515E+02   .9999911  .0013776 -.0039859
T  558  1 .1845546E+07   1000022E-01  .1229E+03 -.3319E+03   .9999581  .0040453 -.0082089
T  559  1 .1843472E+07   1000010E-01 -.3622E+04  .1220E+03   .9990680 -.0431597 -.0006310
T  560  1 .1860187E+07   1000012E-01 -.2524E+02  .9692E+02   .9999981 -.0019273  .0000873
T  561  1 .1843508E+07   1000007E-01 -.4847E+02  .1487E+03   .9999981  .0012266 -.0015191
T  562  1 .1846674E+07   1000001E-01 -.1552E+03 -.1755E+03   .9999686 -.0050052 -.0061436
T  563  1 .1832737E+07   1000019E-01  .4874E+02  .2743E+02   .9999714  .0016150 -.0073901
T  564  1 .1832658E+07   1000016E-01  .3376E+03  .1674E+03   .9999698  .0066524  .0040190
T  565  1 .1836995E+07   1000007E-01 -.3134E+03 -.3168E+03   .9999843  .0054710  .0012205
T  566  1 .1840458E+07   1000018E-01  .1256E+03 -.3466E+03   .9999474  .0056807 -.0085396
T  567  1 .1846307E+07   1000001E-01  .4383E+02 -.3881E+03   .9999908 -.0017210 -.0039347
T  568  1 .1848903E+07   1000017E-01  .2592E+03  .9161E+01   .9999402  .0100262  .0043752
T  569  1 .1851890E+07   1000021E-01 -.1628E+03 -.2798E+03   .9999432 -.0062604 -.0086232
T  570  1 .1856944E+07   1000012E-01  .7644E+02 -.3462E+03   .9999829 -.0052564 -.0025770
T  571  1 .1832319E+07   1000021E-01 -.3452E+02  .5321E+03   .9998210 -.0100333  .0160417
T  572  1 .1855442E+07   1000020E-01 -.2359E+03  .3002E+03   .9999130 -.0126843  .0036136
T  573  1 .1859111E+07   1000021E-01  .5119E+03 -.1393E+02   .9999305  .0076931 -.0089362
T  574  1 .1858958E+07   1000013E-01  .6457E+03 -.7112E+03   .9998100  .0144001 -.0131369
T  575  1 .1843490E+07   1000015E-01 -.5858E+03 -.8347E+02   .9999215 -.0100105 -.0075419
T  576  1 .1858193E+07   1000006E-01 -.7908E+02  .1388E+03   .9999913 -.0011430  .0040143
T  577  1 .1845038E+07   1000001E-01  .3087E+03 -.1777E+03   .9997104  .0196556 -.0138868
T  578  1 .1820839E+07   1000007E-01 -.1011E+03 -.3837E+03   .9999748 -.0035035 -.0061722
T  579  1 .1830641E+07   1000000E-01 -.1448E+03 -.5558E+03   .9998931  .0018231 -.0145103
T  580  1 .1832903E+07   1000018E-01 -.2536E+03  .4605E+03   .9998296 -.0061452  .0174075
T  581  1 .1836480E+07   1000006E-01  .3684E+03 -.4159E+03   .9999425  .0068381 -.0082586
T  582  1 .1845027E+07   1000015E-01 -.1599E+03 -.1137E+01   .9999193 -.0103512  .0073702
T  583  1 .1842444E+07   1000005E-01 -.2548E+03 -.2063E+03   .9997575 -.0050763 -.0214278
T  584  1 .1844507E+07   1000010E-01 -.3429E+03  .5681E+02   .9999823 -.0052559 -.0027830
T  585  1 .1863743E+07   1000021E-01 -.1540E+03  .2048E+03   .9999790 -.0035885  .0053905
T  586  1 .1844011E+07   1000011E-01  .1815E+03  .4238E+01   .9999308  .0111625  .0037134
T  587  1 .1846175E+07   1000018E-01  .3320E+02  .2364E+04   .9994849 -.0002931  .0320913
T  588  1 .1842670E+07   1000011E-01 -.3214E+04  .1245E+04   .9990669 -.0419380  .0103237
T  589  1 .1839721E+07   1000008E-01  .6391E+02  .1177E+03   .9999878  .0021784  .0044232
T  590  1 .1833410E+07   1000001E-01 -.1213E+02  .4543E+03   .9999932 -.0001649  .0036765
T  591  1 .1836147E+07   1000021E-01  .1900E+03 -.4172E+03   .9994387  .0328666 -.0064916
T  592  1 .1864671E+07   1000004E-01 -.3901E+02  .7071E+02   .9999721 -.0008680  .0074207
T  593  1 .1837054E+07   1000016E-01 -.1663E+03 -.3534E+02   .9999970 -.0024454 -.0003344
T  594  1 .1828580E+07   1000012E-01  .5008E+03 -.3295E+02   .9998343  .0177299 -.0041210
T  595  1 .1834369E+07   1000020E-01  .3992E+03 -.3335E+02   .9999119  .0128058  .0035063
T  596  1 .1841481E+07   1000018E-01  .5326E+02  .2455E+02   .9999616  .0087614 -.0002367
T  597  1 .1838364E+07   1000000E-01 -.3770E+03 -.4509E+02   .9999803 -.0053111 -.0033391
T  598  1 .1840544E+07   1000005E-01  .4107E+03  .7030E+02   .9999839  .0038786  .0041300
T  599  1 .1835000E+07   1000019E-01 -.3787E+03 -.4342E+03   .9999066 -.0078122 -.0112160
T  600  1 .1844675E+07   1000021E-01 -.6967E+03  .1033E+03   .9999438 -.0105920  .0004486
T  601  1 .1842850E+07   1000015E-01 -.3872E+03  .2144E+03   .9999674 -.0031464  .0074355
T  602  1 .1850924E+07   1000016E-01 -.1487E+02 -.2263E+03   .9999771  .0019611  .0064820
T  603  1 .1830627E+07   1000017E-01  .3998E+03  .3698E+03   .9999660  .0052170  .0063806
T  604  1 .1857621E+07   1000009E-01 -.1711E+03  .1893E+02   .9999956 -.0023245  .0018425
T  605  1 .1843371E+07   1000020E-01 -.2549E+03 -.1675E+02   .9999949 -.0011680  .0029724
T  606  1 .1832064E+07   1000000E-01  .1615E+04  .6282E+03   .9995442  .0273990  .0126743
T  607  1 .1836381E+07   1000021E-01  .5236E+03  .1730E+03   .9999695  .0002848  .0077992
T  608  1 .1838993E+07   1000000E-01  .1066E+03 -.2154E+03   .9999747  .0068942 -.0017431
T  609  1 .1848549E+07   1000013E-01 -.1792E+02 -.3226E+02   .9999908 -.0008030 -.0042197
T  610  1 .1854325E+07   1000001E-01  .3237E+03  .1085E+03   .9999683  .0075959  .0023923
T  611  1 .1828470E+07   1000009E-01 -.2885E+03  .3578E+03   .9999895 -.0010947  .0044569
T  612  1 .1855192E+07   1000000E-01  .3062E+03 -.3056E+03   .9999083  .0116493 -.0069019
T  613  1 .1841710E+07   1000000E-01  .1554E+04 -.9976E+02   .9992660  .0382612 -.0018883
T  614  1 .1864640E+07   1000016E-01 -.8947E+03 -.2337E+03   .9998824 -.0142522 -.0056600
T  615  1 .1855484E+07   1000007E-01  .1349E+03 -.2897E+03   .9998830  .0097747 -.0117638
T  616  1 .1843015E+07   1000012E-01 -.9729E+02 -.2932E+02   .9999958 -.0028065 -.0007187
T  617  1 .1844720E+07   1000021E-01 -.1058E+01 -.5819E+03   .9999877  .0003629 -.0049454
T  618  1 .1844217E+07   1000020E-01  .3522E+03 -.2819E+03   .9999545  .0062654 -.0071872
T  619  1 .1838617E+07   1000003E-01 -.2269E+03  .1092E+03   .9999914 -.0035259  .0021742
T  620  1 .1844430E+07   1000002E-01 -.1394E+04  .2328E+03   .9997136 -.0235772  .0041015
T  621  1 .1829644E+07   1000012E-01 -.3315E+02  .2128E+03   .9999709 -.0015970  .0074644
T  622  1 .1860514E+07   1000016E-01  .6090E+03 -.5990E+03   .9999549  .0063017 -.0071073
T  623  1 .1838442E+07   1000010E-01  .1321E+03  .1072E+03   .9999834  .0056798 -.0009253
T  624  1 .1839122E+07   1000000E-01 -.2598E+03 -.1127E+04   .9997486 -.0014668 -.0223726
T  625  1 .1853673E+07   1000007E-01 -.5023E+02  .1517E+01   .9999999  .0001739 -.0000443
T  626  1 .1842786E+07   1000022E-01 -.2903E+03 -.1212E+02   .9999937  .0004002  .0035300
T  627  1 .1844561E+07   1000008E-01 -.4713E+03  .5322E+02   .9998602 -.0128499  .0106940
T  628  1 .1847821E+07   1000007E-01 -.4466E+03 -.5785E+02   .9999607 -.0085576 -.0023216
T  629  1 .1843678E+07   1000013E-01 -.4392E+02  .6666E+03   .9998281 -.0013663  .0184920
T  630  1 .1848489E+07   1000021E-01 -.6210E+01  .5197E+02   .9999961  .0009262  .0026416
T  631  1 .1841828E+07   1000004E-01  .1628E+03  .3015E+03   .9999881  .0013116  .0046899
T  632  1 .1842523E+07   1000020E-01 -.3417E+03  .3027E+01   .9999836 -.0055031  .0016074
T  633  1 .1837215E+07   1000001E-01  .4089E+02  .4498E+03   .9999195  .0030782  .0123111
T  634  1 .1833305E+07   1000021E-01 -.3559E+03  .2658E+03   .9999765 -.0039597  .0056041
T  635  1 .1834931E+07   1000015E-01  .6747E+02  .5865E+03   .9998449 -.0065774  .0163394
T  636  1 .1850463E+07   1000016E-01  .2048E+03 -.1145E+03   .9999831 -.0038409 -.0043713
T  637  1 .1829279E+07   1000015E-01  .1066E+04  .4586E+03   .9999344  .0102740  .0050624
T  638  1 .1855378E+07   1000019E-01  .1356E+03 -.2328E+03   .9999946  .0002254 -.0032897
T  639  1 .1851607E+07   1000017E-01  .7661E+03 -.2152E+03   .9983675  .0045774 -.0569330
T  640  1 .1836239E+07   1000003E-01 -.9007E+03  .4566E+03   .9998732 -.0139559  .0076730
T  641  1 .1840520E+07   1000009E-01  .1458E+02 -.4537E+02   .9999969 -.0017022 -.0018021
T  642  1 .1843067E+07   1000002E-01 -.2240E+03  .7022E+03   .9996150 -.0040118  .0274554
T  643  1 .1845316E+07   1000020E-01 -.6496E+01  .7420E+03   .9999517  .0031599  .0093094
T  644  1 .1871062E+07   1000013E-01 -.1366E+02 -.2159E+02   .9999799 -.0035887 -.0052354
T  645  1 .1840908E+07   1000020E-01 -.4763E+02 -.5558E+02   .9999998  .0000385  .0006047
T  646  1 .1854184E+07   1000013E-01 -.2362E+03 -.1751E+04   .9988500  .0035391 -.0478146
T  647  1 .1848728E+07   1000019E-01 -.1170E+02 -.4720E+01   .9999636 -.0067962  .0051529
T  648  1 .1847785E+07   1000011E-01 -.2653E+03 -.8028E+03   .9999183 -.0036415 -.0122540
T  649  1 .1842596E+07   1000013E-01 -.4493E+03  .7525E+02   .9999527 -.0096038 -.0015323
T  650  1 .1847355E+07   1000012E-01 -.5004E+03  .3999E+03   .9999613 -.0085362  .0021139
T  651  1 .1837700E+07   1000002E-01  .1408E+03  .6545E+02   .9999653  .0072528 -.0041051
T  652  1 .1836924E+07   1000003E-01  .1416E+03 -.1844E+03   .9999129  .0086452 -.0099718
T  653  1 .1849471E+07   1000003E-01 -.3603E+02  .8978E+02   .9998676 -.0155046 -.0049448
T  654  1 .1862204E+07   1000013E-01  .6366E+03  .1017E+04   .9998821  .0090915  .0123707
T  655  1 .1838864E+07   1000018E-01 -.3189E+03  .2839E+03   .9998555 -.0126404  .0113643
T  656  1 .1847975E+07   1000020E-01  .1291E+03 -.4347E+03   .9999681  .0034338 -.0072141
T  657  1 .1839891E+07   1000015E-01  .2865E+03  .2098E+03   .9999579  .0090070 -.0017388
T  658  1 .1844493E+07   1000017E-01 -.1242E+04  .4557E+03   .9998793 -.0138986  .0069506
T  659  1 .1841543E+07   1000019E-01  .1033E+01 -.1047E+03   .9999961  .0027350  .0005633
T  660  1 .1851494E+07   1000022E-01 -.1536E+03  .5562E+01   .9999932 -.0020615 -.0030442
T  661  1 .1845187E+07   1000018E-01  .5182E+02 -.8115E+02   .9998567  .0148332  .0081586
T  662  1 .1843497E+07   1000009E-01  .2205E+03  .8777E+02   .9999898  .0040574  .0019627
T  663  1 .1849705E+07   1000008E-01 -.3143E+02 -.4895E+02   .9999755  .0069640 -.0007090
T  664  1 .1840640E+07   1000014E-01  .4265E+03  .2807E+03   .9999686  .0038530  .0069193
T  665  1 .1848717E+07   1000011E-01 -.6217E+02 -.1754E+03   .9999977 -.0021279 -.0000983
T  666  1 .1831986E+07   1000013E-01  .1970E+04 -.1960E+04   .9990357  .0247483 -.0362665
T  667  1 .1848042E+07   1000002E-01 -.5447E+02  .6774E+02   .9999859  .0052617  .0007435
T  668  1 .1849476E+07   1000020E-01 -.1229E+03 -.6272E+03   .9998474 -.0116762 -.0129958
T  669  1 .1858522E+07   1000018E-01 -.4783E+02  .3404E+02   .9999906 -.0042306  .0009242
T  670  1 .1856527E+07   1000018E-01  .3030E+03  .1517E+03   .9999979  .0016270  .0012844
T  671  1 .1850252E+07   1000005E-01  .5533E+03 -.1683E+03   .9998755  .0131679 -.0086964
T  672  1 .1860210E+07   1000020E-01  .5172E+01  .3286E+03   .9999652 -.0029228  .0078129
T  673  1 .1849674E+07   1000021E-01 -.3546E+03  .3498E+03   .9999637 -.0026396  .0080953
T  674  1 .1853834E+07   1000020E-01 -.1637E+03  .2838E+03   .9999394 -.0105794  .0030565
T  675  1 .1843071E+07   1000003E-01  .4744E+02  .5159E+03   .9999699  .0026136  .0073025
T  676  1 .1827967E+07   1000016E-01  .3775E+03  .8008E+02   .9999631  .0067560  .0053117
T  677  1 .1840069E+07   1000003E-01  .2254E+03  .1759E+02   .9999662  .0081307 -.0012333
T  678  1 .1866504E+07   1000020E-01 -.8196E+03 -.1577E+03   .9999144 -.0128828 -.0023018
T  679  1 .1852015E+07   1000021E-01  .1855E+03 -.3999E+03   .9999646  .0068166 -.0049317
T  680  1 .1838928E+07   1000014E-01 -.8615E+03  .2385E+03   .9999564 -.0069945  .0061865
T  681  1 .1833789E+07   1000016E-01 -.2263E+03 -.4007E+03   .9998050 -.0120868 -.0156175
T  682  1 .1844279E+07   1000002E-01 -.3784E+03 -.6758E+03   .9996445 -.0187699 -.0189359
T  683  1 .1828521E+07   1000000E-01 -.7658E+03  .9900E+02   .9998957 -.0140575  .0033259
T  684  1 .1828864E+07   1000021E-01 -.7190E+02 -.3239E+03   .9999989 -.0014834  .0002310
T  685  1 .1850932E+07   1000010E-01  .1150E+04 -.7193E+03   .9998640  .0150382 -.0067682
T  686  1 .1846446E+07   1000013E-01  .2366E+03 -.6659E+02   .9999655  .0078782 -.0026479
T  687  1 .1839102E+07   1000004E-01  .1568E+03 -.4694E+03   .9999433 -.0052603 -.0092632
T  688  1 .1839308E+07   1000014E-01  .4239E+03 -.1052E+04   .9998656  .0024578 -.0162074
T  689  1 .1859216E+07   1000006E-01 -.4226E+02  .2747E+03   .9999689  .0055108  .0056466
T  690  1 .1853306E+07   1000019E-01  .3441E+03  .4593E+03   .9999351  .0095084  .0062755
T  691  1 .1835596E+07   1000012E-01 -.3515E+02  .5684E+03   .9999479  .0017864  .0100475
T  692  1 .1862228E+07   1000016E-01  .8335E+02  .1800E+03   .9997489  .0064568  .0214591
T  693  1 .1846513E+07   1000020E-01  .3121E+03  .1325E+03   .9999436 -.0021113  .0104058
T  694  1 .1843735E+07   1000008E-01  .6745E+02  .1052E+03   .9999997 -.0000349  .0008294
T  695  1 .1834634E+07   1000017E-01 -.3863E+03 -.1053E+03   .9999061 -.0134393 -.0026955
T  696  1 .1840156E+07   1000006E-01 -.2804E+03  .3992E+03   .9999957  .0029204  .0000943
T  697  1 .1846796E+07   1000004E-01 -.2879E+02 -.9377E+02   .9999982 -.0013068 -.0013547
T  698  1 .1840422E+07   1000009E-01  .4443E+03 -.1866E+02   .9999551  .0092672 -.0020005
T  699  1 .1839355E+07   1000011E-01 -.6731E+03  .7033E+02   .9997706 -.0203638 -.0066394
T  700  1 .1842740E+07   1000012E-01  .1630E+03  .1785E+03   .9999588  .0087112 -.0025572
T  701  1 .1845832E+07   1000003E-01  .1765E+03  .2302E+03   .9999989  .0004426 -.0014258
T  702  1 .1851823E+07   1000017E-01 -.6239E+03 -.1123E+04   .9998401 -.0062899 -.0167419
T  703  1 .1866030E+07   1000013E-01  .8359E+03 -.3444E+03   .9996158  .0268389  .0069176
T  704  1 .1835568E+07   1000016E-01  .5581E+03 -.1379E+03   .9999537  .0075789  .0059260
T  705  1 .1859343E+07   1000022E-01  .4288E+03  .1417E+03   .9999756  .0061080  .0034044
T  706  1 .1833857E+07   1000000E-01  .8980E+03 -.6122E+03   .9998134  .0177060 -.0077207
T  707  1 .1836897E+07   1000007E-01  .1274E+03  .2760E+02   .9999876  .0049778 -.0001373
T  708  1 .1842943E+07   1000021E-01 -.1787E+03  .1434E+03   .9999820  .0057202  .0018361
T  709  1 .1831884E+07   1000002E-01 -.1104E+03 -.1308E+03   .9999913 -.0039812 -.0012114
T  710  1 .1836213E+07   1000020E-01  .4586E+02 -.1163E+03   .9999311 -.0057168 -.0102546
T  711  1 .1865912E+07   1000000E-01 -.1099E+03  .1567E+03   .9999905 -.0040465  .0016037
T  712  1 .1854329E+07   1000005E-01 -.1123E+03  .7861E+02   .9999843 -.0021999 -.0051603
T  713  1 .1846062E+07   1000010E-01  .1573E+03  .1784E+03   .9999854  .0052285  .0013508
T  714  1 .1854306E+07   1000020E-01 -.1665E+03  .2948E+02   .9999406 -.0072728  .0081217
T  715  1 .1856111E+07   1000016E-01  .2359E+03 -.3994E+03   .9999819  .0056057 -.0021823
T  716  1 .1851468E+07   1000014E-01  .1755E+03  .6339E+02   .9997563  .0212715 -.0059096
T  717  1 .1835828E+07   1000020E-01 -.8098E+02  .3256E+03   .9999872 -.0025524  .0043773
T  718  1 .1847463E+07   1000008E-01  .5909E+03  .1887E+03   .9999627  .0083671  .0021454
T  719  1 .1847600E+07   1000012E-01  .2211E+03 -.1400E+04   .9992066  .0036605 -.0396576
T  720  1 .1833447E+07   1000007E-01  .1084E+03 -.3946E+03   .9999939  .0015682 -.0031071
T  721  1 .1836597E+07   1000019E-01  .1641E+03 -.1175E+03   .9999727  .0021267 -.0070749
T  722  1 .1824517E+07   1000019E-01  .3145E+03 -.8123E+02   .9999471  .0041081 -.0094278
T  723  1 .1856575E+07   1000008E-01  .5674E+02 -.3245E+03   .9999921  .0014004 -.0037211
T  724  1 .1841420E+07   1000022E-01 -.5821E+03  .1640E+03   .9999031 -.0137374  .0022326
T  725  1 .1841803E+07   1000019E-01  .4881E+03  .6657E+02   .9996966  .0233640 -.0078005
T  726  1 .1851007E+07   1000005E-01  .5729E+01  .3225E+03   .9999647 -.0072473 -.0042517
T  727  1 .1838337E+07   1000007E-01  .2132E+03  .3339E+02   .9999439  .0105877 -.0002339
T  728  1 .1848879E+07   1000008E-01  .1103E+03 -.8261E+03   .9998480  .0002475 -.0174303
T  729  1 .1829195E+07   1000018E-01 -.1376E+03 -.2516E+03   .9999830 -.0032080 -.0048616
T  730  1 .1840214E+07   1000011E-01  .1201E+03 -.2727E+02   .9999959  .0022273  .0018225
T  731  1 .1845496E+07   1000014E-01  .4586E+02 -.2225E+02   .9999840  .0034984  .0044515
T  732  1 .1847661E+07   1000005E-01  .5161E+02  .1272E+03   .9999869 -.0020266  .0046926
T  733  1 .1839992E+07   1000014E-01 -.6820E+03 -.3389E+03   .9998774 -.0141037 -.0068047
T  734  1 .1834602E+07   1000020E-01  .1028E+03  .1824E+03   .9999859  .0047950 -.0022906
T  735  1 .1840829E+07   1000008E-01  .1188E+02 -.7541E+03   .9998942  .0025322 -.0143224
T  736  1 .1856650E+07   1000012E-01 -.3690E+03 -.3848E+03   .9998669 -.0116858 -.0113876
T  737  1 .1851317E+07   1000004E-01  .2473E+03  .4626E+03   .9999508  .0072787  .0067348
T  738  1 .1854509E+07   1000014E-01 -.3579E+03 -.7638E+03   .9999458 -.0071551 -.0075654
T  739  1 .1845884E+07   1000014E-01  .1003E+03  .7653E+02   .9999804  .0035121  .0051855
T  740  1 .1851756E+07   1000020E-01 -.2834E+02  .1205E+02   .9999925 -.0023599  .0030769
T  741  1 .1835807E+07   1000017E-01  .1926E+04  .1297E+04   .9995258  .0264061  .0158374
T  742  1 .1842840E+07   1000021E-01 -.6282E+03 -.1500E+03   .9999697 -.0077208 -.0010084
T  743  1 .1842004E+07   1000008E-01 -.3237E+03  .6750E+03   .9998734  .0002250  .0159097
T  744  1 .1849481E+07   1000015E-01  .4952E+02  .1656E+03   .9999540  .0082397  .0049191
T  745  1 .1845791E+07   1000013E-01 -.6061E+03 -.2196E+03   .9999510 -.0096052  .0023896
T  746  1 .1831116E+07   1000008E-01  .2011E+03 -.3408E+02   .9999403  .0100195  .0043598
T  747  1 .1841821E+07   1000019E-01 -.3741E+03 -.7995E+02   .9999590 -.0090199  .0007765
T  748  1 .1836549E+07   1000020E-01  .2623E+03  .3993E+02   .9999950  .0025300 -.0018902
T  749  1 .1841079E+07   1000012E-01  .1414E+03 -.1914E+03   .9999409  .0082839 -.0070372
T  750  1 .1853917E+07   1000005E-01  .1416E+03 -.2165E+03   .9999924 -.0021121 -.0032885
T  751  1 .1831282E+07   1000018E-01 -.2726E+03  .2692E+03   .9999567 -.0072891  .0057769
T  752  1 .1854274E+07   1000015E-01 -.7015E+02  .1986E+03   .9998495 -.0039789  .0168840
T  753  1 .1859289E+07   1000020E-01 -.7234E+03  .3664E+03   .9994527 -.0327424  .0047127
T  754  1 .1845306E+07   1000019E-01  .5512E+03 -.1539E+03   .9999741  .0058224 -.0042285
T  755  1 .1851964E+07   1000015E-01  .3018E+03  .2234E+03   .9996527 -.0118057  .0235604
T  756  1 .1848856E+07   1000010E-01 -.2815E+03 -.1755E+03   .9999986 -.0002593  .0016737
T  757  1 .1853561E+07   1000010E-01  .1009E+02  .7496E+02   .9999999  .0003972 -.0001276
T  758  1 .1829018E+07   1000013E-01 -.1276E+02  .6672E+02   .9999732  .0062030  .0038938
T  759  1 .1863818E+07   1000009E-01  .3269E+02  .1705E+03   .9999991  .0010777 -.0008089
T  760  1 .1847723E+07   1000007E-01 -.6528E+03  .4139E+03   .9998203 -.0184840  .0042102
T  761  1 .1845988E+07   1000017E-01 -.2402E+03 -.3806E+03   .9999837 -.0046610 -.0032849
T  762  1 .1840993E+07   1000013E-01 -.3984E+03 -.9570E+03   .9997492 -.0084034 -.0207600
T  763  1 .1824571E+07   1000014E-01  .6280E+03  .7520E+02   .9999296 -.0076136 -.0091018
T  764  1 .1851998E+07   1000006E-01  .1876E+03 -.6044E+02   .9999618  .0049054 -.0072342
T  765  1 .1834737E+07   1000008E-01  .5587E+03  .2319E+02   .9999601  .0089252 -.0002860
T  766  1 .1865624E+07   1000015E-01 -.3105E+03 -.4092E+03   .9999540 -.0090651 -.0031221
T  767  1 .1834356E+07   1000018E-01 -.4323E+03 -.1809E+03   .9999329 -.0110803 -.0033836
T  768  1 .1844715E+07   1000017E-01 -.1156E+01  .9065E+02   .9999970 -.0010315 -.0022096
T  769  1 .1838849E+07   1000020E-01 -.1394E+03 -.6438E+02   .9999652  .0023527 -.0080090
T  770  1 .1837239E+07   1000020E-01 -.2740E+02 -.3626E+02   .9999983 -.0006105  .0017167
T  771  1 .1850283E+07   1000006E-01  .6642E+03  .3455E+03   .9999152  .0049965  .0120259
T  772  1 .1845029E+07   1000010E-01  .5687E+02 -.1781E+03   .9999946  .0030573 -.0012207
T  773  1 .1856294E+07   1000010E-01  .4331E+03  .2674E+03   .9999528  .0081466  .0053012
T  774  1 .1848158E+07   1000018E-01  .1207E+03 -.1531E+03   .9999938  .0033626 -.0010372
T  775  1 .1840998E+07   1000002E-01  .8951E+02  .8631E+02   .9999746 -.0042560  .0057099
T  776  1 .1836650E+07   1000019E-01 -.8518E+01  .5305E+03   .9999939  .0033521  .0010292
T  777  1 .1848640E+07   1000022E-01 -.2841E+02  .5083E+03   .9998506  .0062370  .0161180
T  778  1 .1846166E+07   1000018E-01 -.6076E+03  .5415E+03   .9999482 -.0100625 -.0015168
T  779  1 .1847566E+07   1000022E-01  .5157E+03 -.7527E+03   .9996487  .0201397 -.0172301
T  780  1 .1844184E+07   1000009E-01 -.9010E+02  .2323E+03   .9999942  .0009739  .0032571
T  781  1 .1850110E+07   1000009E-01  .3767E+02  .2373E+03   .9999821 -.0050115  .0032711
T  782  1 .1839046E+07   1000020E-01  .1679E+03  .2934E+03   .9999894  .0016748  .0042884
T  783  1 .1845922E+07   1000016E-01 -.6012E+02  .1606E+03   .9999656 -.0045899  .0069121
T  784  1 .1834876E+07   1000002E-01 -.1061E+03  .3414E+03   .9999681 -.0022134  .0076756
T  785  1 .1859243E+07   1000012E-01 -.9517E+01  .1525E+03   .9999926 -.0019003  .0033530
T  786  1 .1828381E+07   1000003E-01 -.4203E+00 -.2770E+03   .9999573 -.0000353 -.0092460
T  787  1 .1859492E+07   1000017E-01 -.2348E+03  .1933E+03   .9999721 -.0015805  .0072941
T  788  1 .1841549E+07   1000017E-01  .2843E+03 -.1875E+03   .9999704  .0050210 -.0058242
T  789  1 .1853576E+07   1000005E-01  .1200E+03  .2190E+03   .9999749 -.0050531 -.0049676
T  790  1 .1838360E+07   1000022E-01 -.1472E+03  .1160E+03   .9999890 -.0040512  .0023469
T  791  1 .1821919E+07   1000012E-01  .1246E+04 -.6091E+03   .9997141  .0217551 -.0099203
T  792  1 .1851803E+07   1000015E-01 -.8217E+02  .3579E+02   .9998987  .0141383 -.0016265
T  793  1 .1853637E+07   1000005E-01 -.7835E+02 -.3843E+03   .9999951 -.0021604 -.0022842
T  794  1 .1845318E+07   1000019E-01  .5129E+02  .3336E+02   .9999863  .0030325 -.0042557
T  795  1 .1858441E+07   1000001E-01 -.2946E+02  .3220E+03   .9999729  .0056154 -.0047528
T  796  1 .1851321E+07   1000022E-01 -.1659E+03 -.9681E+02   .9999786  .0001813 -.0065342
T  797  1 .1843932E+07   1000011E-01 -.1397E+02  .5661E+03   .9999796 -.0063687  .0004106
T  798  1 .1856949E+07   1000009E-01  .2285E+03  .1837E+03   .9999831  .0011653  .0056915
T  799  1 .1840963E+07   1000020E-01 -.1430E+03  .1744E+03   .9998460  .0114972 -.0132605
T  800  1 .1858555E+07   1000021E-01  .1505E+03  .2196E+03   .9998032  .0125413  .0153690
T  801  1 .1849348E+07   1000022E-01 -.4686E+02 -.3211E+03   .9999982 -.0018733 -.0002026
T  802  1 .1849986E+07   1000012E-01 -.2901E+03  .1605E+03   .9999905  .0015530  .0040619
T  803  1 .1848364E+07   1000016E-01 -.3253E+02 -.2189E+03   .9999801 -.0050997 -.0037032
T  804  1 .1827668E+07   1000023E-01 -.7767E+02  .4309E+03   .9999835  .0038087  .0042958
T  805  1 .1840094E+07   1000003E-01  .1975E+03  .2056E+03   .9999945  .0021765 -.0025075
T  806  1 .1822565E+07   1000018E-01  .1731E+03 -.4658E+03   .9999065  .0054833 -.0125245
T  807  1 .1847928E+07   1000013E-01 -.3842E+02  .2367E+03   .9999596  .0007785  .0089544
T  808  1 .1857845E+07   1000016E-01  .3078E+03 -.4214E+03   .9999107  .0025432 -.0131195
T  809  1 .1833960E+07   1000019E-01  .4554E+02 -.1802E+02   .9999999  .0004498  .0000940
T  810  1 .1843660E+07   1000008E-01 -.3248E+01  .4410E+03   .9999363  .0033466  .0107830
T  811  1 .1842553E+07   1000008E-01  .1583E+03  .7303E+01   .9999811  .0050579 -.0035009
T  812  1 .1836004E+07   1000016E-01  .1077E+03  .2647E+03   .9999315  .0104026  .0053658
T  813  1 .1837339E+07   1000021E-01 -.1645E+03  .1536E+03   .9999787 -.0056839  .0032202
T  814  1 .1856455E+07   1000006E-01 -.2330E+03 -.3495E+03   .9999715 -.0016475 -.0073615
T  815  1 .1844746E+07   1000010E-01  .3012E+03 -.5568E+03   .9999665  .0018209 -.0079798
T  816  1 .1849983E+07   1000014E-01 -.1543E+03  .1557E+03   .9999970 -.0023401  .0007354
T  817  1 .1856924E+07   1000013E-01  .5995E+03  .1510E+04   .9996239  .0065526  .0266287
T  818  1 .1853275E+07   1000019E-01 -.1827E+03 -.2297E+03   .9999998 -.0006736 -.0001635
T  819  1 .1850500E+07   1000001E-01 -.8836E+03  .9070E+03   .9996704 -.0187077  .0175830
T  820  1 .1859289E+07   1000008E-01  .2064E+03  .9010E+02   .9999737  .0072333 -.0004989
T  821  1 .1858781E+07   1000012E-01  .1427E+03 -.2918E+03   .9999883  .0040980 -.0025812
T  822  1 .1847232E+07   1000015E-01  .2743E+03  .6713E+03   .9999046  .0068421  .0119983
T  823  1 .1837082E+07   1000009E-01  .6778E+03 -.1101E+04   .9995749  .0154116 -.0247497
T  824  1 .1843342E+07   1000009E-01  .2013E+03 -.5669E+01   .9998674  .0160955 -.0024603
T  825  1 .1850172E+07   1000013E-01 -.3970E+03 -.3751E+03   .9999878 -.0029426 -.0039792
T  826  1 .1834681E+07   1000017E-01  .4343E+02 -.6744E+02   .9999448  .0010777 -.0104478
T  827  1 .1852650E+07   1000017E-01 -.2121E+03 -.2837E+03   .9999629 -.0039097 -.0076803
T  828  1 .1851597E+07   1000019E-01  .2849E+03  .1605E+03   .9999953 -.0001649  .0030489
T  829  1 .1833797E+07   1000003E-01 -.3074E+02 -.4407E+03   .9999784  .0046228 -.0046804
T  830  1 .1841028E+07   1000018E-01  .8904E+03 -.9225E+03   .9995475  .0209928 -.0215451
T  831  1 .1835289E+07   1000008E-01  .7933E+02  .1043E+03   .9999997  .0001763  .0008144
T  832  1 .1846085E+07   1000017E-01  .2372E+03  .1933E+03   .9999921  .0035654  .0017780
T  833  1 .1864221E+07   1000018E-01 -.2088E+03  .2886E+03   .9999348 -.0094503  .0064046
T  834  1 .1836034E+07   1000004E-01 -.6510E+02 -.1575E+03   .9999618 -.0040042  .0077691
T  835  1 .1845977E+07   1000007E-01  .1903E+01  .3043E+02   .9999239  .0019960 -.0121708
T  836  1 .1848018E+07   1000005E-01  .1366E+03 -.2544E+03   .9999568  .0077007 -.0052078
T  837  1 .1845606E+07   1000021E-01  .3356E+03 -.5760E+03   .9998959  .0038630 -.0139003
T  838  1 .1852960E+07   1000021E-01  .1835E+02 -.1212E+03   .9999901  .0034410 -.0028355
T  839  1 .1831681E+07   1000007E-01 -.4245E+03 -.4928E+03   .9998062 -.0190979 -.0047698
T  840  1 .1830293E+07   1000011E-01  .8277E+02 -.6673E+01   .9999807  .0061082 -.0011032
T  841  1 .1845306E+07   1000018E-01  .2557E+03  .3115E+03   .9998877  .0009280  .0149572
T  842  1 .1860111E+07   1000014E-01 -.2480E+03 -.8418E+02   .9999954 -.0020870  .0021846
T  843  1 .1851249E+07   1000017E-01  .2554E+03  .1088E+03   .9999365  .0102260 -.0047251
T  844  1 .1857276E+07   1000017E-01 -.3239E+03  .7914E+02   .9999926 -.0035987  .0013567
T  845  1 .1843168E+07   1000001E-01 -.1280E+03 -.1403E+03   .9999955 -.0019259 -.0023202
T  846  1 .1845652E+07   1000017E-01 -.1221E+03 -.5075E+03   .9999996 -.0008229  .0001942
T  847  1 .1856923E+07   1000009E-01  .1109E+03  .5950E+02   .9999296  .0085810 -.0081898
T  848  1 .1847977E+07   1000011E-01 -.9403E+02  .1794E+03   .9999896 -.0036594  .0027375
T  849  1 .1849343E+07   1000005E-01  .2157E+03 -.6214E+03   .9998855 -.0027225 -.0148886
T  850  1 .1847261E+07   1000004E-01 -.3912E+03 -.3860E+03   .9999918  .0014161  .0037952
T  851  1 .1849254E+07   1000008E-01 -.5000E+03  .2595E+03   .9998098 -.0162359  .0108072
T  852  1 .1833748E+07   1000001E-01  .3079E+03 -.2645E+03   .9999286  .0119124  .0009191
T  853  1 .1826065E+07   1000011E-01  .7989E+02 -.4707E+03   .9999488  .0073528 -.0069573
T  854  1 .1857036E+07   1000009E-01  .4311E+03  .2069E+03   .9998098  .0193801  .0022039
T  855  1 .1860289E+07   1000022E-01 -.2065E+03  .4677E+02   .9999929  .0030209 -.0022335
T  856  1 .1834137E+07   1000009E-01 -.7499E+02 -.1557E+03   .9999583  .0032438 -.0085310
T  857  1 .1838413E+07   1000022E-01  .1895E+03  .4265E+03   .9999569  .0090056  .0022672
T  858  1 .1851410E+07   1000011E-01 -.6739E+02  .2743E+02   .9999839  .0041633 -.0038572
T  859  1 .1825540E+07   1000000E-01 -.1490E+03  .2704E+02   .9999927 -.0029747  .0023828
T  860  1 .1837804E+07   1000005E-01 -.2074E+03 -.1796E+03   .9999779 -.0022390 -.0062541
T  861  1 .1836870E+07   1000017E-01 -.9163E+02  .4782E+03   .9999369  .0013597  .0111502
T  862  1 .1862617E+07   1000014E-01  .3820E+03 -.4858E+03   .9995994  .0099946 -.0264794
T  863  1 .1842087E+07   1000010E-01  .2063E+03  .2414E+03   .9999917 -.0025085  .0032252
T  864  1 .1847242E+07   1000022E-01  .4446E+02 -.1905E+03   .9999856  .0012043 -.0052392
T  865  1 .1839998E+07   1000013E-01 -.3489E+03  .2240E+03   .9999453 -.0096140  .0041090
T  866  1 .1846494E+07   1000012E-01  .1998E+03 -.1030E+03   .9998454  .0146863 -.0096643
T  867  1 .1843186E+07   1000001E-01 -.2436E+03 -.3687E+02   .9999305 -.0053776 -.0104883
T  868  1 .1831814E+07   1000019E-01 -.1777E+03  .6034E+02   .9999429 -.0099307  .0039412
T  869  1 .1862693E+07   1000015E-01  .1270E+03 -.2737E+03   .9999741 -.0007532 -.0071608
T  870  1 .1836509E+07   1000022E-01  .1518E+02  .4723E+03   .9999850 -.0009983  .0053862
T  871  1 .1844599E+07   1000011E-01 -.4398E+03  .7641E+03   .9999410 -.0068730  .0084070
T  872  1 .1846445E+07   1000018E-01  .7019E+02 -.1027E+03   .9999943 -.0016626  .0029424
T  873  1 .1825942E+07   1000019E-01  .5185E+03 -.3518E+03   .9999552  .0061695 -.0071766
T  874  1 .1842734E+07   1000012E-01  .1536E+03 -.3423E+03   .9999882 -.0021831 -.0043295
T  875  1 .1838855E+07   1000011E-01  .8885E+02  .1753E+03   .9999318  .0063157  .0098238
T  876  1 .1847129E+07   1000018E-01  .3052E+03 -.2761E+03   .9999651  .0043746  .0071123
T  877  1 .1843828E+07   1000017E-01  .2110E+03 -.1347E+03   .9999952  .0030112 -.0006755
T  878  1 .1830977E+07   1000004E-01  .2365E+03  .2327E+03   .9999806  .0023716  .0057624
T  879  1 .1853362E+07   1000006E-01  .9753E+01  .1589E+03   .9999964  .0016790 -.0021099
T  880  1 .1848782E+07   1000014E-01 -.1834E+03 -.1057E+03   .9999941 -.0030436  .0016116
T  881  1 .1825370E+07   1000001E-01  .7666E+02  .1778E+03   .9998604 -.0030632  .0164254
T  882  1 .1836952E+07   1000000E-01 -.3654E+02  .1824E+03   .9999449 -.0046274  .0094192
T  883  1 .1835859E+07   1000020E-01 -.5795E+02 -.2114E+02   .9999947  .0024810 -.0021136
T  884  1 .1856215E+07   1000009E-01  .3735E+03 -.4244E+03   .9999204  .0104830 -.0070273
T  885  1 .1834043E+07   1000011E-01  .3299E+02  .1810E+03   .9999838  .0031652  .0047301
T  886  1 .1843786E+07   1000016E-01  .3438E+03  .5093E+03   .9999532  .0090143  .0035169
T  887  1 .1847111E+07   1000004E-01  .8044E+01 -.2918E+02   .9999981  .0018485 -.0005366
T  888  1 .1864113E+07   1000012E-01 -.5268E+03  .2778E+04   .9986470 -.0070918  .0515162
T  889  1 .1843084E+07   1000019E-01 -.2156E+03  .2432E+03   .9999818 -.0057509 -.0018317
T  890  1 .1846091E+07   1000003E-01  .5354E+02 -.7170E+03   .9997477 -.0004628 -.0224572
T  891  1 .1835922E+07   1000021E-01 -.2883E+03 -.6440E+03   .9999845  .0015001 -.0053576
T  892  1 .1847673E+07   1000016E-01  .3948E+03  .5669E+03   .9999126  .0074817  .0108980
T  893  1 .1819293E+07   1000009E-01  .1204E+03  .1469E+03   .9999690  .0004696 -.0078586
T  894  1 .1844713E+07   1000010E-01  .2855E+00 -.3403E+02   .9999453 -.0063980  .0082788
T  895  1 .1827846E+07   1000004E-01 -.1002E+04 -.4442E+03   .9998954 -.0138748 -.0040795
T  896  1 .1855440E+07   1000004E-01  .4075E+03  .5760E+02   .9997427  .0174585 -.0144830
T  897  1 .1850577E+07   1000021E-01 -.1559E+03 -.2278E+03   .9999556 -.0059461 -.0073141
T  898  1 .1844037E+07   1000018E-01 -.1305E+02  .7022E+03   .9998961  .0063184  .0129567
T  899  1 .1859162E+07   1000016E-01 -.9348E+02  .1652E+02   .9999494 -.0009330  .0100144
T  900  1 .1830831E+07   1000013E-01 -.5000E+03  .1846E+01   .9999058 -.0135151  .0024027
T  901  1 .1842233E+07   1000003E-01 -.3793E+03  .9031E+03   .9998702 -.0118725  .0108891
T  902  1 .1861788E+07   1000013E-01  .8745E+02 -.2293E+03   .9999761  .0028879 -.0062879
T  903  1 .1841826E+07   1000002E-01 -.6449E+03  .1343E+04   .9997302 -.0016970  .0231635
T  904  1 .1852252E+07   1000018E-01  .4627E+02  .1025E+03   .9999749 -.0038462  .0059534
T  905  1 .1847821E+07   1000001E-01 -.3403E+02  .2524E+01   .9999828 -.0012667  .0057227
T  906  1 .1848344E+07   1000005E-01  .2755E+03 -.9254E+02   .9999116  .0097548 -.0090344
T  907  1 .1829942E+07   1000010E-01 -.8859E+02 -.3433E+03   .9999966 -.0005458 -.0025527
T  908  1 .1835599E+07   1000008E-01  .1120E+03  .3242E+02   .9999990  .0012714  .0005328
T  909  1 .1858400E+07   1000021E-01  .2654E+03  .3877E+02   .9998718 -.0144473 -.0069024
T  910  1 .1850069E+07   1000002E-01  .2760E+03  .2044E+03   .9999421  .0104244  .0026711
T  911  1 .1853929E+07   1000014E-01 -.2160E+03 -.3678E+02   .9999196 -.0126157  .0012862
T  912  1 .1838591E+07   1000021E-01 -.1483E+03 -.1144E+03   .9997426 -.0055027 -.0220097
T  913  1 .1828583E+07   1000020E-01 -.1387E+04 -.1107E+04   .9995811 -.0230090 -.0175552
T  914  1 .1840866E+07   1000019E-01 -.4642E+03  .4956E+03   .9998817 -.0122643  .0092822
T  915  1 .1845963E+07   1000010E-01  .5741E+03  .6883E+03   .9996892  .0179849  .0172658
T  916  1 .1843101E+07   1000001E-01 -.3611E+01 -.3235E+03   .9999799 -.0018227 -.0060695
T  917  1 .1839014E+07   1000019E-01  .5440E+03 -.4203E+03   .9999128  .0078349 -.0106270
T  918  1 .1848561E+07   1000011E-01 -.7841E+03  .4092E+03   .9999382 -.0083112  .0073882
T  919  1 .1846661E+07   1000019E-01 -.4859E+03  .5130E+02   .9999731 -.0069697  .0022943
T  920  1 .1862642E+07   1000018E-01 -.7875E+03  .5106E+03   .9999264 -.0113509  .0042808
T  921  1 .1844328E+07   1000001E-01  .5584E+01 -.2427E+03   .9999821  .0029122 -.0052218
T  922  1 .1840822E+07   1000008E-01 -.2780E+03  .2335E+02   .9999967 -.0025316  .0004343
T  923  1 .1847547E+07   1000017E-01 -.2643E+03  .3745E+02   .9998839 -.0147347  .0038868
T  924  1 .1843601E+07   1000019E-01  .1455E+03  .1066E+03   .9999438  .0089027  .0057491
T  925  1 .1844206E+07   1000007E-01 -.1225E+03  .1959E+03   .9999936 -.0014503  .0032722
T  926  1 .1842595E+07   1000002E-01  .5213E+03  .5895E+03   .9999834  .0057468  .0004952
T  927  1 .1844810E+07   1000011E-01  .2667E+03  .1853E+03   .9999209  .0104718  .0069667
T  928  1 .1826731E+07   1000015E-01 -.1039E+03  .1882E+03   .9999810 -.0060937  .0008780
T  929  1 .1837431E+07   1000022E-01  .2032E+02  .4841E+03   .9999591 -.0050330  .0075088
T  930  1 .1857494E+07   1000022E-01  .3799E+02  .1889E+03   .9999724 -.0047326  .0057342
T  931  1 .1857675E+07   1000010E-01  .8004E+02 -.7592E+03   .9999354  .0069566 -.0089835
T  932  1 .1839192E+07   1000001E-01  .9915E+03  .9539E+02   .9999236  .0121126  .0024504
T  933  1 .1840184E+07   1000020E-01  .3467E+03  .2818E+03   .9999837  .0057053 -.0001379
T  934  1 .1844016E+07   1000022E-01  .2149E+03  .8150E+02   .9999369  .0092466  .0063829
T  935  1 .1843412E+07   1000014E-01 -.2290E+03 -.6868E+03   .9996747 -.0195113 -.0164279
T  936  1 .1852624E+07   1000009E-01 -.3594E+03 -.1006E+03   .9999810 -.0055495 -.0026723
T  937  1 .1837285E+07   1000013E-01 -.5365E+03 -.1092E+03   .9998729 -.0137722 -.0080272
T  938  1 .1857376E+07   1000016E-01  .4053E+03 -.2813E+03   .9999148  .0129669 -.0015089
T  939  1 .1842390E+07   1000000E-01  .9358E+02  .7202E+03   .9999100 -.0001925  .0134142
T  940  1 .1854816E+07   1000019E-01  .1525E+03  .1618E+03   .9999974  .0006223  .0022124
T  941  1 .1853393E+07   1000013E-01 -.2701E+03  .1091E+03   .9999641 -.0018414  .0082661
T  942  1 .1838629E+07   1000019E-01  .5356E+03  .4513E+03   .9999157  .0083826  .0099130
T  943  1 .1854316E+07   1000017E-01 -.3106E+02  .6010E+03   .9999682  .0000408  .0079787
T  944  1 .1837283E+07   1000018E-01  .1956E+03  .5062E+03   .9998853 -.0018745  .0150301
T  945  1 .1839968E+07   1000000E-01  .1303E+03  .3662E+03   .9999577  .0023876  .0088832
T  946  1 .1841255E+07   1000001E-01 -.1220E+03  .9263E+02   .9999628 -.0081084  .0029296
T  947  1 .1835587E+07   1000020E-01 -.1368E+03  .2302E+03   .9999822 -.0041459  .0042970
T  948  1 .1854498E+07   1000019E-01  .1106E+03 -.8326E+02   .9999677  .0051539  .0061629
T  949  1 .1846241E+07   1000007E-01 -.1307E+04  .5570E+03   .9993885 -.0289281  .0196423
T  950  1 .1844073E+07   1000017E-01 -.5793E+03 -.9879E+02   .9999306 -.0112048 -.0036452
T  951  1 .1843489E+07   1000000E-01  .9887E+02 -.4733E+03   .9998907 -.0040452 -.0142201
T  952  1 .1846081E+07   1000015E-01 -.1075E+03  .4371E+03   .9999222  .0020381  .0123030
T  953  1 .1839425E+07   1000019E-01 -.3998E+03  .2117E+03   .9999769 -.0058144  .0035277
T  954  1 .1833292E+07   1000017E-01 -.2900E+03 -.3800E+03   .9999804 -.0025212 -.0057275
T  955  1 .1829160E+07   1000016E-01 -.3916E+03 -.2681E+03   .9999327 -.0032586 -.0111354
T  956  1 .1841029E+07   1000016E-01  .1012E+03 -.1678E+03   .9999995  .0008890  .0005250
T  957  1 .1859446E+07   1000007E-01  .6271E+03  .1157E+04   .9998541  .0063461  .0158600
T  958  1 .1858540E+07   1000017E-01  .1141E+03 -.2726E+02   .9999985  .0017058  .0004005
T  959  1 .1845639E+07   1000023E-01  .3795E+02  .2407E+03   .9999685 -.0061477  .0050201
T  960  1 .1852817E+07   1000012E-01  .2752E+03 -.1032E+03   .9999940  .0029323 -.0018258
T  961  1 .1836252E+07   1000003E-01  .4486E+03 -.1048E+01   .9999432  .0061094  .0087278
T  962  1 .1856876E+07   1000012E-01  .2519E+03  .1515E+03   .9999660  .0022210  .0079384
T  963  1 .1830703E+07   1000005E-01  .2374E+03 -.5121E+03   .9999683  .0029201 -.0074027
T  964  1 .1839329E+07   1000018E-01 -.1762E+03 -.4917E+02   .9999825 -.0058079  .0011043
T  965  1 .1845800E+07   1000016E-01  .2593E+03  .3459E+02   .9999657  .0075799  .0033406
T  966  1 .1851286E+07   1000017E-01 -.3275E+03 -.2219E+03   .9999464 -.0103410 -.0005558
T  967  1 .1838207E+07   1000017E-01  .7079E+03 -.3466E+02   .9999563  .0093373 -.0004864
T  968  1 .1847476E+07   1000019E-01  .5689E+02  .6463E+03   .9999687 -.0014183  .0077850
T  969  1 .1855684E+07   1000018E-01 -.8961E+02  .2444E+02   .9999774 -.0057379  .0035063
T  970  1 .1850120E+07   1000008E-01  .4531E+03 -.1308E+03   .9997306  .0225676 -.0054268
T  971  1 .1827105E+07   1000001E-01  .1104E+03 -.1089E+03   .9999856  .0018463 -.0050400
T  972  1 .1834764E+07   1000002E-01 -.5164E+03 -.9235E+03   .9999824 -.0050809 -.0030639
T  973  1 .1845320E+07   1000019E-01  .1316E+03  .2288E+03   .9999707  .0065294  .0039928
T  974  1 .1838246E+07   1000005E-01  .2435E+03  .9903E+02   .9998819 -.0057871  .0142361
T  975  1 .1845514E+07   1000016E-01  .1488E+03  .4344E+03   .9905193  .1105803  .0815079
T  976  1 .1836636E+07   1000000E-01 -.1731E+03  .2685E+03   .9999885  .0034044  .0033872
T  977  1 .1838140E+07   1000011E-01 -.8427E+03  .4079E+03   .9996304 -.0210575  .0171954
T  978  1 .1839686E+07   1000017E-01 -.7282E+02 -.3871E+03   .9999466  .0048213 -.0091437
T  979  1 .1833497E+07   1000000E-01  .6512E+03 -.2360E+03   .9996780  .0247973 -.0053831
T  980  1 .1849770E+07   1000007E-01 -.1055E+03 -.2174E+03   .9999895 -.0017717 -.0042355
T  981  1 .1839563E+07   1000018E-01 -.1962E+04 -.3632E+04   .9985789 -.0232723 -.0479433
T  982  1 .1849069E+07   1000012E-01  .1691E+02 -.7807E+02   .9999965  .0017651  .0019922
T  983  1 .1840004E+07   1000021E-01  .2209E+03 -.1117E+03   .9998825  .0081494 -.0129871
T  984  1 .1835669E+07   1000015E-01 -.1773E+04  .9953E+03   .9994635 -.0241893  .0220814
T  985  1 .1839408E+07   1000015E-01 -.3995E+03  .4460E+02   .9999792 -.0064230 -.0006604
T  986  1 .1826205E+07   1000018E-01  .1302E+03 -.7877E+02   .9999938  .0025238 -.0024471
T  987  1 .1848694E+07   1000015E-01  .2063E+03  .3590E+03   .9999137  .0065473  .0113921
T  988  1 .1856561E+07   1000006E-01 -.6046E+03  .2743E+03   .9999230 -.0056430  .0110550
T  989  1 .1829587E+07   1000009E-01 -.3494E+03  .1276E+03   .9999512 -.0055874  .0081414
T  990  1 .1853234E+07   1000019E-01  .9025E+02 -.1604E+03   .9999294  .0018589 -.0117370
T  991  1 .1834337E+07   1000003E-01 -.1518E+02 -.2263E+03   .9999598 -.0011161 -.0089003
T  992  1 .1838625E+07   1000010E-01 -.1427E+03  .4884E+02   .9999975 -.0017461  .0014002
T  993  1 .1817209E+07   1000019E-01  .7901E+01  .2239E+02   .9999842 -.0051363  .0022909
T  994  1 .1840313E+07   1000019E-01 -.3581E+03  .1965E+03   .9996754 -.0252794  .0031796
T  995  1 .1859849E+07   1000005E-01 -.1139E+03  .1147E+03   .9999968 -.0001021  .0025443
T  996  1 .1840138E+07   1000015E-01 -.2469E+03 -.5368E+03   .9991285 -.0221219 -.0353963
T  997  1 .1858899E+07   1000018E-01 -.8380E+00  .4148E+03   .9999794  .0013878  .0062632
T  998  1 .1831413E+07   1000014E-01 -.8031E+02 -.9396E+02   .9999989 -.0012543  .0007428
T  999  1 .1829485E+07   1000018E-01  .1862E+03  .3610E+03   .9999604 -.0039467  .0079714
T 1000  1 .1834113E+07   1000020E-01 -.9810E+03 -.3042E+03   .9998275 -.0157860 -.0097913
T 1001  1 .1856769E+07   1000020E-01  .8279E+02  .2631E+02   .9999994  .0009306  .0004963
T 1002  1 .1846938E+07   1000022E-01  .1171E+03 -.8318E+02   .9999906  .0039185  .0018388
T 1003  1 .1855511E+07   1000015E-01 -.2024E+04  .1648E+03   .9991392 -.0412641  .0042616
T 1004  1 .1849670E+07   1000007E-01  .6291E+02 -.8453E+02   .9999939  .0032997 -.0011826
T 1005  1 .1845128E+07   1000010E-01 -.7432E+03  .6278E+02   .9998201 -.0178994  .0062752
T 1006  1 .1843540E+07   1000018E-01  .5906E+03 -.1918E+03   .9998763  .0109202 -.0113200
T 1007  1 .1865748E+07   1000000E-01  .2511E+03  .2840E+03   .9999143  .0126902  .0032112
T 1008  1 .1855219E+07   1000016E-01 -.2605E+03  .3174E+03   .9999643 -.0071265 -.0045437
T 1009  1 .1829322E+07   1000015E-01  .1473E+03  .4616E+03   .9997325 -.0095141  .0210811
T 1010  1 .1840979E+07   1000003E-01 -.9538E+03  .1494E+03   .9997628 -.0209894  .0058158
T 1011  1 .1847256E+07   1000022E-01 -.3970E+03 -.3107E+03   .9999898  .0039178 -.0022597
T 1012  1 .1841796E+07   1000017E-01 -.2635E+03  .5395E+03   .9999374 -.0044656  .0102572
T 1013  1 .1864511E+07   1000001E-01  .1547E+03  .1028E+04   .9990663  .0066190  .0426942
T 1014  1 .1851156E+07   1000004E-01 -.5819E+02 -.3383E+02   .9999911 -.0007594 -.0041387
T 1015  1 .1834033E+07   1000010E-01 -.1158E+04  .1798E+03   .9994895 -.0283329  .0147636
T 1016  1 .1841244E+07   1000016E-01 -.1871E+03 -.2419E+03   .9999805 -.0031971 -.0053655
T 1017  1 .1845877E+07   1000005E-01 -.2908E+03  .4317E+03   .9999368  .0003637  .0112337
T 1018  1 .1831925E+07   1000018E-01  .1787E+03  .4602E+03   .9999988 -.0012980 -.0008474
T 1019  1 .1838738E+07   1000009E-01 -.1001E+03 -.1301E+03   .9999944 -.0028561  .0017318
T 1020  1 .1833199E+07   1000023E-01 -.9051E+02  .1415E+03   .9999562 -.0079584  .0049342
T 1021  1 .1838459E+07   1000020E-01  .1008E+03  .1239E+03   .9989471  .0442114  .0122476
T 1022  1 .1848357E+07   1000011E-01 -.1890E+03 -.3203E+03   .9998743 -.0116665 -.0107334
T 1023  1 .1843322E+07   1000007E-01 -.6788E+03  .1100E+04   .9998000 -.0178079  .0090974
T 1024  1 .1835364E+07   1000006E-01 -.1347E+03 -.4051E+02   .9999982 -.0010879  .0015535
T 1025  1 .1860106E+07   1000010E-01 -.1343E+03  .1283E+03   .9999853 -.0043540  .0032257
T 1026  1 .1845710E+07   1000018E-01 -.2182E+03  .1642E+02   .9999961 -.0027848 -.0001947
T 1027  1 .1833873E+07   1000009E-01 -.4047E+03  .9538E+03   .9999010 -.0074051  .0119642
T 1028  1 .1844446E+07   1000012E-01 -.8226E+02  .2393E+03   .9998998 -.0098115  .0102004
T 1029  1 .1839341E+07   1000021E-01  .3967E+03  .2310E+03   .9999511  .0054796  .0082265
T 1030  1 .1842655E+07   1000006E-01  .1885E+03  .5889E+03   .9999906 -.0000625  .0043459
T 1031  1 .1862274E+07   1000017E-01 -.2764E+03 -.1228E+03   .9999837 -.0054907 -.0015507
T 1032  1 .1850134E+07   1000014E-01 -.1422E+03  .1558E+03   .9999979 -.0004342 -.0020006
T 1033  1 .1841751E+07   1000020E-01  .7091E+02 -.1064E+03   .9999824  .0037789 -.0045764
T 1034  1 .1854912E+07   1000012E-01 -.1601E+04 -.5725E+03   .9996944 -.0225308 -.0101748
T 1035  1 .1844345E+07   1000023E-01  .1167E+03 -.2402E+03   .9999627  .0041638 -.0075647
T 1036  1 .1844274E+07   1000006E-01 -.9018E+03 -.5005E+03   .9997796 -.0167432 -.0126634
T 1037  1 .1853511E+07   1000018E-01  .1230E+03 -.1605E+03   .9999198  .0059958 -.0111567
T 1038  1 .1851588E+07   1000022E-01  .3218E+02  .1326E+02   .9992402  .0342916  .0185207
T 1039  1 .1848441E+07   1000004E-01  .5288E+03  .2771E+03   .9999899 -.0044596 -.0005692
T 1040  1 .1837722E+07   1000011E-01 -.4477E+03  .6139E+03   .9999695 -.0035277  .0069614
T 1041  1 .1852153E+07   1000019E-01 -.5874E+02 -.2102E+03   .9998944 -.0062190 -.0131344
T 1042  1 .1854151E+07   1000003E-01  .6518E+03  .1386E+03   .9998502  .0160415  .0065005
T 1043  1 .1838995E+07   1000011E-01  .5050E+03 -.3156E+03   .9998307  .0061660 -.0173378
T 1044  1 .1830217E+07   1000003E-01 -.1462E+02  .7436E+02   .9999982  .0006821  .0017485
T 1045  1 .1854503E+07   1000008E-01 -.6253E+02 -.1126E+03   .9999912  .0027269  .0031816
T 1046  1 .1846026E+07   1000022E-01 -.4779E+03  .8160E+03   .9999165 -.0031572  .0125322
T 1047  1 .1835477E+07   1000007E-01 -.1119E+03 -.4345E+03   .9999627 -.0050126 -.0070362
T 1048  1 .1853772E+07   1000006E-01  .5942E+03 -.2638E+03   .9998732  .0157376 -.0024140
T 1049  1 .1854007E+07   1000014E-01 -.1024E+03 -.2124E+03   .9999766  .0024897 -.0063767
T 1050  1 .1832011E+07   1000020E-01  .1568E+03 -.8289E+02   .9999687  .0066237 -.0043315
T 1051  1 .1853010E+07   1000016E-01  .3232E+03  .4000E+03   .9998713  .0130404  .0093446
T 1052  1 .1862656E+07   1000005E-01 -.7089E+03  .2648E+03   .9999434 -.0097565  .0042380
T 1053  1 .1840303E+07   1000009E-01 -.3387E+02 -.9669E+01   .9999970 -.0020678  .0013305
T 1054  1 .1858641E+07   1000012E-01 -.3959E+03 -.3326E+02   .9999312 -.0072737  .0092016
T 1055  1 .1823832E+07   1000019E-01  .1615E+04  .1895E+04   .9994708  .0310129  .0098152
T 1056  1 .1837613E+07   1000003E-01  .3193E+03 -.2079E+03   .9999388  .0102776 -.0041007
T 1057  1 .1835078E+07   1000006E-01  .3223E+03  .4610E+03   .9999705  .0076651  .0005493
T 1058  1 .1854896E+07   1000019E-01 -.2368E+03  .1105E+03   .9999779 -.0065697  .0010261
T 1059  1 .1849192E+07   1000017E-01 -.5248E+03  .2083E+04   .9992992 -.0065259  .0368571
T 1060  1 .1853450E+07   1000015E-01 -.1900E+03 -.1154E+03   .9999885 -.0045221 -.0016141
T 1061  1 .1848143E+07   1000018E-01 -.1637E+03  .3273E+03   .9999435 -.0014543  .0105323
T 1062  1 .1838532E+07   1000009E-01  .2407E+02  .2220E+03   .9999777  .0027106  .0061056
T 1063  1 .1849499E+07   1000009E-01 -.3763E+03 -.3500E+03   .9999625 -.0023049 -.0083522
T 1064  1 .1835757E+07   1000017E-01  .5317E+03  .7108E+03   .9999102  .0090332  .0099035
T 1065  1 .1837747E+07   1000022E-01 -.2552E+03  .4420E+02   .9999938 -.0018183 -.0030077
T 1066  1 .1853588E+07   1000001E-01  .9780E+03 -.2763E+03   .9997411  .0224860 -.0034679
T 1067  1 .1829273E+07   1000012E-01  .9603E+02 -.1308E+03   .9999977 -.0014430  .0015776
T 1068  1 .1843412E+07   1000022E-01  .1244E+03 -.2346E+03   .9999749  .0061250  .0035522
T 1069  1 .1862287E+07   1000006E-01  .2828E+03  .3110E+02   .9999965  .0021540 -.0015054
T 1070  1 .1830124E+07   1000003E-01 -.3709E+03  .2952E+03   .9999642 -.0069059  .0048834
T 1071  1 .1837611E+07   1000012E-01 -.1624E+02 -.3148E+03   .9999987 -.0016142 -.0001900
T 1072  1 .1851709E+07   1000001E-01  .7342E+02  .1257E+03   .9999277  .0082465  .0087557
T 1073  1 .1849558E+07   1000021E-01  .4208E+03 -.1298E+03   .9999547  .0094733  .0009092
T 1074  1 .1838266E+07   1000019E-01  .2925E+03 -.2123E+03   .9999168  .0116049  .0056327
T 1075  1 .1839320E+07   1000004E-01 -.4534E+02 -.1821E+03   .9998915  .0004873 -.0147234
T 1076  1 .1846364E+07   1000010E-01  .6796E+03 -.2529E+03   .9998654  .0110068 -.0121637
T 1077  1 .1852754E+07   1000012E-01 -.2273E+02  .7491E+01   .9999988 -.0004175  .0014892
T 1078  1 .1859859E+07   1000006E-01 -.3812E+03  .1949E+03   .9999182 -.0026211  .0125198
T 1079  1 .1839754E+07   1000008E-01  .5424E+00 -.1600E+03   .9999649  .0026156 -.0079565
T 1080  1 .1850920E+07   1000019E-01  .1835E+02 -.1338E+03   .9999691  .0020850 -.0075775
T 1081  1 .1846948E+07   1000022E-01 -.3652E+03 -.2127E+03   .9999901 -.0041305 -.0016413
T 1082  1 .1834694E+07   1000022E-01 -.2019E+03  .1172E+03   .9999889 -.0046074  .0009421
T 1083  1 .1822010E+07   1000009E-01  .6276E+03  .9413E+02   .9999894  .0027933 -.0036737
T 1084  1 .1833599E+07   1000016E-01 -.5044E+03 -.1788E+03   .9999754 -.0052957 -.0045950
T 1085  1 .1838435E+07   1000020E-01 -.4544E+03 -.1225E+03   .9997316  .0121832 -.0197037
T 1086  1 .1856766E+07   1000018E-01  .8611E+02 -.5408E+02   .9999970  .0024467 -.0001506
T 1087  1 .1834118E+07   1000001E-01 -.9407E+02  .1162E+03   .9999928 -.0004396 -.0037813
T 1088  1 .1834865E+07   1000013E-01  .1241E+03  .1039E+03   .9999645  .0073521  .0041257
T 1089  1 .1841076E+07   1000009E-01 -.3842E+03 -.2892E+02   .9999953 -.0009799  .0029030
T 1090  1 .1853221E+07   1000022E-01 -.1860E+03  .2251E+03   .9999520  .0086383  .0046335
T 1091  1 .1855332E+07   1000007E-01  .1459E+03  .3329E+03   .9999928  .0028467  .0024998
T 1092  1 .1845567E+07   1000016E-01  .1058E+03  .7701E+01   .9999882 -.0043367  .0021944
T 1093  1 .1852094E+07   1000006E-01 -.3025E+03 -.1449E+03   .9999796  .0023237 -.0059414
T 1094  1 .1841223E+07   1000022E-01  .1790E+03  .2967E+03   .9999245  .0060845  .0106751
T 1095  1 .1837340E+07   1000010E-01 -.1121E+03 -.1034E+03   .9999969 -.0007777 -.0023780
T 1096  1 .1845412E+07   1000002E-01  .5305E+03  .1027E+03   .9999830  .0056276 -.0015293
T 1097  1 .1849148E+07   1000019E-01  .1875E+04  .1297E+04   .9996776  .0227586  .0112605
T 1098  1 .1840536E+07   1000019E-01  .3432E+03 -.8200E+02   .9999999  .0002583 -.0002686
T 1099  1 .1835603E+07   1000013E-01 -.2619E+03 -.6512E+03   .9999083 -.0057203 -.0122784
T 1100  1 .1847380E+07   1000011E-01  .1820E+04  .6571E+03   .9995110  .0298343  .0093625
T 1101  1 .1866023E+07   1000021E-01  .4482E+03 -.1546E+03   .9997860  .0204756  .0029397
T 1102  1 .1840950E+07   1000019E-01  .1204E+03  .3139E+02   .9999993  .0007402 -.0009268
T 1103  1 .1838075E+07   1000004E-01 -.2437E+02 -.9789E+02   .9999980 -.0019079  .0005296
T 1104  1 .1838280E+07   1000017E-01 -.3889E+03 -.2176E+03   .9999806 -.0041093 -.0046842
T 1105  1 .1845902E+07   1000019E-01 -.3107E+02 -.2708E+03   .9999911 -.0042254  .0001666
T 1106  1 .1847945E+07   1000006E-01 -.3420E+03  .1946E+03   .9999527 -.0097107  .0004815
T 1107  1 .1841318E+07   1000018E-01 -.1805E+03  .3987E+03   .9998205 -.0084064  .0169803
T 1108  1 .1843748E+07   1000000E-01 -.2572E+03 -.1087E+04   .9993918 -.0062751 -.0343023
T 1109  1 .1854499E+07   1000000E-01  .1436E+03  .4983E+03   .9999738 -.0040799  .0059738
T 1110  1 .1821432E+07   1000018E-01  .3701E+03  .2502E+03   .9999621  .0072120  .0048672
T 1111  1 .1856504E+07   1000008E-01  .2157E+03  .2723E+03   .9999963  .0017749 -.0020546
T 1112  1 .1841933E+07   1000018E-01  .1306E+04 -.4891E+01   .9998191  .0182145 -.0054743
T 1113  1 .1825382E+07   1000022E-01  .1396E+04 -.5120E+03   .9998073  .0172982 -.0092859
T 1114  1 .1838386E+07   1000020E-01 -.1089E+03 -.6654E+02   .9999896 -.0043373 -.0013768
T 1115  1 .1853094E+07   1000001E-01  .1271E+02  .4251E+02   .9999921  .0012190  .0037825
T 1116  1 .1839111E+07   1000001E-01  .1135E+03  .1111E+03   .9999914 -.0002187 -.0041373
T 1117  1 .1837932E+07   1000022E-01  .2276E+03  .2772E+03   .9999907  .0040956  .0013857
T 1118  1 .1843759E+07   1000022E-01  .3692E+02 -.6880E+03   .9999575 -.0003586 -.0092128
T 1119  1 .1824627E+07   1000002E-01 -.1296E+03 -.2409E+03   .9999979 -.0016515  .0012058
T 1120  1 .1847513E+07   1000014E-01 -.3684E+03  .1073E+03   .9999763 -.0017463  .0066532
T 1121  1 .1854084E+07   1000001E-01 -.1049E+03 -.1201E+03   .9999739 -.0032059  .0064692
T 1122  1 .1847583E+07   1000021E-01 -.3227E+03 -.4094E+01   .9999802 -.0062711 -.0004719
T 1123  1 .1854635E+07   1000015E-01 -.4006E+01 -.1591E+03   .9999668  .0014458 -.0080243
T 1124  1 .1863265E+07   1000003E-01 -.3788E+03 -.1658E+03   .9999786 -.0038996 -.0052540
T 1125  1 .1837291E+07   1000017E-01  .2052E+02 -.1524E+03   .9999396  .0070559 -.0084262
T 1126  1 .1833403E+07   1000010E-01 -.3051E+03  .2107E+03   .9999836 -.0046712  .0033164
T 1127  1 .1843211E+07   1000017E-01 -.1897E+03 -.1658E+03   .9999902 -.0038241 -.0022528
T 1128  1 .1836497E+07   1000013E-01 -.3010E+03 -.2042E+03   .9999983 -.0018056  .0003061
T 1129  1 .1836139E+07   1000021E-01 -.3455E+03 -.3553E+03   .9999950  .0030125  .0009886
T 1130  1 .1846541E+07   1000014E-01 -.5360E+02 -.2334E+03   .9999913 -.0001313 -.0041635
T 1131  1 .1862451E+07   1000016E-01  .4603E+03 -.3886E+03   .9998142  .0078962 -.0175864
T 1132  1 .1857608E+07   1000008E-01 -.5492E+02  .4109E+02   .9999988 -.0012733 -.0008457
T 1133  1 .1842796E+07   1000019E-01  .1725E+04 -.2897E+04   .9991686  .0246127 -.0325024
T 1134  1 .1844157E+07   1000021E-01 -.4771E+03  .2115E+03   .9999291 -.0113242 -.0036873
T 1135  1 .1855321E+07   1000010E-01  .3163E+03  .5580E+02   .9999808  .0046238 -.0041261
T 1136  1 .1839557E+07   1000005E-01  .3658E+03  .1592E+02   .9999201  .0126091  .0009414
T 1137  1 .1834530E+07   1000019E-01  .3308E+03  .5690E+03   .9998793  .0009339  .0155106
T 1138  1 .1825452E+07   1000018E-01  .2369E+03 -.1300E+04   .9993385  .0153324 -.0329763
T 1139  1 .1850802E+07   1000022E-01  .4288E+02 -.1752E+03   .9999873  .0034778 -.0036462
T 1140  1 .1849653E+07   1000014E-01  .9470E+02 -.2038E+03   .9999141  .0110462 -.0070539
T 1141  1 .1863162E+07   1000003E-01 -.1340E+03  .1205E+03   .9999888 -.0046932 -.0006768
T 1142  1 .1864167E+07   1000009E-01  .2159E+03  .3466E+03   .9999666  .0048457  .0065782
T 1143  1 .1852936E+07   1000012E-01 -.2524E+03 -.8854E+02   .9999882 -.0032354  .0036325
T 1144  1 .1846549E+07   1000017E-01  .3475E+02  .4276E+02   .9999692  .0074077  .0026084
T 1145  1 .1828223E+07   1000003E-01 -.3631E+03 -.6847E+03   .9997373 -.0112722 -.0199555
T 1146  1 .1861560E+07   1000001E-01  .2514E+03 -.2149E+03   .9999950 -.0030189 -.0009091
T 1147  1 .1839458E+07   1000016E-01  .1006E+04 -.8871E+03   .9997485  .0146822 -.0169515
T 1148  1 .1843868E+07   1000013E-01  .4128E+03 -.4458E+02   .9999320  .0099536 -.0060757
T 1149  1 .1848131E+07   1000002E-01 -.1868E+03 -.5267E+03   .9999625 -.0046870 -.0072870
T 1150  1 .1834332E+07   1000003E-01 -.3918E+03 -.5153E+03   .9999317 -.0007780 -.0116652
T 1151  1 .1836372E+07   1000015E-01  .4231E+03 -.4515E+03   .9999655  .0021588 -.0080248
T 1152  1 .1855952E+07   1000022E-01  .3209E+03  .2007E+03   .9999669  .0063840  .0050513
T 1153  1 .1835204E+07   1000005E-01 -.3238E+03 -.1012E+03   .9999823 -.0058289 -.0011973
T 1154  1 .1856901E+07   1000007E-01 -.5725E+03  .2815E+03   .9999904 -.0039436 -.0018986
T 1155  1 .1846986E+07   1000021E-01  .4801E+02  .6270E+02   .9998743 -.0101712  .0121603
T 1156  1 .1848127E+07   1000015E-01 -.3290E+03 -.1408E+02   .9999777 -.0002653 -.0066764
T 1157  1 .1837538E+07   1000004E-01  .2285E+03 -.4285E+02   .9999991  .0005796  .0012339
T 1158  1 .1838988E+07   1000021E-01 -.5883E+02  .2633E+03   .9999649 -.0074637  .0038140
T 1159  1 .1846699E+07   1000014E-01  .3974E+03  .7767E+02   .9997731  .0157842  .0143038
T 1160  1 .1847908E+07   1000020E-01  .1178E+02 -.5415E+02   .9999614  .0027550 -.0083415
T 1161  1 .1848878E+07   1000012E-01  .1964E+03 -.4650E+03   .9999334  .0050074 -.0103980
T 1162  1 .1860604E+07   1000019E-01 -.3043E+03  .5038E+03   .9999673 -.0043579  .0068149
T 1163  1 .1838015E+07   1000000E-01 -.1234E+03 -.1371E+03   .9999911  .0029647 -.0030163
T 1164  1 .1844256E+07   1000018E-01 -.2503E+03  .6451E+03   .9999842 -.0031932  .0046223
T 1165  1 .1865236E+07   1000019E-01  .2226E+02 -.2261E+03   .9999650 -.0022510 -.0080526
T 1166  1 .1855280E+07   1000020E-01  .1618E+02  .1252E+03   .9999984  .0012753  .0012423
T 1167  1 .1831475E+07   1000021E-01 -.7888E+02 -.2781E+03   .9998325  .0017979 -.0182113
T 1168  1 .1849746E+07   1000004E-01 -.9673E+03 -.5205E+02   .9998824 -.0153230 -.0006432
T 1169  1 .1842169E+07   1000013E-01  .3982E+03  .1741E+03   .9999466  .0101543  .0018950
T 1170  1 .1837778E+07   1000001E-01  .1152E+02 -.5282E+03   .9999458 -.0041291 -.0095559
T 1171  1 .1841362E+07   1000000E-01 -.4003E+03 -.3458E+03   .9999996 -.0002123 -.0008532
T 1172  1 .1848790E+07   1000015E-01  .4685E+03  .8846E+02   .9999863  .0047359 -.0022135
T 1173  1 .1829523E+07   1000008E-01  .2211E+03 -.2692E+03   .9999700  .0026991 -.0072582
T 1174  1 .1857566E+07   1000021E-01  .2335E+03 -.5020E+02   .9999751  .0068184  .0018069
T 1175  1 .1852070E+07   1000022E-01  .9510E+02  .1819E+03   .9999759 -.0001069  .0069390
T 1176  1 .1856114E+07   1000007E-01 -.1714E+03 -.2436E+03   .9999841  .0001886 -.0056336
T 1177  1 .1847431E+07   1000009E-01 -.3039E+03 -.4912E+03   .9999790 -.0010538 -.0063995
T 1178  1 .1831974E+07   1000018E-01  .2003E+03 -.3657E+03   .9999633  .0020831 -.0083064
T 1179  1 .1847654E+07   1000015E-01 -.8553E+02  .7734E+02   .9999904 -.0038731  .0020279
T 1180  1 .1835217E+07   1000012E-01  .1875E+03 -.2392E+02   .9999889 -.0046514  .0007761
T 1181  1 .1835254E+07   1000013E-01  .3546E+02  .7668E+02   .9999758  .0012625  .0068434
T 1182  1 .1827603E+07   1000000E-01  .4116E+03 -.2052E+03   .9999752  .0067855 -.0018697
T 1183  1 .1849657E+07   1000005E-01 -.5213E+03  .1835E+03   .9999533 -.0093627  .0023898
T 1184  1 .1852436E+07   1000017E-01  .6089E+02  .1000E+03   .9999804  .0061982 -.0008891
T 1185  1 .1839004E+07   1000006E-01 -.3467E+03 -.2037E+03   .9999442 -.0069324 -.0079696
T 1186  1 .1836347E+07   1000011E-01 -.3441E+03  .2247E+03   .9999802 -.0052059  .0035338
T 1187  1 .1849029E+07   1000018E-01  .1605E+02  .1526E+02   .9999927  .0034884 -.0015312
T 1188  1 .1847072E+07   1000017E-01 -.1331E+04  .6545E+02   .9998566 -.0167490  .0024977
T 1189  1 .1858089E+07   1000022E-01  .5943E+03  .7985E+03   .9998468  .0096097  .0146281
T 1190  1 .1837486E+07   1000009E-01  .1086E+03  .4094E+03   .9999860  .0020988  .0048503
T 1191  1 .1842471E+07   1000020E-01 -.2519E+03  .4688E+03   .9998205 -.0051011  .0182463
T 1192  1 .1843995E+07   1000006E-01  .1893E+02 -.2985E+02   .9999973  .0010928 -.0020387
T 1193  1 .1837757E+07   1000022E-01 -.6565E+02  .8887E+02   .9999992 -.0000155  .0012609
T 1194  1 .1850989E+07   1000016E-01 -.3778E+03  .4670E+03   .9998428 -.0139541  .0109421
T 1195  1 .1833790E+07   1000005E-01 -.2873E+03 -.1341E+03   .9999705  .0005314 -.0076684
T 1196  1 .1858756E+07   1000021E-01  .2977E+03 -.8549E+01   .9999850  .0041185 -.0036117
T 1197  1 .1844346E+07   1000021E-01  .2092E+02  .1704E+03   .9999511  .0044417  .0088357
T 1198  1 .1839685E+07   1000008E-01  .4513E+03  .5403E+02   .9998998  .0102592 -.0097500
T 1199  1 .1855898E+07   1000019E-01  .4116E+03  .3063E+03   .9998524  .0171535  .0009240
T 1200  1 .1841252E+07   1000015E-01 -.2456E+03  .2273E+03   .9999372 -.0090417  .0066173
T 1201  1 .1858383E+07   1000022E-01  .1991E+02  .1224E+03   .9999897 -.0004475  .0045196
T 1202  1 .1838533E+07   1000004E-01  .1895E+02  .2800E+03   .9999934  .0028861  .0022070
T 1203  1 .1821321E+07   1000009E-01  .9243E+03  .1389E+03   .9999491  .0100532  .0008122
T 1204  1 .1843528E+07   1000021E-01  .1546E+03 -.3773E+03   .9999549  .0006368 -.0094728
T 1205  1 .1851589E+07   1000012E-01 -.4949E+03 -.2760E+03   .9999754 -.0019551 -.0067369
T 1206  1 .1835515E+07   1000010E-01 -.8645E+03 -.2832E+03   .9969958 -.0748861 -.0197841
T 1207  1 .1840768E+07   1000008E-01  .1408E+04  .1278E+02   .9998123  .0190348  .0036015
T 1208  1 .1836904E+07   1000019E-01  .3016E+03  .1913E+03   .9999539  .0096013 -.0000676
T 1209  1 .1842765E+07   1000015E-01 -.4471E+03 -.6675E+03   .9998929  .0001868 -.0146367
T 1210  1 .1846112E+07   1000013E-01 -.2434E+03 -.1360E+03   .9999579 -.0014206 -.0090660
T 1211  1 .1846957E+07   1000003E-01  .4973E+03  .3729E+02   .9999626  .0077407  .0038498
T 1212  1 .1852370E+07   1000000E-01 -.4673E+03 -.6803E+03   .9999682 -.0079663  .0002023
T 1213  1 .1824905E+07   1000005E-01 -.3685E+02 -.2314E+02   .9999817 -.0056091 -.0022531
T 1214  1 .1842767E+07   1000020E-01 -.1114E+03  .3440E+03   .9999968 -.0016187  .0019247
T 1215  1 .1849507E+07   1000018E-01  .3286E+03 -.3037E+03   .9999619  .0071816 -.0049666
T 1216  1 .1868099E+07   1000019E-01  .2621E+03 -.5068E+03   .9994354 -.0167673 -.0291175
T 1217  1 .1845136E+07   1000018E-01  .1467E+04 -.1222E+04   .9992177  .0346178 -.0191189
T 1218  1 .1846994E+07   1000010E-01  .1392E+03 -.5280E+03   .9999653  .0048575 -.0067627
T 1219  1 .1853858E+07   1000007E-01 -.8538E+01  .3656E+02   .9999972  .0023852 -.0000305
T 1220  1 .1854683E+07   1000012E-01 -.8859E+02 -.1119E+03   .9999992 -.0005052 -.0011900
T 1221  1 .1838589E+07   1000000E-01 -.9982E+02  .2193E+03   .9999502 -.0093330  .0035326
T 1222  1 .1857689E+07   1000014E-01  .2705E+02 -.7466E+02   .9999949  .0032058 -.0000939
T 1223  1 .1837292E+07   1000011E-01 -.8615E+02  .2725E+02   .9999912 -.0038839 -.0015889
T 1224  1 .1840129E+07   1000007E-01  .7234E+03  .1856E+04   .9995352  .0057300  .0299421
T 1225  1 .1837734E+07   1000015E-01 -.4788E+03  .2532E+03   .9999698 -.0019996  .0075108
T 1226  1 .1843809E+07   1000000E-01  .5532E+03 -.4036E+03   .9998426  .0157238 -.0082149
T 1227  1 .1857223E+07   1000014E-01 -.1332E+03  .4926E+03   .9999921 -.0011026 -.0038293
T 1228  1 .1854407E+07   1000016E-01 -.3428E+03 -.3675E+03   .9999933 -.0003046 -.0036491
T 1229  1 .1833212E+07   1000020E-01 -.1075E+03 -.1388E+03   .9999962 -.0027613 -.0002670
T 1230  1 .1826501E+07   1000014E-01 -.2335E+03  .1089E+03   .9999937 -.0033952  .0010384
T 1231  1 .1851314E+07   1000009E-01 -.4825E+03 -.3988E+03   .9999685 -.0058576 -.0053503
T 1232  1 .1862954E+07   1000022E-01 -.1766E+02 -.1660E+02   .9999999  .0000480 -.0002599
T 1233  1 .1836777E+07   1000016E-01  .3522E+03  .2821E+02   .9998132  .0173644 -.0084825
T 1234  1 .1838707E+07   1000023E-01  .5486E+02 -.1745E+03   .9999483  .0082554 -.0059373
T 1235  1 .1839648E+07   1000011E-01 -.1659E+03  .1143E+03   .9999877 -.0032738  .0037384
T 1236  1 .1861040E+07   1000013E-01  .3413E+02 -.3426E+02   .9999545  .0058995  .0074976
T 1237  1 .1833927E+07   1000014E-01  .1199E+03  .4945E+03   .9999679 -.0039940  .0069388
T 1238  1 .1842722E+07   1000003E-01 -.2839E+03 -.1384E+03   .9999738 -.0061314 -.0038406
T 1239  1 .1863867E+07   1000010E-01 -.3676E+03 -.3378E+03   .9999112 -.0090012 -.0098269
T 1240  1 .1848797E+07   1000020E-01 -.4000E+03 -.1923E+03   .9999716 -.0071732 -.0023226
T 1241  1 .1851214E+07   1000000E-01 -.6528E+02  .1638E+03   .9999946  .0018341  .0027309
T 1242  1 .1846054E+07   1000016E-01 -.4564E+03  .4260E+02   .9999843 -.0055101 -.0010502
T 1243  1 .1850605E+07   1000006E-01  .1644E+03  .2278E+03   .9999797  .0060952 -.0018439
T 1244  1 .1836622E+07   1000008E-01 -.1439E+03  .2126E+03   .9999397 -.0084117  .0070621
T 1245  1 .1852948E+07   1000011E-01 -.4560E+02  .2538E+03   .9999273  .0049290  .0110031
T 1246  1 .1834577E+07   1000020E-01 -.1095E+03  .3448E+03   .9999621  .0017790  .0085221
T 1247  1 .1848682E+07   1000019E-01  .6617E+03  .5488E+04   .9915836  .0078122  .1292324
T 1248  1 .1829776E+07   1000004E-01  .3848E+02 -.4093E+03   .9998945 -.0026039 -.0142871
T 1249  1 .1836901E+07   1000021E-01 -.3876E+03  .6566E+02   .9999680 -.0037689 -.0070512
T 1250  1 .1845841E+07   1000014E-01 -.1473E+03  .4878E+03   .9998806 -.0059310  .0142705
T 1251  1 .1854601E+07   1000021E-01 -.6241E+02  .4971E+02   .9999951  .0028750  .0012569
T 1252  1 .1844993E+07   1000021E-01 -.4153E+02  .6386E+02   .9999867 -.0024386 -.0045475
T 1253  1 .1842433E+07   1000006E-01 -.2195E+02 -.1635E+03   .9999937  .0026381 -.0023653
T 1254  1 .1837703E+07   1000009E-01  .3910E+03  .1179E+03   .9999906  .0040539 -.0015104
T 1255  1 .1829672E+07   1000012E-01 -.5966E+02  .6149E+02   .9999413 -.0005956  .0108196
T 1256  1 .1843478E+07   1000000E-01  .5507E+03  .1905E+03   .9999547  .0094792  .0008069
T 1257  1 .1827874E+07   1000015E-01  .1165E+03  .1343E+03   .9999990 -.0005129  .0012829
T 1258  1 .1837066E+07   1000003E-01 -.3357E+03 -.8629E+03   .9996868 -.0243538 -.0057696
T 1259  1 .1823229E+07   1000012E-01 -.2270E+03 -.6451E+02   .9998891 -.0137922 -.0056156
T 1260  1 .1855786E+07   1000019E-01  .1725E+03 -.7454E+03   .9994676  .0092942 -.0312741
T 1261  1 .1832166E+07   1000015E-01 -.7573E+02  .6831E+02   .9999790 -.0064242 -.0008816
T 1262  1 .1853353E+07   1000021E-01  .5939E+03  .3484E+03   .9998894  .0102414  .0107875
T 1263  1 .1843152E+07   1000000E-01  .4027E+03  .6252E+03   .9999798  .0020608  .0060048
T 1264  1 .1848401E+07   1000021E-01  .1314E+04  .4028E+03   .9996284  .0220865  .0159750
T 1265  1 .1843559E+07   1000002E-01 -.5471E+03 -.6230E+03   .9998769 -.0082607 -.0133422
T 1266  1 .1858861E+07   1000005E-01 -.5159E+03 -.3740E+03   .9999023 -.0123317 -.0065876
T 1267  1 .1839074E+07   1000022E-01  .9177E+02 -.9381E+02   .9999743  .0011068 -.0070773
T 1268  1 .1836245E+07   1000004E-01 -.4517E+03 -.8655E+02   .9998562 -.0163109  .0046508
T 1269  1 .1834737E+07   1000010E-01  .1023E+03 -.5179E+01   .9999888  .0038525 -.0027584
T 1270  1 .1833335E+07   1000006E-01 -.1411E+02 -.7841E+02   .9999903 -.0034864 -.0026778
T 1271  1 .1868555E+07   1000021E-01  .2191E+03  .7145E+03   .9998360  .0067776  .0167962
T 1272  1 .1832832E+07   1000020E-01  .3290E+03 -.1780E+03   .9999667  .0075157 -.0031754
T 1273  1 .1836253E+07   1000000E-01  .1131E+03 -.3031E+03   .9999642  .0047898 -.0069741
T 1274  1 .1835893E+07   1000014E-01  .7761E+02  .1125E+03   .9999259 -.0038784  .0115420
T 1275  1 .1837353E+07   1000016E-01 -.4063E+02  .2538E+03   .9999767  .0038108  .0056696
T 1276  1 .1837724E+07   1000020E-01  .7376E+02  .3031E+02   .9999966  .0022473  .0013572
T 1277  1 .1834381E+07   1000001E-01 -.5256E+03  .2094E+03   .9999101 -.0131886  .0024063
T 1278  1 .1848981E+07   1000022E-01  .2210E+03 -.3747E+03   .9999586  .0075680 -.0050487
T 1279  1 .1857864E+07   1000011E-01  .2665E+03 -.3067E+02   .9999983  .0014867 -.0011074
T 1280  1 .1845350E+07   1000018E-01  .3000E+03  .9210E+02   .9999678  .0078695  .0015690
T 1281  1 .1845392E+07   1000017E-01  .6511E+03 -.1026E+03   .9998229  .0179389  .0056946
T 1282  1 .1854158E+07   1000017E-01  .1397E+03  .3493E+03   .9999843  .0053221  .0017816
T 1283  1 .1838904E+07   1000022E-01  .9597E+02  .6093E+03   .9999246  .0015736  .0121798
T 1284  1 .1828186E+07   1000015E-01  .1088E+04  .2884E+03   .9998582  .0168240 -.0007187
T 1285  1 .1850626E+07   1000019E-01  .1024E+03 -.8909E+02   .9999998  .0006616  .0000878
T 1286  1 .1837291E+07   1000018E-01 -.3399E+03 -.3288E+03   .9997871 -.0205920 -.0013354
T 1287  1 .1848775E+07   1000000E-01 -.3379E+03  .1546E+03   .9999238 -.0118812  .0033378
T 1288  1 .1827224E+07   1000003E-01 -.9739E+03  .2551E+03   .9997062 -.0226289  .0086847
T 1289  1 .1850090E+07   1000000E-01 -.1819E+02  .3916E+02   .9999881  .0031042  .0037644
T 1290  1 .1835222E+07   1000012E-01  .4008E+02 -.3025E+01   .9999901  .0038431 -.0022427
T 1291  1 .1851524E+07   1000002E-01 -.2312E+03 -.3669E+03   .9999863 -.0024297 -.0046304
T 1292  1 .1830250E+07   1000017E-01  .4396E+02 -.1315E+03   .9999978 -.0006495 -.0019719
T 1293  1 .1848076E+07   1000021E-01  .4330E+03 -.8895E+02   .9999954  .0030334 -.0000886
T 1294  1 .1843808E+07   1000013E-01  .2187E+03 -.1662E+03   .9999804 -.0050768 -.0036623
T 1295  1 .1855923E+07   1000011E-01 -.4022E+03  .1799E+03   .9999792 -.0062918  .0014198
T 1296  1 .1851542E+07   1000012E-01 -.1949E+04  .5109E+03   .9992648 -.0379080 -.0057373
T 1297  1 .1855830E+07   1000016E-01 -.3815E+03  .1718E+03   .9999849 -.0048732  .0025300
T 1298  1 .1838533E+07   1000009E-01 -.7463E+03  .8231E+03   .9996851 -.0190414  .0163457
T 1299  1 .1842799E+07   1000021E-01  .5258E+02  .2508E+03   .9999885  .0013767  .0045841
T 1300  1 .1836746E+07   1000010E-01 -.2651E+03  .1120E+03   .9999537 -.0076898 -.0057804
T 1301  1 .1863467E+07   1000021E-01 -.5979E+03  .1096E+04   .9998500 -.0115024  .0129481
T 1302  1 .1847228E+07   1000001E-01 -.2728E+03 -.3100E+03   .9999979 -.0003503 -.0020229
T 1303  1 .1837914E+07   1000019E-01 -.6997E+03 -.6874E+03   .9999040 -.0109135 -.0085399
T 1304  1 .1832908E+07   1000016E-01 -.2439E+03 -.4545E+03   .9999376 -.0029058 -.0107904
T 1305  1 .1847074E+07   1000014E-01  .1308E+03 -.3809E+03   .9999791 -.0056919 -.0030771
T 1306  1 .1838892E+07   1000018E-01 -.1420E+03  .1308E+04   .9997871 -.0060598  .0197253
T 1307  1 .1846396E+07   1000022E-01  .1338E+04 -.3702E+03   .9998987  .0065922 -.0126151
T 1308  1 .1836446E+07   1000019E-01 -.4042E+03  .7479E+01   .9999799 -.0029007 -.0056349
T 1309  1 .1855407E+07   1000022E-01 -.4793E+01 -.2031E+03   .9998830  .0125153 -.0087935
T 1310  1 .1858788E+07   1000022E-01  .2817E+03  .8343E+02   .9999745  .0064068  .0031423
T 1311  1 .1838370E+07   1000020E-01 -.3981E+03  .9871E+03   .9998558 -.0009026  .0169603
T 1312  1 .1857977E+07   1000021E-01 -.1559E+03 -.1181E+04   .9998310 -.0031112 -.0181184
T 1313  1 .1860028E+07   1000017E-01  .3028E+03  .4837E+03   .9999774  .0049923  .0045052
T 1314  1 .1833589E+07   1000006E-01 -.1753E+02 -.1416E+03   .9999976 -.0010333 -.0019525
T 1315  1 .1841593E+07   1000006E-01  .2072E+04 -.4201E+03   .9992910  .0363731 -.0097163
T 1316  1 .1830156E+07   1000016E-01 -.5589E+03  .1828E+03   .9998498 -.0166753  .0047305
T 1317  1 .1853905E+07   1000021E-01  .5655E+03 -.1175E+04   .9997903  .0107968 -.0173992
T 1318  1 .1844354E+07   1000020E-01 -.7986E+02  .1877E+03   .9999990 -.0000883  .0013884
T 1319  1 .1827932E+07   1000022E-01  .6821E+02 -.7139E+03   .9998873  .0050135 -.0141531
T 1320  1 .1844611E+07   1000019E-01  .9527E+02 -.5803E+02   .9999955 -.0020658  .0021642
T 1321  1 .1838442E+07   1000022E-01 -.3782E+03 -.4072E+03   .9999723 -.0065637 -.0035196
T 1322  1 .1832892E+07   1000014E-01  .4120E+03 -.3817E+02   .9999711  .0044334 -.0061774
T 1323  1 .1859675E+07   1000016E-01 -.1154E+02 -.1872E+03   .9999950  .0001167  .0031471
T 1324  1 .1845884E+07   1000007E-01 -.1767E+03  .6351E+03   .9999698 -.0033740  .0070078
T 1325  1 .1833571E+07   1000002E-01 -.3964E+03 -.1804E+03   .9999496 -.0086602 -.0050709
T 1326  1 .1818964E+07   1000014E-01 -.7176E+02 -.3077E+03   .9999851 -.0054396  .0004786
T 1327  1 .1835422E+07   1000018E-01 -.3078E+03  .9370E+03   .9998582 -.0107439  .0129710
T 1328  1 .1839721E+07   1000017E-01 -.1300E+03  .4974E+02   .9999759 -.0068413  .0011948
T 1329  1 .1842035E+07   1000014E-01 -.2067E+03 -.3537E+03   .9997992 -.0175393 -.0096941
T 1330  1 .1844010E+07   1000022E-01  .1497E+03  .2409E+03   .9992197  .0044352  .0392472
T 1331  1 .1850597E+07   1000014E-01  .1261E+04  .4902E+03   .9996410  .0229696  .0137961
T 1332  1 .1853194E+07   1000005E-01 -.3281E+03  .3996E+03   .9999420 -.0107468  .0006843
T 1333  1 .1856729E+07   1000005E-01  .1083E+03  .1125E+03   .9999839 -.0018606  .0053632
T 1334  1 .1841892E+07   1000009E-01 -.2305E+03  .3051E+03   .9999679  .0008411  .0079693
T 1335  1 .1852047E+07   1000013E-01  .2042E+03  .1443E+03   .9999966  .0025652 -.0005617
T 1336  1 .1846533E+07   1000004E-01  .1164E+03 -.2658E+03   .9999697  .0031569 -.0071209
T 1337  1 .1845640E+07   1000012E-01  .1407E+03 -.5064E+02   .9999732  .0040573 -.0060872
T 1338  1 .1854380E+07   1000013E-01  .3359E+02 -.2314E+03   .9999362 -.0029570 -.0109015
T 1339  1 .1867821E+07   1000019E-01  .5549E+02 -.2477E+03   .9999669  .0080618 -.0011130
T 1340  1 .1844182E+07   1000022E-01 -.2205E+03  .2678E+04   .9958030 -.0096025  .0910169
T 1341  1 .1861775E+07   1000015E-01  .3270E+03 -.2628E+03   .9999821  .0005579 -.0059638
T 1342  1 .1836326E+07   1000004E-01  .7862E+02 -.5708E+02   .9999483  .0094832 -.0036564
T 1343  1 .1849869E+07   1000000E-01  .3049E+03 -.9661E+02   .9999733  .0060403  .0041055
T 1344  1 .1841658E+07   1000001E-01 -.9514E+02 -.2216E+04   .9991503 -.0139214 -.0387923
T 1345  1 .1862084E+07   1000018E-01 -.6116E+02  .4096E+03   .9999769 -.0048495 -.0047668
T 1346  1 .1845829E+07   1000022E-01 -.9978E+02 -.3436E+03   .9999909 -.0039925 -.0015273
T 1347  1 .1836586E+07   1000020E-01  .3443E+03 -.1492E+02   .9999547  .0086844  .0038913
T 1348  1 .1836510E+07   1000002E-01 -.2942E+02  .4092E+03   .9999592  .0048230  .0076338
T 1349  1 .1831311E+07   1000003E-01 -.1775E+03  .1382E+03   .9999847 -.0044135  .0033377
T 1350  1 .1855031E+07   1000021E-01 -.6614E+02  .2004E+04   .9996204 -.0006676  .0275415
T 1351  1 .1843565E+07   1000004E-01  .1116E+03  .3029E+03   .9999890  .0022654  .0041041
T 1352  1 .1854827E+07   1000009E-01  .8753E+02  .1639E+04   .9996821 -.0016180  .0251613
T 1353  1 .1853405E+07   1000011E-01  .9318E+02  .3259E+03   .9998937  .0076826  .0123882
T 1354  1 .1858119E+07   1000018E-01  .3961E+03 -.3503E+03   .9999508  .0099024  .0005526
T 1355  1 .1841373E+07   1000012E-01 -.1103E+03  .5185E+03   .9999663 -.0061732  .0054156
T 1356  1 .1835466E+07   1000015E-01 -.1899E+03 -.3252E+03   .9999489 -.0035219 -.0094709
T 1357  1 .1851990E+07   1000001E-01  .4736E+03  .5861E+03   .9999041  .0076903  .0115183
T 1358  1 .1841664E+07   1000022E-01 -.4305E+03  .3276E+03   .9999125 -.0089405  .0097467
T 1359  1 .1861523E+07   1000017E-01  .9892E+02  .2982E+03   .9998768  .0141349  .0068310
T 1360  1 .1852158E+07   1000000E-01  .6031E+03 -.6906E+03   .9999877  .0024111 -.0043334
T 1361  1 .1835066E+07   1000009E-01 -.9145E+02  .4893E+02   .9999777  .0030978  .0059220
T 1362  1 .1847379E+07   1000009E-01  .3033E+03 -.4931E+03   .9999564  .0065086 -.0066898
T 1363  1 .1847168E+07   1000009E-01  .1136E+03  .6553E+02   .9998949  .0016475  .0144019
T 1364  1 .1840056E+07   1000021E-01 -.2247E+03  .1920E+03   .9999676 -.0045193  .0066566
T 1365  1 .1847849E+07   1000000E-01  .1199E+02  .1439E+03   .9999387 -.0045626  .0100915
T 1366  1 .1849944E+07   1000010E-01  .2452E+02  .4131E+01   .9999885 -.0008579 -.0047271
T 1367  1 .1834618E+07   1000010E-01  .2987E+03 -.1929E+03   .9999895  .0033326 -.0031375
T 1368  1 .1841854E+07   1000011E-01 -.2357E+03 -.6772E+03   .9998274 -.0027423 -.0183775
T 1369  1 .1850553E+07   1000020E-01 -.5394E+03 -.2593E+03   .9999611 -.0074308 -.0047452
T 1370  1 .1844967E+07   1000004E-01 -.4364E+03  .1754E+03   .9999476 -.0072722  .0071998
T 1371  1 .1849800E+07   1000007E-01 -.3119E+03  .4377E+03   .9998868  .0006390  .0150321
T 1372  1 .1828709E+07   1000002E-01 -.1250E+02 -.1484E+03   .9999941  .0021766 -.0026491
T 1373  1 .1838697E+07   1000016E-01 -.5481E+02 -.3758E+02   .9999994  .0010448  .0002417
T 1374  1 .1840432E+07   1000000E-01  .1172E+02  .3232E+01   .9999914  .0022650 -.0034750
T 1375  1 .1849071E+07   1000004E-01  .2994E+02  .3166E+03   .9999952 -.0003455  .0030745
T 1376  1 .1824033E+07   1000022E-01 -.8601E+00  .1820E+03   .9999079  .0083165  .0107249
T 1377  1 .1845329E+07   1000015E-01  .4921E+03  .1043E+02   .9999919  .0017355  .0036451
T 1378  1 .1849073E+07   1000011E-01 -.7458E+02  .3584E+03   .9999864  .0021616  .0047547
T 1379  1 .1849756E+07   1000017E-01 -.2931E+03  .2577E+03   .9999347 -.0111258  .0025942
T 1380  1 .1846358E+07   1000014E-01 -.5425E+03  .5716E+03   .9997943 -.0149055  .0137551
T 1381  1 .1854653E+07   1000000E-01 -.5601E+03 -.8023E+01   .9997258 -.0174338  .0156299
T 1382  1 .1836117E+07   1000015E-01  .9191E+03  .8683E+03   .9985375  .0338291  .0421719
T 1383  1 .1849934E+07   1000014E-01 -.5111E+02  .3065E+03   .9999948  .0021228  .0024254
T 1384  1 .1854916E+07   1000022E-01  .8001E+03 -.3636E+03   .9998637  .0110763 -.0122392
T 1385  1 .1839369E+07   1000018E-01 -.4709E+03 -.4803E+02   .9999726 -.0074001  .0002748
T 1386  1 .1844532E+07   1000018E-01  .2505E+03  .1445E+02   .9999673  .0016266 -.0079195
T 1387  1 .1858398E+07   1000005E-01 -.4050E+02 -.4732E+03   .9999403 -.0080304 -.0074167
T 1388  1 .1846458E+07   1000011E-01 -.1299E+03  .1228E+03   .9999760 -.0043609 -.0053803
T 1389  1 .1852748E+07   1000000E-01  .3618E+03 -.2318E+03   .9999069  .0129692 -.0042399
T 1390  1 .1852251E+07   1000008E-01  .2627E+03  .8529E+03   .9998361  .0070603  .0166730
T 1391  1 .1852446E+07   1000004E-01  .2522E+02 -.7249E+01   .9999686  .0062448  .0048800
T 1392  1 .1838521E+07   1000015E-01 -.1511E+03  .5300E+03   .9999099 -.0015048  .0133390
T 1393  1 .1834705E+07   1000014E-01  .4959E+03 -.1544E+03   .9999556  .0094147 -.0004988
T 1394  1 .1833762E+07   1000018E-01  .5775E+02 -.1279E+03   .9999800  .0037659 -.0050762
T 1395  1 .1875125E+07   1000022E-01 -.5338E+03 -.5337E+03   .9999446 -.0050547 -.0092328
T 1396  1 .1842069E+07   1000021E-01  .4928E+01  .9716E+02   .9999843 -.0016159  .0053605
T 1397  1 .1838681E+07   1000023E-01  .6888E+03  .9060E+02   .9998801  .0153727 -.0018526
T 1398  1 .1854125E+07   1000020E-01  .9172E+02  .3186E+02   .9999896  .0034550  .0029615
T 1399  1 .1841640E+07   1000017E-01 -.2728E+03  .7147E+03   .9999592  .0090063 -.0007175
T 1400  1 .1843873E+07   1000010E-01  .3166E+02  .3563E+02   .9999918 -.0022314 -.0033831
T 1401  1 .1844526E+07   1000012E-01  .7293E+03  .6301E+03   .9998914  .0126071  .0076272
T 1402  1 .1850564E+07   1000020E-01 -.1012E+03 -.3771E+02   .9999662 -.0052456  .0063254
T 1403  1 .1845500E+07   1000014E-01  .6872E+03 -.2877E+03   .9999135  .0031140 -.0127788
T 1404  1 .1863469E+07   1000020E-01  .8023E+03 -.3112E+03   .9999699  .0043758 -.0064076
T 1405  1 .1853999E+07   1000004E-01 -.4773E+03 -.1711E+02   .9999811 -.0059183 -.0016694
T 1406  1 .1841159E+07   1000009E-01 -.7201E+03 -.1795E+04   .9992503 -.0152782 -.0355734
T 1407  1 .1826551E+07   1000017E-01 -.1539E+03  .1500E+03   .9999943 -.0022986  .0024778
T 1408  1 .1844636E+07   1000019E-01 -.1682E+03 -.6400E+02   .9999762 -.0048281 -.0049289
T 1409  1 .1862721E+07   1000021E-01 -.7400E+03 -.2595E+03   .9999046 -.0113881 -.0078157
T 1410  1 .1843672E+07   1000022E-01  .3212E+00  .2453E+03   .9999969  .0024936  .0001965
T 1411  1 .1833726E+07   1000002E-01  .1311E+03  .2513E+03   .9998933  .0102283  .0104258
T 1412  1 .1846845E+07   1000020E-01 -.1403E+03  .2343E+03   .9999532  .0036031  .0089784
T 1413  1 .1829731E+07   1000022E-01 -.3388E+03  .2894E+03   .9998906 -.0078275  .0125474
T 1414  1 .1860583E+07   1000008E-01 -.2939E+03 -.2518E+03   .9999447 -.0072387 -.0076352
T 1415  1 .1833577E+07   1000011E-01 -.8988E+02 -.2721E+02   .9999874 -.0050033  .0004296
T 1416  1 .1847887E+07   1000002E-01  .6661E+01 -.4619E+03   .9999530 -.0028822 -.0092602
T 1417  1 .1830012E+07   1000014E-01 -.6031E+03 -.2007E+03   .9999457 -.0101672  .0022907
T 1418  1 .1851382E+07   1000008E-01 -.2249E+03  .3800E+03   .9999641 -.0083931  .0011398
T 1419  1 .1836449E+07   1000022E-01  .4945E+02  .2197E+02   .9999998  .0001424  .0006841
T 1420  1 .1844726E+07   1000023E-01  .1890E+03 -.1997E+03   .9999883 -.0005084 -.0048157
T 1421  1 .1838157E+07   1000011E-01  .3140E+03 -.1350E+03   .9999837  .0052150 -.0023338
T 1422  1 .1847813E+07   1000020E-01 -.2002E+03 -.3440E+03   .9999798 -.0028730 -.0056621
T 1423  1 .1859279E+07   1000016E-01 -.6739E+02  .3318E+03   .9999637 -.0029217  .0080070
T 1424  1 .1840644E+07   1000002E-01  .1462E+03 -.2987E+03   .9999423  .0090333  .0058105
T 1425  1 .1838848E+07   1000001E-01  .1159E+03 -.9860E+01   .9999977 -.0019694 -.0008385
T 1426  1 .1835457E+07   1000003E-01  .4025E+03 -.9001E+02   .9999455  .0050532 -.0091406
T 1427  1 .1840499E+07   1000021E-01  .2669E+03 -.2820E+03   .9999339  .0078878 -.0083708
T 1428  1 .1829970E+07   1000018E-01  .9254E+02 -.1738E+03   .9999568  .0009101 -.0092521
T 1429  1 .1840353E+07   1000000E-01  .8610E+02  .4875E+02   .9999910 -.0040583  .0012081
T 1430  1 .1829706E+07   1000016E-01  .6662E+03 -.7479E+02   .9999978  .0019609  .0008051
T 1431  1 .1830671E+07   1000021E-01 -.1380E+04 -.1147E+03   .9998047 -.0195299 -.0030369
T 1432  1 .1840797E+07   1000006E-01 -.2250E+03  .9871E+02   .9999759 -.0067684  .0015157
T 1433  1 .1846257E+07   1000021E-01 -.2861E+03 -.2826E+03   .9999846 -.0041987 -.0036247
T 1434  1 .1852835E+07   1000015E-01  .9451E+02 -.2267E+03   .9999965  .0022823  .0013345
T 1435  1 .1842948E+07   1000020E-01  .1186E+04 -.3178E+03   .9995267  .0254971 -.0172119
T 1436  1 .1842881E+07   1000000E-01  .9286E+01  .8094E+02   .9999995  .0002106  .0009265
T 1437  1 .1830692E+07   1000006E-01  .1430E+03  .1150E+02   .9999865  .0049713  .0015437
T 1438  1 .1853268E+07   1000015E-01  .7109E+02  .3801E+02   .9999894  .0042958 -.0016720
T 1439  1 .1842762E+07   1000020E-01 -.1243E+03  .1592E+03   .9999886  .0009055  .0046933
T 1440  1 .1850921E+07   1000022E-01 -.1160E+02  .1684E+03   .9999999 -.0005294  .0000977
T 1441  1 .1839321E+07   1000020E-01  .7091E+03  .8217E+03   .9998025  .0144305  .0136614
T 1442  1 .1846295E+07   1000021E-01  .1872E+01  .3336E+03   .9997100 -.0032595  .0238586
T 1443  1 .1841582E+07   1000000E-01  .2121E+03  .6527E+03   .9999624  .0046638  .0073161
T 1444  1 .1842555E+07   1000021E-01 -.3879E+02  .1199E+03   .9999929 -.0018257  .0032852
T 1445  1 .1836301E+07   1000008E-01  .9374E+02  .1302E+03   .9999705  .0029376  .0070964
T 1446  1 .1843891E+07   1000019E-01  .1833E+03  .3755E+03   .9999307  .0047256  .0107845
T 1447  1 .1858164E+07   1000022E-01  .4836E+03  .3821E+03   .9999609  .0072334  .0050878
T 1448  1 .1850246E+07   1000016E-01  .9595E+03 -.7043E+03   .9998197  .0161306 -.0100232
T 1449  1 .1846899E+07   1000014E-01  .4896E+02 -.4064E+03   .9999974  .0001649 -.0022870
T 1450  1 .1849555E+07   1000018E-01  .1363E+03 -.1462E+04   .9997446 -.0019288 -.0225183
T 1451  1 .1852220E+07   1000006E-01  .8390E+02  .4938E+02   .9999954  .0007307  .0029359
T 1452  1 .1833130E+07   1000019E-01 -.3206E+03  .3622E+03   .9999709 -.0068766  .0033157
T 1453  1 .1850103E+07   1000011E-01  .2823E+03  .4839E+03   .9999895  .0045028  .0008196
T 1454  1 .1856820E+07   1000020E-01 -.9545E+02  .6592E+03   .9999629  .0028677  .0081258
T 1455  1 .1839336E+07   1000015E-01 -.1293E+03  .2018E+03   .9998622 -.0158983 -.0047811
T 1456  1 .1846686E+07   1000000E-01  .1593E+02  .2508E+03   .9999814 -.0046720 -.0039130
T 1457  1 .1848111E+07   1000008E-01  .3350E+03 -.9859E+01   .9999941  .0032684  .0010572
T 1458  1 .1834366E+07   1000001E-01 -.2574E+03 -.5533E+03   .9999178 -.0022911 -.0126157
T 1459  1 .1845705E+07   1000007E-01  .2959E+02  .1136E+03   .9999689  .0070280  .0035822
T 1460  1 .1840477E+07   1000015E-01 -.2005E+04 -.1497E+04   .9992979 -.0299993 -.0224435
T 1461  1 .1850992E+07   1000014E-01  .2126E+03 -.1485E+03   .9999883  .0041048 -.0025477
T 1462  1 .1846072E+07   1000011E-01  .4523E+03 -.2683E+03   .9999528  .0072761 -.0064405
T 1463  1 .1851290E+07   1000007E-01  .2909E+03  .1968E+03   .9999498 -.0046501  .0088774
T 1464  1 .1845165E+07   1000009E-01 -.5480E+02 -.5163E+03   .9999597 -.0016325 -.0088256
T 1465  1 .1834349E+07   1000019E-01  .4384E+03 -.2899E+03   .9999069  .0087410 -.0104783
T 1466  1 .1846690E+07   1000013E-01 -.2319E+03 -.3793E+03   .9999576  .0001299 -.0092121
T 1467  1 .1842946E+07   1000006E-01 -.1353E+03  .2641E+03   .9999929  .0018733  .0032579
T 1468  1 .1835945E+07   1000017E-01  .3476E+03  .5489E+03   .9999284  .0083077  .0086144
T 1469  1 .1847219E+07   1000020E-01 -.1339E+03 -.1316E+03   .9999858  .0027994  .0045301
T 1470  1 .1847800E+07   1000015E-01  .1260E+04  .9675E+03   .9997204  .0198037  .0129179
T 1471  1 .1845598E+07   1000000E-01 -.1366E+04  .1712E+03   .9998187 -.0155002  .0110602
T 1472  1 .1841160E+07   1000009E-01 -.1901E+03  .1426E+03   .9999825 -.0034865  .0047692
T 1473  1 .1839429E+07   1000005E-01 -.3512E+03  .1260E+03   .9999713 -.0075486  .0006605
T 1474  1 .1831714E+07   1000000E-01 -.1033E+03  .1513E+03   .9999705 -.0069155  .0033377
T 1475  1 .1831654E+07   1000022E-01 -.4075E+02 -.2251E+03   .9999778 -.0039389 -.0053829
T 1476  1 .1853933E+07   1000015E-01  .6740E+02 -.2345E+03   .9999614  .0020024  .0085525
T 1477  1 .1850100E+07   1000019E-01  .7704E+03  .2534E+03   .9997484  .0207826  .0084379
T 1478  1 .1843038E+07   1000019E-01 -.2945E+03  .7413E+02   .9999237 -.0123521  .0001256
T 1479  1 .1836189E+07   1000001E-01 -.1005E+03 -.1060E+03   .9999966 -.0011479 -.0023267
T 1480  1 .1831460E+07   1000021E-01 -.1858E+02 -.2369E+03   .9999570 -.0073083 -.0057069
T 1481  1 .1852395E+07   1000007E-01  .1521E+03  .4962E+02   .9999463 -.0088704  .0053542
T 1482  1 .1831231E+07   1000021E-01 -.2045E+03  .2537E+03   .9999908 -.0038429  .0018956
T 1483  1 .1853456E+07   1000005E-01  .2770E+03  .2636E+03   .9999848  .0055098  .0000358
T 1484  1 .1851677E+07   1000016E-01 -.2632E+03 -.1676E+03   .9999823 -.0035022 -.0048043
T 1485  1 .1838875E+07   1000016E-01  .2249E+03  .1069E+03   .9999510  .0087866 -.0045557
T 1486  1 .1833491E+07   1000019E-01  .6268E+03  .2690E+02   .9999344  .0105687  .0044261
T 1487  1 .1848355E+07   1000017E-01  .1004E+04  .1213E+03   .9998453  .0175564 -.0010741
T 1488  1 .1857622E+07   1000004E-01  .3666E+02 -.3190E+03   .9998801  .0054636 -.0144912
T 1489  1 .1825954E+07   1000018E-01 -.1185E+03  .5273E+03   .9998538 -.0030263  .0168277
T 1490  1 .1836605E+07   1000000E-01 -.1521E+04 -.1198E+04   .9975430 -.0531092 -.0456870
T 1491  1 .1846314E+07   1000015E-01  .4174E+02 -.7819E+02   .9999851  .0052269 -.0015497
T 1492  1 .1855550E+07   1000022E-01  .3663E+01  .4350E+03   .9999311 -.0050825  .0105809
T 1493  1 .1841261E+07   1000001E-01 -.5487E+03  .9591E+02   .9999523 -.0086653  .0044988
T 1494  1 .1859537E+07   1000014E-01 -.2168E+02  .9407E+02   .9999789  .0063897 -.0011865
T 1495  1 .1821135E+07   1000013E-01  .5416E+02 -.1960E+02   .9999685  .0055605  .0056628
T 1496  1 .1838078E+07   1000020E-01 -.3511E+03 -.3250E+03   .9999727 -.0065526 -.0034294
T 1497  1 .1838053E+07   1000015E-01  .4042E+03  .4035E+03   .9999986  .0000619  .0016554
T 1498  1 .1848439E+07   1000006E-01 -.2511E+03 -.1221E+03   .9999848 -.0047351  .0028107
T 1499  1 .1842397E+07   1000022E-01 -.1400E+03  .4481E+02   .9998991  .0128472 -.0060644
T 1500  1 .1829241E+07   1000013E-01  .2059E+03  .1694E+02   .9999944 -.0028766  .0017298
T 1501  1 .1833834E+07   1000015E-01  .8499E+03 -.5633E+03   .9999155  .0090726 -.0093132
T 1502  1 .1837832E+07   1000022E-01  .1390E+02  .1741E+03   .9999873  .0031423  .0039484
T 1503  1 .1862500E+07   1000020E-01  .5412E+03 -.4278E+03   .9990509  .0402827 -.0165709
T 1504  1 .1850372E+07   1000020E-01 -.2996E+03  .2910E+03   .9999237 -.0115049  .0044962
T 1505  1 .1815852E+07   1000015E-01 -.1826E+03 -.1597E+03   .9999591 -.0034870 -.0083470
T 1506  1 .1837074E+07   1000021E-01  .2416E+03 -.3474E+03   .9998646 -.0048055 -.0157367
T 1507  1 .1852288E+07   1000019E-01  .6838E+02  .5153E+02   .9999945  .0032443  .0006706
T 1508  1 .1849990E+07   1000014E-01  .5951E+02 -.5627E+03   .9999266  .0030540 -.0117211
T 1509  1 .1844994E+07   1000008E-01  .2400E+03  .1741E+03   .9999716  .0030280  .0069007
T 1510  1 .1841926E+07   1000019E-01 -.7340E+02 -.2465E+03   .9991533 -.0025775 -.0410612
T 1511  1 .1843680E+07   1000001E-01  .4609E+03 -.3773E+03   .9998640  .0120994 -.0112025
T 1512  1 .1842029E+07   1000015E-01  .1401E+04  .1422E+04   .9997590  .0162944  .0147144
T 1513  1 .1851005E+07   1000013E-01 -.1071E+03  .8130E+02   .9999931 -.0001476  .0037074
T 1514  1 .1843567E+07   1000022E-01  .1694E+03 -.8077E+03   .9999736  .0015962 -.0070955
T 1515  1 .1841558E+07   1000017E-01  .2353E+02  .1033E+03   .9999999 -.0004256  .0001250
T 1516  1 .1835001E+07   1000018E-01  .9002E+02 -.2591E+03   .9999945 -.0002394 -.0032990
T 1517  1 .1844275E+07   1000022E-01 -.9482E+03 -.3151E+03   .9999439 -.0103842 -.0020752
T 1518  1 .1842958E+07   1000020E-01 -.8716E+01 -.1588E+03   .9999918 -.0004351 -.0040330
T 1519  1 .1838227E+07   1000023E-01 -.3427E+03 -.2675E+03   .9999628 -.0032625 -.0079890
T 1520  1 .1836209E+07   1000023E-01  .5736E+02  .3597E+02   .9999786 -.0032600  .0056779
T 1521  1 .1846838E+07   1000004E-01 -.1199E+03  .1379E+03   .9999599 -.0089199 -.0008481
T 1522  1 .1853300E+07   1000021E-01 -.4729E+02 -.1677E+03   .9999597 -.0017227 -.0088105
T 1523  1 .1843763E+07   1000008E-01 -.1444E+03 -.6033E+03   .9998273  .0018308 -.0184954
T 1524  1 .1832524E+07   1000015E-01 -.1841E+03  .4042E+03   .9999855 -.0028793  .0045596
T 1525  1 .1838499E+07   1000011E-01 -.2087E+03  .1127E+03   .9999860 -.0041081  .0033437
T 1526  1 .1835138E+07   1000008E-01 -.1023E+03  .2250E+03   .9999785 -.0034573  .0055699
T 1527  1 .1831219E+07   1000018E-01  .3316E+03 -.2801E+03   .9999701  .0046766 -.0061618
T 1528  1 .1849659E+07   1000007E-01 -.2055E+04 -.5100E+03   .9995742 -.0267776 -.0115938
T 1529  1 .1838911E+07   1000019E-01 -.1824E+03  .2191E+03   .9999889 -.0045251  .0012844
T 1530  1 .1854197E+07   1000020E-01  .1034E+03  .3219E+03   .9999933  .0027428  .0024328
T 1531  1 .1847938E+07   1000005E-01 -.7992E+01 -.5446E+01   .9999994 -.0002551 -.0010615
T 1532  1 .1853209E+07   1000011E-01  .5575E+03 -.3864E+02   .9999119  .0127850 -.0035561
T 1533  1 .1841288E+07   1000022E-01  .5619E+03 -.1453E+03   .9999741  .0054465 -.0047150
T 1534  1 .1854612E+07   1000005E-01 -.1579E+03  .3093E+03   .9999436 -.0036105  .0099904
T 1535  1 .1837359E+07   1000016E-01  .3852E+02 -.2362E+02   .9999688 -.0078942 -.0000460
T 1536  1 .1850381E+07   1000012E-01 -.4442E+03 -.1048E+04   .9999323 -.0028002 -.0112909
T 1537  1 .1839857E+07   1000015E-01 -.4917E+03  .1414E+03   .9999713 -.0070571  .0027489
T 1538  1 .1842918E+07   1000020E-01  .1411E+03  .2748E+03   .9871090  .0787940  .1393099
T 1539  1 .1853499E+07   1000017E-01 -.9540E+02 -.1621E+03   .9999440 -.0022557 -.0103395
T 1540  1 .1852092E+07   1000002E-01  .5964E+03 -.3132E+03   .9999424  .0089912 -.0058665
T 1541  1 .1844860E+07   1000021E-01 -.3807E+03 -.3744E+03   .9999653 -.0077750  .0029977
T 1542  1 .1856464E+07   1000020E-01  .1381E+03 -.2476E+02   .9999973  .0018503  .0014218
T 1543  1 .1855347E+07   1000001E-01  .2234E+02 -.1297E+03   .9999631  .0002994 -.0085908
T 1544  1 .1839298E+07   1000001E-01 -.3153E+03 -.1707E+03   .9999840 -.0045680 -.0033263
T 1545  1 .1848642E+07   1000019E-01 -.4543E+03 -.9235E+03   .9998656 -.0066703 -.0149791
T 1546  1 .1838193E+07   1000009E-01 -.3832E+04 -.9346E+02   .9975379 -.0701158 -.0013850
T 1547  1 .1845922E+07   1000022E-01 -.4520E+03  .3031E+03   .9999236 -.0082699  .0091925
T 1548  1 .1833216E+07   1000006E-01 -.9876E+01 -.3875E+03   .9999870  .0015778 -.0048468
T 1549  1 .1856794E+07   1000004E-01  .1562E+03 -.2419E+03   .9999618 -.0048447 -.0072806
T 1550  1 .1829685E+07   1000008E-01  .5038E+02  .5117E+02   .9999993 -.0009142  .0007724
T 1551  1 .1830802E+07   1000021E-01  .3940E+02 -.5200E+02   .9999986 -.0001253 -.0016956
T 1552  1 .1839089E+07   1000021E-01  .2943E+03  .6100E+02   .9999878  .0045809  .0018528
T 1553  1 .1842030E+07   1000003E-01 -.2708E+02 -.3133E+03   .9999773 -.0013013 -.0066129
T 1554  1 .1859212E+07   1000009E-01 -.4916E+03 -.1933E+03   .9999620 -.0074826 -.0044780
T 1555  1 .1842047E+07   1000007E-01 -.2736E+04  .9797E+03   .9978516 -.0609487  .0240299
T 1556  1 .1856474E+07   1000008E-01  .1630E+03 -.9715E+02   .9999924  .0036597  .0013546
T 1557  1 .1848775E+07   1000020E-01  .2039E+02 -.2641E+03   .9999379  .0048607 -.0100314
T 1558  1 .1853283E+07   1000015E-01  .3546E+03 -.4760E+02   .9999958  .0027795  .0008174
T 1559  1 .1844559E+07   1000021E-01 -.1469E+02  .1771E+03   .9999883  .0037278  .0030961
T 1560  1 .1848366E+07   1000006E-01 -.5006E+03  .2227E+03   .9999826 -.0034908  .0047515
T 1561  1 .1854171E+07   1000019E-01  .6606E+02  .3373E+03   .9999632  .0002329  .0085744
T 1562  1 .1846818E+07   1000022E-01 -.2415E+03 -.5684E+03   .9999255  .0019669 -.0120508
T 1563  1 .1822238E+07   1000019E-01  .2295E+04  .6327E+03   .9994813  .0316232  .0060855
T 1564  1 .1840057E+07   1000014E-01 -.7438E+03  .5695E+03   .9998277 -.0150916  .0108099
T 1565  1 .1845484E+07   1000019E-01  .8084E+03  .1305E+03   .9998930  .0138823  .0046029
T 1566  1 .1863560E+07   1000017E-01 -.8750E+02 -.2051E+03   .9999872 -.0006732 -.0050192
T 1567  1 .1833740E+07   1000010E-01  .6969E+03 -.1063E+03   .9999748  .0069688 -.0013771
T 1568  1 .1843025E+07   1000010E-01  .6289E+02  .4188E+02   .9999662  .0039229  .0072312
T 1569  1 .1832465E+07   1000018E-01  .1030E+03  .1506E+03   .9999705  .0047827  .0060113
T 1570  1 .1844396E+07   1000005E-01 -.8084E+02 -.4673E+02   .9999975 -.0021045 -.0007242
T 1571  1 .1831063E+07   1000003E-01 -.4940E+03  .7171E+02   .9999669 -.0079186 -.0018521
T 1572  1 .1833687E+07   1000007E-01 -.1171E+03 -.2029E+03   .9999489  .0095480 -.0033296
T 1573  1 .1838625E+07   1000012E-01  .7578E+03  .2582E+03   .9998011  .0132203  .0149356
T 1574  1 .1849462E+07   1000011E-01 -.4498E+02 -.2335E+02   .9999962 -.0027522  .0001445
T 1575  1 .1851347E+07   1000021E-01 -.1376E+03  .8744E+02   .9999935  .0035950  .0000900
T 1576  1 .1857961E+07   1000010E-01 -.6623E+03 -.2223E+03   .9998805 -.0150552 -.0035199
T 1577  1 .1850770E+07   1000010E-01  .4854E+03 -.1089E+03   .9999174  .0116988 -.0053316
T 1578  1 .1838728E+07   1000012E-01  .2743E+02  .3016E+03   .9999926 -.0002211  .0038495
T 1579  1 .1834100E+07   1000012E-01 -.5741E+02 -.1460E+03   .9999896 -.0043933 -.0012199
T 1580  1 .1867364E+07   1000011E-01  .3413E+03  .2870E+03   .9999038  .0101731  .0094296
T 1581  1 .1850401E+07   1000014E-01  .1045E+03  .6060E+03   .9999003  .0000983  .0141233
T 1582  1 .1828414E+07   1000019E-01 -.3580E+03  .1201E+03   .9999476 -.0041078 -.0093789
T 1583  1 .1838020E+07   1000000E-01 -.2120E+02 -.2675E+03   .9999864 -.0010636 -.0050985
T 1584  1 .1845357E+07   1000013E-01  .4543E+02  .8853E+02   .9999988 -.0015296 -.0003300
T 1585  1 .1845116E+07   1000011E-01 -.4590E+03  .5377E+03   .9998745 -.0061913  .0145818
T 1586  1 .1846809E+07   1000014E-01  .2432E+03 -.2151E+03   .9999917 -.0004945 -.0040563
T 1587  1 .1854255E+07   1000016E-01 -.7334E+03  .2417E+02   .9998511 -.0168969  .0035081
T 1588  1 .1852268E+07   1000013E-01  .1985E+02  .3512E+02   .9999586  .0069133  .0059172
T 1589  1 .1844453E+07   1000014E-01  .1088E+04  .9590E+02   .9977268  .0655078  .0158111
T 1590  1 .1854478E+07   1000019E-01 -.2813E+03 -.1334E+03   .9999740 -.0009238 -.0071541
T 1591  1 .1844363E+07   1000008E-01  .2655E+03 -.5778E+03   .9999717  .0009711 -.0074596
T 1592  1 .1833894E+07   1000001E-01 -.1568E+03 -.5502E+02   .9999655 -.0072304  .0040970
T 1593  1 .1839911E+07   1000001E-01  .3600E+03  .3916E+03   .9999608  .0072601  .0050698
T 1594  1 .1844350E+07   1000022E-01  .1056E+04  .2864E+04   .9993288  .0194659  .0310317
T 1595  1 .1866648E+07   1000008E-01 -.2183E+03  .9533E+02   .9999755 -.0047052  .0051905
T 1596  1 .1824955E+07   1000018E-01 -.2300E+03  .8073E+01   .9999780 -.0065817  .0008458
T 1597  1 .1840086E+07   1000016E-01 -.6663E+02 -.6240E+02   .9999899  .0013983 -.0042779
T 1598  1 .1839423E+07   1000020E-01 -.9138E+02  .1060E+03   .9999912  .0022745 -.0035364
T 1599  1 .1838055E+07   1000002E-01 -.1077E+03  .9951E+02   .9999880 -.0025972  .0041546
T 1600  1 .1846024E+07   1000000E-01  .3326E+03  .1369E+02   .9999845  .0050195  .0024121
T 1601  1 .1861948E+07   1000019E-01  .8950E+02 -.4961E+03   .9999524  .0064639 -.0073058
T 1602  1 .1847309E+07   1000020E-01  .1528E+03 -.6336E+03   .9998035  .0098487 -.0172057
T 1603  1 .1833161E+07   1000010E-01  .5089E+03  .2676E+03   .9998967  .0142821  .0016132
T 1604  1 .1830250E+07   1000019E-01  .2030E+03 -.2658E+03   .9999778  .0065296 -.0013545
T 1605  1 .1854021E+07   1000020E-01  .1177E+03  .1950E+03   .9999899  .0043978  .0009510
T 1606  1 .1855982E+07   1000000E-01  .2427E+03 -.2337E+03   .9999930  .0023554  .0029161
T 1607  1 .1840071E+07   1000015E-01 -.2787E+03  .3946E+03   .9998448 -.0057680  .0166461
T 1608  1 .1851437E+07   1000018E-01 -.3727E+03  .5697E+03   .9999426 -.0104394  .0024249
T 1609  1 .1835710E+07   1000018E-01  .4484E+03  .1613E+03   .9998933  .0110314  .0095781
T 1610  1 .1814948E+07   1000011E-01 -.1700E+03  .3802E+03   .9999584 -.0046622  .0078346
T 1611  1 .1831834E+07   1000003E-01 -.3069E+02  .4125E+03   .9999736  .0036702  .0062693
T 1612  1 .1853552E+07   1000020E-01 -.4144E+03 -.3686E+02   .9999399 -.0108946  .0012259
T 1613  1 .1868774E+07   1000010E-01 -.2527E+03 -.8017E+02   .9999810  .0002759 -.0061509
T 1614  1 .1844364E+07   1000021E-01 -.4891E+03 -.2988E+03   .9999563 -.0079133 -.0049814
T 1615  1 .1826336E+07   1000014E-01 -.1987E+03  .4363E+02   .9931309 -.0999576 -.0608240
T 1616  1 .1861767E+07   1000005E-01  .8768E+02 -.4690E+03   .9999607  .0053637 -.0070572
T 1617  1 .1851379E+07   1000021E-01  .3053E+02  .6047E+03   .9998318  .0060747  .0173079
T 1618  1 .1857626E+07   1000011E-01 -.1237E+03  .2903E+03   .9999887 -.0032432  .0034790
T 1619  1 .1842529E+07   1000022E-01 -.4621E+02  .2290E+02   .9999976 -.0012905  .0017711
T 1620  1 .1845761E+07   1000014E-01 -.1641E+03  .4264E+02   .9999327 -.0112000  .0030203
T 1621  1 .1864585E+07   1000016E-01 -.3143E+03 -.2637E+02   .9998964 -.0143330  .0013215
T 1622  1 .1853893E+07   1000021E-01  .1735E+03 -.2807E+03   .9998855  .0069233 -.0134550
T 1623  1 .1847913E+07   1000020E-01 -.9056E+03 -.2061E+03   .9998998 -.0140228  .0019510
T 1624  1 .1856584E+07   1000013E-01 -.8567E+01  .3705E+03   .9999719 -.0015205  .0073381
T 1625  1 .1844179E+07   1000022E-01 -.1387E+04  .7852E+03   .9997710 -.0176906  .0120450
T 1626  1 .1850701E+07   1000020E-01  .3285E+03  .2574E+03   .9998845  .0115114  .0099244
T 1627  1 .1856770E+07   1000018E-01 -.2818E+02 -.9197E+02   .9999353 -.0004142 -.0113658
T 1628  1 .1836170E+07   1000020E-01 -.5996E+03  .3503E+03   .9996098 -.0256569  .0110409
T 1629  1 .1852233E+07   1000012E-01  .9358E+02 -.1959E+03   .9999539  .0048309 -.0082940
T 1630  1 .1831750E+07   1000010E-01 -.6335E+03 -.7154E+01   .9998957 -.0143837 -.0013226
T 1631  1 .1844742E+07   1000019E-01  .8465E+03 -.6472E+03   .9997717  .0174048 -.0123914
T 1632  1 .1851267E+07   1000021E-01  .4860E+03  .2910E+03   .9999572  .0069373  .0061262
T 1633  1 .1830108E+07   1000016E-01  .1011E+02  .2472E+03   .9999560  .0075154  .0056203
T 1634  1 .1859094E+07   1000011E-01  .3686E+03  .2447E+03   .9999175  .0104351  .0074884
T 1635  1 .1870060E+07   1000019E-01 -.3168E+03  .2969E+03   .9999903 -.0019951  .0039221
T 1636  1 .1835035E+07   1000012E-01  .5502E+03 -.8434E+03   .9998742  .0110261 -.0113986
T 1637  1 .1858804E+07   1000006E-01 -.2708E+03 -.6985E+03   .9999533 -.0034273 -.0090399
T 1638  1 .1842066E+07   1000008E-01 -.4244E+03 -.6893E+03   .9997782 -.0087430 -.0191591
T 1639  1 .1846408E+07   1000019E-01 -.2575E+03  .1250E+03   .9999813 -.0047173  .0038946
T 1640  1 .1848321E+07   1000016E-01  .2768E+02 -.4282E+03   .9999840  .0054935 -.0013756
T 1641  1 .1849664E+07   1000001E-01 -.1605E+03  .2494E+03   .9999763  .0046462  .0050783
T 1642  1 .1851811E+07   1000013E-01  .1406E+03 -.2897E+02   .9999454  .0085920 -.0059474
T 1643  1 .1857246E+07   1000014E-01 -.3584E+02  .5412E+03   .9999385  .0074129  .0082502
T 1644  1 .1849215E+07   1000009E-01  .1035E+03  .6654E+01   .9999984  .0015073  .0009489
T 1645  1 .1833667E+07   1000023E-01 -.2226E+03 -.1334E+04   .9999042  .0008481 -.0138189
T 1646  1 .1855611E+07   1000020E-01  .2096E+03 -.4681E+03   .9999755 -.0045181 -.0053518
T 1647  1 .1836163E+07   1000017E-01  .6214E+00  .6956E+01   .9999520 -.0023638 -.0095129
T 1648  1 .1856922E+07   1000009E-01 -.1390E+03  .3645E+03   .9999525 -.0014188  .0096457
T 1649  1 .1833672E+07   1000020E-01  .1227E+03  .2312E+02   .9999578 -.0001145  .0091844
T 1650  1 .1848033E+07   1000007E-01 -.1056E+03  .1057E+04   .9997433 -.0130375  .0185308
T 1651  1 .1854913E+07   1000005E-01 -.1057E+03  .2072E+03   .9999842 -.0024564  .0050508
T 1652  1 .1827634E+07   1000010E-01 -.3222E+03  .8545E+02   .9998241 -.0167366 -.0084592
T 1653  1 .1851972E+07   1000017E-01  .2890E+01  .3512E+03   .9999919 -.0038875  .0010570
T 1654  1 .1844606E+07   1000018E-01 -.3183E+02  .1706E+03   .9999731 -.0024559  .0069100
T 1655  1 .1849254E+07   1000001E-01 -.2594E+03  .1012E+03   .9999694 -.0048382  .0061394
T 1656  1 .1840133E+07   1000007E-01 -.1699E+03 -.2584E+03   .9999676 -.0010307 -.0079832
T 1657  1 .1847195E+07   1000020E-01  .4153E+03 -.1588E+03   .9999976  .0006776 -.0020932
T 1658  1 .1866492E+07   1000014E-01 -.5602E+03  .3272E+03   .9999527 -.0071871  .0065505
T 1659  1 .1842636E+07   1000021E-01 -.5300E+03  .6665E+02   .9999046 -.0120625 -.0067238
T 1660  1 .1855496E+07   1000016E-01 -.1216E+02  .7238E+02   .9999908  .0029856  .0030680
T 1661  1 .1853340E+07   1000007E-01  .3114E+03 -.1369E+04   .9998720  .0024693 -.0158049
T 1662  1 .1851051E+07   1000020E-01  .2958E+03 -.2700E+03   .9999753  .0057702 -.0040073
T 1663  1 .1825256E+07   1000011E-01 -.1482E+03 -.7181E+02   .9999969  .0015349  .0019773
T 1664  1 .1849707E+07   1000019E-01 -.2754E+03 -.1758E+03   .9999875 -.0010626 -.0048920
T 1665  1 .1817973E+07   1000002E-01  .1518E+02  .3387E+02   .9999918  .0038812 -.0011384
T 1666  1 .1846253E+07   1000011E-01 -.2028E+03  .3285E+02   .9999862 -.0030635 -.0042697
T 1667  1 .1851602E+07   1000015E-01  .7977E+02 -.1405E+01   .9999973 -.0020780 -.0010312
T 1668  1 .1852955E+07   1000011E-01 -.6883E+03 -.8216E+02   .9999175 -.0126714 -.0021015
T 1669  1 .1840782E+07   1000007E-01  .1952E+03 -.5712E+03   .9999592  .0026931 -.0086193
T 1670  1 .1840269E+07   1000004E-01  .7284E+03  .2466E+03   .9999077  .0113792  .0074207
T 1671  1 .1857626E+07   1000001E-01  .2563E+03  .1908E+03   .9999941  .0032978  .0009521
T 1672  1 .1855314E+07   1000008E-01 -.3053E+03  .2234E+03   .9999902 -.0037422  .0023505
T 1673  1 .1841734E+07   1000001E-01 -.3341E+01  .1678E+03   .9999922  .0032287 -.0022613
T 1674  1 .1839974E+07   1000016E-01  .1286E+03  .5828E+03   .9999418 -.0026630  .0104531
T 1675  1 .1851551E+07   1000008E-01  .4805E+03 -.5270E+03   .9998512  .0089581 -.0147438
T 1676  1 .1858904E+07   1000004E-01  .1081E+02 -.9258E+02   .9999765 -.0047274 -.0049683
T 1677  1 .1841161E+07   1000005E-01  .9937E+02  .9430E+02   .9999500  .0024843  .0096812
T 1678  1 .1859926E+07   1000016E-01 -.1031E+02  .1840E+03   .9999934 -.0004963  .0036009
T 1679  1 .1848641E+07   1000021E-01  .3773E+03 -.2483E+02   .9999979  .0019128 -.0007270
T 1680  1 .1841298E+07   1000010E-01  .3802E+03 -.4515E+03   .9999479  .0065874 -.0077979
T 1681  1 .1840820E+07   1000018E-01 -.5737E+02 -.5710E+02   .9999743 -.0009720 -.0071008
T 1682  1 .1869676E+07   1000022E-01 -.1404E+03 -.2082E+03   .9999738 -.0005614 -.0072196
T 1683  1 .1845228E+07   1000004E-01 -.4131E+03 -.7920E+01   .9999734 -.0071825 -.0012723
T 1684  1 .1864418E+07   1000003E-01 -.7496E+02  .2059E+03   .9999100 -.0067664  .0115841
T 1685  1 .1830337E+07   1000020E-01 -.1157E+04  .8426E+03   .9998002 -.0149917  .0132188
T 1686  1 .1852084E+07   1000014E-01 -.2160E+03 -.2486E+03   .9999736 -.0011366 -.0071821
T 1687  1 .1856645E+07   1000010E-01 -.6121E+01 -.2771E+03   .9999787  .0005572 -.0065056
T 1688  1 .1843897E+07   1000016E-01 -.2049E+03 -.2390E+03   .9999498 -.0077504 -.0063499
T 1689  1 .1828469E+07   1000020E-01  .6838E+02 -.3191E+03   .9999274 -.0016739 -.0119301
T 1690  1 .1842297E+07   1000017E-01 -.4290E+03 -.5488E+03   .9998711 -.0067437 -.0145679
T 1691  1 .1837368E+07   1000019E-01 -.4069E+03  .2931E+03   .9998009 -.0116407  .0162094
T 1692  1 .1854508E+07   1000018E-01 -.1651E+03  .5116E+02   .9999236 -.0092234 -.0082245
T 1693  1 .1829071E+07   1000012E-01  .2654E+03 -.2968E+03   .9992306  .0106209 -.0377547
T 1694  1 .1834537E+07   1000007E-01 -.2995E+03 -.7460E+02   .9999979 -.0015547 -.0013099
T 1695  1 .1846457E+07   1000007E-01 -.2517E+03 -.1064E+03   .9999853 -.0046147 -.0028499
T 1696  1 .1843753E+07   1000006E-01  .5696E+03  .2554E+03   .9998866  .0139839  .0055918
T 1697  1 .1846708E+07   1000003E-01  .1653E+03  .3010E+03   .9999806  .0044235  .0043892
T 1698  1 .1838183E+07   1000014E-01 -.2878E+03  .1252E+02   .9999798 -.0055071 -.0031643
T 1699  1 .1821129E+07   1000015E-01  .2802E+03  .5679E+02   .9999702  .0056887  .0052200
T 1700  1 .1854667E+07   1000016E-01 -.2950E+02 -.1242E+03   .9999958  .0027244  .0009423
T 1701  1 .1818910E+07   1000018E-01  .3983E+03 -.1561E+03   .9999225  .0099005 -.0075535
T 1702  1 .1817461E+07   1000006E-01  .4977E+03 -.4312E+03   .9997295  .0153873 -.0174407
T 1703  1 .1855211E+07   1000023E-01 -.2923E+03 -.6860E+03   .9999304 -.0063684 -.0099344
T 1704  1 .1845986E+07   1000002E-01 -.4500E+03 -.4812E+03   .9999436 -.0101972 -.0029756
T 1705  1 .1839639E+07   1000021E-01 -.4762E+01 -.1920E+03   .9999983  .0004107 -.0018090
T 1706  1 .1847328E+07   1000016E-01 -.5669E+03 -.4082E+00   .9999018 -.0138702 -.0020248
T 1707  1 .1842263E+07   1000020E-01  .3088E+02 -.1517E+02   .9996718 -.0043763 -.0252419
T 1708  1 .1862090E+07   1000008E-01  .1130E+03  .9319E+02   .9998935  .0045045  .0138786
T 1709  1 .1833446E+07   1000020E-01 -.3703E+03 -.3935E+03   .9999608 -.0058818 -.0066216
T 1710  1 .1833902E+07   1000010E-01 -.6790E+02 -.3357E+03   .9999772 -.0035780 -.0057249
T 1711  1 .1841538E+07   1000000E-01 -.6968E+03 -.6218E+03   .9998019 -.0139226 -.0142208
T 1712  1 .1838474E+07   1000001E-01 -.5673E+02  .1356E+03   .9999944 -.0026168  .0020798
T 1713  1 .1839396E+07   1000006E-01  .3512E+02 -.2245E+02   .9999991 -.0002082  .0013397
T 1714  1 .1815410E+07   1000007E-01 -.8914E+02 -.4370E+03   .9999628 -.0001671 -.0086214
T 1715  1 .1833483E+07   1000018E-01  .1833E+03 -.2017E+03   .9999295  .0106352  .0052762
T 1716  1 .1853441E+07   1000022E-01 -.3320E+03 -.1227E+03   .9999953 -.0017485  .0025264
T 1717  1 .1854805E+07   1000018E-01  .2961E+02 -.1134E+03   .9999847  .0007516 -.0054746
T 1718  1 .1844359E+07   1000009E-01 -.1057E+02 -.4165E+02   .9999975 -.0011604  .0019178
T 1719  1 .1848354E+07   1000008E-01  .3519E+03  .4423E+03   .9998997  .0065907  .0125335
T 1720  1 .1837705E+07   1000002E-01 -.6942E+02  .3315E+03   .9999075 -.0097330  .0094997
T 1721  1 .1849047E+07   1000003E-01 -.1402E+04  .4286E+03   .9997138 -.0226020  .0078453
T 1722  1 .1845968E+07   1000002E-01 -.9315E+02 -.2122E+03   .9999684  .0068434 -.0040368
T 1723  1 .1842031E+07   1000022E-01 -.2032E+03 -.2816E+03   .9999394 -.0075907 -.0079703
T 1724  1 .1833274E+07   1000009E-01 -.3077E+03 -.1806E+03   .9999929 -.0029336  .0023791
T 1725  1 .1849815E+07   1000012E-01 -.2364E+02  .6372E+01   .9999971 -.0001573  .0023988
T 1726  1 .1837603E+07   1000000E-01  .1172E+03  .6917E+02   .9999882  .0046461  .0014085
T 1727  1 .1837078E+07   1000012E-01 -.4920E+03  .1897E+04   .9993325 -.0070694  .0358401
T 1728  1 .1835766E+07   1000018E-01  .4692E+02 -.2205E+03   .9999222  .0054762 -.0112095
T 1729  1 .1823661E+07   1000022E-01  .4260E+03  .5554E+02   .9999848  .0051502  .0019455
T 1730  1 .1868143E+07   1000010E-01 -.1990E+03  .1117E+03   .9999656 -.0060078  .0057151
T 1731  1 .1846466E+07   1000001E-01  .9770E+03 -.6281E+03   .9999493  .0087708  .0049467
T 1732  1 .1853414E+07   1000020E-01 -.2531E+03 -.1865E+04   .9993198 -.0053915 -.0364800
T 1733  1 .1837875E+07   1000011E-01  .3679E+03  .2168E+03   .9999697  .0066681 -.0040287
T 1734  1 .1846985E+07   1000014E-01  .2789E+03  .5586E+03   .9999340  .0109082  .0036152
T 1735  1 .1850333E+07   1000010E-01  .1325E+03  .3172E+03   .9999882  .0031657  .0036969
T 1736  1 .1855863E+07   1000021E-01  .8518E+03  .6055E+03   .9997814  .0191550  .0083758
T 1737  1 .1832890E+07   1000007E-01 -.1737E+03  .3096E+03   .9998555 -.0022556  .0168507
T 1738  1 .1837412E+07   1000005E-01  .1563E+04  .5758E+03   .9996204  .0260335  .0090198
T 1739  1 .1830951E+07   1000000E-01  .9593E+02 -.4187E+03   .9999895  .0045164  .0008096
T 1740  1 .1850422E+07   1000008E-01  .8443E+03 -.5477E+03   .9998994  .0123941 -.0068913
T 1741  1 .1855043E+07   1000015E-01  .1297E+03  .4344E+03   .9999830 -.0014915  .0056431
T 1742  1 .1861082E+07   1000015E-01  .3087E+03  .2724E+02   .9999988  .0012612 -.0009029
T 1743  1 .1841750E+07   1000006E-01 -.1888E+03 -.1988E+03   .9999609 -.0079100 -.0039452
T 1744  1 .1833445E+07   1000005E-01 -.8325E+02 -.3539E+02   .9999401 -.0062494  .0089814
T 1745  1 .1831988E+07   1000012E-01  .4993E+03  .8298E+03   .9997232  .0083591  .0219932
T 1746  1 .1836230E+07   1000022E-01 -.1361E+03 -.2008E+03   .9999942 -.0031326  .0013589
T 1747  1 .1845953E+07   1000019E-01 -.7031E+02  .3893E+02   .9999752 -.0069712  .0009890
T 1748  1 .1829180E+07   1000011E-01  .1784E+03 -.1336E+02   .9999798  .0043563 -.0046280
T 1749  1 .1869120E+07   1000016E-01 -.3161E+03  .2970E+03   .9999527 -.0056247  .0079290
T 1750  1 .1838186E+07   1000004E-01  .2137E+03  .5762E+02   .9999796  .0062819 -.0011216
T 1751  1 .1829944E+07   1000009E-01  .7223E+03  .3424E+03   .9999704  .0075998  .0011940
T 1752  1 .1837386E+07   1000020E-01 -.8547E+02  .2233E+03   .9999781 -.0030354  .0058856
T 1753  1 .1850590E+07   1000007E-01  .4463E+02 -.8323E+03   .9998058  .0129396 -.0148639
T 1754  1 .1830869E+07   1000002E-01 -.2660E+03 -.3768E+03   .9998421 -.0047372 -.0171247
T 1755  1 .1855951E+07   1000007E-01  .1768E+02  .1454E+03   .9999979 -.0015658  .0012891
T 1756  1 .1836010E+07   1000021E-01  .1438E+03 -.6394E+02   .9998775 -.0034278 -.0152748
T 1757  1 .1863340E+07   1000016E-01  .3323E+03 -.7337E+02   .9999796  .0056566 -.0029752
T 1758  1 .1831100E+07   1000000E-01  .1032E+03  .5840E+02   .9999335  .0103753  .0050279
T 1759  1 .1840498E+07   1000000E-01  .9473E+02  .2816E+03   .9999518  .0008186  .0097839
T 1760  1 .1832020E+07   1000022E-01 -.1794E+02  .1112E+03   .9999949  .0003285  .0031680
T 1761  1 .1862692E+07   1000021E-01 -.2028E+03  .1474E+03   .9999920  .0025983  .0030428
T 1762  1 .1854579E+07   1000017E-01  .4474E+02 -.2834E+03   .9999815  .0010984 -.0059745
T 1763  1 .1838736E+07   1000019E-01  .3270E+03  .7325E+03   .9999502  .0033700  .0093886
T 1764  1 .1851155E+07   1000014E-01 -.1829E+03 -.2735E+03   .9999943 -.0000701 -.0033615
T 1765  1 .1847472E+07   1000016E-01  .4943E+03 -.8642E+02   .9999959 -.0015839 -.0023822
T 1766  1 .1834162E+07   1000017E-01 -.5787E+02  .3832E+02   .9999998 -.0000420  .0006035
T 1767  1 .1837119E+07   1000000E-01 -.6761E+02  .3008E+03   .9999466  .0030708  .0098681
T 1768  1 .1825397E+07   1000003E-01  .1549E+03 -.7775E+02   .9999585  .0085450  .0031530
T 1769  1 .1842292E+07   1000002E-01  .3421E+03 -.1097E+03   .9997973  .0195239 -.0049145
T 1770  1 .1841938E+07   1000005E-01  .1458E+04 -.5194E+03   .9992287  .0349828 -.0178399
T 1771  1 .1842376E+07   1000016E-01  .1381E+03 -.3888E+02   .9999949 -.0031911 -.0001648
T 1772  1 .1853029E+07   1000013E-01 -.7875E+02 -.1619E+02   .9999983 -.0018305 -.0003820
T 1773  1 .1848176E+07   1000022E-01 -.1390E+03 -.2072E+03   .9999259 -.0017565 -.0120440
T 1774  1 .1846363E+07   1000014E-01 -.3061E+03 -.1223E+03   .9999682 -.0079741 -.0000984
T 1775  1 .1852264E+07   1000016E-01 -.3887E+03 -.1013E+03   .9999603 -.0086163  .0022503
T 1776  1 .1848598E+07   1000000E-01  .6168E+03 -.8570E+01   .9999872  .0049286  .0011210
T 1777  1 .1844287E+07   1000012E-01 -.2109E+02 -.9685E+03   .9998406 -.0074149 -.0162437
T 1778  1 .1858939E+07   1000022E-01 -.1519E+03  .8011E+02   .9999806 -.0057880 -.0023080
T 1779  1 .1843637E+07   1000004E-01  .1151E+04 -.4734E+03   .9995155  .0264017 -.0164867
T 1780  1 .1838045E+07   1000021E-01 -.5309E+02 -.4698E+03   .9999513 -.0023237 -.0095959
T 1781  1 .1860115E+07   1000014E-01 -.3538E+03  .1351E+04   .9997226 -.0078996  .0221894
T 1782  1 .1827125E+07   1000011E-01  .5127E+02  .1879E+02   .9999888  .0038846 -.0027059
T 1783  1 .1849957E+07   1000011E-01 -.3274E+03 -.9207E+01   .9999445 -.0099788  .0033846
T 1784  1 .1841344E+07   1000005E-01  .9497E+02  .5205E+03   .9998904 -.0050638  .0139134
T 1785  1 .1834158E+07   1000018E-01  .1104E+03 -.2180E+03   .9999810  .0040569 -.0046509
T 1786  1 .1843751E+07   1000021E-01  .4522E+03  .4358E+03   .9998682  .0071553  .0145712
T 1787  1 .1845062E+07   1000004E-01  .2233E+03  .1658E+02   .9999225 -.0045482  .0115927
T 1788  1 .1851634E+07   1000006E-01 -.3435E+03 -.4152E+03   .9995477 -.0046092 -.0297172
T 1789  1 .1861652E+07   1000019E-01 -.1337E+03  .5989E+03   .9998163 -.0030819  .0189193
T 1790  1 .1839679E+07   1000019E-01  .1387E+03 -.1672E+03   .9999958  .0028769  .0004081
T 1791  1 .1838823E+07   1000010E-01  .8675E+02 -.3801E+02   .9999503  .0097563  .0020401
T 1792  1 .1834978E+07   1000006E-01 -.9138E+02 -.1549E+03   .9999945 -.0012023 -.0030753
T 1793  1 .1834410E+07   1000001E-01 -.7182E+02  .4812E+02   .9999817 -.0052795 -.0029471
T 1794  1 .1841467E+07   1000014E-01 -.3097E+03  .5786E+02   .9999935 -.0022926 -.0027742
T 1795  1 .1849244E+07   1000016E-01 -.2981E+02 -.2862E+02   .9999988 -.0015455  .0000141
T 1796  1 .1847878E+07   1000022E-01 -.2073E+03 -.2511E+02   .9999960 -.0025952 -.0011284
T 1797  1 .1858701E+07   1000012E-01 -.1368E+03 -.1700E+03   .9999879 -.0027530 -.0040718
T 1798  1 .1848651E+07   1000017E-01  .3496E+03 -.2465E+03   .9999485  .0099626 -.0019456
T 1799  1 .1833931E+07   1000006E-01  .2331E+03 -.1481E+04   .9989616  .0166704 -.0424005
T 1800  1 .1847450E+07   1000008E-01  .4454E+03  .2946E+03   .9998794  .0155076  .0008513
T 1801  1 .1852129E+07   1000008E-01 -.1697E+03 -.6195E+03   .9999805 -.0014346 -.0060822
T 1802  1 .1844704E+07   1000014E-01  .1896E+03 -.3276E+03   .9999653  .0082582  .0011098
T 1803  1 .1858067E+07   1000002E-01  .5412E+03  .8156E+02   .9999334  .0112654 -.0024974
T 1804  1 .1844102E+07   1000015E-01  .2923E+04  .9421E+03   .9993416  .0355172  .0074096
T 1805  1 .1837215E+07   1000001E-01  .1733E+03  .1900E+03   .9999817  .0060145  .0005939
T 1806  1 .1853338E+07   1000007E-01 -.4038E+03  .6222E+03   .9999173 -.0045457  .0120340
T 1807  1 .1847239E+07   1000011E-01  .2456E+03 -.7627E+03   .9995004 -.0007529 -.0315979
T 1808  1 .1836319E+07   1000013E-01  .4831E+03  .2287E+03   .9999898  .0021780  .0039634
T 1809  1 .1826186E+07   1000007E-01 -.4505E+02  .2984E+03   .9999887 -.0036278  .0030593
T 1810  1 .1845407E+07   1000021E-01  .7036E+02 -.1337E+02   .9999968  .0022065  .0012098
T 1811  1 .1850876E+07   1000017E-01 -.3610E+03  .2261E+03   .9998388 -.0151223  .0096840
T 1812  1 .1846435E+07   1000007E-01 -.3345E+03  .2363E+03   .9999511 -.0074345  .0065207
T 1813  1 .1833261E+07   1000007E-01 -.2535E+03 -.8413E+03   .9999339 -.0033617 -.0109926
T 1814  1 .1849313E+07   1000011E-01 -.3314E+03  .3286E+03   .9999506 -.0096138  .0025429
T 1815  1 .1822311E+07   1000013E-01  .1499E+02  .3080E+03   .9999653 -.0017041  .0081568
T 1816  1 .1844818E+07   1000014E-01 -.2406E+02  .3080E+03   .9999811  .0051126  .0034055
T 1817  1 .1852946E+07   1000018E-01 -.3630E+03  .2422E+03   .9997828 -.0114630  .0174027
T 1818  1 .1853062E+07   1000020E-01  .3108E+03  .2480E+03   .9999788  .0064978  .0003062
T 1819  1 .1847870E+07   1000021E-01  .4401E+03  .1103E+03   .9997998  .0113167  .0165025
T 1820  1 .1842291E+07   1000022E-01 -.5388E+03  .2541E+03   .9999706 -.0075583  .0012949
T 1821  1 .1849693E+07   1000022E-01  .5872E+03 -.9113E+02   .9999261  .0116127 -.0035906
T 1822  1 .1847829E+07   1000003E-01 -.6320E+02 -.2486E+03   .9999789 -.0060632  .0023529
T 1823  1 .1832931E+07   1000001E-01 -.1770E+02  .2064E+02   .9999991 -.0012776 -.0003606
T 1824  1 .1846552E+07   1000001E-01  .1409E+03  .5878E+02   .9999998 -.0001903 -.0006573
T 1825  1 .1844398E+07   1000015E-01  .1116E+03  .1040E+03   .9999527  .0097298 -.0001269
T 1826  1 .1852441E+07   1000008E-01  .2858E+03 -.6739E+03   .9999170 -.0064692 -.0111436
T 1827  1 .1847170E+07   1000013E-01 -.7757E+02 -.1257E+02   .9999804 -.0031739 -.0054010
T 1828  1 .1831963E+07   1000008E-01 -.7439E+03  .4944E+02   .9998648 -.0163158 -.0020360
T 1829  1 .1859877E+07   1000012E-01 -.5709E+03 -.1212E+03   .9999492 -.0100235 -.0010190
T 1830  1 .1836085E+07   1000001E-01 -.7748E+03 -.4664E+03   .9998434 -.0176940  .0003460
T 1831  1 .1847073E+07   1000007E-01 -.1179E+02  .2760E+03   .9999728 -.0003463  .0073647
T 1832  1 .1850260E+07   1000011E-01 -.1882E+02 -.1227E+03   .9999577  .0007587 -.0091690
T 1833  1 .1866298E+07   1000020E-01  .1976E+03 -.2665E+03   .9999804 -.0026818 -.0056515
T 1834  1 .1858568E+07   1000016E-01 -.1027E+02  .5614E+02   .9999988 -.0012503  .0009302
T 1835  1 .1847079E+07   1000014E-01 -.1528E+03  .9993E+01   .9999496 -.0007125 -.0100122
T 1836  1 .1835659E+07   1000005E-01 -.2575E+03 -.2225E+03   .9999789 -.0033630 -.0055611
T 1837  1 .1858943E+07   1000009E-01  .1540E+04  .4406E+03   .9998860  .0098782  .0114234
T 1838  1 .1848977E+07   1000022E-01  .4786E+03  .1181E+03   .9999621  .0044489  .0074802
T 1839  1 .1838726E+07   1000017E-01  .4011E+03 -.3752E+03   .9999441  .0073047 -.0076401
T 1840  1 .1839720E+07   1000017E-01 -.2223E+03 -.4234E+03   .9998179 -.0086311 -.0170199
T 1841  1 .1842713E+07   1000021E-01 -.7976E+02 -.3541E+03   .9997568 -.0075175 -.0207323
T 1842  1 .1833729E+07   1000002E-01 -.5212E+02  .1394E+03   .9999790 -.0003388  .0064735
T 1843  1 .1840743E+07   1000013E-01  .3005E+03 -.3888E+03   .9999722  .0024150 -.0070514
T 1844  1 .1829958E+07   1000004E-01 -.3005E+02 -.1221E+03   .9999866 -.0024727 -.0045376
T 1845  1 .1838550E+07   1000021E-01  .4658E+03  .4725E+03   .9999768  .0040127  .0055101
T 1846  1 .1842250E+07   1000003E-01 -.1400E+03  .7738E+02   .9999846 -.0037087  .0041195
T 1847  1 .1843292E+07   1000008E-01  .8716E+02 -.1470E+03   .9999871  .0040951 -.0029924
T 1848  1 .1838407E+07   1000016E-01 -.1840E+02  .1038E+03   .9999999 -.0005091 -.0000193
T 1849  1 .1835377E+07   1000019E-01 -.9828E+02 -.1632E+02   .9999964 -.0026397  .0004278
T 1850  1 .1855071E+07   1000014E-01 -.5492E+03 -.6775E+03   .9999932 -.0034630 -.0012744
T 1851  1 .1849183E+07   1000018E-01 -.2148E+03 -.1103E+03   .9998948 -.0099562 -.0105480
T 1852  1 .1839985E+07   1000015E-01 -.3136E+03  .4495E+03   .9999951 -.0013353  .0028152
T 1853  1 .1857953E+07   1000019E-01  .2956E+02  .1029E+03   .9999987  .0013152 -.0008942
T 1854  1 .1846640E+07   1000020E-01 -.5416E+02 -.2631E+03   .9999690 -.0058525 -.0052665
T 1855  1 .1842137E+07   1000018E-01  .3735E+03  .4831E+03   .9999578  .0037969  .0083702
T 1856  1 .1850070E+07   1000014E-01 -.2761E+02  .3397E+02   .9999991 -.0013328 -.0003482
T 1857  1 .1850466E+07   1000022E-01  .7717E+03  .1822E+03   .9999097  .0131176  .0029107
T 1858  1 .1843079E+07   1000014E-01  .1420E+03  .5429E+03   .9999741  .0034619  .0063072
T 1859  1 .1852826E+07   1000009E-01  .8041E+03  .2229E+02   .9999033  .0138176 -.0015743
T 1860  1 .1836582E+07   1000020E-01 -.3219E+02  .1332E+04   .9997377 -.0079319  .0214864
T 1861  1 .1832488E+07   1000021E-01  .3070E+03  .5810E+03   .9999284  .0049279  .0109047
T 1862  1 .1858997E+07   1000021E-01 -.1736E+02  .7893E+02   .9999760  .0029915  .0062488
T 1863  1 .1843640E+07   1000023E-01  .1573E+03 -.3258E+03   .9999793  .0045061 -.0045869
T 1864  1 .1842259E+07   1000021E-01 -.4363E+03  .4876E+03   .9999086  .0006123  .0135086
T 1865  1 .1846709E+07   1000020E-01  .4197E+03 -.4849E+02   .9999879  .0048163 -.0010411
T 1866  1 .1862011E+07   1000004E-01  .9100E+03  .1075E+04   .9988747  .0270717  .0389413
T 1867  1 .1835565E+07   1000012E-01 -.3051E+03 -.2298E+03   .9999658 -.0081265 -.0015526
T 1868  1 .1843235E+07   1000018E-01  .2155E+03 -.8227E+02   .9999587  .0089722 -.0014344
T 1869  1 .1841239E+07   1000018E-01  .2059E+03  .3101E+03   .9999482  .0016473  .0100410
T 1870  1 .1840070E+07   1000018E-01  .9136E+03  .1260E+04   .9995527  .0160892  .0252112
T 1871  1 .1848019E+07   1000015E-01 -.6313E+03 -.2525E+03   .9999572 -.0087247 -.0030831
T 1872  1 .1853695E+07   1000022E-01  .2169E+03  .2832E+03   .9999423  .0092408  .0054792
T 1873  1 .1835791E+07   1000011E-01 -.7609E+02  .8819E+03   .9998494 -.0015933  .0172817
T 1874  1 .1842679E+07   1000003E-01  .1114E+03 -.2080E+02   .9999702  .0074735 -.0019378
T 1875  1 .1846411E+07   1000020E-01 -.4288E+03  .7279E+02   .9999886 -.0036136  .0031244
T 1876  1 .1831213E+07   1000020E-01  .2383E+03  .3805E+03   .9999507  .0081227  .0057125
T 1877  1 .1831804E+07   1000013E-01  .1245E+03  .8154E+03   .9991380  .0245050  .0335066
T 1878  1 .1847585E+07   1000015E-01  .3410E+03  .1211E+04   .9979702  .0196503  .0605755
T 1879  1 .1849324E+07   1000015E-01 -.7312E+03  .7846E+03   .9986464 -.0425328  .0299404
T 1880  1 .1860622E+07   1000019E-01 -.3689E+03 -.8500E+02   .9999772 -.0060262 -.0030356
T 1881  1 .1845134E+07   1000018E-01  .1823E+03  .1114E+02   .9999748  .0054960  .0045030
T 1882  1 .1853503E+07   1000004E-01  .6176E+01  .1213E+03   .9999872 -.0023037  .0045031
T 1883  1 .1860630E+07   1000018E-01  .1271E+04  .2196E+04   .9995344  .0118976  .0280956
T 1884  1 .1833812E+07   1000020E-01 -.3957E+02  .3097E+02   .9999990 -.0003475 -.0013617
T 1885  1 .1839931E+07   1000016E-01  .2122E+02 -.2408E+03   .9999667  .0004838 -.0081477
T 1886  1 .1861525E+07   1000004E-01 -.4508E+03  .3023E+03   .9998897 -.0147597 -.0016440
T 1887  1 .1830931E+07   1000019E-01  .4694E+03  .5010E+03   .9998368  .0127552  .0127925
T 1888  1 .1842464E+07   1000007E-01  .3895E+02 -.1151E+03   .9999999  .0003982  .0001357
T 1889  1 .1828632E+07   1000000E-01 -.1881E+03  .2527E+03   .9998691 -.0030091  .0159003
T 1890  1 .1857878E+07   1000005E-01 -.3735E+03  .4894E+02   .9999903 -.0043676  .0005760
T 1891  1 .1851690E+07   1000018E-01  .8645E+02  .7516E+02   .9999900 -.0042101  .0015271
T 1892  1 .1847451E+07   1000007E-01  .1129E+02 -.2430E+03   .9999698  .0012612 -.0076734
T 1893  1 .1835097E+07   1000019E-01 -.9864E+03  .7702E+03   .9999335 -.0066619  .0094107
T 1894  1 .1835828E+07   1000011E-01  .4939E+03 -.9317E+02   .9993943  .0339172  .0077935
T 1895  1 .1843352E+07   1000005E-01 -.3447E+03  .1995E+03   .9999810 -.0061348  .0006704
T 1896  1 .1851296E+07   1000006E-01  .1099E+03 -.4515E+02   .9999982 -.0007199  .0017290
T 1897  1 .1842635E+07   1000011E-01 -.2710E+03  .2054E+03   .9999356 -.0104384  .0044604
T 1898  1 .1851027E+07   1000005E-01  .3905E+03 -.8211E+03   .9998534  .0061384 -.0159816
T 1899  1 .1833993E+07   1000017E-01  .1670E+03  .1917E+03   .9999515  .0062627  .0075981
T 1900  1 .1848671E+07   1000005E-01 -.5134E+01  .1415E+03   .9999922 -.0014678 -.0036730
T 1901  1 .1854928E+07   1000001E-01  .5404E+03  .5817E+03   .9998791  .0140727  .0066146
T 1902  1 .1838031E+07   1000006E-01 -.1427E+03 -.4674E+02   .9999451 -.0101866  .0024562
T 1903  1 .1839692E+07   1000009E-01 -.2971E+03 -.3388E+03   .9999562 -.0080142 -.0048340
T 1904  1 .1852107E+07   1000021E-01  .1957E+02 -.3860E+03   .9999875  .0029065 -.0040586
T 1905  1 .1844680E+07   1000012E-01 -.2983E+03  .3525E+03   .9999600 -.0028000  .0084920
T 1906  1 .1847117E+07   1000005E-01  .4076E+03  .1853E+03   .9985297 -.0236021 -.0487988
T 1907  1 .1839624E+07   1000001E-01 -.2826E+03 -.3323E+03   .9999880 -.0048970  .0002750
T 1908  1 .1821860E+07   1000017E-01 -.2117E+03  .1061E+03   .9999778 -.0040652  .0052877
T 1909  1 .1842969E+07   1000014E-01 -.1044E+03  .2720E+02   .9999928 -.0035809 -.0012363
T 1910  1 .1833955E+07   1000022E-01  .6117E+02 -.3421E+03   .9999703  .0010360 -.0076421
T 1911  1 .1843838E+07   1000023E-01  .5428E+03  .1110E+03   .9999504  .0062324  .0077679
T 1912  1 .1829662E+07   1000017E-01  .2082E+03  .1194E+03   .9998938  .0108999  .0096730
T 1913  1 .1831830E+07   1000013E-01 -.2745E+03 -.6160E+02   .9999731 -.0071918 -.0014574
T 1914  1 .1854224E+07   1000016E-01  .8210E+03  .2072E+03   .9999474  .0100930  .0018303
T 1915  1 .1845604E+07   1000016E-01  .2546E+03  .6220E+02   .9999663  .0018452 -.0080004
T 1916  1 .1832502E+07   1000015E-01  .9679E+02  .2096E+03   .9999991 -.0012534  .0004083
T 1917  1 .1862664E+07   1000012E-01 -.2426E+04 -.4472E+03   .9967100 -.0796077 -.0152253
T 1918  1 .1854340E+07   1000022E-01 -.2517E+03 -.4312E+03   .9999704 -.0061853 -.0045755
T 1919  1 .1855449E+07   1000019E-01 -.1130E+03 -.4079E+03   .9999762 -.0020875 -.0065809
T 1920  1 .1839264E+07   1000022E-01 -.5788E+03 -.2082E+03   .9999524 -.0087264 -.0043626
T 1921  1 .1844290E+07   1000019E-01  .4818E+02 -.1803E+03   .9999937  .0014537 -.0032272
T 1922  1 .1840123E+07   1000014E-01 -.1981E+03 -.2871E+03   .9999550 -.0077495 -.0054679
T 1923  1 .1834996E+07   1000017E-01  .5848E+02  .2446E+03   .9999390 -.0068502  .0086645
T 1924  1 .1854190E+07   1000001E-01  .3072E+02 -.1048E+02   .9999821 -.0049118  .0034094
T 1925  1 .1855568E+07   1000000E-01 -.1278E+03 -.5273E+03   .9999635 -.0016487 -.0083834
T 1926  1 .1860937E+07   1000011E-01  .4697E+03  .5017E+03   .9998614  .0112613  .0122638
T 1927  1 .1854509E+07   1000022E-01 -.7183E+02  .1964E+03   .9999977 -.0021204  .0003394
T 1928  1 .1837355E+07   1000009E-01  .2168E+04 -.2093E+03   .9993142  .0367374 -.0046401
T 1929  1 .1847818E+07   1000009E-01 -.1106E+04  .3352E+02   .9996718 -.0229022  .0114804
T 1930  1 .1828116E+07   1000022E-01 -.3806E+01  .2337E+03   .9999244 -.0044533  .0114572
T 1931  1 .1834558E+07   1000022E-01 -.3288E+02  .4511E+03   .9999157 -.0012461  .0129260
T 1932  1 .1844975E+07   1000011E-01 -.2430E+03 -.2801E+02   .9999627 -.0050849  .0069755
T 1933  1 .1844080E+07   1000005E-01  .2671E+03 -.9469E+02   .9999450  .0091525 -.0051200
T 1934  1 .1838025E+07   1000011E-01 -.1235E+03  .1155E+03   .9999767  .0045510  .0050787
T 1935  1 .1857059E+07   1000001E-01  .2261E+03  .1677E+02   .9999831  .0057782 -.0005993
T 1936  1 .1839023E+07   1000010E-01  .1038E+04 -.7602E+02   .9998678  .0134332 -.0091575
T 1937  1 .1855600E+07   1000008E-01 -.1018E+03 -.4682E+03   .9995486  .0243836 -.0175489
T 1938  1 .1841742E+07   1000013E-01  .4397E+03  .8408E+03   .9998998  .0093990  .0105827
T 1939  1 .1846201E+07   1000021E-01  .5569E+03  .4524E+03   .9999774  .0027460  .0061390
T 1940  1 .1837679E+07   1000005E-01  .4384E+02  .6145E+01   .9999593 -.0059276 -.0067960
T 1941  1 .1848610E+07   1000019E-01  .1026E+03  .1531E+03   .9999917  .0003945  .0040434
T 1942  1 .1858918E+07   1000014E-01 -.2522E+03 -.9519E+03   .9997913 -.0056748 -.0196262
T 1943  1 .1843055E+07   1000021E-01  .4004E+02 -.6112E+02   .9999891 -.0036102 -.0029768
T 1944  1 .1837179E+07   1000001E-01  .7619E+02  .1681E+03   .9999701  .0071556  .0029184
T 1945  1 .1856327E+07   1000005E-01 -.5827E+01  .4830E+02   .9999870  .0050914 -.0000889
T 1946  1 .1841527E+07   1000005E-01 -.9181E+02 -.2859E+02   .9999625  .0086039  .0009781
T 1947  1 .1846121E+07   1000011E-01  .7691E+02  .1534E+02   .9998821  .0118985 -.0097061
T 1948  1 .1822051E+07   1000001E-01  .4886E+03 -.2909E+03   .9999806  .0046913 -.0041077
T 1949  1 .1846534E+07   1000014E-01 -.2825E+02 -.6327E+02   .9999707 -.0021149 -.0073606
T 1950  1 .1843863E+07   1000009E-01 -.2170E+03  .2413E+03   .9999980 -.0013425 -.0014762
T 1951  1 .1857040E+07   1000019E-01 -.4135E+03  .2087E+02   .9999164 -.0117273  .0054432
T 1952  1 .1854508E+07   1000016E-01 -.1582E+03  .1296E+03   .9999652 -.0065138  .0052216
T 1953  1 .1855863E+07   1000004E-01  .2652E+03 -.1871E+03   .9999981  .0019513  .0001035
T 1954  1 .1845196E+07   1000021E-01  .8765E+02 -.2853E+02   .9999695 -.0066978 -.0040055
T 1955  1 .1828783E+07   1000015E-01  .2483E+03 -.1723E+03   .9997368  .0223116 -.0053411
T 1956  1 .1854322E+07   1000004E-01 -.2246E+03 -.2275E+03   .9999913 -.0026352 -.0032185
T 1957  1 .1856609E+07   1000011E-01  .2202E+02 -.6070E+02   .9999998  .0001738  .0005612
T 1958  1 .1826963E+07   1000023E-01 -.8383E+02  .8098E+02   .9999626  .0045761 -.0073391
T 1959  1 .1860934E+07   1000020E-01 -.1062E+03 -.7158E+02   .9999774 -.0039940 -.0054169
T 1960  1 .1835569E+07   1000001E-01 -.1518E+04  .2858E+03   .9987618 -.0475279  .0146955
T 1961  1 .1856110E+07   1000011E-01 -.7475E+02  .2759E+03   .9999218  .0069942  .0103675
T 1962  1 .1844325E+07   1000014E-01  .3442E+03 -.9566E+02   .9999874  .0050031 -.0004435
T 1963  1 .1849936E+07   1000014E-01  .7852E+01  .1080E+03   .9999624 -.0016763  .0085031
T 1964  1 .1849221E+07   1000020E-01  .2593E+03 -.2562E+03   .9999876  .0023717 -.0043777
T 1965  1 .1844168E+07   1000011E-01  .1708E+03 -.2760E+03   .9999963 -.0015237 -.0022463
T 1966  1 .1844874E+07   1000018E-01 -.1970E+02 -.2196E+03   .9999955  .0029584 -.0004544
T 1967  1 .1857823E+07   1000006E-01  .2873E+03 -.2919E+03   .9999630 -.0030285 -.0080566
T 1968  1 .1835311E+07   1000018E-01  .3470E+03  .2580E+03   .9999994 -.0000365  .0010846
T 1969  1 .1835926E+07   1000015E-01 -.3992E+03 -.1992E+03   .9998521 -.0157217 -.0069767
T 1970  1 .1857806E+07   1000013E-01  .3570E+03  .3658E+03   .9999805  .0010428  .0061589
T 1971  1 .1851379E+07   1000020E-01  .8988E+03 -.2245E+03   .9999772  .0067475  .0002540
T 1972  1 .1848559E+07   1000003E-01 -.1716E+03  .2200E+03   .9997625  .0096750  .0195268
T 1973  1 .1846892E+07   1000008E-01 -.2159E+03 -.1553E+03   .9999552 -.0075025 -.0057738
T 1974  1 .1848460E+07   1000018E-01 -.3196E+03  .3737E+03   .9999170 -.0060112  .0113953
T 1975  1 .1850492E+07   1000006E-01 -.2159E+03  .2986E+03   .9999394 -.0092910  .0059136
T 1976  1 .1847385E+07   1000007E-01  .3418E+03 -.5119E+03   .9999455 -.0008078 -.0104116
T 1977  1 .1834910E+07   1000019E-01  .2676E+03 -.9399E+02   .9999602  .0080899 -.0037604
T 1978  1 .1859387E+07   1000003E-01 -.3642E+03  .1198E+03   .9999322 -.0058969  .0100451
T 1979  1 .1830877E+07   1000020E-01 -.2237E+02  .4530E+02   .9999643  .0030143  .0078890
T 1980  1 .1859963E+07   1000008E-01  .9994E+02  .3635E+02   .9999990 -.0002358 -.0014195
T 1981  1 .1858448E+07   1000008E-01  .7061E+03  .5586E+03   .9998521  .0109868  .0132287
T 1982  1 .1839388E+07   1000021E-01 -.1307E+03  .2127E+03   .9999914 -.0020748  .0035964
T 1983  1 .1847319E+07   1000022E-01  .9472E+02 -.1228E+03   .9999936  .0008334 -.0034876
T 1984  1 .1844529E+07   1000005E-01  .1767E+03 -.2911E+02   .9999970 -.0004869  .0024208
T 1985  1 .1850127E+07   1000012E-01 -.1438E+03 -.1377E+03   .9999798  .0029818  .0056145
T 1986  1 .1866539E+07   1000000E-01 -.8220E+02  .4945E+03   .9999586 -.0009584  .0090448
T 1987  1 .1850424E+07   1000013E-01 -.1671E+03 -.8359E+02   .9999448 -.0093505 -.0047961
T 1988  1 .1856105E+07   1000021E-01  .5754E+03 -.3141E+03   .9998935  .0118848 -.0084649
T 1989  1 .1852227E+07   1000015E-01 -.2573E+03 -.1463E+03   .9999877 -.0047780 -.0013446
T 1990  1 .1838152E+07   1000012E-01  .1186E+03  .1044E+03   .9999810 -.0054231  .0029210
T 1991  1 .1843164E+07   1000004E-01  .2311E+03 -.4904E+03   .9999393  .0064731 -.0089112
T 1992  1 .1852190E+07   1000021E-01  .4462E+03 -.1273E+03   .9999571  .0071407  .0058920
T 1993  1 .1837076E+07   1000010E-01  .4358E+02 -.3410E+03   .9999728  .0009616 -.0073173
T 1994  1 .1844720E+07   1000017E-01  .1461E+04  .1467E+04   .9997041  .0182987  .0160260
T 1995  1 .1859925E+07   1000015E-01  .1524E+03 -.8562E+03   .9998873  .0024592 -.0148091
T 1996  1 .1857177E+07   1000022E-01  .1933E+03 -.2190E+03   .9999743  .0055811 -.0044923
T 1997  1 .1849030E+07   1000020E-01  .7983E+03  .6978E+03   .9999285  .0076085  .0092285
T 1998  1 .1845460E+07   1000014E-01 -.7672E+02 -.1049E+03   .9999994  .0004680 -.0009411
T 1999  1 .1848439E+07   1000023E-01 -.4868E+02  .1715E+02   .9999617 -.0087364 -.0005168
T 2000  1 .1863390E+07   1000018E-01  .5414E+03  .2762E+03   .9999652  .0078239 -.0028950
T 2001  1 .1837226E+07   1000002E-01 -.3803E+03  .5604E+03   .9999956  .0006477  .0028796
T 2002  1 .1836216E+07   1000011E-01 -.5397E+03 -.1691E+03   .9999941 -.0002016 -.0034378
T 2003  1 .1859938E+07   1000022E-01 -.4608E+03 -.2120E+03   .9999148 -.0098115 -.0086085
T 2004  1 .1846728E+07   1000021E-01 -.9967E+01 -.1986E+03   .9999453  .0067395 -.0079992
T 2005  1 .1872787E+07   1000011E-01  .3382E+03 -.1681E+03   .9999773  .0066907 -.0007543
T 2006  1 .1829690E+07   1000020E-01 -.4089E+03  .5622E+03   .9998564 -.0073268  .0152836
T 2007  1 .1844891E+07   1000010E-01  .2122E+03  .5871E+02   .9999392  .0057964  .0093828
T 2008  1 .1853167E+07   1000020E-01 -.1321E+04 -.5945E+03   .9996923 -.0234161 -.0081815
T 2009  1 .1869066E+07   1000002E-01  .2434E+03 -.1374E+02   .9998675  .0042500 -.0157113
T 2010  1 .1855767E+07   1000016E-01 -.2369E+03  .6476E+02   .9999687 -.0070140 -.0036487
T 2011  1 .1847642E+07   1000021E-01 -.9460E+02  .2407E+03   .9999152 -.0074569  .0106767
T 2012  1 .1848390E+07   1000008E-01 -.8113E+02  .1485E+03   .9999903  .0038556 -.0021228
T 2013  1 .1836195E+07   1000003E-01 -.1069E+04 -.8276E+03   .9998031 -.0150929 -.0128830
T 2014  1 .1851601E+07   1000000E-01 -.3601E+03 -.4213E+03   .9999334  .0039961 -.0108280
T 2015  1 .1851764E+07   1000011E-01 -.2180E+03 -.2789E+03   .9999115 -.0132603  .0010733
T 2016  1 .1834640E+07   1000023E-01  .1322E+03 -.2771E+03   .9999727  .0003424 -.0073830
T 2017  1 .1826154E+07   1000014E-01  .1416E+04 -.1048E+04   .9997210  .0217043 -.0093176
T 2018  1 .1843759E+07   1000020E-01  .4776E+04  .3629E+04   .9968383  .0527761  .0593971
T 2019  1 .1832782E+07   1000007E-01  .1243E+03 -.1567E+02   .9999974 -.0021588  .0006853
T 2020  1 .1854936E+07   1000000E-01  .1203E+03 -.7281E+01   .9999893 -.0000404  .0046193
T 2021  1 .1840285E+07   1000022E-01  .5073E+02 -.1805E+03   .9999797 -.0000075 -.0063718
T 2022  1 .1839522E+07   1000003E-01 -.1622E+03 -.1083E+03   .9999917  .0000535 -.0040707
T 2023  1 .1839994E+07   1000022E-01  .7120E+01  .1705E+03   .9999887 -.0005694  .0047279
T 2024  1 .1850822E+07   1000011E-01 -.7640E+02  .2472E+03   .9999525 -.0078284  .0057982
T 2025  1 .1850724E+07   1000007E-01  .3948E+02  .9914E+02   .9999994  .0005133 -.0009846
T 2026  1 .1836190E+07   1000013E-01 -.2441E+03  .7119E+02   .9999933 -.0033452 -.0014986
T 2027  1 .1838638E+07   1000015E-01  .3438E+03  .4291E+03   .9999129  .0041873  .0125175
T 2028  1 .1845363E+07   1000012E-01  .1712E+03  .3365E+01   .9999957  .0018030  .0023278
T 2029  1 .1839112E+07   1000016E-01 -.1089E+03 -.1838E+03   .9999717 -.0015009 -.0073696
T 2030  1 .1846905E+07   1000022E-01  .2533E+03 -.8690E+02   .9999691  .0054798 -.0056317
T 2031  1 .1843153E+07   1000015E-01  .1531E+03  .5624E+03   .9997809 -.0100099  .0183836
T 2032  1 .1850175E+07   1000009E-01 -.1292E+04 -.3339E+03   .9997418 -.0209391 -.0088275
T 2033  1 .1848594E+07   1000012E-01 -.5785E+02  .1363E+03   .9999945 -.0006056  .0032652
T 2034  1 .1827931E+07   1000018E-01 -.1770E+03  .1570E+03   .9999889 -.0038983 -.0026435
T 2035  1 .1855886E+07   1000018E-01  .9908E+02 -.3845E+02   .9999207  .0123556 -.0024311
T 2036  1 .1842798E+07   1000020E-01  .1284E+02  .1876E+03   .9998055  .0148946  .0129271
T 2037  1 .1844578E+07   1000010E-01  .4573E+02 -.7964E+01   .9999993 -.0001314  .0012151
T 2038  1 .1838853E+07   1000015E-01  .3253E+02  .2949E+03   .9999731  .0018676  .0070969
T 2039  1 .1837151E+07   1000013E-01 -.3721E+03 -.1437E+02   .9999981 -.0014620 -.0013258
T 2040  1 .1832791E+07   1000020E-01  .4417E+03  .5265E+03   .9997141 -.0027664  .0237494
T 2041  1 .1847200E+07   1000023E-01 -.8142E+02 -.2106E+03   .9999823  .0046088 -.0037640
T 2042  1 .1835158E+07   1000023E-01 -.3980E+03 -.7127E+02   .9998601 -.0164039  .0032684
T 2043  1 .1835800E+07   1000003E-01  .1087E+03 -.2572E+03   .9999518 -.0029127 -.0093731
T 2044  1 .1856389E+07   1000012E-01 -.2102E+03 -.5489E+03   .9999370 -.0009408 -.0111814
T 2045  1 .1832981E+07   1000015E-01 -.4465E+03 -.1318E+03   .9999771 -.0060138 -.0031060
T 2046  1 .1848274E+07   1000019E-01 -.2368E+03 -.8867E+02   .9999918 -.0036989 -.0016512
T 2047  1 .1841432E+07   1000020E-01  .6265E+02  .3702E+03   .9999849  .0033002  .0043928
T 2048  1 .1831912E+07   1000022E-01 -.2393E+03  .1612E+03   .9999949 -.0022979 -.0022264
T 2049  1 .1852245E+07   1000023E-01 -.2932E+03  .5748E+03   .9998369 -.0062133  .0169591
T 2050  1 .1825622E+07   1000015E-01 -.1325E+03  .2125E+02   .9998782 -.0155493  .0013763
T 2051  1 .1833246E+07   1000021E-01 -.6637E+03 -.3839E+03   .9998770 -.0146765 -.0055240
T 2052  1 .1838208E+07   1000004E-01  .1688E+03 -.1846E+03   .9999565  .0047474  .0080292
T 2053  1 .1841278E+07   1000004E-01 -.5750E+02  .4279E+02   .9999682 -.0067430  .0042551
T 2054  1 .1829570E+07   1000015E-01  .5820E+02 -.1556E+01   .9999996  .0007637 -.0005276
T 2055  1 .1842680E+07   1000006E-01 -.2867E+03 -.1870E+03   .9999637 -.0068472 -.0050660
T 2056  1 .1834540E+07   1000019E-01  .7272E+02 -.6486E+01   .9999938 -.0002937 -.0035056
T 2057  1 .1850424E+07   1000014E-01 -.1324E+03  .1015E+03   .9999959 -.0024824  .0013934
T 2058  1 .1846001E+07   1000023E-01 -.5687E+02 -.1557E+03   .9999757 -.0023575 -.0065642
T 2059  1 .1842683E+07   1000022E-01  .6988E+02 -.1231E+03   .9999969 -.0024735  .0004168
T 2060  1 .1841435E+07   1000002E-01 -.5633E+02  .4591E+03   .9999446 -.0042059  .0096521
T 2061  1 .1839744E+07   1000001E-01  .4479E+03  .1710E+03   .9999550  .0043978  .0084056
T 2062  1 .1849881E+07   1000004E-01  .2684E+03  .1273E+04   .9976081  .0166825  .0670807
T 2063  1 .1839092E+07   1000022E-01 -.1795E+02 -.2023E+02   .9999940 -.0025985 -.0022751
T 2064  1 .1848004E+07   1000003E-01  .1676E+03 -.5534E+03   .9999024  .0041252 -.0133445
T 2065  1 .1846688E+07   1000022E-01 -.2855E+03  .4227E+02   .9999066  .0028184  .0133708
T 2066  1 .1850085E+07   1000022E-01  .2416E+02 -.4448E+02   .9999715  .0072127  .0022450
T 2067  1 .1845466E+07   1000009E-01 -.5805E+03  .9530E+03   .9996212 -.0078990  .0263635
T 2068  1 .1834860E+07   1000019E-01  .1298E+03  .8534E+03   .9998164  .0023317  .0190170
T 2069  1 .1841722E+07   1000017E-01  .2152E+02 -.1383E+03   .9998780 -.0114607 -.0106125
T 2070  1 .1842967E+07   1000003E-01 -.1757E+03  .6194E+02   .9999974 -.0019769  .0011632
T 2071  1 .1851575E+07   1000010E-01 -.6169E+02  .3283E+02   .9997567 -.0031581  .0218323
T 2072  1 .1859718E+07   1000005E-01 -.3349E+03  .4775E+03   .9998136 -.0101942  .0163947
T 2073  1 .1830259E+07   1000020E-01  .5970E+03 -.3095E+03   .9998254  .0183101 -.0037242
T 2074  1 .1829505E+07   1000009E-01 -.1026E+01 -.1924E+03   .9999574  .0012534 -.0091398
T 2075  1 .1833080E+07   1000017E-01  .3906E+02  .5516E+02   .9999933  .0036650  .0001045
T 2076  1 .1842624E+07   1000012E-01  .5592E+02 -.1200E+03   .9998961 -.0065660  .0128345
T 2077  1 .1851831E+07   1000012E-01  .5298E+03  .9660E+03   .9998261  .0077391  .0169668
T 2078  1 .1839710E+07   1000011E-01  .3418E+03 -.1147E+03   .9999915  .0035820 -.0020341
T 2079  1 .1856143E+07   1000014E-01 -.2486E+03  .1363E+03   .9999866 -.0047291  .0021168
T 2080  1 .1860369E+07   1000021E-01  .3712E+03 -.5093E+03   .9996810  .0183613 -.0173400
T 2081  1 .1841699E+07   1000017E-01  .6133E+02  .1332E+03   .9999955  .0001925  .0029887
T 2082  1 .1846163E+07   1000000E-01 -.2706E+03  .1246E+03   .9999460 -.0100272  .0027340
T 2083  1 .1849338E+07   1000014E-01 -.2675E+03  .4467E+01   .9999957 -.0015824  .0024652
T 2084  1 .1838849E+07   1000014E-01  .5399E+02  .7239E+02   .9999973 -.0004188  .0022770
T 2085  1 .1868016E+07   1000019E-01 -.4013E+02 -.1625E+03   .9999932 -.0036909  .0001895
T 2086  1 .1835830E+07   1000020E-01  .4310E+03 -.1338E+03   .9998870  .0147275  .0029997
T 2087  1 .1831090E+07   1000020E-01  .1820E+03 -.6659E+03   .9997368  .0098264 -.0207301
T 2088  1 .1843764E+07   1000018E-01  .5375E+03 -.7584E+02   .9999325 -.0032601 -.0111505
T 2089  1 .1834938E+07   1000008E-01 -.1279E+04  .6766E+02   .9998079 -.0195283 -.0016485
T 2090  1 .1827994E+07   1000020E-01  .9175E+02  .1932E+03   .9999460  .0009774  .0103490
T 2091  1 .1848142E+07   1000019E-01 -.5143E+03  .1885E+04   .9996272 -.0056657  .0267102
T 2092  1 .1835942E+07   1000006E-01  .7080E+02  .4118E+03   .9998903  .0050483  .0139255
T 2093  1 .1852037E+07   1000022E-01 -.6530E+02  .7551E+03   .9999441 -.0042680  .0096740
T 2094  1 .1851234E+07   1000004E-01 -.3233E+03 -.2116E+02   .9999954 -.0019548 -.0023405
T 2095  1 .1846381E+07   1000018E-01 -.2440E+03  .5785E+03   .9999682 -.0008893  .0079209
T 2096  1 .1829783E+07   1000009E-01 -.1287E+03  .1015E+01   .9999984 -.0002516  .0017735
T 2097  1 .1851089E+07   1000002E-01  .5082E+03  .1692E+03   .9998836  .0080722  .0129468
T 2098  1 .1849457E+07   1000020E-01 -.4757E+03 -.2400E+03   .9999530 -.0090443 -.0035024
T 2099  1 .1843306E+07   1000011E-01  .4935E+03  .1019E+03   .9999786  .0065018  .0007286
T 2100  1 .1840287E+07   1000014E-01  .6570E+03  .4212E+03   .9998818  .0017382  .0152754
T 2101  1 .1825992E+07   1000021E-01  .6305E+02 -.1123E+03   .9999878  .0009500 -.0048511
T 2102  1 .1822110E+07   1000019E-01  .2019E+03 -.2807E+03   .9998379  .0076968 -.0162754
T 2103  1 .1836203E+07   1000006E-01  .1296E+03  .5204E+03   .9998663 -.0001421  .0163510
T 2104  1 .1841947E+07   1000008E-01 -.7832E+02  .7184E+02   .9999861 -.0016875 -.0049861
T 2105  1 .1853427E+07   1000022E-01  .1380E+04 -.1787E+04   .9993945  .0211106 -.0276570
T 2106  1 .1838889E+07   1000010E-01 -.1795E+03 -.3827E+03   .9999724 -.0005863 -.0074127
T 2107  1 .1846274E+07   1000013E-01  .3264E+02  .3936E+03   .9999777  .0006592  .0066460
T 2108  1 .1834549E+07   1000001E-01 -.7298E+03  .3371E+03   .9999753 -.0026781  .0064942
T 2109  1 .1851698E+07   1000006E-01  .1095E+03  .5025E+03   .9999425  .0034553  .0101487
T 2110  1 .1825776E+07   1000009E-01  .3853E+03 -.3944E+02   .9999012  .0131570 -.0049498
T 2111  1 .1845118E+07   1000011E-01 -.3682E+03  .4646E+03   .9999233 -.0073869  .0099432
T 2112  1 .1832816E+07   1000019E-01  .3264E+02  .9237E+02   .9999992  .0012678  .0000624
T 2113  1 .1848162E+07   1000015E-01  .1203E+03 -.2508E+03   .9999871 -.0014089 -.0048735
T 2114  1 .1836595E+07   1000017E-01 -.4982E+03 -.7965E+02   .9999212 -.0112529  .0055645
T 2115  1 .1849780E+07   1000013E-01 -.1671E+02  .3622E+02   .9999864  .0037315  .0036362
T 2116  1 .1845113E+07   1000007E-01 -.5274E+02  .2317E+03   .9999982  .0000676  .0018942
T 2117  1 .1822685E+07   1000013E-01  .4860E+02  .3166E+01   .9999899 -.0044757  .0002794
T 2118  1 .1862859E+07   1000019E-01 -.3445E+03 -.5216E+03   .9998710 -.0106328 -.0120418
T 2119  1 .1848819E+07   1000004E-01  .4819E+02  .7478E+01   .9999688  .0022678  .0075613
T 2120  1 .1833550E+07   1000008E-01 -.9174E+02  .1959E+03   .9999991  .0011620  .0005980
T 2121  1 .1844368E+07   1000022E-01 -.4298E+01  .6046E+02   .9999768  .0068150 -.0001039
T 2122  1 .1845914E+07   1000002E-01  .8319E+03  .4959E+03   .9998364  .0168994  .0064484
T 2123  1 .1847702E+07   1000006E-01 -.1072E+01 -.8526E+02   .9999496 -.0067755 -.0074154
T 2124  1 .1837349E+07   1000002E-01 -.8572E+03 -.3644E+03   .9998745  .0007280  .0158256
T 2125  1 .1868643E+07   1000013E-01  .6377E+02  .2816E+03   .9998767  .0008642  .0156812
T 2126  1 .1843588E+07   1000011E-01  .2148E+03 -.4478E+02   .9999842 -.0017294 -.0053566
T 2127  1 .1851714E+07   1000020E-01  .1649E+03  .2758E+03   .9999861 -.0041639  .0032319
T 2128  1 .1860616E+07   1000012E-01 -.4609E+03 -.2674E+03   .9999876 -.0049875  .0000496
T 2129  1 .1854879E+07   1000007E-01 -.1002E+03  .7403E+01   .9999587 -.0080632 -.0041861
T 2130  1 .1847207E+07   1000007E-01 -.1341E+04 -.6509E+03   .9995263 -.0245242 -.0185952
T 2131  1 .1846384E+07   1000017E-01 -.2999E+03 -.1572E+02   .9999914 -.0034559  .0023070
T 2132  1 .1840971E+07   1000013E-01  .3937E+03 -.4321E+03   .9999719  .0028922 -.0069118
T 2133  1 .1845198E+07   1000015E-01 -.6455E+02 -.3051E+03   .9999744 -.0071181  .0007893
T 2134  1 .1830201E+07   1000021E-01  .6501E+03  .4872E+02   .9998702  .0157547  .0033679
T 2135  1 .1859282E+07   1000008E-01  .5858E+03  .4383E+03   .9999557  .0051336  .0078939
T 2136  1 .1826849E+07   1000017E-01  .9164E+02 -.1264E+03   .9999969  .0014152 -.0020387
T 2137  1 .1843489E+07   1000022E-01  .5725E+02  .1518E+02   .9999832  .0040638 -.0041417
T 2138  1 .1860906E+07   1000005E-01  .2219E+03 -.4055E+03   .9992036  .0249239 -.0311612
T 2139  1 .1832124E+07   1000018E-01 -.1764E+02  .1204E+03   .9999660 -.0024563  .0078661
T 2140  1 .1841367E+07   1000020E-01  .7716E+02  .2941E+03   .9995627 -.0037375  .0293326
T 2141  1 .1834031E+07   1000016E-01 -.2120E+03  .7242E+02   .9999868 -.0031918  .0040237
T 2142  1 .1844606E+07   1000018E-01  .1693E+03 -.1061E+02   .9999917  .0036201  .0018772
T 2143  1 .1837728E+07   1000019E-01  .1379E+04 -.1009E+04   .9994133  .0306662 -.0152550
T 2144  1 .1830963E+07   1000000E-01 -.1482E+03  .2888E+03   .9999682 -.0038883  .0069665
T 2145  1 .1843168E+07   1000018E-01 -.1672E+03 -.2171E+03   .9999942 -.0020296 -.0027283
T 2146  1 .1855799E+07   1000006E-01 -.4059E+02  .3265E+03   .9999915 -.0027423  .0030716
T 2147  1 .1849185E+07   1000003E-01 -.4273E+01 -.7655E+02   .9999856 -.0051396 -.0015234
T 2148  1 .1856130E+07   1000018E-01  .8309E+02  .1652E+03   .9999972  .0017754  .0015355
T 2149  1 .1824301E+07   1000004E-01 -.1147E+03 -.4989E+02   .9999955 -.0026225 -.0014553
T 2150  1 .1833301E+07   1000022E-01  .1451E+03 -.6052E+03   .9999852  .0008272 -.0053822
T 2151  1 .1850396E+07   1000008E-01  .4961E+03  .2922E+03   .9999098  .0108521  .0079086
T 2152  1 .1850431E+07   1000009E-01 -.5095E+02 -.2118E+03   .9997700 -.0025657 -.0212908
T 2153  1 .1825964E+07   1000016E-01 -.3114E+03  .1302E+03   .9999686 -.0049777  .0061607
T 2154  1 .1859395E+07   1000017E-01  .3230E+03 -.1675E+03   .9999268  .0119059 -.0021378
T 2155  1 .1833050E+07   1000008E-01 -.5892E+03 -.2047E+04   .9993850 -.0132375 -.0324719
T 2156  1 .1834231E+07   1000016E-01 -.2484E+03 -.3154E+03   .9975869  .0089179 -.0688531
T 2157  1 .1837485E+07   1000012E-01 -.2013E+03 -.3762E+03   .9999581  .0001953 -.0091546
T 2158  1 .1831816E+07   1000009E-01 -.8109E+03 -.8881E+02   .9998546 -.0167760 -.0030447
T 2159  1 .1852769E+07   1000019E-01 -.8269E+01  .7321E+03   .9998933 -.0002867  .0146084
T 2160  1 .1826285E+07   1000011E-01  .3452E+03  .9592E+02   .9998504  .0148341  .0088900
T 2161  1 .1843430E+07   1000020E-01 -.7426E+03 -.1787E+02   .9999320 -.0114553 -.0021700
T 2162  1 .1859174E+07   1000004E-01  .6898E+03  .2010E+03   .9998759  .0117089  .0105436
T 2163  1 .1833938E+07   1000016E-01 -.6639E+03 -.2695E+03   .9999492 -.0087482 -.0050115
T 2164  1 .1844325E+07   1000016E-01  .6803E+03  .4358E+03   .9999074  .0096964  .0095456
T 2165  1 .1848668E+07   1000003E-01  .1450E+03 -.7291E+02   .9999990  .0009867 -.0009642
T 2166  1 .1833579E+07   1000021E-01  .1672E+03  .2266E+02   .9999999 -.0004430 -.0000691
T 2167  1 .1844453E+07   1000012E-01  .7121E+02 -.8259E+02   .9999850  .0027045 -.0047673
T 2168  1 .1855676E+07   1000021E-01 -.3675E+03  .6886E+02   .9999698  .0077394 -.0006531
T 2169  1 .1844869E+07   1000009E-01 -.6082E+02  .7223E+02   .9999515 -.0011774  .0097787
T 2170  1 .1840435E+07   1000010E-01  .2246E+03 -.2807E+03   .9980703 -.0495183 -.0374658
T 2171  1 .1852289E+07   1000005E-01  .3694E+02 -.1821E+03   .9999954  .0006097 -.0029672
T 2172  1 .1852095E+07   1000017E-01  .2814E+02 -.2202E+03   .9999914 -.0029097 -.0029700
T 2173  1 .1860384E+07   1000013E-01  .5148E+03 -.7172E+03   .9993690  .0236915 -.0264648
T 2174  1 .1835175E+07   1000000E-01  .1412E+03  .1189E+03   .9999727  .0052596  .0051920
T 2175  1 .1838852E+07   1000022E-01  .1246E+03  .1432E+02   .9999545  .0071859  .0062673
T 2176  1 .1837618E+07   1000006E-01  .2400E+03  .2919E+03   .9999511  .0044764  .0088210
T 2177  1 .1832830E+07   1000016E-01 -.2317E+03 -.2146E+03   .9999821 -.0053884 -.0026120
T 2178  1 .1837313E+07   1000006E-01 -.9078E+02  .2839E+03   .9998514  .0101466  .0139391
T 2179  1 .1847724E+07   1000018E-01 -.1127E+03 -.8247E+02   .9999773 -.0035142 -.0057458
T 2180  1 .1846583E+07   1000020E-01 -.1968E+03  .2298E+02   .9999729 -.0071600  .0017331
T 2181  1 .1838145E+07   1000015E-01  .3849E+03  .2715E+03   .9999391  .0053200  .0096683
T 2182  1 .1824815E+07   1000018E-01 -.2354E+03 -.1134E+04   .9999022 -.0096363 -.0101386
T 2183  1 .1848665E+07   1000016E-01 -.3580E+03 -.2493E+03   .9999277 -.0116449 -.0030008
T 2184  1 .1844272E+07   1000007E-01  .2473E+03  .2832E+02   .9999951 -.0018999  .0024948
T 2185  1 .1857708E+07   1000019E-01  .1336E+02 -.8141E+03   .9998600 -.0020991 -.0166027
T 2186  1 .1836224E+07   1000013E-01 -.8676E+02  .2381E+03   .9999739  .0072164 -.0001552
T 2187  1 .1839157E+07   1000009E-01 -.3346E+03 -.6495E+02   .9999089 -.0125408 -.0049952
T 2188  1 .1859869E+07   1000002E-01 -.8267E+02 -.2476E+03   .9999560 -.0037287 -.0086121
T 2189  1 .1838361E+07   1000007E-01  .3266E+03  .7943E+03   .9998772  .0013796  .0156075
T 2190  1 .1832816E+07   1000002E-01 -.6177E+02  .3021E+03   .9998659 -.0144232  .0077541
T 2191  1 .1840241E+07   1000001E-01 -.2933E+03  .8685E+02   .9999390 -.0093241 -.0059143
T 2192  1 .1833141E+07   1000011E-01  .8510E+03 -.6778E+03   .9998930  .0129703 -.0067641
T 2193  1 .1844585E+07   1000005E-01 -.3225E+03 -.9954E+02   .9999726 -.0065753  .0034006
T 2194  1 .1829958E+07   1000005E-01 -.9738E+03 -.5671E+03   .9997169 -.0216632 -.0098410
T 2195  1 .1852762E+07   1000003E-01 -.6814E+03 -.1280E+04   .9994936 -.0216436 -.0233275
T 2196  1 .1855945E+07   1000019E-01  .1646E+03 -.2291E+03   .9999763 -.0022767 -.0065032
T 2197  1 .1843569E+07   1000000E-01 -.5543E+03  .4241E+02   .9999368 -.0107989 -.0031364
T 2198  1 .1844810E+07   1000015E-01  .1753E+03 -.2037E+03   .9999817  .0060330  .0004792
T 2199  1 .1846870E+07   1000015E-01 -.3709E+03 -.4902E+03   .9999095 -.0056931 -.0121920
T 2200  1 .1853914E+07   1000022E-01  .2855E+02 -.5899E+02   .9999993  .0009893 -.0005974
T 2201  1 .1847576E+07   1000013E-01 -.2547E+03  .1340E+03   .9999954 -.0026324 -.0014942
T 2202  1 .1831682E+07   1000021E-01 -.4388E+03 -.1494E+03   .9999111 -.0122025 -.0053668
T 2203  1 .1842619E+07   1000007E-01  .2807E+03 -.1536E+03   .9999540  .0082247 -.0049309
T 2204  1 .1848929E+07   1000017E-01  .3576E+03 -.3285E+02   .9999575  .0092163 -.0003251
T 2205  1 .1841801E+07   1000018E-01 -.2767E+03 -.8502E+02   .9999714 -.0071335  .0024933
T 2206  1 .1853849E+07   1000018E-01 -.3594E+03  .2216E+03   .9996630 -.0220879  .0136420
T 2207  1 .1851058E+07   1000012E-01 -.1043E+03 -.3758E+03   .9999648  .0042251 -.0072524
T 2208  1 .1834331E+07   1000013E-01 -.6720E+02 -.2165E+03   .9999925 -.0038401 -.0004664
T 2209  1 .1845675E+07   1000020E-01  .9198E+02 -.3100E+03   .9999701  .0051046 -.0058106
T 2210  1 .1861680E+07   1000003E-01 -.6030E+02  .4065E+03   .9999372  .0041818  .0103994
T 2211  1 .1840808E+07   1000019E-01  .1772E+04  .1875E+04   .9992558  .0246051  .0297050
T 2212  1 .1843372E+07   1000008E-01  .6475E+01  .9344E+03   .9998877 -.0053376  .0140029
T 2213  1 .1849220E+07   1000006E-01  .5538E+02 -.6431E+02   .9999939 -.0017239  .0030482
T 2214  1 .1839964E+07   1000001E-01 -.2597E+02 -.7944E+01   .9999996  .0007930 -.0004123
T 2215  1 .1868040E+07   1000011E-01  .2934E+03 -.1941E+04   .9996390  .0099422 -.0249617
T 2216  1 .1829333E+07   1000003E-01 -.1875E+03  .2635E+03   .9999430 -.0078505  .0072330
T 2217  1 .1847981E+07   1000022E-01  .3915E+03  .4154E+03   .9999057  .0102869  .0090944
T 2218  1 .1861759E+07   1000018E-01  .3026E+02  .3107E+03   .9999901 -.0018275  .0040464
T 2219  1 .1861734E+07   1000015E-01 -.2911E+03 -.1991E+03   .9999690 -.0014123 -.0077490
T 2220  1 .1859308E+07   1000006E-01  .8112E+03 -.6347E+02   .9998667  .0066636 -.0149075
T 2221  1 .1850115E+07   1000017E-01 -.2291E+03  .8321E+02   .9998279 -.0096056 -.0158730
T 2222  1 .1832110E+07   1000019E-01 -.7006E+03 -.2934E+03   .9998973 -.0139727 -.0031825
T 2223  1 .1850085E+07   1000010E-01  .7568E+03 -.5756E+02   .9998578  .0148507 -.0079942
T 2224  1 .1859688E+07   1000018E-01 -.4526E+03 -.4301E+02   .9999377 -.0111549  .0004949
T 2225  1 .1845914E+07   1000007E-01 -.9198E+02 -.3965E+03   .9999236  .0038404 -.0117474
T 2226  1 .1831735E+07   1000010E-01 -.1381E+03 -.3475E+03   .9999893  .0016911 -.0043160
T 2227  1 .1855915E+07   1000004E-01 -.1335E+03  .2290E+03   .9999774 -.0058602  .0033102
T 2228  1 .1842328E+07   1000001E-01 -.7193E+02 -.3132E+01   .9999958 -.0022684 -.0018035
T 2229  1 .1833001E+07   1000008E-01  .3652E+03 -.2573E+03   .9999424  .0091227 -.0056622
T 2230  1 .1857605E+07   1000014E-01 -.3615E+02  .2908E+02   .9999988  .0003386 -.0015126
T 2231  1 .1852426E+07   1000010E-01 -.6519E+02  .2995E+03   .9998109 -.0037139  .0190908
T 2232  1 .1839778E+07   1000000E-01 -.5389E+03  .4899E+02   .9999892 -.0046115 -.0006041
T 2233  1 .1848118E+07   1000005E-01  .2701E+02 -.4353E+03   .9999643  .0037592 -.0075659
T 2234  1 .1859868E+07   1000013E-01 -.6018E+02  .1556E+03   .9999696 -.0052731  .0057437
T 2235  1 .1829356E+07   1000018E-01 -.1045E+03 -.5772E+02   .9999946  .0029655 -.0014467
T 2236  1 .1831226E+07   1000016E-01  .1729E+02  .4471E+02   .9997815 -.0182204  .0102471
T 2237  1 .1838485E+07   1000012E-01  .1886E+03  .2296E+01   .9999863 -.0029747 -.0042975
T 2238  1 .1852122E+07   1000002E-01 -.1686E+03  .1140E+03   .9999118 -.0059495  .0118714
T 2239  1 .1826235E+07   1000014E-01 -.7776E+02 -.1626E+03   .9999771 -.0053889 -.0040997
T 2240  1 .1852702E+07   1000013E-01 -.4581E+03 -.1080E+04   .9998601 -.0090836 -.0140429
T 2241  1 .1834517E+07   1000000E-01 -.2938E+03  .1031E+04   .9998893  .0098565  .0111420
T 2242  1 .1838870E+07   1000004E-01  .1720E+03 -.2885E+03   .9999738 -.0071033  .0014145
T 2243  1 .1849321E+07   1000003E-01 -.1601E+03 -.1239E+03   .9999657 -.0072728 -.0039690
T 2244  1 .1859328E+07   1000001E-01 -.5528E+03  .2695E+03   .9998683 -.0019951  .0161064
T 2245  1 .1853463E+07   1000013E-01 -.2576E+03 -.9229E+02   .9999942 -.0024569 -.0023704
T 2246  1 .1851300E+07   1000019E-01 -.1210E+03  .1986E+03   .9999820  .0054563  .0024967
T 2247  1 .1840112E+07   1000018E-01  .9123E+03 -.2629E+03   .9999497  .0095717 -.0029949
T 2248  1 .1841587E+07   1000001E-01  .2900E+03 -.4219E+03   .9999244  .0060709 -.0106955
T 2249  1 .1839360E+07   1000022E-01  .7726E+02 -.2192E+03   .9997557  .0025443 -.0219565
T 2250  1 .1848779E+07   1000009E-01  .1997E+02  .6302E+02   .9999950  .0013802 -.0028376
T 2251  1 .1833937E+07   1000016E-01  .6620E+02 -.3080E+03   .9999875 -.0043256 -.0024965
T 2252  1 .1848241E+07   1000008E-01 -.9577E+02  .2077E+03   .9999593 -.0034372  .0083365
T 2253  1 .1864984E+07   1000014E-01  .1521E+03  .4373E+02   .9999466  .0079551  .0065979
T 2254  1 .1824895E+07   1000017E-01 -.9654E+02 -.2465E+03   .9999989  .0013565 -.0006645
T 2255  1 .1861439E+07   1000022E-01 -.1573E+04 -.7811E+03   .9990726 -.0345437 -.0257050
T 2256  1 .1848711E+07   1000005E-01  .5370E+03  .4271E+03   .9997883  .0178562  .0102254
T 2257  1 .1844180E+07   1000016E-01 -.1924E+03 -.7712E+02   .9999765 -.0065705 -.0019391
T 2258  1 .1845137E+07   1000010E-01 -.3092E+03  .1545E+04   .9997194 -.0084281  .0221395
T 2259  1 .1839147E+07   1000020E-01  .3155E+03 -.6828E+03   .9999717  .0056626 -.0049525
T 2260  1 .1825631E+07   1000007E-01  .8393E+02  .3818E+03   .9999578  .0045840  .0079641
T 2261  1 .1851562E+07   1000023E-01  .1497E+02 -.6332E+03   .9999522 -.0003680 -.0097710
T 2262  1 .1843703E+07   1000014E-01 -.1404E+03 -.2956E+03   .9999853 -.0044395 -.0030973
T 2263  1 .1839341E+07   1000001E-01 -.8671E+02  .2537E+03   .9999828 -.0002500  .0058552
T 2264  1 .1865723E+07   1000003E-01 -.1047E+03 -.1810E+03   .9999872 -.0049488 -.0010235
T 2265  1 .1835400E+07   1000022E-01 -.4399E+02  .2174E+03   .9999829 -.0013127  .0056931
T 2266  1 .1851485E+07   1000011E-01  .5696E+02  .8537E+01   .9999992  .0011953 -.0003676
T 2267  1 .1840300E+07   1000002E-01 -.2096E+04  .8582E+03   .9938227 -.0913707  .0629915
T 2268  1 .1842442E+07   1000000E-01  .6552E+02  .1134E+03   .9999695 -.0061345  .0048378
T 2269  1 .1830075E+07   1000017E-01  .3474E+03  .1274E+03   .9999686  .0073650  .0029330
T 2270  1 .1850620E+07   1000019E-01  .1668E+03 -.7906E+03   .9999604  .0028832 -.0084150
T 2271  1 .1826099E+07   1000022E-01  .9527E+02  .1626E+03   .9999968  .0019987  .0015555
T 2272  1 .1832392E+07   1000017E-01 -.6136E+02 -.3891E+03   .9999871 -.0049580  .0010717
T 2273  1 .1833582E+07   1000005E-01  .2068E+03 -.1287E+03   .9999905  .0032662 -.0028755
T 2274  1 .1866107E+07   1000000E-01  .2337E+02 -.1218E+03   .9999994 -.0010370 -.0003173
T 2275  1 .1845879E+07   1000022E-01  .1161E+02  .5691E+03   .9999427 -.0001076  .0106999
T 2276  1 .1841854E+07   1000003E-01  .2602E+03  .1147E+03   .9999918  .0040599  .0000817
T 2277  1 .1835361E+07   1000007E-01  .3291E+03  .2369E+03   .9999951  .0008824  .0030098
T 2278  1 .1850905E+07   1000011E-01  .1506E+03 -.9611E+03   .9996385 -.0064999 -.0260884
T 2279  1 .1851087E+07   1000007E-01 -.3603E+03  .1844E+03   .9999842 -.0056030 -.0003686
T 2280  1 .1862499E+07   1000013E-01 -.9699E+02 -.6276E+03   .9999767 -.0013623 -.0066963
T 2281  1 .1841311E+07   1000019E-01 -.4059E+03  .2035E+03   .9999288 -.0106776 -.0053296
T 2282  1 .1845118E+07   1000007E-01  .4015E+03 -.3713E+03   .9999110  .0102703 -.0085183
T 2283  1 .1825027E+07   1000007E-01 -.4132E+03  .6159E+03   .9998945 -.0083828  .0118667
T 2284  1 .1858833E+07   1000005E-01 -.2405E+03 -.6282E+03   .9999533 -.0027167 -.0092729
T 2285  1 .1837177E+07   1000014E-01  .4052E+01 -.2905E+03   .9999999  .0003810 -.0001646
T 2286  1 .1853004E+07   1000000E-01  .6010E+03  .8732E+03   .9999247  .0052132  .0111086
T 2287  1 .1844348E+07   1000019E-01 -.5410E+03  .2126E+03   .9999315 -.0113742 -.0027525
T 2288  1 .1842942E+07   1000020E-01  .2238E+03  .7892E+02   .9999982  .0002920  .0018740
T 2289  1 .1839134E+07   1000018E-01 -.3384E+03  .3146E+03   .9999733  .0003783  .0072913
T 2290  1 .1843918E+07   1000017E-01 -.3262E+02  .4720E+02   .9999941  .0030830  .0015145
T 2291  1 .1824387E+07   1000022E-01 -.7101E+02 -.9695E+02   .9999595 -.0088062 -.0018793
T 2292  1 .1840267E+07   1000014E-01  .2244E+03 -.7149E+02   .9994662 -.0048725 -.0323042
T 2293  1 .1861339E+07   1000009E-01  .3836E+03 -.3511E+03   .9999392  .0107542 -.0024264
T 2294  1 .1827747E+07   1000013E-01  .3039E+03 -.6076E+03   .9999653  .0025023 -.0079480
T 2295  1 .1845244E+07   1000008E-01 -.2457E+03  .1364E+03   .9999255 -.0036696  .0116399
T 2296  1 .1841649E+07   1000016E-01 -.1569E+03 -.1855E+03   .9999659  .0010552 -.0081923
T 2297  1 .1840527E+07   1000014E-01  .6440E+01  .3445E+03   .9999756  .0040064 -.0057159
T 2298  1 .1842598E+07   1000021E-01  .1887E+03  .2333E+02   .9999500 -.0061858 -.0078629
T 2299  1 .1863102E+07   1000017E-01  .3596E+02 -.4728E+01   .9999770 -.0053771 -.0041411
T 2300  1 .1843998E+07   1000022E-01  .1608E+03 -.4222E+03   .9999538  .0037244 -.0088638
T 2301  1 .1831301E+07   1000021E-01  .1993E+03  .1278E+02   .9999960  .0026148  .0010421
T 2302  1 .1847250E+07   1000005E-01 -.9696E+02  .1988E+03   .9999869 -.0005539  .0050904
T 2303  1 .1835667E+07   1000019E-01  .3984E+03 -.4857E+03   .9997888  .0177590 -.0103389
T 2304  1 .1849445E+07   1000012E-01  .2400E+02  .4378E+02   .9999576  .0037720  .0083953
T 2305  1 .1829049E+07   1000009E-01 -.6721E+03 -.2411E+02   .9998612 -.0160048  .0046314
T 2306  1 .1835189E+07   1000023E-01  .2922E+03 -.9102E+00   .9999454  .0094803  .0043985
T 2307  1 .1851791E+07   1000004E-01 -.7841E+02  .2055E+03   .9999845 -.0053171 -.0016293
T 2308  1 .1843773E+07   1000018E-01  .3585E+02 -.4705E+02   .9999982  .0007549  .0017571
T 2309  1 .1847330E+07   1000008E-01  .1246E+03  .4540E+03   .9999520  .0065091  .0073279
T 2310  1 .1845033E+07   1000011E-01 -.1710E+03 -.3529E+02   .9999887 -.0032137 -.0034981
T 2311  1 .1843864E+07   1000022E-01  .1219E+03  .6994E+01   .9999998  .0003762  .0004386
T 2312  1 .1839296E+07   1000013E-01 -.1238E+03 -.1499E+03   .9999974 -.0016218  .0016199
T 2313  1 .1853678E+07   1000020E-01  .1074E+03  .3178E+03   .9998959  .0029415  .0141248
T 2314  1 .1854312E+07   1000011E-01  .2895E+02  .5877E+03   .9999982 -.0009893  .0016152
T 2315  1 .1853748E+07   1000001E-01  .2237E+03  .1256E+03   .9999657 -.0028319 -.0077874
T 2316  1 .1849985E+07   1000003E-01 -.3748E+03  .1900E+03   .9999199 -.0020981  .0124828
T 2317  1 .1841593E+07   1000002E-01  .1947E+03 -.3674E+03   .9999929  .0014622 -.0034860
T 2318  1 .1844699E+07   1000004E-01  .4918E+03  .1822E+03   .9999126  .0084115  .0102042
T 2319  1 .1848877E+07   1000017E-01  .1972E+03  .1775E+03   .9999721  .0056900  .0048414
T 2320  1 .1829452E+07   1000019E-01 -.2792E+03 -.1037E+03   .9999961 -.0024268 -.0013930
T 2321  1 .1862618E+07   1000022E-01 -.2314E+02 -.2751E+02   .9999893  .0028572 -.0036262
T 2322  1 .1839157E+07   1000015E-01 -.2168E+03  .7352E+02   .9999949 -.0027976  .0015371
T 2323  1 .1840893E+07   1000020E-01  .1361E+03 -.2412E+03   .9999350  .0078439 -.0082749
T 2324  1 .1838714E+07   1000014E-01 -.1365E+04 -.1368E+04   .9996814 -.0132727 -.0214705
T 2325  1 .1834906E+07   1000012E-01 -.8526E+03 -.2620E+03   .9997584 -.0215075 -.0045368
T 2326  1 .1836290E+07   1000006E-01  .1181E+03  .2391E+03   .9999706  .0027677  .0071576
T 2327  1 .1834260E+07   1000013E-01  .2164E+03 -.1778E+03   .9999863 -.0034194  .0039719
T 2328  1 .1839026E+07   1000012E-01  .2573E+03  .2591E+03   .9999808  .0035785  .0050612
T 2329  1 .1850395E+07   1000018E-01  .4237E+03  .2352E+03   .9998742  .0042488  .0152850
T 2330  1 .1836390E+07   1000018E-01 -.3885E+03 -.4976E+02   .9999959 -.0023281 -.0016855
T 2331  1 .1841659E+07   1000009E-01  .1431E+03  .4278E+02   .9999501  .0066070  .0074902
T 2332  1 .1828027E+07   1000020E-01 -.1058E+03  .5175E+03   .9999639 -.0030221  .0079361
T 2333  1 .1852738E+07   1000021E-01  .1889E+03  .3198E+03   .9999580  .0054680  .0073501
T 2334  1 .1843353E+07   1000019E-01  .4883E+03 -.3430E+03   .9994276 -.0183964 -.0283912
T 2335  1 .1854443E+07   1000017E-01 -.6193E+00  .3761E+03   .9999625  .0032944  .0080123
T 2336  1 .1860805E+07   1000014E-01  .2670E+03 -.2457E+03   .9999669  .0008594 -.0080908
T 2337  1 .1844814E+07   1000011E-01 -.2971E+02 -.2879E+02   .9999994 -.0001707 -.0011010
T 2338  1 .1844323E+07   1000010E-01 -.4297E+03 -.1530E+03   .9999680 -.0079365 -.0009551
T 2339  1 .1857411E+07   1000018E-01  .6395E+03 -.4845E+03   .9998850  .0100370 -.0113715
T 2340  1 .1836311E+07   1000016E-01 -.2370E+03 -.1159E+03   .9999847 -.0052644 -.0017069
T 2341  1 .1846353E+07   1000015E-01 -.8347E+03 -.4665E+03   .9999732 -.0058003 -.0044662
T 2342  1 .1842397E+07   1000014E-01 -.1661E+03 -.5908E+02   .9999914 -.0038780 -.0014664
T 2343  1 .1856044E+07   1000011E-01 -.3240E+03  .1682E+03   .9999766 -.0056513  .0038536
T 2344  1 .1845159E+07   1000002E-01 -.9522E+01  .2102E+03   .9999612 -.0027601  .0083612
T 2345  1 .1821478E+07   1000008E-01  .4955E+01  .7658E+02   .9999867  .0002379  .0051450
T 2346  1 .1835266E+07   1000006E-01 -.1942E+03  .1666E+03   .9999999 -.0001974 -.0003969
T 2347  1 .1841527E+07   1000014E-01  .6627E+03  .1500E+03   .9996274  .0241747  .0126719
T 2348  1 .1848010E+07   1000007E-01  .1567E+03  .6722E+03   .9996360 -.0067424  .0261219
T 2349  1 .1846095E+07   1000018E-01 -.2540E+03 -.4539E+03   .9983320 -.0318785 -.0481357
T 2350  1 .1847823E+07   1000000E-01  .3353E+03  .3291E+03   .9999868  .0043293  .0027673
T 2351  1 .1840899E+07   1000020E-01  .2662E+03  .3050E+03   .9999299  .0089580  .0077456
T 2352  1 .1850435E+07   1000022E-01 -.9109E+02  .1554E+03   .9999995 -.0009359 -.0004654
T 2353  1 .1852153E+07   1000011E-01  .6488E+02 -.6845E+02   .9999940  .0008777 -.0033559
T 2354  1 .1849952E+07   1000009E-01 -.2641E+03 -.3057E+03   .9999328 -.0078136 -.0085590
T 2355  1 .1845742E+07   1000021E-01 -.3758E+03  .1093E+03   .9999078 -.0135766 -.0003553
T 2356  1 .1845126E+07   1000015E-01  .3037E+03 -.3214E+02   .9999269  .0079850 -.0090798
T 2357  1 .1856396E+07   1000014E-01  .1224E+03 -.3119E+03   .9999921 -.0004089 -.0039542
T 2358  1 .1849784E+07   1000021E-01 -.2710E+03 -.1418E+02   .9999955 -.0030082  .0001233
T 2359  1 .1852315E+07   1000020E-01 -.8014E+01  .5719E+03   .9991140  .0002469  .0420844
T 2360  1 .1855238E+07   1000010E-01  .2056E+03  .2894E+03   .9999689  .0009982  .0078259
T 2361  1 .1822848E+07   1000004E-01  .1829E+03 -.3629E+02   .9998852  .0072733  .0132892
T 2362  1 .1846956E+07   1000021E-01 -.3464E+03  .8794E+02   .9999479 -.0098767  .0025839
T 2363  1 .1852500E+07   1000023E-01 -.3909E+03  .2414E+03   .9999356 -.0052159  .0100756
T 2364  1 .1842238E+07   1000012E-01 -.1540E+02  .1768E+03   .9996890 -.0112179  .0222743
T 2365  1 .1847902E+07   1000005E-01 -.5238E+03 -.5881E+01   .9999405 -.0108941 -.0005348
T 2366  1 .1839124E+07   1000014E-01  .3665E+03  .5537E+03   .9999381  .0027589  .0107766
T 2367  1 .1827056E+07   1000016E-01 -.4800E+03  .4655E+03   .9999471 -.0073766  .0071707
T 2368  1 .1828721E+07   1000017E-01 -.2453E+03  .1003E+03   .9999711 -.0076025 -.0002176
T 2369  1 .1835700E+07   1000011E-01  .1348E+03  .1034E+03   .9999721  .0037150 -.0064805
T 2370  1 .1845195E+07   1000010E-01  .2391E+03 -.3497E+03   .9998711  .0062269 -.0148019
T 2371  1 .1857593E+07   1000014E-01  .2247E+03 -.3449E+03   .9999558  .0084364 -.0041535
T 2372  1 .1850872E+07   1000006E-01 -.8410E+02 -.6104E+02   .9999979 -.0020424 -.0002114
T 2373  1 .1866102E+07   1000014E-01 -.1720E+03  .2217E+03   .9999938 -.0029536  .0019080
T 2374  1 .1854366E+07   1000009E-01 -.8688E+03  .1167E+02   .9998384 -.0179662  .0005588
T 2375  1 .1848163E+07   1000001E-01  .9099E+02  .1927E+02   .9999931  .0036366  .0007896
T 2376  1 .1855505E+07   1000010E-01 -.1752E+03 -.3442E+02   .9999628 -.0082060 -.0026712
T 2377  1 .1850159E+07   1000001E-01 -.1283E+03 -.1744E+03   .9999112 -.0095419 -.0093053
T 2378  1 .1830179E+07   1000017E-01 -.8688E+01 -.2077E+03   .9999865  .0012248 -.0050430
T 2379  1 .1853984E+07   1000004E-01 -.1378E+03  .7611E+02   .9999966  .0022953 -.0012313
T 2380  1 .1835008E+07   1000023E-01  .8199E+02  .4266E+03   .9999651 -.0031811  .0077194
T 2381  1 .1840920E+07   1000017E-01 -.1201E+03 -.1028E+03   .9999931 -.0028908 -.0023272
T 2382  1 .1840593E+07   1000021E-01 -.9725E+03  .3824E+03   .9997996 -.0197487  .0032867
T 2383  1 .1842447E+07   1000013E-01  .5042E+03  .1663E+04   .9997582  .0037803  .0216601
T 2384  1 .1843839E+07   1000023E-01  .7366E+02 -.6690E+02   .9999760 -.0029319 -.0062815
T 2385  1 .1838790E+07   1000000E-01  .1880E+03 -.5803E+02   .9999983 -.0009875 -.0015888
T 2386  1 .1853044E+07   1000003E-01 -.6231E+04 -.1618E+04   .9967339 -.0787100 -.0180644
T 2387  1 .1864042E+07   1000016E-01  .1866E+03 -.1622E+04   .9992232  .0167740 -.0356591
T 2388  1 .1846712E+07   1000001E-01 -.1982E+03  .2761E+03   .9999710 -.0076176 -.0001112
T 2389  1 .1859614E+07   1000000E-01  .1239E+04 -.1669E+04   .9988831  .0232439 -.0411372
T 2390  1 .1840807E+07   1000021E-01 -.3509E+03  .2823E+03   .9999626 -.0083239  .0023629
T 2391  1 .1851020E+07   1000001E-01 -.1189E+03 -.2508E+03   .9999679  .0015483 -.0078650
T 2392  1 .1850620E+07   1000011E-01  .4430E+03  .1969E+03   .9996618  .0245576 -.0085538
T 2393  1 .1863880E+07   1000002E-01  .5053E+03  .2859E+01   .9999797  .0061712 -.0015655
T 2394  1 .1843460E+07   1000010E-01  .2900E+02 -.3185E+02   .9999826  .0052158  .0027631
T 2395  1 .1844927E+07   1000012E-01  .8801E+01 -.7379E+01   .9999777  .0018961  .0064058
T 2396  1 .1852414E+07   1000020E-01  .5068E+02  .3854E+03   .9999807  .0004419  .0061957
T 2397  1 .1821515E+07   1000003E-01 -.4420E+03 -.5408E+02   .9999607 -.0061026 -.0064268
T 2398  1 .1830892E+07   1000020E-01  .2543E+03 -.2513E+03   .9999946  .0026954  .0018948
T 2399  1 .1833140E+07   1000016E-01  .2402E+03 -.2653E+03   .9998836  .0099656 -.0115563
T 2400  1 .1849257E+07   1000013E-01  .3028E+03 -.2013E+02   .9999430  .0096143  .0046477
T 2401  1 .1846335E+07   1000017E-01 -.1057E+03  .1507E+03   .9999764  .0027344  .0063025
T 2402  1 .1842801E+07   1000004E-01  .2731E+03 -.2306E+03   .9999171  .0053418 -.0117174
T 2403  1 .1856013E+07   1000016E-01  .7261E+03 -.9630E+02   .9999613  .0085935 -.0018908
T 2404  1 .1843597E+07   1000010E-01  .6572E+02  .1505E+02   .9999795  .0060044  .0022046
T 2405  1 .1836281E+07   1000021E-01 -.1414E+03  .4853E+02   .9999518 -.0098179  .0002505
T 2406  1 .1814670E+07   1000008E-01  .2211E+04  .2170E+04   .9989600  .0231831  .0392613
T 2407  1 .1849148E+07   1000004E-01 -.5717E+02  .2653E+03   .9999896 -.0002063  .0045636
T 2408  1 .1851468E+07   1000009E-01  .5959E+03  .3635E+03   .9999499 -.0010926  .0099479
T 2409  1 .1837854E+07   1000016E-01  .3151E+03 -.5256E+02   .9999852  .0049356  .0022912
T 2410  1 .1833534E+07   1000018E-01  .2293E+03 -.7738E+03   .9998369 -.0090132 -.0156523
T 2411  1 .1827610E+07   1000014E-01 -.2898E+02  .1003E+03   .9999335 -.0099151  .0058945
T 2412  1 .1849032E+07   1000001E-01  .8096E+02 -.4250E+01   .9999942 -.0026559  .0021277
T 2413  1 .1834467E+07   1000000E-01  .2743E+03 -.2585E+03   .9999962  .0013516 -.0023925
T 2414  1 .1829222E+07   1000017E-01  .1375E+03  .2863E+03   .9999977  .0021152  .0004024
T 2415  1 .1856323E+07   1000015E-01 -.3407E+02  .2032E+03   .9999984 -.0005496  .0017128
T 2416  1 .1839789E+07   1000009E-01 -.1727E+02  .8962E+02   .9999875 -.0001633 -.0049966
T 2417  1 .1851332E+07   1000023E-01 -.2808E+02  .7065E+02   .9999903  .0030061  .0032151
T 2418  1 .1841974E+07   1000012E-01  .2338E+03 -.1302E+03   .9999998  .0005020 -.0002484
T 2419  1 .1843741E+07   1000008E-01  .7294E+03  .4369E+03   .9999100  .0090013  .0099512
T 2420  1 .1861717E+07   1000021E-01  .6701E+02 -.1034E+03   .9999997  .0001021 -.0008205
T 2421  1 .1837606E+07   1000022E-01  .1387E+03 -.3183E+03   .9999559  .0090933  .0023641
T 2422  1 .1838338E+07   1000012E-01  .1400E+03 -.4184E+03   .9999233  .0029990 -.0120134
T 2423  1 .1849199E+07   1000018E-01  .6855E+02  .1209E+03   .9999608  .0020191  .0086212
T 2424  1 .1834327E+07   1000011E-01 -.3559E+03 -.9152E+02   .9999730 -.0073480 -.0002160
T 2425  1 .1831266E+07   1000012E-01 -.6878E+02 -.3438E+03   .9998854 -.0012833 -.0150849
T 2426  1 .1843599E+07   1000003E-01  .6083E+03 -.6380E+03   .9998133  .0179216 -.0072210
T 2427  1 .1845322E+07   1000021E-01 -.5628E+02 -.1881E+02   .9999942  .0028525 -.0018460
T 2428  1 .1846399E+07   1000021E-01 -.7480E+02 -.1099E+03   .9999997 -.0005020 -.0005915
T 2429  1 .1854246E+07   1000015E-01 -.2592E+03  .5183E+03   .9999710 -.0027791  .0070961
T 2430  1 .1847763E+07   1000008E-01 -.1770E+03 -.1704E+03   .9999713 -.0060022 -.0046130
T 2431  1 .1822718E+07   1000011E-01 -.8391E+03 -.2265E+03   .9997120 -.0213550 -.0109509
T 2432  1 .1839011E+07   1000008E-01  .2563E+03 -.1721E+03   .9998311  .0127960 -.0131891
T 2433  1 .1851866E+07   1000010E-01 -.4802E+02  .4633E+02   .9999555 -.0069444  .0063860
T 2434  1 .1843007E+07   1000018E-01  .1606E+03 -.1410E+03   .9999977  .0006503 -.0020308
T 2435  1 .1843004E+07   1000018E-01  .2700E+03  .8895E+02   .9999560  .0076579 -.0054229
T 2436  1 .1855881E+07   1000020E-01  .4427E+03  .1173E+03   .9999911  .0034840  .0023602
T 2437  1 .1842763E+07   1000022E-01  .1007E+04 -.4251E+03   .9997302  .0226039 -.0053465
T 2438  1 .1849301E+07   1000020E-01  .6974E+02  .1599E+03   .9999826  .0026435  .0052793
T 2439  1 .1832149E+07   1000013E-01 -.1014E+04  .6370E+03   .9998775 -.0139448  .0071055
T 2440  1 .1859248E+07   1000013E-01  .3044E+03 -.2375E+03   .9998605  .0148413 -.0076573
T 2441  1 .1846857E+07   1000010E-01 -.4769E+03 -.2453E+03   .9999628 -.0077259 -.0038278
T 2442  1 .1831971E+07   1000017E-01  .3124E+02  .6382E+03   .9997567  .0006459  .0220496
T 2443  1 .1856772E+07   1000015E-01 -.1244E+03  .1452E+03   .9998345 -.0086569  .0160009
T 2444  1 .1849011E+07   1000005E-01  .1842E+02 -.8333E+03   .9999360  .0007429 -.0112931
T 2445  1 .1862253E+07   1000013E-01  .5891E+03  .3852E+03   .9998833  .0125031  .0087833
T 2446  1 .1833652E+07   1000006E-01 -.1081E+04 -.1052E+03   .9994349 -.0326496 -.0079904
T 2447  1 .1844468E+07   1000016E-01  .4628E+02  .8453E+02   .9999813  .0033675  .0051131
T 2448  1 .1851937E+07   1000021E-01 -.1419E+03 -.2236E+04   .9995791 -.0005561 -.0290057
T 2449  1 .1830173E+07   1000010E-01 -.1799E+02  .1259E+03   .9999942 -.0031425 -.0013370
T 2450  1 .1848105E+07   1000017E-01 -.1045E+03  .3735E+03   .9999977  .0002171  .0021305
T 2451  1 .1832889E+07   1000012E-01  .2049E+03  .2417E+02   .9999734  .0062305 -.0037941
T 2452  1 .1854134E+07   1000000E-01  .1244E+04 -.6450E+03   .9997006  .0233474 -.0073173
T 2453  1 .1857846E+07   1000010E-01 -.2136E+03  .3395E+03   .9999756 -.0062521  .0031032
T 2454  1 .1849532E+07   1000001E-01 -.9697E+03  .1728E+04   .9988621 -.0288387  .0379854
T 2455  1 .1841360E+07   1000013E-01  .1507E+02 -.4191E+03   .9999640 -.0029597 -.0079513
T 2456  1 .1534360E+07   1000007E-01 -.5174E+04 -.3614E+04   .9149120 -.3308789 -.2312037
T 2457  1 .1843416E+07   1000011E-01  .1653E+03  .2961E+03   .9999541  .0003238  .0095791
T 2458  1 .1856143E+07   1000017E-01  .2562E+03  .1075E+03   .9999348  .0111379  .0025060
T 2459  1 .1839318E+07   1000000E-01 -.3480E+03  .4152E+03   .9999482 -.0099238  .0022553
T 2460  1 .1843203E+07   1000003E-01 -.2663E+03  .2414E+03   .9999955  .0014131 -.0026521
T 2461  1 .1865489E+07   1000016E-01 -.2990E+02  .6844E+02   .9999949  .0016649 -.0027367
T 2462  1 .1843491E+07   1000016E-01  .1671E+03  .1758E+03   .9999729  .0033973  .0065268
T 2463  1 .1841628E+07   1000009E-01 -.4478E+02  .1689E+03   .9999812 -.0019884  .0057947
T 2464  1 .1846745E+07   1000016E-01 -.2348E+03  .6936E+03   .9999542 -.0051128  .0080905
T 2465  1 .1847946E+07   1000023E-01 -.5813E+03 -.2011E+03   .9997410 -.0223642 -.0042114
T 2466  1 .1835113E+07   1000005E-01 -.2583E+03  .2514E+03   .9999587 -.0037962  .0082598
T 2467  1 .1837000E+07   1000022E-01  .2049E+03 -.2421E+03   .9999525  .0074571 -.0062785
T 2468  1 .1829754E+07   1000022E-01 -.3306E+03 -.3309E+01   .9999763 -.0066350 -.0018457
T 2469  1 .1845425E+07   1000020E-01  .4319E+03  .8740E+03   .9997339  .0034695  .0228076
T 2470  1 .1839633E+07   1000005E-01  .4120E+03  .8170E+02   .9999376  .0108441 -.0026874
T 2471  1 .1846377E+07   1000019E-01 -.4447E+03  .2224E+04   .9991847  .0002255  .0403730
T 2472  1 .1853799E+07   1000015E-01 -.1552E+03  .3155E+03   .9999094 -.0044376  .0127110
T 2473  1 .1824682E+07   1000018E-01 -.8703E+02 -.2375E+03   .9999577 -.0039514 -.0083088
T 2474  1 .1833063E+07   1000018E-01  .8202E+02 -.1947E+03   .9999813  .0028342 -.0054228
T 2475  1 .1838495E+07   1000013E-01  .1761E+03 -.4679E+03   .9999449  .0062106 -.0084585
T 2476  1 .1840192E+07   1000011E-01 -.1519E+03  .8729E+03   .9998691 -.0039620  .0156894
T 2477  1 .1837410E+07   1000006E-01  .1161E+02  .3146E+03   .9999491  .0084567  .0054964
T 2478  1 .1843048E+07   1000019E-01  .2776E+02  .1704E+03   .9999590  .0015035  .0089310
T 2479  1 .1853324E+07   1000011E-01 -.5790E+03 -.9801E+02   .9999834 -.0057478  .0004711
T 2480  1 .1850160E+07   1000010E-01 -.6005E+03 -.2193E+03   .9999002 -.0129363 -.0056741
T 2481  1 .1836344E+07   1000003E-01 -.1777E+02  .3849E+02   .9999968  .0024122  .0008135
T 2482  1 .1853300E+07   1000006E-01 -.8263E+02 -.1308E+02   .9999817 -.0059674  .0009499
T 2483  1 .1849620E+07   1000021E-01  .1337E+04  .6735E+03   .9997350  .0199632  .0114609
T 2484  1 .1860679E+07   1000021E-01  .7242E+02  .4621E+03   .9999891  .0022536  .0040841
T 2485  1 .1836242E+07   1000016E-01  .1259E+03  .2053E+03   .9999999 -.0000666 -.0001124
T 2486  1 .1843736E+07   1000012E-01  .1467E+03 -.5177E+03   .9999771 -.0003302 -.0067594
T 2487  1 .1838845E+07   1000003E-01 -.6971E+01 -.2717E+02   .9999998  .0002985 -.0005389
T 2488  1 .1840274E+07   1000012E-01 -.9986E+02 -.2207E+03   .9999900 -.0044433  .0005529
T 2489  1 .1844393E+07   1000004E-01 -.1021E+04 -.9121E+03   .9997328 -.0180053 -.0144934
T 2490  1 .1846385E+07   1000012E-01 -.8178E+03 -.3581E+03   .9998615 -.0094110 -.0137291
T 2491  1 .1836685E+07   1000009E-01 -.3824E+03  .7445E+03   .9999673 -.0063530  .0050047
T 2492  1 .1848642E+07   1000000E-01 -.8976E+02  .8262E+03   .9999027 -.0014002  .0138791
T 2493  1 .1849301E+07   1000019E-01 -.2746E+04  .2356E+03   .9987071 -.0508298 -.0007233
T 2494  1 .1841226E+07   1000008E-01 -.2449E+03  .4427E+03   .9999583 -.0034448  .0084624
T 2495  1 .1844748E+07   1000014E-01 -.4278E+03 -.4811E+03   .9999590 -.0052803 -.0073537
T 2496  1 .1843229E+07   1000007E-01 -.4042E+03  .1611E+03   .9999697 -.0072776 -.0027571
T 2497  1 .1846166E+07   1000002E-01  .1785E+03 -.2332E+03   .9999736  .0045406 -.0056772
T 2498  1 .1859720E+07   1000021E-01  .2703E+03  .2020E+03   .9999570  .0092175 -.0010400
T 2499  1 .1844863E+07   1000012E-01 -.1679E+02  .6072E+02   .9999980 -.0014572  .0014017
T 2500  1 .1835644E+07   1000020E-01  .3300E+03 -.1404E+03   .9999787  .0052357 -.0038955
T 2501  1 .1835684E+07   1000018E-01 -.3535E+02  .1928E+03   .9999909  .0042214 -.0006314
T 2502  1 .1840594E+07   1000019E-01  .4104E+03  .1465E+02   .9999781  .0050176 -.0043225
T 2503  1 .1842327E+07   1000014E-01 -.8603E+03 -.1042E+01   .9996991 -.0240297 -.0049232
T 2504  1 .1846324E+07   1000017E-01  .1784E+03 -.2059E+03   .9999785  .0043397 -.0049180
T 2505  1 .1860273E+07   1000007E-01 -.1372E+03 -.2337E+03   .9999948  .0002089 -.0032042
T 2506  1 .1846779E+07   1000021E-01 -.1272E+03  .3779E+03   .9999416 -.0087460  .0063516
T 2507  1 .1847924E+07   1000009E-01  .9360E+02 -.1754E+03   .9999852 -.0020244 -.0050515
T 2508  1 .1852638E+07   1000010E-01 -.1120E+02 -.9050E+02   .9999916 -.0026802 -.0031039
T 2509  1 .1842902E+07   1000005E-01 -.1186E+03  .2259E+03   .9999736 -.0061377  .0038813
T 2510  1 .1849496E+07   1000010E-01  .2384E+03  .1209E+03   .9999618  .0083589  .0025430
T 2511  1 .1823526E+07   1000022E-01  .2243E+03 -.5383E+02   .9999959  .0027928 -.0005728
T 2512  1 .1853172E+07   1000013E-01  .1615E+02  .4009E+03   .9999612  .0032068  .0082102
T 2513  1 .1872448E+07   1000013E-01 -.2170E+03  .2050E+03   .9999872 -.0049947  .0008602
T 2514  1 .1829735E+07   1000006E-01 -.1329E+02 -.1946E+03   .9999730 -.0023764 -.0069546
T 2515  1 .1841034E+07   1000017E-01 -.6255E+02 -.3431E+02   .9999932 -.0036767 -.0000023
T 2516  1 .1832990E+07   1000000E-01  .5669E+02 -.3601E+03   .9999888 -.0017184 -.0044050
T 2517  1 .1849917E+07   1000013E-01 -.1522E+03 -.1120E+03   .9999951 -.0028557 -.0012906
T 2518  1 .1851834E+07   1000019E-01  .4389E+03  .1706E+02   .9999808  .0061973 -.0002985
T 2519  1 .1839334E+07   1000008E-01 -.3556E+02  .3257E+03   .9999240  .0021683  .0121368
T 2520  1 .1845193E+07   1000007E-01 -.7847E+02 -.1445E+02   .9999393 -.0011605  .0109549
T 2521  1 .1850611E+07   1000021E-01  .7054E+02  .2883E+03   .9999887  .0019352  .0043334
T 2522  1 .1836193E+07   1000016E-01  .5737E+03 -.1628E+04   .9997029  .0070449 -.0233361
T 2523  1 .1852654E+07   1000021E-01  .3140E+03 -.3065E+03   .9999653  .0062485 -.0055050
T 2524  1 .1860061E+07   1000010E-01 -.9574E+01 -.3262E+03   .9999639 -.0029869 -.0079595
T 2525  1 .1843322E+07   1000004E-01  .3733E+03  .1480E+03   .9999162  .0129453  .0000207
T 2526  1 .1856660E+07   1000004E-01 -.1622E+03  .7789E+02   .9999929  .0037499  .0003181
T 2527  1 .1860315E+07   1000003E-01  .9021E+02 -.2197E+03   .9999678 -.0038849 -.0070234
T 2528  1 .1859070E+07   1000005E-01 -.4652E+03  .1532E+03   .9999324 -.0115528  .0013280
T 2529  1 .1862147E+07   1000021E-01 -.2844E+03 -.2535E+03   .9999868 -.0040714 -.0031461
T 2530  1 .1831834E+07   1000012E-01  .3410E+03  .6252E+03   .9999206 -.0035677  .0120825
T 2531  1 .1850039E+07   1000012E-01 -.2360E+02  .3089E+03   .9999494 -.0095129  .0032631
T 2532  1 .1851630E+07   1000009E-01 -.2060E+03 -.3728E+03   .9999941 -.0030477  .0015949
T 2533  1 .1831262E+07   1000006E-01  .4071E+03 -.1138E+03   .9999787  .0033060 -.0056214
T 2534  1 .1839702E+07   1000010E-01  .3177E+03  .2673E+03   .9999782  .0042037 -.0050859
T 2535  1 .1851472E+07   1000011E-01 -.2202E+03 -.5013E+03   .9998194 -.0043546 -.0185013
T 2536  1 .1838052E+07   1000018E-01 -.1466E+03  .4793E+03   .9999605 -.0032312  .0082746
T 2537  1 .1851945E+07   1000006E-01  .5601E+03 -.1026E+03   .9998990  .0135592 -.0042538
T 2538  1 .1837631E+07   1000020E-01 -.1360E+03  .1024E+04   .9998986 -.0035734  .0137863
T 2539  1 .1837001E+07   1000001E-01 -.1389E+03 -.3901E+03   .9999998  .0000262  .0006091
T 2540  1 .1846913E+07   1000003E-01 -.3477E+03  .9067E+02   .9999900 -.0040806  .0018114
T 2541  1 .1837497E+07   1000010E-01 -.1837E+03 -.2667E+03   .9999870 -.0038177 -.0033755
T 2542  1 .1844878E+07   1000006E-01  .2799E+02 -.2336E+03   .9999970  .0024508 -.0002774
T 2543  1 .1838120E+07   1000002E-01  .6877E+03  .1359E+03   .9999413  .0097156  .0047968
T 2544  1 .1846387E+07   1000022E-01 -.2035E+03  .6228E+02   .9999370 -.0112149 -.0005203
T 2545  1 .1832641E+07   1000015E-01 -.1059E+03  .7439E+02   .9999676 -.0056023  .0057720
T 2546  1 .1834918E+07   1000001E-01  .9373E+03 -.5536E+03   .9995302  .0303226 -.0044618
T 2547  1 .1843896E+07   1000011E-01  .4003E+03 -.3464E+03   .9999688  .0079027 -.0001985
T 2548  1 .1840511E+07   1000021E-01 -.4237E+03  .3932E+03   .9997528 -.0149241  .0164819
T 2549  1 .1859666E+07   1000019E-01 -.2080E+03 -.1268E+03   .9999889  .0023446 -.0040779
T 2550  1 .1852802E+07   1000008E-01  .5193E+03  .6685E+02   .9999210  .0075922 -.0100210
T 2551  1 .1842362E+07   1000021E-01 -.7087E+03  .4865E+03   .9998941 -.0095310  .0109964
T 2552  1 .1859438E+07   1000017E-01 -.4987E+03  .4096E+03   .9998920 -.0145649 -.0019822
T 2553  1 .1843346E+07   1000021E-01  .4294E+03 -.5218E+02   .9997706  .0205461  .0060524
T 2554  1 .1850886E+07   1000018E-01 -.1708E+03 -.5288E+03   .9998459 -.0024863 -.0173765
T 2555  1 .1858315E+07   1000011E-01  .2659E+03 -.3596E+03   .9999786  .0062167 -.0020322
T 2556  1 .1845134E+07   1000014E-01  .9616E+02  .1987E+03   .9999778 -.0050949  .0042970
T 2557  1 .1855438E+07   1000002E-01 -.1481E+03  .1549E+03   .9999763 -.0063822  .0025904
T 2558  1 .1842675E+07   1000000E-01  .2187E+03  .3984E+03   .9999899  .0024693 -.0037649
T 2559  1 .1843036E+07   1000020E-01 -.2992E+03 -.5800E+03   .9999513 -.0028111 -.0094590
T 2560  1 .1853160E+07   1000019E-01 -.1834E+03  .2763E+03   .9998617 -.0109154 -.0125477
T 2561  1 .1840773E+07   1000021E-01  .1028E+04 -.5424E+03   .9997613  .0182314 -.0120425
T 2562  1 .1841061E+07   1000000E-01 -.7448E+02 -.4035E+03   .9999402 -.0040017 -.0101788
T 2563  1 .1838590E+07   1000017E-01 -.4310E+03 -.9280E+02   .9999899 -.0013225 -.0042967
T 2564  1 .1848713E+07   1000010E-01  .1638E+03  .1685E+03   .9999941  .0032629  .0011077
T 2565  1 .1858659E+07   1000010E-01  .8221E+02 -.2420E+03   .9999835  .0047168 -.0032824
T 2566  1 .1835972E+07   1000000E-01 -.3744E+02 -.2594E+02   .9999772 -.0063128  .0023962
T 2567  1 .1850288E+07   1000020E-01 -.8566E+02 -.8067E+02   .9999621 -.0086580 -.0009271
T 2568  1 .1853285E+07   1000008E-01  .1256E+03  .4095E+03   .9999190  .0010334  .0126887
T 2569  1 .1833298E+07   1000016E-01  .2970E+02  .7386E+03   .9999297 -.0082992  .0084705
T 2570  1 .1842456E+07   1000008E-01 -.9488E+02  .1051E+03   .9999868 -.0010319 -.0050245
T 2571  1 .1839311E+07   1000014E-01 -.1048E+03  .1700E+02   .9999865 -.0050842  .0011182
T 2572  1 .1846394E+07   1000006E-01  .3201E+03  .3398E+03   .9999908  .0010312  .0041619
T 2573  1 .1847331E+07   1000017E-01  .2392E+03  .4250E+03   .9999030  .0081749  .0112797
T 2574  1 .1849603E+07   1000014E-01 -.1192E+03  .2422E+03   .9999886 -.0031595  .0035823
T 2575  1 .1846530E+07   1000014E-01 -.6487E+02  .2623E+03   .9999958  .0023420  .0016930
T 2576  1 .1835131E+07   1000023E-01  .5495E+03  .4488E+02   .9999471  .0102830 -.0000934
T 2577  1 .1840455E+07   1000003E-01 -.2283E+03 -.7352E+02   .9999593 -.0090260 -.0000728
T 2578  1 .1837523E+07   1000002E-01 -.1386E+03  .4598E+03   .9999198 -.0058806  .0112181
T 2579  1 .1832929E+07   1000019E-01  .1980E+03  .2383E+03   .9998790  .0122280  .0096163
T 2580  1 .1830135E+07   1000020E-01 -.3000E+04 -.3882E+03   .9987056 -.0498326 -.0101871
T 2581  1 .1837476E+07   1000014E-01 -.2787E+03 -.7018E+03   .9998141 -.0053258 -.0185291
T 2582  1 .1848250E+07   1000021E-01 -.1921E+03 -.8921E+02   .9999993 -.0011227  .0004059
T 2583  1 .1830588E+07   1000003E-01  .4873E+02 -.2204E+02   .9999836  .0054485 -.0017370
T 2584  1 .1864841E+07   1000018E-01  .1682E+03 -.5264E+02   .9999826  .0056412 -.0017270
T 2585  1 .1833945E+07   1000002E-01  .3263E+04  .8009E+03   .9984585  .0544110 -.0109615
T 2586  1 .1833884E+07   1000018E-01 -.3954E+03 -.2156E+02   .9999166 -.0125308  .0031220
T 2587  1 .1847937E+07   1000017E-01 -.1644E+03 -.1890E+03   .9999879 -.0038223 -.0030945
T 2588  1 .1847586E+07   1000014E-01  .3716E+02  .2954E+02   .9999999  .0000094  .0002925
T 2589  1 .1866279E+07   1000007E-01 -.1100E+03  .2266E+03   .9999995 -.0009181  .0003619
T 2590  1 .1852431E+07   1000021E-01 -.1108E+02  .2465E+03   .9999420 -.0019746  .0105839
T 2591  1 .1855307E+07   1000021E-01 -.2961E+03  .5550E+02   .9999879 -.0048830  .0005665
T 2592  1 .1838940E+07   1000016E-01  .2262E+02  .5285E+02   .9999924 -.0023495  .0031164
T 2593  1 .1850148E+07   1000015E-01 -.8132E+02  .1371E+03   .9999704 -.0020007 -.0074272
T 2594  1 .1834945E+07   1000022E-01  .1064E+03  .1531E+03   .9999159  .0059375  .0115293
T 2595  1 .1854120E+07   1000008E-01  .1226E+03 -.7399E+03   .9999817 -.0035161 -.0049224
T 2596  1 .1836725E+07   1000020E-01  .2742E+03 -.3191E+03   .9999691  .0059500 -.0051398
T 2597  1 .1845392E+07   1000018E-01 -.2587E+03  .4537E+03   .9999710  .0005968  .0075881
T 2598  1 .1848553E+07   1000018E-01  .3954E+02  .1044E+02   .9999963 -.0027054 -.0003718
T 2599  1 .1846645E+07   1000001E-01 -.2889E+03  .2771E+02   .9999887 -.0047414 -.0004125
T 2600  1 .1849138E+07   1000021E-01 -.6297E+03 -.6317E+03   .9999838 -.0023778 -.0051738
T 2601  1 .1850760E+07   1000004E-01 -.1161E+03 -.7742E+02   .9999937 -.0001381 -.0035514
T 2602  1 .1843266E+07   1000006E-01  .3099E+03 -.2644E+02   .9999558  .0088993  .0030363
T 2603  1 .1841582E+07   1000010E-01  .4021E+03  .1626E+03   .9999348  .0111352  .0025204
T 2604  1 .1857984E+07   1000021E-01  .6152E+02 -.5995E+02   .9999965  .0024814 -.0009520
T 2605  1 .1858640E+07   1000017E-01  .3864E+03  .1915E+03   .9998978  .0041563  .0136802
T 2606  1 .1837423E+07   1000004E-01 -.8195E+02 -.4834E+03   .9999043 -.0028940 -.0135287
T 2607  1 .1851661E+07   1000021E-01  .3709E+03 -.1228E+02   .9999762  .0069017  .0000653
T 2608  1 .1834601E+07   1000016E-01 -.2925E+03 -.5385E+03   .9999317  .0066729 -.0095942
T 2609  1 .1851652E+07   1000002E-01 -.7844E+02 -.7950E+02   .9999632 -.0082667 -.0022896
T 2610  1 .1847132E+07   1000020E-01 -.2288E+02 -.1944E+03   .9999917  .0021615 -.0034478
T 2611  1 .1854061E+07   1000017E-01 -.5079E+03  .2765E+03   .9999744 -.0071418 -.0004560
T 2612  1 .1852562E+07   1000017E-01 -.4558E+03  .1839E+03   .9991141 -.0379910 -.0181012
T 2613  1 .1838183E+07   1000007E-01 -.6366E+00 -.2046E+03   .9999708 -.0026575 -.0071684
T 2614  1 .1839929E+07   1000007E-01  .1236E+02  .4512E+03   .9999051 -.0028025  .0134885
T 2615  1 .1838419E+07   1000007E-01 -.1628E+03  .2388E+03   .9999810 -.0023591  .0057010
T 2616  1 .1844491E+07   1000017E-01 -.7583E+02  .5485E+02   .9999999 -.0000993  .0005354
T 2617  1 .1840470E+07   1000015E-01  .4818E+02  .4491E+01   .9999978  .0018175  .0010534
T 2618  1 .1843627E+07   1000012E-01  .1611E+03 -.2441E+03   .9998296  .0078718 -.0166945
T 2619  1 .1837478E+07   1000002E-01 -.5955E+02  .2197E+03   .9999596 -.0053376 -.0072326
T 2620  1 .1856975E+07   1000007E-01 -.2689E+02 -.1490E+03   .9999922 -.0039335 -.0003755
T 2621  1 .1846406E+07   1000012E-01  .7325E+03 -.7461E+02   .9998676  .0151857 -.0058537
T 2622  1 .1847827E+07   1000014E-01  .5758E+02  .1353E+03   .9999718  .0007793  .0074729
T 2623  1 .1852793E+07   1000023E-01 -.1576E+03  .2485E+03   .9999788 -.0009656  .0064333
T 2624  1 .1848048E+07   1000002E-01  .4508E+03 -.4586E+03   .9999471  .0102898  .0000036
T 2625  1 .1839481E+07   1000019E-01 -.1040E+03  .1110E+03   .9999906 -.0032002  .0029098
T 2626  1 .1841775E+07   1000022E-01 -.7107E+03 -.1772E+03   .9998904 -.0140154  .0047734
T 2627  1 .1856236E+07   1000001E-01 -.6853E+02  .4599E+02   .9999515 -.0096160 -.0021311
T 2628  1 .1823751E+07   1000007E-01 -.6537E+02 -.2819E+03   .9999997 -.0000046 -.0007735
T 2629  1 .1869982E+07   1000021E-01  .1899E+03 -.8896E+02   .9999681  .0067637 -.0042377
T 2630  1 .1841778E+07   1000014E-01 -.4239E+03 -.8055E+03   .9998880 -.0148873 -.0015547
T 2631  1 .1857000E+07   1000022E-01 -.3186E+03 -.3159E+03   .9999760 -.0058007 -.0037800
T 2632  1 .1845070E+07   1000007E-01  .5142E+03  .3444E+02   .9996590  .0253665 -.0061990
T 2633  1 .1846900E+07   1000020E-01  .8655E+03  .4162E+03   .9999575  .0078797  .0047904
T 2634  1 .1858523E+07   1000014E-01 -.7001E+02  .3806E+03   .9999940 -.0015051  .0031042
T 2635  1 .1855485E+07   1000018E-01  .1962E+03  .5710E+03   .9997774  .0102171  .0184571
T 2636  1 .1842987E+07   1000012E-01 -.1375E+01  .4009E+03   .9999756 -.0008854  .0069327
T 2637  1 .1843717E+07   1000015E-01  .6391E+02  .2844E+03   .9999969  .0019490 -.0015680
T 2638  1 .1848757E+07   1000007E-01 -.1286E+03 -.8267E+02   .9999844 -.0051546 -.0021432
T 2639  1 .1859286E+07   1000007E-01  .3347E+02 -.2453E+02   .9999951  .0018017 -.0025498
T 2640  1 .1840021E+07   1000007E-01  .9748E+02 -.2505E+02   .9999606 -.0038310 -.0080031
T 2641  1 .1846599E+07   1000003E-01 -.2896E+02 -.6690E+02   .9999988 -.0014594 -.0005148
T 2642  1 .1841430E+07   1000001E-01  .6518E+02 -.9219E+02   .9999846  .0044461 -.0033271
T 2643  1 .1843028E+07   1000012E-01  .2556E+03  .2332E+02   .9999936  .0016289 -.0031751
T 2644  1 .1846227E+07   1000014E-01  .1485E+04 -.4680E+03   .9996042  .0262076 -.0102289
T 2645  1 .1857728E+07   1000009E-01  .1311E+03  .3874E+03   .9999896  .0005995 -.0045146
T 2646  1 .1836770E+07   1000021E-01  .4966E+03 -.8172E+02   .9999757  .0065898 -.0022698
T 2647  1 .1829602E+07   1000002E-01 -.2975E+03  .1927E+03   .9999975  .0022380  .0002316
T 2648  1 .1852982E+07   1000018E-01  .1686E+03  .1130E+04   .9997852 -.0005096  .0207188
T 2649  1 .1832115E+07   1000000E-01 -.2607E+04 -.2063E+03   .9983286 -.0577336 -.0026108
T 2650  1 .1847735E+07   1000022E-01 -.1765E+02 -.1177E+03   .9999943 -.0028168 -.0018509
T 2651  1 .1858284E+07   1000019E-01  .2711E+03 -.4686E+03   .9999857  .0011743 -.0052121
T 2652  1 .1858138E+07   1000015E-01 -.1032E+03 -.1516E+02   .9999979 -.0001449 -.0020351
T 2653  1 .1859776E+07   1000019E-01 -.3688E+03 -.3568E+03   .9999773 -.0064255  .0020255
T 2654  1 .1846783E+07   1000022E-01 -.1982E+03 -.2790E+03   .9999078 -.0110158 -.0079362
T 2655  1 .1851984E+07   1000015E-01  .3240E+03 -.2162E+03   .9999922 -.0014415 -.0036684
T 2656  1 .1840979E+07   1000005E-01 -.2959E+03  .7841E+02   .9999992 -.0004837 -.0011396
T 2657  1 .1849371E+07   1000018E-01  .4933E+02  .5384E+02   .9999969 -.0012411  .0021594
T 2658  1 .1849039E+07   1000001E-01  .3547E+02  .6544E+02   .9999935 -.0012443  .0033778
T 2659  1 .1860629E+07   1000017E-01 -.1989E+03  .2448E+03   .9999693 -.0026080  .0073851
T 2660  1 .1857855E+07   1000006E-01  .5978E+02 -.9153E+02   .9999991  .0013700 -.0000989
T 2661  1 .1825020E+07   1000002E-01 -.2185E+03  .5240E+03   .9999749 -.0031583  .0063463
T 2662  1 .1857636E+07   1000020E-01 -.1210E+01 -.5099E+03   .9997562  .0014124 -.0220343
T 2663  1 .1852502E+07   1000022E-01  .1199E+03  .5230E+02   .9999478  .0083295 -.0059111
T 2664  1 .1859883E+07   1000022E-01  .1474E+03  .8523E+02   .9999660  .0046276  .0068323
T 2665  1 .1854632E+07   1000008E-01 -.5144E+02  .8142E+02   .9999916 -.0039523 -.0011200
T 2666  1 .1852281E+07   1000008E-01 -.8971E+03 -.2423E+03   .9999533 -.0095675 -.0013802
T 2667  1 .1839885E+07   1000000E-01 -.2144E+03  .1235E+03   .9999919 -.0004055  .0039930
T 2668  1 .1844209E+07   1000012E-01 -.1999E+03  .2317E+03   .9999718 -.0029185  .0069268
T 2669  1 .1846584E+07   1000019E-01  .4732E+03  .4077E+03   .9998073  .0133853  .0143599
T 2670  1 .1835255E+07   1000021E-01  .3848E+03  .4641E+03   .9999660  .0053694  .0062605
T 2671  1 .1862624E+07   1000016E-01  .7647E+03  .3654E+03   .9999789  .0060938  .0022638
T 2672  1 .1847557E+07   1000016E-01 -.1445E+02  .3069E+03   .9999927 -.0006558  .0037638
T 2673  1 .1849918E+07   1000001E-01 -.4596E+03  .3008E+03   .9999583 -.0065722  .0063338
T 2674  1 .1857019E+07   1000007E-01 -.2688E+03  .2814E+03   .9999816 -.0028837  .0053454
T 2675  1 .1868072E+07   1000006E-01  .2079E+03  .5373E+03   .9998366  .0050034  .0173709
T 2676  1 .1851341E+07   1000015E-01 -.2295E+02  .1292E+03   .9999986  .0000104  .0016950
T 2677  1 .1851259E+07   1000014E-01  .5100E+03  .1746E+03   .9999816  .0059814  .0010142
T 2678  1 .1854306E+07   1000019E-01 -.4355E+03 -.4054E+03   .9998908 -.0139774 -.0047901
T 2679  1 .1839202E+07   1000001E-01  .1651E+03 -.4137E+03   .9996360  .0155291 -.0220613
T 2680  1 .1846059E+07   1000019E-01 -.1175E+03 -.1313E+03   .9998725 -.0092767 -.0129980
T 2681  1 .1846431E+07   1000018E-01 -.6525E+02 -.2352E+03   .9999983 -.0013161  .0012699
T 2682  1 .1854854E+07   1000009E-01 -.4504E+02  .2261E+03   .9999786 -.0006348  .0065066
T 2683  1 .1845269E+07   1000018E-01  .1675E+03 -.7549E+02   .9999747  .0070223 -.0011117
T 2684  1 .1848618E+07   1000002E-01  .4103E+03  .1164E+03   .9999380  .0077088  .0080312
T 2685  1 .1834478E+07   1000006E-01 -.5789E+03  .2970E+03   .9999830 -.0057685  .0008057
T 2686  1 .1842389E+07   1000012E-01 -.1805E+03  .5168E+02   .9999993 -.0006674 -.0009652
T 2687  1 .1837588E+07   1000008E-01 -.2119E+03  .3349E+03   .9999884  .0018984  .0044228
T 2688  1 .1835065E+07   1000021E-01 -.3142E+03 -.1688E+03   .9999445 -.0092469 -.0050564
T 2689  1 .1848364E+07   1000011E-01 -.2546E+03  .3291E+03   .9999488 -.0088919  .0048287
T 2690  1 .1839832E+07   1000008E-01 -.1339E+03  .2198E+03   .9999312 -.0112713  .0032494
T 2691  1 .1855531E+07   1000018E-01  .4646E+03  .3599E+03   .9999893 -.0014702  .0043759
T 2692  1 .1834788E+07   1000019E-01 -.6520E+04  .6178E+04   .9806626 -.1413511  .1353542
T 2693  1 .1841473E+07   1000008E-01 -.8276E+03 -.5834E+03   .9998682 -.0138563 -.0084623
T 2694  1 .1852644E+07   1000020E-01  .2997E+03 -.7454E+03   .9999249  .0081451 -.0091541
T 2695  1 .1851665E+07   1000015E-01  .4755E+02  .8614E+03   .9998525  .0015786  .0171017
T 2696  1 .1833705E+07   1000018E-01  .1658E+03 -.3011E+03   .9997282  .0028806 -.0231345
T 2697  1 .1835829E+07   1000006E-01 -.7025E+03  .1260E+04   .9996326 -.0125217  .0240388
T 2698  1 .1842638E+07   1000019E-01  .6042E+03  .4499E+02   .9999616  .0087492 -.0005605
T 2699  1 .1848302E+07   1000022E-01  .1449E+03 -.1052E+04   .9998943  .0051660 -.0135936
T 2700  1 .1831141E+07   1000019E-01 -.4346E+03 -.4609E+02   .9999361 -.0110783  .0022427
T 2701  1 .1834067E+07   1000006E-01  .3286E+03  .1992E+03   .9997284  .0214921 -.0090123
T 2702  1 .1851109E+07   1000022E-01 -.1632E+03  .5797E+02   .9998534 -.0125292  .0116706
T 2703  1 .1830491E+07   1000022E-01  .4109E+03  .5045E+03   .9997526  .0207269  .0080731
T 2704  1 .1845026E+07   1000014E-01  .1562E+04  .8150E+03   .9997631  .0203065  .0078313
T 2705  1 .1835905E+07   1000001E-01 -.4530E+02  .1181E+03   .9999848  .0016307  .0052717
T 2706  1 .1845395E+07   1000001E-01 -.1898E+03 -.3834E+03   .9999403 -.0075690 -.0078788
T 2707  1 .1860469E+07   1000016E-01 -.8620E+02  .2540E+03   .9999786 -.0057226  .0031578
T 2708  1 .1853394E+07   1000001E-01  .1820E+03  .3043E+03   .9998621  .0165663  .0011369
T 2709  1 .1840137E+07   1000012E-01  .6912E+02  .3340E+02   .9999971 -.0019390  .0014308
T 2710  1 .1855594E+07   1000007E-01  .1483E+03  .2090E+03   .9999891 -.0040392 -.0023442
T 2711  1 .1833600E+07   1000008E-01 -.2725E+03 -.8415E+03   .9995528 -.0058940 -.0293151
T 2712  1 .1846772E+07   1000003E-01  .1977E+03 -.7052E+02   .9999708  .0028692  .0070801
T 2713  1 .1859428E+07   1000016E-01  .3672E+03 -.2290E+03   .9998978  .0122482 -.0073771
T 2714  1 .1850953E+07   1000009E-01  .7766E+01 -.2610E+03   .9999615 -.0025774 -.0083859
T 2715  1 .1828721E+07   1000015E-01  .6160E+00 -.1257E+03   .9999918  .0028051 -.0029073
T 2716  1 .1837752E+07   1000014E-01  .9072E+02  .4193E+03   .9999728  .0039057  .0062577
T 2717  1 .1840912E+07   1000020E-01  .5235E+03  .3735E+03   .9998695  .0109911  .0118430
T 2718  1 .1843049E+07   1000009E-01 -.2722E+03  .7538E+02   .9999710 -.0076187  .0000257
T 2719  1 .1872212E+07   1000001E-01  .5386E+02 -.2815E+02   .9999922  .0033215 -.0021352
T 2720  1 .1845876E+07   1000004E-01  .2435E+03  .7790E+03   .9999258  .0013061  .0121155
T 2721  1 .1846658E+07   1000011E-01  .2404E+02  .8699E+01   .9993429  .0188964 -.0309321
T 2722  1 .1845706E+07   1000019E-01 -.5866E+00 -.1194E+03   .9999992  .0010250  .0006877
T 2723  1 .1838074E+07   1000019E-01  .1897E+03 -.1886E+03   .9998143  .0113670 -.0155638
T 2724  1 .1838692E+07   1000006E-01  .1957E+02  .4390E+02   .9999545  .0094669 -.0012077
T 2725  1 .1833026E+07   1000022E-01 -.1799E+03 -.2018E+03   .9999910 -.0029686 -.0030320
T 2726  1 .1843052E+07   1000007E-01  .1554E+03  .2400E+03   .9999912  .0011820  .0040310
T 2727  1 .1844349E+07   1000021E-01 -.4734E+03 -.2802E+03   .9999449 -.0043051 -.0095740
T 2728  1 .1838650E+07   1000014E-01  .2212E+03  .4121E+03   .9999711  .0046391  .0060199
T 2729  1 .1846244E+07   1000021E-01 -.1392E+02 -.6753E+03   .9999556  .0034632 -.0087674
T 2730  1 .1862501E+07   1000001E-01 -.1893E+02  .5444E+02   .9999996 -.0000785  .0008926
T 2731  1 .1839159E+07   1000010E-01 -.2322E+03  .1197E+04   .9997915 -.0049478  .0198096
T 2732  1 .1854461E+07   1000004E-01 -.1581E+03 -.2711E+03   .9999976 -.0014823 -.0016179
T 2733  1 .1833155E+07   1000002E-01  .4308E+03 -.3862E+03   .9999505  .0081277 -.0057353
T 2734  1 .1847944E+07   1000020E-01  .1839E+03  .4264E+03   .9999631 -.0044510  .0073460
T 2735  1 .1853899E+07   1000013E-01 -.1991E+03 -.3270E+03   .9999434 -.0052943 -.0092242
T 2736  1 .1827913E+07   1000009E-01  .2675E+02  .6215E+03   .9999681 -.0058284  .0054664
T 2737  1 .1835108E+07   1000018E-01  .2384E+03 -.3617E+03   .9999747 -.0010002 -.0070449
T 2738  1 .1854731E+07   1000015E-01  .3574E+03  .8743E+02   .9999991 -.0013451  .0002398
T 2739  1 .1831396E+07   1000018E-01  .1708E+03 -.3429E+03   .9995216 -.0246439 -.0186867
T 2740  1 .1821273E+07   1000009E-01 -.2554E+03 -.5500E+03   .9999423 -.0059642 -.0089353
T 2741  1 .1827354E+07   1000003E-01 -.8891E+03 -.5369E+03   .9999009 -.0109933 -.0087920
T 2742  1 .1853998E+07   1000019E-01  .5198E+02 -.2375E+03   .9999746  .0022598 -.0067580
T 2743  1 .1846569E+07   1000016E-01  .2353E+03  .4478E+03   .9999445  .0054918  .0089923
T 2744  1 .1848761E+07   1000019E-01  .1643E+03 -.1059E+04   .9998932  .0026185 -.0143779
T 2745  1 .1845626E+07   1000014E-01 -.3016E+03 -.2507E+03   .9999901 -.0036977 -.0024550
T 2746  1 .1857457E+07   1000009E-01  .2223E+03 -.3923E+03   .9999652  .0078544 -.0027951
T 2747  1 .1838011E+07   1000013E-01  .9848E+02  .3980E+03   .9999919 -.0003083  .0040117
T 2748  1 .1839927E+07   1000014E-01  .1193E+03  .5091E+03   .9998931  .0059138  .0133703
T 2749  1 .1851635E+07   1000020E-01 -.4697E+03  .4017E+03   .9999311 -.0112296 -.0034311
T 2750  1 .1842126E+07   1000003E-01  .4228E+03 -.2795E+03   .9999394  .0104544 -.0034392
T 2751  1 .1842280E+07   1000016E-01  .1765E+03  .6811E+03   .9999740  .0006942  .0071755
T 2752  1 .1827214E+07   1000010E-01  .7313E+02 -.2113E+03   .9999784  .0057303 -.0032336
T 2753  1 .1845602E+07   1000003E-01  .4310E+03  .1550E+03   .9998960  .0098108  .0105709
T 2754  1 .1835194E+07   1000019E-01  .4482E+03 -.4725E+03   .9999766  .0059463 -.0033855
T 2755  1 .1844704E+07   1000017E-01 -.2318E+03 -.1330E+03   .9999942 -.0030689 -.0014700
T 2756  1 .1851512E+07   1000001E-01 -.3673E+03  .6273E+03   .9999627 -.0042305  .0075245
T 2757  1 .1845094E+07   1000003E-01 -.1617E+03  .2097E+03   .9999987 -.0014972  .0006241
T 2758  1 .1825494E+07   1000018E-01  .4385E+01  .7307E+03   .9998808 -.0034634  .0150470
T 2759  1 .1853675E+07   1000020E-01  .3398E+03  .5175E+03   .9999665  .0068870  .0044229
T 2760  1 .1849029E+07   1000007E-01  .1088E+03 -.1922E+02   .9999861  .0028448 -.0044489
T 2761  1 .1850645E+07   1000017E-01  .1024E+03 -.7838E+02   .9999823 -.0004087 -.0059324
T 2762  1 .1838425E+07   1000004E-01  .4086E+03  .1016E+04   .9998781  .0031692  .0152914
T 2763  1 .1840625E+07   1000009E-01  .4911E+02 -.4792E+02   .9999435 -.0018471 -.0104639
T 2764  1 .1844953E+07   1000012E-01  .7162E+02  .1646E+03   .9999528 -.0012875  .0096306
T 2765  1 .1848290E+07   1000016E-01  .3267E+02 -.2168E+03   .9999831  .0018117 -.0055258
T 2766  1 .1827570E+07   1000014E-01  .2812E+03  .1607E+03   .9999973  .0015041 -.0017602
T 2767  1 .1832157E+07   1000021E-01  .2377E+03 -.5284E+03   .9992309 -.0017822 -.0391707
T 2768  1 .1841725E+07   1000006E-01 -.1192E+03 -.7991E+02   .9999523  .0007749 -.0097375
T 2769  1 .1856556E+07   1000018E-01 -.3110E+03  .2026E+03   .9999883 -.0046464 -.0013126
T 2770  1 .1818087E+07   1000022E-01  .2202E+03 -.3769E+02   .9999651  .0081991 -.0016207
T 2771  1 .1840315E+07   1000008E-01  .2889E+02 -.4322E+03   .9999993  .0000693 -.0011815
T 2772  1 .1846824E+07   1000003E-01 -.3845E+03  .7041E+02   .9999530 -.0087218  .0042343
T 2773  1 .1848527E+07   1000016E-01 -.2069E+03  .1142E+04   .9996829  .0096661  .0232519
T 2774  1 .1839585E+07   1000014E-01 -.9705E+01  .2421E+03   .9999349  .0028749  .0110448
T 2775  1 .1830599E+07   1000001E-01  .4018E+02  .1487E+02   .9998162  .0110384 -.0156731
T 2776  1 .1836944E+07   1000015E-01 -.1597E+02 -.9677E+02   .9999941  .0007462 -.0033422
T 2777  1 .1835986E+07   1000008E-01  .1055E+03  .1994E+03   .9999703  .0073107  .0024264
T 2778  1 .1864501E+07   1000021E-01 -.1988E+03 -.1727E+04   .9990730 -.0092435 -.0420433
T 2779  1 .1836916E+07   1000018E-01 -.3075E+03 -.2247E+02   .9999788 -.0065115 -.0003099
T 2780  1 .1823538E+07   1000022E-01  .3947E+03 -.1302E+03   .9999649  .0057133 -.0061300
T 2781  1 .1863982E+07   1000020E-01  .7932E+02  .9304E+02   .9999918  .0010498  .0039022
T 2782  1 .1844431E+07   1000004E-01  .3313E+03 -.1975E+03   .9998735  .0155142  .0035113
T 2783  1 .1845745E+07   1000003E-01 -.2210E+03  .1382E+03   .9999839 -.0019374  .0053282
T 2784  1 .1854806E+07   1000021E-01  .5750E+02 -.1894E+03   .9999867  .0049381  .0014700
T 2785  1 .1863900E+07   1000011E-01 -.1595E+03 -.4185E+02   .9999951  .0009685 -.0029618
T 2786  1 .1849430E+07   1000012E-01 -.5118E+03 -.2851E+03   .9999663 -.0077391 -.0027518
T 2787  1 .1828570E+07   1000004E-01 -.1451E+03 -.2962E+02   .9999578 -.0081261 -.0042761
T 2788  1 .1852482E+07   1000018E-01 -.4465E+03  .6396E+03   .9999626 -.0018797  .0084476
T 2789  1 .1826271E+07   1000010E-01 -.1931E+03 -.1336E+02   .9999975  .0021427  .0005822
T 2790  1 .1837814E+07   1000017E-01 -.1728E+03  .1934E+03   .9999187 -.0110525 -.0063613
T 2791  1 .1852097E+07   1000014E-01  .4814E+02  .2174E+03   .9999994  .0009133 -.0005163
T 2792  1 .1851582E+07   1000000E-01  .1232E+02 -.2426E+03   .9999952 -.0011246 -.0028910
T 2793  1 .1832399E+07   1000019E-01  .1335E+03  .2336E+03   .9999747  .0011756  .0070103
T 2794  1 .1827235E+07   1000018E-01 -.2120E+03 -.2003E+03   .9999710  .0013799  .0074958
T 2795  1 .1832864E+07   1000000E-01 -.2337E+03  .2676E+03   .9999526 -.0086719  .0044337
T 2796  1 .1839529E+07   1000014E-01 -.5144E+01  .1057E+03   .9999304  .0022066 -.0115867
T 2797  1 .1845069E+07   1000001E-01 -.9345E+01 -.9651E+02   .9999849 -.0045528  .0030820
T 2798  1 .1843460E+07   1000009E-01  .8547E+02 -.5404E+03   .9998613  .0097716 -.0134833
T 2799  1 .1845563E+07   1000005E-01 -.1557E+02 -.3130E+02   .9999964  .0003419 -.0026600
T 2800  1 .1855812E+07   1000019E-01 -.8591E+02  .1531E+03   .9999865  .0008659  .0051180
T 2801  1 .1845736E+07   1000005E-01  .5413E+03  .2021E+03   .9999084  .0132145  .0029206
T 2802  1 .1849056E+07   1000010E-01  .2070E+03 -.1550E+03   .9999734  .0072735  .0005058
T 2803  1 .1832634E+07   1000012E-01 -.1740E+03  .9537E-01   .9999918 -.0035101 -.0020398
T 2804  1 .1835544E+07   1000009E-01  .4773E+02  .8686E+01   .9999902  .0041548 -.0015098
T 2805  1 .1841826E+07   1000022E-01 -.1009E+03 -.9092E+03   .9999487 -.0006123 -.0101106
T 2806  1 .1847411E+07   1000005E-01 -.4303E+03 -.1688E+03   .9999590 -.0053987 -.0072768
T 2807  1 .1829784E+07   1000018E-01  .3318E+02 -.3920E+03   .9999672  .0026288 -.0076552
T 2808  1 .1838797E+07   1000001E-01 -.6110E+03 -.3024E+03   .9998028 -.0185128 -.0071877
T 2809  1 .1837600E+07   1000008E-01  .1834E+02  .6428E+03   .9998704 -.0027059  .0158696
T 2810  1 .1850482E+07   1000003E-01 -.2450E+03 -.2849E+03   .9999885 -.0025756 -.0040340
T 2811  1 .1849564E+07   1000016E-01 -.6202E+01  .3140E+03   .9999103 -.0109843  .0076626
T 2812  1 .1835205E+07   1000022E-01  .1210E+03 -.1023E+02   .9999883  .0045210 -.0017404
T 2813  1 .1839983E+07   1000006E-01 -.8982E+02  .6087E+03   .9999589 -.0031486  .0084968
T 2814  1 .1860925E+07   1000017E-01  .2535E+03  .1465E+02   .9999418  .0106130 -.0019361
T 2815  1 .1842123E+07   1000015E-01  .5887E+03  .2160E+03   .9998226  .0084532  .0168313
T 2816  1 .1837686E+07   1000011E-01 -.1502E+04 -.1104E+04   .9996986 -.0194089 -.0150343
T 2817  1 .1833272E+07   1000018E-01 -.4127E+03  .5808E+03   .9999008 -.0090024  .0108303
T 2818  1 .1847647E+07   1000023E-01  .2409E+03 -.5254E+02   .9999135 -.0097488 -.0088291
T 2819  1 .1850683E+07   1000003E-01  .1939E+03 -.7379E+03   .9998102  .0010881 -.0194495
T 2820  1 .1833454E+07   1000009E-01  .1235E+03 -.2967E+02   .9999938  .0034798  .0005034
T 2821  1 .1849347E+07   1000006E-01  .6105E+02 -.1617E+03   .9999832  .0057231 -.0008920
T 2822  1 .1864153E+07   1000007E-01 -.1679E+03  .2135E+03   .9999770 -.0052400  .0043051
T 2823  1 .1857476E+07   1000009E-01  .4229E+03 -.1521E+03   .9998529  .0145610 -.0090642
T 2824  1 .1839682E+07   1000022E-01  .7227E+03  .3958E+03   .9998934  .0144238  .0022573
T 2825  1 .1842766E+07   1000019E-01 -.4358E+03  .5356E+02   .9999516 -.0097128 -.0015967
T 2826  1 .1847904E+07   1000022E-01 -.6726E+02 -.7735E+02   .9999916 -.0001727 -.0040958
T 2827  1 .1818056E+07   1000018E-01 -.1034E+03  .1354E+03   .9999911  .0032360 -.0027083
T 2828  1 .1833735E+07   1000005E-01 -.8116E+02 -.1827E+03   .9999053 -.0137604  .0001508
T 2829  1 .1847416E+07   1000017E-01  .7519E+03  .4581E+03   .9996774  .0253975  .0003366
T 2830  1 .1842835E+07   1000012E-01  .1126E+03  .7858E+02   .9999730 -.0017965  .0071300
T 2831  1 .1840335E+07   1000015E-01 -.8435E+02  .3044E+03   .9999514  .0022612  .0095953
T 2832  1 .1846110E+07   1000019E-01 -.5365E+03 -.2046E+03   .9999010 -.0104934 -.0093749
T 2833  1 .1850175E+07   1000015E-01  .1098E+03  .1736E+03   .9999965 -.0021768  .0014800
T 2834  1 .1846138E+07   1000021E-01  .2904E+03 -.8684E+02   .9998825  .0112665 -.0103927
T 2835  1 .1833537E+07   1000022E-01  .2220E+03  .1806E+04   .9995424 -.0000897  .0302499
T 2836  1 .1830262E+07   1000016E-01  .1648E+03 -.4632E+03   .9999749  .0010673 -.0069979
T 2837  1 .1851448E+07   1000008E-01  .2648E+03 -.7735E+03   .9999437  .0040088 -.0098238
T 2838  1 .1835733E+07   1000006E-01 -.5791E+02  .6939E+02   .9999868 -.0005681  .0051088
T 2839  1 .1843201E+07   1000005E-01  .2429E+03 -.4707E+02   .9999476  .0083374 -.0059448
T 2840  1 .1849103E+07   1000021E-01 -.1589E+03  .3676E+03   .9999510  .0044053  .0088679
T 2841  1 .1839477E+07   1000008E-01 -.2021E+03 -.1326E+03   .9999531 -.0004877 -.0096735
T 2842  1 .1852945E+07   1000003E-01 -.2091E+03 -.1160E+03   .9999986  .0013148 -.0010348
T 2843  1 .1851092E+07   1000022E-01 -.5912E+03  .3730E+03   .9999622 -.0080978  .0031570
T 2844  1 .1843862E+07   1000019E-01 -.3172E+03 -.4730E+02   .9999973  .0009425 -.0021136
T 2845  1 .1828267E+07   1000013E-01 -.1543E+02  .1066E+03   .9999834 -.0040846  .0040613
T 2846  1 .1852335E+07   1000015E-01  .3613E+02 -.2976E+03   .9999706  .0006146 -.0076452
T 2847  1 .1841382E+07   1000006E-01 -.3261E+03 -.8672E+02   .9999669 -.0077554  .0024465
T 2848  1 .1839101E+07   1000004E-01 -.3337E+00 -.3512E+03   .9999787 -.0005897 -.0064941
T 2849  1 .1850602E+07   1000018E-01  .7402E+02 -.6964E+02   .9999524 -.0037453  .0090119
T 2850  1 .1846162E+07   1000016E-01  .2221E+03  .1923E+03   .9999942  .0029116  .0017821
T 2851  1 .1850798E+07   1000018E-01  .6721E+02 -.1704E+02   .9999991  .0010204 -.0008275
T 2852  1 .1850240E+07   1000007E-01 -.4627E+03  .7912E+02   .9997846 -.0151244  .0142138
T 2853  1 .1836852E+07   1000006E-01  .1679E+02  .3666E+03   .9999036  .0100522  .0095749
T 2854  1 .1854211E+07   1000017E-01  .2112E+03  .2069E+03   .9999627  .0082922  .0024212
T 2855  1 .1836932E+07   1000017E-01 -.1185E+03  .3892E+03   .9999298 -.0032065  .0114040
T 2856  1 .1840743E+07   1000015E-01 -.2407E+03  .1291E+03   .9999945 -.0030830 -.0012300
T 2857  1 .1847582E+07   1000012E-01 -.2057E+02 -.5370E+03   .9999593 -.0008942 -.0089826
T 2858  1 .1832347E+07   1000014E-01 -.3782E+03  .2161E+03   .9999954 -.0028706  .0010053
T 2859  1 .1843471E+07   1000011E-01  .9556E+02  .2881E+03   .9999993  .0011386  .0003775
T 2860  1 .1833847E+07   1000002E-01  .3699E+03  .6054E+03   .9998585  .0072351  .0151898
T 2861  1 .1854267E+07   1000006E-01  .1503E+03 -.3527E+03   .9999289  .0033305 -.0114462
T 2862  1 .1848877E+07   1000016E-01  .2593E+03 -.4668E+03   .9999396  .0087022 -.0067158
T 2863  1 .1841878E+07   1000014E-01 -.2232E+03 -.2646E+03   .9999957  .0028995  .0004058
T 2864  1 .1834799E+07   1000004E-01 -.1876E+04 -.1285E+04   .9996944 -.0179356 -.0170147
T 2865  1 .1849144E+07   1000008E-01 -.1812E+03  .6733E+02   .9999765  .0002282  .0068456
T 2866  1 .1845659E+07   1000005E-01  .2090E+03 -.2811E+03   .9999920  .0027549 -.0028924
T 2867  1 .1847794E+07   1000018E-01  .4987E+02 -.7494E+03   .9997449  .0040059 -.0222282
T 2868  1 .1828068E+07   1000014E-01 -.2755E+03 -.1393E+03   .9999786 -.0065171 -.0006208
T 2869  1 .1861120E+07   1000015E-01  .7865E+02  .1055E+03   .9999927  .0036031  .0012326
T 2870  1 .1839931E+07   1000014E-01  .1662E+03  .2120E+03   .9999851  .0002732  .0054526
T 2871  1 .1842240E+07   1000000E-01 -.1265E+04 -.1504E+04   .9993350 -.0208046 -.0299462
T 2872  1 .1846962E+07   1000015E-01 -.9738E+03 -.3099E+03   .9998844 -.0151988 -.0004838
T 2873  1 .1845007E+07   1000016E-01 -.1278E+03  .2580E+03   .9999654  .0016471  .0081493
T 2874  1 .1843943E+07   1000015E-01  .7084E+03 -.1371E+04   .9989808  .0154256 -.0424205
T 2875  1 .1837929E+07   1000019E-01 -.7170E+02 -.3184E+03   .9998861 -.0090894 -.0120493
T 2876  1 .1850983E+07   1000013E-01 -.3026E+03 -.6418E+03   .9999780  .0063694 -.0018769
T 2877  1 .1852758E+07   1000010E-01  .3927E+03  .3376E+03   .9999560  .0086089  .0037290
T 2878  1 .1859483E+07   1000012E-01  .2957E+03 -.1016E+03   .9999357  .0082986 -.0077230
T 2879  1 .1847082E+07   1000016E-01  .3086E+03  .1462E+03   .9999858  .0051237  .0014388
T 2880  1 .1832685E+07   1000002E-01  .2210E+03 -.5085E+02   .9999908  .0008188 -.0042016
T 2881  1 .1842454E+07   1000022E-01  .3596E+03  .6310E+02   .9999661  .0074462  .0035175
T 2882  1 .1836742E+07   1000018E-01  .3675E+03  .4106E+03   .9999261  .0103760  .0063277
T 2883  1 .1851100E+07   1000008E-01 -.8597E+02  .3144E+02   .9999895 -.0045225 -.0007219
T 2884  1 .1837989E+07   1000000E-01 -.1439E+03  .1667E+03   .9999814 -.0035374  .0049616
T 2885  1 .1844486E+07   1000018E-01 -.1076E+03 -.9492E+03   .9999020 -.0003273 -.0139982
T 2886  1 .1850104E+07   1000014E-01  .2951E+03  .2110E+03   .9999892  .0041808  .0020422
T 2887  1 .1854415E+07   1000021E-01  .5330E+02  .4093E+03   .9999983 -.0016440 -.0008098
T 2888  1 .1834667E+07   1000011E-01  .1086E+03  .5967E+03   .9999152  .0001351  .0130191
T 2889  1 .1850424E+07   1000018E-01  .2468E+03  .4887E+02   .9999958  .0021094  .0019764
T 2890  1 .1850862E+07   1000002E-01 -.6165E+03  .3752E+03   .9998611 -.0161998  .0039121
T 2891  1 .1827635E+07   1000007E-01 -.2888E+03 -.5918E+02   .9999438 -.0105819 -.0005705
T 2892  1 .1843533E+07   1000012E-01  .5715E+03 -.1275E+03   .9999310  .0091326 -.0073830
T 2893  1 .1877914E+07   1000023E-01  .1568E+03  .4201E+03   .9999667  .0053787  .0061328
T 2894  1 .1838933E+07   1000017E-01 -.8223E+02  .7109E+01   .9999739 -.0055462  .0046308
T 2895  1 .1851091E+07   1000014E-01 -.2955E+03  .3997E+03   .9999012 -.0123000  .0068089
T 2896  1 .1864807E+07   1000012E-01 -.4038E+02  .4120E+02   .9999856 -.0011892  .0052355
T 2897  1 .1847292E+07   1000017E-01  .2063E+03 -.2508E+02   .9999663 -.0055383  .0060597
T 2898  1 .1844450E+07   1000002E-01  .6605E+02 -.9157E+02   .9999703 -.0004898 -.0076906
T 2899  1 .1837092E+07   1000009E-01  .2228E+03 -.1334E+03   .9999858  .0052717  .0008212
T 2900  1 .1828798E+07   1000018E-01  .3554E+02  .1917E+03   .9999975 -.0017350  .0013983
T 2901  1 .1853777E+07   1000022E-01  .6666E+02  .3929E+02   .9999945  .0022713  .0024253
T 2902  1 .1839902E+07   1000014E-01 -.7690E+02  .7920E+02   .9999265 -.0053211  .0108919
T 2903  1 .1843759E+07   1000005E-01  .1435E+04 -.1266E+04   .9993236  .0260802 -.0259260
T 2904  1 .1848987E+07   1000012E-01  .4507E+03  .1658E+03   .9999547  .0060880  .0073230
T 2905  1 .1839016E+07   1000018E-01  .7308E+02  .2549E+03   .9999633  .0064171  .0056829
T 2906  1 .1858510E+07   1000014E-01 -.4492E+03  .1200E+04   .9997873 -.0182433  .0096199
T 2907  1 .1840010E+07   1000022E-01  .4559E+02 -.6851E+03   .9999787  .0021266 -.0061634
T 2908  1 .1847628E+07   1000012E-01 -.1228E+03  .7591E+02   .9998446 -.0110977  .0136951
T 2909  1 .1844789E+07   1000002E-01 -.1213E+03  .7311E+03   .9999680 -.0075277  .0027213
T 2910  1 .1854089E+07   1000004E-01 -.8161E+03  .6116E+03   .9998806 -.0129859  .0083783
T 2911  1 .1852842E+07   1000020E-01 -.1449E+03 -.2581E+03   .9999961 -.0027686  .0003081
T 2912  1 .1833324E+07   1000019E-01  .8169E+03 -.5967E+03   .9995980  .0052070 -.0278692
T 2913  1 .1851016E+07   1000012E-01  .2979E+03  .9814E+03   .9999212  .0035073  .0120545
T 2914  1 .1840466E+07   1000017E-01 -.2844E+02  .7353E+02   .9999888  .0024868 -.0040375
T 2915  1 .1860124E+07   1000005E-01  .8924E+00  .9690E+02   .9999977  .0016664 -.0013709
T 2916  1 .1855817E+07   1000005E-01 -.7002E+02  .5825E+02   .9999747 -.0069519 -.0014953
T 2917  1 .1848205E+07   1000017E-01 -.1744E+03  .2968E+03   .9999328  .0015150  .0114894
T 2918  1 .1844567E+07   1000019E-01  .6290E+03 -.1712E+03   .9998257  .0176338 -.0061271
T 2919  1 .1831092E+07   1000011E-01 -.4113E+03  .2564E+03   .9998558 -.0130888  .0108217
T 2920  1 .1850932E+07   1000017E-01  .3527E+02  .1310E+03   .9999994  .0010519 -.0001268
T 2921  1 .1851219E+07   1000000E-01  .2241E+03 -.9415E+02   .9999934 -.0004039 -.0035999
T 2922  1 .1838671E+07   1000005E-01  .2375E+03  .2445E+03   .9998316  .0179311  .0039069
T 2923  1 .1846830E+07   1000013E-01 -.6152E+01  .6007E+02   .9999929  .0034222  .0015775
T 2924  1 .1837222E+07   1000019E-01  .5507E+03 -.6631E+03   .9998325  .0163626 -.0082048
T 2925  1 .1838495E+07   1000022E-01 -.2752E+03 -.4323E+03   .9997902 -.0197544 -.0054093
T 2926  1 .1836997E+07   1000016E-01 -.1700E+03 -.2221E+03   .9999853 -.0041263 -.0035038
T 2927  1 .1844816E+07   1000018E-01  .1246E+04  .2798E+04   .9992701  .0080535  .0373408
T 2928  1 .1835561E+07   1000014E-01 -.1889E+03  .1685E+03   .9999815 -.0057681  .0019080
T 2929  1 .1847135E+07   1000009E-01  .1058E+03 -.9438E+02   .9999719  .0036135 -.0065757
T 2930  1 .1867360E+07   1000023E-01  .2290E+02  .7999E+02   .9999899 -.0033736  .0029845
T 2931  1 .1843158E+07   1000021E-01 -.1782E+03  .4531E+03   .9999846 -.0052713  .0017263
T 2932  1 .1836337E+07   1000015E-01 -.2092E+02  .1250E+02   .9999893 -.0000410 -.0046267
T 2933  1 .1854537E+07   1000000E-01  .3866E+02 -.2442E+03   .9998864 -.0083555 -.0125410
T 2934  1 .1855381E+07   1000015E-01  .1807E+03  .6070E+03   .9999106 -.0032971  .0129580
T 2935  1 .1841177E+07   1000005E-01  .3913E+03 -.2710E+02   .9999224  .0122814  .0020688
T 2936  1 .1832685E+07   1000015E-01  .2713E+02  .2696E+03   .9999394  .0058384  .0093301
T 2937  1 .1835016E+07   1000015E-01 -.6060E+02 -.3704E+02   .9999849  .0037897 -.0039793
T 2938  1 .1848480E+07   1000009E-01  .8742E+02 -.5771E+03   .9999184 -.0041171 -.0120929
T 2939  1 .1838024E+07   1000003E-01 -.1762E+02 -.5777E+02   .9999944  .0009251 -.0032258
T 2940  1 .1848729E+07   1000006E-01 -.4908E+02  .2022E+03   .9998812 -.0153853  .0009705
T 2941  1 .1831270E+07   1000019E-01  .3887E+03  .2684E+03   .9999236  .0115050  .0045214
T 2942  1 .1833261E+07   1000019E-01  .2105E+04 -.3626E+04   .9987193  .0254707 -.0437140
T 2943  1 .1839719E+07   1000021E-01 -.1078E+02 -.4216E+03   .9998950 -.0113234 -.0090372
T 2944  1 .1837543E+07   1000012E-01 -.7059E+03 -.1221E+02   .9999072 -.0134669 -.0020490
T 2945  1 .1850972E+07   1000022E-01 -.3008E+03  .6050E+03   .9999469 -.0031156  .0098224
T 2946  1 .1851622E+07   1000010E-01 -.1574E+03  .4700E+03   .9999583 -.0022483  .0088566
T 2947  1 .1851119E+07   1000007E-01  .1375E+01  .2408E+03   .9999677 -.0020801  .0077695
T 2948  1 .1842659E+07   1000014E-01  .2001E+03  .1406E+03   .9999820 -.0018096  .0057292
T 2949  1 .1844067E+07   1000021E-01  .2614E+03  .4978E+03   .9998936  .0105170  .0101095
T 2950  1 .1845479E+07   1000005E-01  .5648E+03  .2469E+03   .9999312  .0116002 -.0017466
T 2951  1 .1848154E+07   1000016E-01 -.3099E+01 -.1301E+03   .9999751 -.0063167  .0031611
T 2952  1 .1841016E+07   1000007E-01  .1066E+03 -.1528E+03   .9999957  .0008843 -.0028029
T 2953  1 .1842796E+07   1000017E-01 -.1464E+03  .2339E+03   .9999655 -.0049853  .0066488
T 2954  1 .1855158E+07   1000008E-01 -.1772E+03  .6426E+03   .9999587 -.0047537  .0077408
T 2955  1 .1822738E+07   1000009E-01  .7345E+03  .2276E+03   .9997297  .0197881  .0122033
T 2956  1 .1835152E+07   1000021E-01 -.2207E+03 -.2516E+03   .9999731 -.0028285 -.0067738
T 2957  1 .1847236E+07   1000017E-01  .1395E+03 -.2092E+02   .9999937  .0017688 -.0030719
T 2958  1 .1844878E+07   1000011E-01  .1994E+03  .6613E+02   .9999842  .0054080  .0015424
T 2959  1 .1842963E+07   1000020E-01 -.2317E+03 -.3658E+03   .9999923  .0027888 -.0027669
T 2960  1 .1839814E+07   1000017E-01  .3579E+03  .7726E+02   .9999842  .0041523  .0037997
T 2961  1 .1838582E+07   1000007E-01  .5968E+03 -.4312E+03   .9999237  .0100458 -.0071874
T 2962  1 .1846711E+07   1000012E-01  .2169E+03  .3803E+03   .9999489  .0041977  .0091939
T 2963  1 .1845317E+07   1000003E-01 -.2301E+03 -.3499E+03   .9999187 -.0074869 -.0103180
T 2964  1 .1857230E+07   1000004E-01  .2042E+03  .2239E+03   .9999898  .0045217 -.0001039
T 2965  1 .1839249E+07   1000006E-01  .6093E+02  .5440E+03   .9999828 -.0016300  .0056301
T 2966  1 .1851683E+07   1000001E-01  .1305E+03  .7651E+01   .9999884  .0040403 -.0026205
T 2967  1 .1842649E+07   1000020E-01 -.2640E+03 -.1048E+04   .9998579 -.0020086 -.0167383
T 2968  1 .1853918E+07   1000015E-01 -.6371E+02 -.3681E+03   .9999543 -.0014358 -.0094470
T 2969  1 .1833521E+07   1000023E-01 -.1785E+02  .6215E+01   .9999976 -.0021602 -.0002200
T 2970  1 .1841085E+07   1000011E-01 -.2635E+03  .1523E+03   .9999512 -.0032288  .0093358
T 2971  1 .1841052E+07   1000022E-01  .3478E+03  .1701E+03   .9999897  .0041460  .0018346
T 2972  1 .1862522E+07   1000010E-01 -.4842E+03  .5341E+03   .9999072 -.0093247  .0099324
T 2973  1 .1851852E+07   1000007E-01 -.2174E+03 -.6079E+03   .9999434 -.0041793 -.0097852
T 2974  1 .1830801E+07   1000015E-01  .1182E+03  .1366E+03   .9999462  .0044511  .0093695
T 2975  1 .1846296E+07   1000011E-01 -.1422E+03 -.2691E+03   .9999305 -.0059284 -.0101887
T 2976  1 .1854266E+07   1000012E-01 -.5063E+02  .6037E+02   .9999704 -.0069019  .0033990
T 2977  1 .1839217E+07   1000023E-01  .1988E+03 -.8188E+02   .9998677  .0100153 -.0128204
T 2978  1 .1828063E+07   1000015E-01  .6891E+01 -.1078E+03   .9999999 -.0003680  .0002903
T 2979  1 .1851360E+07   1000018E-01 -.5197E+03  .1024E+02   .9999937 -.0031403  .0016663
T 2980  1 .1854265E+07   1000015E-01  .5127E+02 -.2012E+03   .9999717 -.0047982 -.0057918
T 2981  1 .1834999E+07   1000017E-01  .1672E+03 -.2734E+03   .9999482  .0063237 -.0079757
T 2982  1 .1837749E+07   1000001E-01  .1321E+03  .1022E+02   .9999989 -.0006916  .0013285
T 2983  1 .1834489E+07   1000020E-01  .1568E+03  .3894E+03   .9999938  .0005473  .0034689
T 2984  1 .1841143E+07   1000023E-01 -.2494E+03 -.1069E+03   .9999546 -.0079657 -.0052382
T 2985  1 .1847302E+07   1000020E-01  .4152E+02 -.4141E+03   .9999336  .0078450 -.0084405
T 2986  1 .1853724E+07   1000021E-01  .8275E+02  .1100E+03   .9999948  .0021010 -.0024518
T 2987  1 .1847401E+07   1000008E-01 -.3664E+03 -.3245E+01   .9999508 -.0098187 -.0014268
T 2988  1 .1851271E+07   1000022E-01  .3327E+04 -.1743E+04   .9989751  .0417471 -.0174908
T 2989  1 .1852956E+07   1000010E-01  .2760E+03  .3334E+02   .9999981  .0018121  .0007396
T 2990  1 .1854024E+07   1000004E-01  .7547E+02  .6069E+02   .9999917  .0040508 -.0005378
T 2991  1 .1831943E+07   1000004E-01  .1139E+03 -.3881E+03   .9998995  .0092227 -.0107664
T 2992  1 .1839990E+07   1000005E-01 -.5919E+02  .2639E+03   .9999634 -.0026160  .0081445
T 2993  1 .1840207E+07   1000014E-01 -.3579E+03 -.4214E+03   .9999751  .0005607 -.0070302
T 2994  1 .1850206E+07   1000008E-01 -.1793E+03 -.1276E+03   .9999812 -.0053066 -.0030768
T 2995  1 .1849444E+07   1000021E-01 -.1114E+03 -.2476E+02   .9999799 -.0058274  .0025018
T 2996  1 .1856118E+07   1000009E-01 -.1982E+03  .4575E+02   .9999784 -.0061474 -.0023153
T 2997  1 .1844658E+07   1000016E-01 -.1524E+03 -.1447E+03   .9999920 -.0024002 -.0032073
T 2998  1 .1836715E+07   1000021E-01 -.1983E+03 -.1488E+03   .9998939 -.0143325 -.0026073
T 2999  1 .1841664E+07   1000010E-01  .1649E+03  .1060E+02   .9999738  .0051645 -.0050627
T 3000  1 .1820864E+07   1000004E-01  .1005E+04 -.1133E+03   .9999061  .0137070 -.0000882
T 3001  1 .1860211E+07   1000018E-01 -.4628E+03  .1102E+03   .9999696 -.0077643  .0007239
T 3002  1 .1829414E+07   1000008E-01  .5512E+03  .8177E+02   .9999557  .0083989 -.0042475
T 3003  1 .1844868E+07   1000006E-01  .4087E+00  .2098E+03   .9999840 -.0027610  .0049436
T 3004  1 .1853304E+07   1000010E-01 -.2813E+03  .1223E+03   .9999892 -.0045194 -.0011194
T 3005  1 .1842337E+07   1000021E-01  .7421E+02  .4171E+02   .9998833  .0144012 -.0051042
T 3006  1 .1817977E+07   1000020E-01  .3555E+03  .2279E+03   .9999482  .0093087  .0041148
T 3007  1 .1854924E+07   1000022E-01 -.4426E+02  .1487E+03   .9999995  .0006058  .0008529
T 3008  1 .1843288E+07   1000002E-01 -.2302E+03  .4517E+03   .9999772 -.0018931  .0064780
T 3009  1 .1840664E+07   1000015E-01 -.2502E+03 -.2016E+03   .9999897 -.0045163  .0003430
T 3010  1 .1846029E+07   1000000E-01 -.1567E+03 -.1792E+03   .9999788 -.0013415 -.0063657
T 3011  1 .1828613E+07   1000005E-01 -.1380E+03 -.1225E+03   .9999943  .0017407  .0028983
T 3012  1 .1842077E+07   1000001E-01  .9131E+02 -.4550E+03   .9998252  .0096760 -.0159959
T 3013  1 .1842693E+07   1000011E-01  .6795E+03 -.1915E+03   .9998912  .0105083 -.0103490
T 3014  1 .1838249E+07   1000000E-01 -.1419E+03 -.1921E+04   .9992616  .0046570 -.0381389
T 3015  1 .1844227E+07   1000022E-01 -.1822E+03 -.3926E+03   .9999278 -.0050168 -.0109157
T 3016  1 .1838243E+07   1000008E-01 -.7171E+03  .4713E+03   .9999385 -.0107697 -.0026483
T 3017  1 .1862833E+07   1000012E-01 -.1696E+02 -.7112E+01   .9999888 -.0042498 -.0020630
T 3018  1 .1840416E+07   1000007E-01  .1438E+03 -.1589E+03   .9999699 -.0047832 -.0061075
T 3019  1 .1837039E+07   1000014E-01 -.1227E+03 -.5989E+02   .9999870 -.0044753  .0024375
T 3020  1 .1846358E+07   1000009E-01 -.4673E+03  .1739E+03   .9999509 -.0094732  .0029014
T 3021  1 .1838773E+07   1000017E-01  .4962E+03 -.1375E+03   .9999912  .0039640 -.0013510
T 3022  1 .1835121E+07   1000013E-01  .2934E+03  .4761E+03   .9999681  .0057040  .0056000
T 3023  1 .1838101E+07   1000006E-01  .9673E+02 -.4605E+03   .9999640  .0014390 -.0083600
T 3024  1 .1855428E+07   1000021E-01 -.2936E+03  .1613E+03   .9999756 -.0064759 -.0026150
T 3025  1 .1847205E+07   1000009E-01  .4857E+03 -.5742E+02   .9999705  .0066744 -.0038062
T 3026  1 .1841965E+07   1000021E-01 -.3479E+03 -.7246E+02   .9999853 -.0052816  .0012330
T 3027  1 .1850545E+07   1000003E-01 -.3364E+02 -.3449E+03   .9999298 -.0013660 -.0117687
T 3028  1 .1842813E+07   1000006E-01 -.5522E+03 -.3576E+03   .9997198 -.0224707 -.0074408
T 3029  1 .1849059E+07   1000009E-01 -.1490E+03 -.5136E+02   .9999969 -.0024813  .0000623
T 3030  1 .1847569E+07   1000008E-01 -.1511E+02  .1234E+02   .9999985  .0002686 -.0017393
T 3031  1 .1848590E+07   1000012E-01 -.1941E+03 -.3947E+02   .9999627 -.0006921 -.0086050
T 3032  1 .1863951E+07   1000013E-01  .1371E+04 -.1710E+03   .9997764  .0209642 -.0027649
T 3033  1 .1845602E+07   1000017E-01  .1698E+03 -.8589E+01   .9999880  .0025813  .0041553
T 3034  1 .1859778E+07   1000007E-01 -.3423E+01  .1320E+03   .9999751 -.0034979  .0061227
T 3035  1 .1848303E+07   1000012E-01 -.1738E+03 -.2077E+03   .9999538 -.0083630 -.0047377
T 3036  1 .1865844E+07   1000013E-01  .2282E+03 -.8224E+02   .9999886  .0005091 -.0047399
T 3037  1 .1844961E+07   1000014E-01  .9931E+02 -.8700E+02   .9999999 -.0000834 -.0001697
T 3038  1 .1844864E+07   1000022E-01  .6144E+03  .6979E+02   .9999445  .0095000  .0045499
T 3039  1 .1837886E+07   1000020E-01  .7699E+02  .5457E+02   .9999977  .0019998 -.0007174
T 3040  1 .1829951E+07   1000015E-01 -.1964E+03 -.2300E+03   .9999960 -.0026908 -.0008762
T 3041  1 .1846287E+07   1000013E-01  .3209E+03  .1101E+03   .9999913  .0025459 -.0032918
T 3042  1 .1828291E+07   1000020E-01  .4247E+03  .4912E+03   .9999100  .0129446  .0035336
T 3043  1 .1842409E+07   1000021E-01 -.9765E+02  .1329E+03   .9999595  .0088672  .0015478
T 3044  1 .1826272E+07   1000017E-01  .4025E+03  .8172E+02   .9999512  .0079464 -.0058647
T 3045  1 .1849270E+07   1000010E-01  .4487E+02 -.8924E+02   .9999883  .0027451 -.0039746
T 3046  1 .1838877E+07   1000012E-01 -.6669E+02 -.6659E+03   .9999760  .0054678  .0042484
T 3047  1 .1845328E+07   1000016E-01  .4140E+03  .2583E+03   .9991681  .0310290  .0264641
T 3048  1 .1847729E+07   1000013E-01 -.4670E+03 -.9783E+02   .9999805 -.0061621 -.0010298
T 3049  1 .1841187E+07   1000007E-01  .1279E+03  .2394E+01   .9999966  .0016220 -.0020243
T 3050  1 .1837698E+07   1000015E-01 -.5484E+03  .3934E+03   .9999357 -.0103067  .0047328
T 3051  1 .1841749E+07   1000007E-01  .2145E+02  .1126E+04   .9998333 -.0009819  .0182326
T 3052  1 .1838588E+07   1000002E-01  .7970E+04 -.9827E+04   .9618828  .1695635 -.2145453
T 3053  1 .1817171E+07   1000013E-01  .9484E+02  .1781E+02   .9999924  .0007783  .0038102
T 3054  1 .1841091E+07   1000013E-01  .2793E+02  .7937E+02   .9999782  .0049324  .0043957
T 3055  1 .1850791E+07   1000023E-01 -.4462E+03  .3033E+03   .9999659 -.0021043  .0079844
T 3056  1 .1835856E+07   1000014E-01 -.4578E+02  .1725E+03   .9998875 -.0061959  .0136576
T 3057  1 .1836739E+07   1000015E-01  .2572E+03 -.2200E+03   .9999835  .0055696 -.0014205
T 3058  1 .1840356E+07   1000016E-01 -.8271E+03 -.8059E+03   .9998508 -.0119473 -.0124720
T 3059  1 .1850937E+07   1000011E-01  .9953E+03  .4120E+03   .9997783  .0174338  .0118085
T 3060  1 .1837501E+07   1000021E-01 -.2318E+02 -.1534E+03   .9999881 -.0026174  .0041137
T 3061  1 .1837708E+07   1000018E-01  .1418E+03 -.5609E+03   .9997903  .0192441 -.0069973
T 3062  1 .1841465E+07   1000020E-01 -.4113E+03  .6870E+02   .9993206 -.0328269 -.0167561
T 3063  1 .1854500E+07   1000002E-01 -.3363E+03 -.8213E+03   .9997721 -.0120091 -.0176500
T 3064  1 .1851017E+07   1000003E-01 -.2947E+03 -.4857E+03   .9999483 -.0073065 -.0070737
T 3065  1 .1847073E+07   1000002E-01  .3097E+03  .6693E+02   .9999293  .0111337  .0041769
T 3066  1 .1827929E+07   1000006E-01 -.5504E+03 -.2947E+03   .9999106 -.0132828 -.0015487
T 3067  1 .1854909E+07   1000021E-01 -.3669E+03 -.2287E+03   .9999815 -.0059048 -.0014902
T 3068  1 .1826383E+07   1000009E-01 -.1099E+04  .4452E+02   .9998908 -.0143899 -.0033570
T 3069  1 .1843878E+07   1000023E-01  .7105E+03  .1738E+03   .9997874  .0166644  .0121446
T 3070  1 .1833132E+07   1000001E-01  .3497E+03 -.7216E+02   .9999723  .0074328 -.0004546
T 3071  1 .1847325E+07   1000018E-01  .4622E+01  .1739E+02   .9999519 -.0071065 -.0067569
T 3072  1 .1851927E+07   1000001E-01  .1799E+03  .3717E+03   .9999769  .0044527  .0051328
T 3073  1 .1851856E+07   1000016E-01 -.6049E+03  .3237E+03   .9999205 -.0109116  .0063124
T 3074  1 .1834282E+07   1000002E-01 -.9960E+02 -.4886E+03   .9998756 -.0045133 -.0151162
T 3075  1 .1844439E+07   1000019E-01 -.9366E+02 -.1371E+03   .9999684 -.0049719 -.0062070
T 3076  1 .1836769E+07   1000002E-01  .2336E+03  .1624E+03   .9999825  .0051718  .0028599
T 3077  1 .1850695E+07   1000016E-01  .5380E+03  .2328E+03   .9999713  .0074859  .0011847
T 3078  1 .1845432E+07   1000011E-01 -.7207E+02  .9095E+02   .9999514 -.0074822  .0064194
T 3079  1 .1850879E+07   1000007E-01  .4541E+02 -.4773E+03   .9999209  .0049553 -.0115636
T 3080  1 .1839750E+07   1000007E-01 -.5792E+03 -.2332E+03   .9999984 -.0016744 -.0006503
T 3081  1 .1854195E+07   1000022E-01 -.1579E+03 -.7005E+01   .9999697 -.0073206 -.0026357
T 3082  1 .1832069E+07   1000003E-01  .1038E+03  .2279E+03   .9999655  .0081679  .0014877
T 3083  1 .1827881E+07   1000008E-01 -.5218E+03  .1201E+03   .9999715 -.0075467 -.0002221
T 3084  1 .1839956E+07   1000022E-01  .4993E+03 -.6260E+02   .9999547  .0017650  .0093489
T 3085  1 .1850244E+07   1000003E-01  .1256E+04  .1222E+03   .9998317  .0180126 -.0034841
T 3086  1 .1838863E+07   1000009E-01  .2445E+03 -.9358E+02   .9999908  .0021257 -.0037191
T 3087  1 .1843210E+07   1000008E-01  .3148E+03 -.5457E+03   .9997627  .0181359 -.0120708
T 3088  1 .1834779E+07   1000003E-01 -.8112E+02  .2385E+02   .9999582 -.0090660  .0012015
T 3089  1 .1835440E+07   1000006E-01  .6847E+03  .1225E+03   .9999155  .0129568 -.0010921
T 3090  1 .1845076E+07   1000003E-01 -.1538E+03  .2554E+03   .9999705 -.0076574 -.0005811
T 3091  1 .1852150E+07   1000014E-01  .5616E+02  .9240E+02   .9999453  .0091593 -.0050587
T 3092  1 .1852550E+07   1000010E-01 -.6162E+02 -.4781E+02   .9999331 -.0114340 -.0017284
T 3093  1 .1856977E+07   1000014E-01  .1871E+03  .4489E+02   .9999911  .0042156  .0003347
T 3094  1 .1839555E+07   1000006E-01  .2860E+02 -.6232E+03   .9999640  .0002129 -.0084794
T 3095  1 .1854661E+07   1000000E-01  .4212E+02 -.4502E+03   .9997096  .0226255 -.0082986
T 3096  1 .1846995E+07   1000019E-01  .2781E+03  .9600E+02   .9999702  .0077192  .0000787
T 3097  1 .1853732E+07   1000014E-01 -.9573E+02  .4459E+03   .9998462 -.0010769  .0175046
T 3098  1 .1855146E+07   1000012E-01 -.9159E+02  .3755E+02   .9999992 -.0009423  .0008297
T 3099  1 .1861218E+07   1000006E-01  .3019E+03 -.5750E+03   .9998979  .0065696 -.0126887
T 3100  1 .1848087E+07   1000015E-01  .2007E+02  .6238E+02   .9999058 -.0070593  .0117677
T 3101  1 .1845664E+07   1000018E-01  .6300E+03 -.2394E+03   .9999939  .0027611 -.0021357
T 3102  1 .1816720E+07   1000000E-01 -.2274E+03  .3787E+03   .9999782  .0055644  .0035610
T 3103  1 .1847615E+07   1000018E-01  .5033E+03  .6423E+03   .9999619  .0055775  .0067117
T 3104  1 .1841325E+07   1000012E-01 -.1623E+03  .5997E+03   .9998156  .0002507  .0192008
T 3105  1 .1853921E+07   1000016E-01 -.3039E+03 -.1424E+03   .9999594 -.0082018 -.0037409
T 3106  1 .1844769E+07   1000021E-01  .7333E+03  .3342E+03   .9999086  .0083101  .0106623
T 3107  1 .1841812E+07   1000017E-01  .3862E+03  .2122E+03   .9998870  .0140624  .0053117
T 3108  1 .1866109E+07   1000001E-01  .1686E+04  .1222E+04   .9984766  .0319975  .0449517
T 3109  1 .1849777E+07   1000017E-01 -.8426E+01  .4081E+03   .9999208 -.0013738  .0125129
T 3110  1 .1860181E+07   1000018E-01 -.3326E+03 -.1637E+03   .9990757  .0425501 -.0060938
T 3111  1 .1865116E+07   1000006E-01  .6738E+02  .3649E+02   .9999875  .0039993 -.0029889
T 3112  1 .1841033E+07   1000022E-01  .6000E+03 -.1946E+03   .9999946  .0001776  .0032906
T 3113  1 .1856822E+07   1000009E-01  .1871E+03 -.2333E+03   .9999614  .0002295 -.0087873
T 3114  1 .1856699E+07   1000020E-01 -.2437E+03 -.5042E+03   .9999544 -.0050544 -.0081064
T 3115  1 .1853034E+07   1000010E-01  .2316E+02  .1443E+03   .9999360  .0006771  .0112920
T 3116  1 .1835205E+07   1000012E-01 -.3906E+02 -.6456E+03   .9997964 -.0031358 -.0199355
T 3117  1 .1845765E+07   1000013E-01 -.3489E+03  .3552E+03   .9999816 -.0044596 -.0041100
T 3118  1 .1865744E+07   1000013E-01 -.3855E+01  .1042E+03   .9999799  .0016564  .0061244
T 3119  1 .1857592E+07   1000007E-01  .2902E+02 -.2817E+03   .9999765 -.0067422  .0012291
T 3120  1 .1828896E+07   1000022E-01 -.2590E+02 -.2342E+03   .9999863 -.0034812 -.0039145
T 3121  1 .1868357E+07   1000018E-01 -.1151E+04  .1288E+03   .9998243 -.0162832  .0092875
T 3122  1 .1839721E+07   1000009E-01  .2944E+02 -.1178E+03   .9999679  .0024920  .0076173
T 3123  1 .1842880E+07   1000009E-01 -.6742E+02 -.6130E+02   .9999796 -.0016394 -.0061774
T 3124  1 .1847815E+07   1000000E-01 -.3986E+03  .3642E+02   .9999325 -.0060229  .0099342
T 3125  1 .1846157E+07   1000018E-01  .2033E+02  .5567E+02   .9999525 -.0038291  .0089679
T 3126  1 .1839259E+07   1000013E-01  .3582E+03 -.8641E+02   .9999869  .0050653 -.0007608
T 3127  1 .1852507E+07   1000022E-01  .2759E+03 -.1271E+03   .9999954  .0003986 -.0029963
T 3128  1 .1837460E+07   1000001E-01 -.1710E+03  .4208E+03   .9999819  .0055048 -.0024135
T 3129  1 .1822726E+07   1000009E-01 -.4787E+02 -.2642E+03   .9999225  .0064613 -.0106447
T 3130  1 .1851841E+07   1000015E-01 -.2169E+03 -.4104E+02   .9999757 -.0059168  .0036752
T 3131  1 .1852532E+07   1000000E-01 -.1968E+02  .6985E+02   .9999766  .0002692  .0068299
T 3132  1 .1837704E+07   1000009E-01  .3957E+03  .7046E+03   .9999534 -.0011919  .0095811
T 3133  1 .1857296E+07   1000017E-01  .5823E+02  .3638E+03   .9998863  .0025444  .0148652
T 3134  1 .1833513E+07   1000016E-01 -.4570E+04  .3297E+04   .9960155 -.0704655  .0546609
T 3135  1 .1846212E+07   1000012E-01  .1472E+03  .2044E+03   .9999982  .0019071 -.0002472
T 3136  1 .1833406E+07   1000013E-01  .1083E+04  .8010E+02   .9999008  .0139426 -.0019765
T 3137  1 .1830942E+07   1000004E-01 -.1603E+03  .1187E+03   .9999830 -.0008862 -.0057628
T 3138  1 .1842089E+07   1000015E-01 -.2861E+03 -.1887E+03   .9999673 -.0075678 -.0028644
T 3139  1 .1840209E+07   1000020E-01  .1395E+03 -.5194E+02   .9999799  .0013778 -.0061886
T 3140  1 .1854383E+07   1000020E-01  .7398E+02 -.3176E+01   .9999990  .0013786  .0001058
T 3141  1 .1841436E+07   1000013E-01  .2070E+03  .2220E+03   .9999816  .0015138  .0058735
T 3142  1 .1847722E+07   1000017E-01  .3594E+03 -.1007E+03   .9999439  .0061314 -.0086319
T 3143  1 .1841769E+07   1000015E-01 -.4062E+03 -.1029E+03   .9999651 -.0083305  .0007007
T 3144  1 .1837928E+07   1000014E-01 -.9953E+02 -.6328E+02   .9998635 -.0077620 -.0145863
T 3145  1 .1841398E+07   1000021E-01 -.1832E+03  .4304E+03   .9999933 -.0008444  .0035721
T 3146  1 .1864014E+07   1000022E-01  .5779E+03  .2075E+03   .9999686  .0077255 -.0017374
T 3147  1 .1852621E+07   1000005E-01  .2062E+03  .5755E+03   .9999576  .0004715  .0091916
T 3148  1 .1846036E+07   1000020E-01 -.4626E+03 -.2558E+03   .9998795 -.0092854 -.0124399
T 3149  1 .1837507E+07   1000001E-01 -.2308E+03  .5662E+02   .9998544 -.0022881 -.0169077
T 3150  1 .1851535E+07   1000001E-01  .4643E+03  .3273E+03   .9998370  .0158621  .0086239
T 3151  1 .1850869E+07   1000011E-01  .1154E+03  .2894E+03   .9999894 -.0006642  .0045479
T 3152  1 .1833240E+07   1000006E-01 -.1217E+04 -.5435E+03   .9997419 -.0200715 -.0106446
T 3153  1 .1841846E+07   1000004E-01  .1715E+03  .3250E+03   .9999826 -.0008383  .0058320
T 3154  1 .1836666E+07   1000018E-01 -.9030E+02 -.3560E+03   .9999799 -.0061220 -.0016232
T 3155  1 .1843863E+07   1000017E-01 -.5866E+03 -.4091E+03   .9999173 -.0088875 -.0092989
T 3156  1 .1861298E+07   1000001E-01  .2961E+02  .6482E+02   .9999983  .0018607 -.0001586
T 3157  1 .1853280E+07   1000016E-01 -.9080E+02 -.4362E+02   .9999997 -.0000760 -.0008063
T 3158  1 .1851553E+07   1000020E-01  .2807E+03  .6823E+02   .9999553  .0059848  .0073254
T 3159  1 .1853081E+07   1000014E-01  .3549E+03 -.6360E+02   .9998530  .0152572 -.0078255
T 3160  1 .1825377E+07   1000014E-01  .3055E+03 -.5347E+03   .9999086  .0100204 -.0090713
T 3161  1 .1848168E+07   1000005E-01  .8835E+03 -.2513E+03   .9996990  .0245152 -.0009532
T 3162  1 .1835115E+07   1000007E-01  .5537E+03  .3300E+03   .9999300  .0071037  .0094652
T 3163  1 .1848864E+07   1000014E-01  .4337E+00 -.3640E+03   .9999345  .0111118  .0027515
T 3164  1 .1832874E+07   1000006E-01 -.8806E+03 -.3233E+03   .9969592 -.0741212 -.0240500
T 3165  1 .1843416E+07   1000013E-01  .1891E+04 -.1330E+04   .9986406  .0400963 -.0333040
T 3166  1 .1860527E+07   1000012E-01 -.7011E+03 -.1304E+03   .9996827 -.0251660  .0010991
T 3167  1 .1843238E+07   1000018E-01 -.4834E+03  .1942E+03   .9999953 -.0028186  .0011827
T 3168  1 .1848570E+07   1000019E-01  .2657E+03 -.7937E+03   .9999194  .0039970 -.0120474
T 3169  1 .1838986E+07   1000012E-01 -.1932E+03 -.1719E+03   .9999675 -.0075703 -.0027717
T 3170  1 .1848943E+07   1000003E-01  .1830E+02 -.2192E+02   .9999931 -.0025186 -.0027149
T 3171  1 .1852674E+07   1000014E-01 -.2350E+02  .6622E+02   .9999981 -.0018429  .0006837
T 3172  1 .1840366E+07   1000009E-01 -.5549E+02  .7450E+02   .9999996 -.0008357  .0000590
T 3173  1 .1849427E+07   1000007E-01  .5510E+03  .7985E+03   .9993747  .0315621  .0159377
T 3174  1 .1841323E+07   1000008E-01  .4408E+03  .1526E+03   .9998755  .0131462  .0087243
T 3175  1 .1838635E+07   1000000E-01 -.5557E+02 -.6756E+02   .9999918  .0040452 -.0001260
T 3176  1 .1833500E+07   1000021E-01 -.2446E+03  .4326E+03   .9999438  .0004874  .0105937
T 3177  1 .1843627E+07   1000021E-01  .3022E+03 -.4505E+03   .9999690  .0073969 -.0027111
T 3178  1 .1842744E+07   1000022E-01  .3099E+03 -.2961E+03   .9999077  .0055111 -.0124172
T 3179  1 .1842104E+07   1000014E-01  .4140E+03 -.4521E+03   .9999593  .0048630 -.0076028
T 3180  1 .1863224E+07   1000016E-01  .1925E+03  .5821E+02   .9999725  .0030985  .0067441
T 3181  1 .1864970E+07   1000003E-01 -.3763E+03  .2061E+03   .9999861 -.0037398  .0037192
T 3182  1 .1827343E+07   1000008E-01  .7064E+03 -.5812E+03   .9998649  .0084499 -.0140962
T 3183  1 .1842219E+07   1000009E-01  .5048E+03  .1468E+03   .9999539  .0095880  .0004957
T 3184  1 .1848056E+07   1000010E-01 -.1383E+03  .4437E+03   .9999728  .0021993  .0070452
T 3185  1 .1860213E+07   1000013E-01  .1020E+03  .1096E+03   .9999950  .0026129 -.0017573
T 3186  1 .1860564E+07   1000017E-01 -.9736E+02  .1073E+03   .9999803 -.0017573  .0060296
T 3187  1 .1834295E+07   1000020E-01  .1129E+03 -.3121E+03   .9999589  .0041273 -.0080700
T 3188  1 .1862234E+07   1000021E-01  .1099E+04 -.2234E+03   .9998539  .0152131 -.0077932
T 3189  1 .1855879E+07   1000015E-01 -.4387E+03  .5476E+03   .9999874 -.0037461  .0033522
T 3190  1 .1828391E+07   1000021E-01 -.2665E+03  .1654E+03   .9999715 -.0066551 -.0035753
T 3191  1 .1844012E+07   1000018E-01  .3062E+03  .4463E+03   .9999782  .0038450  .0053705
T 3192  1 .1845586E+07   1000009E-01  .4024E+03  .5403E+03   .9999075  .0106583  .0084491
T 3193  1 .1841041E+07   1000014E-01 -.5966E+03 -.9419E+03   .9999511 -.0023969 -.0095914
T 3194  1 .1847095E+07   1000003E-01  .2279E+02  .5006E+03   .9999796  .0012234  .0062618
T 3195  1 .1845740E+07   1000011E-01  .7656E+03  .9849E+03   .9993569  .0097826  .0344971
T 3196  1 .1841796E+07   1000014E-01  .3162E+03 -.4893E+03   .9998354  .0120025 -.0136061
T 3197  1 .1831197E+07   1000017E-01 -.2571E+03  .3164E+02   .9985804 -.0452910 -.0280324
T 3198  1 .1854652E+07   1000021E-01  .6929E+02  .4346E+03   .9998857  .0027477  .0148686
T 3199  1 .1839676E+07   1000003E-01 -.1248E+03 -.4083E+02   .9999861  .0027371 -.0045094
T 3200  1 .1831624E+07   1000001E-01 -.4202E+03 -.1090E+03   .9999688 -.0073030 -.0029960
T 3201  1 .1844762E+07   1000006E-01  .1654E+03 -.2471E+03   .9999818 -.0013542  .0058776
T 3202  1 .1856886E+07   1000008E-01  .3802E+03 -.1111E+03   .9999911  .0030712 -.0028898
T 3203  1 .1836730E+07   1000003E-01 -.6667E+02  .3177E+02   .9999810 -.0056351 -.0025187
T 3204  1 .1853089E+07   1000017E-01 -.1623E+03 -.2883E+02   .9999599 -.0086532 -.0023207
T 3205  1 .1846373E+07   1000002E-01  .7061E+02 -.1484E+03   .9999921  .0014566 -.0036910
T 3206  1 .1832700E+07   1000012E-01  .1062E+03 -.5866E+02   .9998950  .0031672 -.0141377
T 3207  1 .1831931E+07   1000015E-01 -.4937E+03 -.7131E+02   .9999824 -.0055542  .0020923
T 3208  1 .1825661E+07   1000002E-01 -.9236E+03  .3106E+03   .9998658 -.0154569  .0054342
T 3209  1 .1846877E+07   1000018E-01  .5486E+03 -.1670E+03   .9999248  .0116223 -.0039258
T 3210  1 .1831785E+07   1000018E-01 -.2675E+03  .1118E+03   .9999998  .0006701  .0001686
T 3211  1 .1821255E+07   1000021E-01  .1940E+03  .3092E+03   .9999529 -.0000915  .0097038
T 3212  1 .1839894E+07   1000009E-01 -.1500E+03  .2723E+03   .9999974  .0006403 -.0021781
T 3213  1 .1844751E+07   1000013E-01 -.1782E+03  .2722E+02   .9999950 -.0031325  .0003415
T 3214  1 .1850942E+07   1000019E-01  .2136E+03 -.3084E+03   .9999917  .0002291 -.0040691
T 3215  1 .1842771E+07   1000018E-01  .1846E+03 -.3158E+03   .9999891  .0028119 -.0037374
T 3216  1 .1838615E+07   1000009E-01  .1855E+03 -.6699E+03   .9999104  .0009976 -.0133475
T 3217  1 .1826477E+07   1000022E-01  .7775E+02  .2735E+03   .9999541  .0091419  .0028801
T 3218  1 .1836166E+07   1000001E-01 -.3208E+02 -.3380E+03   .9999827 -.0058776  .0003041
T 3219  1 .1836491E+07   1000007E-01  .8006E+03 -.9336E+02   .9999058  .0137279 -.0000161
T 3220  1 .1831938E+07   1000009E-01 -.1596E+03  .5512E+03   .9999235  .0019235  .0122155
T 3221  1 .1836240E+07   1000012E-01  .5507E+03 -.4689E+03   .9999410  .0087800 -.0063987
T 3222  1 .1864882E+07   1000003E-01 -.9031E+03  .6641E+03   .9999007 -.0117099  .0078466
T 3223  1 .1845858E+07   1000002E-01 -.1359E+03  .2423E+03   .9999892 -.0035248  .0030402
T 3224  1 .1860869E+07   1000022E-01  .9822E+03  .6344E+03   .9996926  .0182193  .0168169
T 3225  1 .1820521E+07   1000022E-01  .2136E+03 -.1752E+02   .9999999  .0001775 -.0002753
T 3226  1 .1864597E+07   1000013E-01 -.1677E+03  .3115E+03   .9998983 -.0121007  .0075439
T 3227  1 .1840079E+07   1000001E-01 -.2183E+03  .4306E+03   .9999653 -.0042328  .0071807
T 3228  1 .1858377E+07   1000022E-01 -.3647E+03  .4280E+03   .9999276 -.0084709  .0085445
T 3229  1 .1842073E+07   1000018E-01 -.3843E+03 -.6397E+02   .9999442 -.0090443 -.0054675
T 3230  1 .1839746E+07   1000012E-01  .6371E+03  .8360E+03   .9996819 -.0063767  .0244027
T 3231  1 .1841563E+07   1000018E-01  .3082E+03 -.6965E+02   .9999703  .0032218 -.0070045
T 3232  1 .1840030E+07   1000005E-01 -.8955E+03 -.4115E+03   .9998532 -.0159670 -.0062156
T 3233  1 .1841349E+07   1000011E-01 -.7317E+03 -.2702E+03   .9997655 -.0184983 -.0112624
T 3234  1 .1836837E+07   1000021E-01 -.1051E+03  .9872E+01   .9999442 -.0105522 -.0004513
T 3235  1 .1845696E+07   1000022E-01 -.3046E+02 -.2146E+02   .9999659  .0010034 -.0081932
T 3236  1 .1829564E+07   1000005E-01  .9620E+01 -.2070E+02   .9999947 -.0000910 -.0032500
T 3237  1 .1840568E+07   1000014E-01  .7340E+01  .8591E+02   .9999745 -.0071307 -.0003303
T 3238  1 .1852699E+07   1000017E-01 -.1994E+03  .2763E+03   .9999844 -.0033106  .0044924
T 3239  1 .1831628E+07   1000000E-01 -.1321E+03 -.3315E+03   .9998205 -.0092582 -.0165297
T 3240  1 .1846509E+07   1000006E-01  .1318E+03 -.1278E+03   .9999289  .0026499 -.0116256
T 3241  1 .1863572E+07   1000004E-01  .2219E+03  .3900E+03   .9999931  .0031048  .0020481
T 3242  1 .1856622E+07   1000010E-01  .2090E+03 -.5586E+03   .9999871 -.0001018 -.0050840
T 3243  1 .1848161E+07   1000020E-01 -.1114E+03 -.6635E+01   .9999959 -.0011595 -.0026183
T 3244  1 .1838730E+07   1000022E-01 -.2496E+03 -.1270E+02   .9999910 -.0039392 -.0015600
T 3245  1 .1847224E+07   1000010E-01 -.1071E+03  .7827E+03   .9998408  .0081663  .0158661
T 3246  1 .1847309E+07   1000009E-01 -.7293E+02  .9770E+02   .9999813 -.0060976 -.0005534
T 3247  1 .1843566E+07   1000019E-01 -.4872E+03 -.1024E+03   .9999790 -.0058054 -.0028841
T 3248  1 .1837967E+07   1000008E-01 -.2902E+03 -.5920E+03   .9999346 -.0029264 -.0110569
T 3249  1 .1826916E+07   1000022E-01  .1388E+03  .1988E+03   .9999783  .0032618  .0057195
T 3250  1 .1839175E+07   1000009E-01 -.4172E+03  .1307E+03   .9999724 -.0069142 -.0027045
T 3251  1 .1842277E+07   1000022E-01  .1970E+03  .2612E+03   .9996298  .0270885  .0025298
T 3252  1 .1853743E+07   1000006E-01 -.1988E+03  .6236E+03   .9995584 -.0080955  .0285931
T 3253  1 .1830345E+07   1000021E-01 -.2522E+03  .4523E+03   .9999723 -.0003885  .0074298
T 3254  1 .1846909E+07   1000018E-01 -.7359E+02  .5283E+03   .9999655 -.0010722  .0082377
T 3255  1 .1841468E+07   1000015E-01 -.1277E+02 -.3939E+03   .9998362  .0141279 -.0113128
T 3256  1 .1833304E+07   1000022E-01  .5303E+02 -.1271E+03   .9999401  .0067758 -.0085970
T 3257  1 .1856231E+07   1000001E-01 -.3227E+02  .1251E+03   .9999671  .0002855  .0081010
T 3258  1 .1839627E+07   1000019E-01  .4995E+03 -.1556E+03   .9999154  .0130023 -.0004212
T 3259  1 .1851381E+07   1000002E-01 -.1751E+03 -.4346E+01   .9999710 -.0071942  .0025184
T 3260  1 .1835888E+07   1000010E-01  .1063E+01 -.4665E+02   .9999807  .0038300 -.0048826
T 3261  1 .1840835E+07   1000013E-01  .1796E+03 -.3592E+03   .9999550  .0042971 -.0084592
T 3262  1 .1848546E+07   1000005E-01 -.7643E+04  .1035E+05   .9862858 -.1045352  .1277214
T 3263  1 .1834913E+07   1000020E-01  .3225E+03 -.2632E+03   .9999971  .0002913  .0024016
T 3264  1 .1859886E+07   1000021E-01 -.4974E+02 -.2979E+02   .9999570  .0054418 -.0075059
T 3265  1 .1836377E+07   1000002E-01  .2550E+03  .1278E+03   .9998560  .0041543  .0164528
T 3266  1 .1850976E+07   1000006E-01  .1785E+02 -.2658E+03   .9999953  .0012015 -.0028061
T 3267  1 .1849666E+07   1000007E-01 -.2580E+03  .8820E+02   .9999482 -.0096574  .0032292
T 3268  1 .1858871E+07   1000009E-01  .3869E+03 -.2784E+03   .9999377 -.0092310 -.0062689
T 3269  1 .1856542E+07   1000018E-01  .5002E+03 -.6435E+03   .9997940  .0121517 -.0162566
T 3270  1 .1844240E+07   1000012E-01 -.1025E+03 -.4174E+03   .9999510 -.0064698 -.0074879
T 3271  1 .1857250E+07   1000021E-01  .1909E+03  .8400E+02   .9999048  .0137853 -.0006480
T 3272  1 .1838779E+07   1000022E-01  .2471E+02  .1857E+03   .9999906  .0029705 -.0031520
T 3273  1 .1846198E+07   1000017E-01 -.2338E+03  .1809E+03   .9999350 -.0083032  .0078123
T 3274  1 .1838355E+07   1000008E-01  .9825E+02  .1946E+01   .9999733  .0032701 -.0065328
T 3275  1 .1851456E+07   1000016E-01  .1065E+03 -.1785E+03   .9999892 -.0020791 -.0041596
T 3276  1 .1835474E+07   1000021E-01  .4860E+03 -.9148E+03   .9997329  .0122970 -.0195657
T 3277  1 .1847096E+07   1000010E-01  .5126E+02  .3379E+02   .9999497 -.0099230 -.0014531
T 3278  1 .1840365E+07   1000022E-01 -.5214E+03 -.1409E+03   .9994284 -.0331426  .0066711
T 3279  1 .1858074E+07   1000001E-01  .5341E+02  .2081E+03   .9999728  .0014349  .0072386
T 3280  1 .1829110E+07   1000022E-01  .2508E+03  .1858E+03   .9999688  .0078836 -.0005752
T 3281  1 .1839361E+07   1000021E-01 -.2154E+03 -.3674E+03   .9999940  .0017815 -.0029721
T 3282  1 .1847684E+07   1000013E-01 -.5199E+03  .4599E+03   .9996773 -.0189404  .0169255
T 3283  1 .1841812E+07   1000020E-01 -.1485E+02 -.3750E+02   .9999724  .0016564 -.0072395
T 3284  1 .1863311E+07   1000016E-01 -.1902E+03  .2241E+03   .9999651 -.0060966  .0057205
T 3285  1 .1846465E+07   1000001E-01 -.6910E+03  .1398E+03   .9998813 -.0147905  .0043065
T 3286  1 .1856314E+07   1000022E-01 -.4788E+01 -.2713E+03   .9999385 -.0038499 -.0103979
T 3287  1 .1832110E+07   1000020E-01 -.3836E+03  .4748E+03   .9999631 -.0061206  .0060267
T 3288  1 .1860432E+07   1000019E-01 -.2911E+03  .1272E+03   .9999347 -.0058403  .0098206
T 3289  1 .1859014E+07   1000022E-01 -.1700E+03 -.8087E+02   .9999723 -.0049173 -.0055817
T 3290  1 .1838436E+07   1000016E-01  .1877E+03 -.5398E+02   .9999794  .0027656 -.0057987
T 3291  1 .1834155E+07   1000003E-01  .4142E+02 -.3539E+03   .9999883  .0040873 -.0025943
T 3292  1 .1858732E+07   1000011E-01 -.3049E+03 -.2766E+03   .9999900 -.0031921  .0031246
T 3293  1 .1841297E+07   1000005E-01  .2428E+03  .4014E+03   .9998943  .0086993  .0116499
T 3294  1 .1835648E+07   1000013E-01  .6917E+02 -.1203E+03   .9999434  .0044738 -.0096509
T 3295  1 .1843035E+07   1000002E-01 -.5431E+03 -.1364E+03   .9999842 -.0043314 -.0035702
T 3296  1 .1832134E+07   1000004E-01  .1831E+03 -.2588E+03   .9999941  .0032934 -.0009742
T 3297  1 .1852514E+07   1000010E-01 -.4259E+03 -.3183E+02   .9998305 -.0175624 -.0055281
T 3298  1 .1823333E+07   1000017E-01 -.5957E+02 -.6655E+03   .9999552 -.0001148 -.0094668
T 3299  1 .1847988E+07   1000001E-01  .2744E+03  .3560E+03   .9999192  .0104749  .0072076
T 3300  1 .1832086E+07   1000018E-01 -.1198E+04 -.1201E+04   .9995424 -.0183618 -.0240380
T 3301  1 .1841299E+07   1000009E-01  .1413E+02  .6137E+02   .9999911 -.0009759 -.0041053
T 3302  1 .1841586E+07   1000019E-01 -.1171E+03 -.4364E+03   .9999578 -.0062050 -.0067776
T 3303  1 .1868904E+07   1000001E-01  .5118E+02 -.6979E+02   .9998879  .0066414 -.0134201
T 3304  1 .1847953E+07   1000006E-01 -.9584E+03 -.5807E+03   .9997786 -.0184179 -.0101741
T 3305  1 .1857133E+07   1000020E-01  .7706E+02  .2746E+03   .9999182  .0127021  .0014896
T 3306  1 .1849288E+07   1000003E-01 -.1032E+03  .3376E+02   .9999098 -.0111174  .0075356
T 3307  1 .1845374E+07   1000016E-01 -.2116E+03  .3620E+02   .9999893 -.0046128 -.0001779
T 3308  1 .1853865E+07   1000003E-01  .1972E+03 -.3314E+03   .9999713  .0055011 -.0052160
T 3309  1 .1862891E+07   1000006E-01 -.3190E+03  .2835E+01   .9999513 -.0094102  .0029898
T 3310  1 .1825530E+07   1000018E-01  .4180E+02  .5625E+01   .9999887  .0004513  .0047282
T 3311  1 .1856562E+07   1000015E-01  .8430E+02 -.3411E+03   .9999561  .0056533 -.0074672
T 3312  1 .1827225E+07   1000020E-01 -.6167E+02  .1652E+03   .9999674 -.0044681  .0067282
T 3313  1 .1847066E+07   1000002E-01  .1175E+03  .1193E+01   .9999954  .0029907 -.0004842
T 3314  1 .1834437E+07   1000022E-01 -.6911E+03  .2853E+03   .9998571 -.0162284  .0047262
T 3315  1 .1840650E+07   1000012E-01 -.9999E+02  .5982E+02   .9999994 -.0005411 -.0009446
T 3316  1 .1845144E+07   1000022E-01 -.4219E+03  .3681E+03   .9999589 -.0060372  .0067648
T 3317  1 .1855761E+07   1000017E-01  .2637E+03 -.7491E+03   .9999008  .0009342 -.0140534
T 3318  1 .1855110E+07   1000002E-01  .6416E+01 -.5055E+03   .9999145 -.0027314 -.0127881
T 3319  1 .1835680E+07   1000013E-01  .1571E+03 -.8428E+02   .9999983  .0013949 -.0011821
T 3320  1 .1844015E+07   1000017E-01 -.6418E+02  .1538E+03   .9999732  .0071085  .0017419
T 3321  1 .1837052E+07   1000019E-01  .1832E+03  .3153E+02   .9999897  .0020927 -.0040217
T 3322  1 .1829938E+07   1000004E-01  .1045E+04  .3543E+03   .9998562  .0157065  .0063971
T 3323  1 .1842373E+07   1000020E-01 -.3263E+03 -.3675E+03   .9828656 -.1319241 -.1287291
T 3324  1 .1833807E+07   1000018E-01 -.2502E+03  .8371E+02   .9999970 -.0020824  .0012714
T 3325  1 .1839282E+07   1000019E-01 -.1953E+03 -.8394E+03   .9998979 -.0011515 -.0142449
T 3326  1 .1843443E+07   1000022E-01  .8645E+02 -.2084E+03   .9999898  .0025900 -.0036996
T 3327  1 .1838518E+07   1000014E-01 -.2227E+04 -.6478E+03   .9969612 -.0753496 -.0197666
T 3328  1 .1844091E+07   1000018E-01  .2077E+03 -.2902E+03   .9999351  .0105857 -.0042218
T 3329  1 .1828944E+07   1000020E-01 -.3253E+03  .1651E+03   .9999905 -.0039856 -.0017648
T 3330  1 .1834549E+07   1000010E-01  .1762E+03 -.2628E+03   .9999981 -.0003382 -.0019214
T 3331  1 .1853385E+07   1000001E-01  .6870E+02  .2399E+03   .9999899 -.0002283  .0044883
T 3332  1 .1842938E+07   1000001E-01  .7905E+02 -.3094E+03   .9999952 -.0013238 -.0028007
T 3333  1 .1853235E+07   1000019E-01 -.2265E+03 -.4358E+03   .9999698 -.0040328 -.0066394
T 3334  1 .1840477E+07   1000008E-01 -.1230E+03  .5436E+03   .9999570 -.0031091  .0087342
T 3335  1 .1844507E+07   1000021E-01  .5252E+03  .3721E+02   .9996257  .0273236  .0013543
T 3336  1 .1828800E+07   1000012E-01 -.2257E+03 -.1527E+02   .9998931 -.0099638  .0107029
T 3337  1 .1851005E+07   1000007E-01 -.7857E+02 -.3963E+02   .9999937 -.0011458 -.0033500
T 3338  1 .1855024E+07   1000017E-01 -.9768E+03  .4830E+03   .9997957 -.0200017  .0029168
T 3339  1 .1837689E+07   1000010E-01  .7182E+03 -.2710E+03   .9998477  .0148700 -.0091357
T 3340  1 .1842243E+07   1000001E-01  .3246E+03 -.1753E+03   .9998312  .0143395 -.0114827
T 3341  1 .1851156E+07   1000007E-01  .9735E+02 -.1896E+03   .9999119  .0128018 -.0035119
T 3342  1 .1845721E+07   1000001E-01 -.3165E+03 -.1765E+03   .9999954  .0010039  .0028450
T 3343  1 .1850321E+07   1000012E-01 -.1829E+03  .3167E+03   .9999107 -.0095175  .0093826
T 3344  1 .1843918E+07   1000000E-01 -.1333E+03  .9452E+03   .9998497  .0014061  .0172793
T 3345  1 .1858950E+07   1000005E-01 -.1105E+02  .3111E+03   .9999933  .0033273 -.0015344
T 3346  1 .1849017E+07   1000020E-01  .4720E+03  .2277E+03   .9999268  .0112877  .0043551
T 3347  1 .1827747E+07   1000002E-01  .1570E+03 -.1767E+03   .9999781  .0063772 -.0017737
T 3348  1 .1845896E+07   1000021E-01  .4275E+03 -.2239E+03   .9996432  .0266951 -.0009041
T 3349  1 .1855845E+07   1000002E-01 -.2857E+03 -.4760E+03   .9998914 -.0144586 -.0028533
T 3350  1 .1849654E+07   1000010E-01 -.7295E+02  .1028E+03   .9999941 -.0022070  .0026385
T 3351  1 .1859921E+07   1000017E-01 -.2877E+03 -.4415E+03   .9999400 -.0062616 -.0089870
T 3352  1 .1842051E+07   1000004E-01 -.8538E+03  .1756E+03   .9999453 -.0099799  .0031346
T 3353  1 .1856319E+07   1000022E-01  .2702E+03  .1718E+03   .9999922 -.0013837 -.0036885
T 3354  1 .1847601E+07   1000018E-01 -.1579E+03  .3835E+02   .9999815 -.0034484  .0050022
T 3355  1 .1838775E+07   1000000E-01  .1067E+03 -.2028E+03   .9999742  .0066014 -.0028339
T 3356  1 .1866186E+07   1000017E-01 -.1771E+03 -.1211E+03   .9999882  .0033722 -.0035078
T 3357  1 .1843091E+07   1000009E-01  .7409E+02  .1581E+03   .9999730 -.0009951  .0072781
T 3358  1 .1864593E+07   1000003E-01 -.2061E+03 -.5391E+02   .9999801 -.0062924  .0004406
T 3359  1 .1856005E+07   1000008E-01  .1357E+04  .2799E+03   .9996673  .0217547  .0138564
T 3360  1 .1856547E+07   1000018E-01 -.2223E+03  .8759E+03   .9998378 -.0096732  .0151913
T 3361  1 .1836331E+07   1000021E-01  .2972E+03 -.2205E+03   .9999752  .0064062 -.0029390
T 3362  1 .1852994E+07   1000019E-01 -.1053E+02  .5773E+01   .9999845 -.0048419 -.0027450
T 3363  1 .1837361E+07   1000022E-01 -.6472E+02 -.1609E+01   .9999996  .0005939  .0007155
T 3364  1 .1840086E+07   1000003E-01  .1398E+02  .5068E+01   .9999996 -.0007308  .0004406
T 3365  1 .1839995E+07   1000015E-01  .1087E+04  .1197E+03   .9999126  .0132154  .0003643
T 3366  1 .1840468E+07   1000008E-01  .4400E+03  .5286E+01   .9999694  .0068064  .0038531
T 3367  1 .1840317E+07   1000003E-01  .9324E+02  .3759E+03   .9999472  .0074451  .0070857
T 3368  1 .1838528E+07   1000008E-01 -.6270E+03 -.3761E+03   .9998897 -.0124535 -.0080930
T 3369  1 .1857250E+07   1000015E-01  .3408E+03  .1095E+04   .9999319  .0107402  .0045696
T 3370  1 .1857232E+07   1000011E-01 -.4469E+03 -.8728E+02   .9999828 -.0057250 -.0012488
T 3371  1 .1857118E+07   1000019E-01  .7904E+02  .2579E+03   .9999912 -.0010328  .0040757
T 3372  1 .1847400E+07   1000009E-01  .1700E+03 -.2786E+02   .9997506  .0212904 -.0067449
T 3373  1 .1842229E+07   1000004E-01 -.1731E+03  .1768E+03   .9999761  .0016526  .0067111
T 3374  1 .1845911E+07   1000021E-01 -.3282E+02 -.2460E+03   .9999970  .0008346 -.0023053
T 3375  1 .1851199E+07   1000006E-01  .1580E+03 -.1439E+03   .9998662  .0147221 -.0071276
T 3376  1 .1856752E+07   1000017E-01  .3126E+03 -.1698E+03   .9999592  .0077332 -.0046676
T 3377  1 .1839287E+07   1000015E-01 -.2127E+03 -.2211E+02   .9999795 -.0040885  .0049285
T 3378  1 .1826000E+07   1000007E-01 -.7655E+03  .8162E+03   .9994786 -.0307155  .0099536
T 3379  1 .1852268E+07   1000012E-01 -.3158E+03  .2319E+02   .9999346 -.0049734  .0103017
T 3380  1 .1849294E+07   1000010E-01 -.2572E+02  .3871E+03   .9999338 -.0023279  .0112710
T 3381  1 .1824505E+07   1000022E-01  .2693E+03  .3267E+03   .9999509 -.0007415  .0098798
T 3382  1 .1840935E+07   1000018E-01 -.2003E+03 -.4955E+02   .9999875  .0049834 -.0004604
T 3383  1 .1830040E+07   1000019E-01 -.4025E+03 -.2340E+03   .9999925 -.0032316 -.0021162
T 3384  1 .1853859E+07   1000009E-01  .6375E+02 -.3604E+01   .9999732  .0073088  .0003062
T 3385  1 .1836208E+07   1000011E-01 -.1380E+03 -.1707E+03   .9997825 -.0172552 -.0117162
T 3386  1 .1850913E+07   1000014E-01 -.7627E+03 -.5260E+03   .9999015 -.0109583 -.0087691
T 3387  1 .1844762E+07   1000017E-01 -.2642E+03 -.1084E+03   .9999899 -.0037927 -.0024293
T 3388  1 .1855825E+07   1000012E-01 -.1238E+03  .4587E+02   .9999411 -.0094218 -.0053823
T 3389  1 .1845418E+07   1000021E-01 -.1599E+03  .1890E+03   .9999595  .0087753 -.0020035
T 3390  1 .1839026E+07   1000022E-01  .5600E+03 -.1612E+03   .9999785  .0056351 -.0033487
T 3391  1 .1837073E+07   1000014E-01 -.9632E+03  .1079E+04   .9996088 -.0205070  .0190207
T 3392  1 .1839900E+07   1000015E-01  .7522E+03  .6774E+03   .9998723  .0144207  .0068913
T 3393  1 .1863089E+07   1000013E-01 -.4827E+02 -.1923E+02   .9999890 -.0014571 -.0044640
T 3394  1 .1835616E+07   1000008E-01 -.1578E+03  .3169E+02   .9999998  .0003954  .0004869
T 3395  1 .1846276E+07   1000016E-01  .5520E+02 -.3389E+03   .9999771  .0030515 -.0060416
T 3396  1 .1842358E+07   1000014E-01  .5016E+03 -.5978E+03   .9999133  .0071089 -.0110822
T 3397  1 .1858560E+07   1000017E-01  .7591E+03 -.8672E+03   .9994593  .0320536 -.0073271
T 3398  1 .1832163E+07   1000008E-01  .9953E+02  .4546E+01   .9999814  .0028639  .0053826
T 3399  1 .1846601E+07   1000015E-01 -.2935E+03 -.2172E+03   .9999737 -.0072229 -.0006080
T 3400  1 .1857470E+07   1000020E-01 -.3313E+03  .8224E+03   .9995031 -.0042980  .0312254
T 3401  1 .1835601E+07   1000016E-01  .3817E+03  .8491E+01   .9999717  .0074681 -.0009471
T 3402  1 .1845588E+07   1000000E-01 -.2373E+03 -.1069E+01   .9999824 -.0056137 -.0018988
T 3403  1 .1842467E+07   1000016E-01  .2196E+03 -.1110E+03   .9999858  .0021448 -.0048791
T 3404  1 .1834065E+07   1000001E-01  .1411E+03 -.3402E+02   .9999930  .0017290 -.0033127
T 3405  1 .1838247E+07   1000004E-01 -.1446E+03 -.7291E+03   .9999612 -.0049832 -.0072677
T 3406  1 .1855053E+07   1000010E-01  .2258E+03 -.3270E+03   .9999429  .0064370 -.0085317
T 3407  1 .1847443E+07   1000015E-01 -.3973E+03  .3431E+02   .9999699 -.0077229  .0007186
T 3408  1 .1849213E+07   1000010E-01  .4261E+03  .4538E+01   .9999396  .0066564 -.0087404
T 3409  1 .1854024E+07   1000018E-01  .7612E+03 -.1624E+03   .9999014  .0136560 -.0032865
T 3410  1 .1847924E+07   1000020E-01 -.3593E+03  .4323E+02   .9999842 -.0050982 -.0023879
T 3411  1 .1856847E+07   1000001E-01  .5238E+02 -.9007E+02   .9999857 -.0023786 -.0047936
T 3412  1 .1864795E+07   1000005E-01  .1900E+03 -.6129E+02   .9999989  .0012709 -.0007899
T 3413  1 .1832848E+07   1000015E-01 -.2861E+02 -.2576E+02   .9999123 -.0031473  .0128621
T 3414  1 .1840686E+07   1000007E-01  .2694E+03  .9123E+02   .9999971  .0023584 -.0004446
T 3415  1 .1853744E+07   1000016E-01 -.2981E+03  .3997E+02   .9996939 -.0067933 -.0237885
T 3416  1 .1838990E+07   1000021E-01  .6388E+03  .3754E+03   .9998006  .0199685 -.0000070
T 3417  1 .1847849E+07   1000006E-01 -.4221E+03  .2112E+03   .9999489 -.0088040  .0049649
T 3418  1 .1853608E+07   1000015E-01 -.9418E+02 -.1047E+03   .9999539 -.0093087 -.0023526
T 3419  1 .1858311E+07   1000023E-01  .3951E+03 -.1902E+02   .9998926  .0146493 -.0005221
T 3420  1 .1855437E+07   1000007E-01  .1133E+03  .1125E+02   .9999610  .0087773 -.0009633
T 3421  1 .1852657E+07   1000009E-01 -.4527E+03  .3275E+03   .9998823 -.0125900  .0087661
T 3422  1 .1830404E+07   1000014E-01  .2886E+02 -.1002E+03   .9999915  .0008902 -.0040370
T 3423  1 .1850063E+07   1000004E-01 -.6998E+03 -.4894E+03   .9999883 -.0042929  .0022284
T 3424  1 .1847845E+07   1000010E-01  .3248E+03  .1525E+03   .9997678  .0214281 -.0022884
T 3425  1 .1842268E+07   1000006E-01 -.1220E+03  .2237E+03   .9999854 -.0047239 -.0026057
T 3426  1 .1852416E+07   1000020E-01 -.1087E+03 -.2132E+03   .9999111 -.0077123 -.0108798
T 3427  1 .1820494E+07   1000007E-01 -.6028E+03  .6214E+02   .9998907 -.0147036  .0015552
T 3428  1 .1843841E+07   1000007E-01 -.3943E+02  .2006E+03   .9999908 -.0012480  .0040980
T 3429  1 .1851183E+07   1000011E-01  .1157E+03 -.1827E+03   .9999928  .0026256 -.0027515
T 3430  1 .1845447E+07   1000021E-01  .4172E+03 -.5748E+03   .9998877  .0096969 -.0114282
T 3431  1 .1848025E+07   1000012E-01 -.4751E+03 -.5085E+02   .9996428 -.0207944 -.0167872
T 3432  1 .1854796E+07   1000017E-01  .1760E+03 -.8755E+01   .9999776  .0061254  .0026900
T 3433  1 .1851366E+07   1000000E-01 -.5713E+02 -.5692E+02   .9999956 -.0011059 -.0027483
T 3434  1 .1845907E+07   1000020E-01  .9352E+02 -.8220E+01   .9999927  .0009787 -.0036962
T 3435  1 .1842493E+07   1000011E-01  .6752E+02  .1701E+03   .9999726  .0060204  .0043051
T 3436  1 .1840376E+07   1000002E-01  .5288E+03 -.2544E+02   .9999494  .0092522 -.0039539
T 3437  1 .1832762E+07   1000013E-01 -.9235E+04  .3705E+04   .9914878 -.1211242  .0477574
T 3438  1 .1831113E+07   1000015E-01  .5895E+03 -.3850E+03   .9999692  .0072343 -.0030426
T 3439  1 .1854944E+07   1000022E-01 -.3443E+03 -.1146E+03   .9999303 -.0110051 -.0042793
T 3440  1 .1840924E+07   1000022E-01  .1944E+03  .3731E+03   .9999823  .0022306  .0055098
T 3441  1 .1848172E+07   1000009E-01  .5674E+03 -.2230E+03   .9999261  .0120014 -.0019466
T 3442  1 .1836025E+07   1000021E-01 -.1152E+03 -.1100E+03   .9999759 -.0009675 -.0068788
T 3443  1 .1848226E+07   1000009E-01  .2402E+03  .7479E+02   .9999565  .0075518  .0054750
T 3444  1 .1846191E+07   1000019E-01 -.1060E+03  .5178E+02   .9992474 -.0325679  .0210704
T 3445  1 .1845522E+07   1000017E-01 -.3711E+03  .4076E+03   .9999741 -.0049715  .0051998
T 3446  1 .1841552E+07   1000006E-01 -.2251E+03 -.9584E+03   .9998878 -.0008095 -.0149600
T 3447  1 .1838448E+07   1000001E-01  .2532E+03 -.4007E+02   .9999898  .0044565  .0007334
T 3448  1 .1841920E+07   1000001E-01 -.6573E+02 -.1924E+03   .9999968 -.0008711 -.0023905
T 3449  1 .1847838E+07   1000019E-01  .1121E+03 -.6536E+03   .9999516  .0020640 -.0096185
T 3450  1 .1851316E+07   1000012E-01  .8772E+02  .1866E+02   .9999523  .0097113  .0010542
T 3451  1 .1850814E+07   1000002E-01  .5033E+03 -.1732E+03   .9999666  .0079110  .0020333
T 3452  1 .1837394E+07   1000018E-01  .3622E+03 -.3509E+03   .9999731  .0063981 -.0035827
T 3453  1 .1851334E+07   1000018E-01 -.2136E+03 -.7122E+03   .9997372 -.0081858 -.0214125
T 3454  1 .1850975E+07   1000022E-01 -.1835E+03  .3718E+03   .9999427 -.0038593  .0099866
T 3455  1 .1853959E+07   1000010E-01  .4063E+03 -.3886E+03   .9999957 -.0005821 -.0028895
T 3456  1 .1837304E+07   1000019E-01 -.3499E+03 -.4888E+02   .9999888 -.0039385  .0026343
T 3457  1 .1850488E+07   1000017E-01 -.7788E+03 -.4546E+03   .9998197 -.0076570 -.0173764
T 3458  1 .1848401E+07   1000017E-01 -.5778E+03 -.6831E+02   .9999260 -.0102885 -.0064867
T 3459  1 .1862513E+07   1000015E-01  .5399E+03  .3011E+02   .9998729  .0155050  .0037063
T 3460  1 .1831568E+07   1000008E-01 -.7960E+02 -.3587E+01   .9999994 -.0009316 -.0005731
T 3461  1 .1827175E+07   1000019E-01 -.1021E+03 -.3498E+03   .9999935 -.0035590 -.0005386
T 3462  1 .1842485E+07   1000011E-01 -.6766E+03  .1236E+04   .9991684  .0049354  .0404736
T 3463  1 .1853027E+07   1000022E-01 -.1123E+02 -.1042E+03   .9999916  .0039133  .0012418
T 3464  1 .1831403E+07   1000016E-01  .1143E+03 -.3364E+02   .9999310  .0038220 -.0111052
T 3465  1 .1842394E+07   1000008E-01  .9455E+02  .3775E+03   .9999559  .0044138  .0082948
T 3466  1 .1859540E+07   1000022E-01  .5519E+02 -.3832E+02   .9999996  .0007422 -.0005664
T 3467  1 .1854394E+07   1000020E-01 -.1190E+03  .2148E+03   .9999741  .0002345  .0071915
T 3468  1 .1847021E+07   1000007E-01  .1048E+03  .6714E+02   .9999163  .0118732 -.0051366
T 3469  1 .1843239E+07   1000010E-01  .4562E+03 -.1131E+03   .9999707  .0048949 -.0058827
T 3470  1 .1850861E+07   1000006E-01 -.4554E+03  .3055E+03   .9999777 -.0022653  .0062808
T 3471  1 .1842394E+07   1000003E-01 -.2514E+03  .2714E+03   .9999705 -.0072198  .0026407
T 3472  1 .1828936E+07   1000014E-01 -.1393E+03 -.2621E+03   .9999413  .0001337 -.0108350
T 3473  1 .1866202E+07   1000010E-01  .2075E+02  .5122E+03   .9999571  .0021396  .0090144
T 3474  1 .1860193E+07   1000018E-01 -.9064E+02 -.1708E+03   .9999835 -.0034291 -.0046114
T 3475  1 .1854369E+07   1000007E-01 -.3534E+03 -.1842E+03   .9999439 -.0018441 -.0104313
T 3476  1 .1834721E+07   1000022E-01  .5118E+03 -.2705E-01   .9999215  .0115198 -.0049307
T 3477  1 .1847084E+07   1000009E-01  .3875E+03 -.4281E+03   .9998864  .0110710 -.0102253
T 3478  1 .1838908E+07   1000020E-01 -.4829E+03 -.9733E+02   .9999331 -.0115709 -.0000930
T 3479  1 .1832136E+07   1000019E-01  .3526E+03  .1227E+03   .9999714  .0064895 -.0038936
T 3480  1 .1837476E+07   1000008E-01  .1323E+03  .3242E+02   .9995621  .0271030 -.0118748
T 3481  1 .1850079E+07   1000011E-01 -.4033E+02  .9159E+02   .9999897  .0029612  .0034377
T 3482  1 .1827430E+07   1000014E-01  .2562E+03  .4938E+02   .9999837  .0041010  .0039617
T 3483  1 .1832670E+07   1000007E-01 -.9915E+03  .2664E+04   .9994566 -.0143834  .0296574
T 3484  1 .1844848E+07   1000003E-01 -.2480E+02 -.6354E+02   .9999903 -.0038079 -.0022073
T 3485  1 .1843555E+07   1000009E-01 -.8064E+03  .6810E+03   .9998334 -.0154533  .0097118
T 3486  1 .1836916E+07   1000000E-01  .9509E+02  .1680E+03   .9999770  .0011271  .0066912
T 3487  1 .1860063E+07   1000004E-01  .7497E+03 -.3305E+03   .9998432  .0168390 -.0054776
T 3488  1 .1844726E+07   1000017E-01  .8313E+02 -.2161E+03   .9999881 -.0048469 -.0004872
T 3489  1 .1840948E+07   1000019E-01 -.4652E+03 -.9679E+03   .9995031 -.0075885 -.0305940
T 3490  1 .1837827E+07   1000017E-01  .6834E+02  .1324E+02   .9999934 -.0010040  .0034884
T 3491  1 .1847742E+07   1000013E-01 -.5424E+03  .3196E+03   .9998365 -.0094439  .0154227
T 3492  1 .1843687E+07   1000001E-01  .6236E+02 -.6454E+02   .9999997  .0000309 -.0007326
T 3493  1 .1851157E+07   1000019E-01  .1602E+03  .2264E+03   .9999885  .0030329  .0037059
T 3494  1 .1823770E+07   1000020E-01 -.1136E+03 -.1757E+03   .9999672 -.0076209  .0027591
T 3495  1 .1840090E+07   1000019E-01 -.1711E+03 -.1386E+03   .9999756 -.0068482 -.0014035
T 3496  1 .1849262E+07   1000017E-01  .3207E+03  .1089E+03   .9999908 -.0042842 -.0001470
T 3497  1 .1845636E+07   1000000E-01 -.2514E+03  .6346E+02   .9999747  .0069018  .0017345
T 3498  1 .1845461E+07   1000013E-01 -.1445E+02  .4374E+02   .9999903 -.0031338  .0031051
T 3499  1 .1850826E+07   1000022E-01  .2499E+03  .1189E+02   .9999670  .0014555 -.0079948
T 3500  1 .1834102E+07   1000006E-01 -.3151E+03  .1282E+04   .9994000 -.0061846  .0340805
T 3501  1 .1854084E+07   1000016E-01 -.1374E+03  .1482E+03   .9999901 -.0027225  .0035134
T 3502  1 .1852684E+07   1000021E-01  .1270E+03 -.2194E+03   .9999835  .0055514  .0014591
T 3503  1 .1847238E+07   1000022E-01  .3838E+03  .1540E+03   .9999800  .0061440  .0015018
T 3504  1 .1841531E+07   1000014E-01  .4973E+03 -.1495E+03   .9998923  .0143464 -.0031030
T 3505  1 .1836025E+07   1000013E-01  .8069E+01 -.6698E+02   .9999697  .0068511 -.0036896
T 3506  1 .1848305E+07   1000017E-01  .4109E+02  .9282E+02   .9999911  .0036866  .0020631
T 3507  1 .1851368E+07   1000011E-01  .3253E+02 -.2579E+03   .9999588 -.0050926 -.0075083
T 3508  1 .1853376E+07   1000018E-01 -.1424E+03  .8754E+02   .9999773  .0018751  .0064661
T 3509  1 .1851688E+07   1000011E-01 -.8069E+02  .9926E+02   .9998775  .0117544 -.0103352
T 3510  1 .1839924E+07   1000010E-01  .4024E+03  .6290E+03   .9999667  .0027511  .0076867
T 3511  1 .1837956E+07   1000020E-01 -.1150E+02 -.1796E+03   .9999949 -.0000376 -.0032071
T 3512  1 .1845939E+07   1000005E-01 -.3966E+03 -.2773E+02   .9999253 -.0073258  .0097817
T 3513  1 .1834237E+07   1000000E-01 -.6212E+02  .2368E+03   .9999881 -.0003101  .0048768
T 3514  1 .1830376E+07   1000017E-01  .5955E+03 -.1185E+03   .9999809  .0055606 -.0027125
T 3515  1 .1842316E+07   1000022E-01  .4268E+02  .2529E+03   .9999958  .0028971  .0001527
T 3516  1 .1842102E+07   1000004E-01  .2137E+03  .8568E+02   .9999420  .0089363  .0060071
T 3517  1 .1853079E+07   1000013E-01 -.2010E+03 -.2307E+03   .9999672 -.0071627 -.0037703
T 3518  1 .1851187E+07   1000017E-01  .7130E+02 -.6089E+02   .9999958  .0027208 -.0009865
T 3519  1 .1841573E+07   1000009E-01 -.2155E+03 -.1884E+02   .9999883 -.0048371  .0000323
T 3520  1 .1838452E+07   1000009E-01 -.6007E+02  .3090E+02   .9999984 -.0001301  .0017769
T 3521  1 .1854926E+07   1000003E-01 -.1743E+04 -.3218E+03   .9995450 -.0290471 -.0081231
T 3522  1 .1851203E+07   1000021E-01  .6573E+03 -.2185E+04   .9991159  .0177329 -.0381183
T 3523  1 .1836722E+07   1000016E-01 -.2348E+03  .2182E+03   .9999821  .0031481  .0050902
T 3524  1 .1847636E+07   1000005E-01 -.1713E+02  .3781E+02   .9999862 -.0049038  .0018760
T 3525  1 .1831360E+07   1000021E-01  .1195E+03 -.1987E+03   .9999863 -.0024659 -.0046135
T 3526  1 .1841037E+07   1000020E-01  .6903E+03 -.3051E+03   .9987267  .0348729 -.0364543
T 3527  1 .1850194E+07   1000009E-01 -.1361E+03  .1014E+03   .9999823 -.0007903  .0058916
T 3528  1 .1857887E+07   1000017E-01 -.3372E+03  .8634E+01   .9999248  .0119724 -.0026457
T 3529  1 .1833913E+07   1000011E-01 -.3656E+02  .2628E+03   .9999839 -.0055904 -.0009656
T 3530  1 .1848407E+07   1000012E-01 -.2620E+03  .2110E+03   .9998976 -.0142235  .0015712
T 3531  1 .1853258E+07   1000007E-01  .1052E+03  .1065E+03   .9999949  .0026395  .0017870
T 3532  1 .1830157E+07   1000022E-01  .7380E+02 -.1459E+03   .9999900 -.0010528 -.0043502
T 3533  1 .1858918E+07   1000004E-01 -.3870E+03 -.1825E+01   .9999960 -.0019680 -.0020077
T 3534  1 .1849358E+07   1000020E-01 -.1615E+03  .1954E+03   .9999617 -.0048604  .0072750
T 3535  1 .1841783E+07   1000000E-01  .2015E+03 -.1023E+03   .9999890 -.0004546 -.0046678
T 3536  1 .1835881E+07   1000016E-01  .3330E+03  .1582E+03   .9999726  .0073575  .0007882
T 3537  1 .1852420E+07   1000020E-01 -.9449E+03  .5621E+03   .9997767 -.0132607  .0164513
T 3538  1 .1842435E+07   1000020E-01  .2805E+03 -.1276E+03   .9999974  .0012579  .0019223
T 3539  1 .1852071E+07   1000020E-01  .2965E+02 -.1018E+03   .9999982  .0014528 -.0012012
T 3540  1 .1852767E+07   1000003E-01  .1127E+03  .1470E+03   .9999054  .0136297  .0018472
T 3541  1 .1839388E+07   1000011E-01  .5387E+03 -.5458E+03   .9999498  .0037751 -.0092834
T 3542  1 .1846047E+07   1000010E-01 -.1001E+04 -.3766E+04   .9981177 -.0159540 -.0592162
T 3543  1 .1864626E+07   1000023E-01 -.9987E+02 -.2880E+02   .9999542 -.0032501 -.0090024
T 3544  1 .1840523E+07   1000021E-01  .3987E+03 -.1668E+03   .9999626  .0075787 -.0041704
T 3545  1 .1840530E+07   1000012E-01 -.3081E+02 -.3748E+02   .9999970  .0024155  .0005111
T 3546  1 .1859855E+07   1000014E-01  .4101E+02 -.3861E+02   .9999894  .0000219 -.0045945
T 3547  1 .1843998E+07   1000002E-01  .1727E+03 -.1895E+02   .9999922 -.0008211  .0038645
T 3548  1 .1846136E+07   1000011E-01  .3614E+03  .1727E+03   .9999917 -.0005189 -.0040359
T 3549  1 .1849171E+07   1000015E-01 -.2832E+04  .3073E+03   .9991485 -.0407437  .0065023
T 3550  1 .1834417E+07   1000012E-01 -.1614E+03  .6396E+02   .9999956  .0022798  .0019005
T 3551  1 .1845296E+07   1000015E-01  .1111E+03  .8567E+01   .9999444  .0078685  .0070189
T 3552  1 .1834235E+07   1000015E-01  .1207E+02  .4128E+03   .9999780  .0003133  .0066295
T 3553  1 .1841323E+07   1000003E-01 -.3124E+02  .1574E+03   .9999977 -.0009556  .0019271
T 3554  1 .1840523E+07   1000010E-01 -.5321E+02  .5599E+03   .9999422 -.0020478  .0105538
T 3555  1 .1844324E+07   1000013E-01  .1578E+02  .1343E+03   .9999330  .0109463  .0037714
T 3556  1 .1856249E+07   1000002E-01 -.3807E+03 -.1175E+03   .9999719 -.0074934  .0002383
T 3557  1 .1839632E+07   1000015E-01  .1975E+03  .1231E+03   .9999849  .0054023  .0009930
T 3558  1 .1836714E+07   1000004E-01 -.4273E+03 -.1974E+03   .9999467 -.0090721  .0049224
T 3559  1 .1860056E+07   1000007E-01 -.9286E+03  .3263E+03   .9998652 -.0139588  .0086395
T 3560  1 .1840000E+07   1000013E-01 -.1813E+03 -.4657E+03   .9999515 -.0059606 -.0078361
T 3561  1 .1834582E+07   1000002E-01 -.3799E+03 -.9441E+02   .9999265 -.0026490 -.0118292
T 3562  1 .1855491E+07   1000019E-01 -.1646E+02 -.6446E+02   .9999626 -.0068047 -.0053313
T 3563  1 .1843682E+07   1000022E-01 -.1088E+04  .4485E+03   .9997900 -.0185453  .0087153
T 3564  1 .1845428E+07   1000002E-01  .4783E+03  .3054E+03   .9999150  .0087950  .0096280
T 3565  1 .1831313E+07   1000023E-01  .1465E+03 -.4766E+02   .9999883  .0018847 -.0044505
T 3566  1 .1845309E+07   1000000E-01 -.1485E+03  .7017E+02   .9999720 -.0061013  .0043392
T 3567  1 .1852699E+07   1000016E-01  .1997E+03 -.3413E+03   .9999880  .0018858 -.0045244
T 3568  1 .1841734E+07   1000012E-01 -.1021E+03 -.1793E+03   .9999728 -.0073593 -.0005117
T 3569  1 .1847196E+07   1000007E-01  .4958E+02 -.6740E+02   .9999967  .0011452 -.0023135
T 3570  1 .1845243E+07   1000010E-01 -.7668E+02 -.7325E+02   .9999993 -.0010165  .0005648
T 3571  1 .1840903E+07   1000006E-01 -.4408E+03  .4197E+02   .9999813 -.0061073 -.0000661
T 3572  1 .1853927E+07   1000009E-01 -.1024E+03 -.6151E+03   .9999026  .0051900 -.0129560
T 3573  1 .1835421E+07   1000005E-01 -.7460E+03 -.7683E+03   .9999484 -.0098970  .0023084
T 3574  1 .1851073E+07   1000015E-01  .2264E+04 -.4615E+03   .9978975  .0633589 -.0136441
T 3575  1 .1831923E+07   1000016E-01  .3541E+03  .1708E+03   .9999729  .0073609 -.0000061
T 3576  1 .1867103E+07   1000009E-01 -.6052E+02 -.2187E+03   .9999950  .0014238 -.0028262
T 3577  1 .1854217E+07   1000020E-01 -.3017E+03  .2199E+03   .9999907  .0006683  .0042637
T 3578  1 .1831929E+07   1000005E-01 -.6517E+03 -.2864E+03   .9999109 -.0127377 -.0040036
T 3579  1 .1861448E+07   1000001E-01 -.1609E+02 -.5782E+02   .9999802 -.0017960 -.0060358
T 3580  1 .1845648E+07   1000020E-01  .3086E+03  .2079E+03   .9995053  .0274290  .0153913
T 3581  1 .1846911E+07   1000022E-01 -.2957E+03  .2527E+02   .9999801 -.0031865 -.0054432
T 3582  1 .1854848E+07   1000014E-01 -.1795E+03 -.1175E+03   .9999615  .0034542 -.0080693
T 3583  1 .1843820E+07   1000010E-01 -.4046E+03 -.7125E+03   .9997075 -.0139541 -.0197509
T 3584  1 .1855810E+07   1000019E-01 -.3575E+03  .1273E+03   .9999870 -.0044812  .0024532
T 3585  1 .1837221E+07   1000013E-01 -.5642E+02 -.1653E+03   .9999331  .0022080 -.0113560
T 3586  1 .1833544E+07   1000003E-01  .1511E+04  .1769E+04   .9991401  .0274487  .0310745
T 3587  1 .1828201E+07   1000017E-01 -.4285E+03 -.1031E+02   .9999262 -.0121285 -.0007231
T 3588  1 .1844997E+07   1000003E-01 -.3890E+03 -.8529E+02   .9999667 -.0072961 -.0036528
T 3589  1 .1856813E+07   1000010E-01  .9868E+02 -.8235E+02   .9999922  .0025097 -.0030539
T 3590  1 .1840947E+07   1000010E-01  .1793E+03 -.3078E+02   .9999989 -.0014754 -.0002896
T 3591  1 .1845607E+07   1000014E-01  .2927E+03  .3384E+03   .9999741  .0054007  .0047565
T 3592  1 .1858694E+07   1000018E-01 -.1349E+03 -.3861E+03   .9999777 -.0054877 -.0038175
T 3593  1 .1860724E+07   1000018E-01 -.3710E+02  .1095E+03   .9999787 -.0054104  .0036400
T 3594  1 .1844277E+07   1000004E-01 -.2688E+03 -.1279E+02   .9999991  .0013068 -.0001713
T 3595  1 .1854768E+07   1000014E-01 -.1595E+03 -.7724E+02   .9999803 -.0026051 -.0057176
T 3596  1 .1828868E+07   1000012E-01  .9491E+02  .3040E+02   .9999894  .0040861 -.0021180
T 3597  1 .1837460E+07   1000018E-01 -.8003E+02  .7321E+02   .9997156  .0017484  .0237838
T 3598  1 .1842694E+07   1000017E-01  .8565E+02  .3380E+03   .9999475 -.0044996  .0092027
T 3599  1 .1844850E+07   1000018E-01 -.1592E+03  .1364E+03   .9999923 -.0035925  .0015959
T 3600  1 .1848279E+07   1000019E-01  .1806E+01 -.4838E+03   .9999488 -.0006163 -.0101019
T 3601  1 .1827222E+07   1000019E-01 -.5367E+02 -.1224E+03   .9999681  .0018435 -.0077681
T 3602  1 .1842256E+07   1000007E-01 -.6914E+03  .1132E+04   .9997696 -.0075920  .0200788
T 3603  1 .1837727E+07   1000021E-01 -.2157E+04  .7249E+04   .9928299 -.0254100  .1168042
T 3604  1 .1843239E+07   1000010E-01  .3660E+03  .6313E+03   .9997075  .0090194  .0224421
T 3605  1 .1848912E+07   1000018E-01 -.4386E+01  .3309E+03   .9999763  .0009664  .0068108
T 3606  1 .1841484E+07   1000000E-01 -.3370E+02 -.6246E+02   .9999777 -.0066697  .0004006
T 3607  1 .1837935E+07   1000003E-01  .9833E+02 -.9560E+02   .9999974 -.0003102  .0022483
T 3608  1 .1846407E+07   1000003E-01  .1752E+03  .8484E+02   .9999959  .0025530  .0013314
T 3609  1 .1847220E+07   1000012E-01 -.1702E+03 -.2001E+03   .9999999 -.0000439 -.0002011
T 3610  1 .1835705E+07   1000017E-01 -.2857E+02 -.1317E+03   .9999960  .0028032  .0002277
T 3611  1 .1846681E+07   1000016E-01 -.4470E+03 -.9662E+02   .9998630 -.0157928 -.0049558
T 3612  1 .1853963E+07   1000015E-01  .4707E+03 -.6180E+02   .9998705  .0160680  .0008670
T 3613  1 .1825751E+07   1000007E-01  .4674E+02  .1319E+03   .9999707 -.0015920  .0074812
T 3614  1 .1847420E+07   1000022E-01  .3449E+03  .6243E+03   .9997046  .0010997  .0242812
T 3615  1 .1833768E+07   1000004E-01 -.3610E+03 -.7342E+02   .9999538 -.0087961 -.0038803
T 3616  1 .1848218E+07   1000018E-01  .3409E+03 -.8189E+03   .9998931  .0064510 -.0131239
T 3617  1 .1849983E+07   1000013E-01  .4745E+03  .7074E+02   .9999871  .0040719  .0030411
T 3618  1 .1854348E+07   1000014E-01  .1093E+03  .4132E+03   .9999865  .0039751  .0033553
T 3619  1 .1846091E+07   1000001E-01  .3578E+03 -.4205E+03   .9999376  .0076416 -.0081509
T 3620  1 .1853683E+07   1000012E-01 -.1414E+03  .2800E+03   .9999396 -.0032621  .0104978
T 3621  1 .1848384E+07   1000001E-01  .2440E+03 -.4536E+03   .9999233  .0056406 -.0110287
T 3622  1 .1870439E+07   1000004E-01 -.7265E+02  .7190E+02   .9999948 -.0032012 -.0002789
T 3623  1 .1840111E+07   1000007E-01 -.1128E+04 -.3222E+03   .9998250 -.0186951  .0006570
T 3624  1 .1824210E+07   1000009E-01 -.2686E+03 -.4175E+03   .9999584 -.0038470 -.0082754
T 3625  1 .1852377E+07   1000020E-01  .3392E+03 -.1381E+03   .9999325  .0101274 -.0056898
T 3626  1 .1822370E+07   1000018E-01  .2992E+02  .1122E+03   .9999956  .0028172 -.0009019
T 3627  1 .1846851E+07   1000020E-01 -.1554E+03 -.9981E+02   .9999343 -.0094912 -.0064268
T 3628  1 .1846746E+07   1000013E-01  .5307E+03  .1363E+04   .9995647  .0134809  .0262408
T 3629  1 .1854900E+07   1000012E-01  .5299E+02  .9051E+00   .9999994  .0011177  .0000791
T 3630  1 .1851229E+07   1000017E-01 -.4405E+02 -.1769E+02   .9999979 -.0019321 -.0007219
T 3631  1 .1839446E+07   1000013E-01 -.1562E+03  .1110E+03   .9999941  .0014304  .0031141
T 3632  1 .1859077E+07   1000006E-01 -.2190E+03 -.2318E+03   .9999876 -.0046644 -.0017549
T 3633  1 .1843421E+07   1000020E-01 -.1432E+03  .1419E+03   .9999969 -.0018524  .0016539
T 3634  1 .1846470E+07   1000020E-01 -.1858E+03 -.4814E+03   .9999193 -.0024688 -.0124653
T 3635  1 .1841677E+07   1000003E-01  .6965E+03  .4957E+03   .9998146  .0123179  .0148020
T 3636  1 .1851100E+07   1000003E-01 -.4631E+03  .5310E+02   .9999049 -.0137554 -.0010271
T 3637  1 .1842622E+07   1000005E-01  .6286E+03  .2260E+03   .9999613  .0083506  .0027586
T 3638  1 .1835808E+07   1000016E-01 -.2315E+02  .2205E+03   .9999435  .0069680  .0080246
T 3639  1 .1859520E+07   1000005E-01 -.2929E+03  .2137E+02   .9999900 -.0044116 -.0007186
T 3640  1 .1844660E+07   1000000E-01 -.2126E+03 -.5094E+03   .9999574 -.0076460 -.0051770
T 3641  1 .1844521E+07   1000010E-01  .1062E+03 -.1614E+04   .9997515  .0068747 -.0212052
T 3642  1 .1840480E+07   1000019E-01  .9444E+01  .1247E+02   .9999880  .0003343 -.0048898
T 3643  1 .1831457E+07   1000017E-01  .1042E+03 -.1348E+03   .9999710  .0036441  .0066923
T 3644  1 .1848964E+07   1000007E-01 -.3726E+02 -.7027E+02   .9999772 -.0018517 -.0064980
T 3645  1 .1838464E+07   1000016E-01 -.3092E+03 -.1107E+03   .9999524 -.0089652 -.0038606
T 3646  1 .1858968E+07   1000005E-01  .1233E+03  .3715E+03   .9999914 -.0018200 -.0037294
T 3647  1 .1827384E+07   1000017E-01  .8170E+03  .1682E+02   .9999777  .0063266  .0021302
T 3648  1 .1831418E+07   1000012E-01  .6415E+03  .8667E+03   .9998972  .0089494  .0112060
T 3649  1 .1847706E+07   1000013E-01 -.3450E+03  .1768E+03   .9999880 -.0008342  .0048320
T 3650  1 .1841185E+07   1000020E-01 -.1770E+03  .5163E+02   .9999788 -.0063616 -.0013708
T 3651  1 .1838720E+07   1000016E-01 -.4861E+03 -.3025E+03   .9999384 -.0104525 -.0037232
T 3652  1 .1846223E+07   1000018E-01 -.3742E+03  .1534E+03   .9999968 -.0021211  .0013671
T 3653  1 .1825462E+07   1000015E-01  .2850E+03  .2276E+03   .9999664  .0056198  .0059726
T 3654  1 .1846961E+07   1000022E-01  .1413E+03  .1129E+02   .9999896  .0044977  .0007856
T 3655  1 .1846095E+07   1000022E-01 -.3970E+03  .2237E+03   .9999924 -.0033009  .0020598
T 3656  1 .1849328E+07   1000003E-01  .2386E+03  .4273E+03   .9999474  .0020137  .0100533
T 3657  1 .1848465E+07   1000021E-01 -.7498E+03 -.5977E+02   .9998355 -.0178711 -.0031028
T 3658  1 .1858586E+07   1000000E-01  .8296E+03  .1006E+04   .9997977  .0135819  .0148360
T 3659  1 .1852852E+07   1000020E-01 -.1895E+03 -.5090E+03   .9996065 -.0234021 -.0154688
T 3660  1 .1843338E+07   1000007E-01 -.4739E+03 -.5391E+03   .9999305 -.0084528 -.0082185
T 3661  1 .1849491E+07   1000005E-01 -.1520E+03  .2080E+03   .9999534 -.0095630  .0012962
T 3662  1 .1848401E+07   1000018E-01  .2771E+03  .1370E+03   .9999807  .0054709  .0029589
T 3663  1 .1854176E+07   1000001E-01  .1483E+03  .1358E+02   .9999896  .0008148 -.0044859
T 3664  1 .1859439E+07   1000022E-01 -.1560E+03  .2957E+03   .9999905  .0034323  .0026949
T 3665  1 .1843749E+07   1000018E-01 -.1094E+03  .5743E+02   .9999892 -.0040993 -.0021891
T 3666  1 .1845071E+07   1000002E-01  .1329E+03  .1147E+03   .9999964  .0008178  .0025511
T 3667  1 .1845159E+07   1000008E-01  .1036E+04  .4288E+03   .9996859  .0231981  .0094894
T 3668  1 .1855296E+07   1000015E-01 -.1344E+03  .1704E+01   .9999958  .0027768 -.0008097
T 3669  1 .1850985E+07   1000008E-01  .6492E+03 -.5841E+03   .9999383  .0083664 -.0073026
T 3670  1 .1830959E+07   1000017E-01 -.1152E+03 -.2401E+03   .9999388  .0043845 -.0101567
T 3671  1 .1836380E+07   1000018E-01 -.4026E+03  .8573E+03   .9997210 -.0048126  .0231247
T 3672  1 .1825710E+07   1000018E-01  .1009E+04  .1143E+03   .9997932  .0201668 -.0026235
T 3673  1 .1834733E+07   1000002E-01 -.3773E+03 -.6426E+03   .9998929 -.0076331 -.0124832
T 3674  1 .1833803E+07   1000012E-01  .1268E+03  .3002E+03   .9999923  .0002328  .0039264
T 3675  1 .1828084E+07   1000010E-01  .7572E+03  .3959E+04   .9938070  .0279305  .1075524
T 3676  1 .1849501E+07   1000022E-01 -.5711E+01  .7787E+02   .9999798 -.0048433 -.0041074
T 3677  1 .1847389E+07   1000021E-01 -.4099E+03 -.1222E+04   .9995864 -.0117635 -.0262426
T 3678  1 .1853456E+07   1000022E-01  .2135E+03 -.1476E+03   .9998435  .0155126 -.0085026
T 3679  1 .1828980E+07   1000009E-01 -.2155E+03 -.2957E+01   .9999861 -.0002386 -.0052730
T 3680  1 .1837361E+07   1000018E-01  .2295E+03  .1118E+03   .9999826  .0038275  .0044829
T 3681  1 .1857711E+07   1000015E-01  .8258E+02 -.3818E+02   .9999760  .0068224  .0011702
T 3682  1 .1834250E+07   1000017E-01 -.9189E+02 -.5302E+01   .9999979  .0020720 -.0000166
T 3683  1 .1839349E+07   1000020E-01  .4461E+02 -.1030E+03   .9999973 -.0020677  .0010648
T 3684  1 .1841838E+07   1000017E-01 -.5316E+02 -.3524E+03   .9999497 -.0023138 -.0097593
T 3685  1 .1842055E+07   1000007E-01 -.3621E+03 -.6959E+02   .9999289 -.0118919  .0009027
T 3686  1 .1836300E+07   1000015E-01 -.2089E+03 -.5067E+03   .9997299 -.0085003 -.0216314
T 3687  1 .1862655E+07   1000006E-01 -.3002E+03 -.8663E+02   .9999778 -.0054658 -.0038059
T 3688  1 .1841927E+07   1000019E-01  .3166E+03 -.2053E+02   .9999949  .0030836  .0008658
T 3689  1 .1858228E+07   1000007E-01  .6103E+03  .5784E+03   .9990398  .0379670  .0218626
T 3690  1 .1843769E+07   1000010E-01  .4781E+02  .3427E+02   .9999953  .0030498  .0002887
T 3691  1 .1840190E+07   1000020E-01  .2570E+03  .1590E+03   .9999456  .0078484  .0068672
T 3692  1 .1840349E+07   1000000E-01 -.2483E+02 -.5955E+02   .9999675  .0008964 -.0080072
T 3693  1 .1852594E+07   1000020E-01 -.5782E+03 -.3065E+03   .9999870 -.0047225 -.0019484
T 3694  1 .1848683E+07   1000022E-01 -.1481E+03 -.2575E+03   .9999862 -.0039154 -.0034910
T 3695  1 .1823565E+07   1000001E-01  .5127E+03  .2649E+03   .9999458  .0075774  .0071459
T 3696  1 .1833381E+07   1000003E-01 -.4624E+03  .4507E+03   .9992384  .0370143  .0123555
T 3697  1 .1849799E+07   1000020E-01  .2369E+03  .2100E+03   .9999739  .0042801  .0058171
T 3698  1 .1836788E+07   1000002E-01 -.1775E+03 -.6321E+02   .9999912 -.0007438 -.0041202
T 3699  1 .1824822E+07   1000009E-01 -.2695E+03 -.3956E+03   .9999938 -.0031089 -.0016539
T 3700  1 .1849307E+07   1000017E-01 -.2240E+02 -.2982E+03   .9999505 -.0017454 -.0097919
T 3701  1 .1847844E+07   1000021E-01  .1584E+04  .1180E+04   .9996295  .0226940  .0150267
T 3702  1 .1850723E+07   1000002E-01  .2687E+03 -.5329E+02   .9999657  .0010502  .0082164
T 3703  1 .1836499E+07   1000004E-01  .2001E+03 -.1345E+03   .9999391  .0088867 -.0065483
T 3704  1 .1851000E+07   1000016E-01 -.2385E+03  .2281E+03   .9998688 -.0161924 -.0003015
T 3705  1 .1842782E+07   1000022E-01  .1259E+03  .1363E+04   .9999314  .0002436  .0117099
T 3706  1 .1837073E+07   1000003E-01 -.9770E+02 -.2337E+03   .9999981 -.0014951  .0012773
T 3707  1 .1839870E+07   1000006E-01  .2023E+03  .1244E+03   .9999909  .0019369 -.0037899
T 3708  1 .1844657E+07   1000016E-01  .1410E+03 -.9835E+01   .9999585  .0085865  .0030402
T 3709  1 .1828444E+07   1000012E-01  .5401E+03  .1961E+03   .9997101  .0185929  .0153006
T 3710  1 .1845661E+07   1000001E-01 -.7648E+02 -.1306E+03   .9999948 -.0031280 -.0007522
T 3711  1 .1858753E+07   1000009E-01 -.1679E+03 -.3603E+03   .9999895 -.0045649  .0003765
T 3712  1 .1829268E+07   1000023E-01 -.9095E+02  .2071E+03   .9999686 -.0072093  .0032972
T 3713  1 .1841402E+07   1000006E-01  .1972E+04  .2393E+04   .9994540  .0213898  .0251813
T 3714  1 .1847826E+07   1000001E-01 -.1618E+03  .5868E+02   .9999902  .0023770 -.0037426
T 3715  1 .1833476E+07   1000013E-01 -.5255E+03 -.3014E+02   .9999825 -.0059050 -.0003544
T 3716  1 .1846761E+07   1000013E-01  .8006E+03  .4823E+03   .9995413  .0257766  .0159002
T 3717  1 .1869749E+07   1000015E-01 -.3205E+03 -.2076E+03   .9998232 -.0178450 -.0059313
T 3718  1 .1842457E+07   1000014E-01 -.5371E+03 -.5940E+03   .9999294 -.0115967 -.0025763
T 3719  1 .1863546E+07   1000020E-01  .1402E+03  .2115E+03   .9999806  .0048871  .0038570
T 3720  1 .1829086E+07   1000019E-01 -.5524E+03  .4055E+02   .9999799 -.0062482  .0010788
T 3721  1 .1857999E+07   1000010E-01 -.1059E+03  .5030E+03   .9999341 -.0093688  .0066336
T 3722  1 .1845197E+07   1000008E-01  .3933E+02 -.6327E+02   .9999986  .0009328 -.0013822
T 3723  1 .1837188E+07   1000017E-01  .4184E+03 -.5573E+03   .9999420 -.0008991 -.0107346
T 3724  1 .1841251E+07   1000008E-01 -.4749E+00 -.8564E+02   .9999729 -.0066523 -.0031669
T 3725  1 .1824895E+07   1000006E-01 -.5133E+01 -.4417E+03   .9999533  .0005477 -.0096518
T 3726  1 .1842007E+07   1000005E-01  .2952E+02 -.1400E+03   .9999979  .0019675  .0006193
T 3727  1 .1851949E+07   1000013E-01  .1282E+03 -.6385E+02   .9999880  .0045588 -.0017788
T 3728  1 .1838139E+07   1000019E-01 -.2774E+02  .5108E+03   .9999534 -.0037881  .0088753
T 3729  1 .1841658E+07   1000019E-01  .3171E+03 -.6267E+02   .9999943 -.0006040 -.0033364
T 3730  1 .1833937E+07   1000005E-01 -.3368E+02 -.3789E+03   .9999565  .0092244  .0013688
T 3731  1 .1830900E+07   1000016E-01 -.9307E+02 -.4079E+03   .9999842 -.0022096 -.0051704
T 3732  1 .1850644E+07   1000013E-01  .7785E+02  .2919E+03   .9999856  .0000372  .0053624
T 3733  1 .1859509E+07   1000002E-01  .3850E+03  .5492E+03   .9999195  .0029418  .0123386
T 3734  1 .1849167E+07   1000015E-01 -.8788E+02 -.9892E+02   .9999662  .0071549 -.0040408
T 3735  1 .1837140E+07   1000021E-01  .1814E+03 -.6763E+02   .9999221  .0109690 -.0059559
T 3736  1 .1855684E+07   1000008E-01  .2014E+03  .4496E+02   .9999904  .0040591 -.0016283
T 3737  1 .1853598E+07   1000020E-01 -.1206E+03 -.2593E+03   .9999732  .0065266 -.0033294
T 3738  1 .1834451E+07   1000010E-01 -.1418E+02 -.4467E+03   .9999910 -.0013404 -.0040304
T 3739  1 .1832251E+07   1000022E-01  .2901E+03 -.3671E+03   .9999857  .0043327 -.0031359
T 3740  1 .1846256E+07   1000011E-01  .5952E+03 -.6177E+03   .9999696  .0039650 -.0067182
T 3741  1 .1866795E+07   1000009E-01 -.1537E+03 -.4202E+03   .9999402 -.0042007 -.0100959
T 3742  1 .1848430E+07   1000016E-01  .4460E+04 -.1995E+04   .9972063  .0678053 -.0313381
T 3743  1 .1847840E+07   1000003E-01  .4375E+03 -.2605E+03   .9999344  .0104858  .0045998
T 3744  1 .1836788E+07   1000014E-01  .1236E+03 -.7269E+03   .9998721  .0042647 -.0154140
T 3745  1 .1859785E+07   1000009E-01 -.5515E+03  .5714E+03   .9999304 -.0043083  .0109810
T 3746  1 .1866072E+07   1000022E-01 -.4589E+03  .1413E+03   .9999672 -.0071886  .0037328
T 3747  1 .1834111E+07   1000000E-01 -.3719E+03  .2666E+03   .9997859 -.0180300  .0101539
T 3748  1 .1843120E+07   1000007E-01 -.2896E+01 -.3180E+02   .9999910  .0042258 -.0003204
T 3749  1 .1841345E+07   1000016E-01  .2105E+03 -.9082E+01   .9998973 -.0099956 -.0102730
T 3750  1 .1860783E+07   1000009E-01  .3212E+04 -.9053E+03   .9988021  .0445596 -.0202185
T 3751  1 .1852658E+07   1000000E-01  .1890E+03 -.1546E+03   .9999758  .0046602  .0051624
T 3752  1 .1844198E+07   1000008E-01  .3425E+01 -.1251E+03   .9999714 -.0035423 -.0066856
T 3753  1 .1867608E+07   1000021E-01 -.2028E+03  .6441E+02   .9998818 -.0085733  .0127628
T 3754  1 .1831801E+07   1000021E-01  .4922E+02  .2974E+03   .9999900 -.0020564  .0039651
T 3755  1 .1851274E+07   1000015E-01  .2656E+02 -.7566E+02   .9999842 -.0047775  .0029673
T 3756  1 .1847574E+07   1000018E-01 -.1870E+03 -.3298E+01   .9999063 -.0135203 -.0021441
T 3757  1 .1842785E+07   1000006E-01  .5354E+02  .3542E+03   .9999738  .0018141  .0070093
T 3758  1 .1834861E+07   1000013E-01  .3004E+03 -.2663E+03   .9999004  .0105168 -.0094128
T 3759  1 .1862049E+07   1000011E-01 -.1107E+03 -.6716E+03   .9999721 -.0011890 -.0073725
T 3760  1 .1836885E+07   1000006E-01  .4525E+03 -.2015E+03   .9999326  .0103013 -.0053522
T 3761  1 .1843514E+07   1000016E-01 -.2103E+03  .1561E+03   .9999998  .0002429  .0005024
T 3762  1 .1841060E+07   1000001E-01  .4491E+03 -.2109E+03   .9998844  .0143154 -.0051260
T 3763  1 .1843895E+07   1000015E-01  .1976E+03  .1657E+03   .9999532  .0065009  .0071638
T 3764  1 .1829612E+07   1000000E-01  .1590E+03  .2456E+03   .9999843  .0021877 -.0051548
T 3765  1 .1849198E+07   1000001E-01  .1910E+03  .4569E+03   .9999399  .0016904  .0108318
T 3766  1 .1845183E+07   1000005E-01  .4418E+02  .6717E+02   .9999907 -.0040222 -.0015836
T 3767  1 .1846175E+07   1000015E-01 -.3082E+03 -.3440E+03   .9999477 -.0052223 -.0087902
T 3768  1 .1838911E+07   1000014E-01 -.1946E+03 -.2240E+03   .9999976  .0010305 -.0019538
T 3769  1 .1832918E+07   1000022E-01  .3338E+02  .2745E+03   .9998553  .0007678  .0169948
T 3770  1 .1847396E+07   1000016E-01 -.1387E+03  .3765E+03   .9999628 -.0055276  .0066155
T 3771  1 .1826969E+07   1000005E-01 -.2411E+03  .5477E+03   .9999109 -.0120049  .0058394
T 3772  1 .1841485E+07   1000011E-01  .7824E+02 -.4171E+02   .9999954  .0030315  .0003006
T 3773  1 .1846354E+07   1000003E-01 -.5807E+03  .4544E+03   .9999183 -.0065722  .0109635
T 3774  1 .1859471E+07   1000000E-01  .8618E+02  .3826E+02   .9999982  .0018445  .0003484
T 3775  1 .1858157E+07   1000012E-01  .3368E+03  .5755E+03   .9998934  .0038398  .0140849
T 3776  1 .1840153E+07   1000015E-01  .7891E+02  .2074E+02   .9999916  .0041019 -.0000439
T 3777  1 .1841833E+07   1000002E-01  .1708E+03  .4496E+02   .9999725  .0072982  .0013422
T 3778  1 .1825547E+07   1000021E-01 -.1312E+02  .1268E+03   .9999957  .0028257  .0007564
T 3779  1 .1847708E+07   1000021E-01 -.3535E+03  .5048E+03   .9999199 -.0068269  .0106560
T 3780  1 .1846918E+07   1000001E-01 -.2464E+03 -.2603E+02   .9999936 -.0035354  .0005648
T 3781  1 .1859425E+07   1000001E-01 -.1760E+03  .2758E+03   .9999720 -.0024683  .0070616
T 3782  1 .1832550E+07   1000016E-01 -.1435E+03  .2402E+03   .9999946  .0014366  .0029668
T 3783  1 .1826963E+07   1000012E-01 -.2485E+03  .2923E+02   .9999891 -.0044613  .0013654
T 3784  1 .1848024E+07   1000021E-01 -.3139E+03  .4320E+01   .9997458 -.0209294 -.0083856
T 3785  1 .1858577E+07   1000009E-01  .1024E+03 -.2888E+03   .9999325 -.0005898 -.0116037
T 3786  1 .1830138E+07   1000008E-01  .2011E+02 -.1353E+03   .9999919  .0014707 -.0037388
T 3787  1 .1841222E+07   1000019E-01  .1824E+04 -.6584E+03   .9975060  .0703605 -.0055754
T 3788  1 .1852853E+07   1000002E-01  .7100E+02  .6599E+01   .9999818  .0031672 -.0051362
T 3789  1 .1858174E+07   1000018E-01  .6373E+02  .3085E+03   .9999865  .0001857  .0051941
T 3790  1 .1834013E+07   1000013E-01 -.3350E+02  .1142E+03   .9999975 -.0015547  .0016247
T 3791  1 .1839064E+07   1000000E-01 -.7524E+02 -.2798E+03   .9999372  .0073794 -.0084357
T 3792  1 .1843253E+07   1000011E-01 -.1992E+03 -.1195E+04   .9988512 -.0040837 -.0477443
T 3793  1 .1852666E+07   1000013E-01 -.5112E+02  .4247E+02   .9999954  .0029856  .0005425
T 3794  1 .1832092E+07   1000002E-01  .2412E+04  .9358E+03   .9994127  .0334617  .0073878
T 3795  1 .1846877E+07   1000013E-01  .2075E+03  .1638E+03   .9999716 -.0005003  .0075176
T 3796  1 .1847106E+07   1000019E-01  .7672E+03  .1376E+04   .9966959  .0358161  .0729003
T 3797  1 .1860347E+07   1000013E-01  .4056E+03  .2648E+03   .9998622  .0159454  .0046234
T 3798  1 .1851656E+07   1000014E-01 -.9816E+03  .8243E+03   .9997496 -.0154156  .0162175
T 3799  1 .1852132E+07   1000007E-01 -.4869E+02 -.3208E+02   .9999739 -.0001179 -.0072173
T 3800  1 .1838739E+07   1000017E-01 -.2050E+02  .3192E+03   .9999582  .0015998  .0090017
T 3801  1 .1830653E+07   1000001E-01 -.4904E+02  .2482E+03   .9999512  .0088100 -.0044777
T 3802  1 .1841823E+07   1000002E-01 -.1331E+04  .3682E+03   .9999554 -.0091948 -.0021450
T 3803  1 .1857014E+07   1000021E-01  .1338E+03  .8280E+01   .9999394 -.0083841  .0071392
T 3804  1 .1848982E+07   1000006E-01  .1274E+03  .1490E+03   .9999884  .0028101 -.0039085
T 3805  1 .1842944E+07   1000022E-01  .2092E+02  .7066E+02   .9999836  .0017181  .0054600
T 3806  1 .1843011E+07   1000020E-01 -.3110E+02  .3901E+02   .9999902 -.0001647  .0044255
T 3807  1 .1843688E+07   1000017E-01 -.3528E+03 -.5278E+03   .9998481 -.0028277 -.0171962
T 3808  1 .1852977E+07   1000022E-01 -.1542E+03  .2247E+03   .9999663  .0037710  .0072865
T 3809  1 .1839749E+07   1000016E-01 -.5657E+03  .1832E+03   .9999822 -.0017652  .0057014
T 3810  1 .1843195E+07   1000011E-01  .3529E+03  .4158E+03   .9999525  .0066438  .0071268
T 3811  1 .1844954E+07   1000001E-01  .3131E+03 -.4759E+03   .9999211 -.0111781 -.0057377
T 3812  1 .1851267E+07   1000011E-01 -.2514E+03 -.8844E+02   .9999842 -.0046487  .0031466
T 3813  1 .1845445E+07   1000008E-01  .1940E+03 -.1860E+03   .9999560  .0091031  .0022774
T 3814  1 .1852620E+07   1000012E-01 -.2103E+03  .4335E+03   .9999497 -.0053388  .0084866
T 3815  1 .1832515E+07   1000017E-01 -.4018E+04 -.2574E+04   .9933022 -.0930063 -.0685608
T 3816  1 .1843224E+07   1000022E-01 -.6120E+02 -.4776E+02   .9999967 -.0024860 -.0006664
T 3817  1 .1841037E+07   1000021E-01  .3464E+03 -.2656E+03   .9999930  .0028530 -.0024172
T 3818  1 .1842514E+07   1000011E-01  .4308E+03 -.2660E+03   .9999440  .0057267 -.0088995
T 3819  1 .1836619E+07   1000010E-01  .1007E+03  .2845E+03   .9999976  .0009045  .0020160
T 3820  1 .1845799E+07   1000004E-01  .2346E+03  .1155E+03   .9999613  .0085648 -.0020308
T 3821  1 .1853473E+07   1000008E-01  .4426E+03  .3357E+03   .9998388  .0109198  .0142533
T 3822  1 .1827042E+07   1000018E-01  .2510E+03 -.6874E+02   .9999594  .0079413  .0042547
T 3823  1 .1829525E+07   1000018E-01  .1479E+03  .2711E+02   .9999948 -.0031352  .0006927
T 3824  1 .1859107E+07   1000016E-01 -.6078E+02 -.9696E+02   .9999986 -.0001151 -.0016576
T 3825  1 .1849498E+07   1000022E-01  .2122E+03 -.9223E+02   .9999792  .0059438  .0025059
T 3826  1 .1844200E+07   1000002E-01  .3012E+03 -.6667E+01   .9999673  .0074516  .0031567
T 3827  1 .1863740E+07   1000020E-01 -.1288E+03  .2007E+02   .9999860 -.0051706 -.0011310
T 3828  1 .1853626E+07   1000000E-01  .1810E+02 -.6186E+03   .9999609 -.0007965 -.0088096
T 3829  1 .1838832E+07   1000006E-01 -.4462E+03  .2311E+03   .9999758 -.0069197  .0006792
T 3830  1 .1838466E+07   1000017E-01  .2081E+03 -.6342E+02   .9999911  .0035051 -.0023664
T 3831  1 .1840287E+07   1000008E-01 -.2521E+02  .4416E+03   .9999611  .0021550  .0085552
T 3832  1 .1856016E+07   1000015E-01 -.7761E+02 -.2705E+03   .9999811  .0053915 -.0029413
T 3833  1 .1861983E+07   1000022E-01 -.5263E+02 -.1016E+03   .9999965  .0023538  .0011770
T 3834  1 .1847130E+07   1000019E-01  .3973E+02 -.6291E+03   .9999622 -.0068201 -.0053893
T 3835  1 .1834307E+07   1000005E-01  .5843E+02  .1676E+02   .9999618 -.0086248 -.0014409
T 3836  1 .1850204E+07   1000013E-01 -.1512E+03 -.1958E+03   .9999979 -.0009701 -.0017856
T 3837  1 .1850763E+07   1000011E-01  .5798E+03 -.5788E+03   .9998425  .0137649 -.0112032
T 3838  1 .1839786E+07   1000022E-01  .6821E+03  .3409E+03   .9994852  .0237935  .0215236
T 3839  1 .1846186E+07   1000008E-01  .8225E+02  .3872E+03   .9999458  .0081391  .0064848
T 3840  1 .1853183E+07   1000016E-01  .5535E+02  .1448E+02   .9999888 -.0044000 -.0017650
T 3841  1 .1846511E+07   1000019E-01 -.1312E+04  .7569E+03   .9997456 -.0198920  .0106278
T 3842  1 .1819872E+07   1000022E-01 -.7737E+02  .6769E+03   .9999409  .0017382  .0107314
T 3843  1 .1853522E+07   1000021E-01  .2074E+03 -.1827E+03   .9999871  .0043785 -.0025828
T 3844  1 .1846988E+07   1000019E-01 -.1814E+03  .1089E+03   .9998911 -.0049474 -.0139066
T 3845  1 .1835411E+07   1000016E-01  .3145E+03  .3591E+03   .9999945  .0017388  .0028310
T 3846  1 .1830237E+07   1000016E-01 -.1033E+02 -.7811E+03   .9998835  .0003510 -.0152567
T 3847  1 .1842986E+07   1000019E-01  .5299E+03  .1485E+03   .9999643  .0081759  .0021397
T 3848  1 .1845862E+07   1000017E-01  .4681E+02 -.3260E+03   .9999727 -.0049344 -.0055023
T 3849  1 .1846704E+07   1000005E-01  .1795E+02  .7981E+02   .9999961  .0014381 -.0023853
T 3850  1 .1856484E+07   1000002E-01 -.7351E+02  .4196E+03   .9999437 -.0081965  .0067447
T 3851  1 .1842038E+07   1000014E-01 -.2731E+03 -.9880E+03   .9998699 -.0024190 -.0159458
T 3852  1 .1841908E+07   1000018E-01 -.5620E+03 -.3595E+03   .9997915 -.0149536 -.0139080
T 3853  1 .1835369E+07   1000023E-01  .1147E+03  .1305E+03   .9999848 -.0024827 -.0049233
T 3854  1 .1840861E+07   1000015E-01 -.1570E+03 -.1509E+03   .9999883 -.0027496 -.0039682
T 3855  1 .1836415E+07   1000008E-01 -.1142E+02  .1688E+03   .9999959  .0023748  .0016188
T 3856  1 .1854678E+07   1000010E-01  .2992E+03 -.3178E+03   .9998691  .0139658 -.0081722
T 3857  1 .1828907E+07   1000006E-01  .3060E+03 -.4915E+03   .9999860 -.0012264 -.0051479
T 3858  1 .1835971E+07   1000008E-01 -.1919E+03  .1146E+03   .9999821 -.0059393 -.0006535
T 3859  1 .1837310E+07   1000013E-01 -.2880E+03  .2282E+03   .9999952  .0011224  .0029007
T 3860  1 .1852063E+07   1000016E-01  .4737E+01 -.1992E+03   .9999991 -.0010790 -.0007682
T 3861  1 .1854969E+07   1000001E-01  .5576E+02 -.5567E+02   .9999929  .0029372 -.0023595
T 3862  1 .1859663E+07   1000012E-01 -.1847E+03 -.1053E+03   .9999726 -.0067790 -.0029806
T 3863  1 .1855174E+07   1000017E-01 -.3144E+03  .3183E+03   .9998299 -.0180913 -.0035954
T 3864  1 .1857554E+07   1000007E-01 -.1963E+03 -.4617E+03   .9999003  .0005023 -.0141098
T 3865  1 .1839108E+07   1000015E-01 -.4175E+01  .3658E+02   .9999993 -.0004238  .0010628
T 3866  1 .1841391E+07   1000010E-01  .5298E+02  .1027E+03   .9999897  .0013830  .0043158
T 3867  1 .1849240E+07   1000006E-01  .1376E+04  .1027E+04   .9993892  .0306961  .0167044
T 3868  1 .1856674E+07   1000023E-01  .8261E+03  .1881E+04   .9992838  .0190787  .0326779
T 3869  1 .1847440E+07   1000002E-01 -.1297E+03  .1873E+03   .9999853  .0033957  .0042337
T 3870  1 .1851867E+07   1000023E-01  .1048E+02 -.1627E+02   .9999997  .0003434 -.0006831
T 3871  1 .1852137E+07   1000012E-01  .6220E+03  .1439E+03   .9999116  .0132436 -.0012227
T 3872  1 .1827774E+07   1000015E-01 -.1141E+04 -.1598E+04   .9995661 -.0148703 -.0254250
T 3873  1 .1849162E+07   1000014E-01 -.6792E+03 -.3492E+03   .9999052 -.0132963 -.0035799
T 3874  1 .1829851E+07   1000008E-01 -.6479E+03 -.3245E+01   .9999130 -.0131874 -.0003081
T 3875  1 .1836475E+07   1000017E-01  .8244E+03 -.1878E+03   .9999734  .0069890 -.0020659
T 3876  1 .1827721E+07   1000013E-01 -.2493E+03 -.4958E+03   .9999363 -.0078706 -.0080845
T 3877  1 .1843800E+07   1000022E-01  .2004E+03  .1636E+03   .9999609 -.0053119  .0070719
T 3878  1 .1846653E+07   1000016E-01 -.3139E+03 -.1431E+03   .9999396 -.0099728  .0046226
T 3879  1 .1849332E+07   1000005E-01  .2571E+02 -.2998E+03   .9999795  .0037367 -.0052040
T 3880  1 .1842465E+07   1000014E-01 -.6157E+02  .6772E+02   .9999695  .0014092  .0076772
T 3881  1 .1851360E+07   1000001E-01 -.5247E+03  .2827E+03   .9998613 -.0159611  .0047505
T 3882  1 .1860208E+07   1000007E-01 -.4624E+02  .5757E+03   .9999719 -.0037321  .0064945
T 3883  1 .1840461E+07   1000010E-01 -.1085E+04 -.1623E+03   .9998892 -.0145829  .0029955
T 3884  1 .1852652E+07   1000022E-01  .1749E+04  .8303E+03   .9996357  .0244868  .0113504
T 3885  1 .1838488E+07   1000008E-01  .7988E+02  .2096E+03   .9999960  .0015030  .0023863
T 3886  1 .1844128E+07   1000004E-01  .2159E+03  .4951E+03   .9999706  .0056878  .0051380
T 3887  1 .1851626E+07   1000012E-01  .5019E+03 -.1840E+03   .9999759  .0064608 -.0025539
T 3888  1 .1830855E+07   1000017E-01  .3848E+03  .4369E+03   .9997920  .0168699  .0114634
T 3889  1 .1852539E+07   1000001E-01  .3562E+03  .5592E+03   .9999356  .0113325  .0005908
T 3890  1 .1847590E+07   1000015E-01  .4271E+03 -.2059E+02   .9999688  .0063404  .0047029
T 3891  1 .1828924E+07   1000018E-01  .1470E+03  .4065E+03   .9999568  .0051275  .0077585
T 3892  1 .1853707E+07   1000014E-01  .4371E+03 -.4684E+02   .9999820  .0048539 -.0035310
T 3893  1 .1847105E+07   1000020E-01  .4312E+03  .1581E+02   .9998192  .0189736 -.0012524
T 3894  1 .1839576E+07   1000016E-01  .1271E+03  .5074E+03   .9999691 -.0001798  .0078564
T 3895  1 .1849310E+07   1000000E-01 -.6571E+02 -.3272E+03   .9999496 -.0094350 -.0034265
T 3896  1 .1852953E+07   1000006E-01 -.1030E+03  .3923E+03   .9999167 -.0001417  .0129091
T 3897  1 .1855432E+07   1000008E-01  .1036E+03  .3697E+03   .9999211  .0079932  .0096866
T 3898  1 .1829454E+07   1000013E-01  .3683E+02 -.1743E+03   .9999599  .0075835 -.0047711
T 3899  1 .1840942E+07   1000020E-01  .5280E+02 -.1211E+03   .9999819  .0017554 -.0057614
T 3900  1 .1853017E+07   1000017E-01 -.1083E+03 -.3266E+03   .9999851  .0019469 -.0051013
T 3901  1 .1835285E+07   1000019E-01  .2044E+03 -.1881E+02   .9999566  .0092785  .0008192
T 3902  1 .1844339E+07   1000005E-01  .7244E+02  .5597E+03   .9998809  .0001795  .0154347
T 3903  1 .1844460E+07   1000000E-01  .8078E+02 -.1297E+03   .9999529  .0035988 -.0090175
T 3904  1 .1831510E+07   1000020E-01 -.3958E+03  .3203E+03   .9998485 -.0078377  .0155412
T 3905  1 .1839593E+07   1000021E-01  .5210E+02  .5141E+03   .9999995 -.0006106  .0008347
T 3906  1 .1834656E+07   1000000E-01 -.1516E+02  .1498E+03   .9999806  .0062173 -.0004927
T 3907  1 .1857332E+07   1000016E-01 -.3025E+03  .3086E+02   .9999665 -.0081808  .0003006
T 3908  1 .1858416E+07   1000022E-01  .1324E+03 -.2494E+03   .9999768 -.0041192 -.0054314
T 3909  1 .1838135E+07   1000010E-01 -.5721E+01 -.2398E+03   .9999816 -.0030196 -.0052577
T 3910  1 .1855154E+07   1000005E-01 -.2452E+03  .2791E+03   .9999592 -.0086887 -.0024631
T 3911  1 .1846245E+07   1000015E-01 -.4386E+02 -.1413E+03   .9999975  .0013235 -.0017764
T 3912  1 .1844318E+07   1000018E-01 -.5547E+02  .8282E+02   .9999971 -.0014670  .0019078
T 3913  1 .1828013E+07   1000010E-01  .1043E+03  .4853E+03   .9999118 -.0084890  .0102100
T 3914  1 .1848092E+07   1000016E-01  .2306E+03 -.9185E+02   .9999592  .0057897 -.0069301
T 3915  1 .1846387E+07   1000018E-01 -.3107E+03  .1675E+03   .9999942 -.0029434  .0017262
T 3916  1 .1843315E+07   1000019E-01  .1586E+03 -.1568E+03   .9999997  .0001297  .0008032
T 3917  1 .1827836E+07   1000014E-01  .1054E+03 -.3780E+03   .9999456 -.0020177 -.0102309
T 3918  1 .1852261E+07   1000005E-01 -.1116E+03  .9416E+02   .9999869 -.0009684  .0050246
T 3919  1 .1849236E+07   1000005E-01 -.1117E+03 -.1471E+03   .9999843 -.0036124 -.0042813
T 3920  1 .1841598E+07   1000021E-01 -.2653E+03  .2281E+03   .9999732 -.0037377  .0063006
T 3921  1 .1832751E+07   1000022E-01 -.6878E+03 -.1389E+03   .9999525 -.0093039 -.0029111
T 3922  1 .1843952E+07   1000014E-01  .4580E+03 -.7747E+02   .9999921  .0034130 -.0020294
T 3923  1 .1852151E+07   1000007E-01  .1916E+02  .8480E+02   .9999994 -.0009270 -.0005313
T 3924  1 .1823717E+07   1000017E-01  .2018E+03 -.5209E+02   .9999858 -.0026743  .0046129
T 3925  1 .1833134E+07   1000022E-01 -.5794E+03 -.2468E+02   .9999675 -.0080494  .0003775
T 3926  1 .1852786E+07   1000001E-01  .1419E+03  .5299E+02   .9999910 -.0042073 -.0005297
T 3927  1 .1846371E+07   1000015E-01  .2220E+03  .9041E+02   .9999559  .0059366  .0072823
T 3928  1 .1848660E+07   1000001E-01 -.3135E+02  .5718E+03   .9998654 -.0077191  .0144786
T 3929  1 .1856464E+07   1000016E-01 -.4544E+02 -.2340E+03   .9999601 -.0048280 -.0075182
T 3930  1 .1838115E+07   1000005E-01  .9203E+02  .1372E+03   .9999881  .0048724  .0002249
T 3931  1 .1850710E+07   1000013E-01 -.2213E+03  .2444E+03   .9999593 -.0072430  .0053883
T 3932  1 .1836006E+07   1000021E-01 -.7251E+02 -.5201E+02   .9999929 -.0027360 -.0025945
T 3933  1 .1830268E+07   1000004E-01 -.1891E+01  .5280E+02   .9999995  .0007300  .0006169
T 3934  1 .1846011E+07   1000014E-01  .1489E+03  .3581E+03   .9999567  .0055611  .0074651
T 3935  1 .1848050E+07   1000021E-01  .1746E+03 -.3871E+03   .9999985  .0000586 -.0017086
T 3936  1 .1848227E+07   1000017E-01 -.1595E+03  .4094E+03   .9999543 -.0038359  .0087532
T 3937  1 .1850222E+07   1000013E-01 -.2679E+03  .1170E+03   .9999872 -.0042229  .0027934
T 3938  1 .1837139E+07   1000021E-01  .2269E+02  .7024E+02   .9999966 -.0016007 -.0020437
T 3939  1 .1846833E+07   1000007E-01  .1580E+03  .1700E+03   .9999827  .0054918  .0021141
T 3940  1 .1842461E+07   1000021E-01 -.5635E+02  .3147E+03   .9999536 -.0050408  .0082105
T 3941  1 .1841191E+07   1000007E-01 -.1464E+03  .8579E+02   .9999878 -.0022598  .0043817
T 3942  1 .1849388E+07   1000021E-01 -.1764E+03  .2352E+03   .9999941 -.0020424  .0027745
T 3943  1 .1853080E+07   1000023E-01 -.1089E+03 -.1526E+02   .9999934  .0027982  .0023043
T 3944  1 .1839227E+07   1000006E-01  .3313E+03 -.3150E+03   .9999510  .0098912 -.0004646
T 3945  1 .1837081E+07   1000021E-01 -.9167E+01 -.7813E+02   .9999669 -.0033724 -.0074011
T 3946  1 .1848266E+07   1000022E-01  .1586E+02  .1197E+03   .9999407 -.0015429  .0107803
T 3947  1 .1825766E+07   1000005E-01 -.1254E+03 -.3567E+03   .9997485 -.0051066 -.0218375
T 3948  1 .1844522E+07   1000018E-01 -.4946E+03 -.3516E+03   .9998554 -.0156962 -.0065360
T 3949  1 .1841589E+07   1000011E-01 -.3128E+03 -.1255E+01   .9999919 -.0018668  .0035689
T 3950  1 .1860282E+07   1000015E-01  .7025E+03  .2407E+03   .9998321  .0126005  .0133019
T 3951  1 .1833147E+07   1000009E-01  .6138E+01 -.9728E+02   .9999893 -.0016283 -.0043297
T 3952  1 .1840327E+07   1000014E-01  .7095E+02 -.4836E+03   .9998371 -.0167980  .0066077
T 3953  1 .1856960E+07   1000019E-01 -.8167E+03 -.1525E+04   .9997729 -.0085948 -.0194992
T 3954  1 .1866543E+07   1000017E-01  .4407E+03 -.1695E+02   .9999563  .0061138 -.0070741
T 3955  1 .1829833E+07   1000018E-01  .1202E+03  .2821E+03   .9999762  .0057421  .0038248
T 3956  1 .1848918E+07   1000006E-01  .7715E+03  .1103E+03   .9998867  .0150350 -.0007514
T 3957  1 .1852688E+07   1000002E-01  .3079E+03 -.8104E+03   .9998896  .0123687 -.0082379
T 3958  1 .1854617E+07   1000017E-01 -.4139E+03 -.1440E+03   .9999436 -.0101052 -.0032625
T 3959  1 .1835966E+07   1000016E-01 -.1389E+03 -.9729E+02   .9999349 -.0060804 -.0096510
T 3960  1 .1843001E+07   1000016E-01 -.7765E+03 -.1084E+04   .9999049 -.0109275 -.0084173
T 3961  1 .1842190E+07   1000009E-01  .3603E+03 -.1306E+04   .9998426  .0053702 -.0169085
T 3962  1 .1851799E+07   1000019E-01 -.9510E+02 -.1626E+02   .9999946 -.0030374  .0012661
T 3963  1 .1832685E+07   1000009E-01 -.4631E+03  .1539E+03   .9999943 -.0009300 -.0032387
T 3964  1 .1840888E+07   1000010E-01 -.2002E+03 -.1517E+03   .9999967 -.0025003 -.0006437
T 3965  1 .1825035E+07   1000002E-01  .4191E+03  .5007E+02   .9999676  .0075631 -.0027468
T 3966  1 .1857875E+07   1000019E-01  .9270E+02  .1327E+03   .9999938  .0033873 -.0009465
T 3967  1 .1841956E+07   1000017E-01 -.1389E+03 -.4050E+03   .9999237 -.0035532 -.0118315
T 3968  1 .1839864E+07   1000006E-01 -.3134E+03 -.1584E+03   .9999906 -.0031228 -.0030086
T 3969  1 .1859945E+07   1000009E-01 -.3520E+03  .5236E+03   .9999453 -.0051435  .0091071
T 3970  1 .1853488E+07   1000020E-01 -.4675E+03 -.2055E+03   .9999680 -.0076446 -.0023492
T 3971  1 .1858648E+07   1000020E-01 -.9805E+02 -.2154E+03   .9999923 -.0036131  .0015127
T 3972  1 .1834360E+07   1000003E-01  .6563E+03  .7264E+02   .9999504  .0095178  .0029354
T 3973  1 .1854776E+07   1000005E-01 -.1013E+03  .3707E+03   .9999730 -.0043597  .0059162
T 3974  1 .1866376E+07   1000010E-01 -.1486E+03 -.2681E+02   .9999843 -.0026017  .0049616
T 3975  1 .1823757E+07   1000019E-01 -.1208E+03  .3454E+01   .9999988 -.0003299 -.0015324
T 3976  1 .1840174E+07   1000007E-01 -.3456E+03  .2524E+03   .9999697 -.0076793 -.0012372
T 3977  1 .1838024E+07   1000012E-01 -.4384E+01 -.5211E+02   .9999846 -.0000472 -.0055514
T 3978  1 .1848796E+07   1000007E-01 -.1277E+03  .6529E+02   .9999365 -.0112473 -.0007532
T 3979  1 .1836149E+07   1000001E-01 -.3203E+03 -.6298E+02   .9999821 -.0059891 -.0001113
T 3980  1 .1834880E+07   1000001E-01 -.7447E+01 -.2741E+03   .9999411 -.0058563 -.0091382
T 3981  1 .1846860E+07   1000018E-01  .9305E+02 -.2559E+03   .9999607  .0086813 -.0017798
T 3982  1 .1838503E+07   1000005E-01  .1765E+03  .1073E+03   .9999796  .0060370 -.0021026
T 3983  1 .1834115E+07   1000018E-01  .4072E+03  .2537E+03   .9999210  .0105186  .0068754
T 3984  1 .1833669E+07   1000011E-01 -.3022E+03 -.3848E+03   .9996458 -.0258032 -.0065143
T 3985  1 .1830321E+07   1000013E-01  .7224E+01 -.1061E+03   .9999569  .0041394 -.0083115
T 3986  1 .1841220E+07   1000005E-01  .2052E+03 -.7359E+02   .9999185  .0127644 -.0000208
T 3987  1 .1848247E+07   1000015E-01  .2034E+03 -.8651E+01   .9999747  .0071143 -.0001365
T 3988  1 .1823811E+07   1000012E-01 -.1271E+04  .1128E+04   .9979396 -.0469722  .0437055
T 3989  1 .1868069E+07   1000017E-01 -.3768E+03 -.1053E+03   .9999411 -.0104379  .0029665
T 3990  1 .1840250E+07   1000010E-01  .1074E+04 -.7670E+03   .9998795  .0105536 -.0113836
T 3991  1 .1829352E+07   1000010E-01 -.4095E+03 -.4407E+02   .9998469 -.0146100  .0096252
T 3992  1 .1833862E+07   1000009E-01 -.5044E+03 -.1486E+04   .9997380 -.0040334 -.0225295
T 3993  1 .1839433E+07   1000019E-01 -.7716E+02  .3886E+02   .9999837 -.0032050 -.0047270
T 3994  1 .1843149E+07   1000006E-01 -.7651E+02  .1805E+03   .9999947 -.0032468  .0003216
T 3995  1 .1851763E+07   1000023E-01 -.1238E+03  .4268E+02   .9999948 -.0032097 -.0002781
T 3996  1 .1856236E+07   1000005E-01  .2250E+03 -.1417E+03   .9998868  .0141196 -.0051936
T 3997  1 .1834822E+07   1000006E-01 -.2953E+02  .1275E+03   .9999735 -.0072742 -.0000147
T 3998  1 .1837448E+07   1000013E-01  .3547E+02  .5511E+03   .9998999  .0086362  .0112118
T 3999  1 .1840589E+07   1000012E-01  .3038E+03  .2276E+03   .9999864  .0023064  .0046792
T 4000  1 .1834122E+07   1000021E-01  .4842E+03 -.9337E+03   .9999897  .0001536 -.0045342
T 4001  1 .1841576E+07   1000006E-01 -.2489E+02 -.1131E+03   .9999772 -.0035498 -.0057434
T 4002  1 .1847609E+07   1000003E-01  .4092E+03  .5381E+02   .9999899  .0039308 -.0021653
T 4003  1 .1845182E+07   1000021E-01  .7361E+03 -.1530E+02   .9999278  .0116895 -.0027838
T 4004  1 .1859006E+07   1000017E-01  .4991E+02  .3900E+03   .9999884 -.0006697  .0047594
T 4005  1 .1842383E+07   1000007E-01  .1412E+03  .2924E+03   .9999844  .0030733  .0046580
T 4006  1 .1857188E+07   1000019E-01  .1150E+04  .7819E+03   .9997282  .0174535  .0154574
T 4007  1 .1851028E+07   1000008E-01  .5450E+02 -.8438E+02   .9999981 -.0018820  .0004491
T 4008  1 .1849342E+07   1000009E-01  .3225E+03 -.3971E+03   .9996737  .0215567 -.0137031
T 4009  1 .1854096E+07   1000009E-01 -.1404E+03  .1956E+03   .9999896 -.0022388  .0039776
T 4010  1 .1863818E+07   1000007E-01 -.3164E+02 -.3103E+03   .9999834  .0016766 -.0055187
T 4011  1 .1853414E+07   1000012E-01  .3433E+03  .1046E+03   .9998294  .0182175  .0030415
T 4012  1 .1827018E+07   1000010E-01  .4451E+04 -.7624E+04   .9947283  .0518650 -.0884625
T 4013  1 .1855099E+07   1000021E-01  .2268E+03  .1465E+03   .9999470  .0065451  .0079512
T 4014  1 .1819492E+07   1000020E-01  .2279E+03 -.3921E+03   .9999746  .0020998 -.0068065
T 4015  1 .1830912E+07   1000021E-01  .4052E+02  .3039E+02   .9999610  .0043627  .0076800
T 4016  1 .1857285E+07   1000021E-01 -.3929E+03 -.3663E+03   .9999668 -.0058144 -.0057096
T 4017  1 .1852485E+07   1000006E-01  .1853E+03  .4153E+03   .9999195  .0052506  .0115482
T 4018  1 .1842645E+07   1000006E-01 -.4226E+03  .5105E+03   .9999575 -.0072984  .0056285
T 4019  1 .1849228E+07   1000022E-01 -.7508E+02  .5165E+02   .9999965 -.0013050 -.0022811
T 4020  1 .1845913E+07   1000021E-01  .2446E+03 -.1547E+03   .9999035 -.0027166 -.0136239
T 4021  1 .1850186E+07   1000005E-01  .1409E+03  .3630E+03   .9999999  .0004669  .0000126
T 4022  1 .1825523E+07   1000015E-01  .6628E+02  .1675E+02   .9999941 -.0021169  .0027124
T 4023  1 .1842404E+07   1000020E-01 -.8367E+02 -.2514E+03   .9999851  .0042058  .0034897
T 4024  1 .1842352E+07   1000019E-01  .1548E+02  .1985E+03   .9999819 -.0035659  .0048373
T 4025  1 .1840420E+07   1000013E-01 -.7332E+02 -.4229E+03   .9999663 -.0027884 -.0077165
T 4026  1 .1830100E+07   1000008E-01  .6044E+03  .8491E+02   .9999324  .0116031  .0007395
T 4027  1 .1846987E+07   1000009E-01  .5818E+03  .5130E+03   .9999442  .0090091  .0055212
T 4028  1 .1858437E+07   1000012E-01  .4795E+03  .7124E+03   .9999653  .0044759  .0070221
T 4029  1 .1818060E+07   1000006E-01 -.1140E+03  .1053E+03   .9999920 -.0020013  .0034680
T 4030  1 .1836353E+07   1000022E-01  .1469E+03 -.4063E+03   .9999684  .0039000 -.0069308
T 4031  1 .1844499E+07   1000020E-01  .1552E+02  .6528E+02   .9999724  .0046100  .0058189
T 4032  1 .1845934E+07   1000002E-01 -.5864E+01  .2323E+01   .9999985 -.0016112 -.0006619
T 4033  1 .1851863E+07   1000014E-01  .1756E+03  .1876E+03   .9999916  .0000587  .0040971
T 4034  1 .1839234E+07   1000016E-01  .1145E+03  .7406E+02   .9999795  .0059795  .0022818
T 4035  1 .1849385E+07   1000017E-01 -.3613E+03  .1671E+03   .9999809 -.0061627  .0004105
T 4036  1 .1853929E+07   1000019E-01 -.7117E+03  .2282E+03   .9999071 -.0115953  .0071638
T 4037  1 .1838272E+07   1000015E-01  .1192E+02  .8252E+02   .9999939  .0011168 -.0033018
T 4038  1 .1831763E+07   1000016E-01  .6512E+03  .6554E+03   .9997824  .0063697  .0198665
T 4039  1 .1841962E+07   1000015E-01  .4882E+02  .7703E+03   .9999270  .0002009  .0120827
T 4040  1 .1848304E+07   1000011E-01  .1152E+03  .4439E+02   .9999978  .0020630 -.0002865
T 4041  1 .1824006E+07   1000013E-01  .1040E+03  .5151E+02   .9999275 -.0110860 -.0046932
T 4042  1 .1855234E+07   1000008E-01 -.1092E+03 -.2538E+03   .9998933 -.0057332 -.0134379
T 4043  1 .1857098E+07   1000010E-01 -.4318E+02  .4999E+03   .9999585  .0047801  .0077559
T 4044  1 .1845758E+07   1000013E-01 -.1824E+03  .1514E+03   .9999649 -.0083380  .0008626
T 4045  1 .1841616E+07   1000011E-01  .2466E+03  .2894E+03   .9999300  .0042393  .0110440
T 4046  1 .1847006E+07   1000012E-01  .1121E+03 -.4661E+03   .9999861  .0012807 -.0051156
T 4047  1 .1838799E+07   1000006E-01  .2957E+03 -.1529E+03   .9999949  .0029229 -.0012562
T 4048  1 .1831356E+07   1000003E-01  .9165E+02  .1264E+03   .9999934 -.0030578  .0019694
T 4049  1 .1834110E+07   1000006E-01  .2491E+03 -.1166E+03   .9987713  .0034763 -.0494348
T 4050  1 .1842339E+07   1000009E-01 -.1371E+03  .4577E+03   .9989614  .0439234  .0121170
T 4051  1 .1830422E+07   1000015E-01  .3318E+02 -.3962E+02   .9999857  .0052216 -.0011949
T 4052  1 .1848072E+07   1000018E-01  .6954E+02  .1294E+03   .9999977 -.0020885  .0004903
T 4053  1 .1855627E+07   1000018E-01  .1142E+03 -.3541E+03   .9999570 -.0006862 -.0092474
T 4054  1 .1823304E+07   1000008E-01  .2962E+03 -.4292E+03   .9999749 -.0008295 -.0070407
T 4055  1 .1858995E+07   1000000E-01 -.7362E+03  .4962E+03   .9999186 -.0099755  .0079534
T 4056  1 .1844586E+07   1000006E-01 -.3973E+03  .5299E+03   .9998776 -.0110002  .0111229
T 4057  1 .1850307E+07   1000008E-01 -.2520E+03 -.2586E+03   .9999854 -.0044364 -.0030774
T 4058  1 .1846048E+07   1000009E-01  .1123E+03 -.9628E+02   .9998768 -.0034704 -.0153099
T 4059  1 .1841402E+07   1000019E-01 -.1921E+02  .5510E+03   .9999876  .0005053  .0049465
T 4060  1 .1853655E+07   1000011E-01  .4081E+03  .2901E+03   .9999044  .0059968  .0124565
T 4061  1 .1845871E+07   1000017E-01  .8767E+02 -.1224E+03   .9999936  .0005233 -.0035412
T 4062  1 .1861834E+07   1000013E-01  .1430E+02 -.8123E+03   .9999443  .0043204 -.0096269
T 4063  1 .1841014E+07   1000002E-01  .1300E+02  .4702E+03   .9999434 -.0019838  .0104495
T 4064  1 .1836747E+07   1000014E-01 -.1573E+03 -.9121E+02   .9999134 -.0030888 -.0127899
T 4065  1 .1835741E+07   1000000E-01  .3852E+03  .1310E+03   .9999379  .0050232  .0099512
T 4066  1 .1849921E+07   1000011E-01  .1778E+03  .1269E+03   .9999733  .0046698  .0056168
T 4067  1 .1837690E+07   1000022E-01  .7765E+02 -.6697E+02   .9999881  .0045686  .0017189
T 4068  1 .1855529E+07   1000017E-01 -.3427E+03 -.3785E+03   .9999223 -.0118063 -.0039964
T 4069  1 .1851730E+07   1000018E-01 -.1109E+03 -.5659E+01   .9999761 -.0067592  .0014464
T 4070  1 .1846499E+07   1000011E-01  .5826E+03  .6164E+03   .9998605  .0111887  .0124044
T 4071  1 .1837851E+07   1000002E-01  .4500E+03  .8315E+03   .9998626  .0049686  .0158171
T 4072  1 .1844194E+07   1000011E-01 -.1212E+04  .7274E+02   .9996272 -.0267445  .0054961
T 4073  1 .1848382E+07   1000012E-01 -.1853E+03 -.8541E+01   .9999829 -.0052698  .0025514
T 4074  1 .1844687E+07   1000016E-01 -.1182E+04  .9105E+03   .9999311 -.0114305  .0026633
T 4075  1 .1852384E+07   1000005E-01  .5920E+02  .1231E+02   .9999969  .0024651 -.0002828
T 4076  1 .1825929E+07   1000005E-01  .8208E+01 -.1399E+02   .9999872 -.0023382  .0044974
T 4077  1 .1842514E+07   1000017E-01  .2720E+02  .5123E+02   .9999828  .0033575  .0048039
T 4078  1 .1834121E+07   1000021E-01  .3369E+03 -.4893E+03   .9999557  .0063340 -.0069649
T 4079  1 .1848869E+07   1000016E-01 -.6266E+03  .2583E+02   .9999533 -.0095991 -.0011309
T 4080  1 .1850361E+07   1000022E-01  .5684E+03  .7680E+02   .9999859  .0032839  .0041846
T 4081  1 .1862563E+07   1000019E-01  .2196E+03 -.6353E+02   .9999432  .0106611  .0000682
T 4082  1 .1846460E+07   1000021E-01  .2390E+03  .2670E+03   .9999920  .0037471  .0014002
T 4083  1 .1855613E+07   1000011E-01  .2449E+02 -.4815E+02   .9999922 -.0015250 -.0036325
T 4084  1 .1837130E+07   1000019E-01 -.8973E+02 -.4308E+03   .9999920 -.0019793 -.0034807
T 4085  1 .1856555E+07   1000000E-01 -.1599E+03 -.5231E+02   .9999981 -.0018757  .0004446
T 4086  1 .1837743E+07   1000017E-01  .4704E+02  .8175E+02   .9999758  .0069449 -.0003281
T 4087  1 .1848125E+07   1000013E-01 -.3289E+02  .8253E+02   .9999887 -.0008025  .0046811
T 4088  1 .1845340E+07   1000018E-01 -.2063E+02  .5788E+02   .9999675  .0010336  .0079995
T 4089  1 .1843879E+07   1000004E-01  .1466E+03 -.2671E+03   .9999888  .0033788 -.0033239
T 4090  1 .1839752E+07   1000019E-01  .8155E+02 -.3791E+03   .9999327  .0019377 -.0114409
T 4091  1 .1851924E+07   1000001E-01  .8859E+02  .1701E+03   .9999764 -.0021864  .0065199
T 4092  1 .1839989E+07   1000023E-01  .1513E+03 -.1503E+03   .9999337  .0079086 -.0083660
T 4093  1 .1843374E+07   1000018E-01 -.1863E+03 -.9886E+02   .9999885 -.0036994 -.0030373
T 4094  1 .1846077E+07   1000020E-01 -.4125E+03  .1957E+03   .9999332 -.0095917  .0064516
T 4095  1 .1840492E+07   1000001E-01  .2517E+03 -.8152E+02   .9999856  .0034321 -.0041243
T 4096  1 .1823353E+07   1000010E-01 -.1965E+03  .3590E+03   .9999600 -.0067521  .0058677
T 4097  1 .1844619E+07   1000014E-01  .1131E+03  .1412E+03   .9999650 -.0072356 -.0042048
T 4098  1 .1849821E+07   1000020E-01 -.1495E+04  .1034E+04   .9997379 -.0220363  .0062117
T 4099  1 .1850319E+07   1000015E-01 -.1727E+03 -.8969E+03   .9999288 -.0020347 -.0117568
T 4100  1 .1840204E+07   1000009E-01  .2143E+03 -.5156E+02   .9999405  .0011185 -.0108488
T 4101  1 .1847221E+07   1000017E-01  .1761E+03 -.6085E+03   .9998754  .0001887 -.0157855
T 4102  1 .1822846E+07   1000020E-01 -.3765E+01 -.4443E+03   .9999924  .0013592 -.0036488
T 4103  1 .1858563E+07   1000010E-01 -.4913E+03 -.6075E+02   .9999800 -.0061967 -.0012923
T 4104  1 .1847631E+07   1000010E-01 -.9592E+03  .8357E+03   .9995314 -.0251007  .0175193
T 4105  1 .1847280E+07   1000015E-01 -.5159E+03  .1777E+03   .9998987 -.0138960  .0030651
T 4106  1 .1866616E+07   1000010E-01  .1693E+04 -.2469E+03   .9996232  .0268402 -.0057446
T 4107  1 .1845326E+07   1000019E-01  .2777E+03 -.5612E+02   .9999607  .0085690  .0022594
T 4108  1 .1834889E+07   1000008E-01 -.2109E+03  .1434E+03   .9999888 -.0046917 -.0005852
T 4109  1 .1864963E+07   1000019E-01 -.3028E+03  .8655E+03   .9998723 -.0014118  .0159175
T 4110  1 .1839918E+07   1000014E-01 -.2627E+03  .7364E+02   .9999817 -.0050644  .0033075
T 4111  1 .1868033E+07   1000018E-01 -.2960E+03  .3058E+02   .9999916 -.0001113 -.0040874
T 4112  1 .1846857E+07   1000022E-01  .2139E+03  .1438E+03   .9999704  .0060674  .0047286
T 4113  1 .1836498E+07   1000001E-01 -.5269E+03  .1224E+03   .9999962 -.0014812 -.0023066
T 4114  1 .1859854E+07   1000018E-01 -.1407E+03 -.2508E+02   .9999579  .0070110 -.0059176
T 4115  1 .1845276E+07   1000022E-01 -.2801E+03 -.2539E+03   .9999718 -.0046933 -.0058627
T 4116  1 .1838536E+07   1000016E-01  .1804E+03  .4485E+03   .9998670  .0050824  .0154992
T 4117  1 .1836464E+07   1000014E-01  .6083E+03 -.4118E+03   .9993303  .0331647 -.0154609
T 4118  1 .1856802E+07   1000020E-01  .8831E+02 -.1560E+03   .9999716  .0061583 -.0043469
T 4119  1 .1850570E+07   1000001E-01  .1692E+03  .4204E+03   .9999601  .0061315  .0064907
T 4120  1 .1854352E+07   1000008E-01  .1231E+03 -.2373E+02   .9999908  .0011631  .0041206
T 4121  1 .1832653E+07   1000000E-01  .4084E+02 -.3498E+03   .9999880  .0002185 -.0048913
T 4122  1 .1849172E+07   1000019E-01  .2410E+03 -.3122E+02   .9999666  .0065179 -.0049377
T 4123  1 .1851187E+07   1000021E-01  .3538E+03 -.1069E+03   .9999912  .0041679 -.0004246
T 4124  1 .1841365E+07   1000006E-01  .4054E+03  .3152E+02   .9999784  .0064457 -.0012971
T 4125  1 .1855066E+07   1000013E-01 -.1704E+03 -.2876E+03   .9999362 -.0022629 -.0110685
T 4126  1 .1849244E+07   1000016E-01 -.2148E+03  .1506E+03   .9999844 -.0055468  .0005862
T 4127  1 .1840296E+07   1000008E-01  .5824E+03 -.4003E+03   .9998998  .0130390 -.0055101
T 4128  1 .1846972E+07   1000016E-01 -.6434E+01 -.5578E+02   .9999908 -.0042821 -.0001500
T 4129  1 .1858676E+07   1000016E-01  .1462E+03 -.4094E+02   .9999861  .0040102  .0034153
T 4130  1 .1827187E+07   1000020E-01  .5622E+03  .3960E+03   .9999675  .0062369  .0051068
T 4131  1 .1854165E+07   1000012E-01 -.1199E+04  .2770E+03   .9997830 -.0149892  .0144656
T 4132  1 .1838003E+07   1000021E-01  .3174E+02  .4726E+03   .9999565  .0022200  .0090605
T 4133  1 .1860136E+07   1000020E-01  .8354E+03 -.6054E+03   .9994023  .0117014 -.0325301
T 4134  1 .1838588E+07   1000003E-01 -.4412E+03 -.2777E+03   .9999341 -.0042518  .0106677
T 4135  1 .1849371E+07   1000020E-01  .6226E+03 -.4708E+03   .9999406  .0051191 -.0096202
T 4136  1 .1833771E+07   1000020E-01  .7622E+03 -.2304E+03   .9998752  .0157654 -.0009785
T 4137  1 .1843011E+07   1000010E-01 -.1706E+03  .1293E+03   .9999964 -.0026823  .0002395
T 4138  1 .1843971E+07   1000010E-01  .1306E+03  .2156E+03   .9999949  .0018868  .0025931
T 4139  1 .1849520E+07   1000001E-01  .4547E+03 -.7786E+03   .9998999  .0090584 -.0108703
T 4140  1 .1856674E+07   1000007E-01 -.1037E+03 -.3872E+03   .9999896 -.0009800 -.0044478
T 4141  1 .1842738E+07   1000009E-01 -.1256E+02 -.3351E+02   .9999899  .0033133  .0030246
T 4142  1 .1855401E+07   1000019E-01 -.1962E+03  .3008E+03   .9999814  .0047484  .0038327
T 4143  1 .1845446E+07   1000021E-01 -.4695E+03  .5994E+03   .9999954 -.0027308  .0013428
T 4144  1 .1842476E+07   1000016E-01  .6703E+02  .3140E+03   .9999243  .0013419  .0122314
T 4145  1 .1848412E+07   1000006E-01 -.8767E+02  .1036E+03   .9999990 -.0007947  .0011474
T 4146  1 .1835705E+07   1000010E-01 -.1500E+03  .1806E+02   .9997287 -.0224645  .0061618
T 4147  1 .1852559E+07   1000019E-01 -.6747E+02 -.4585E+01   .9999742  .0051393  .0050270
T 4148  1 .1822087E+07   1000004E-01 -.1425E+03  .4055E+02   .9999989  .0001329  .0014444
T 4149  1 .1837834E+07   1000016E-01  .2802E+03 -.2339E+02   .9973618  .0648720  .0325726
T 4150  1 .1855865E+07   1000021E-01  .3307E+03 -.4903E+03   .9999156  .0035871 -.0124838
T 4151  1 .1838468E+07   1000005E-01  .2580E+03 -.1965E+03   .9999842 -.0004587 -.0055948
T 4152  1 .1831029E+07   1000002E-01  .2546E+03  .4296E+03   .9999586  .0082261  .0038932
T 4153  1 .1850604E+07   1000021E-01  .4962E+02 -.1181E+03   .9999929  .0024471 -.0028699
T 4154  1 .1850293E+07   1000016E-01  .4359E+02 -.7509E+02   .9999911 -.0040889  .0010321
T 4155  1 .1823969E+07   1000017E-01  .7332E+03 -.2977E+03   .9999518  .0082740 -.0052862
T 4156  1 .1854982E+07   1000015E-01 -.2562E+03  .1545E+02   .9999489 -.0064108  .0078108
T 4157  1 .1826956E+07   1000019E-01  .3808E+02 -.7244E+02   .9999961  .0026044 -.0009602
T 4158  1 .1839809E+07   1000017E-01  .7204E+02  .3032E+03   .9999753  .0014626  .0068697
T 4159  1 .1860289E+07   1000005E-01  .4208E+03 -.1246E+03   .9999420  .0104541 -.0025932
T 4160  1 .1865658E+07   1000021E-01  .1761E+03  .5147E+02   .9999989  .0009875  .0011218
T 4161  1 .1837063E+07   1000009E-01 -.1786E+03  .1480E+02   .9999997  .0004317 -.0006916
T 4162  1 .1851468E+07   1000007E-01 -.8546E+03  .5653E+03   .9996965 -.0174325  .0174092
T 4163  1 .1826100E+07   1000009E-01 -.1471E+03  .5026E+02   .9999761 -.0034863 -.0059665
T 4164  1 .1846804E+07   1000015E-01  .3717E+03  .5672E+03   .9999239  .0076317  .0096948
T 4165  1 .1835103E+07   1000007E-01  .1400E+03 -.2654E+03   .9999279  .0096201 -.0071918
T 4166  1 .1835544E+07   1000003E-01 -.1073E+03  .3054E+03   .9999578  .0065663  .0064183
T 4167  1 .1844094E+07   1000015E-01 -.1699E+03  .5202E+02   .9999794 -.0062372 -.0015002
T 4168  1 .1823940E+07   1000015E-01  .4372E+03 -.8440E+03   .9998910  .0057778 -.0135882
T 4169  1 .1842313E+07   1000002E-01 -.1383E+03  .1839E+03   .9999800  .0059442  .0021479
T 4170  1 .1836559E+07   1000002E-01 -.1962E+03 -.5545E+03   .9999550  .0014343 -.0093785
T 4171  1 .1846867E+07   1000013E-01 -.1165E+03 -.1048E+03   .9999857  .0019253 -.0049795
T 4172  1 .1835885E+07   1000005E-01  .9077E+02  .3382E+03   .9999566  .0035740  .0086095
T 4173  1 .1835930E+07   1000022E-01  .1103E+03  .5142E+03   .9999317  .0094735  .0068444
T 4174  1 .1839811E+07   1000009E-01  .2595E+03  .3893E+03   .9999290  .0083322  .0085227
T 4175  1 .1837235E+07   1000010E-01 -.2377E+03  .3406E+03   .9999892 -.0028063  .0037157
T 4176  1 .1852274E+07   1000003E-01 -.3391E+03 -.6382E+02   .9999787 -.0065298  .0001787
T 4177  1 .1842016E+07   1000022E-01  .4691E+03  .1870E+03   .9999771  .0067637 -.0000539
T 4178  1 .1847106E+07   1000017E-01  .3419E+03 -.2606E+03   .9999106  .0108025 -.0078761
T 4179  1 .1857662E+07   1000002E-01  .8172E+02 -.4936E+03   .9999996 -.0006680 -.0005046
T 4180  1 .1869607E+07   1000002E-01 -.7384E+02  .2740E+02   .9999869 -.0048626  .0015728
T 4181  1 .1847436E+07   1000008E-01 -.3435E+03 -.9205E+02   .9999951  .0013160 -.0028450
T 4182  1 .1838987E+07   1000011E-01  .5176E+02 -.1711E+03   .9999949  .0028377 -.0014972
T 4183  1 .1859198E+07   1000012E-01 -.4011E+02 -.9402E+03   .9998229  .0037016 -.0184523
T 4184  1 .1839879E+07   1000008E-01 -.5383E+03  .8023E+03   .9996533 -.0141178  .0222254
T 4185  1 .1843117E+07   1000018E-01  .1385E+03 -.3007E+03   .9999030  .0072737 -.0118739
T 4186  1 .1839142E+07   1000010E-01 -.3799E+02 -.1049E+04   .9999067 -.0019785 -.0135142
T 4187  1 .1845468E+07   1000007E-01 -.1369E+03  .1553E+03   .9999865 -.0048707 -.0018047
T 4188  1 .1857413E+07   1000013E-01 -.1212E+04  .3283E+03   .9998574 -.0140679  .0093424
T 4189  1 .1838358E+07   1000022E-01 -.5755E+03 -.8457E+03   .9997237 -.0099633 -.0212905
T 4190  1 .1852981E+07   1000008E-01  .1205E+02  .1869E+03   .9998644 -.0029965  .0161931
T 4191  1 .1854051E+07   1000013E-01  .5977E+03  .8674E+03   .9997518  .0138194  .0174742
T 4192  1 .1834927E+07   1000022E-01  .6761E+02 -.6407E+02   .9999956  .0009369 -.0028150
T 4193  1 .1855060E+07   1000003E-01  .3179E+03 -.8217E+03   .9996560 -.0130540 -.0227501
T 4194  1 .1841611E+07   1000016E-01  .2744E+03  .2978E+03   .9995877  .0199015  .0206972
T 4195  1 .1852072E+07   1000014E-01  .2374E+03 -.3436E+03   .9999826  .0047418 -.0035035
T 4196  1 .1832064E+07   1000021E-01 -.1583E+03 -.5615E+03   .9999739 -.0038044 -.0061408
T 4197  1 .1827176E+07   1000010E-01 -.2254E+03 -.7387E+02   .9999055 -.0137444  .0004121
T 4198  1 .1853794E+07   1000021E-01  .3977E+02 -.2972E+03   .9999791 -.0011898 -.0063606
T 4199  1 .1837242E+07   1000021E-01 -.8270E+02 -.6796E+01   .9999463 -.0007476  .0103356
T 4200  1 .1856524E+07   1000014E-01  .5798E+03 -.6018E+03   .9999232  .0088149 -.0087129
T 4201  1 .1846936E+07   1000003E-01 -.1259E+03 -.4520E+03   .9999701  .0016491 -.0075518
T 4202  1 .1849734E+07   1000019E-01 -.7286E+03  .3413E+03   .9998724 -.0158833  .0016865
T 4203  1 .1858922E+07   1000011E-01 -.1154E+03 -.1530E+03   .9999963  .0005123  .0026802
T 4204  1 .1834178E+07   1000015E-01  .6152E+02 -.2084E+03   .9999999 -.0001520  .0004166
T 4205  1 .1864999E+07   1000014E-01  .5575E+02 -.2426E+03   .9999115  .0049020 -.0123646
T 4206  1 .1857112E+07   1000006E-01  .1118E+03  .1399E+03   .9999753 -.0049986  .0049420
T 4207  1 .1839459E+07   1000008E-01 -.2125E+03  .5243E+02   .9999729  .0001710 -.0073623
T 4208  1 .1850203E+07   1000014E-01 -.5439E+03 -.4731E+03   .9997775 -.0140210 -.0157613
T 4209  1 .1830887E+07   1000000E-01 -.3094E+03 -.1000E+03   .9999583 -.0089174 -.0019622
T 4210  1 .1834782E+07   1000017E-01 -.4862E+03  .5435E+03   .9999196 -.0098826  .0079463
T 4211  1 .1846460E+07   1000005E-01  .2520E+03 -.2731E+03   .9999883  .0047868 -.0007192
T 4212  1 .1848345E+07   1000022E-01 -.1494E+03 -.1218E+03   .9999937 -.0032081  .0014921
T 4213  1 .1856157E+07   1000000E-01  .5560E+03  .8457E+02   .9999784  .0063704  .0016393
T 4214  1 .1837560E+07   1000021E-01 -.4402E+03 -.9293E+02   .9999617 -.0087336 -.0005599
T 4215  1 .1836849E+07   1000012E-01  .1033E+04  .3307E+03   .9999336  .0114526  .0012837
T 4216  1 .1845489E+07   1000012E-01 -.5031E+02 -.1927E+02   .9999485 -.0027739  .0097658
T 4217  1 .1855534E+07   1000014E-01  .1341E+03  .1612E+03   .9999731  .0065256 -.0033507
T 4218  1 .1830476E+07   1000018E-01  .9785E+02  .3918E+03   .9999962  .0014027  .0023877
T 4219  1 .1835958E+07   1000001E-01  .4402E+03  .4113E+03   .9999306  .0060494  .0101129
T 4220  1 .1851817E+07   1000003E-01  .3899E+03 -.4497E+03   .9998701  .0096876 -.0128809
T 4221  1 .1833132E+07   1000003E-01  .2429E+03  .5647E+04   .9953074 -.0009128  .0967594
T 4222  1 .1846130E+07   1000020E-01  .2291E+03 -.1805E+03   .9999700  .0072251 -.0028029
T 4223  1 .1856580E+07   1000013E-01 -.3955E+03  .2596E+03   .9998765 -.0153515 -.0033649
T 4224  1 .1853343E+07   1000016E-01 -.2895E+03  .3057E+03   .9999870 -.0047646  .0018428
T 4225  1 .1841245E+07   1000022E-01  .3042E+03 -.1121E+01   .9999901  .0023814 -.0037580
T 4226  1 .1846119E+07   1000019E-01 -.2957E+03 -.3761E+03   .9999224 -.0095660 -.0079855
T 4227  1 .1836695E+07   1000018E-01 -.4439E+03 -.2551E+03   .9998839 -.0142929 -.0052894
T 4228  1 .1829614E+07   1000016E-01  .4185E+03  .5692E+01   .9999673  .0080536 -.0006857
T 4229  1 .1848141E+07   1000007E-01  .4292E+02  .3868E+03   .9999825 -.0034568  .0047949
T 4230  1 .1852838E+07   1000014E-01  .3231E+02  .6983E+02   .9999759 -.0058268 -.0037850
T 4231  1 .1841394E+07   1000017E-01  .2112E+03  .1338E+02   .9999813  .0060933 -.0005328
T 4232  1 .1842585E+07   1000018E-01  .4651E+03  .1913E+03   .9999520  .0095137  .0023352
T 4233  1 .1852744E+07   1000020E-01  .1300E+03  .5069E+02   .9999315  .0112635  .0031863
T 4234  1 .1832186E+07   1000016E-01  .1207E+03  .1249E+03   .9999604  .0079096  .0040884
T 4235  1 .1840329E+07   1000010E-01  .1440E+03  .3415E+03   .9998500  .0067245  .0159600
T 4236  1 .1845525E+07   1000012E-01 -.3015E+03  .5196E+02   .9999903 -.0042426 -.0012232
T 4237  1 .1828780E+07   1000020E-01 -.1787E+03  .1284E+04   .9997285 -.0113096  .0203713
T 4238  1 .1846430E+07   1000015E-01 -.1488E+03 -.7278E+03   .9999250  .0009397 -.0122110
T 4239  1 .1849523E+07   1000011E-01  .6079E+03  .2846E+03   .9999773  .0061793  .0026704
T 4240  1 .1852317E+07   1000017E-01 -.3460E+03  .2557E+03   .9999645 -.0081738  .0020352
T 4241  1 .1851318E+07   1000022E-01  .1994E+03 -.2595E+03   .9998565  .0043452 -.0163726
T 4242  1 .1852844E+07   1000014E-01  .3315E+03  .1076E+03   .9999254  .0104442  .0063359
T 4243  1 .1856305E+07   1000012E-01 -.6927E+03  .2211E+02   .9998104 -.0194544  .0008810
T 4244  1 .1845046E+07   1000022E-01  .2807E+03 -.7351E+02   .9998730  .0149548 -.0055061
T 4245  1 .1861019E+07   1000019E-01 -.4073E+03  .3387E+03   .9999469 -.0099935  .0025301
T 4246  1 .1857126E+07   1000021E-01 -.1946E+03 -.1307E+03   .9999814 -.0011012 -.0059965
T 4247  1 .1834197E+07   1000001E-01 -.4076E+03  .6149E+03   .9998253 -.0025453  .0185154
T 4248  1 .1852483E+07   1000002E-01  .6886E+02 -.3913E+02   .9999687  .0059233 -.0052544
T 4249  1 .1849558E+07   1000012E-01  .7657E+02  .1562E+03   .9999748  .0052742  .0047519
T 4250  1 .1857617E+07   1000006E-01 -.3434E+03  .2029E+03   .9999732 -.0041300  .0060402
T 4251  1 .1843425E+07   1000023E-01 -.3844E+02 -.5726E+01   .9999826 -.0002340  .0058979
T 4252  1 .1837592E+07   1000002E-01  .2101E+03  .2866E+03   .9999905  .0030876  .0030665
T 4253  1 .1840124E+07   1000022E-01  .2587E+03  .8205E+01   .9999774  .0067071  .0004799
T 4254  1 .1843544E+07   1000005E-01 -.2018E+03  .1679E+02   .9999683 -.0076745  .0021328
T 4255  1 .1833247E+07   1000011E-01 -.6463E+02  .1773E+03   .9999990 -.0013364  .0004366
T 4256  1 .1846748E+07   1000020E-01 -.1079E+04  .2187E+04   .9992413 -.0229845  .0314397
T 4257  1 .1853748E+07   1000020E-01  .8390E+02 -.6279E+02   .9999986  .0007698 -.0014833
T 4258  1 .1842167E+07   1000007E-01  .1262E+03  .3305E+01   .9999843  .0038344 -.0040831
T 4259  1 .1852402E+07   1000009E-01  .2042E+03 -.2494E+03   .9999829  .0040251 -.0042452
T 4260  1 .1821591E+07   1000020E-01 -.4722E+03 -.5258E+03   .9999338 -.0097542 -.0061114
T 4261  1 .1852260E+07   1000017E-01 -.3500E+03  .2060E+03   .9999562 -.0089370  .0027743
T 4262  1 .1855079E+07   1000017E-01 -.7260E+03  .6912E+02   .9999823 -.0059157  .0005726
T 4263  1 .1832179E+07   1000020E-01  .3451E+03  .3620E+03   .9998735  .0121929  .0102125
T 4264  1 .1834645E+07   1000002E-01  .1013E+02  .3580E+02   .9999515 -.0003419 -.0098418
T 4265  1 .1842516E+07   1000020E-01  .2586E+03  .2628E+03   .9999956  .0021034  .0020739
T 4266  1 .1828225E+07   1000006E-01  .1399E+03 -.5289E+03   .9999234  .0016093 -.0122752
T 4267  1 .1845326E+07   1000016E-01  .5400E+03 -.5442E+03   .9999694  .0073580 -.0026425
T 4268  1 .1837676E+07   1000015E-01 -.1892E+02  .1925E+03   .9999930 -.0019355 -.0031952
T 4269  1 .1841291E+07   1000006E-01 -.2524E+03  .6664E+01   .9999953 -.0001991 -.0030485
T 4270  1 .1835814E+07   1000003E-01 -.2004E+03  .1090E+03   .9999874 -.0050114  .0003226
T 4271  1 .1853590E+07   1000009E-01  .2032E+03 -.3384E+03   .9998506  .0163162 -.0056995
T 4272  1 .1850378E+07   1000006E-01 -.7898E+01 -.3688E+02   .9999974 -.0016250 -.0015933
T 4273  1 .1844496E+07   1000012E-01  .2510E+04  .1197E+04   .9995579  .0296001 -.0027974
T 4274  1 .1838205E+07   1000018E-01 -.4097E+03  .6295E+02   .9999259 -.0117126 -.0033323
T 4275  1 .1840120E+07   1000016E-01  .1681E+03 -.4179E+02   .9998965  .0140984  .0028727
T 4276  1 .1846092E+07   1000020E-01  .1854E+03  .5193E+03   .9994662 -.0074034  .0318187
T 4277  1 .1863534E+07   1000000E-01 -.8543E+02  .1529E+03   .9999265  .0039711  .0114583
T 4278  1 .1861372E+07   1000011E-01 -.4899E+03 -.1170E+04   .9999008 -.0067695 -.0123498
T 4279  1 .1856374E+07   1000019E-01 -.2211E+03 -.9938E+02   .9999824  .0052977  .0026715
T 4280  1 .1838723E+07   1000011E-01 -.1277E+03  .3635E+03   .9999455 -.0005624  .0104235
T 4281  1 .1840003E+07   1000008E-01 -.1346E+04  .1991E+03   .9996622 -.0255927  .0045204
T 4282  1 .1843191E+07   1000005E-01  .4742E+02  .1196E+03   .9999851 -.0031360  .0044588
T 4283  1 .1835660E+07   1000009E-01 -.5867E+03  .6049E+03   .9997614 -.0115200  .0185568
T 4284  1 .1838331E+07   1000005E-01 -.6704E+02 -.6622E+00   .9999982 -.0016804 -.0008977
T 4285  1 .1837290E+07   1000005E-01  .7176E+02  .2386E+02   .9999990  .0013870  .0000366
T 4286  1 .1847075E+07   1000013E-01  .1951E+02 -.1613E+03   .9999855 -.0017501 -.0050889
T 4287  1 .1838195E+07   1000020E-01  .5606E+03 -.3682E+03   .9999922  .0015354 -.0036466
T 4288  1 .1845310E+07   1000007E-01  .9950E+02  .4164E+02   .9999734  .0005364  .0072723
T 4289  1 .1854825E+07   1000020E-01 -.9157E+02 -.1497E+02   .9999940 -.0033905 -.0006935
T 4290  1 .1847561E+07   1000018E-01  .2388E+03  .9151E+02   .9999199  .0112876  .0057227
T 4291  1 .1856346E+07   1000013E-01  .5741E+02 -.3841E+03   .9999853  .0030503 -.0044744
T 4292  1 .1832440E+07   1000001E-01 -.3523E+03 -.2753E+03   .9999838 -.0036510 -.0043700
T 4293  1 .1838014E+07   1000020E-01  .2283E+03  .3983E+02   .9999938  .0029136  .0019549
T 4294  1 .1822753E+07   1000006E-01 -.6568E+03  .1439E+03   .9999461 -.0096969  .0036995
T 4295  1 .1849177E+07   1000011E-01 -.3433E+03 -.2489E+03   .9999330 -.0115206  .0011351
T 4296  1 .1829765E+07   1000011E-01  .8115E+03  .8199E+03   .9997646  .0152510  .0154332
T 4297  1 .1839891E+07   1000015E-01  .1157E+03 -.1314E+03   .9999604  .0080027  .0038971
T 4298  1 .1831632E+07   1000001E-01 -.5764E+03 -.3503E+03   .9999503 -.0093218 -.0035380
T 4299  1 .1828664E+07   1000005E-01  .1662E+01 -.4087E+03   .9996975 -.0136308 -.0204711
T 4300  1 .1833429E+07   1000022E-01  .2158E+03 -.6089E+03   .9998137  .0089627 -.0170937
T 4301  1 .1862013E+07   1000001E-01 -.1115E+03 -.1650E+03   .9999631 -.0063853 -.0057397
T 4302  1 .1839705E+07   1000018E-01  .2622E+03  .1720E+03   .9999817  .0052283  .0030577
T 4303  1 .1853869E+07   1000018E-01  .1352E+03  .4276E+03   .9999665  .0010137  .0081258
T 4304  1 .1848967E+07   1000015E-01  .3091E+03 -.8577E+02   .9999919  .0016079 -.0036966
T 4305  1 .1847831E+07   1000003E-01 -.4799E+02  .7473E+02   .9999981  .0006097  .0018407
T 4306  1 .1836246E+07   1000004E-01  .1060E+03  .1137E+03   .9999543  .0016034  .0094251
T 4307  1 .1840888E+07   1000015E-01  .1239E+03 -.1542E+03   .9999647  .0070435 -.0045765
T 4308  1 .1842095E+07   1000003E-01 -.2444E+03  .2794E+03   .9999712 -.0015511  .0074257
T 4309  1 .1838733E+07   1000015E-01 -.1261E+03 -.5647E+02   .9999942 -.0021846 -.0026012
T 4310  1 .1848190E+07   1000020E-01  .6338E+02 -.8971E+01   .9999976  .0013492 -.0017130
T 4311  1 .1833931E+07   1000005E-01 -.1818E+03  .9482E+02   .9999679 -.0066908 -.0044190
T 4312  1 .1852349E+07   1000005E-01  .1325E+04  .5539E+03   .9997345  .0198324  .0117336
T 4313  1 .1843133E+07   1000017E-01  .3454E+03 -.3101E+04   .9992177 -.0012645 -.0395267
T 4314  1 .1850027E+07   1000013E-01  .5264E+03 -.6885E+03   .9999554  .0064442 -.0069102
T 4315  1 .1827234E+07   1000020E-01 -.3486E+03  .1882E+03   .9999792 -.0051388  .0038862
T 4316  1 .1834377E+07   1000015E-01  .1518E+03 -.3955E+03   .9999404  .0034158 -.0103666
T 4317  1 .1858620E+07   1000011E-01  .1910E+03  .3388E+03   .9998632  .0102240  .0130029
T 4318  1 .1850608E+07   1000011E-01 -.1300E+03 -.2849E+03   .9999549 -.0046395 -.0082917
T 4319  1 .1840453E+07   1000012E-01  .3045E+02  .1266E+03   .9999758 -.0014658  .0067997
T 4320  1 .1837869E+07   1000005E-01 -.4664E+03 -.3021E+03   .9999858 -.0027478 -.0045621
T 4321  1 .1842059E+07   1000011E-01 -.5107E+03 -.4787E+03   .9999041 -.0134944  .0031142
T 4322  1 .1846219E+07   1000002E-01  .1089E+02 -.2310E+03   .9999893 -.0043867  .0014647
T 4323  1 .1838575E+07   1000003E-01  .1072E+02 -.4435E+02   .9999987  .0015913  .0002583
T 4324  1 .1850232E+07   1000021E-01 -.3282E+03  .2501E+03   .9999955  .0020521  .0021670
T 4325  1 .1820428E+07   1000013E-01 -.9116E+02 -.2430E+03   .9999602 -.0088810  .0008083
T 4326  1 .1837351E+07   1000013E-01 -.3245E+01  .1513E+03   .9993178 -.0240701 -.0280118
T 4327  1 .1831088E+07   1000010E-01  .5083E+02 -.1955E+03   .9999982  .0007672  .0017555
T 4328  1 .1831313E+07   1000021E-01  .2281E+02 -.5322E+03   .9998949 -.0004253 -.0144929
T 4329  1 .1838873E+07   1000022E-01  .2824E+03 -.6533E+02   .9998965  .0126580 -.0068443
T 4330  1 .1839074E+07   1000009E-01  .1061E+03  .7746E+02   .9999978  .0008074  .0019222
T 4331  1 .1841361E+07   1000014E-01  .1431E+03 -.1037E+03   .9999902  .0035417 -.0026607
T 4332  1 .1849641E+07   1000014E-01  .1975E+03 -.3243E+03   .9999821  .0050198 -.0032574
T 4333  1 .1847271E+07   1000021E-01  .2407E+03  .1317E+03   .9999832  .0057583 -.0007101
T 4334  1 .1832677E+07   1000009E-01  .7351E+01  .3132E+02   .9999945 -.0029646  .0014703
T 4335  1 .1852794E+07   1000006E-01 -.2360E+03  .2315E+03   .9997865 -.0138366  .0153455
T 4336  1 .1855089E+07   1000008E-01 -.4451E+03  .1987E+03   .9998083 -.0154853  .0119841
T 4337  1 .1855644E+07   1000002E-01 -.2708E+03 -.7666E+02   .9999576 -.0091185 -.0012937
T 4338  1 .1842586E+07   1000011E-01 -.2584E+03 -.1027E+03   .9999928  .0012539 -.0035722
T 4339  1 .1859194E+07   1000020E-01  .5407E+02  .9501E+02   .9999532  .0089380 -.0037080
T 4340  1 .1853751E+07   1000015E-01 -.7924E+03  .1816E+04   .9983167 -.0223628  .0535128
T 4341  1 .1824444E+07   1000012E-01  .2200E+03  .3188E+03   .9999656 -.0001535  .0082888
T 4342  1 .1829847E+07   1000007E-01  .4001E+02 -.2451E+03   .9999802  .0052428 -.0034894
T 4343  1 .1835543E+07   1000021E-01  .4660E+03 -.2109E+03   .9999989 -.0014742 -.0002471
T 4344  1 .1849258E+07   1000014E-01  .2777E+02  .7512E+02   .9999931  .0010811 -.0035642
T 4345  1 .1842855E+07   1000021E-01  .4917E+01  .3351E+03   .9998918 -.0101634  .0106309
T 4346  1 .1841840E+07   1000016E-01 -.1835E+02 -.2982E+03   .9999742  .0010273 -.0071111
T 4347  1 .1836645E+07   1000022E-01 -.2068E+02 -.2573E+03   .9998972 -.0079757 -.0119142
T 4348  1 .1840759E+07   1000021E-01  .2916E+03 -.8260E+02   .9999883  .0044144 -.0019846
T 4349  1 .1859844E+07   1000002E-01  .4747E+03  .3064E+03   .9999786  .0065346 -.0002962
T 4350  1 .1850404E+07   1000016E-01  .4869E+03  .5704E+03   .9998572  .0090604  .0142684
T 4351  1 .1851406E+07   1000004E-01  .1917E+03  .4379E+03   .9999057  .0057384  .0124758
T 4352  1 .1823150E+07   1000004E-01  .3694E+03 -.1464E+02   .9996658  .0258170  .0013404
T 4353  1 .1839503E+07   1000004E-01  .1192E+03 -.7894E+02   .9999976  .0022018  .0000394
T 4354  1 .1844306E+07   1000007E-01 -.1247E+03  .1118E+02   .9999984 -.0017537  .0002135
T 4355  1 .1840104E+07   1000001E-01 -.7871E+02 -.3928E+03   .9999609 -.0030794 -.0082851
T 4356  1 .1864637E+07   1000010E-01 -.2767E+03  .2571E+03   .9999727 -.0054188  .0050245
T 4357  1 .1856561E+07   1000022E-01 -.6612E+02 -.3587E+02   .9999884 -.0043074  .0021718
T 4358  1 .1834273E+07   1000020E-01  .4663E+02 -.4112E+02   .9999694 -.0065659 -.0042449
T 4359  1 .1849655E+07   1000016E-01  .3726E+02 -.2584E+03   .9999066  .0096789 -.0096481
T 4360  1 .1849445E+07   1000004E-01 -.6744E+03 -.5934E+03   .9998952 -.0099260 -.0105361
T 4361  1 .1851080E+07   1000006E-01  .1308E+03 -.1981E+03   .9999517  .0061323 -.0076746
T 4362  1 .1857586E+07   1000018E-01 -.1973E+03 -.1474E+03   .9998620 -.0048999 -.0158733
T 4363  1 .1833007E+07   1000021E-01  .4849E+03  .6436E+03   .9996520  .0178343  .0194373
T 4364  1 .1838432E+07   1000010E-01 -.2527E+03 -.1681E+03   .9999787 -.0051740 -.0039801
T 4365  1 .1861148E+07   1000004E-01  .2251E+03 -.1700E+03   .9999414  .0079874 -.0073039
T 4366  1 .1855456E+07   1000002E-01 -.3006E+02 -.8114E+02   .9995643  .0177342 -.0235941
T 4367  1 .1857329E+07   1000010E-01  .5367E+02 -.2309E+03   .9999866  .0024630 -.0045510
T 4368  1 .1837648E+07   1000014E-01 -.8264E+03  .3958E+02   .9998872 -.0144516  .0040828
T 4369  1 .1841917E+07   1000012E-01 -.1971E+03  .4822E+03   .9999589 -.0041702  .0080500
T 4370  1 .1834265E+07   1000016E-01  .1493E+02  .1097E+03   .9999898  .0044965 -.0004572
T 4371  1 .1839057E+07   1000012E-01  .7672E+02 -.1638E+03   .9999849 -.0040162 -.0037392
T 4372  1 .1845087E+07   1000022E-01  .1020E+04  .2168E+04   .9994934  .0104589  .0300606
T 4373  1 .1846609E+07   1000007E-01  .6928E+03  .3868E+03   .9997658  .0210762  .0049157
T 4374  1 .1851190E+07   1000014E-01  .1116E+03 -.1022E+03   .9999980 -.0002323 -.0019972
T 4375  1 .1842517E+07   1000020E-01 -.7182E+02 -.3360E+03   .9999822 -.0042442 -.0041893
T 4376  1 .1832862E+07   1000020E-01 -.2442E+03 -.3274E+03   .9999149 -.0029909 -.0126989
T 4377  1 .1829069E+07   1000014E-01  .2059E+03  .5386E+03   .9999987  .0015346  .0004547
T 4378  1 .1856825E+07   1000007E-01 -.4184E+03 -.7691E+02   .9998720 -.0159780 -.0008083
T 4379  1 .1837195E+07   1000003E-01 -.8326E+01 -.3240E+03   .9999680  .0000093 -.0079981
T 4380  1 .1838476E+07   1000004E-01 -.5244E+03 -.9004E+02   .9998973 -.0130222 -.0059862
T 4381  1 .1835953E+07   1000021E-01 -.1135E+03 -.3085E+03   .9999872 -.0018865 -.0046947
T 4382  1 .1862179E+07   1000016E-01 -.2216E+03 -.2255E+03   .9999795 -.0023970  .0059436
T 4383  1 .1858198E+07   1000022E-01 -.2701E+03  .4228E+03   .9999662 -.0004444  .0082143
T 4384  1 .1847694E+07   1000004E-01  .3371E+03  .1697E+03   .9999684  .0035844  .0070938
T 4385  1 .1850236E+07   1000007E-01  .4670E+03 -.4674E+03   .9998569  .0142029 -.0091918
T 4386  1 .1852853E+07   1000011E-01 -.2029E+03  .7753E+02   .9999791 -.0046212  .0045119
T 4387  1 .1845410E+07   1000017E-01  .2752E+03 -.6812E+03   .9997375  .0107565 -.0202306
T 4388  1 .1832068E+07   1000022E-01 -.1999E+03  .6413E+02   .9999951 -.0021650  .0022779
T 4389  1 .1852048E+07   1000016E-01  .1921E+03 -.6328E+02   .9999967 -.0004656 -.0025221
T 4390  1 .1866784E+07   1000022E-01 -.2898E+03  .4318E+02   .9999910 -.0020703 -.0036968
T 4391  1 .1835916E+07   1000012E-01  .1240E+03  .1653E+03   .9998029  .0054292  .0190956
T 4392  1 .1839473E+07   1000023E-01  .4895E+02  .3111E+03   .9999760 -.0014601  .0067798
T 4393  1 .1830582E+07   1000012E-01  .3581E+02  .1033E+03   .9999763  .0012854  .0067637
T 4394  1 .1864088E+07   1000012E-01  .7313E+02  .3193E+01   .9999952  .0028549  .0011759
T 4395  1 .1836975E+07   1000000E-01  .2540E+03 -.5391E+03   .9999788  .0017346 -.0062773
T 4396  1 .1841523E+07   1000013E-01  .1329E+03  .1331E+03   .9999304  .0092108  .0073698
T 4397  1 .1833435E+07   1000021E-01 -.1755E+02  .1448E+03   .9999959 -.0001440  .0028773
T 4398  1 .1825413E+07   1000003E-01  .2803E+03  .4986E+03   .9999545 -.0012591  .0094569
T 4399  1 .1859817E+07   1000017E-01  .9304E+03  .4339E+03   .9997703  .0206793  .0056385
T 4400  1 .1840502E+07   1000001E-01  .3954E+03  .3672E+03   .9998216  .0181283  .0053110
T 4401  1 .1831181E+07   1000005E-01  .1975E+03  .1955E+03   .9999656  .0052540  .0064138
T 4402  1 .1842715E+07   1000017E-01 -.5209E+02 -.1163E+03   .9999939 -.0034796 -.0002539
T 4403  1 .1835261E+07   1000017E-01  .2491E+02 -.5142E+02   .9999995  .0003117 -.0009971
T 4404  1 .1840690E+07   1000011E-01  .4129E+02  .2955E+03   .9999205  .0059155  .0111384
T 4405  1 .1861676E+07   1000022E-01  .1402E+03  .2375E+03   .9999482 -.0090448 -.0046601
T 4406  1 .1837501E+07   1000021E-01 -.3804E+03  .4535E+03   .9999275 -.0042964  .0112480
T 4407  1 .1847287E+07   1000008E-01  .8097E+03  .2983E+04   .9989986  .0096967  .0436776
T 4408  1 .1832744E+07   1000011E-01  .2104E+03 -.3645E+03   .9999315  .0045943 -.0107687
T 4409  1 .1854004E+07   1000003E-01 -.7931E+03  .7571E+02   .9999566 -.0070717  .0060645
T 4410  1 .1835179E+07   1000020E-01  .3286E+03 -.4487E+03   .9998990  .0103648 -.0097230
T 4411  1 .1840474E+07   1000017E-01  .1520E+03  .3373E+03   .9999606  .0082366 -.0032972
T 4412  1 .1836685E+07   1000020E-01 -.1294E+03  .1923E+03   .9999977 -.0017226 -.0013138
T 4413  1 .1866837E+07   1000015E-01 -.1592E+03  .7364E+02   .9999823 -.0051247  .0030291
T 4414  1 .1829703E+07   1000001E-01 -.1394E+03  .3913E+03   .9999376 -.0069197  .0087644
T 4415  1 .1848523E+07   1000005E-01  .3179E+03 -.2799E+02   .9999645  .0083621 -.0010338
T 4416  1 .1833526E+07   1000000E-01 -.2027E+02 -.6254E+02   .9999524  .0092484 -.0031147
T 4417  1 .1825334E+07   1000019E-01 -.2915E+03  .1237E+03   .9999726 -.0065063  .0035424
T 4418  1 .1839892E+07   1000001E-01  .3716E+03 -.2039E+03   .9999327  .0070423 -.0092249
T 4419  1 .1863565E+07   1000009E-01  .2146E+03  .1142E+02   .9999608 -.0073480  .0049352
T 4420  1 .1844318E+07   1000022E-01  .5695E+03  .5620E+03   .9999317  .0081877  .0083424
T 4421  1 .1839089E+07   1000010E-01 -.6095E+02  .5398E+02   .9999987 -.0013543  .0008735
T 4422  1 .1829038E+07   1000001E-01  .2876E+03 -.4088E+02   .9999927 -.0000364  .0038182
T 4423  1 .1860088E+07   1000022E-01  .3015E+03 -.6624E+03   .9998493  .0093183 -.0146446
T 4424  1 .1843059E+07   1000019E-01  .7577E+02  .2060E+03   .9999634  .0083145  .0020185
T 4425  1 .1844477E+07   1000014E-01 -.3091E+03 -.5066E+03   .9999967 -.0016985 -.0019360
T 4426  1 .1830112E+07   1000003E-01  .6089E+02  .1196E+04   .9998367  .0017450  .0179877
T 4427  1 .1831979E+07   1000001E-01  .1714E+03 -.6821E+03   .9998977  .0075839 -.0121248
T 4428  1 .1846993E+07   1000012E-01  .6027E+02 -.7932E+03   .9999769 -.0020977 -.0064678
T 4429  1 .1857480E+07   1000019E-01 -.1712E+03  .7951E+03   .9999526  .0021012  .0095058
T 4430  1 .1848941E+07   1000011E-01  .4746E+02  .4980E+02   .9999999  .0000936  .0002810
T 4431  1 .1826535E+07   1000004E-01  .2081E+03  .6496E+02   .9999918 -.0038219 -.0013580
T 4432  1 .1846283E+07   1000007E-01 -.9984E+03 -.7498E+03   .9996734 -.0197007 -.0162786
T 4433  1 .1838765E+07   1000005E-01  .1062E+03 -.2187E+03   .9999781  .0060963  .0025622
T 4434  1 .1836365E+07   1000019E-01  .1529E+03  .4060E+03   .9999447 -.0030713  .0100590
T 4435  1 .1838034E+07   1000022E-01  .1355E+03  .7356E+02   .9999887  .0031756 -.0035352
T 4436  1 .1843913E+07   1000012E-01  .1654E+03  .1848E+03   .9999865  .0035970  .0037374
T 4437  1 .1834429E+07   1000008E-01  .7167E+02 -.6331E+02   .9999999 -.0003058  .0002593
T 4438  1 .1831196E+07   1000003E-01  .4088E+03 -.1614E+02   .9998425  .0129126 -.0121771
T 4439  1 .1834083E+07   1000017E-01  .3403E+03 -.1186E+03   .9999820  .0056077 -.0021470
T 4440  1 .1849565E+07   1000012E-01  .1400E+03 -.5675E+03   .9999475  .0023573 -.0099685
T 4441  1 .1849267E+07   1000011E-01  .4964E+02  .1266E+03   .9999899  .0037152 -.0025467
T 4442  1 .1856678E+07   1000018E-01 -.8589E+02 -.6943E+01   .9999935 -.0032251  .0016331
T 4443  1 .1842156E+07   1000000E-01 -.1275E+03 -.2094E+03   .9999964 -.0000339 -.0026743
T 4444  1 .1826804E+07   1000012E-01 -.1101E+04 -.1268E+04   .9996096 -.0234720 -.0151572
T 4445  1 .1842316E+07   1000017E-01 -.1399E+02 -.2611E+03   .9999980 -.0007779  .0018201
T 4446  1 .1849120E+07   1000011E-01 -.3342E+03 -.7921E+02   .9999939 -.0034442 -.0004970
T 4447  1 .1831789E+07   1000019E-01  .3014E+03 -.1121E+03   .9999510  .0095940  .0024571
T 4448  1 .1828017E+07   1000014E-01  .3481E+03 -.3028E+03   .9999676  .0077797 -.0020662
T 4449  1 .1832521E+07   1000019E-01  .1565E+03  .7865E+03   .9997243  .0027196  .0233208
T 4450  1 .1855960E+07   1000019E-01 -.5910E+03  .1276E+04   .9998046 -.0070934  .0184497
T 4451  1 .1843840E+07   1000018E-01 -.1013E+03 -.5223E+01   .9999679 -.0059998  .0053030
T 4452  1 .1854692E+07   1000013E-01 -.4558E+03  .2279E+03   .9998645 -.0158173  .0045574
T 4453  1 .1852827E+07   1000017E-01  .4582E+02 -.8999E+02   .9999867 -.0024142 -.0045559
T 4454  1 .1848581E+07   1000020E-01 -.5610E+03  .6917E+02   .9999573 -.0092320  .0004569
T 4455  1 .1840204E+07   1000015E-01 -.3290E+03  .3107E+03   .9999033 -.0138556 -.0011878
T 4456  1 .1842970E+07   1000013E-01  .1381E+03 -.1752E+03   .9999983 -.0018035 -.0004258
T 4457  1 .1825297E+07   1000014E-01 -.2981E+03 -.2084E+03   .9999752 -.0070377 -.0000902
T 4458  1 .1864176E+07   1000013E-01  .2359E+03  .1879E+02   .9999962  .0021729 -.0016914
T 4459  1 .1838833E+07   1000005E-01 -.4507E+02 -.7523E+02   .9999765 -.0060893  .0031507
T 4460  1 .1847234E+07   1000003E-01 -.2515E+03 -.2775E+03   .9999736 -.0057155 -.0044772
T 4461  1 .1850485E+07   1000003E-01  .4794E+03  .5351E+03   .9998556  .0103758  .0134598
T 4462  1 .1841340E+07   1000008E-01  .1097E+03  .2144E+03   .9999780 -.0036203  .0055524
T 4463  1 .1835696E+07   1000014E-01  .2018E+02  .9705E+02   .9999974 -.0022698  .0001400
T 4464  1 .1868436E+07   1000014E-01 -.5229E+03  .1415E+03   .9999228 -.0124179 -.0004815
T 4465  1 .1836366E+07   1000011E-01  .1766E+03 -.7221E+03   .9999464  .0025329 -.0100386
T 4466  1 .1836814E+07   1000001E-01  .4098E+03  .1674E+03   .9999049  .0126909  .0054038
T 4467  1 .1851220E+07   1000020E-01  .4164E+03  .9808E+03   .9997007  .0198647  .0142783
T 4468  1 .1844223E+07   1000016E-01  .1650E+03 -.8319E+02   .9999896 -.0010830 -.0044234
T 4469  1 .1837815E+07   1000011E-01  .3716E+02 -.5130E+03   .9999788 -.0010505 -.0064207
T 4470  1 .1839743E+07   1000008E-01  .5085E+03 -.2766E+01   .9999363  .0111839  .0015315
T 4471  1 .1863423E+07   1000012E-01 -.4800E+02  .1993E+03   .9999370 -.0044564  .0103050
T 4472  1 .1843670E+07   1000010E-01 -.2778E+03  .3712E+03   .9999852 -.0054161  .0005026
T 4473  1 .1840739E+07   1000001E-01 -.3314E+02  .5366E+03   .9999067 -.0054692  .0125171
T 4474  1 .1843313E+07   1000015E-01  .1930E+03 -.3742E+03   .9999666  .0051368 -.0063586
T 4475  1 .1841966E+07   1000011E-01 -.8620E+02 -.6229E+02   .9999998  .0004594  .0004706
T 4476  1 .1844276E+07   1000014E-01 -.2228E+03  .3481E+03   .9996440 -.0223109  .0146338
T 4477  1 .1840247E+07   1000023E-01  .4577E+03  .1166E+03   .9999525  .0093532 -.0027276
T 4478  1 .1854349E+07   1000008E-01 -.4506E+03 -.6763E+03   .9995523 -.0235956 -.0183988
T 4479  1 .1858969E+07   1000000E-01 -.5114E+02  .2112E+03   .9999867 -.0039250  .0033323
T 4480  1 .1830226E+07   1000001E-01 -.5465E+03  .1810E+03   .9999095 -.0134303 -.0007776
T 4481  1 .1842828E+07   1000023E-01 -.1006E+03  .2583E+03   .9999150 -.0031580  .0126463
T 4482  1 .1833800E+07   1000005E-01 -.1034E+04  .7452E+03   .9997813 -.0166074  .0127135
T 4483  1 .1852425E+07   1000011E-01 -.2998E+03  .5505E+02   .9999831 -.0049709  .0030010
T 4484  1 .1843619E+07   1000015E-01  .2172E+03  .1425E+03   .9999776  .0002799 -.0066849
T 4485  1 .1838378E+07   1000016E-01  .5650E+03 -.5894E+02   .9999335  .0104395 -.0048944
T 4486  1 .1827350E+07   1000015E-01 -.8534E+02  .2212E+02   .9999983 -.0018188  .0000969
T 4487  1 .1868295E+07   1000020E-01 -.6104E+02  .6268E+03   .9998721 -.0032253  .0156617
T 4488  1 .1862741E+07   1000006E-01 -.2036E+02 -.5704E+03   .9998832 -.0038003 -.0148064
T 4489  1 .1838956E+07   1000022E-01  .1807E+03  .3160E+03   .9999991  .0007993  .0011113
T 4490  1 .1850137E+07   1000011E-01  .6173E+02  .2605E+03   .9999832 -.0055151  .0017840
T 4491  1 .1832726E+07   1000009E-01 -.2584E+03 -.2889E+03   .9999813 -.0031637 -.0052380
T 4492  1 .1850936E+07   1000017E-01  .2871E+02  .9241E+02   .9999724  .0073630 -.0009632
T 4493  1 .1848280E+07   1000022E-01 -.3022E+03  .4028E+03   .9999841 -.0049472  .0027158
T 4494  1 .1848159E+07   1000019E-01  .1066E+03 -.1994E+03   .9999525  .0052163 -.0082335
T 4495  1 .1830241E+07   1000016E-01  .3336E+02  .1302E+03   .9999984 -.0001088  .0018047
T 4496  1 .1853500E+07   1000007E-01  .1527E+03 -.1412E+03   .9999977 -.0000991  .0021573
T 4497  1 .1826615E+07   1000018E-01  .3491E+03 -.1071E+02   .9999789  .0062687 -.0016964
T 4498  1 .1832841E+07   1000009E-01  .3031E+03  .9746E+02   .9999849  .0047433 -.0027734
T 4499  1 .1837710E+07   1000019E-01 -.1014E+03  .1985E+03   .9999401 -.0002605  .0109391
T 4500  1 .1839454E+07   1000021E-01 -.1127E+03 -.1634E+03   .9997915 -.0084958  .0185677
T 4501  1 .1836796E+07   1000003E-01  .1305E+03 -.8470E+01   .9999908  .0040283 -.0014536
T 4502  1 .1842660E+07   1000017E-01 -.1589E+03  .2157E+02   .9999937 -.0031811 -.0015596
T 4503  1 .1839959E+07   1000015E-01 -.1982E+03 -.9155E+02   .9999796 -.0047925 -.0042220
T 4504  1 .1834379E+07   1000015E-01  .1491E+03  .3377E+03   .9999935 -.0012425  .0033800
T 4505  1 .1843582E+07   1000012E-01 -.8378E+02  .1736E+03   .9999388 -.0099964  .0047413
T 4506  1 .1860835E+07   1000004E-01  .1252E+03  .2681E+03   .9999741 -.0055902 -.0045370
T 4507  1 .1839509E+07   1000005E-01 -.2065E+03 -.2425E+03   .9999831  .0023396 -.0053304
T 4508  1 .1857855E+07   1000000E-01 -.2136E+03  .1183E+03   .9999998  .0004766  .0003560
T 4509  1 .1837627E+07   1000017E-01  .3136E+03  .1941E+03   .9999920 -.0018850  .0035286
T 4510  1 .1848087E+07   1000019E-01 -.2701E+02  .1041E+03   .9999977 -.0007893  .0019896
T 4511  1 .1851510E+07   1000000E-01  .2286E+03  .2764E+03   .9999405  .0105441  .0028123
T 4512  1 .1859605E+07   1000001E-01  .2768E+03  .8064E+02   .9999691  .0073924  .0026705
T 4513  1 .1846043E+07   1000016E-01  .2715E+03  .3621E+02   .9999716  .0066520 -.0035352
T 4514  1 .1851612E+07   1000015E-01  .1488E+03 -.2870E+03   .9998706  .0040427 -.0155678
T 4515  1 .1865143E+07   1000015E-01  .5389E+03  .3709E+03   .9998716  .0150630  .0054655
T 4516  1 .1852247E+07   1000022E-01  .1049E+04  .6204E+03   .9996010  .0237918  .0152249
T 4517  1 .1832192E+07   1000017E-01 -.1100E+02 -.4482E+01   .9999772 -.0020529  .0064391
T 4518  1 .1827133E+07   1000006E-01 -.5294E+02 -.2097E+02   .9999999 -.0000200  .0002664
T 4519  1 .1857073E+07   1000022E-01 -.6115E+03  .9020E+03   .9997019 -.0202982  .0135692
T 4520  1 .1856205E+07   1000002E-01  .4342E+02  .5932E+03   .9999605  .0000369  .0088883
T 4521  1 .1851335E+07   1000011E-01  .2858E+02  .3036E+03   .9999993 -.0009479  .0006865
T 4522  1 .1841415E+07   1000014E-01  .3301E+03 -.2923E+03   .9999383  .0058334 -.0094500
T 4523  1 .1845006E+07   1000009E-01 -.1611E+04  .3191E+04   .9989307 -.0228327  .0402003
T 4524  1 .1859102E+07   1000002E-01 -.3879E+02  .3044E+03   .9999605 -.0027676  .0084495
T 4525  1 .1841385E+07   1000000E-01  .4336E+03 -.3437E+03   .9999357  .0089673 -.0069345
T 4526  1 .1833343E+07   1000004E-01  .2542E+02 -.1925E+03   .9999863  .0010434 -.0051260
T 4527  1 .1844378E+07   1000019E-01 -.1879E+03 -.6022E+02   .9999963 -.0018461  .0019778
T 4528  1 .1829364E+07   1000021E-01  .4497E+02  .1090E+03   .9999881 -.0041390  .0025936
T 4529  1 .1839861E+07   1000017E-01 -.2413E+03 -.1824E+03   .9999751 -.0064292 -.0029032
T 4530  1 .1830676E+07   1000012E-01  .6499E+01  .4363E+02   .9999912  .0041797  .0004340
T 4531  1 .1839525E+07   1000021E-01  .8405E+03  .3200E+03   .9996693  .0251697  .0052673
T 4532  1 .1842223E+07   1000022E-01 -.5609E+02 -.1084E+04   .9996825  .0069680 -.0242148
T 4533  1 .1835622E+07   1000022E-01  .8373E+02  .1110E+03   .9999977 -.0003202  .0021268
T 4534  1 .1831036E+07   1000018E-01 -.6595E+03  .4407E+03   .9999298 -.0077259  .0089781
T 4535  1 .1841376E+07   1000005E-01 -.6551E+03 -.5701E+03   .9998540 -.0143725 -.0092383
T 4536  1 .1837560E+07   1000018E-01  .1341E+03  .2264E+03   .9999796  .0053441  .0035007
T 4537  1 .1850088E+07   1000003E-01  .6316E+02 -.8264E+02   .9999907  .0014078 -.0040670
T 4538  1 .1838650E+07   1000021E-01  .4949E+02  .3027E+03   .9999614 -.0018231  .0085918
T 4539  1 .1839123E+07   1000006E-01  .7373E+02  .2023E+02   .9999987 -.0012711  .0010098
T 4540  1 .1836229E+07   1000006E-01  .1358E+03 -.3402E+02   .9999926  .0025112  .0029248
T 4541  1 .1828985E+07   1000010E-01 -.4457E+03 -.2872E+02   .9999147 -.0098308  .0086003
T 4542  1 .1837227E+07   1000009E-01 -.3786E+03  .4121E+03   .9999603 -.0053231  .0071501
T 4543  1 .1840623E+07   1000018E-01 -.6663E+03  .2025E+03   .9999124 -.0128580  .0031444
T 4544  1 .1831882E+07   1000000E-01  .1898E+03  .1877E+03   .9999927  .0033736  .0017974
T 4545  1 .1855874E+07   1000002E-01  .4711E+01  .2675E+03   .9998811 -.0144464 -.0053899
T 4546  1 .1836638E+07   1000009E-01  .4323E+03 -.4707E+01   .9999817  .0046770 -.0038258
T 4547  1 .1852572E+07   1000006E-01  .1260E+03  .1293E+04   .9996751  .0079754  .0242103
T 4548  1 .1846202E+07   1000017E-01 -.1446E+03  .5718E+02   .9999882 -.0024639  .0041862
T 4549  1 .1851477E+07   1000007E-01  .3533E+03 -.1647E+03   .9999910  .0033858 -.0025759
T 4550  1 .1851363E+07   1000006E-01  .4841E+02  .1762E+03   .9999310 -.0020172  .0115691
T 4551  1 .1846868E+07   1000015E-01  .1475E+03 -.9351E+02   .9999466  .0093895 -.0043093
T 4552  1 .1857395E+07   1000003E-01  .2855E+03  .3350E+03   .9998380  .0172072  .0052788
T 4553  1 .1828267E+07   1000009E-01 -.2894E+02 -.1239E+03   .9999935 -.0030380 -.0019212
T 4554  1 .1848476E+07   1000016E-01  .4299E+03  .3350E+01   .9999492  .0097940 -.0023824
T 4555  1 .1836297E+07   1000022E-01 -.1338E+04  .7401E+02   .9998613 -.0165282  .0020282
T 4556  1 .1827946E+07   1000020E-01  .4700E+03 -.4631E+02   .9999086  .0134187  .0016706
T 4557  1 .1837829E+07   1000018E-01  .5056E+03  .9006E+03   .9999157  .0040035  .0123540
T 4558  1 .1851661E+07   1000014E-01  .1603E+03 -.4677E+03   .9998840 -.0068320  .0136135
T 4559  1 .1851796E+07   1000003E-01 -.1710E+02 -.4356E+02   .9999992 -.0008524 -.0009688
T 4560  1 .1832606E+07   1000000E-01  .2081E+04  .8094E+03   .9999362  .0045371  .0103445
T 4561  1 .1842214E+07   1000022E-01 -.1969E+03 -.1200E+03   .9999828 -.0014070  .0056984
T 4562  1 .1852225E+07   1000001E-01 -.1429E+03  .1000E+03   .9999979 -.0016959  .0011322
T 4563  1 .1829918E+07   1000022E-01 -.9311E+03  .2511E+03   .9999310 -.0104418  .0053773
T 4564  1 .1837387E+07   1000009E-01 -.4328E+03 -.3637E+02   .9999832 -.0057867  .0003898
T 4565  1 .1841898E+07   1000017E-01 -.3345E+03 -.2448E+02   .9999905 -.0028554 -.0033062
T 4566  1 .1846591E+07   1000012E-01 -.4548E+02 -.4975E+02   .9999923 -.0036840 -.0013260
T 4567  1 .1854964E+07   1000021E-01  .1955E+02  .8370E+02   .9999952  .0029410  .0010055
T 4568  1 .1838957E+07   1000003E-01 -.1202E+02 -.4823E+02   .9999624 -.0086591  .0005563
T 4569  1 .1852834E+07   1000018E-01 -.1950E+02 -.1323E+03   .9999892 -.0034967 -.0030593
T 4570  1 .1858546E+07   1000006E-01 -.1511E+03 -.8297E+02   .9999914 -.0017372 -.0037773
T 4571  1 .1862367E+07   1000008E-01  .1377E+02  .4440E+02   .9999964  .0024981  .0009728
T 4572  1 .1835534E+07   1000000E-01  .2109E+03  .2057E+03   .9999603  .0009881  .0088521
T 4573  1 .1831937E+07   1000000E-01  .4010E+03 -.2788E+03   .9999221  .0070716 -.0102824
T 4574  1 .1846576E+07   1000004E-01 -.4394E+03  .2841E+02   .9999520  .0015518  .0096786
T 4575  1 .1857882E+07   1000022E-01  .1441E+02 -.8679E+02   .9999512  .0045189 -.0087809
T 4576  1 .1820482E+07   1000010E-01  .3879E+02 -.1534E+03   .9999907 -.0024133 -.0035852
T 4577  1 .1846724E+07   1000005E-01  .3466E+03  .1999E+03   .9998180  .0130378  .0139306
T 4578  1 .1826973E+07   1000015E-01  .4192E+03  .6645E+03   .9999066  .0082749  .0108765
T 4579  1 .1847061E+07   1000013E-01  .6868E+03 -.5236E+03   .9998265  .0145204 -.0116677
T 4580  1 .1841710E+07   1000021E-01 -.3726E+03 -.2528E+03   .9999322 -.0085644 -.0078893
T 4581  1 .1839840E+07   1000016E-01  .2769E+03  .2576E+03   .9999498  .0025910  .0096823
T 4582  1 .1848003E+07   1000019E-01  .5333E+03  .3748E+03   .9999798  .0058700  .0024369
T 4583  1 .1842444E+07   1000015E-01 -.8693E+03  .1446E+03   .9999082 -.0133888  .0020974
T 4584  1 .1836981E+07   1000022E-01  .2912E+03  .7553E+02   .9999870  .0051060 -.0001055
T 4585  1 .1835619E+07   1000021E-01  .5992E+03  .4319E+02   .9999333  .0080289  .0083072
T 4586  1 .1854774E+07   1000011E-01 -.1074E+03 -.9472E+02   .9999784 -.0051987  .0040132
T 4587  1 .1848115E+07   1000014E-01  .1024E+04  .7295E+03   .9999064  .0135948  .0015684
T 4588  1 .1846316E+07   1000009E-01  .1133E+03 -.1606E+03   .9999968  .0024286 -.0006878
T 4589  1 .1844905E+07   1000014E-01  .1544E+03  .1920E+03   .9999679 -.0062032  .0050661
T 4590  1 .1833874E+07   1000019E-01  .1168E+04 -.1378E+04   .9996510  .0221787 -.0143498
T 4591  1 .1845205E+07   1000020E-01  .9107E+03 -.1113E+03   .9994235  .0332128 -.0070366
T 4592  1 .1830925E+07   1000000E-01  .4942E+03  .4957E+03   .9995792  .0226036  .0181809
T 4593  1 .1832145E+07   1000010E-01  .1400E+02 -.3351E+02   .9999856 -.0003802 -.0053464
T 4594  1 .1858057E+07   1000020E-01 -.4638E+03  .1261E+03   .9999263 -.0110045  .0051332
T 4595  1 .1840839E+07   1000011E-01  .9151E+03  .8542E+03   .9985602  .0534847 -.0041075
T 4596  1 .1843811E+07   1000003E-01 -.1710E+03 -.5586E+02   .9999741 -.0058426 -.0042025
T 4597  1 .1846962E+07   1000020E-01  .1653E+03 -.3961E+03   .9999427  .0053423 -.0092810
T 4598  1 .1842895E+07   1000011E-01  .2783E+03  .1152E+04   .9997719  .0043623  .0209074
T 4599  1 .1839729E+07   1000005E-01  .4728E+03  .9241E+02   .9996325  .0122634  .0241777
T 4600  1 .1853012E+07   1000012E-01 -.1412E+04  .4198E+03   .9997147 -.0158189  .0178985
T 4601  1 .1856266E+07   1000013E-01 -.2124E+03  .8978E+02   .9999954  .0021186 -.0021791
T 4602  1 .1845734E+07   1000017E-01 -.2525E+03  .1325E+03   .9999966 -.0026157 -.0001997
T 4603  1 .1857684E+07   1000014E-01 -.2974E+03 -.3957E+03   .9999911 -.0021652 -.0036135
T 4604  1 .1845676E+07   1000020E-01  .4116E+03  .6572E+01   .9999580  .0091485 -.0005591
T 4605  1 .1840449E+07   1000017E-01 -.6403E+03  .2459E+03   .9999683 -.0063242  .0048413
T 4606  1 .1833437E+07   1000011E-01 -.2377E+03 -.2338E+03   .9999810  .0036348  .0049771
T 4607  1 .1835212E+07   1000001E-01  .5663E+03 -.1231E+03   .9998494  .0167985 -.0043680
T 4608  1 .1839258E+07   1000022E-01  .2052E+02  .3893E+03   .9999829  .0022249  .0054117
T 4609  1 .1824207E+07   1000006E-01  .3851E+03 -.1449E+03   .9999705  .0074239 -.0019787
T 4610  1 .1840918E+07   1000015E-01  .1392E+03  .2942E+01   .9999894  .0021564  .0040603
T 4611  1 .1837381E+07   1000021E-01 -.1488E+02  .5693E+02   .9999987  .0014715  .0007075
T 4612  1 .1851971E+07   1000003E-01 -.4184E+03  .1388E+03   .9999762 -.0068659  .0007458
T 4613  1 .1848014E+07   1000002E-01 -.7155E+03  .1585E+03   .9999128 -.0130209  .0022019
T 4614  1 .1840158E+07   1000016E-01 -.2954E+03  .3296E+03   .9999496  .0012160  .0099628
T 4615  1 .1848533E+07   1000021E-01 -.8196E+02  .1053E+03   .9999948 -.0015178  .0028555
T 4616  1 .1840765E+07   1000002E-01 -.1500E+03 -.7448E+03   .9996666 -.0056845 -.0251870
T 4617  1 .1832634E+07   1000022E-01 -.9838E+02  .1436E+03   .9999545 -.0082856  .0047329
T 4618  1 .1847679E+07   1000006E-01  .3691E+03  .2101E+03   .9999428  .0072598  .0078594
T 4619  1 .1844588E+07   1000003E-01 -.1456E+03 -.2818E+03   .9999909 -.0039043  .0017067
T 4620  1 .1839416E+07   1000008E-01  .2507E+03 -.2132E+03   .9999895  .0035906 -.0028502
T 4621  1 .1841611E+07   1000000E-01 -.4576E+03 -.7432E+02   .9999851 -.0033938 -.0042716
T 4622  1 .1837048E+07   1000000E-01 -.6153E+03 -.3334E+03   .9998247 -.0065191 -.0175533
T 4623  1 .1824419E+07   1000021E-01  .5964E+02 -.2057E+03   .9999670  .0016530  .0079551
T 4624  1 .1833414E+07   1000004E-01  .2398E+03 -.3690E+02   .9999872  .0041285 -.0029288
T 4625  1 .1846196E+07   1000007E-01 -.3519E+02 -.2400E+02   .9998798 -.0060872 -.0142613
T 4626  1 .1856432E+07   1000001E-01  .6591E+02  .4005E+03   .9999444 -.0020829  .0103337
T 4627  1 .1845635E+07   1000006E-01 -.5266E+03  .6493E+02   .9999322 -.0114843  .0019075
T 4628  1 .1846271E+07   1000021E-01  .1328E+03 -.7729E+02   .9999912  .0034271 -.0024322
T 4629  1 .1846692E+07   1000019E-01  .1990E+03  .5866E+03   .9998995  .0107801  .0092129
T 4630  1 .1838398E+07   1000017E-01  .2364E+03  .2425E+03   .9999808  .0061411 -.0008086
T 4631  1 .1846040E+07   1000002E-01  .1077E+03 -.2469E+03   .9999793  .0056571 -.0030639
T 4632  1 .1838501E+07   1000004E-01 -.6977E+02 -.8662E+02   .9999975 -.0017406 -.0013734
T 4633  1 .1825967E+07   1000020E-01  .1087E+03 -.4669E+03   .9999299 -.0101385 -.0061126
T 4634  1 .1841890E+07   1000022E-01  .3458E+03  .3757E+02   .9999914  .0041527 -.0002133
T 4635  1 .1861364E+07   1000022E-01  .1216E+03 -.1109E+03   .9999830  .0052101 -.0026159
T 4636  1 .1868895E+07   1000010E-01 -.1041E+03  .1694E+03   .9999990  .0011108 -.0008239
T 4637  1 .1860875E+07   1000013E-01 -.8521E+02 -.6337E+03   .9999298  .0007323 -.0118264
T 4638  1 .1858149E+07   1000012E-01  .2913E+03  .2902E+03   .9999879  .0041605  .0026414
T 4639  1 .1848083E+07   1000013E-01 -.9208E+02 -.1777E+03   .9999831 -.0050281 -.0029349
T 4640  1 .1837740E+07   1000007E-01  .6224E+03 -.3078E+03   .9997060  .0229889 -.0077149
T 4641  1 .1859682E+07   1000001E-01 -.2933E+03  .3850E+03   .9998969 -.0005413  .0143460
T 4642  1 .1850613E+07   1000010E-01  .2156E+02  .1661E+03   .9999963 -.0006778  .0026269
T 4643  1 .1841674E+07   1000022E-01 -.8130E+03  .2312E+03   .9999033 -.0086119 -.0109200
T 4644  1 .1837997E+07   1000019E-01  .4512E+02 -.2506E+03   .9999895  .0018377 -.0042057
T 4645  1 .1854088E+07   1000022E-01  .2393E+03 -.2319E+03   .9999844  .0004315 -.0055608
T 4646  1 .1853924E+07   1000021E-01 -.3892E+02  .3822E+01   .9999839 -.0023966 -.0051511
T 4647  1 .1841213E+07   1000001E-01  .2295E+03 -.2832E+03   .9999550  .0092015 -.0023127
T 4648  1 .1859452E+07   1000009E-01 -.1723E+02  .4803E+03   .9999211 -.0049681  .0115357
T 4649  1 .1844962E+07   1000013E-01  .3797E+02 -.6156E+02   .9999998 -.0005285 -.0002390
T 4650  1 .1838520E+07   1000021E-01 -.3088E+03 -.7951E+02   .9999694 -.0059200 -.0051089
T 4651  1 .1822663E+07   1000019E-01  .3355E+02 -.3587E+03   .9999794 -.0029634 -.0056951
T 4652  1 .1845086E+07   1000000E-01  .3139E+03  .7786E+03   .9999464 -.0027082  .0099974
T 4653  1 .1838759E+07   1000009E-01 -.8380E+02 -.3014E+03   .9999364 -.0040361 -.0105300
T 4654  1 .1852814E+07   1000003E-01  .5841E+03  .2172E+03   .9998774  .0150507  .0043200
T 4655  1 .1836711E+07   1000008E-01  .3831E+03  .3410E+03   .9999655  .0033499  .0075971
T 4656  1 .1832922E+07   1000022E-01 -.1504E+04  .9813E+02   .9995080 -.0239687 -.0202289
T 4657  1 .1860288E+07   1000016E-01 -.5838E+02 -.3679E+03   .9999975 -.0016225 -.0015631
T 4658  1 .1838447E+07   1000019E-01 -.1709E+03  .1372E+01   .9999962 -.0002930 -.0027336
T 4659  1 .1867802E+07   1000015E-01  .2904E+02  .1975E+02   .9999952 -.0030151 -.0006787
T 4660  1 .1844126E+07   1000022E-01 -.3898E+03 -.1220E+03   .9999725 -.0017556 -.0072089
T 4661  1 .1850512E+07   1000004E-01 -.2177E+03  .5724E+03   .9999443 -.0025536  .0102366
T 4662  1 .1833700E+07   1000021E-01 -.3210E+03 -.6312E+03   .9996289 -.0196865 -.0188305
T 4663  1 .1843300E+07   1000006E-01  .1501E+03 -.2908E+02   .9999751  .0055688  .0043245
T 4664  1 .1848364E+07   1000015E-01  .2990E+03  .2762E+03   .9999592  .0076700  .0047692
T 4665  1 .1839416E+07   1000005E-01 -.2991E+03 -.1138E+03   .9999995  .0008608 -.0004682
T 4666  1 .1844521E+07   1000022E-01  .1667E+03  .2901E+03   .9999736  .0072243  .0008264
T 4667  1 .1860749E+07   1000021E-01  .2270E+02  .1525E+03   .9999176 -.0009974 -.0127975
T 4668  1 .1858573E+07   1000023E-01 -.1905E+03 -.2194E+03   .9998943 -.0114415 -.0089682
T 4669  1 .1835407E+07   1000008E-01  .1380E+02  .3336E+02   .9999843  .0054826 -.0011572
T 4670  1 .1849070E+07   1000020E-01  .6035E+02  .9119E+02   .9998856 -.0128747  .0079432
T 4671  1 .1853940E+07   1000016E-01  .1016E+03  .6427E+02   .9999972 -.0019057 -.0014117
T 4672  1 .1852738E+07   1000019E-01  .4134E+03 -.1106E+03   .9999665  .0067252 -.0046677
T 4673  1 .1845148E+07   1000022E-01 -.7664E+02 -.6419E+02   .9999697  .0022832 -.0074464
T 4674  1 .1838557E+07   1000009E-01 -.7117E+01 -.2410E+03   .9999869  .0019178 -.0047559
T 4675  1 .1837182E+07   1000014E-01  .2525E+03  .3136E+02   .9999632  .0059092  .0062218
T 4676  1 .1848186E+07   1000009E-01  .8415E+02  .5340E+02   .9999910  .0027007  .0032628
T 4677  1 .1828879E+07   1000018E-01  .2296E+02 -.9629E+02   .9999839  .0038331 -.0041776
T 4678  1 .1826307E+07   1000003E-01 -.1793E+03  .1139E+03   .9999767  .0049281  .0047245
T 4679  1 .1847319E+07   1000011E-01 -.1972E+03 -.2595E+03   .9999989 -.0000376 -.0015061
T 4680  1 .1825889E+07   1000012E-01 -.1699E+03 -.5478E+03   .9999940 -.0012720 -.0032245
T 4681  1 .1837106E+07   1000008E-01  .2269E+03  .7193E+03   .9998433  .0066581  .0164015
T 4682  1 .1834434E+07   1000001E-01 -.1395E+03  .7818E+01   .9999844 -.0054878 -.0010477
T 4683  1 .1846584E+07   1000001E-01 -.1616E+03  .1866E+02   .9998009  .0097599  .0174064
T 4684  1 .1848977E+07   1000020E-01  .2984E+03  .3669E+03   .9999526  .0075277  .0061794
T 4685  1 .1834498E+07   1000007E-01  .1907E+03  .2740E+03   .9999603  .0052365  .0072081
T 4686  1 .1826662E+07   1000021E-01 -.7686E+02  .4926E+03   .9999901 -.0025113 -.0036776
T 4687  1 .1841489E+07   1000021E-01 -.6685E+02 -.3587E+03   .9999326 -.0068906 -.0093494
T 4688  1 .1833620E+07   1000021E-01  .2217E+02  .1632E+03   .9997656 -.0048408  .0211046
T 4689  1 .1845693E+07   1000018E-01  .3211E+03 -.1516E+03   .9999212  .0125132 -.0009848
T 4690  1 .1838382E+07   1000020E-01  .2235E+02  .1805E+03   .9999563  .0082547  .0043940
T 4691  1 .1863357E+07   1000009E-01 -.3633E+02 -.1370E+03   .9999954 -.0029682 -.0006143
T 4692  1 .1841625E+07   1000008E-01  .9323E+03 -.2265E+03   .9999054  .0107575 -.0085675
T 4693  1 .1845635E+07   1000020E-01  .1538E+03 -.3373E+03   .9999905 -.0015611 -.0040794
T 4694  1 .1836406E+07   1000017E-01 -.1516E+03  .2872E+03   .9999768 -.0067117  .0011869
T 4695  1 .1846436E+07   1000000E-01 -.2033E+03 -.1854E+03   .9999881 -.0031519 -.0037131
T 4696  1 .1837953E+07   1000014E-01  .5936E+02 -.1573E+02   .9999383  .0075782 -.0081217
T 4697  1 .1849296E+07   1000015E-01  .1349E+03 -.6138E+03   .9999601  .0011557 -.0088555
T 4698  1 .1851129E+07   1000005E-01 -.3347E+03  .5780E+02   .9999743 -.0071673 -.0001247
T 4699  1 .1853401E+07   1000016E-01 -.2703E+03  .1460E+03   .9999824 -.0046207  .0037158
T 4700  1 .1848895E+07   1000008E-01 -.1754E+03 -.1692E+03   .9999860  .0021366 -.0048425
T 4701  1 .1836533E+07   1000017E-01  .6146E+03  .1180E+03   .9998886  .0115906  .0094069
T 4702  1 .1862810E+07   1000016E-01  .1457E+03 -.2027E+02   .9999926  .0037891 -.0006473
T 4703  1 .1857601E+07   1000002E-01  .9693E+03 -.7647E+03   .9991393  .0413997  .0026051
T 4704  1 .1849654E+07   1000015E-01  .4134E+02  .1075E+03   .9999928  .0000266 -.0038034
T 4705  1 .1848462E+07   1000003E-01  .1997E+03  .4568E+03   .9995822  .0091983  .0273996
T 4706  1 .1849403E+07   1000019E-01 -.2478E+03 -.3112E+03   .9999471 -.0053921 -.0087615
T 4707  1 .1835311E+07   1000013E-01 -.1404E+03 -.3193E+03   .9999297 -.0082944 -.0084719
T 4708  1 .1836873E+07   1000008E-01  .2651E+01 -.5982E+03   .9999136  .0056569 -.0118657
T 4709  1 .1838391E+07   1000010E-01  .7946E+02 -.3910E+03   .9999154  .0019136 -.0128693
T 4710  1 .1857055E+07   1000008E-01 -.4206E+02  .1974E+03   .9999360 -.0096496  .0059122
T 4711  1 .1853985E+07   1000014E-01  .2874E+03 -.5788E+03   .9998830  .0014174 -.0152284
T 4712  1 .1844886E+07   1000000E-01  .7630E+03  .9871E+03   .9989045  .0286327  .0370144
T 4713  1 .1845908E+07   1000011E-01  .8395E+02  .1391E+02   .9999941  .0031413  .0013968
T 4714  1 .1846463E+07   1000021E-01  .3584E+03  .3177E+03   .9999523  .0063879  .0073823
T 4715  1 .1856311E+07   1000004E-01 -.4347E+03  .6799E+02   .9999447 -.0072223 -.0076394
T 4716  1 .1850659E+07   1000000E-01  .3418E+03 -.8260E+03   .9998830  .0045010 -.0146184
T 4717  1 .1851538E+07   1000022E-01 -.8426E+01  .1694E+03   .9999999 -.0004353 -.0001809
T 4718  1 .1852575E+07   1000018E-01 -.1725E+03 -.2537E+03   .9999171 -.0118721  .0049804
T 4719  1 .1844385E+07   1000009E-01 -.1070E+04  .6522E+03   .9998935 -.0121754  .0080479
T 4720  1 .1830003E+07   1000022E-01  .8161E+02 -.3733E+03   .9998100  .0102473 -.0165812
T 4721  1 .1853522E+07   1000013E-01  .2222E+03  .4764E+03   .9999373  .0053124  .0098594
T 4722  1 .1847890E+07   1000001E-01 -.2857E+03 -.7950E+03   .9998901 -.0090081 -.0117712
T 4723  1 .1828157E+07   1000017E-01  .1600E+03  .8278E+02   .9999256  .0070137  .0099802
T 4724  1 .1848418E+07   1000013E-01 -.3732E+02 -.3907E+02   .9999939 -.0032232 -.0013557
T 4725  1 .1838382E+07   1000022E-01 -.1593E+03  .6813E+03   .9998968  .0082608  .0117500
T 4726  1 .1844246E+07   1000015E-01  .4280E+03 -.2882E+02   .9999952  .0030483  .0005592
T 4727  1 .1844918E+07   1000013E-01 -.2937E+03  .6221E+00   .9999842 -.0051851 -.0021504
T 4728  1 .1835384E+07   1000023E-01  .1354E+02  .3359E+03   .9999869 -.0007106  .0050751
T 4729  1 .1835596E+07   1000009E-01 -.1621E+03 -.2423E+02   .9999930 -.0026556  .0026482
T 4730  1 .1836543E+07   1000022E-01  .2179E+03  .4440E+03   .9999234  .0096048  .0078054
T 4731  1 .1837437E+07   1000022E-01  .2385E+04 -.2078E+03   .9983156  .0579632 -.0025119
T 4732  1 .1842426E+07   1000019E-01  .2052E+03  .1614E+03   .9999998 -.0004870 -.0003683
T 4733  1 .1832420E+07   1000014E-01  .1625E+03  .1942E+03   .9999297  .0085740  .0081919
T 4734  1 .1844930E+07   1000015E-01  .5302E+03  .5196E+02   .9999126  .0131243  .0016240
T 4735  1 .1854252E+07   1000000E-01 -.5830E+02  .4898E+03   .9999219 -.0062699  .0108117
T 4736  1 .1826490E+07   1000014E-01 -.8728E+02 -.3338E+02   .9999980 -.0003803  .0019453
T 4737  1 .1837422E+07   1000010E-01  .1730E+04 -.1338E+04   .9991486  .0329125 -.0248770
T 4738  1 .1847352E+07   1000018E-01 -.1119E+03 -.3397E+03   .9999894 -.0008341 -.0045356
T 4739  1 .1846991E+07   1000002E-01 -.9323E+02  .5644E+03   .9999525 -.0053854  .0081250
T 4740  1 .1859880E+07   1000006E-01  .2145E+03  .3259E+03   .9999491  .0076941  .0065322
T 4741  1 .1833267E+07   1000009E-01  .1574E+03 -.3152E+03   .9999743  .0064296 -.0031722
T 4742  1 .1847622E+07   1000022E-01 -.1409E+03 -.3255E+03   .9999654 -.0044983 -.0070009
T 4743  1 .1835631E+07   1000012E-01  .3686E+02 -.9893E+02   .9999978 -.0006697 -.0019715
T 4744  1 .1830969E+07   1000016E-01  .1962E+03  .1254E+03   .9999998  .0000995 -.0005541
T 4745  1 .1840179E+07   1000002E-01  .5507E+02 -.3146E+03   .9999960 -.0026725 -.0009114
T 4746  1 .1835247E+07   1000012E-01 -.3618E+02  .3342E+03   .9999341 -.0018513  .0113337
T 4747  1 .1853890E+07   1000018E-01 -.1195E+03  .3387E+03   .9999818 -.0001289  .0060314
T 4748  1 .1849853E+07   1000017E-01 -.4636E+01  .2331E+03   .9999773 -.0031341  .0059638
T 4749  1 .1856273E+07   1000002E-01 -.8811E+02  .4976E+02   .9999804 -.0027540  .0056179
T 4750  1 .1839493E+07   1000010E-01  .1121E+03 -.1384E+03   .9999971 -.0007711 -.0022997
T 4751  1 .1853307E+07   1000013E-01 -.9814E+03  .1080E+04   .9996569 -.0189186  .0181176
T 4752  1 .1851883E+07   1000009E-01 -.4995E+02 -.4266E+03   .9999600 -.0041633 -.0079109
T 4753  1 .1843305E+07   1000014E-01  .2213E+02  .7795E+02   .9999994 -.0004828  .0010264
T 4754  1 .1852492E+07   1000002E-01  .2176E+03 -.8004E+02   .9999839  .0055266  .0012535
T 4755  1 .1838297E+07   1000019E-01 -.4488E+03 -.1075E+03   .9999596 -.0072501 -.0053080
T 4756  1 .1853764E+07   1000018E-01  .1567E+03 -.2864E+03   .9999638  .0068449 -.0050562
T 4757  1 .1818947E+07   1000001E-01 -.2232E+03 -.2488E+02   .9999890 -.0031586  .0034534
T 4758  1 .1834395E+07   1000017E-01 -.5814E+03 -.3004E+03   .9999975 -.0019712  .0010166
T 4759  1 .1852182E+07   1000014E-01  .5048E+02  .2687E+03   .9999939  .0009219  .0033790
T 4760  1 .1862313E+07   1000020E-01 -.3855E+03  .3675E+03   .9999438 -.0093271  .0050381
T 4761  1 .1848770E+07   1000003E-01 -.5614E+03  .1121E+04   .9997833 -.0020231  .0207192
T 4762  1 .1860356E+07   1000009E-01  .2505E+03  .1379E+04   .9998858  .0084044  .0125632
T 4763  1 .1835333E+07   1000018E-01  .7215E+02  .3040E+03   .9999815 -.0028278  .0053852
T 4764  1 .1854436E+07   1000000E-01  .5311E+03  .1555E+03   .9998620  .0152030  .0067044
T 4765  1 .1853075E+07   1000012E-01 -.4483E+03 -.2228E+02   .9999576 -.0090261 -.0018514
T 4766  1 .1822097E+07   1000022E-01  .9827E+02 -.7095E+01   .9999500  .0090222 -.0043205
T 4767  1 .1844591E+07   1000018E-01  .3102E+03  .1693E+03   .9999961  .0010090 -.0026086
T 4768  1 .1848466E+07   1000022E-01  .5344E+03 -.6194E+03   .9999534  .0035085 -.0089986
T 4769  1 .1845844E+07   1000015E-01 -.4842E+03  .5693E+02   .9997340 -.0230599 -.0003944
T 4770  1 .1838629E+07   1000011E-01  .3462E+02 -.3085E+03   .9999564  .0026543 -.0089567
T 4771  1 .1851149E+07   1000009E-01  .2275E+02  .4543E+02   .9999676  .0078079 -.0019357
T 4772  1 .1845490E+07   1000021E-01 -.5929E+03  .2847E+03   .9997716 -.0176972 -.0119809
T 4773  1 .1840572E+07   1000018E-01  .1242E+04  .4250E+03   .9994754  .0319424  .0053576
T 4774  1 .1840669E+07   1000007E-01  .4090E+03 -.5833E+03   .9998943  .0109613 -.0095499
T 4775  1 .1855050E+07   1000003E-01  .8773E+02  .7204E+02   .9999811  .0035423  .0050203
T 4776  1 .1849865E+07   1000005E-01 -.4278E+03 -.3971E+03   .9999237 -.0104259 -.0066189
T 4777  1 .1836215E+07   1000018E-01 -.9098E+02  .9685E+02   .9999948  .0032110 -.0000418
T 4778  1 .1846628E+07   1000009E-01 -.2781E+02  .1584E+03   .9997514 -.0167485  .0147188
T 4779  1 .1845825E+07   1000009E-01 -.7318E+03  .8271E+03   .9998681 -.0102587  .0125921
T 4780  1 .1845243E+07   1000006E-01  .4278E+03 -.2725E+03   .9999700  .0022968 -.0074040
T 4781  1 .1850095E+07   1000021E-01 -.9635E+02 -.6246E+03   .9999364  .0010634 -.0112267
T 4782  1 .1846465E+07   1000021E-01  .1466E+03 -.2194E+03   .9999047  .0135349 -.0027073
T 4783  1 .1860256E+07   1000021E-01  .1541E+03  .3446E+03   .9999879  .0014608  .0047055
T 4784  1 .1829274E+07   1000000E-01  .1621E+03 -.6323E+02   .9999945  .0012324 -.0030803
T 4785  1 .1840921E+07   1000003E-01 -.9467E+02 -.4158E+03   .9999950  .0018887 -.0025403
T 4786  1 .1836406E+07   1000004E-01  .3874E+02 -.1421E+03   .9999976  .0014897 -.0016341
T 4787  1 .1837989E+07   1000002E-01  .1722E+03 -.5982E+03   .9999101  .0045546 -.0126093
T 4788  1 .1830029E+07   1000013E-01  .2538E+03 -.1340E+03   .9999483  .0100060  .0018078
T 4789  1 .1855164E+07   1000008E-01 -.9198E+02  .3343E+03   .9998215 -.0011445  .0188612
T 4790  1 .1831789E+07   1000007E-01  .4793E+02 -.3775E+03   .9999826  .0041015  .0042403
T 4791  1 .1849881E+07   1000005E-01 -.6718E+03  .7672E+03   .9998676 -.0017023  .0161856
T 4792  1 .1852234E+07   1000018E-01  .6237E+02 -.6004E+03   .9999542  .0005892 -.0095518
T 4793  1 .1847855E+07   1000010E-01  .5042E+03 -.5262E+03   .9998951  .0105388 -.0099345
T 4794  1 .1817466E+07   1000012E-01  .1586E+03  .3764E+03   .9999726  .0023658  .0070101
T 4795  1 .1847314E+07   1000010E-01 -.5651E+03  .2407E+03   .9999516 -.0095393  .0023971
T 4796  1 .1843170E+07   1000000E-01  .7627E+02  .4551E+02   .9999947  .0032464 -.0003222
T 4797  1 .1853921E+07   1000011E-01  .4856E+03  .2653E+03   .9999441  .0105612 -.0004140
T 4798  1 .1847033E+07   1000007E-01  .3353E+03 -.1492E+04   .9997790  .0082740 -.0193253
T 4799  1 .1854509E+07   1000021E-01  .1084E+03  .7745E+02   .9999911 -.0013196 -.0040103
T 4800  1 .1824089E+07   1000014E-01  .3285E+03  .1459E+03   .9999831  .0041517  .0040625
T 4801  1 .1841785E+07   1000018E-01  .2120E+02  .5797E+02   .9999967 -.0007242  .0024664
T 4802  1 .1838142E+07   1000002E-01 -.4342E+02  .1414E+03   .9999657 -.0075495 -.0034195
T 4803  1 .1843793E+07   1000020E-01 -.2385E+03 -.5863E+02   .9999936 -.0030831 -.0018359
T 4804  1 .1844192E+07   1000019E-01 -.4648E+03 -.2972E+03   .9997895 -.0113382 -.0171011
T 4805  1 .1841049E+07   1000017E-01 -.1617E+03  .2720E+01   .9997302 -.0215081  .0087683
T 4806  1 .1851903E+07   1000013E-01 -.4069E+02  .4568E+02   .9999891 -.0041864 -.0020741
T 4807  1 .1859536E+07   1000016E-01 -.3608E+03 -.1057E+03   .9999820 -.0055779  .0021970
T 4808  1 .1849913E+07   1000001E-01  .1877E+03  .1276E+03   .9994812  .0263096 -.0185787
T 4809  1 .1835919E+07   1000016E-01 -.6293E+03  .2163E+03   .9999200 -.0126476  .0002361
T 4810  1 .1830460E+07   1000018E-01 -.9784E+02  .1228E+03   .9999609  .0084654  .0025694
T 4811  1 .1829287E+07   1000013E-01  .7481E+02  .4584E+03   .9999542  .0092587  .0024388
T 4812  1 .1846066E+07   1000007E-01 -.2499E+03 -.7127E+03   .9999651  .0008030 -.0083149
T 4813  1 .1832243E+07   1000021E-01  .3639E+03  .1471E+04   .9999070 -.0006583  .0136191
T 4814  1 .1841883E+07   1000021E-01  .2845E+03 -.2468E+03   .9999344  .0028228 -.0110964
T 4815  1 .1860331E+07   1000022E-01 -.3319E+02  .4062E+02   .9999999 -.0002579 -.0000798
T 4816  1 .1850991E+07   1000011E-01  .1263E+03  .5785E+02   .9999624  .0085870 -.0012238
T 4817  1 .1838989E+07   1000014E-01  .4029E+02 -.1684E+02   .9999941  .0033923  .0006150
T 4818  1 .1830398E+07   1000012E-01  .1289E+03  .3200E+03   .9999802 -.0057236  .0026258
T 4819  1 .1849955E+07   1000017E-01  .2949E+03  .3018E+03   .9999133  .0092280  .0093900
T 4820  1 .1836576E+07   1000013E-01  .1718E+02  .1127E+03   .9999872  .0027009  .0042767
T 4821  1 .1825212E+07   1000012E-01  .1395E+03 -.2884E+02   .9999975  .0017656  .0013990
T 4822  1 .1842046E+07   1000015E-01  .2100E+03 -.1592E+03   .9999687  .0072990 -.0030623
T 4823  1 .1843762E+07   1000017E-01 -.4386E+03  .8946E+03   .9995552 -.0175113  .0241406
T 4824  1 .1841109E+07   1000023E-01  .2608E+03 -.1934E+03   .9999914  .0006248 -.0040920
T 4825  1 .1867878E+07   1000005E-01  .2097E+03 -.2175E+03   .9999929  .0033189 -.0018074
T 4826  1 .1824935E+07   1000016E-01 -.1709E+03 -.2148E+02   .9999779 -.0001876  .0066432
T 4827  1 .1843911E+07   1000022E-01  .2627E+03  .1492E+03   .9999634  .0060372  .0060649
T 4828  1 .1832533E+07   1000018E-01 -.2194E+03  .5764E+03   .9999137 -.0054546  .0119476
T 4829  1 .1842454E+07   1000018E-01 -.2222E+03 -.2007E+04   .9988545 -.0157394 -.0451876
T 4830  1 .1856209E+07   1000018E-01 -.4020E+03  .4509E+02   .9999504 -.0095176  .0029178
T 4831  1 .1839446E+07   1000016E-01  .1528E+03  .3332E+03   .9999298 -.0067194  .0097644
T 4832  1 .1845232E+07   1000016E-01 -.3035E+03 -.4881E+03   .9999603 -.0048211 -.0074883
T 4833  1 .1867040E+07   1000013E-01 -.2118E+02  .1829E+03   .9999907 -.0018625  .0038917
T 4834  1 .1845553E+07   1000019E-01 -.6293E+02 -.2208E+03   .9999919 -.0040105 -.0003216
T 4835  1 .1863974E+07   1000022E-01 -.7273E+02  .6608E+03   .9999276 -.0021155  .0118498
T 4836  1 .1854452E+07   1000020E-01  .2926E+02 -.2499E+02   .9999976 -.0000996 -.0022021
T 4837  1 .1837788E+07   1000000E-01  .1442E+03 -.5806E+02   .9999959  .0016762  .0023203
T 4838  1 .1830520E+07   1000009E-01  .6570E+03 -.5543E+03   .9998881  .0103928 -.0107595
T 4839  1 .1834582E+07   1000020E-01  .1031E+02  .5125E+03   .9999610  .0032038  .0082352
T 4840  1 .1833592E+07   1000015E-01  .1107E+03 -.4297E+02   .9999500  .0091641 -.0039931
T 4841  1 .1844475E+07   1000003E-01  .1424E+02 -.1580E+02   .9999858 -.0029969  .0044159
T 4842  1 .1850679E+07   1000010E-01  .2074E+01 -.1527E+04   .9997901 -.0039134 -.0201087
T 4843  1 .1858703E+07   1000020E-01 -.4395E+01 -.1910E+03   .9999407 -.0010571 -.0108423
T 4844  1 .1849040E+07   1000006E-01 -.2309E+03  .2892E+03   .9999665 -.0072492  .0038074
T 4845  1 .1846879E+07   1000010E-01  .2576E+03  .8601E+02   .9999621  .0086346 -.0011012
T 4846  1 .1851045E+07   1000020E-01 -.1384E+03 -.6036E+03   .9999673 -.0046232 -.0066299
T 4847  1 .1837632E+07   1000014E-01  .8198E+03  .8444E+03   .9997380  .0198360  .0114206
T 4848  1 .1842546E+07   1000021E-01  .1416E+03  .1549E+03   .9999993  .0009882  .0006542
T 4849  1 .1848035E+07   1000002E-01  .4695E+03  .3351E+03   .9999466  .0082581  .0062075
T 4850  1 .1857519E+07   1000001E-01  .1530E+04  .9476E+03   .9995633  .0181972  .0232810
T 4851  1 .1840390E+07   1000010E-01 -.1234E+03 -.8367E+02   .9999993 -.0009080 -.0008130
T 4852  1 .1835959E+07   1000022E-01 -.1429E+03 -.2828E+03   .9999201 -.0066982 -.0107203
T 4853  1 .1855163E+07   1000013E-01 -.3150E+03 -.3363E+03   .9998419 -.0102606 -.0145209
T 4854  1 .1863283E+07   1000020E-01 -.9692E+03  .3318E+02   .9999305 -.0117578  .0008099
T 4855  1 .1835933E+07   1000001E-01  .5124E+02  .1109E+03   .9999784 -.0004349  .0065593
T 4856  1 .1853134E+07   1000003E-01 -.2094E+02 -.2700E+03   .9999914 -.0002748 -.0041387
T 4857  1 .1856776E+07   1000009E-01 -.2447E+03 -.1927E+03   .9999805 -.0045754 -.0042492
T 4858  1 .1859811E+07   1000022E-01  .1970E+03 -.2676E+03   .9999426  .0106806 -.0008679
T 4859  1 .1861457E+07   1000013E-01  .2170E+03 -.4895E+03   .9999821 -.0009276 -.0059194
T 4860  1 .1839984E+07   1000022E-01 -.6588E+02 -.3237E+02   .9999552 -.0070268 -.0063445
T 4861  1 .1842092E+07   1000002E-01  .2094E+03  .1081E+04   .9997769  .0008290  .0211068
T 4862  1 .1835649E+07   1000022E-01  .5594E+03  .2968E+03   .9999454  .0078548  .0068896
T 4863  1 .1854588E+07   1000009E-01 -.4317E+03  .1708E+03   .9999660 -.0048158 -.0066868
T 4864  1 .1854580E+07   1000012E-01  .1384E+03 -.1088E+03   .9999918  .0030951 -.0025941
T 4865  1 .1857300E+07   1000006E-01  .2011E+03 -.8905E+02   .9999594  .0089702 -.0008368
T 4866  1 .1825666E+07   1000019E-01 -.2829E+02  .1020E+03   .9999993  .0003543  .0010844
T 4867  1 .1853420E+07   1000001E-01  .6259E+03 -.3392E+03   .9999690  .0060674 -.0050268
T 4868  1 .1831577E+07   1000009E-01  .4523E+03 -.1090E+03   .9999641  .0084710 -.0000267
T 4869  1 .1834883E+07   1000005E-01  .8013E+02  .1697E+03   .9999915  .0020038  .0036141
T 4870  1 .1839596E+07   1000015E-01  .1019E+03 -.1849E+03   .9999042  .0075079 -.0116297
T 4871  1 .1832033E+07   1000020E-01 -.2067E+03 -.1293E+03   .9999848 -.0045677 -.0030741
T 4872  1 .1835000E+07   1000022E-01 -.3721E+03  .4927E+03   .9999549 -.0054350  .0077885
T 4873  1 .1850188E+07   1000013E-01 -.2911E+02  .1243E+03   .9999999 -.0002481 -.0001379
T 4874  1 .1838491E+07   1000022E-01  .3474E+02  .1353E+03   .9999982 -.0001857 -.0018863
T 4875  1 .1845504E+07   1000012E-01 -.4113E+03  .4953E+02   .9999716 -.0071012 -.0025097
T 4876  1 .1840383E+07   1000022E-01  .2566E+03 -.1688E+03   .9999505  .0029950 -.0094854
T 4877  1 .1849659E+07   1000003E-01 -.2686E+03  .8689E+01   .9999886 -.0029511  .0037407
T 4878  1 .1846426E+07   1000003E-01  .3535E+02  .2422E+03   .9999891  .0001485  .0046757
T 4879  1 .1848872E+07   1000019E-01  .2862E+03 -.2365E+03   .9999403  .0082278 -.0071966
T 4880  1 .1843724E+07   1000015E-01  .2395E+03 -.9554E+02   .9998970  .0138518  .0037493
T 4881  1 .1847332E+07   1000006E-01 -.9091E+02 -.3642E+03   .9998825  .0044006 -.0146831
T 4882  1 .1871665E+07   1000019E-01  .2147E+03  .4608E+03   .9999847  .0027007  .0048341
T 4883  1 .1819563E+07   1000010E-01 -.1036E+03  .7142E+02   .9999815 -.0058518 -.0016727
T 4884  1 .1849546E+07   1000018E-01 -.6671E+03  .1062E+03   .9999867 -.0038596  .0034223
T 4885  1 .1829245E+07   1000009E-01  .7796E+00  .1048E+03   .9999713  .0040793  .0063803
T 4886  1 .1864138E+07   1000015E-01  .8411E+03  .7583E+03   .9997555  .0151037  .0161500
T 4887  1 .1844952E+07   1000000E-01  .1571E+03 -.5749E+03   .9999042 -.0024108 -.0136273
T 4888  1 .1844438E+07   1000017E-01  .1193E+04 -.7136E+03   .9994366  .0271639 -.0197146
T 4889  1 .1845502E+07   1000013E-01  .1757E+03  .1491E+02   .9999778  .0019852  .0063670
T 4890  1 .1857804E+07   1000008E-01  .8316E+03 -.3385E+02   .9999450  .0083143 -.0063897
T 4891  1 .1855728E+07   1000000E-01 -.1669E+03 -.4365E+03   .9999493 -.0061147 -.0080006
T 4892  1 .1824498E+07   1000021E-01  .2320E+03  .3165E+01   .9999187  .0042721  .0120130
T 4893  1 .1829630E+07   1000014E-01  .6018E+03  .1176E+03   .9999999  .0001381 -.0001162
T 4894  1 .1817127E+07   1000022E-01 -.6665E+03 -.1310E+03   .9985751 -.0532761 -.0030676
T 4895  1 .1849469E+07   1000011E-01 -.1269E+03 -.1084E+03   .9993302  .0252446 -.0264943
T 4896  1 .1844824E+07   1000017E-01  .2138E+03  .6409E+03   .9999653  .0017367  .0081482
T 4897  1 .1839458E+07   1000004E-01 -.5093E+02  .6561E+02   .9999990 -.0004263  .0013128
T 4898  1 .1832916E+07   1000006E-01  .2451E+02  .2954E+03   .9999856  .0005782  .0053313
T 4899  1 .1838345E+07   1000011E-01  .3020E+03  .5163E+03   .9999236  .0030040  .0119903
T 4900  1 .1843814E+07   1000016E-01  .1772E+03  .2067E+02   .9999663  .0058424  .0057739
T 4901  1 .1857775E+07   1000008E-01  .3454E+03 -.3515E+03   .9999452  .0090282 -.0052924
T 4902  1 .1844857E+07   1000006E-01  .1117E+03  .1600E+03   .9999745  .0063622  .0032404
T 4903  1 .1833254E+07   1000013E-01 -.3124E+03 -.1784E+04   .9986853 -.0158416 -.0487525
T 4904  1 .1832223E+07   1000006E-01 -.2850E+02 -.3536E+02   .9999963 -.0017643 -.0020741
T 4905  1 .1846916E+07   1000022E-01  .2238E+02 -.5933E+00   .9992688  .0186627 -.0333703
T 4906  1 .1850458E+07   1000022E-01 -.5588E+02 -.6642E+01   .9999807  .0014841  .0060367
T 4907  1 .1859679E+07   1000020E-01 -.6513E+03 -.3890E+03   .9997201 -.0216059 -.0096396
T 4908  1 .1831478E+07   1000010E-01 -.3049E+03  .3277E+03   .9999877 -.0021229  .0044850
T 4909  1 .1848173E+07   1000014E-01 -.6002E+03  .1857E+03   .9996888 -.0223169  .0111468
T 4910  1 .1848245E+07   1000018E-01  .1408E+03  .5957E+01   .9999807  .0061613  .0008552
T 4911  1 .1836055E+07   1000020E-01  .4389E+02  .1357E+03   .9999999 -.0002573  .0000957
T 4912  1 .1837369E+07   1000007E-01  .3503E+03 -.8687E+02   .9999418  .0105399 -.0023103
T 4913  1 .1843248E+07   1000009E-01 -.1550E+03  .3110E+02   .9999947 -.0031089 -.0010097
T 4914  1 .1822220E+07   1000016E-01  .5452E+02 -.3723E+02   .9999861  .0052640 -.0003772
T 4915  1 .1841001E+07   1000000E-01 -.3326E+03  .3097E+03   .9998827 -.0114050  .0102195
T 4916  1 .1841484E+07   1000008E-01 -.4063E+03  .8412E+02   .9998676 -.0156841 -.0043270
T 4917  1 .1839564E+07   1000000E-01 -.1130E+03  .2835E+03   .9999977  .0021555  .0001313
T 4918  1 .1851567E+07   1000011E-01  .2325E+03 -.2101E+03   .9999975 -.0010118  .0019915
T 4919  1 .1854972E+07   1000021E-01 -.2531E+03 -.7319E+03   .9999794  .0025602 -.0058810
T 4920  1 .1850243E+07   1000004E-01 -.3573E+03  .4772E+03   .9999026 -.0119154  .0072650
T 4921  1 .1857445E+07   1000001E-01  .2871E+03 -.5414E+02   .9999125  .0128248  .0032480
T 4922  1 .1866973E+07   1000002E-01 -.3036E+03 -.1948E+03   .9999604 -.0085671 -.0024294
T 4923  1 .1830580E+07   1000008E-01 -.1325E+03  .5580E+03   .9997972  .0023117  .0200074
T 4924  1 .1835231E+07   1000001E-01  .5177E+02 -.1637E+03   .9999718  .0050691 -.0055483
T 4925  1 .1848701E+07   1000007E-01 -.1048E+03 -.4161E+03   .9999600 -.0056393 -.0069451
T 4926  1 .1843156E+07   1000017E-01 -.4853E+03 -.1095E+03   .9999422 -.0096573 -.0047208
T 4927  1 .1855964E+07   1000020E-01 -.1170E+03 -.1948E+03   .9999318 -.0084923 -.0080193
T 4928  1 .1854108E+07   1000017E-01  .5998E+03 -.1001E+04   .9996774  .0179619 -.0179574
T 4929  1 .1860646E+07   1000012E-01 -.2966E+03  .6502E+02   .9999536 -.0060220 -.0075156
T 4930  1 .1850529E+07   1000000E-01 -.1491E+03 -.4829E+03   .9999413 -.0026614 -.0105075
T 4931  1 .1826346E+07   1000005E-01 -.8222E+03 -.1172E+04   .9997360 -.0118147 -.0197062
T 4932  1 .1845731E+07   1000006E-01 -.1095E+03  .1830E+04   .9983477 -.0023597  .0574141
T 4933  1 .1843598E+07   1000016E-01  .4645E+03  .9813E+03   .9998221  .0000798  .0188631
T 4934  1 .1845301E+07   1000014E-01  .1907E+02  .3645E+02   .9999868 -.0037701 -.0034866
T 4935  1 .1840709E+07   1000000E-01  .3630E+02  .1655E+03   .9999982 -.0005146  .0018163
T 4936  1 .1836207E+07   1000021E-01  .2691E+02 -.3186E+02   .9999892  .0026627 -.0038024
T 4937  1 .1839208E+07   1000021E-01 -.3129E+03  .7329E+03   .9988816 -.0361386  .0304871
T 4938  1 .1838543E+07   1000020E-01  .3417E+02 -.2851E+02   .9999896 -.0009040 -.0044656
T 4939  1 .1836992E+07   1000011E-01  .1451E+03 -.1731E+03   .9988626  .0429227 -.0207636
T 4940  1 .1855992E+07   1000003E-01 -.1518E+03  .1311E+03   .9999658 -.0058584  .0058323
T 4941  1 .1827067E+07   1000013E-01  .2268E+03 -.5256E+02   .9999582  .0088669 -.0022487
T 4942  1 .1844314E+07   1000019E-01  .1515E+03  .2467E+03   .9999856  .0033598  .0041736
T 4943  1 .1847285E+07   1000022E-01  .6810E+02 -.5569E+02   .9999766  .0051856 -.0044544
T 4944  1 .1856674E+07   1000021E-01  .1656E+04 -.1815E+04   .9999079  .0080534 -.0109262
T 4945  1 .1843993E+07   1000005E-01 -.1951E+03  .2433E+03   .9998482 -.0172561  .0024235
T 4946  1 .1833409E+07   1000005E-01 -.2368E+03 -.4664E+03   .9997482 -.0216254 -.0059823
T 4947  1 .1852764E+07   1000019E-01 -.5931E+02 -.1858E+03   .9999831 -.0028961 -.0050395
T 4948  1 .1840873E+07   1000008E-01 -.4807E+03 -.2881E+03   .9999387 -.0011566 -.0110094
T 4949  1 .1841249E+07   1000021E-01  .2834E+03  .4966E+03   .9998903  .0000176  .0148142
T 4950  1 .1853067E+07   1000005E-01  .1368E+03 -.5609E+01   .9999957 -.0014324 -.0025550
T 4951  1 .1826673E+07   1000009E-01 -.2414E+03  .1145E+03   .9999387 -.0095998  .0055230
T 4952  1 .1851456E+07   1000018E-01 -.1057E+04 -.1676E+03   .9998470 -.0174917  .0002090
T 4953  1 .1849904E+07   1000022E-01 -.3157E+03 -.5893E+03   .9998933 -.0053351 -.0135984
T 4954  1 .1847415E+07   1000000E-01  .1096E+03 -.1844E+03   .9999955  .0019005 -.0023344
T 4955  1 .1842774E+07   1000018E-01 -.8881E+02  .3506E+03   .9999665 -.0019636  .0079428
T 4956  1 .1850847E+07   1000020E-01  .1080E+02 -.2770E+02   .9999925 -.0036343 -.0013748
T 4957  1 .1848569E+07   1000000E-01 -.1173E+03 -.3670E+02   .9999890 -.0032507  .0033767
T 4958  1 .1834446E+07   1000012E-01 -.1850E+03  .2554E+03   .9999082 -.0134326  .0018035
T 4959  1 .1851879E+07   1000019E-01  .1800E+02 -.6001E+03   .9999278 -.0096619 -.0071479
T 4960  1 .1840786E+07   1000022E-01  .1601E+03  .5653E+02   .9999926  .0029716 -.0024624
T 4961  1 .1841175E+07   1000007E-01  .1242E+03  .3848E+03   .9996073  .0042982  .0276918
T 4962  1 .1841870E+07   1000009E-01 -.1418E+03  .1671E+03   .9999434 -.0089686  .0057272
T 4963  1 .1825444E+07   1000018E-01 -.1251E+03 -.9777E+02   .9999955 -.0028231 -.0010464
T 4964  1 .1856773E+07   1000021E-01 -.2870E+03  .2565E+02   .9999743 -.0063488  .0033375
T 4965  1 .1838834E+07   1000020E-01  .1361E+02 -.1205E+03   .9999829  .0055889  .0017029
T 4966  1 .1847283E+07   1000019E-01 -.1941E+03  .2925E+03   .9999862 -.0049994  .0016130
T 4967  1 .1849476E+07   1000015E-01 -.2263E+03  .1210E+03   .9999945 -.0030527  .0013028
T 4968  1 .1842110E+07   1000017E-01 -.2557E+03 -.2299E+03   .9999926 -.0024872 -.0029456
T 4969  1 .1839968E+07   1000014E-01  .3267E+03 -.9879E+02   .9999210  .0073939 -.0101694
T 4970  1 .1848718E+07   1000010E-01 -.1145E+04 -.6730E+03   .9997747 -.0179057 -.0113988
T 4971  1 .1852828E+07   1000020E-01  .5512E+03 -.3328E+03   .9999718  .0049950 -.0056027
T 4972  1 .1853833E+07   1000013E-01 -.5948E+03  .3796E+02   .9997724 -.0213115  .0009529
T 4973  1 .1831198E+07   1000000E-01 -.2015E+03 -.1803E+03   .9999912 -.0036673 -.0020246
T 4974  1 .1827988E+07   1000013E-01 -.3359E+03  .1535E+03   .9999585  .0035512  .0083873
T 4975  1 .1839378E+07   1000009E-01 -.1466E+03  .3660E+02   .9999791 -.0064399  .0004917
T 4976  1 .1843983E+07   1000010E-01 -.2973E+03 -.3961E+03   .9999957 -.0028523  .0007339
T 4977  1 .1852160E+07   1000016E-01 -.1001E+03  .5817E+03   .9999615 -.0058362  .0065493
T 4978  1 .1837404E+07   1000013E-01  .1235E+03  .1202E+03   .9999955  .0029923  .0000898
T 4979  1 .1858957E+07   1000020E-01  .1680E+03 -.1877E+03   .9999284  .0107738 -.0052022
T 4980  1 .1843847E+07   1000016E-01  .9124E+02 -.3491E+03   .9999721  .0032164 -.0067352
T 4981  1 .1870908E+07   1000009E-01 -.5726E+02  .2388E+03   .9999582 -.0006973  .0091162
T 4982  1 .1832365E+07   1000019E-01  .1715E+03  .4774E+02   .9999546  .0094938 -.0007542
T 4983  1 .1853499E+07   1000003E-01  .1589E+03 -.2369E+03   .9999929  .0031131 -.0021273
T 4984  1 .1858689E+07   1000015E-01 -.1031E+03 -.6340E+02   .9998986 -.0139926  .0026476
T 4985  1 .1859194E+07   1000013E-01  .1739E+03  .1228E+04   .9997885  .0006574  .0205563
T 4986  1 .1842938E+07   1000011E-01 -.2328E+03 -.1254E+03   .9999470 -.0097284  .0033575
T 4987  1 .1861748E+07   1000021E-01  .1191E+03  .3851E+03   .9999920  .0035157  .0019191
T 4988  1 .1853839E+07   1000017E-01  .1529E+03 -.5443E+03   .9999707  .0043400 -.0062997
T 4989  1 .1844719E+07   1000004E-01 -.2791E+02 -.4899E+03   .9999613 -.0004210 -.0087873
T 4990  1 .1850204E+07   1000007E-01  .1069E+03 -.3677E+03   .9999887 -.0036587 -.0030418
T 4991  1 .1867916E+07   1000013E-01  .1022E+03 -.3565E+02   .9999869  .0042187 -.0029003
T 4992  1 .1844031E+07   1000002E-01  .1106E+03 -.2351E+02   .9999926 -.0002321 -.0038506
T 4993  1 .1829274E+07   1000010E-01 -.4888E+03 -.3240E+03   .9999130 -.0128469 -.0029822
T 4994  1 .1858501E+07   1000020E-01  .3281E+02 -.4397E+03   .9999631 -.0023306 -.0082706
T 4995  1 .1838459E+07   1000008E-01 -.3544E+02 -.5265E+03   .9997287 -.0051030 -.0227259
T 4996  1 .1841582E+07   1000019E-01 -.1351E+03 -.5533E+03   .9999541 -.0065894 -.0069522
T 4997  1 .1833742E+07   1000000E-01 -.2666E+03  .1353E+03   .9998238 -.014089