============================== SRIM-2013.00 ==============================
==============================================================================
=================  TRANSMIT.txt : File of Transmitted Ions  ==================
=  This file tabulates the kinetics of ions or atoms leaving the target.     =
=  Column #1: S= Sputtered Atom, B= Backscattered Ion, T= Transmitted Ion.   =
=  Col.#2: Ion Number, Col.#3: Z of atom leaving, Col.#4: Atom energy (eV).  =
=  Col.#5-7: Last location:  X= Depth into target, Y,Z= Transverse axes.     =
=  Col.#8-10: Cosines of final trajectory.                                   =
= *** This data file is in the same format as TRIM.DAT (see manual for uses).=
====== TRIM Calc.=  H(2 MeV) ==> PMMA(  20 um) ===============================
 Ion  Atom   Energy        Depth       Lateral-Position        Atom Direction      
 Numb Numb    (eV)          X(A)        Y(A)       Z(A)      Cos(X)  Cos(Y) Cos(Z) 
T    1  1 .1666347E+07   2000022E-01 -.2780E+04 -.1900E+03   .9995167 -.0304793 -.0061066
T    2  1 .1658400E+07   2000017E-01  .2986E+04 -.8877E+03   .9996373  .0258447 -.0075770
T    3  1 .1673954E+07   2000009E-01 -.9484E+03  .2813E+04   .9993849 -.0070215  .0343597
T    4  1 .1700002E+07   2000014E-01  .3886E+03 -.2668E+03   .9999203  .0121741 -.0033575
T    5  1 .1679174E+07   2000005E-01 -.3533E+04 -.1594E+04   .9994326 -.0294774 -.0162990
T    6  1 .1693540E+07   2000021E-01 -.1198E+04  .3163E+04   .9995536 -.0157752  .0253706
T    7  1 .1681388E+07   2000003E-01 -.3423E+03  .5415E+04   .9988939 -.0219931  .0415598
T    8  1 .1676296E+07   2000021E-01 -.2720E+03  .2664E+04   .9996973 -.0031249  .0244047
T    9  1 .1689032E+07   2000016E-01  .2150E+04  .6511E+03   .9999515  .0097019 -.0017153
T   10  1 .1676165E+07   2000014E-01 -.2659E+04  .4371E+03   .9766690 -.2105015  .0425052
T   11  1 .1684776E+07   2000009E-01  .2309E+03  .9100E+03   .9999671  .0004774  .0081004
T   12  1 .1675695E+07   2000008E-01  .2030E+04  .1385E+04   .9998952  .0083311  .0118428
T   13  1 .1653410E+07   2000018E-01  .1596E+03  .4235E+03   .9999938  .0016597  .0030902
T   14  1 .1684793E+07   2000018E-01 -.6618E+03 -.6521E+03   .9999300 -.0059498 -.0102242
T   15  1 .1692709E+07   2000009E-01 -.9756E+03 -.2118E+03   .9999221 -.0122877  .0022079
T   16  1 .1686033E+07   2000009E-01 -.4614E+03  .1904E+04   .9999566 -.0086142  .0035597
T   17  1 .1688201E+07   2000019E-01 -.9402E+03 -.1190E+04   .9998267 -.0106223 -.0152903
T   18  1 .1669478E+07   2000019E-01  .4142E+03 -.3274E+03   .9999827 -.0009368  .0058048
T   19  1 .1688167E+07   2000008E-01 -.1762E+04  .7293E+04   .9971019 -.0235500  .0723407
T   20  1 .1673370E+07   2000023E-01 -.7502E+03  .7774E+02   .9998998 -.0073609 -.0120925
T   21  1 .1665974E+07   2000001E-01 -.2283E+04 -.4005E+03   .9999060 -.0123783 -.0058953
T   22  1 .1670811E+07   2000016E-01 -.1258E+04  .4274E+02   .9999257 -.0069489  .0100162
T   23  1 .1668718E+07   2000012E-01 -.9691E+03 -.2554E+03   .9999746 -.0060160 -.0038193
T   24  1 .1691266E+07   2000017E-01  .1608E+03  .6741E+03   .9999926 -.0003186 -.0038293
T   25  1 .1680867E+07   2000002E-01 -.9119E+03 -.4761E+03   .9999488 -.0074332 -.0068613
T   26  1 .1692356E+07   2000018E-01 -.4394E+03  .4814E+03   .9999860 -.0003920  .0052809
T   27  1 .1693390E+07   2000000E-01  .5848E+03 -.1124E+04   .9999919  .0031985 -.0024329
T   28  1 .1675904E+07   2000011E-01 -.2274E+04  .1255E+04   .9999827  .0045791  .0036952
T   29  1 .1702533E+07   2000009E-01  .2434E+03 -.1485E+04   .9999157  .0047937 -.0120661
T   30  1 .1697225E+07   2000007E-01  .4081E+03 -.3475E+02   .9999585  .0082422 -.0038755
T   31  1 .1669067E+07   2000015E-01 -.3973E+04 -.1512E+03   .9994712 -.0325180 -.0000289
T   32  1 .1688446E+07   2000009E-01 -.3296E+03 -.6239E+03   .9999555 -.0013151 -.0093423
T   33  1 .1658042E+07   2000020E-01  .2322E+03  .1772E+04   .9998798  .0025888  .0152881
T   34  1 .1688146E+07   2000019E-01 -.7031E+03 -.1280E+04   .9999387 -.0100071 -.0047317
T   35  1 .1679683E+07   2000015E-01 -.2226E+03  .2231E+04   .9999462  .0089171  .0052904
T   36  1 .1687920E+07   2000006E-01 -.1381E+03  .3232E+04   .9997893 -.0117572  .0168244
T   37  1 .1698393E+07   2000017E-01 -.4392E+03  .1326E+03   .9999959 -.0023156  .0016646
T   38  1 .1694111E+07   2000001E-01  .4011E+04  .1013E+03   .9994476  .0332078  .0012907
T   39  1 .1692785E+07   2000019E-01 -.3035E+03  .9130E+02   .9999828 -.0045664  .0036919
T   40  1 .1684330E+07   2000004E-01 -.5466E+03 -.4638E+03   .9999952  .0019198 -.0024151
T   41  1 .1682673E+07   2000019E-01 -.1152E+04  .2140E+04   .9998088 -.0091076  .0173058
T   42  1 .1675515E+07   2000003E-01 -.2475E+02 -.2362E+04   .9995402  .0111003 -.0282153
T   43  1 .1669431E+07   2000022E-01 -.2491E+04  .6438E+03   .9997587 -.0218945  .0017663
T   44  1 .1676037E+07   2000004E-01 -.4757E+03  .4393E+03   .9998206 -.0033535  .0186408
T   45  1 .1691321E+07   2000017E-01  .7060E+03  .6987E+02   .9999764  .0027990  .0062782
T   46  1 .1652035E+07   2000019E-01 -.3065E+03 -.2990E+03   .9999538 -.0070995  .0064784
T   47  1 .1697308E+07   2000017E-01 -.7171E+03 -.6123E+03   .9998595 -.0142014 -.0089047
T   48  1 .1681878E+07   2000013E-01 -.2880E+03 -.1320E+04   .9999487  .0028379 -.0097229
T   49  1 .1663797E+07   2000015E-01  .2562E+03 -.5078E+03   .9999805  .0029201 -.0055149
T   50  1 .1686157E+07   2000022E-01  .6264E+03 -.1954E+04   .9994028  .0065945 -.0339191
T   51  1 .1672184E+07   2000017E-01 -.1509E+03 -.2781E+04   .9999258 -.0033125 -.0117214
T   52  1 .1679477E+07   2000005E-01  .1591E+04  .5502E+03   .9998241  .0166790  .0085836
T   53  1 .1657906E+07   2000018E-01 -.1916E+04  .8527E+02   .9999104 -.0133837 -.0001327
T   54  1 .1670590E+07   2000020E-01 -.8174E+03 -.3288E+03   .9999381 -.0015541 -.0110212
T   55  1 .1677864E+07   2000015E-01  .3766E+04  .3820E+04   .9989158  .0269127  .0379854
T   56  1 .1675782E+07   2000009E-01 -.1657E+04  .3016E+04   .9997228 -.0144103  .0186199
T   57  1 .1691762E+07   2000016E-01 -.8331E+02 -.9444E+02   .9999893  .0033446 -.0031847
T   58  1 .1689114E+07   2000012E-01  .1443E+04 -.1123E+04   .9982990  .0579655  .0062572
T   59  1 .1685802E+07   2000012E-01  .4138E+04  .4596E+03   .9996104  .0259742  .0102167
T   60  1 .1679717E+07   2000022E-01  .1839E+04 -.4955E+03   .9999528  .0080033 -.0055175
T   61  1 .1665370E+07   2000015E-01 -.3746E+03 -.1141E+03   .9999826 -.0020653 -.0055294
T   62  1 .1674284E+07   2000018E-01 -.8374E+03 -.4693E+03   .9999572 -.0086662  .0032348
T   63  1 .1659145E+07   2000021E-01  .1163E+04 -.6843E+03   .9998062  .0166260 -.0105394
T   64  1 .1682181E+07   2000006E-01 -.1899E+04  .1769E+04   .9998252 -.0157066  .0101382
T   65  1 .1700593E+07   2000020E-01  .1273E+04  .1031E+04   .9997414  .0183564  .0134241
T   66  1 .1687065E+07   2000022E-01  .4032E+03 -.6353E+03   .9999969  .0024490 -.0003555
T   67  1 .1674650E+07   2000020E-01 -.1904E+03 -.1586E+03   .9999907 -.0003769 -.0042961
T   68  1 .1653859E+07   2000005E-01 -.1946E+04 -.2498E+04   .9999913 -.0038241 -.0016374
T   69  1 .1683593E+07   2000020E-01 -.1018E+03  .1135E+04   .9999638 -.0020662  .0082546
T   70  1 .1660604E+07   2000000E-01 -.4791E+03  .5916E+03   .9999615 -.0060156 -.0063873
T   71  1 .1679972E+07   2000003E-01 -.1053E+04  .2855E+02   .9999237 -.0112670 -.0050601
T   72  1 .1678894E+07   2000008E-01  .2251E+03  .2078E+03   .9999675 -.0051133  .0062339
T   73  1 .1658365E+07   2000004E-01 -.1174E+04 -.4281E+02   .9999833 -.0057717  .0001013
T   74  1 .1667706E+07   2000013E-01  .2604E+04 -.4388E+02   .9996363  .0266408  .0041861
T   75  1 .1677352E+07   2000021E-01  .3956E+03  .5947E+03   .9998648  .0129343  .0101522
T   76  1 .1685878E+07   2000003E-01  .5847E+03 -.8507E+03   .9998745 -.0148168 -.0056097
T   77  1 .1677369E+07   2000009E-01  .7328E+03  .6093E+03   .9999370  .0032591  .0107392
T   78  1 .1691179E+07   2000014E-01  .1232E+03  .2567E+03   .9999639 -.0084353  .0010207
T   79  1 .1672655E+07   2000018E-01 -.8346E+03 -.1812E+04   .9998900 -.0122972 -.0082897
T   80  1 .1675387E+07   2000020E-01  .4511E+02 -.1378E+04   .9999327  .0024292 -.0113414
T   81  1 .1688167E+07   2000007E-01  .4874E+04 -.4659E+03   .9974421  .0712728 -.0054257
T   82  1 .1675061E+07   2000017E-01 -.3183E+03 -.9258E+03   .9999703  .0074346 -.0020298
T   83  1 .1675166E+07   2000011E-01 -.7686E+02 -.5306E+03   .9999440 -.0060945 -.0086469
T   84  1 .1681712E+07   2000012E-01  .9920E+03  .5133E+03   .9998748  .0133021  .0085739
T   85  1 .1665712E+07   2000000E-01  .8920E+03 -.5137E+03   .9999183  .0127709 -.0006287
T   86  1 .1682812E+07   2000007E-01  .3430E+03 -.4360E+03   .9999856 -.0016358 -.0051206
T   87  1 .1695733E+07   2000012E-01  .3982E+03 -.2296E+03   .9999923  .0031574 -.0023323
T   88  1 .1673164E+07   2000021E-01 -.1461E+03 -.1554E+04   .9997631 -.0043474 -.0213256
T   89  1 .1710439E+07   2000009E-01 -.1136E+03  .1958E+04   .9999124 -.0031024  .0128665
T   90  1 .1687148E+07   2000020E-01  .1786E+03  .1478E+03   .9999920  .0025185 -.0030973
T   91  1 .1684028E+07   2000016E-01  .7737E+03  .2239E+04   .9997090 -.0070317  .0230748
T   92  1 .1683132E+07   2000007E-01  .2135E+04  .1974E+04   .9998941  .0128510  .0068315
T   93  1 .1657842E+07   2000001E-01 -.6339E+03 -.8861E+03   .9997905 -.0176410 -.0103794
T   94  1 .1680573E+07   2000021E-01 -.9047E+03  .8027E+03   .9999836  .0055370  .0014430
T   95  1 .1669847E+07   2000015E-01 -.3058E+03  .1476E+04   .9999520 -.0074788  .0063289
T   96  1 .1694102E+07   2000010E-01  .8251E+03  .5111E+03   .9999429 -.0024816  .0103947
T   97  1 .1687465E+07   2000014E-01  .9562E+02 -.2275E+03   .9999348 -.0071551  .0088974
T   98  1 .1695222E+07   2000022E-01  .5559E+03  .1134E+04   .9999150  .0085735  .0098237
T   99  1 .1655279E+07   2000009E-01  .5268E+04 -.5748E+04   .9990487  .0317544 -.0298904
T  100  1 .1667614E+07   2000001E-01  .1537E+04 -.4715E+03   .9997572  .0216760 -.0039631
T  101  1 .1677651E+07   2000001E-01 -.3908E+03 -.1043E+04   .9999769 -.0049961 -.0046057
T  102  1 .1674980E+07   2000004E-01 -.1045E+04  .3628E+03   .9995569 -.0257367  .0149533
T  103  1 .1675587E+07   2000014E-01 -.8518E+02 -.3512E+03   .9999899 -.0038415 -.0023300
T  104  1 .1675418E+07   2000009E-01  .5592E+03  .1126E+02   .9999657  .0076735  .0031268
T  105  1 .1656343E+07   2000004E-01 -.1174E+03  .1948E+03   .9999993  .0005673  .0010406
T  106  1 .1670100E+07   2000019E-01  .1611E+04 -.8464E+03   .9999853  .0007693 -.0053736
T  107  1 .1680307E+07   2000019E-01  .2100E+04 -.8825E+03   .9996812  .0245133 -.0060522
T  108  1 .1659265E+07   2000000E-01  .5980E+03 -.1298E+03   .9999942 -.0007550 -.0033305
T  109  1 .1676126E+07   2000016E-01 -.2409E+04  .1872E+03   .9998160 -.0189800 -.0027653
T  110  1 .1675376E+07   2000017E-01  .1143E+04  .1324E+04   .9999162  .0045551  .0121163
T  111  1 .1691062E+07   2000018E-01  .9453E+03  .9349E+03   .9999853  .0054130 -.0002139
T  112  1 .1692192E+07   2000020E-01  .9410E+03  .2196E+03   .9999901  .0041396  .0016548
T  113  1 .1683931E+07   2000019E-01  .4446E+02  .8030E+03   .9999156  .0127057 -.0027239
T  114  1 .1668564E+07   2000012E-01  .1068E+04 -.2815E+03   .9999702  .0068780 -.0035003
T  115  1 .1681358E+07   2000008E-01 -.1120E+04 -.2181E+04   .9995684 -.0100377 -.0276104
T  116  1 .1674114E+07   2000009E-01  .6826E+03 -.2663E+04   .9998244  .0066668 -.0175112
T  117  1 .1687848E+07   2000015E-01  .8699E+02 -.7717E+03   .9999291 -.0019876 -.0117386
T  118  1 .1665366E+07   2000015E-01  .1896E+04  .2351E+04   .9995295  .0287736  .0106192
T  119  1 .1677244E+07   2000017E-01  .3353E+03 -.4796E+03   .9999889  .0001087  .0047108
T  120  1 .1677981E+07   2000013E-01 -.1002E+04  .1266E+03   .9999791  .0010297  .0063804
T  121  1 .1663022E+07   2000006E-01 -.5330E+03 -.1293E+04   .9995431 -.0004635 -.0302236
T  122  1 .1672597E+07   2000014E-01 -.1646E+03 -.1782E+04   .9996519  .0185193 -.0187938
T  123  1 .1666556E+07   2000005E-01  .8809E+03 -.1159E+04   .9999043  .0133481  .0036407
T  124  1 .1687888E+07   2000022E-01  .2367E+03  .6714E+02   .9999475  .0102488  .0001686
T  125  1 .1691222E+07   2000020E-01 -.1647E+04 -.7750E+03   .9998332 -.0144802 -.0111315
T  126  1 .1680862E+07   2000022E-01 -.1062E+04 -.3031E+03   .9999762 -.0064798  .0023637
T  127  1 .1671475E+07   2000019E-01  .2545E+04  .2655E+03   .9998977  .0140416  .0027247
T  128  1 .1664033E+07   2000011E-01 -.2117E+04 -.4312E+03   .9998283 -.0183765  .0023689
T  129  1 .1671210E+07   2000011E-01 -.6768E+03 -.1119E+04   .9999831 -.0041307 -.0040870
T  130  1 .1669257E+07   2000015E-01 -.4741E+03 -.1556E+04   .9999370  .0015877 -.0111109
T  131  1 .1671993E+07   2000001E-01  .3059E+03 -.1886E+03   .9999866  .0049407  .0015586
T  132  1 .1680739E+07   2000008E-01  .7782E+02 -.4646E+02   .9999438  .0062677 -.0085469
T  133  1 .1666866E+07   2000018E-01 -.8914E+04 -.7419E+03   .9970389 -.0768876 -.0013517
T  134  1 .1675797E+07   2000011E-01 -.6069E+03 -.1298E+04   .9996522  .0183329 -.0189577
T  135  1 .1662380E+07   2000018E-01 -.1516E+03  .2914E+03   .9999980  .0006424  .0019000
T  136  1 .1686712E+07   2000020E-01 -.1481E+04  .1278E+04   .9997666 -.0183032  .0114813
T  137  1 .1661020E+07   2000017E-01 -.2130E+03 -.2406E+04   .9991674  .0008423 -.0407903
T  138  1 .1665022E+07   2000017E-01  .2063E+03 -.4623E+03   .9999180 -.0051460 -.0117288
T  139  1 .1701306E+07   2000003E-01  .2068E+04  .7963E+03   .9998012  .0194754  .0042778
T  140  1 .1664579E+07   2000005E-01 -.6363E+03 -.2055E+04   .9993674  .0004633 -.0355598
T  141  1 .1670975E+07   2000008E-01 -.6937E+03  .1749E+04   .9999834 -.0050791 -.0027302
T  142  1 .1670724E+07   2000021E-01  .1457E+04 -.1652E+04   .9999601  .0044097 -.0077705
T  143  1 .1687831E+07   2000017E-01 -.9940E+04  .4368E+04   .9984530 -.0506533  .0229295
T  144  1 .1663233E+07   2000021E-01 -.2118E+04 -.1191E+04   .9999035 -.0129278 -.0050840
T  145  1 .1662272E+07   2000012E-01 -.1770E+03  .1357E+04   .9998239 -.0090183  .0164563
T  146  1 .1652959E+07   2000013E-01  .1397E+04 -.3048E+03   .9999596  .0070884 -.0055335
T  147  1 .1665596E+07   2000002E-01 -.3095E+03  .2048E+04   .9995937 -.0038009  .0282500
T  148  1 .1691929E+07   2000008E-01 -.9471E+03 -.1091E+04   .9999658 -.0006252 -.0082503
T  149  1 .1688493E+07   2000021E-01 -.3831E+04 -.1591E+04   .9986924 -.0448411 -.0245518
T  150  1 .1679997E+07   2000018E-01  .1534E+04 -.2161E+04   .9997456  .0074204 -.0212978
T  151  1 .1687729E+07   2000008E-01  .9209E+03  .4123E+03   .9998831  .0088320  .0124848
T  152  1 .1682232E+07   2000016E-01 -.1456E+03 -.3277E+03   .9999572  .0031978 -.0086840
T  153  1 .1668324E+07   2000021E-01 -.3946E+03  .2419E+03   .9999661 -.0067563  .0047143
T  154  1 .1653288E+07   2000016E-01  .1384E+04  .3072E+04   .9992923  .0143074  .0347886
T  155  1 .1699456E+07   2000006E-01  .9532E+03  .1722E+03   .9997966  .0198756 -.0034199
T  156  1 .1655043E+07   2000009E-01 -.3035E+04  .7282E+03   .9996126 -.0273194  .0053262
T  157  1 .1666729E+07   2000005E-01  .3143E+02  .1491E+03   .9999729  .0013160  .0072372
T  158  1 .1690382E+07   2000016E-01  .8343E+02  .1468E+04   .9999874 -.0047388  .0016597
T  159  1 .1662842E+07   2000022E-01  .9326E+01 -.7337E+03   .9999133 -.0012163 -.0131136
T  160  1 .1660176E+07   2000015E-01 -.1533E+04  .6062E+03   .9999115 -.0068326  .0114192
T  161  1 .1684283E+07   2000013E-01 -.1809E+04 -.5449E+03   .9999207 -.0067207 -.0106508
T  162  1 .1678400E+07   2000013E-01 -.2278E+04 -.5769E+03   .9994254 -.0334828 -.0052609
T  163  1 .1699994E+07   2000014E-01 -.4422E+03 -.1665E+04   .9998278 -.0031267 -.0182922
T  164  1 .1693006E+07   2000012E-01  .2689E+03 -.1447E+03   .9999560 -.0084326 -.0041215
T  165  1 .1688988E+07   2000003E-01 -.2220E+04  .4674E+03   .9997912 -.0204017 -.0011514
T  166  1 .1691267E+07   2000010E-01  .9820E+03 -.2514E+04   .9994716  .0186346 -.0266310
T  167  1 .1672445E+07   2000013E-01 -.1062E+04  .1948E+04   .9998631 -.0029212  .0162890
T  168  1 .1649876E+07   2000003E-01 -.1142E+03  .1171E+04   .9996614  .0141500  .0218374
T  169  1 .1690467E+07   2000019E-01 -.2330E+04 -.4812E+04   .9980186 -.0250264 -.0577289
T  170  1 .1671733E+07   2000004E-01 -.1256E+03  .3555E+03   .9999719 -.0073958 -.0011854
T  171  1 .1687548E+07   2000002E-01 -.7724E+03  .6648E+03   .9999078 -.0083638  .0106967
T  172  1 .1670719E+07   2000022E-01 -.6815E+03  .8359E+03   .9999729 -.0005848  .0073454
T  173  1 .1697251E+07   2000003E-01  .4765E+03 -.5976E+03   .9997595  .0170394 -.0138070
T  174  1 .1686257E+07   2000014E-01  .4953E+02  .1124E+04   .9997544  .0030627  .0219486
T  175  1 .1677409E+07   2000023E-01  .9456E+03  .1440E+04   .9999838  .0030335  .0048225
T  176  1 .1662034E+07   2000013E-01 -.7835E+03 -.1283E+04   .9999307  .0038580 -.0111268
T  177  1 .1663258E+07   2000011E-01  .4344E+03 -.2850E+04   .9994243 -.0046380 -.0336086
T  178  1 .1651858E+07   2000011E-01  .4153E+03 -.1209E+03   .9999695 -.0049627  .0060274
T  179  1 .1677851E+07   2000008E-01  .4978E+02 -.9145E+02   .9999682 -.0056796 -.0055928
T  180  1 .1708676E+07   2000022E-01  .4152E+03 -.1102E+04   .9999252  .0023536 -.0120023
T  181  1 .1658177E+07   2000006E-01  .8080E+01  .3659E+03   .9999515 -.0078406  .0059556
T  182  1 .1682769E+07   2000012E-01  .3934E+02 -.3950E+03   .9998692  .0120449  .0107972
T  183  1 .1683649E+07   2000022E-01 -.4041E+02 -.1301E+04   .9982624  .0183550 -.0559939
T  184  1 .1688776E+07   2000016E-01  .7702E+03  .2436E+03   .9999332  .0057005  .0100526
T  185  1 .1694822E+07   2000015E-01  .1234E+04  .7466E+03   .9999375  .0066490  .0089854
T  186  1 .1716023E+07   2000009E-01 -.8088E+03  .5510E+03   .9999137 -.0124922  .0040625
T  187  1 .1684217E+07   2000005E-01  .1369E+04  .8383E+03   .9996939  .0166354  .0183120
T  188  1 .1676349E+07   2000009E-01 -.5484E+03 -.4765E+03   .9999216  .0066458  .0106083
T  189  1 .1671601E+07   2000016E-01 -.1711E+04 -.1246E+04   .9997344 -.0207254 -.0100816
T  190  1 .1684045E+07   2000019E-01 -.1442E+04  .9326E+02   .9999454 -.0088459  .0055584
T  191  1 .1647763E+07   2000013E-01 -.1059E+04 -.1795E+03   .9997801 -.0208061 -.0026079
T  192  1 .1704043E+07   2000022E-01 -.1083E+04 -.3443E+04   .9992795 -.0252433 -.0283416
T  193  1 .1688399E+07   2000017E-01  .1551E+03 -.1450E+03   .9999934 -.0003429  .0036228
T  194  1 .1711140E+07   2000010E-01 -.3595E+04  .1804E+02   .9990772 -.0407457  .0135809
T  195  1 .1691734E+07   2000021E-01 -.6006E+03 -.5062E+03   .9997652 -.0124576 -.0177308
T  196  1 .1694151E+07   2000014E-01  .5279E+03 -.5005E+03   .9998026  .0133299  .0147307
T  197  1 .1668580E+07   2000020E-01  .1295E+04  .1167E+04   .9999120  .0050486  .0122701
T  198  1 .1653711E+07   2000015E-01  .9195E+03  .2996E+03   .9999106  .0090018  .0098869
T  199  1 .1656274E+07   2000021E-01 -.7605E+03  .5682E+03   .9996273 -.0269347  .0044533
T  200  1 .1670323E+07   2000004E-01  .2777E+04 -.6508E+03   .9997394  .0219939 -.0061156
T  201  1 .1663973E+07   2000011E-01  .1203E+04 -.1631E+04   .9998852  .0089006 -.0122615
T  202  1 .1697941E+07   2000017E-01  .4614E+02 -.1126E+04   .9997968 -.0037521 -.0198080
T  203  1 .1685439E+07   2000011E-01  .1540E+04 -.5240E+03   .9999844  .0055711  .0002724
T  204  1 .1666857E+07   2000007E-01  .1252E+04 -.9538E+03   .9998278  .0173319 -.0066384
T  205  1 .1690315E+07   2000013E-01 -.8975E+03 -.1280E+04   .9997031 -.0174851 -.0169678
T  206  1 .1681128E+07   2000010E-01  .2136E+03  .1851E+03   .9999798 -.0055827  .0030488
T  207  1 .1680556E+07   2000020E-01  .1784E+04 -.1342E+04   .9999096  .0092906 -.0097164
T  208  1 .1660356E+07   2000005E-01 -.1577E+04  .1495E+04   .9998173 -.0154810  .0112075
T  209  1 .1678862E+07   2000021E-01 -.9977E+03 -.4458E+02   .9999271 -.0117178  .0029274
T  210  1 .1680520E+07   2000017E-01 -.5944E+03 -.4986E+02   .9998896 -.0148052 -.0012307
T  211  1 .1703421E+07   2000008E-01 -.1449E+04 -.1748E+04   .9998313 -.0084434  .0163149
T  212  1 .1660679E+07   2000017E-01  .5333E+03  .5590E+03   .9998854  .0139547 -.0058704
T  213  1 .1670681E+07   2000002E-01 -.1130E+04  .1564E+04   .9998192 -.0119589  .0147856
T  214  1 .1698539E+07   2000016E-01  .1096E+04  .3792E+02   .9999490  .0100938 -.0002211
T  215  1 .1670695E+07   2000022E-01 -.8171E+02 -.6316E+03   .9999553  .0000989 -.0094589
T  216  1 .1656289E+07   2000015E-01  .1548E+04  .1754E+03   .9992370  .0378472 -.0096410
T  217  1 .1689990E+07   2000009E-01  .3667E+04  .8921E+03   .9997638  .0206914  .0066549
T  218  1 .1688205E+07   2000020E-01  .1842E+04 -.1280E+04   .9999070  .0127351 -.0048697
T  219  1 .1696556E+07   2000014E-01  .3802E+04 -.1303E+04   .9995342  .0271743 -.0138873
T  220  1 .1665821E+07   2000019E-01 -.1320E+04  .1492E+04   .9998578 -.0124701  .0113559
T  221  1 .1697865E+07   2000009E-01 -.6750E+03  .1365E+02   .9999803  .0026826  .0056739
T  222  1 .1688093E+07   2000022E-01  .1095E+03 -.7951E+03   .9999600  .0009415 -.0088893
T  223  1 .1706383E+07   2000018E-01  .6557E+03  .3339E+03   .9999577  .0054158  .0074346
T  224  1 .1686757E+07   2000000E-01 -.2910E+03  .3744E+04   .9995430 -.0075872  .0292616
T  225  1 .1671615E+07   2000010E-01 -.3334E+03 -.7085E+03   .9999795 -.0011341 -.0062962
T  226  1 .1686593E+07   2000015E-01 -.6706E+03  .7728E+03   .9999263 -.0121037  .0009936
T  227  1 .1674720E+07   2000005E-01 -.5557E+01 -.1648E+03   .9999721 -.0013660 -.0073470
T  228  1 .1684184E+07   2000006E-01 -.2266E+02  .1571E+03   .9999972  .0004492  .0023257
T  229  1 .1663080E+07   2000002E-01  .1574E+03  .5846E+03   .9999638 -.0041822  .0074080
T  230  1 .1685251E+07   2000015E-01  .1066E+04 -.5760E+03   .9997345  .0229164 -.0024066
T  231  1 .1663828E+07   2000010E-01 -.1118E+04  .4067E+03   .9999973 -.0010881 -.0020377
T  232  1 .1691865E+07   2000001E-01  .2294E+04 -.1659E+04   .9997664  .0189793 -.0103443
T  233  1 .1686123E+07   2000006E-01 -.2250E+04 -.1201E+04   .9996697 -.0253240 -.0043704
T  234  1 .1692398E+07   2000005E-01  .1639E+04  .5535E+03   .9998358  .0077813  .0163640
T  235  1 .1667448E+07   2000022E-01  .1953E+04 -.3656E+01   .9998242  .0177346 -.0060862
T  236  1 .1657035E+07   2000005E-01 -.1371E+04 -.2200E+03   .9995266 -.0303015 -.0053244
T  237  1 .1710951E+07   2000023E-01 -.2979E+02  .3538E+03   .9999817 -.0029267 -.0052883
T  238  1 .1688400E+07   2000000E-01 -.1013E+04  .1591E+03   .9999973 -.0023052  .0004003
T  239  1 .1701992E+07   2000001E-01  .4059E+03 -.9363E+03   .9998987  .0092480 -.0108170
T  240  1 .1710599E+07   2000017E-01  .2124E+03 -.2320E+04   .9998616  .0009151 -.0166143
T  241  1 .1676500E+07   2000021E-01 -.6241E+03 -.1677E+04   .9999388 -.0050776 -.0098324
T  242  1 .1674600E+07   2000002E-01 -.6163E+03 -.1463E+03   .9998755 -.0157805  .0002456
T  243  1 .1687026E+07   2000022E-01 -.2342E+03 -.1705E+04   .9996227 -.0064483 -.0266981
T  244  1 .1658750E+07   2000020E-01 -.6793E+02  .1282E+04   .9999914  .0026387  .0032033
T  245  1 .1662076E+07   2000004E-01  .5907E+04  .2600E+04   .9986985  .0471158  .0195307
T  246  1 .1681499E+07   2000001E-01  .3543E+03 -.3204E+04   .9998360 -.0098565 -.0151930
T  247  1 .1671376E+07   2000022E-01  .4751E+03 -.2103E+03   .9999951  .0031008 -.0005173
T  248  1 .1684712E+07   2000021E-01 -.3461E+04 -.3524E+03   .9995422 -.0297379 -.0055753
T  249  1 .1687224E+07   2000009E-01  .8388E+03  .8592E+03   .9997957  .0134836  .0150572
T  250  1 .1654968E+07   2000016E-01  .8730E+03 -.1068E+04   .9998862  .0058082 -.0139230
T  251  1 .1673550E+07   2000013E-01  .1136E+04  .5169E+04   .9993628  .0065369  .0350903
T  252  1 .1674356E+07   2000019E-01  .1117E+04 -.1328E+04   .9999198  .0088604 -.0090448
T  253  1 .1650956E+07   2000014E-01 -.3080E+02 -.6728E+03   .9998893 -.0063461 -.0134594
T  254  1 .1685909E+07   2000006E-01 -.1515E+04  .5323E+03   .9999028 -.0133518  .0040175
T  255  1 .1679521E+07   2000023E-01 -.5300E+03 -.2718E+03   .9999646 -.0083355 -.0011339
T  256  1 .1679557E+07   2000001E-01 -.3870E+02 -.9096E+03   .9998805 -.0042061 -.0148765
T  257  1 .1654873E+07   2000023E-01 -.3164E+04 -.1413E+04   .9996630 -.0213189 -.0148128
T  258  1 .1682928E+07   2000015E-01 -.2206E+03 -.1626E+04   .9996069  .0085890 -.0266895
T  259  1 .1666118E+07   2000014E-01  .2925E+04  .3359E+04   .9994030  .0222713  .0264117
T  260  1 .1690256E+07   2000004E-01 -.2619E+04 -.9808E+03   .9994449 -.0247492 -.0222996
T  261  1 .1666872E+07   2000019E-01  .1076E+04  .1005E+04   .9999347  .0011514  .0113731
T  262  1 .1662812E+07   2000015E-01  .1704E+04 -.1117E+04   .9998138  .0168666 -.0093748
T  263  1 .1687804E+07   2000000E-01 -.3487E+03 -.1005E+04   .9998460 -.0155597  .0081103
T  264  1 .1657446E+07   2000015E-01  .2469E+04 -.4174E+04   .9980579  .0336338 -.0524326
T  265  1 .1665780E+07   2000015E-01 -.1728E+03 -.6303E+03   .9999854 -.0000611 -.0054065
T  266  1 .1694573E+07   2000019E-01  .9140E+03 -.8470E+03   .9999864  .0017575 -.0049091
T  267  1 .1668373E+07   2000022E-01 -.8446E+03 -.2122E+04   .9996727 -.0189664 -.0171693
T  268  1 .1679650E+07   2000009E-01  .6181E+03 -.3349E+03   .9999586  .0091042 -.0000135
T  269  1 .1687957E+07   2000022E-01  .3981E+03  .7313E+03   .9999531 -.0053807  .0080564
T  270  1 .1693784E+07   2000007E-01 -.4967E+03  .1105E+04   .9998794 -.0023212  .0153549
T  271  1 .1691462E+07   2000011E-01  .8872E+03 -.2866E+03   .9999369  .0059513  .0095272
T  272  1 .1667824E+07   2000007E-01 -.4766E+03 -.2290E+03   .9999974  .0000354  .0022815
T  273  1 .1666653E+07   2000013E-01  .2628E+04  .1850E+03   .9997768  .0210734 -.0014958
T  274  1 .1695245E+07   2000001E-01  .2522E+03  .4026E+03   .9999448  .0036059  .0098686
T  275  1 .1676940E+07   2000008E-01  .1596E+03 -.6785E+02   .9999996 -.0001810 -.0008757
T  276  1 .1671457E+07   2000004E-01 -.6218E+03  .2271E+03   .9999738 -.0063385  .0035020
T  277  1 .1683510E+07   2000003E-01 -.6625E+03  .2868E+03   .9994214 -.0174176 -.0292150
T  278  1 .1703094E+07   2000005E-01  .5083E+03  .8380E+03   .9999377  .0109522  .0021730
T  279  1 .1668075E+07   2000009E-01 -.2228E+04  .6584E+03   .9996113 -.0213669  .0179073
T  280  1 .1691546E+07   2000015E-01  .5029E+03 -.9793E+03   .9998874  .0028347 -.0147363
T  281  1 .1694590E+07   2000021E-01 -.2752E+04 -.3173E+02   .9991317 -.0401874  .0109920
T  282  1 .1694145E+07   2000023E-01  .1453E+04  .7389E+03   .9999306  .0117559  .0007286
T  283  1 .1696098E+07   2000018E-01  .1579E+03  .1673E+02   .9999424  .0016843  .0105973
T  284  1 .1676068E+07   2000001E-01 -.2639E+03  .6713E+03   .9999689  .0027083 -.0074137
T  285  1 .1689963E+07   2000002E-01  .6130E+04  .6914E+04   .9886449  .1046643  .1078265
T  286  1 .1666385E+07   2000010E-01  .1553E+03 -.1814E+04   .9995888  .0093694 -.0271000
T  287  1 .1715428E+07   2000020E-01 -.2603E+03 -.1243E+04   .9997943 -.0070122 -.0190327
T  288  1 .1674964E+07   2000005E-01  .4150E+03 -.1610E+04   .9998642  .0004502 -.0164748
T  289  1 .1685190E+07   2000014E-01 -.1156E+04 -.1104E+04   .9998736 -.0118462 -.0106063
T  290  1 .1683623E+07   2000011E-01 -.7770E+02  .7232E+03   .9998318  .0063274  .0172136
T  291  1 .1682329E+07   2000015E-01  .5540E+03  .4086E+03   .9999437  .0064219  .0084444
T  292  1 .1690264E+07   2000000E-01 -.5303E+03 -.1082E+04   .9998625 -.0121158 -.0113229
T  293  1 .1702565E+07   2000011E-01 -.1275E+04  .7055E+03   .9998461 -.0136963 -.0109649
T  294  1 .1655876E+07   2000014E-01  .5316E+03 -.2338E+04   .9997805  .0136710 -.0158743
T  295  1 .1683439E+07   2000000E-01  .3234E+02  .2320E+03   .9999994 -.0007963 -.0007660
T  296  1 .1658296E+07   2000002E-01  .9039E+03 -.9618E+03   .9998233  .0123019 -.0142160
T  297  1 .1682107E+07   2000009E-01 -.7226E+03  .1496E+04   .9998895 -.0108092  .0102047
T  298  1 .1669664E+07   2000019E-01 -.8850E+03  .5810E+02   .9999474 -.0097658  .0031479
T  299  1 .1677337E+07   2000017E-01  .3964E+03  .2663E+04   .9995573  .0184662  .0233262
T  300  1 .1684771E+07   2000022E-01 -.7469E+03  .2753E+03   .9999114 -.0084454  .0102935
T  301  1 .1663433E+07   2000008E-01  .2190E+03 -.1232E+04   .9997937 -.0041356 -.0198844
T  302  1 .1681143E+07   2000014E-01 -.7434E+03 -.3495E+03   .9999379 -.0077622 -.0079946
T  303  1 .1691925E+07   2000001E-01 -.2906E+03  .1206E+03   .9999705 -.0048686  .0059385
T  304  1 .1674315E+07   2000018E-01  .7116E+03 -.4414E+03   .9999802  .0059426 -.0020876
T  305  1 .1682099E+07   2000013E-01  .1094E+04  .1189E+04   .9999515  .0017323  .0096944
T  306  1 .1679700E+07   2000007E-01 -.2605E+04  .1624E+03   .9907028 -.1357660 -.0086963
T  307  1 .1711174E+07   2000003E-01 -.1517E+04  .1393E+03   .9997644 -.0216370  .0017472
T  308  1 .1690634E+07   2000014E-01 -.3997E+03 -.3523E+03   .9999795 -.0064048  .0001102
T  309  1 .1690627E+07   2000022E-01  .9574E+03  .1220E+04   .9997144  .0232383  .0055832
T  310  1 .1669759E+07   2000019E-01  .9616E+03  .5413E+03   .9999818  .0055225  .0024105
T  311  1 .1677169E+07   2000008E-01 -.7025E+03 -.4227E+02   .9999958 -.0027067 -.0010465
T  312  1 .1659129E+07   2000009E-01  .1415E+03  .1797E+04   .9999395  .0019612  .0108243
T  313  1 .1678923E+07   2000022E-01  .2145E+03  .9010E+03   .9999665 -.0007253  .0081510
T  314  1 .1720287E+07   2000004E-01 -.8784E+03  .4233E+03   .9999738 -.0067892  .0024917
T  315  1 .1698079E+07   2000011E-01  .9643E+03  .1539E+04   .9997704  .0123223  .0175309
T  316  1 .1672450E+07   2000019E-01 -.1157E+03 -.4484E+03   .9999990 -.0001300 -.0014317
T  317  1 .1685352E+07   2000013E-01 -.1272E+04  .8961E+03   .9998952 -.0122943  .0076396
T  318  1 .1680755E+07   2000005E-01 -.2671E+03  .6176E+03   .9999435 -.0070505  .0079573
T  319  1 .1685839E+07   2000013E-01 -.9770E+03  .4414E+03   .9999300 -.0096640  .0068268
T  320  1 .1684298E+07   2000017E-01  .1591E+04  .6485E+03   .9999127  .0131265  .0015097
T  321  1 .1673209E+07   2000008E-01 -.1695E+03  .8487E+03   .9999860 -.0018090  .0049721
T  322  1 .1664241E+07   2000013E-01 -.1445E+04  .1271E+04   .9997121 -.0234975  .0048543
T  323  1 .1708679E+07   2000015E-01  .6879E+03  .7690E+03   .9998237  .0145209  .0119058
T  324  1 .1686350E+07   2000013E-01  .1263E+04  .2133E+04   .9995074  .0282297  .0137135
T  325  1 .1698587E+07   2000002E-01 -.9435E+03  .4888E+03   .9999789 -.0064255  .0009743
T  326  1 .1695470E+07   2000017E-01 -.8625E+03  .1041E+04   .9999513 -.0070022  .0069527
T  327  1 .1685996E+07   2000014E-01  .8077E+03  .1507E+04   .9999256 -.0001917  .0121983
T  328  1 .1659572E+07   2000021E-01  .8077E+03  .4717E+03   .9999154  .0053726  .0118419
T  329  1 .1685211E+07   2000013E-01 -.1443E+04  .1584E+04   .9990928 -.0337968  .0259086
T  330  1 .1690301E+07   2000009E-01 -.1154E+04 -.4578E+03   .9997096 -.0240948  .0004128
T  331  1 .1674892E+07   2000014E-01 -.8050E+02 -.6617E+03   .9998545 -.0082869 -.0149087
T  332  1 .1668273E+07   2000015E-01 -.3262E+03  .7228E+03   .9998192 -.0164743 -.0094990
T  333  1 .1686531E+07   2000016E-01  .2481E+04  .1279E+04   .9998045  .0190442  .0053085
T  334  1 .1666442E+07   2000019E-01 -.8420E+02  .1861E+03   .9999660 -.0071602  .0040921
T  335  1 .1693356E+07   2000020E-01  .1379E+04  .9151E+03   .9996971  .0187515  .0159412
T  336  1 .1673714E+07   2000015E-01  .8972E+03 -.3470E+04   .9996242  .0154188 -.0226673
T  337  1 .1700421E+07   2000013E-01  .5452E+03  .3094E+04   .9995319  .0224895  .0207411
T  338  1 .1685565E+07   2000019E-01 -.3698E+03  .4709E+03   .9999785 -.0047384  .0045232
T  339  1 .1697135E+07   2000022E-01  .3007E+03 -.4713E+03   .9999866  .0007470 -.0051191
T  340  1 .1701220E+07   2000006E-01  .7695E+03 -.9972E+03   .9999152  .0072890 -.0107895
T  341  1 .1675248E+07   2000019E-01  .3572E+04  .1247E+03   .9992981  .0374157  .0018208
T  342  1 .1683367E+07   2000013E-01 -.2627E+03 -.4513E+03   .9998999 -.0138382 -.0029396
T  343  1 .1680689E+07   2000006E-01 -.9516E+02 -.1063E+04   .9999456  .0014651 -.0103316
T  344  1 .1688897E+07   2000022E-01  .3446E+03 -.1782E+04   .9998057 -.0007760 -.0196962
T  345  1 .1679701E+07   2000011E-01  .1879E+04 -.1009E+03   .9998693  .0161659  .0002697
T  346  1 .1680909E+07   2000000E-01 -.2543E+04 -.1283E+04   .9994587 -.0307619 -.0116610
T  347  1 .1687899E+07   2000023E-01 -.8321E+03  .7072E+02   .9999480 -.0097156  .0031105
T  348  1 .1663799E+07   2000013E-01 -.1116E+04 -.1981E+04   .9998079 -.0043245 -.0191151
T  349  1 .1675959E+07   2000015E-01  .2971E+03 -.1700E+04   .9999699 -.0038002 -.0067634
T  350  1 .1662693E+07   2000010E-01 -.1361E+04  .9429E+02   .9998575 -.0159550  .0055203
T  351  1 .1667434E+07   2000011E-01  .1439E+03  .1065E+04   .9995819 -.0190205  .0217793
T  352  1 .1696234E+07   2000013E-01 -.6028E+03 -.2002E+03   .9985508 -.0293693  .0450962
T  353  1 .1666282E+07   2000008E-01 -.9999E+02 -.4834E+03   .9999647 -.0053933 -.0064371
T  354  1 .1694464E+07   2000018E-01 -.9139E+03  .5521E+03   .9998503 -.0141755  .0099238
T  355  1 .1678554E+07   2000014E-01  .3201E+03  .2284E+03   .9994973  .0173838  .0265148
T  356  1 .1688671E+07   2000021E-01 -.6897E+04  .1010E+05   .9954826 -.0463479  .0828634
T  357  1 .1687902E+07   2000013E-01  .4311E+03  .4394E+03   .9997338  .0157080  .0169003
T  358  1 .1687651E+07   2000015E-01 -.2843E+04  .1012E+04   .9996728 -.0255582 -.0010792
T  359  1 .1697205E+07   2000014E-01 -.3818E+04 -.1480E+04   .9997909 -.0194015 -.0064601
T  360  1 .1700927E+07   2000021E-01  .4491E+03  .7164E+03   .9999482  .0003321  .0101776
T  361  1 .1717169E+07   2000002E-01 -.9799E+03  .4421E+03   .9998947 -.0111661  .0092656
T  362  1 .1686796E+07   2000008E-01  .1995E+03 -.8760E+03   .9997894 -.0205161  .0004195
T  363  1 .1692249E+07   2000010E-01  .7245E+03 -.1305E+04   .9999071 -.0068531 -.0117801
T  364  1 .1678372E+07   2000006E-01 -.8120E+03 -.5450E+03   .9999637 -.0079307 -.0031057
T  365  1 .1688811E+07   2000010E-01 -.1703E+04 -.2091E+04   .9996997 -.0179944 -.0166355
T  366  1 .1683964E+07   2000015E-01  .6298E+03  .2734E+03   .9999527  .0012349 -.0096432
T  367  1 .1676343E+07   2000014E-01 -.1156E+04  .1371E+04   .9998604 -.0088754  .0141543
T  368  1 .1677553E+07   2000005E-01  .7224E+02  .2732E+03   .9999903 -.0033196  .0029054
T  369  1 .1686963E+07   2000022E-01 -.1090E+03 -.9004E+03   .9989254 -.0361128  .0290498
T  370  1 .1666883E+07   2000002E-01 -.1129E+04 -.7738E+02   .9999302 -.0110484  .0041753
T  371  1 .1668449E+07   2000020E-01  .9863E+03 -.2125E+03   .9998960 -.0140973 -.0030453
T  372  1 .1661824E+07   2000005E-01 -.6013E+03 -.3646E+04   .9993644  .0061344 -.0351156
T  373  1 .1680690E+07   2000008E-01  .7769E+02 -.4586E+04   .9989862  .0023892 -.0449531
T  374  1 .1683158E+07   2000010E-01  .1431E+04 -.6818E+02   .9999973 -.0009799 -.0020847
T  375  1 .1697760E+07   2000019E-01  .3865E+03  .1276E+04   .9999753  .0008008  .0069893
T  376  1 .1701087E+07   2000019E-01 -.4066E+03 -.7594E+03   .9999915 -.0038761  .0014010
T  377  1 .1701586E+07   2000016E-01 -.2218E+03  .9984E+02   .9999478 -.0048485  .0089932
T  378  1 .1699953E+07   2000021E-01 -.9771E+02  .1009E+04   .9999386  .0109458  .0017541
T  379  1 .1704235E+07   2000002E-01 -.1768E+03  .2365E+04   .9998901 -.0042196  .0142114
T  380  1 .1690990E+07   2000007E-01 -.3566E+03  .1224E+03   .9998346 -.0161538  .0083601
T  381  1 .1686429E+07   2000017E-01  .2748E+03  .1559E+04   .9998268 -.0117374  .0144416
T  382  1 .1669863E+07   2000005E-01 -.4242E+03  .2127E+03   .9999243 -.0046530  .0113897
T  383  1 .1684404E+07   2000022E-01  .3849E+03 -.1199E+04   .9998875  .0081917 -.0125662
T  384  1 .1686115E+07   2000008E-01  .2470E+03  .2279E+04   .9998821  .0036795  .0149086
T  385  1 .1684785E+07   2000015E-01  .2084E+04  .1027E+04   .9993733  .0305113  .0179454
T  386  1 .1678434E+07   2000018E-01  .1284E+04 -.6280E+03   .9998166  .0177556 -.0071710
T  387  1 .1694917E+07   2000022E-01  .1986E+03  .3843E+03   .9999881  .0043756  .0021735
T  388  1 .1680213E+07   2000019E-01 -.4277E+03  .5340E+03   .9996790 -.0065342  .0244806
T  389  1 .1687162E+07   2000019E-01 -.4287E+03  .2350E+04   .9994883 -.0114843  .0298529
T  390  1 .1682771E+07   2000000E-01 -.2775E+03  .8234E+02   .9999770 -.0027023  .0062174
T  391  1 .1678086E+07   2000015E-01 -.1722E+03  .1558E+04   .9994578 -.0229762  .0235835
T  392  1 .1710908E+07   2000019E-01  .4119E+02 -.2205E+03   .9999943 -.0029013  .0017367
T  393  1 .1689635E+07   2000006E-01  .4700E+03 -.1410E+04   .9999477  .0029165 -.0097986
T  394  1 .1690307E+07   2000008E-01 -.1429E+03 -.5775E+03   .9895659  .0324114 -.1403885
T  395  1 .1660931E+07   2000008E-01  .7669E+02  .2956E+03   .9999984 -.0015116 -.0009375
T  396  1 .1694718E+07   2000007E-01 -.8660E+03  .1226E+03   .9999276 -.0102247 -.0063381
T  397  1 .1688089E+07   2000019E-01  .1148E+03  .1054E+04   .9997955 -.0056547  .0194168
T  398  1 .1687834E+07   2000018E-01  .8426E+03  .5088E+04   .9968785  .0062364  .0787043
T  399  1 .1674926E+07   2000021E-01  .9228E+03 -.1005E+04   .9999327  .0044791 -.0107033
T  400  1 .1657140E+07   2000011E-01  .3881E+03  .7120E+04   .9983917  .0013897  .0566752
T  401  1 .1673543E+07   2000001E-01  .3395E+03 -.2566E+04   .9998266  .0056506 -.0177457
T  402  1 .1699795E+07   2000018E-01  .7490E+03 -.7219E+03   .9999564  .0081040 -.0046420
T  403  1 .1702393E+07   2000006E-01 -.6422E+03  .1937E+03   .9999793 -.0026664  .0058589
T  404  1 .1678538E+07   2000003E-01 -.3790E+03  .1291E+04   .9999857  .0048211  .0023317
T  405  1 .1658878E+07   2000004E-01  .1321E+04  .8097E+03   .9996611  .0200604  .0165890
T  406  1 .1670935E+07   2000016E-01 -.7327E+03 -.4854E+03   .9999867 -.0023428 -.0046001
T  407  1 .1680571E+07   2000015E-01 -.1309E+04 -.3509E+03   .9999395 -.0101283 -.0043019
T  408  1 .1689281E+07   2000014E-01  .9541E+03  .6124E+03   .9998630  .0146984  .0076121
T  409  1 .1675972E+07   2000016E-01  .8358E+03 -.1031E+02   .9999937  .0016344 -.0031467
T  410  1 .1668160E+07   2000002E-01  .4551E+03 -.4388E+03   .9999789  .0034561 -.0054993
T  411  1 .1668697E+07   2000019E-01 -.1592E+04 -.1778E+03   .9995898 -.0269077 -.0098042
T  412  1 .1682414E+07   2000009E-01  .1135E+04 -.8524E+03   .9999029  .0124721 -.0062119
T  413  1 .1707228E+07   2000016E-01 -.4640E+03  .2884E+02   .9999861 -.0031234 -.0042396
T  414  1 .1683833E+07   2000021E-01  .6935E+03  .3882E+03   .9999904  .0022230 -.0037696
T  415  1 .1698182E+07   2000011E-01  .3608E+03  .5306E+03   .9999833 -.0018918  .0054694
T  416  1 .1675530E+07   2000004E-01  .1452E+03  .6550E+03   .9998947  .0125957  .0072096
T  417  1 .1684653E+07   2000017E-01  .9891E+03  .2080E+03   .9999904 -.0043776 -.0003636
T  418  1 .1679969E+07   2000019E-01  .5531E+03  .1115E+04   .9999554 -.0011482  .0093785
T  419  1 .1660295E+07   2000004E-01  .1146E+04 -.1845E+04   .9998193  .0114427 -.0151773
T  420  1 .1671283E+07   2000006E-01 -.1043E+04  .7847E+03   .9999035 -.0136638  .0025239
T  421  1 .1675736E+07   2000016E-01 -.1885E+03 -.7200E+03   .9999904 -.0013900 -.0041559
T  422  1 .1669755E+07   2000015E-01 -.3329E+04 -.1245E+04   .9993673 -.0325028 -.0144448
T  423  1 .1685405E+07   2000008E-01  .2973E+04  .1115E+04   .9996853  .0227910  .0104849
T  424  1 .1673099E+07   2000019E-01 -.1195E+04  .3453E+03   .9997540 -.0166630  .0146392
T  425  1 .1676124E+07   2000010E-01 -.3552E+02 -.3163E+02   .9999764 -.0000205  .0068679
T  426  1 .1679132E+07   2000015E-01 -.3628E+03  .2487E+03   .9999713  .0068494  .0032348
T  427  1 .1669464E+07   2000010E-01 -.6627E+02 -.8956E+03   .9999653 -.0036054 -.0075062
T  428  1 .1662494E+07   2000016E-01 -.5330E+03 -.1270E+04   .9993014 -.0085749 -.0363761
T  429  1 .1657708E+07   2000004E-01 -.1754E+02 -.1424E+03   .9999718  .0013784  .0073782
T  430  1 .1681034E+07   2000009E-01 -.9345E+03 -.1326E+04   .9994749 -.0309864 -.0094724
T  431  1 .1694784E+07   2000001E-01  .2854E+03  .1465E+03   .9999909  .0042541 -.0003601
T  432  1 .1693525E+07   2000014E-01 -.1377E+04 -.5701E+03   .9999788 -.0064810 -.0005491
T  433  1 .1663911E+07   2000000E-01 -.2307E+03  .8275E+03   .9999617 -.0038379  .0078635
T  434  1 .1685738E+07   2000006E-01 -.3667E+03  .1185E+04   .9999292 -.0025319  .0116310
T  435  1 .1675359E+07   2000018E-01  .5884E+03  .3884E+02   .9999017  .0139020 -.0018487
T  436  1 .1676852E+07   2000004E-01  .9962E+02  .3493E+04   .9998802 -.0054057  .0145073
T  437  1 .1673207E+07   2000000E-01 -.1180E+04  .2044E+03   .9999381 -.0056843 -.0095683
T  438  1 .1689517E+07   2000013E-01  .1950E+04  .1484E+04   .9992084  .0285235  .0277307
T  439  1 .1678455E+07   2000011E-01  .9837E+03  .6505E+03   .9998473  .0111015  .0134986
T  440  1 .1684834E+07   2000016E-01 -.1326E+04 -.9089E+03   .9997084 -.0205686 -.0126547
T  441  1 .1684584E+07   2000019E-01  .2132E+03 -.8834E+03   .9999384  .0012623 -.0110296
T  442  1 .1682017E+07   2000006E-01 -.1364E+02  .1496E+03   .9999747 -.0056825  .0042780
T  443  1 .1698089E+07   2000003E-01 -.7724E+03 -.6442E+03   .9999673  .0003334 -.0080797
T  444  1 .1653343E+07   2000003E-01  .9911E+03  .5530E+03   .9998488  .0171643 -.0027950
T  445  1 .1697018E+07   2000022E-01 -.4342E+03  .1085E+04   .9999663 -.0079887  .0019071
T  446  1 .1675768E+07   2000016E-01 -.1838E+03  .1863E+03   .9999912 -.0039206 -.0015093
T  447  1 .1663990E+07   2000015E-01  .4744E+02 -.1257E+04   .9999745  .0068561 -.0019859
T  448  1 .1679459E+07   2000010E-01  .2161E+04  .3380E+03   .9997141  .0235193 -.0043004
T  449  1 .1670328E+07   2000005E-01 -.7593E+03  .1608E+04   .9999536 -.0037991  .0088572
T  450  1 .1664502E+07   2000020E-01 -.7994E+03 -.3889E+04   .9981209 -.0106709 -.0603398
T  451  1 .1690270E+07   2000017E-01 -.7991E+03  .1778E+03   .9997822 -.0204969 -.0039254
T  452  1 .1686790E+07   2000004E-01  .1408E+04  .6418E+03   .9999683  .0079610  .0001953
T  453  1 .1655500E+07   2000011E-01  .2049E+04 -.2231E+03   .9997818  .0188125  .0090757
T  454  1 .1702710E+07   2000004E-01  .9096E+03  .3531E+04   .9998248  .0041736  .0182457
T  455  1 .1676844E+07   2000005E-01 -.5351E+03 -.1646E+04   .9995688  .0159163 -.0246768
T  456  1 .1677261E+07   2000000E-01  .3540E+04  .6529E+03   .9998251  .0163914  .0090066
T  457  1 .1684576E+07   2000011E-01  .2427E+03  .1564E+03   .9999734 -.0060157  .0041205
T  458  1 .1673243E+07   2000001E-01  .7812E+03  .5684E+03   .9998997  .0071026  .0122527
T  459  1 .1668001E+07   2000007E-01  .2221E+03 -.3426E+03   .9999891  .0016266 -.0043768
T  460  1 .1667980E+07   2000015E-01 -.9955E+02  .2025E+03   .9999879 -.0022148 -.0044010
T  461  1 .1665030E+07   2000014E-01 -.6834E+02 -.1460E+04   .9997595 -.0082011 -.0203406
T  462  1 .1685207E+07   2000001E-01  .2556E+03 -.1565E+04   .9997490  .0065661 -.0214185
T  463  1 .1687353E+07   2000001E-01  .1639E+04  .9386E+03   .9999796  .0042123  .0048051
T  464  1 .1650612E+07   2000022E-01  .2269E+04 -.1333E+04   .9998795  .0154732  .0012163
T  465  1 .1690966E+07   2000010E-01  .2110E+04 -.8703E+03   .9997605  .0203104 -.0081493
T  466  1 .1689531E+07   2000018E-01 -.7146E+03  .1242E+04   .9999811 -.0059064  .0017029
T  467  1 .1670760E+07   2000015E-01 -.1102E+03  .1345E+04   .9999476  .0016166  .0101098
T  468  1 .1679104E+07   2000014E-01  .5553E+03  .5476E+03   .9998790  .0144666  .0057103
T  469  1 .1695198E+07   2000016E-01  .5240E+02 -.5969E+03   .9999300  .0011477 -.0117747
T  470  1 .1652071E+07   2000015E-01  .1113E+04  .1123E+04   .9996951  .0225035  .0101655
T  471  1 .1670721E+07   2000005E-01 -.5920E+03 -.8528E+03   .9999034 -.0138337  .0013174
T  472  1 .1686629E+07   2000009E-01 -.8092E+03  .1676E+04   .9999122 -.0053913  .0121038
T  473  1 .1701591E+07   2000022E-01 -.1644E+03  .5527E+03   .9999697 -.0073078  .0026782
T  474  1 .1666697E+07   2000021E-01  .5643E+03 -.4077E+03   .9999935 -.0002441 -.0035984
T  475  1 .1674006E+07   2000016E-01  .6146E+03 -.2067E+04   .9998304  .0155653 -.0098434
T  476  1 .1701479E+07   2000008E-01  .6420E+03  .3184E+03   .9999938  .0028378 -.0020895
T  477  1 .1686516E+07   2000005E-01 -.4396E+02  .5392E+03   .9999958  .0018447 -.0022251
T  478  1 .1667831E+07   2000017E-01 -.1743E+04  .1496E+04   .9998478 -.0110478  .0135030
T  479  1 .1697829E+07   2000018E-01  .4081E+03 -.1959E+03   .9999543  .0070123 -.0064982
T  480  1 .1660971E+07   2000014E-01 -.2442E+04  .1146E+04   .9997762 -.0199040  .0071664
T  481  1 .1696262E+07   2000013E-01  .1794E+04  .1033E+04   .9995896  .0223916  .0178701
T  482  1 .1668575E+07   2000006E-01 -.5135E+03  .8172E+03   .9999681  .0058000  .0054833
T  483  1 .1675020E+07   2000004E-01  .6250E+03  .3113E+01   .9999981 -.0017201  .0009345
T  484  1 .1661088E+07   2000022E-01  .2635E+03 -.2656E+03   .9999807  .0059275 -.0018771
T  485  1 .1695244E+07   2000019E-01 -.8626E+03 -.1990E+03   .9999570 -.0031784 -.0087085
T  486  1 .1682775E+07   2000004E-01 -.7185E+02  .1853E+03   .9999940 -.0006545  .0034129
T  487  1 .1678133E+07   2000018E-01 -.1005E+04  .2136E+03   .9999610 -.0077582  .0042201
T  488  1 .1673002E+07   2000015E-01  .6357E+03 -.1020E+04   .9999332  .0063613 -.0096511
T  489  1 .1678937E+07   2000007E-01  .3514E+03  .1085E+04   .9999050  .0128330  .0050319
T  490  1 .1660509E+07   2000002E-01 -.3261E+03 -.5797E+02   .9999991  .0002044  .0013255
T  491  1 .1671389E+07   2000004E-01  .3815E+04 -.2725E+04   .9994682  .0279483 -.0167986
T  492  1 .1695643E+07   2000018E-01 -.1398E+04  .7339E+03   .9999576  .0006700  .0091834
T  493  1 .1656223E+07   2000000E-01  .1368E+04  .1218E+05   .9982428  .0076124  .0587646
T  494  1 .1665456E+07   2000015E-01  .1344E+04  .9887E+03   .9998290  .0153013  .0103844
T  495  1 .1668134E+07   2000001E-01 -.7603E+03  .2523E+03   .9998654 -.0150074  .0066353
T  496  1 .1671147E+07   2000021E-01 -.6065E+03  .1071E+05   .9981828  .0010491  .0602492
T  497  1 .1677193E+07   2000009E-01 -.4491E+03  .5212E+03   .9999717 -.0069975  .0027802
T  498  1 .1697041E+07   2000009E-01 -.8429E+03  .3546E+03   .9999093 -.0132788  .0022337
T  499  1 .1675221E+07   2000005E-01 -.3111E+04 -.6220E+03   .9997764 -.0210041 -.0024363
T  500  1 .1689097E+07   2000017E-01  .1947E+04  .1234E+04   .9997452  .0200709  .0103329
T  501  1 .1659758E+07   2000022E-01 -.7034E+03  .1187E+03   .9999698 -.0052718 -.0057065
T  502  1 .1651904E+07   2000011E-01 -.3376E+04 -.7217E+03   .9999341 -.0114142  .0012581
T  503  1 .1706096E+07   2000014E-01  .3634E+03  .1517E+04   .9996550 -.0037308  .0260011
T  504  1 .1674568E+07   2000001E-01  .6540E+02 -.3400E+03   .9999765 -.0049753  .0047265
T  505  1 .1696567E+07   2000022E-01 -.7532E+03 -.4663E+03   .9999303 -.0047433 -.0108122
T  506  1 .1686763E+07   2000000E-01 -.3190E+03  .7763E+03   .9996370 -.0226255  .0146241
T  507  1 .1685580E+07   2000021E-01  .1171E+03 -.3708E+02   .9998855 -.0031730 -.0147929
T  508  1 .1682039E+07   2000007E-01 -.5964E+03  .1777E+03   .9999890 -.0013861  .0044813
T  509  1 .1686188E+07   2000009E-01  .9115E+03 -.1332E+04   .9999406 -.0093138 -.0056584
T  510  1 .1679076E+07   2000019E-01  .4083E+04  .2249E+04   .9991203  .0416215  .0051249
T  511  1 .1654379E+07   2000001E-01  .3528E+03 -.2995E+04   .9994217  .0072806 -.0332162
T  512  1 .1671586E+07   2000012E-01  .1469E+04  .9144E+03   .9999502  .0015448 -.0098623
T  513  1 .1656613E+07   2000011E-01 -.1334E+04  .2092E+04   .9993612 -.0102298  .0342417
T  514  1 .1667773E+07   2000019E-01 -.1681E+04 -.7621E+03   .9988719 -.0471572 -.0055843
T  515  1 .1674441E+07   2000013E-01  .1207E+04  .2288E+04   .9997175  .0147029  .0186753
T  516  1 .1683352E+07   2000001E-01  .8412E+03  .2373E+04   .9998907 -.0067331  .0131609
T  517  1 .1677831E+07   2000004E-01 -.3117E+03  .3899E+04   .9975075 -.0168489  .0685192
T  518  1 .1665103E+07   2000013E-01 -.9344E+03 -.2524E+03   .9999598 -.0089482  .0006297
T  519  1 .1694900E+07   2000002E-01  .6899E+03 -.5465E+04   .9988028  .0055853 -.0485982
T  520  1 .1689630E+07   2000016E-01 -.6779E+03 -.2440E+04   .9999042 -.0138397  .0000542
T  521  1 .1679014E+07   2000019E-01 -.1836E+03  .7514E+03   .9999512 -.0059893  .0078548
T  522  1 .1648569E+07   2000021E-01 -.4714E+04  .3587E+04   .9991015 -.0380293  .0187070
T  523  1 .1657105E+07   2000005E-01  .2710E+03  .1543E+03   .9999866  .0045616  .0024654
T  524  1 .1697817E+07   2000006E-01 -.1746E+04 -.9240E+02   .9998392 -.0177536 -.0025177
T  525  1 .1706693E+07   2000021E-01 -.2778E+03  .6202E+03   .9999809  .0049251  .0037269
T  526  1 .1665987E+07   2000020E-01 -.1921E+03  .6099E+02   .9999837 -.0004765 -.0056843
T  527  1 .1658307E+07   2000012E-01 -.6847E+03 -.6456E+03   .9999394 -.0079876 -.0075775
T  528  1 .1678704E+07   2000017E-01  .6050E+03 -.1326E+04   .9993312  .0248559 -.0268214
T  529  1 .1679345E+07   2000014E-01  .9112E+03 -.6102E+02   .9999892  .0045632 -.0008858
T  530  1 .1684872E+07   2000016E-01  .8074E+03  .8395E+02   .9999640  .0060724 -.0059239
T  531  1 .1685306E+07   2000021E-01 -.4551E+03 -.2105E+04   .9998249 -.0078881 -.0169714
T  532  1 .1693112E+07   2000003E-01 -.8476E+03 -.5727E+03   .9998530 -.0165328 -.0045510
T  533  1 .1704317E+07   2000020E-01 -.6905E+03  .8496E+02   .9999494 -.0090231  .0044560
T  534  1 .1693168E+07   2000011E-01  .5872E+03  .3252E+03   .9999743  .0071669  .0000949
T  535  1 .1693499E+07   2000015E-01  .2125E+04  .4312E+03   .9983777  .0521787 -.0227888
T  536  1 .1679779E+07   2000016E-01 -.3752E+03 -.2554E+04   .9996321  .0251075  .0102557
T  537  1 .1673275E+07   2000022E-01 -.1399E+03 -.5922E+03   .9999202 -.0006660 -.0126157
T  538  1 .1687767E+07   2000019E-01  .2082E+04  .1089E+04   .9997709  .0181167  .0114021
T  539  1 .1680028E+07   2000022E-01 -.1181E+04 -.5390E+03   .9997320 -.0187576 -.0135661
T  540  1 .1670124E+07   2000020E-01 -.7854E+03 -.7873E+02   .9999568 -.0035299 -.0085983
T  541  1 .1704116E+07   2000007E-01  .5689E+02  .1396E+03   .9999854  .0042794  .0032956
T  542  1 .1685413E+07   2000022E-01 -.4478E+03 -.8511E+02   .9999988 -.0005254 -.0014381
T  543  1 .1692625E+07   2000000E-01 -.9091E+03  .7103E+04   .9979498 -.0176773  .0615115
T  544  1 .1659734E+07   2000021E-01 -.2760E+03  .1924E+03   .9998427 -.0131783  .0118709
T  545  1 .1691491E+07   2000015E-01 -.8525E+03  .1674E+03   .9998006 -.0164501  .0113244
T  546  1 .1682501E+07   2000017E-01  .1624E+04  .4554E+03   .9999007  .0120529 -.0072961
T  547  1 .1697287E+07   2000003E-01 -.5110E+03  .5959E+03   .9999660 -.0074125  .0035995
T  548  1 .1698010E+07   2000018E-01  .6355E+03 -.6693E+03   .9999296  .0069916 -.0095897
T  549  1 .1692408E+07   2000021E-01  .8040E+02 -.3654E+03   .9999834 -.0025154 -.0051802
T  550  1 .1688648E+07   2000021E-01 -.8324E+03  .3128E+03   .9999890 -.0029572  .0036427
T  551  1 .1658826E+07   2000007E-01 -.8515E+03  .1449E+04   .9998527  .0168324 -.0033498
T  552  1 .1701212E+07   2000011E-01 -.1288E+04 -.4134E+03   .9998982 -.0115385 -.0083929
T  553  1 .1684368E+07   2000003E-01  .4463E+03  .2889E+02   .9999598  .0069064 -.0057104
T  554  1 .1667651E+07   2000001E-01 -.5546E+03  .2299E+02   .9999829 -.0009813 -.0057708
T  555  1 .1669007E+07   2000010E-01 -.1267E+04 -.1024E+04   .9998869 -.0130235 -.0075156
T  556  1 .1696961E+07   2000013E-01  .1114E+04  .1096E+04   .9999008  .0033117  .0136913
T  557  1 .1686723E+07   2000019E-01 -.2624E+03  .2154E+03   .9999386  .0007286  .0110552
T  558  1 .1675015E+07   2000011E-01  .6330E+03 -.1178E+04   .9997683 -.0121682  .0177570
T  559  1 .1697780E+07   2000018E-01 -.4851E+03 -.1549E+04   .9999485 -.0036049 -.0094863
T  560  1 .1699835E+07   2000003E-01 -.9861E+03  .1433E+04   .9997894 -.0104563  .0176592
T  561  1 .1676952E+07   2000017E-01 -.4233E+03  .4556E+02   .9982449 -.0583976  .0098432
T  562  1 .1687044E+07   2000014E-01  .8300E+03  .1580E+03   .9998466  .0157517 -.0076590
T  563  1 .1675458E+07   2000006E-01 -.1072E+04  .2082E+04   .9996943 -.0128803  .0211041
T  564  1 .1668389E+07   2000015E-01 -.8209E+03  .1634E+04   .9996894 -.0142061  .0204779
T  565  1 .1663229E+07   2000016E-01  .3428E+03 -.7913E+03   .9999792  .0008245 -.0063974
T  566  1 .1673484E+07   2000021E-01 -.8658E+03  .7116E+03   .9999485 -.0077432  .0065622
T  567  1 .1662245E+07   2000022E-01  .1839E+03  .2404E+03   .9999447  .0102268  .0024634
T  568  1 .1684276E+07   2000020E-01 -.4307E+01 -.3766E+03   .9999743 -.0045503 -.0055318
T  569  1 .1703762E+07   2000017E-01 -.6497E+04  .9596E+02   .9986140 -.0524592  .0042483
T  570  1 .1673645E+07   2000012E-01  .1585E+04 -.6458E+03   .9998372  .0170512 -.0058996
T  571  1 .1678438E+07   2000019E-01  .5766E+03  .1004E+03   .9998915  .0139585 -.0047038
T  572  1 .1667237E+07   2000019E-01 -.8959E+03  .1779E+04   .9999605 -.0046842  .0075475
T  573  1 .1662150E+07   2000015E-01 -.1915E+04  .6736E+03   .9996512 -.0264104  .0001601
T  574  1 .1683381E+07   2000014E-01  .6370E+03 -.1060E+04   .9999129  .0108372 -.0075385
T  575  1 .1686210E+07   2000012E-01 -.3064E+04  .3317E+04   .9985554 -.0410217  .0347031
T  576  1 .1668131E+07   2000018E-01  .3996E+03 -.4298E+03   .9999142  .0079401 -.0104222
T  577  1 .1698823E+07   2000017E-01 -.7410E+03  .1725E+04   .9999366 -.0028350  .0109000
T  578  1 .1688788E+07   2000013E-01  .7024E+03  .9906E+03   .9999912 -.0010470  .0040738
T  579  1 .1706712E+07   2000001E-01  .1452E+04  .3396E+04   .9984585  .0208990  .0514186
T  580  1 .1691091E+07   2000017E-01  .2621E+03  .5949E+02   .9998857  .0093374 -.0118888
T  581  1 .1701095E+07   2000017E-01  .2888E+03  .4899E+03   .9999961  .0001410  .0028065
T  582  1 .1659586E+07   2000014E-01  .7220E+03  .7812E+03   .9997759  .0140669  .0158222
T  583  1 .1677171E+07   2000021E-01  .6258E+03 -.3372E+03   .9999561  .0059626  .0072346
T  584  1 .1676595E+07   2000022E-01 -.7519E+03  .1699E+03   .9999363 -.0111819  .0015681
T  585  1 .1715639E+07   2000001E-01 -.7170E+03 -.6578E+03   .9999920 -.0036448 -.0016461
T  586  1 .1671511E+07   2000021E-01 -.7674E+03  .1945E+04   .9998943 -.0049319  .0136779
T  587  1 .1680663E+07   2000009E-01  .1391E+04 -.6515E+03   .9997937  .0198477  .0043137
T  588  1 .1672506E+07   2000018E-01 -.1396E+04 -.3128E+04   .9997221 -.0212911 -.0101231
T  589  1 .1672355E+07   2000010E-01 -.7521E+03  .1132E+04   .9999179 -.0065346  .0110267
T  590  1 .1691655E+07   2000022E-01 -.5846E+03  .3324E+03   .9999771 -.0031516 -.0059935
T  591  1 .1671324E+07   2000012E-01 -.1300E+04  .6650E+02   .9999812 -.0060850  .0006986
T  592  1 .1682514E+07   2000012E-01 -.1198E+04  .2160E+03   .9999696 -.0077149  .0011336
T  593  1 .1696168E+07   2000000E-01  .4553E+03  .5473E+03   .9999881  .0009547 -.0047831
T  594  1 .1670114E+07   2000011E-01 -.5895E+03  .5890E+03   .9999400 -.0105613  .0028983
T  595  1 .1695213E+07   2000001E-01 -.9775E+03  .1614E+03   .9999574 -.0083800 -.0038613
T  596  1 .1682575E+07   2000020E-01 -.1281E+04  .2875E+02   .9999335 -.0085585 -.0077332
T  597  1 .1682807E+07   2000014E-01  .1858E+04  .1309E+04   .9997662  .0174987  .0127018
T  598  1 .1678624E+07   2000022E-01  .6434E+03 -.1118E+04   .9999150  .0018734 -.0129029
T  599  1 .1677657E+07   2000017E-01  .1592E+04  .1913E+04   .9998276  .0165581  .0084067
T  600  1 .1669599E+07   2000007E-01  .1050E+04  .1730E+03   .9985438  .0538299 -.0035566
T  601  1 .1673148E+07   2000023E-01  .2339E+04 -.1778E+04   .9997371  .0227425 -.0029312
T  602  1 .1644934E+07   2000020E-01  .1452E+04 -.2208E+04   .9997622  .0157245 -.0151099
T  603  1 .1673022E+07   2000006E-01  .1483E+04 -.1316E+04   .9999393 -.0024244 -.0107482
T  604  1 .1696036E+07   2000022E-01  .7531E+03 -.1701E+01   .9999811  .0016388 -.0059294
T  605  1 .1681244E+07   2000020E-01 -.4732E+03  .4167E+03   .9998994 -.0139850  .0023482
T  606  1 .1696762E+07   2000017E-01 -.7187E+03  .4742E+02   .9999900 -.0039716  .0020698
T  607  1 .1662052E+07   2000015E-01 -.2204E+03 -.1440E+04   .9999511  .0000358 -.0098888
T  608  1 .1665511E+07   2000012E-01 -.7659E+03 -.1084E+04   .9995559 -.0033873 -.0296064
T  609  1 .1698884E+07   2000015E-01 -.8321E+03  .2663E+02   .9998648 -.0147172  .0073333
T  610  1 .1692889E+07   2000014E-01  .1335E+04  .4290E+04   .9995512  .0057338  .0294040
T  611  1 .1686397E+07   2000001E-01 -.4584E+03  .1047E+03   .9999574 -.0071314 -.0058529
T  612  1 .1661025E+07   2000022E-01  .3337E+03 -.2078E+03   .9998464  .0166544 -.0054582
T  613  1 .1686326E+07   2000000E-01 -.6751E+03  .2430E+04   .9939525  .0483719  .0985824
T  614  1 .1686070E+07   2000006E-01  .9741E+03  .6784E+03   .9998530  .0113422  .0128603
T  615  1 .1682940E+07   2000005E-01  .1035E+04  .4391E+03   .9998276  .0178875  .0049739
T  616  1 .1644658E+07   2000006E-01 -.3605E+03 -.1971E+04   .9997876  .0097181 -.0181730
T  617  1 .1671756E+07   2000008E-01 -.1069E+04 -.7198E+03   .9988908 -.0400341 -.0247876
T  618  1 .1679558E+07   2000020E-01  .4937E+03 -.2438E+02   .9999495  .0098188 -.0021598
T  619  1 .1681170E+07   2000008E-01  .2893E+02  .2895E+03   .9998910 -.0094339  .0113534
T  620  1 .1683836E+07   2000008E-01  .4057E+03  .1265E+03   .9999628  .0085545 -.0011371
T  621  1 .1680611E+07   2000020E-01  .2122E+04  .1365E+04   .9996843  .0201328  .0150340
T  622  1 .1681534E+07   2000015E-01 -.2016E+04 -.5943E+03   .9997175 -.0227891 -.0067581
T  623  1 .1682881E+07   2000013E-01  .2000E+04 -.4289E+03   .9996491  .0264104 -.0020414
T  624  1 .1678159E+07   2000005E-01 -.5768E+03 -.1496E+04   .9998016 -.0090775 -.0177327
T  625  1 .1689193E+07   2000007E-01 -.9921E+03 -.9641E+03   .9999833 -.0020029 -.0054175
T  626  1 .1674173E+07   2000022E-01  .1879E+03  .1508E+03   .9998208  .0173740  .0075118
T  627  1 .1671342E+07   2000015E-01  .7228E+02  .3608E+03   .9999725 -.0008200  .0073671
T  628  1 .1661046E+07   2000021E-01 -.7841E+03  .4534E+03   .9999766 -.0029015  .0061948
T  629  1 .1683807E+07   2000014E-01 -.1337E+04  .4641E+03   .9998908 -.0122975  .0081947
T  630  1 .1687169E+07   2000005E-01  .4957E+02  .1970E+04   .9998933  .0038296  .0140963
T  631  1 .1692464E+07   2000016E-01 -.1653E+04  .9960E+01   .9996083 -.0266454  .0085560
T  632  1 .1674185E+07   2000004E-01 -.8909E+03 -.1122E+04   .9996569  .0035034 -.0259561
T  633  1 .1664360E+07   2000017E-01 -.3210E+03 -.7993E+03   .9998688 -.0079002 -.0141442
T  634  1 .1681471E+07   2000020E-01 -.2898E+04 -.3354E+03   .9998455 -.0163760 -.0063925
T  635  1 .1679286E+07   2000015E-01 -.6573E+03 -.3338E+03   .9996413 -.0267055 -.0020381
T  636  1 .1673308E+07   2000000E-01  .2287E+02  .1199E+04   .9999701  .0050043  .0058960
T  637  1 .1658754E+07   2000009E-01 -.2599E+04 -.1244E+03   .9997059 -.0231286 -.0072975
T  638  1 .1664238E+07   2000017E-01 -.8620E+03  .7780E+02   .9999607 -.0085537  .0023423
T  639  1 .1706809E+07   2000021E-01  .1550E+04 -.1531E+04   .9998308  .0128791 -.0131358
T  640  1 .1696542E+07   2000013E-01  .7583E+03 -.1717E+04   .9998753  .0100062 -.0122146
T  641  1 .1668469E+07   2000002E-01  .5805E+03  .6064E+03   .9999934  .0012594 -.0033970
T  642  1 .1664719E+07   2000007E-01  .3149E+03 -.3150E+03   .9999821  .0044825 -.0039567
T  643  1 .1697534E+07   2000004E-01  .4902E+03  .8740E+02   .9999965  .0018592 -.0018866
T  644  1 .1659469E+07   2000013E-01 -.6250E+03  .1159E+03   .9999831 -.0056807 -.0012659
T  645  1 .1661731E+07   2000016E-01 -.6307E+03  .1325E+04   .9999444 -.0004235  .0105349
T  646  1 .1679842E+07   2000016E-01 -.7226E+03  .1497E+04   .9986957 -.0221888  .0459854
T  647  1 .1676464E+07   2000018E-01 -.3781E+04 -.2165E+04   .9931248 -.0887755  .0763020
T  648  1 .1684092E+07   2000014E-01  .2160E+03 -.3205E+03   .9999647  .0035883 -.0075958
T  649  1 .1666933E+07   2000005E-01  .2453E+04 -.2999E+04   .9990524  .0344244 -.0266306
T  650  1 .1708595E+07   2000020E-01  .8321E+02 -.2496E+03   .9998365 -.0094379 -.0154232
T  651  1 .1654468E+07   2000000E-01  .2101E+03  .3558E+03   .9999933  .0035974  .0006802
T  652  1 .1691300E+07   2000006E-01  .8338E+04  .1832E+05   .9862197  .0659290  .1517365
T  653  1 .1689361E+07   2000016E-01  .7375E+03 -.9001E+03   .9999900  .0038176 -.0023393
T  654  1 .1706288E+07   2000015E-01  .9956E+03  .2288E+04   .9996388  .0146039  .0225626
T  655  1 .1673728E+07   2000005E-01  .1156E+03 -.1074E+04   .9999818  .0038300 -.0046653
T  656  1 .1687091E+07   2000003E-01  .2153E+03 -.1712E+03   .9999779  .0064594  .0015912
T  657  1 .1682190E+07   2000017E-01 -.7820E+03  .2077E+02   .9998547 -.0135124 -.0103887
T  658  1 .1687819E+07   2000013E-01 -.1185E+04 -.1649E+02   .9999795 -.0044801  .0045725
T  659  1 .1659771E+07   2000022E-01 -.1727E+04 -.4973E+03   .9999601 -.0025308 -.0085627
T  660  1 .1694966E+07   2000013E-01  .5151E+03 -.1877E+04   .9999358  .0049309 -.0101994
T  661  1 .1667102E+07   2000011E-01 -.2291E+05  .9747E+04   .9855537 -.1650245  .0380892
T  662  1 .1709257E+07   2000011E-01 -.6767E+03 -.2087E+04   .9990844 -.0034131 -.0426473
T  663  1 .1666690E+07   2000005E-01 -.1520E+04 -.2907E+04   .9997864 -.0082142 -.0189664
T  664  1 .1671631E+07   2000018E-01  .2724E+04 -.2270E+04   .9983148  .0535548 -.0223490
T  665  1 .1674330E+07   2000004E-01  .1451E+04 -.1782E+03   .9997424  .0152868  .0167782
T  666  1 .1696300E+07   2000005E-01  .8527E+03  .7165E+03   .9998953  .0096482 -.0107836
T  667  1 .1675566E+07   2000015E-01  .2150E+03  .6695E+03   .9999495 -.0092953 -.0038163
T  668  1 .1674786E+07   2000016E-01 -.1414E+04 -.8983E+02   .9996832 -.0239279 -.0078088
T  669  1 .1686464E+07   2000022E-01 -.2655E+03  .5441E+03   .9999939  .0033225  .0010959
T  670  1 .1703487E+07   2000001E-01 -.4806E+03  .5760E+03   .9998199 -.0186268 -.0036447
T  671  1 .1671017E+07   2000017E-01  .6432E+03 -.6696E+03   .9997977  .0062644 -.0191146
T  672  1 .1696417E+07   2000017E-01 -.2101E+04 -.3599E+04   .9995879 -.0066852 -.0279149
T  673  1 .1673707E+07   2000022E-01  .3995E+03  .2843E+03   .9999895 -.0001741 -.0045729
T  674  1 .1689848E+07   2000012E-01  .8827E+03 -.8997E+03   .9999846  .0006368 -.0055077
T  675  1 .1721620E+07   2000015E-01 -.9511E+03  .6765E+03   .9999494 -.0097057 -.0026391
T  676  1 .1664498E+07   2000017E-01  .4053E+03 -.7726E+03   .9999638  .0046483 -.0071226
T  677  1 .1654453E+07   2000015E-01 -.1235E+04  .1790E+03   .9999993 -.0004719  .0010426
T  678  1 .1651963E+07   2000003E-01  .2132E+04  .3278E+04   .9989554  .0234824  .0391996
T  679  1 .1686753E+07   2000018E-01  .5842E+03 -.4883E+03   .9999890  .0046442 -.0006882
T  680  1 .1694349E+07   2000021E-01  .2430E+04 -.8096E+03   .9997300  .0125449  .0195573
T  681  1 .1672238E+07   2000003E-01  .2126E+03  .5841E+03   .9999714  .0049884  .0056783
T  682  1 .1671982E+07   2000019E-01 -.2209E+03 -.9858E+03   .9999146  .0054443 -.0118846
T  683  1 .1683411E+07   2000008E-01  .5168E+04 -.1296E+05   .9794523  .0689054 -.1895395
T  684  1 .1671904E+07   2000006E-01  .3209E+03 -.9291E+03   .9999709  .0072281 -.0024511
T  685  1 .1684502E+07   2000023E-01 -.8406E+02 -.5593E+03   .9999848 -.0001882 -.0055036
T  686  1 .1663476E+07   2000007E-01  .1571E+04  .1185E+04   .9998544  .0129511  .0111127
T  687  1 .1681606E+07   2000005E-01 -.6671E+03  .1447E+04   .9999033 -.0109466  .0085725
T  688  1 .1671849E+07   2000014E-01  .7898E+03 -.4353E+02   .9999748  .0024998  .0066498
T  689  1 .1671278E+07   2000013E-01  .4104E+03  .7353E+02   .9999233  .0103008  .0068744
T  690  1 .1705970E+07   2000022E-01  .2055E+04  .4848E+03   .9999287  .0118375 -.0015888
T  691  1 .1680175E+07   2000008E-01 -.2174E+03  .1132E+04   .9999490 -.0062160  .0079539
T  692  1 .1670836E+07   2000016E-01 -.9172E+03 -.8755E+03   .9999463 -.0100079 -.0026878
T  693  1 .1676618E+07   2000006E-01  .1074E+04  .1194E+04   .9999067  .0135912  .0014009
T  694  1 .1683779E+07   2000003E-01  .2907E+04 -.1052E+04   .9994245  .0314333 -.0127557
T  695  1 .1680509E+07   2000011E-01 -.2609E+03  .4807E+03   .9998873  .0141034  .0051416
T  696  1 .1678875E+07   2000008E-01 -.1257E+02  .4726E+03   .9999604 -.0049746 -.0073729
T  697  1 .1699426E+07   2000001E-01 -.1375E+04  .4813E+04   .9994268 -.0032066  .0337014
T  698  1 .1681468E+07   2000022E-01  .8072E+03 -.1053E+04   .9999947 -.0011078 -.0030641
T  699  1 .1685153E+07   2000009E-01 -.2710E+04  .1218E+04   .9995987 -.0258997  .0114725
T  700  1 .1684415E+07   2000021E-01 -.8145E+03  .1453E+02   .9998905 -.0135469 -.0059509
T  701  1 .1686973E+07   2000020E-01 -.2174E+03 -.3580E+03   .9999952 -.0026178  .0016443
T  702  1 .1706327E+07   2000008E-01  .1891E+03 -.4918E+02   .9999811  .0007202  .0061019
T  703  1 .1673505E+07   2000013E-01 -.7543E+03 -.2921E+03   .9999546 -.0072743 -.0061549
T  704  1 .1664389E+07   2000016E-01 -.1562E+04  .4941E+03   .9995445 -.0286924 -.0093605
T  705  1 .1665969E+07   2000019E-01  .4266E+03 -.2902E+04   .9996643  .0027262 -.0257646
T  706  1 .1683096E+07   2000013E-01 -.1780E+03 -.2567E+04   .9996895  .0017995 -.0248526
T  707  1 .1707041E+07   2000016E-01 -.5003E+03 -.1285E+03   .9999677 -.0054900 -.0058730
T  708  1 .1676804E+07   2000011E-01  .4666E+03  .1625E+04   .9999401 -.0019779  .0107642
T  709  1 .1690954E+07   2000021E-01  .1259E+04 -.5973E+03   .9999456  .0027332 -.0100647
T  710  1 .1667027E+07   2000002E-01  .1227E+04 -.1190E+04   .9999250  .0079323 -.0093289
T  711  1 .1674289E+07   2000019E-01  .7907E+03 -.2886E+03   .9999140  .0099927 -.0084937
T  712  1 .1651184E+07   2000004E-01 -.5592E+03 -.2089E+02   .9999869  .0026039  .0043985
T  713  1 .1705342E+07   2000015E-01 -.1410E+04  .1661E+04   .9999070 -.0040501  .0130228
T  714  1 .1682034E+07   2000020E-01  .7373E+01  .1075E+04   .9999117  .0042583  .0125908
T  715  1 .1672712E+07   2000018E-01 -.1604E+03  .1583E+03   .9999514  .0097520  .0014365
T  716  1 .1665208E+07   2000011E-01 -.2524E+03  .3808E+03   .9999360 -.0112743  .0009452
T  717  1 .1700015E+07   2000014E-01  .1709E+02 -.7922E+03   .9999991 -.0010711  .0008333
T  718  1 .1687292E+07   2000022E-01  .1538E+04 -.2536E+04   .9997069  .0101672 -.0219710
T  719  1 .1679657E+07   2000001E-01 -.9030E+03 -.2018E+04   .9998358 -.0064654 -.0169314
T  720  1 .1683500E+07   2000021E-01  .5422E+03  .5171E+03   .9999221  .0124476  .0008829
T  721  1 .1666022E+07   2000021E-01  .1906E+04  .2369E+04   .9995609  .0149696  .0255722
T  722  1 .1662394E+07   2000010E-01  .1600E+03  .7159E+03   .9997931  .0116890  .0166444
T  723  1 .1663863E+07   2000012E-01 -.9953E+02  .1401E+04   .9998620 -.0159161  .0047598
T  724  1 .1684495E+07   2000014E-01 -.2886E+03  .1248E+03   .9999234 -.0120561  .0027962
T  725  1 .1670427E+07   2000019E-01  .1195E+04 -.2291E+04   .9997252  .0140731 -.0187457
T  726  1 .1675750E+07   2000018E-01 -.3788E+03  .2721E+02   .9999883 -.0003756  .0048330
T  727  1 .1688146E+07   2000003E-01  .8666E+04 -.3906E+04   .9987820  .0455561 -.0189491
T  728  1 .1669677E+07   2000017E-01  .1725E+04 -.9551E+03   .9998823  .0141012 -.0060397
T  729  1 .1677886E+07   2000009E-01  .3340E+03 -.2532E+03   .9999917  .0003177 -.0040543
T  730  1 .1689859E+07   2000020E-01  .5303E+03  .1116E+03   .9998873  .0118039 -.0092734
T  731  1 .1689788E+07   2000019E-01 -.1532E+04  .5514E+03   .9999292 -.0106362 -.0053428
T  732  1 .1670555E+07   2000002E-01  .2738E+01  .1086E+04   .9998177 -.0049862 -.0184298
T  733  1 .1678972E+07   2000008E-01  .2064E+03 -.1938E+04   .9999341  .0057707 -.0099267
T  734  1 .1684187E+07   2000001E-01 -.7350E+03  .6914E+03   .9998904  .0029847  .0145003
T  735  1 .1692648E+07   2000001E-01  .1148E+04 -.3158E+03   .9999621 -.0001764 -.0087093
T  736  1 .1683914E+07   2000007E-01 -.3304E+03 -.4155E+03   .9999836 -.0052043 -.0023988
T  737  1 .1693451E+07   2000021E-01  .7404E+03 -.2585E+04   .9996493  .0068036 -.0255938
T  738  1 .1665301E+07   2000007E-01  .3787E+04  .1119E+04   .9971134  .0758181  .0040488
T  739  1 .1682582E+07   2000017E-01 -.3063E+04 -.6905E+03   .9993018 -.0373626  .0000350
T  740  1 .1689785E+07   2000014E-01 -.1532E+04  .2447E+03   .9999330 -.0090524  .0072184
T  741  1 .1674352E+07   2000011E-01  .2019E+04  .3192E+03   .9999138  .0127651  .0030821
T  742  1 .1660514E+07   2000022E-01  .8361E+02 -.6046E+03   .9999611  .0088207  .0002766
T  743  1 .1681715E+07   2000020E-01  .9772E+03  .1770E+04   .9999290  .0013399  .0118432
T  744  1 .1692657E+07   2000009E-01 -.3914E+03 -.1164E+04   .9998710  .0046952 -.0153614
T  745  1 .1680408E+07   2000022E-01  .1258E+03  .2193E+03   .9999966 -.0012901  .0022450
T  746  1 .1672414E+07   2000022E-01  .2620E+04 -.3213E+03   .9997621  .0211244 -.0054276
T  747  1 .1675497E+07   2000006E-01  .1475E+03 -.1881E+03   .9999941 -.0005250 -.0034049
T  748  1 .1663764E+07   2000014E-01 -.8791E+03 -.1423E+04   .9993492  .0155229 -.0325604
T  749  1 .1674904E+07   2000020E-01 -.1169E+04 -.1070E+04   .9999460 -.0068391 -.0078285
T  750  1 .1693684E+07   2000016E-01 -.9136E+03  .7881E+03   .9998905 -.0099542  .0109540
T  751  1 .1696663E+07   2000019E-01  .4492E+03  .1808E+03   .9999859  .0006237  .0052798
T  752  1 .1666487E+07   2000000E-01  .2983E+03 -.4165E+03   .9999235 -.0000992 -.0123655
T  753  1 .1660130E+07   2000003E-01  .5076E+03 -.9204E+03   .9999639  .0016741 -.0083346
T  754  1 .1653125E+07   2000022E-01  .2552E+04 -.1201E+03   .9995611  .0296156 -.0007770
T  755  1 .1672176E+07   2000016E-01  .3566E+03  .6053E+03   .9999833 -.0057793 -.0000503
T  756  1 .1695585E+07   2000001E-01 -.5608E+03 -.1693E+03   .9997283 -.0218645  .0080743
T  757  1 .1684099E+07   2000009E-01  .2148E+04 -.2000E+04   .9997154  .0231987 -.0055576
T  758  1 .1687645E+07   2000005E-01 -.5951E+02  .8251E+02   .9999813  .0032220 -.0051960
T  759  1 .1673719E+07   2000006E-01 -.1508E+03  .1123E+04   .9999295  .0012813  .0118038
T  760  1 .1689472E+07   2000022E-01 -.1765E+04 -.6615E+04   .9966858 -.0178505 -.0793643
T  761  1 .1666057E+07   2000017E-01 -.1441E+04 -.1073E+04   .9998787 -.0131055  .0084174
T  762  1 .1658159E+07   2000014E-01 -.1446E+04  .2345E+00   .9978664 -.0604924  .0245608
T  763  1 .1650573E+07   2000012E-01  .3472E+03  .7815E+03   .9999429 -.0013140  .0106079
T  764  1 .1690818E+07   2000005E-01  .5389E+03 -.6310E+03   .9999894  .0015332 -.0043382
T  765  1 .1702845E+07   2000016E-01  .1603E+04 -.9384E+03   .9998150  .0190349 -.0027641
T  766  1 .1692968E+07   2000007E-01 -.1405E+04 -.1299E+04   .9997377 -.0162836 -.0161062
T  767  1 .1676774E+07   2000015E-01  .6042E+02  .8342E+02   .9999998 -.0003049  .0005716
T  768  1 .1658480E+07   2000016E-01 -.1023E+04 -.3866E+03   .9999660 -.0065043 -.0050632
T  769  1 .1680424E+07   2000005E-01  .2408E+03 -.2379E+03   .9999912  .0012063 -.0040258
T  770  1 .1683407E+07   2000010E-01 -.4716E+02 -.9676E+03   .9999176  .0066840  .0109613
T  771  1 .1678476E+07   2000022E-01 -.2038E+04  .1346E+04   .9997243 -.0193539  .0132932
T  772  1 .1689677E+07   2000012E-01 -.1193E+04  .7365E+03   .9999384 -.0077624  .0079275
T  773  1 .1662719E+07   2000011E-01  .5027E+03 -.3169E+01   .9999475 -.0048525 -.0090225
T  774  1 .1668289E+07   2000007E-01  .4566E+03 -.3004E+04   .9999706  .0023563 -.0073027
T  775  1 .1685705E+07   2000002E-01 -.2347E+03 -.2722E+04   .9997800 -.0053107 -.0202918
T  776  1 .1686787E+07   2000022E-01  .5560E+03  .1747E+03   .9999989 -.0008096  .0012451
T  777  1 .1716671E+07   2000002E-01  .1233E+04 -.7957E+03   .9998551  .0070162 -.0155100
T  778  1 .1695060E+07   2000011E-01 -.1099E+03  .1569E+04   .9999981  .0012251  .0015153
T  779  1 .1676955E+07   2000021E-01  .7145E+03  .7383E+03   .9999256  .0109619  .0053461
T  780  1 .1680629E+07   2000021E-01 -.6549E+03  .8947E+01   .9999727 -.0064221 -.0036443
T  781  1 .1680130E+07   2000006E-01  .9022E+03  .2385E+04   .9997487 -.0016336  .0223588
T  782  1 .1687850E+07   2000007E-01  .1482E+04 -.1384E+03   .9999502  .0092895 -.0036367
T  783  1 .1680088E+07   2000020E-01 -.2967E+04  .1406E+04   .9985793 -.0522393  .0105043
T  784  1 .1689658E+07   2000021E-01 -.9954E+02  .1388E+03   .9999829  .0032700 -.0048528
T  785  1 .1685366E+07   2000017E-01  .1400E+03 -.1841E+03   .9999996 -.0008699 -.0003634
T  786  1 .1679613E+07   2000000E-01  .5928E+03 -.5890E+03   .9999958  .0028428 -.0005731
T  787  1 .1670256E+07   2000023E-01 -.7567E+02 -.3549E+02   .9999319 -.0051075 -.0104974
T  788  1 .1662832E+07   2000006E-01  .2255E+03 -.2027E+03   .9999834  .0021624 -.0053350
T  789  1 .1666032E+07   2000007E-01  .4114E+03  .4300E+04   .9996968 -.0061761  .0238367
T  790  1 .1666790E+07   2000021E-01  .1029E+03 -.1514E+04   .9998376  .0031571 -.0177440
T  791  1 .1684805E+07   2000007E-01 -.1048E+04  .2767E+04   .9983117 -.0077660  .0575630
T  792  1 .1672201E+07   2000008E-01 -.1750E+03 -.9023E+03   .9999807  .0055758 -.0027513
T  793  1 .1679508E+07   2000015E-01  .2689E+04  .7273E+00   .9995339  .0305249  .0005043
T  794  1 .1674745E+07   2000016E-01  .1634E+04  .2786E+04   .9997997 -.0089518  .0179012
T  795  1 .1674026E+07   2000018E-01  .7216E+03 -.2139E+04   .9997333  .0087463 -.0213721
T  796  1 .1694789E+07   2000001E-01  .1545E+04  .1095E+04   .9999048  .0134765  .0029643
T  797  1 .1685026E+07   2000009E-01 -.1883E+04  .1133E+04   .9998896 -.0128437  .0074692
T  798  1 .1706367E+07   2000014E-01 -.1899E+03 -.2905E+03   .9999371 -.0051746  .0099556
T  799  1 .1689507E+07   2000011E-01 -.3220E+03 -.8355E+03   .9999739  .0021540 -.0069001
T  800  1 .1674788E+07   2000019E-01 -.1258E+02 -.1109E+04   .9999583 -.0005750 -.0091120
T  801  1 .1677445E+07   2000002E-01  .4602E+03  .7236E+03   .9999098  .0126297  .0045709
T  802  1 .1685804E+07   2000010E-01 -.2794E+03  .5392E+03   .9998405  .0061778  .0167573
T  803  1 .1685733E+07   2000016E-01  .8313E+03  .2135E+03   .9999323  .0114303 -.0021984
T  804  1 .1659952E+07   2000016E-01  .1290E+03  .3148E+03   .9999599  .0058094  .0068187
T  805  1 .1658070E+07   2000013E-01 -.3915E+03  .6068E+03   .9999633 -.0075259  .0040953
T  806  1 .1670551E+07   2000010E-01  .1708E+03 -.9391E+02   .9990169 -.0337710  .0287186
T  807  1 .1675921E+07   2000010E-01 -.6231E+03  .6106E+03   .9999728 -.0058984  .0044365
T  808  1 .1691360E+07   2000015E-01  .3065E+03 -.9280E+03   .9999621  .0043586 -.0075369
T  809  1 .1656241E+07   2000016E-01 -.1936E+03  .5270E+03   .9999871  .0029285  .0041606
T  810  1 .1685885E+07   2000012E-01 -.3959E+01  .1945E+04   .9988469 -.0234140  .0419129
T  811  1 .1677383E+07   2000002E-01  .1529E+04  .3227E+03   .9998958 -.0007328  .0144143
T  812  1 .1669052E+07   2000018E-01  .4943E+02 -.2523E+03   .9999996 -.0003325  .0008592
T  813  1 .1672830E+07   2000010E-01  .7475E+03  .1351E+04   .9999390  .0049701  .0098602
T  814  1 .1674524E+07   2000011E-01 -.7522E+04 -.2873E+04   .9984258 -.0526465 -.0193438
T  815  1 .1665595E+07   2000015E-01  .5476E+03  .1272E+04   .9999440 -.0057253  .0088953
T  816  1 .1690709E+07   2000018E-01 -.2893E+04  .7132E+03   .9998074 -.0195030  .0021688
T  817  1 .1701495E+07   2000012E-01 -.6773E+04 -.2099E+04   .9962336 -.0830337 -.0249802
T  818  1 .1680159E+07   2000022E-01  .9097E+01 -.3734E+03   .9999688 -.0037417 -.0069615
T  819  1 .1681508E+07   2000005E-01 -.8138E+02  .1848E+04   .9997862  .0206600 -.0009046
T  820  1 .1669764E+07   2000021E-01  .5955E+03 -.9747E+03   .9999843  .0054677 -.0012461
T  821  1 .1673386E+07   2000006E-01 -.8771E+03  .7012E+03   .9999495 -.0063500  .0077947
T  822  1 .1674384E+07   2000014E-01 -.4879E+03  .1218E+04   .9999432 -.0102067  .0030772
T  823  1 .1666430E+07   2000015E-01  .4738E+03 -.2167E+04   .9996417  .0030110 -.0265957
T  824  1 .1667084E+07   2000007E-01  .1083E+03 -.8821E+03   .9999421  .0035208 -.0101643
T  825  1 .1688153E+07   2000004E-01 -.1555E+04 -.3288E+02   .9999749 -.0050587  .0049676
T  826  1 .1682577E+07   2000012E-01 -.3312E+03 -.2842E+03   .9999803 -.0059134  .0021088
T  827  1 .1688248E+07   2000019E-01  .1195E+03  .1153E+04   .9998949 -.0098283  .0106537
T  828  1 .1672500E+07   2000001E-01  .2971E+03  .1239E+04   .9998911  .0028287  .0144873
T  829  1 .1683906E+07   2000017E-01  .3950E+03  .7587E+03   .9999870  .0025469  .0044146
T  830  1 .1696273E+07   2000015E-01  .2610E+03  .2474E+04   .9997682  .0083685  .0198363
T  831  1 .1669448E+07   2000020E-01 -.5844E+03 -.7960E+03   .9999969 -.0000635 -.0024858
T  832  1 .1680304E+07   2000022E-01  .4743E+03  .1856E+03   .9999968 -.0005909  .0024732
T  833  1 .1680040E+07   2000004E-01 -.1074E+04  .1196E+04   .9999545 -.0045749  .0083649
T  834  1 .1659096E+07   2000023E-01  .3007E+03  .4107E+03   .9998721  .0149704  .0056329
T  835  1 .1680071E+07   2000020E-01 -.5638E+03 -.4429E+02   .9999726 -.0073367  .0010256
T  836  1 .1676304E+07   2000015E-01  .5498E+03 -.1136E+04   .9999678  .0025162 -.0076214
T  837  1 .1663382E+07   2000022E-01 -.3593E+04 -.1857E+04   .9982058 -.0598229  .0025144
T  838  1 .1682057E+07   2000013E-01  .2439E+04  .6371E+03   .9997866  .0190530  .0079791
T  839  1 .1691802E+07   2000011E-01 -.1257E+04 -.8858E+03   .9998192 -.0176822 -.0069920
T  840  1 .1685747E+07   2000018E-01  .1204E+04  .2326E+04   .9997393  .0067317  .0218189
T  841  1 .1666946E+07   2000016E-01  .1691E+04 -.5184E+03   .9999021  .0116377 -.0077635
T  842  1 .1699382E+07   2000022E-01 -.3065E+04  .1796E+04   .9995689 -.0248831  .0155813
T  843  1 .1665143E+07   2000013E-01  .2313E+03  .1876E+03   .9999243  .0037978 -.0117006
T  844  1 .1683697E+07   2000023E-01  .2774E+04 -.8551E+03   .9997601  .0173792 -.0133306
T  845  1 .1674470E+07   2000012E-01  .2698E+03  .1013E+04   .9996163  .0091869  .0261311
T  846  1 .1662565E+07   2000016E-01 -.2146E+04 -.1162E+04   .9981311 -.0502581 -.0347631
T  847  1 .1668041E+07   2000019E-01  .6292E+03 -.1006E+04   .9999087  .0064376 -.0118783
T  848  1 .1676276E+07   2000021E-01 -.2001E+04  .6387E+03   .9998359 -.0177861  .0034426
T  849  1 .1679400E+07   2000007E-01  .4696E+02 -.3220E+03   .9999968 -.0008901 -.0023588
T  850  1 .1695446E+07   2000010E-01  .2322E+04 -.1267E+04   .9997434  .0212051 -.0079679
T  851  1 .1681321E+07   2000001E-01  .3225E+02  .2786E+03   .9999972  .0019259 -.0013468
T  852  1 .1694568E+07   2000005E-01 -.7759E+03 -.5092E+03   .9999780 -.0066333 -.0000564
T  853  1 .1664819E+07   2000003E-01 -.4185E+04 -.1398E+03   .9963650 -.0835491  .0166236
T  854  1 .1683320E+07   2000001E-01 -.5840E+03  .1388E+04   .9857949 -.1069273  .1295180
T  855  1 .1664145E+07   2000013E-01  .2493E+04 -.1253E+04   .9999304  .0056639 -.0103515
T  856  1 .1671966E+07   2000019E-01  .3647E+04 -.9231E+03   .9995166  .0305321 -.0058615
T  857  1 .1681642E+07   2000002E-01  .7453E+03 -.4237E+03   .9996154  .0259197 -.0098586
T  858  1 .1672082E+07   2000013E-01 -.1463E+03  .5247E+03   .9999778  .0007733  .0066139
T  859  1 .1682170E+07   2000014E-01  .1623E+04 -.1729E+04   .9996357  .0221112 -.0154770
T  860  1 .1686963E+07   2000020E-01  .5403E+03  .5850E+03   .9999582  .0077097  .0049098
T  861  1 .1665675E+07   2000021E-01  .1531E+04 -.2708E+04   .9997912  .0178400 -.0099637
T  862  1 .1664285E+07   2000014E-01 -.7996E+03  .2174E+04   .9997227 -.0074287  .0223481
T  863  1 .1686738E+07   2000022E-01  .7332E+03  .6424E+02   .9999605  .0086857 -.0018832
T  864  1 .1684682E+07   2000022E-01  .5003E+03 -.7525E+03   .9999266  .0000266 -.0121190
T  865  1 .1664929E+07   2000002E-01  .4340E+03  .1523E+04   .9998502  .0053547  .0164585
T  866  1 .1682495E+07   2000008E-01 -.4529E+03 -.6346E+03   .9999914  .0005191 -.0041171
T  867  1 .1705716E+07   2000021E-01  .4414E+04 -.2496E+04   .9992556  .0308096 -.0232149
T  868  1 .1688846E+07   2000010E-01 -.1765E+04 -.3107E+04   .9996702 -.0135145 -.0218356
T  869  1 .1677884E+07   2000008E-01  .1474E+05  .5044E+04   .9949059  .0951522  .0332910
T  870  1 .1681499E+07   2000017E-01 -.4549E+04  .1771E+04   .9990880 -.0368094  .0216384
T  871  1 .1673960E+07   2000002E-01 -.6081E+03  .2472E+04   .9994960 -.0073849  .0308747
T  872  1 .1670859E+07   2000013E-01  .8975E+03  .7202E+03   .9998610  .0159730  .0047734
T  873  1 .1702032E+07   2000007E-01  .8942E+02 -.7201E+03   .9999457 -.0035282  .0098063
T  874  1 .1668645E+07   2000000E-01 -.5370E+03  .2232E+03   .9998339 -.0009440  .0181987
T  875  1 .1674450E+07   2000013E-01 -.1263E+04  .4593E+03   .9997826 -.0072254  .0195595
T  876  1 .1701476E+07   2000009E-01 -.2272E+02 -.2313E+03   .9999641  .0001612  .0084766
T  877  1 .1661743E+07   2000018E-01  .2767E+03 -.3084E+03   .9999464  .0069672 -.0076541
T  878  1 .1668027E+07   2000012E-01 -.6978E+03  .1531E+03   .9999487 -.0057863 -.0083091
T  879  1 .1676316E+07   2000002E-01  .1827E+03  .1749E+03   .9999992 -.0007415 -.0010218
T  880  1 .1663598E+07   2000005E-01 -.3868E+02  .6912E+03   .9999668  .0006117  .0081301
T  881  1 .1686634E+07   2000002E-01 -.2835E+03 -.1754E+03   .9999986  .0014518 -.0008133
T  882  1 .1701108E+07   2000022E-01  .6995E+03 -.4677E+03   .9996725  .0233620 -.0104409
T  883  1 .1686492E+07   2000021E-01 -.2832E+03 -.1095E+04   .9999218 -.0087616 -.0089264
T  884  1 .1708430E+07   2000014E-01  .1940E+04  .6852E+03   .9998706  .0134204  .0088738
T  885  1 .1677775E+07   2000003E-01 -.9720E+03 -.1728E+04   .9998573 -.0162678 -.0045489
T  886  1 .1675060E+07   2000014E-01 -.6750E+03  .3222E+03   .9999955 -.0026856 -.0013476
T  887  1 .1696359E+07   2000019E-01 -.4842E+03  .1357E+04   .9999715 -.0037865  .0065317
T  888  1 .1683212E+07   2000023E-01 -.2999E+03 -.4200E+03   .9999885 -.0012731 -.0046163
T  889  1 .1678764E+07   2000018E-01 -.7368E+03 -.8034E+03   .9999533 -.0063426 -.0072931
T  890  1 .1666305E+07   2000016E-01 -.7108E+03 -.1052E+04   .9968452  .0547438 -.0574691
T  891  1 .1681453E+07   2000017E-01  .5772E+03 -.4785E+03   .9999762  .0068896  .0003787
T  892  1 .1688544E+07   2000008E-01  .2612E+03 -.6634E+03   .9999364  .0039244 -.0105720
T  893  1 .1679812E+07   2000008E-01  .8369E+03  .9367E+03   .9999565  .0061910  .0069752
T  894  1 .1693136E+07   2000015E-01  .1674E+03  .5661E+03   .9999596  .0026430  .0085940
T  895  1 .1689864E+07   2000011E-01 -.6507E+03 -.7925E+03   .9999895 -.0039338 -.0023476
T  896  1 .1692562E+07   2000011E-01 -.2843E+03  .1161E+03   .9999873 -.0038181 -.0033007
T  897  1 .1679198E+07   2000012E-01  .9694E+03 -.9082E+03   .9997914  .0140116 -.0148626
T  898  1 .1679782E+07   2000008E-01 -.1270E+04 -.5139E+03   .9999175 -.0121513 -.0041754
T  899  1 .1693844E+07   2000006E-01  .3618E+03 -.1450E+04   .9997685  .0118460 -.0179616
T  900  1 .1665588E+07   2000017E-01  .2081E+04 -.5276E+03   .9998633 -.0085441 -.0141522
T  901  1 .1641685E+07   2000018E-01 -.8344E+03 -.3472E+04   .9991929  .0092901 -.0390796
T  902  1 .1671511E+07   2000007E-01 -.6897E+03 -.5201E+03   .9999700 -.0076808  .0009581
T  903  1 .1683265E+07   2000012E-01  .1962E+04 -.8912E+04   .9988723  .0119346 -.0459532
T  904  1 .1691287E+07   2000018E-01 -.1982E+03  .1202E+04   .9999179 -.0051087  .0117541
T  905  1 .1710842E+07   2000017E-01 -.1050E+04 -.3909E+04   .9995719 -.0144630 -.0254318
T  906  1 .1674728E+07   2000007E-01 -.1653E+04 -.6883E+03   .9998453 -.0110518 -.0136799
T  907  1 .1675767E+07   2000001E-01 -.4155E+03 -.1178E+04   .9999304 -.0003346 -.0117893
T  908  1 .1688527E+07   2000018E-01 -.6711E+03  .9449E+03   .9999933  .0030722  .0019708
T  909  1 .1660718E+07   2000021E-01 -.2377E+04 -.1581E+03   .9998199 -.0189599  .0008323
T  910  1 .1696715E+07   2000020E-01  .4244E+03 -.1716E+04   .9998782 -.0012171 -.0155608
T  911  1 .1675842E+07   2000001E-01  .2523E+04 -.9307E+01   .9997922  .0203814 -.0003519
T  912  1 .1701385E+07   2000013E-01  .3692E+03 -.1698E+03   .9999452  .0097624  .0037895
T  913  1 .1673874E+07   2000000E-01 -.2412E+03  .9074E+03   .9999531  .0082556  .0050597
T  914  1 .1686020E+07   2000019E-01 -.5602E+03 -.2123E+03   .9998779 -.0154823 -.0020968
T  915  1 .1661697E+07   2000011E-01 -.1757E+04 -.7744E+02   .9999192 -.0111361 -.0061240
T  916  1 .1707262E+07   2000023E-01  .7454E+03 -.8836E+03   .9999887  .0044353 -.0017010
T  917  1 .1672718E+07   2000003E-01 -.3722E+03  .9889E+02   .9999216 -.0057516  .0111223
T  918  1 .1671338E+07   2000013E-01 -.3627E+03 -.5827E+02   .9999963 -.0018538  .0019713
T  919  1 .1687802E+07   2000018E-01 -.5442E+03  .1925E+04   .9996478 -.0080415  .0252915
T  920  1 .1698121E+07   2000015E-01  .2397E+03 -.5677E+03   .9999653 -.0057288  .0060434
T  921  1 .1668339E+07   2000015E-01  .7158E+03  .9916E+03   .9999178  .0084052  .0096844
T  922  1 .1672907E+07   2000014E-01  .1906E+04  .3512E+04   .9987916  .0206365  .0446037
T  923  1 .1681017E+07   2000007E-01 -.4474E+03  .1643E+03   .9997700 -.0196006  .0087097
T  924  1 .1677531E+07   2000019E-01  .7181E+03  .3957E+03   .9998979  .0117517 -.0081346
T  925  1 .1686013E+07   2000018E-01  .1821E+03 -.3398E+04   .9994107 -.0026651 -.0342216
T  926  1 .1656958E+07   2000006E-01  .2569E+02  .4473E+03   .9998461 -.0123206 -.0124854
T  927  1 .1685162E+07   2000016E-01 -.2499E+01 -.1814E+03   .9999154  .0129992 -.0005306
T  928  1 .1673944E+07   2000014E-01 -.1839E+03  .2524E+03   .9999330 -.0100393  .0057587
T  929  1 .1681060E+07   2000013E-01  .1862E+03 -.6389E+03   .9999939  .0006460 -.0034420
T  930  1 .1673628E+07   2000007E-01 -.5318E+04 -.6695E+04   .9951418 -.0662767 -.0728022
T  931  1 .1700300E+07   2000017E-01 -.2437E+03 -.5211E+03   .9999492 -.0042490 -.0091435
T  932  1 .1654922E+07   2000000E-01 -.9392E+02  .4046E+04   .9997302  .0000158  .0232272
T  933  1 .1675590E+07   2000010E-01  .1742E+03 -.3790E+03   .9999833  .0052258 -.0024664
T  934  1 .1699360E+07   2000022E-01  .3491E+03 -.5083E+03   .9999747  .0016359 -.0069229
T  935  1 .1682747E+07   2000013E-01  .1925E+03 -.1032E+02   .9999815  .0060358  .0008030
T  936  1 .1664933E+07   2000005E-01 -.3600E+04 -.2804E+03   .9999102 -.0112294  .0073175
T  937  1 .1673182E+07   2000013E-01 -.3204E+03  .8911E+03   .9999353  .0025080  .0110933
T  938  1 .1650750E+07   2000013E-01  .1597E+04  .1215E+03   .9999554  .0094478 -.0001368
T  939  1 .1665991E+07   2000013E-01 -.1082E+04  .6337E+03   .9999751  .0042166 -.0056503
T  940  1 .1688998E+07   2000008E-01  .8526E+03 -.2645E+03   .9999654  .0064457 -.0052533
T  941  1 .1681033E+07   2000002E-01 -.1999E+03 -.9800E+03   .9999161 -.0074185 -.0106157
T  942  1 .1664202E+07   2000013E-01 -.5267E+04  .3250E+04   .9986721 -.0427521  .0287438
T  943  1 .1662471E+07   2000014E-01 -.3505E+04  .1667E+03   .9997726 -.0205691  .0056327
T  944  1 .1674030E+07   2000012E-01  .8582E+03  .2239E+04   .9994715  .0193316  .0261344
T  945  1 .1672210E+07   2000011E-01 -.1014E+03 -.9817E+03   .9999336  .0016669 -.0114015
T  946  1 .1686389E+07   2000010E-01 -.8614E+03  .7756E+03   .9999698  .0033087  .0070287
T  947  1 .1677176E+07   2000015E-01  .1571E+04 -.1421E+03   .9997186  .0229067 -.0061717
T  948  1 .1674143E+07   2000022E-01  .6290E+03 -.2487E+02   .9999971  .0012359  .0020434
T  949  1 .1645481E+07   2000002E-01  .2121E+04  .1289E+04   .9996565  .0034906  .0259757
T  950  1 .1687243E+07   2000012E-01  .2286E+04 -.4616E+04   .9992972  .0195972 -.0319543
T  951  1 .1676993E+07   2000022E-01 -.1145E+04 -.4006E+03   .9998933 -.0080116 -.0122174
T  952  1 .1708255E+07   2000000E-01  .3801E+03 -.1177E+04   .9999492  .0030099 -.0096201
T  953  1 .1661422E+07   2000018E-01  .4399E+03  .6375E+03   .9999242  .0079283  .0094150
T  954  1 .1703526E+07   2000000E-01 -.3555E+03  .2963E+03   .9999523  .0026508  .0093959
T  955  1 .1662954E+07   2000016E-01  .4368E+03  .5257E+03   .9999844  .0053782 -.0015375
T  956  1 .1684483E+07   2000021E-01 -.3299E+03  .6374E+02   .9999822 -.0058457  .0011831
T  957  1 .1688721E+07   2000008E-01  .8903E+03  .7154E+03   .9999275  .0088341  .0081782
T  958  1 .1685749E+07   2000014E-01  .1490E+04  .1972E+03   .9997449  .0209048  .0085546
T  959  1 .1683240E+07   2000021E-01  .3548E+04  .1159E+04   .9992366  .0380723  .0087616
T  960  1 .1666690E+07   2000022E-01 -.8669E+03 -.4769E+03   .9997065 -.0229948 -.0076317
T  961  1 .1677292E+07   2000015E-01 -.1447E+04 -.7490E+03   .9999997 -.0008145 -.0000951
T  962  1 .1692580E+07   2000010E-01  .5600E+03  .2501E+04   .9998667  .0053033  .0154403
T  963  1 .1635801E+07   2000000E-01 -.2028E+04  .2744E+03   .9998376 -.0179666 -.0013716
T  964  1 .1683388E+07   2000015E-01 -.1277E+04  .2144E+03   .9989333 -.0059649  .0457894
T  965  1 .1678274E+07   2000014E-01 -.5990E+03 -.1203E+04   .9998551 -.0017980 -.0169289
T  966  1 .1672729E+07   2000020E-01  .1135E+04 -.2207E+03   .9998296  .0171062 -.0069461
T  967  1 .1661929E+07   2000001E-01 -.9720E+03  .4833E+03   .9999203 -.0090309  .0088201
T  968  1 .1672835E+07   2000014E-01  .1088E+04 -.4539E+03   .9996699  .0064491 -.0248685
T  969  1 .1665473E+07   2000007E-01  .7657E+03  .3347E+02   .9999953  .0029886 -.0007168
T  970  1 .1684276E+07   2000011E-01  .4961E+03  .1305E+04   .9999437 -.0070302  .0079450
T  971  1 .1683448E+07   2000001E-01  .1042E+03 -.7315E+02   .9999672  .0069916  .0040933
T  972  1 .1665738E+07   2000019E-01  .2510E+04  .6576E+03   .9995879  .0243395  .0152191
T  973  1 .1682700E+07   2000020E-01 -.2547E+03 -.1154E+04   .9999186 -.0051629 -.0116719
T  974  1 .1660763E+07   2000006E-01 -.7312E+03  .1031E+04   .9998932 -.0049778  .0137439
T  975  1 .1652781E+07   2000012E-01 -.1376E+04  .1014E+04   .9998598 -.0104240  .0131048
T  976  1 .1670187E+07   2000019E-01 -.1536E+04  .1203E+03   .9998457 -.0171105 -.0039671
T  977  1 .1693113E+07   2000009E-01 -.2550E+03  .5461E+02   .9998795 -.0131228 -.0082894
T  978  1 .1670040E+07   2000013E-01  .7058E+03 -.1913E+04   .9999374  .0019840 -.0110082
T  979  1 .1682391E+07   2000009E-01 -.1263E+04 -.1013E+04   .9999998  .0000261  .0005956
T  980  1 .1672866E+07   2000001E-01  .4520E+03  .5449E+03   .9999208  .0106114  .0067682
T  981  1 .1688104E+07   2000000E-01 -.1892E+04 -.1116E+04   .9999529 -.0096851 -.0006573
T  982  1 .1687953E+07   2000009E-01  .3874E+03 -.7345E+03   .9997855  .0105068 -.0178460
T  983  1 .1675582E+07   2000008E-01  .9993E+02 -.9673E+02   .9999823  .0049864 -.0032354
T  984  1 .1687768E+07   2000012E-01  .4298E+03  .9037E+02   .9999351  .0060090  .0096813
T  985  1 .1682498E+07   2000014E-01  .1966E+04 -.1067E+03   .9999699  .0077015 -.0009720
T  986  1 .1701227E+07   2000010E-01 -.4682E+04 -.2783E+03   .9995319 -.0278532 -.0126545
T  987  1 .1683028E+07   2000012E-01 -.3955E+04 -.8668E+03   .9993365 -.0364202 -.0004646
T  988  1 .1676714E+07   2000013E-01 -.1997E+04 -.1192E+03   .9996500 -.0261461 -.0040272
T  989  1 .1689073E+07   2000007E-01 -.4713E+03 -.1644E+04   .9997439 -.0153388 -.0166361
T  990  1 .1670082E+07   2000020E-01  .7288E+04 -.1497E+04   .9985430  .0529162 -.0105730
T  991  1 .1670506E+07   2000021E-01 -.6348E+03 -.2630E+01   .9999519 -.0079678  .0057152
T  992  1 .1675447E+07   2000020E-01  .4304E+03 -.2032E+04   .9999626  .0051350 -.0069648
T  993  1 .1652875E+07   2000017E-01 -.4516E+03  .5724E+03   .9999613 -.0078101  .0040397
T  994  1 .1649499E+07   2000020E-01 -.1303E+04 -.1062E+04   .9999171 -.0126949 -.0021395
T  995  1 .1662530E+07   2000013E-01  .1696E+04  .2608E+03   .9999815  .0056304 -.0023097
T  996  1 .1687556E+07   2000004E-01 -.3205E+03  .7833E+03   .9998000 -.0067093  .0188401
T  997  1 .1670263E+07   2000022E-01 -.6717E+03  .8144E+03   .9996533 -.0245583  .0095006
T  998  1 .1680621E+07   2000014E-01 -.1147E+04 -.1453E+04   .9999952  .0003140 -.0030924
T  999  1 .1674584E+07   2000014E-01  .4111E+03 -.2436E+04   .9998926  .0066156 -.0130800
T 1000  1 .1683883E+07   2000019E-01  .2233E+03 -.3544E+03   .9999926  .0029388 -.0024815
T 1001  1 .1673158E+07   2000018E-01  .2108E+03  .1540E+04   .9998305 -.0006703  .0184000
T 1002  1 .1685309E+07   2000013E-01  .4327E+04  .5202E+03   .9993200  .0324036  .0175952
T 1003  1 .1695801E+07   2000018E-01 -.1948E+04  .1849E+04   .9998770 -.0144273  .0061563
T 1004  1 .1686901E+07   2000007E-01 -.2927E+03  .8067E+03   .9999974 -.0019514  .0011942
T 1005  1 .1666549E+07   2000005E-01 -.4803E+02 -.8665E+03   .9998821 -.0054293 -.0143661
T 1006  1 .1692590E+07   2000005E-01  .5807E+03  .2582E+04   .9998753  .0061835  .0145338
T 1007  1 .1667683E+07   2000004E-01 -.2265E+04  .2215E+04   .9997975 -.0041859  .0196854
T 1008  1 .1688394E+07   2000016E-01  .7517E+03 -.2100E+04   .9998189  .0050033 -.0183594
T 1009  1 .1678718E+07   2000009E-01  .2483E+03 -.9230E+03   .9999974  .0000088 -.0022807
T 1010  1 .1680486E+07   2000015E-01  .1723E+04  .1213E+04   .9999540  .0040324  .0086979
T 1011  1 .1673315E+07   2000010E-01  .1642E+04  .1921E+04   .9996947  .0212633  .0125816
T 1012  1 .1669468E+07   2000021E-01 -.1198E+04 -.3710E+03   .9999487  .0086411  .0052891
T 1013  1 .1683386E+07   2000007E-01 -.9370E+03  .1364E+03   .9999414 -.0106588  .0018709
T 1014  1 .1687591E+07   2000013E-01 -.3207E+03 -.1120E+04   .9997990 -.0137701 -.0145713
T 1015  1 .1691792E+07   2000014E-01 -.4826E+03 -.1057E+03   .9999931 -.0031468  .0019524
T 1016  1 .1676328E+07   2000000E-01  .1784E+04  .1023E+04   .9995766  .0255078  .0139967
T 1017  1 .1677427E+07   2000019E-01  .3727E+04  .1571E+04   .9998402  .0166305  .0065575
T 1018  1 .1672459E+07   2000010E-01 -.3234E+04  .1188E+04   .9997921 -.0186166  .0083207
T 1019  1 .1672380E+07   2000018E-01  .5077E+04 -.2525E+04   .9996203  .0255267 -.0103786
T 1020  1 .1687250E+07   2000010E-01 -.1146E+03  .7546E+03   .9999307  .0028752 -.0114170
T 1021  1 .1682029E+07   2000000E-01  .6810E+03  .9426E+03   .9999356  .0110427  .0026253
T 1022  1 .1694550E+07   2000022E-01 -.1150E+04  .1977E+03   .9999706 -.0033071  .0069154
T 1023  1 .1683086E+07   2000020E-01  .4357E+03  .1431E+04   .9999695  .0020581  .0075347
T 1024  1 .1694804E+07   2000018E-01  .1581E+03  .2480E+03   .9999786  .0038201 -.0053125
T 1025  1 .1679609E+07   2000008E-01 -.1196E+04  .2999E+03   .9999570 -.0059256  .0071314
T 1026  1 .1688073E+07   2000004E-01  .4896E+03 -.1089E+04   .9999716 -.0009016  .0074845
T 1027  1 .1685719E+07   2000007E-01  .3378E+03  .8251E+03   .9999943 -.0010215  .0032160
T 1028  1 .1672028E+07   2000012E-01 -.1361E+04 -.3170E+04   .9994111 -.0088603 -.0331496
T 1029  1 .1678995E+07   2000000E-01 -.5654E+03 -.1152E+03   .9998632 -.0163859  .0022335
T 1030  1 .1663686E+07   2000008E-01 -.2044E+04 -.1370E+04   .9998881 -.0149395  .0007577
T 1031  1 .1685005E+07   2000013E-01 -.2404E+04 -.1107E+04   .9994469 -.0330799  .0034101
T 1032  1 .1674661E+07   2000015E-01 -.6012E+03  .5381E+02   .9999262 -.0086710 -.0085043
T 1033  1 .1676303E+07   2000000E-01 -.3215E+03 -.6755E+03   .9999882 -.0005146 -.0048241
T 1034  1 .1667589E+07   2000013E-01  .1165E+04 -.1550E+04   .9996147  .0025774 -.0276360
T 1035  1 .1700789E+07   2000023E-01  .3258E+02  .3672E+03   .9999523 -.0096784 -.0013122
T 1036  1 .1666533E+07   2000005E-01 -.2773E+03  .5426E+03   .9999794 -.0022833  .0059944
T 1037  1 .1680374E+07   2000007E-01 -.1462E+04  .2944E+03   .9999647  .0000393 -.0084068
T 1038  1 .1701728E+07   2000005E-01  .4248E+03  .2940E+03   .9999191  .0126605  .0012142
T 1039  1 .1681682E+07   2000005E-01  .6327E+03 -.2703E+04   .9996014  .0098475 -.0264587
T 1040  1 .1686933E+07   2000010E-01  .3381E+03 -.3770E+03   .9999697 -.0026439 -.0073191
T 1041  1 .1684477E+07   2000021E-01  .5761E+03  .1439E+04   .9999721  .0057283  .0047934
T 1042  1 .1660826E+07   2000000E-01 -.1871E+04  .1696E+04   .9999160 -.0076139  .0104866
T 1043  1 .1654673E+07   2000020E-01  .3348E+03  .1074E+04   .9981985  .0127443  .0586294
T 1044  1 .1693054E+07   2000021E-01  .4944E+03  .5682E+02   .9994988  .0082657  .0305576
T 1045  1 .1678289E+07   2000007E-01  .3752E+04  .3575E+02   .9996606  .0252187 -.0065413
T 1046  1 .1687642E+07   2000014E-01  .6983E+03 -.2887E+03   .9999545  .0039048  .0086985
T 1047  1 .1690526E+07   2000008E-01  .6159E+03  .2227E+04   .9998192 -.0018502  .0189238
T 1048  1 .1672322E+07   2000022E-01 -.3725E+02  .2569E+02   .9999430 -.0079640  .0071053
T 1049  1 .1703160E+07   2000011E-01  .2590E+04 -.1242E+03   .9998102  .0184639  .0062144
T 1050  1 .1692898E+07   2000010E-01  .9313E+03 -.5159E+04   .9977499 -.0005298 -.0670442
T 1051  1 .1683497E+07   2000016E-01  .3251E+03  .2931E+03   .9999656  .0080083  .0021536
T 1052  1 .1679244E+07   2000017E-01 -.4028E+03 -.1072E+04   .9999481 -.0099580 -.0021632
T 1053  1 .1693635E+07   2000018E-01 -.1268E+03 -.3620E+03   .9997952  .0027024 -.0200552
T 1054  1 .1680405E+07   2000017E-01 -.8280E+03  .3181E+04   .9987767 -.0110745  .0481915
T 1055  1 .1666407E+07   2000011E-01 -.1231E+04  .2122E+03   .9999111 -.0132364 -.0015904
T 1056  1 .1654664E+07   2000021E-01 -.1052E+04 -.1741E+03   .9997858 -.0165554  .0124186
T 1057  1 .1675619E+07   2000006E-01 -.8925E+03 -.2160E+04   .9998770  .0000178 -.0156844
T 1058  1 .1693036E+07   2000015E-01 -.1565E+03  .1103E+04   .9999095  .0029174  .0131314
T 1059  1 .1676345E+07   2000018E-01  .7239E+03  .4061E+02   .9999039  .0138657  .0000010
T 1060  1 .1655422E+07   2000017E-01  .3457E+03 -.7792E+02   .9999310  .0114595 -.0025875
T 1061  1 .1691245E+07   2000009E-01 -.1281E+04  .6597E+03   .9999727 -.0073670  .0005280
T 1062  1 .1687489E+07   2000013E-01  .1032E+03 -.1277E+04   .9997971 -.0065345 -.0190534
T 1063  1 .1664614E+07   2000020E-01  .1230E+04 -.5413E+03   .9998002  .0182959 -.0080482
T 1064  1 .1674921E+07   2000014E-01 -.2232E+03 -.2638E+03   .9999887 -.0001458 -.0047469
T 1065  1 .1677632E+07   2000014E-01  .2042E+04 -.7981E+03   .9998017  .0199110  .0001707
T 1066  1 .1654149E+07   2000020E-01  .9449E+03  .1289E+03   .9999611  .0058125  .0066377
T 1067  1 .1672665E+07   2000007E-01  .1634E+04  .9044E+03   .9999248  .0104781  .0063665
T 1068  1 .1672585E+07   2000011E-01 -.6021E+03 -.9837E+03   .9999609 -.0003458 -.0088381
T 1069  1 .1690057E+07   2000004E-01  .2873E+03 -.1347E+04   .9999769  .0030257 -.0060945
T 1070  1 .1699221E+07   2000005E-01 -.1033E+04 -.1448E+03   .9999984 -.0017925  .0002835
T 1071  1 .1701956E+07   2000005E-01 -.8349E+03 -.1429E+04   .9997382 -.0167132 -.0156266
T 1072  1 .1682457E+07   2000012E-01 -.7690E+03  .7032E+03   .9999005 -.0103181  .0096240
T 1073  1 .1698044E+07   2000022E-01 -.3815E+03  .1784E+04   .9999490 -.0023775  .0098203
T 1074  1 .1693546E+07   2000018E-01  .2575E+02 -.5103E+03   .9997294 -.0167885 -.0160992
T 1075  1 .1678878E+07   2000017E-01  .1517E+04  .3223E+04   .9997372  .0099667  .0206442
T 1076  1 .1672956E+07   2000013E-01  .2833E+03 -.4620E+03   .9999727  .0063505  .0037718
T 1077  1 .1670627E+07   2000016E-01  .8162E+03 -.8196E+03   .9999864  .0050012  .0014767
T 1078  1 .1667229E+07   2000011E-01 -.1016E+03  .1262E+04   .9998006 -.0076662  .0184376
T 1079  1 .1679775E+07   2000006E-01 -.7500E+03  .1381E+03   .9999227 -.0020028  .0122697
T 1080  1 .1692492E+07   2000020E-01 -.1028E+04  .2802E+03   .9998691 -.0150619  .0059151
T 1081  1 .1674042E+07   2000004E-01 -.3152E+03 -.3729E+03   .9998853 -.0147977 -.0032230
T 1082  1 .1674798E+07   2000018E-01  .1385E+04 -.5242E+03   .9999555  .0058796 -.0073781
T 1083  1 .1684679E+07   2000008E-01 -.9771E+03 -.4867E+03   .9999847 -.0001922 -.0055345
T 1084  1 .1649099E+07   2000019E-01 -.4915E+03 -.6992E+03   .9999682 -.0014446 -.0078442
T 1085  1 .1676125E+07   2000013E-01  .2702E+03  .2207E+04   .9998042 -.0044486  .0192830
T 1086  1 .1679766E+07   2000010E-01 -.6054E+03 -.6034E+03   .9999934  .0035508 -.0008147
T 1087  1 .1690861E+07   2000013E-01 -.3030E+03  .9703E+03   .9999671 -.0042994  .0068829
T 1088  1 .1659981E+07   2000019E-01  .5242E+03  .4899E+03   .9999980 -.0018367  .0007353
T 1089  1 .1680135E+07   2000008E-01 -.8107E+03 -.1136E+04   .9998657 -.0132376 -.0096583
T 1090  1 .1686045E+07   2000012E-01  .4190E+04  .8737E+03   .9993017  .0357539  .0108515
T 1091  1 .1644865E+07   2000018E-01 -.6766E+03  .5791E+03   .9998928 -.0104540  .0102505
T 1092  1 .1677070E+07   2000019E-01 -.3255E+03  .1039E+04   .9999844  .0002096  .0055867
T 1093  1 .1689287E+07   2000011E-01  .2439E+03  .1036E+03   .9999935  .0033100  .0014235
T 1094  1 .1692572E+07   2000000E-01 -.4105E+04 -.2982E+03   .9996834 -.0250070  .0027887
T 1095  1 .1679805E+07   2000014E-01 -.6516E+02 -.1108E+04   .9999434 -.0035226 -.0100428
T 1096  1 .1668672E+07   2000021E-01 -.1595E+04  .5306E+03   .9998826 -.0135475  .0071583
T 1097  1 .1692700E+07   2000005E-01 -.4099E+03  .1376E+04   .9998851 -.0028837  .0148821
T 1098  1 .1678288E+07   2000021E-01 -.2577E+03  .1080E+04   .9998842  .0076120  .0131780
T 1099  1 .1692058E+07   2000006E-01  .1626E+04 -.3658E+04   .9991022 -.0043787 -.0421382
T 1100  1 .1691451E+07   2000018E-01  .1988E+04 -.3777E+03   .9998883 -.0042984 -.0143125
T 1101  1 .1696326E+07   2000019E-01  .5974E+02  .1049E+04   .9997953  .0091247  .0180573
T 1102  1 .1658380E+07   2000000E-01  .2765E+03 -.1304E+04   .9997598  .0102172 -.0193877
T 1103  1 .1673777E+07   2000020E-01  .1217E+04  .3127E+04   .9991444  .0110948  .0398412
T 1104  1 .1661985E+07   2000010E-01  .1724E+04  .7371E+03   .9999316  .0114466  .0023969
T 1105  1 .1687791E+07   2000022E-01 -.9523E+03 -.2672E+02   .9998687 -.0158906 -.0031778
T 1106  1 .1671549E+07   2000009E-01  .2088E+04  .6006E+03   .9998223  .0186352  .0028285
T 1107  1 .1689676E+07   2000017E-01 -.1583E+03  .1196E+04   .9999618 -.0012390  .0086504
T 1108  1 .1682165E+07   2000017E-01 -.3978E+03  .1404E+04   .9999156  .0058129 -.0116231
T 1109  1 .1693473E+07   2000022E-01 -.1602E+04  .1213E+04   .9994771 -.0295843  .0130487
T 1110  1 .1661434E+07   2000012E-01 -.2105E+04  .1378E+03   .9999288 -.0039973 -.0112434
T 1111  1 .1701731E+07   2000021E-01  .6859E+03 -.6975E+03   .9999775  .0013920 -.0065585
T 1112  1 .1685271E+07   2000004E-01 -.1090E+03  .1568E+03   .9999974 -.0022853 -.0000639
T 1113  1 .1697822E+07   2000000E-01 -.6258E+03 -.4297E+03   .9998546 -.0129967 -.0110371
T 1114  1 .1684144E+07   2000013E-01 -.9097E+03  .1230E+04   .9999790 -.0057911  .0029075
T 1115  1 .1690294E+07   2000008E-01  .1933E+04  .7829E+03   .9999504  .0085486 -.0051071
T 1116  1 .1666750E+07   2000008E-01  .3466E+04  .6290E+03   .9999842  .0016136  .0053894
T 1117  1 .1671266E+07   2000020E-01  .1648E+04  .1317E+04   .9997288  .0169907  .0159269
T 1118  1 .1675240E+07   2000020E-01 -.2797E+02  .4741E+03   .9999676  .0040530  .0069583
T 1119  1 .1685191E+07   2000019E-01 -.9147E+03  .4429E+03   .9999343 -.0060814  .0097152
T 1120  1 .1659624E+07   2000020E-01 -.5818E+03 -.3872E+03   .9999598 -.0069898 -.0056210
T 1121  1 .1702374E+07   2000010E-01 -.5217E+02 -.1376E+04   .9999597  .0038059 -.0081282
T 1122  1 .1681047E+07   2000022E-01  .5567E+03 -.1048E+04   .9999402  .0093337 -.0057000
T 1123  1 .1660585E+07   2000001E-01 -.1851E+04  .2205E+04   .9997650 -.0162920  .0143002
T 1124  1 .1677578E+07   2000021E-01  .7483E+03 -.1223E+04   .9998993  .0055523 -.0130635
T 1125  1 .1682597E+07   2000010E-01 -.1412E+03  .1060E+04   .9998907 -.0099933  .0109002
T 1126  1 .1695989E+07   2000022E-01  .1729E+04 -.5393E+03   .9999311  .0098908 -.0063172
T 1127  1 .1686151E+07   2000018E-01 -.1839E+02 -.1280E+04   .9998906  .0092029 -.0115774
T 1128  1 .1670289E+07   2000021E-01  .7880E+03  .1230E+04   .9999634  .0030287  .0080019
T 1129  1 .1673372E+07   2000009E-01 -.3234E+03  .3320E+04   .9997944  .0096542  .0178295
T 1130  1 .1679481E+07   2000017E-01  .8958E+01  .8449E+02   .9999191  .0002939  .0127182
T 1131  1 .1674844E+07   2000006E-01 -.7136E+03  .3132E+02   .9999978 -.0017836  .0011418
T 1132  1 .1689004E+07   2000001E-01 -.1970E+03  .3582E+03   .9999934  .0019534  .0030784
T 1133  1 .1681453E+07   2000000E-01  .2806E+04 -.6583E+03   .9997723  .0213113 -.0010504
T 1134  1 .1647130E+07   2000004E-01 -.7244E+03  .1467E+03   .9999409  .0108210 -.0010137
T 1135  1 .1653353E+07   2000008E-01  .1516E+03 -.5543E+03   .9999861  .0003643 -.0052524
T 1136  1 .1675266E+07   2000016E-01  .1190E+04  .5233E+03   .9999656  .0077457  .0029551
T 1137  1 .1688271E+07   2000003E-01 -.1083E+04  .1925E+04   .9992480 -.0082201  .0378915
T 1138  1 .1650855E+07   2000001E-01 -.1200E+04  .4635E+03   .9999535 -.0045457 -.0085090
T 1139  1 .1664363E+07   2000020E-01  .1684E+03  .4587E+03   .9999777  .0004954 -.0066666
T 1140  1 .1689544E+07   2000018E-01 -.1018E+04  .8195E+02   .9999210 -.0111118 -.0058793
T 1141  1 .1681394E+07   2000021E-01 -.2988E+03 -.1584E+04   .9997493  .0058653 -.0216073
T 1142  1 .1684089E+07   2000003E-01  .1256E+04 -.1693E+03   .9999362  .0105833 -.0039505
T 1143  1 .1659679E+07   2000020E-01  .7276E+02  .1229E+04   .9990949  .0089177  .0415915
T 1144  1 .1670798E+07   2000008E-01  .1256E+04 -.5493E+03   .9996359  .0261679 -.0065756
T 1145  1 .1674991E+07   2000005E-01 -.1939E+04  .2029E+04   .9998732 -.0151056  .0050463
T 1146  1 .1680467E+07   2000019E-01  .3663E+03  .1689E+04   .9997901 -.0196517  .0058009
T 1147  1 .1676216E+07   2000008E-01  .1833E+04 -.1644E+04   .9995492  .0195521 -.0227855
T 1148  1 .1676096E+07   2000018E-01  .2022E+04 -.1492E+04   .9997590  .0148453 -.0161721
T 1149  1 .1694405E+07   2000020E-01 -.4954E+03 -.1169E+03   .9999853 -.0052269 -.0014282
T 1150  1 .1696803E+07   2000016E-01 -.1085E+04 -.1109E+04   .9997669 -.0195929 -.0090747
T 1151  1 .1675348E+07   2000020E-01  .2221E+03 -.8428E+02   .9999758  .0068906  .0009576
T 1152  1 .1672430E+07   2000019E-01  .1174E+03 -.2212E+04   .9993820  .0316442 -.0153029
T 1153  1 .1695383E+07   2000020E-01 -.3321E+03  .1760E+04   .9997902  .0006827  .0204702
T 1154  1 .1683609E+07   2000013E-01  .1904E+03  .1019E+04   .9998594  .0136239  .0097742
T 1155  1 .1699175E+07   2000021E-01 -.1179E+04  .5772E+03   .9998104 -.0148749  .0125622
T 1156  1 .1686400E+07   2000016E-01  .1412E+02  .2860E+04   .9979181 -.0181717  .0618815
T 1157  1 .1694818E+07   2000014E-01 -.3979E+03 -.3364E+03   .9999723 -.0069827 -.0025891
T 1158  1 .1688579E+07   2000005E-01 -.2019E+04 -.1666E+04   .9998777 -.0082146 -.0133050
T 1159  1 .1681662E+07   2000021E-01  .2270E+04  .7064E+03   .9998310  .0183212  .0015323
T 1160  1 .1671734E+07   2000006E-01 -.1794E+04  .1200E+03   .9997072 -.0218703 -.0103516
T 1161  1 .1666139E+07   2000016E-01 -.1000E+04 -.2853E+04   .9990153 -.0344228 -.0279912
T 1162  1 .1654310E+07   2000003E-01 -.1655E+04 -.3782E+03   .9999261 -.0119112 -.0024215
T 1163  1 .1679859E+07   2000014E-01 -.2369E+04 -.2193E+04   .9996894 -.0140310 -.0205965
T 1164  1 .1702110E+07   2000015E-01 -.4512E+02  .1113E+03   .9999984 -.0005346  .0016887
T 1165  1 .1686896E+07   2000000E-01  .5501E+03  .7667E+03   .9999394  .0102656 -.0039744
T 1166  1 .1666838E+07   2000006E-01  .2947E+03 -.1741E+03   .9999857  .0052912 -.0008225
T 1167  1 .1689663E+07   2000000E-01 -.1600E+04  .1379E+04   .9997042 -.0165206  .0178515
T 1168  1 .1685081E+07   2000005E-01  .8372E+03 -.1477E+03   .9999716 -.0004516 -.0075234
T 1169  1 .1673133E+07   2000006E-01 -.8135E+03 -.2350E+03   .9999077 -.0132728 -.0029099
T 1170  1 .1679213E+07   2000011E-01  .9559E+03 -.2850E+03   .9999949  .0027714  .0016068
T 1171  1 .1711049E+07   2000011E-01  .1737E+04  .1166E+04   .9998562  .0158728  .0059627
T 1172  1 .1683380E+07   2000003E-01  .1895E+04 -.3393E+03   .9999104  .0133151 -.0013668
T 1173  1 .1692780E+07   2000010E-01  .7634E+03 -.4930E+03   .9998183  .0142712 -.0126372
T 1174  1 .1698660E+07   2000018E-01  .1341E+04  .2565E+04   .9991002 -.0073113  .0417771
T 1175  1 .1680630E+07   2000016E-01 -.3214E+04  .1316E+04   .9995062 -.0263533  .0171125
T 1176  1 .1695123E+07   2000013E-01  .1580E+04 -.1533E+04   .9999112  .0129622 -.0031026
T 1177  1 .1706522E+07   2000012E-01  .1545E+04 -.1210E+04   .9997286 -.0026332 -.0231470
T 1178  1 .1682062E+07   2000019E-01  .3380E+03  .1815E+04   .9999495  .0014884  .0099381
T 1179  1 .1684161E+07   2000022E-01 -.2218E+03 -.2032E+03   .9999896 -.0037709 -.0025715
T 1180  1 .1670058E+07   2000022E-01  .5980E+03 -.4633E+03   .9999551  .0088606 -.0033597
T 1181  1 .1689201E+07   2000017E-01  .4753E+03  .5303E+03   .9999119 -.0000162 -.0132766
T 1182  1 .1670906E+07   2000013E-01 -.7282E+03  .8654E+03   .9999656 -.0031955  .0076580
T 1183  1 .1659828E+07   2000006E-01  .3837E+03  .6394E+02   .9999989  .0014867  .0000974
T 1184  1 .1678770E+07   2000006E-01  .1211E+04 -.4196E+03   .9999777  .0064558  .0017154
T 1185  1 .1663669E+07   2000011E-01 -.1147E+04  .1093E+04   .9997738 -.0127011  .0170579
T 1186  1 .1687584E+07   2000022E-01 -.1542E+03 -.3293E+03   .9999845  .0043093 -.0035300
T 1187  1 .1660242E+07   2000013E-01 -.8037E+03  .1015E+04   .9998110 -.0107840  .0161778
T 1188  1 .1673764E+07   2000005E-01 -.2195E+04 -.3473E+03   .9996370 -.0174522 -.0205255
T 1189  1 .1668824E+07   2000014E-01 -.8792E+03  .4291E+03   .9999821 -.0059887 -.0001361
T 1190  1 .1695662E+07   2000004E-01 -.1082E+04  .2471E+03   .9998822 -.0106723  .0110283
T 1191  1 .1675647E+07   2000022E-01  .3601E+03 -.1861E+04   .9997701  .0042599 -.0210163
T 1192  1 .1657209E+07   2000006E-01 -.3376E+04 -.3482E+04   .9987629 -.0390862 -.0307397
T 1193  1 .1662281E+07   2000003E-01 -.4441E+03 -.1237E+04   .9997907 -.0101556 -.0177597
T 1194  1 .1641278E+07   2000020E-01  .3484E+04 -.4761E+05   .9345621  .0149003 -.3554880
T 1195  1 .1690161E+07   2000000E-01 -.2184E+03  .6256E+03   .9999706 -.0067477  .0036337
T 1196  1 .1680929E+07   2000023E-01 -.4856E+03 -.5732E+03   .9999303 -.0006293 -.0117900
T 1197  1 .1667793E+07   2000008E-01 -.3254E+04 -.2033E+04   .9992233 -.0239795 -.0312685
T 1198  1 .1678787E+07   2000021E-01  .6659E+03  .9596E+03   .9999557  .0082087  .0045990
T 1199  1 .1670135E+07   2000021E-01 -.1611E+04  .8374E+03   .9998680 -.0161565  .0017342
T 1200  1 .1695117E+07   2000002E-01  .1119E+04 -.1659E+03   .9997621  .0188467  .0109825
T 1201  1 .1683330E+07   2000004E-01  .5335E+03  .1019E+03   .9999930  .0034880 -.0013658
T 1202  1 .1692971E+07   2000017E-01 -.7247E+03  .3232E+03   .9998969 -.0088269  .0113224
T 1203  1 .1678268E+07   2000019E-01 -.1697E+03  .1067E+04   .9999776 -.0006230  .0066695
T 1204  1 .1679532E+07   2000003E-01 -.2377E+04 -.1965E+04   .9996587 -.0154309 -.0210809
T 1205  1 .1661994E+07   2000022E-01  .1729E+04  .4211E+03   .9998681  .0157492 -.0039749
T 1206  1 .1678945E+07   2000013E-01  .1676E+04  .3154E+03   .9999983  .0015459 -.0010518
T 1207  1 .1689906E+07   2000022E-01 -.1024E+04  .1633E+04   .9999187 -.0092138  .0088202
T 1208  1 .1696369E+07   2000006E-01  .2637E+04 -.4491E+03   .9995448  .0269688 -.0135197
T 1209  1 .1703040E+07   2000007E-01 -.5023E+03 -.1894E+04   .9998558 -.0087192 -.0145756
T 1210  1 .1668566E+07   2000022E-01  .1519E+04  .9010E+03   .9999186  .0126627 -.0015538
T 1211  1 .1690325E+07   2000018E-01  .1073E+04 -.4998E+03   .9998766  .0156189  .0017028
T 1212  1 .1671530E+07   2000016E-01  .9466E+03  .3398E+02   .9987250 -.0203640  .0461927
T 1213  1 .1678131E+07   2000004E-01 -.8311E+02 -.6230E+03   .9998460  .0046131 -.0169298
T 1214  1 .1699010E+07   2000012E-01  .1455E+03 -.9544E+03   .9998594 -.0019773 -.0166538
T 1215  1 .1680924E+07   2000012E-01 -.5192E+03 -.7408E+02   .9999395 -.0064415 -.0089199
T 1216  1 .1654067E+07   2000000E-01  .9476E+03  .8138E+03   .9999767  .0031012  .0060778
T 1217  1 .1670472E+07   2000005E-01  .2773E+04 -.8621E+03   .9995857  .0272255 -.0093367
T 1218  1 .1653280E+07   2000013E-01 -.1114E+04  .1537E+03   .9997506 -.0203078  .0092944
T 1219  1 .1679334E+07   2000019E-01 -.1265E+04 -.9149E+03   .9997356 -.0215611 -.0079895
T 1220  1 .1654654E+07   2000006E-01  .7667E+02  .1225E+04   .9997462 -.0029782  .0223303
T 1221  1 .1675325E+07   2000014E-01  .3133E+03  .7196E+02   .9999799  .0048330 -.0041002
T 1222  1 .1656551E+07   2000020E-01  .2581E+03 -.8931E+03   .9999857 -.0005558 -.0053187
T 1223  1 .1682880E+07   2000006E-01 -.7547E+03 -.6173E+02   .9999815 -.0059230 -.0013775
T 1224  1 .1669353E+07   2000014E-01 -.1045E+04  .1309E+04   .9995906 -.0224412  .0177512
T 1225  1 .1685225E+07   2000013E-01 -.4696E+03  .6682E+03   .9999921 -.0021506 -.0033375
T 1226  1 .1691675E+07   2000011E-01  .4398E+03 -.1373E+04   .9999278 -.0039407 -.0113494
T 1227  1 .1683627E+07   2000018E-01 -.1295E+04  .1252E+04   .9999074 -.0007795  .0135854
T 1228  1 .1666717E+07   2000012E-01  .1305E+04 -.2982E+04   .9998549  .0023799 -.0168684
T 1229  1 .1679043E+07   2000019E-01 -.4684E+03  .1331E+04   .9998465 -.0128115  .0119500
T 1230  1 .1683417E+07   2000018E-01  .2787E+03 -.1187E+04   .9999256 -.0018565 -.0120536
T 1231  1 .1662724E+07   2000003E-01 -.1713E+04  .7743E+03   .9998849 -.0128399  .0080814
T 1232  1 .1685026E+07   2000007E-01  .1072E+04  .8768E+03   .9998977 -.0036431  .0138354
T 1233  1 .1693140E+07   2000011E-01 -.2732E+04 -.9515E+03   .9993167 -.0355572 -.0100862
T 1234  1 .1661969E+07   2000012E-01 -.5061E+04  .1343E+04   .9967586 -.0771433  .0228279
T 1235  1 .1681509E+07   2000002E-01  .6756E+04  .3050E+04   .9987549  .0461768  .0188788
T 1236  1 .1679486E+07   2000008E-01 -.5514E+03  .9948E+03   .9998870 -.0016272  .0149441
T 1237  1 .1651101E+07   2000009E-01  .1201E+03 -.7517E+03   .9999588  .0048504 -.0076719
T 1238  1 .1653960E+07   2000004E-01 -.4236E+03  .8087E+03   .9998305 -.0155240  .0099001
T 1239  1 .1670071E+07   2000018E-01  .8369E+04 -.7873E+04   .9955647  .0683666 -.0646296
T 1240  1 .1650263E+07   2000005E-01  .1818E+03 -.1823E+04   .9998343 -.0093533 -.0156183
T 1241  1 .1691158E+07   2000011E-01 -.1030E+04 -.5524E+03   .9999419 -.0094150 -.0052421
T 1242  1 .1664734E+07   2000018E-01 -.4108E+03 -.3617E+03   .9999992 -.0003626 -.0012250
T 1243  1 .1664364E+07   2000005E-01  .6403E+03 -.3453E+03   .9999871  .0049055 -.0012866
T 1244  1 .1673723E+07   2000014E-01  .2194E+03  .4048E+03   .9999961  .0016438  .0022685
T 1245  1 .1682445E+07   2000006E-01 -.3529E+04  .1150E+04   .9995067 -.0313328  .0021515
T 1246  1 .1674089E+07   2000021E-01  .4793E+03  .1147E+04   .9999962 -.0027620 -.0002205
T 1247  1 .1688808E+07   2000003E-01  .6719E+03  .1880E+04   .9996992  .0046672  .0240792
T 1248  1 .1696123E+07   2000015E-01  .3293E+03 -.1870E+04   .9996395 -.0065561 -.0260382
T 1249  1 .1683936E+07   2000015E-01 -.6757E+03 -.8432E+03   .9998799 -.0073172 -.0136644
T 1250  1 .1689356E+07   2000002E-01  .4642E+03  .2351E+04   .9997008  .0066562  .0235358
T 1251  1 .1682916E+07   2000021E-01 -.2643E+04 -.1435E+04   .9997999 -.0197889 -.0029351
T 1252  1 .1685405E+07   2000021E-01 -.1045E+04  .6671E+03   .9998925 -.0146475  .0006870
T 1253  1 .1677031E+07   2000021E-01 -.3056E+04 -.2463E+03   .9995758 -.0282969 -.0068925
T 1254  1 .1669539E+07   2000006E-01  .3791E+03 -.6204E+02   .9999894 -.0007053 -.0045419
T 1255  1 .1666091E+07   2000021E-01  .3895E+03 -.6353E+03   .9999926  .0023530  .0030543
T 1256  1 .1687875E+07   2000013E-01 -.2892E+03 -.6411E+03   .9999695 -.0040330 -.0066867
T 1257  1 .1694884E+07   2000003E-01 -.1079E+04  .5875E+03   .9998867 -.0015455  .0149758
T 1258  1 .1662274E+07   2000002E-01  .1222E+04  .6628E+03   .9999061  .0097887 -.0095927
T 1259  1 .1695379E+07   2000014E-01  .2651E+04 -.4672E+03   .9998060  .0181857 -.0075668
T 1260  1 .1672927E+07   2000013E-01  .1592E+04  .9317E+03   .9998670  .0151339  .0060804
T 1261  1 .1688696E+07   2000006E-01  .3758E+03  .5202E+03   .9999940  .0014010  .0031801
T 1262  1 .1694111E+07   2000003E-01 -.1581E+02 -.3367E+03   .9999876  .0041209  .0027926
T 1263  1 .1662798E+07   2000022E-01 -.2795E+03  .9587E+03   .9999557 -.0056413  .0075343
T 1264  1 .1691336E+07   2000017E-01  .4170E+03 -.2209E+03   .9999862  .0046550 -.0024334
T 1265  1 .1683886E+07   2000007E-01  .5228E+04  .3682E+04   .9980323  .0520547  .0349550
T 1266  1 .1665732E+07   2000004E-01  .3504E+04 -.1488E+03   .9982001  .0595299 -.0072682
T 1267  1 .1680840E+07   2000019E-01 -.7095E+03  .8360E+03   .9997862 -.0178139  .0104966
T 1268  1 .1687345E+07   2000022E-01  .1113E+04 -.8175E+02   .9998544  .0167790  .0031104
T 1269  1 .1694550E+07   2000009E-01  .3768E+04  .1092E+04   .9998317  .0144539  .0112949
T 1270  1 .1691536E+07   2000011E-01 -.8723E+03 -.9203E+03   .9997530 -.0214905 -.0056575
T 1271  1 .1667292E+07   2000017E-01  .1487E+04  .1695E+04   .9998223  .0020322  .0187435
T 1272  1 .1670483E+07   2000021E-01 -.2404E+04  .1687E+04   .9995519 -.0238470  .0180892
T 1273  1 .1657658E+07   2000020E-01 -.7935E+03 -.1479E+04   .9997531 -.0152713 -.0161410
T 1274  1 .1677048E+07   2000021E-01 -.9667E+03  .1149E+04   .9998946 -.0069539  .0127460
T 1275  1 .1659765E+07   2000003E-01 -.1078E+04  .1795E+03   .9998365 -.0180473  .0011184
T 1276  1 .1692412E+07   2000018E-01 -.1756E+04  .2447E+04   .9992833 -.0205238  .0318081
T 1277  1 .1688954E+07   2000023E-01 -.1688E+03 -.4055E+03   .9999871 -.0000295 -.0050829
T 1278  1 .1698072E+07   2000019E-01  .1766E+04  .1917E+04   .9996551  .0107660  .0239546
T 1279  1 .1674909E+07   2000002E-01  .1637E+03 -.2668E+03   .9999681  .0004009 -.0079769
T 1280  1 .1659440E+07   2000004E-01 -.7588E+03  .8948E+03   .9999128 -.0131981 -.0004164
T 1281  1 .1693805E+07   2000018E-01 -.1533E+04  .9479E+03   .9996344 -.0212196  .0167597
T 1282  1 .1684837E+07   2000000E-01 -.6367E+03  .7848E+02   .9999220 -.0100813  .0073760
T 1283  1 .1663807E+07   2000019E-01  .4377E+03 -.7937E+03   .9999973 -.0018742  .0013545
T 1284  1 .1666746E+07   2000014E-01  .1323E+04  .1568E+03   .9997994  .0196118  .0040676
T 1285  1 .1707673E+07   2000018E-01 -.4807E+03  .2560E+02   .9993675 -.0014507  .0355308
T 1286  1 .1660863E+07   2000019E-01  .3118E+03 -.1996E+03   .9999728  .0039136  .0062580
T 1287  1 .1712988E+07   2000011E-01  .8541E+03  .1024E+04   .9996777 -.0008755  .0253720
T 1288  1 .1702364E+07   2000021E-01 -.3812E+03  .1817E+03   .9999776 -.0044513  .0050010
T 1289  1 .1689936E+07   2000022E-01 -.1209E+03 -.1416E+04   .9997334  .0128724 -.0191696
T 1290  1 .1670016E+07   2000006E-01  .2509E+02 -.8851E+03   .9999296 -.0045326 -.0109623
T 1291  1 .1677790E+07   2000008E-01 -.1463E+03 -.3842E+03   .9999713  .0008855 -.0075260
T 1292  1 .1688143E+07   2000013E-01  .5701E+03 -.1717E+03   .9999352  .0102488  .0049584
T 1293  1 .1635987E+07   2000006E-01 -.6944E+03 -.3813E+03   .9999010 -.0123754  .0067007
T 1294  1 .1690126E+07   2000005E-01 -.2311E+02  .3637E+03   .9999528  .0060062  .0076395
T 1295  1 .1659500E+07   2000018E-01  .1677E+04  .5960E+03   .9998004  .0194789  .0044383
T 1296  1 .1684693E+07   2000022E-01 -.7065E+03  .1591E+04   .9999738 -.0027707  .0066835
T 1297  1 .1674204E+07   2000011E-01  .1369E+04 -.2771E+04   .9995368  .0224920 -.0204990
T 1298  1 .1680552E+07   2000010E-01  .8463E+03  .6500E+03   .9999737  .0008278  .0072075
T 1299  1 .1676323E+07   2000020E-01  .9037E+03 -.2922E+03   .9999852  .0052105 -.0015736
T 1300  1 .1694575E+07   2000000E-01  .7594E+02 -.4846E+03   .9999655 -.0076939 -.0031173
T 1301  1 .1682597E+07   2000017E-01 -.2956E+04 -.2207E+03   .9996696 -.0235583 -.0102817
T 1302  1 .1666827E+07   2000022E-01  .4867E+03 -.7826E+03   .9999549  .0074217 -.0059275
T 1303  1 .1695707E+07   2000019E-01 -.1423E+04  .5830E+03   .9999901 -.0040707  .0018079
T 1304  1 .1676841E+07   2000021E-01 -.5504E+03 -.6679E+02   .9999948 -.0025613  .0019526
T 1305  1 .1677008E+07   2000008E-01 -.2098E+04 -.2725E+03   .9998605 -.0166718 -.0010073
T 1306  1 .1678127E+07   2000006E-01  .8586E+03  .9848E+03   .9996817  .0251560  .0018962
T 1307  1 .1688724E+07   2000020E-01  .1913E+04 -.1198E+04   .9997187  .0216784 -.0096211
T 1308  1 .1659586E+07   2000003E-01 -.1384E+03  .4027E+03   .9999501  .0001250  .0099896
T 1309  1 .1680211E+07   2000020E-01 -.1844E+04 -.5057E+04   .9993006 -.0160055 -.0337941
T 1310  1 .1705340E+07   2000015E-01  .1622E+03 -.1304E+04   .9999752  .0012524 -.0069307
T 1311  1 .1660189E+07   2000019E-01 -.2001E+04  .5841E+03   .9997595 -.0215940  .0038181
T 1312  1 .1675281E+07   2000005E-01 -.3252E+03  .1671E+04   .9999269 -.0007026  .0120689
T 1313  1 .1696648E+07   2000017E-01  .7640E+03  .6446E+04   .9988873  .0022540  .0471063
T 1314  1 .1663410E+07   2000020E-01  .8816E+03  .6176E+03   .9997903  .0158985  .0129045
T 1315  1 .1692596E+07   2000018E-01 -.4221E+03 -.2422E+03   .9999303 -.0094022 -.0071421
T 1316  1 .1668581E+07   2000007E-01  .1104E+04 -.3143E+03   .9996392  .0261194  .0062612
T 1317  1 .1683126E+07   2000011E-01 -.4713E+03  .9567E+02   .9999747 -.0048516  .0051939
T 1318  1 .1672944E+07   2000005E-01  .7153E+03 -.1639E+04   .9994866  .0045832 -.0317113
T 1319  1 .1672195E+07   2000018E-01 -.5131E+03 -.7397E+03   .9999334  .0016415 -.0114246
T 1320  1 .1659846E+07   2000001E-01 -.7795E+03 -.2584E+02   .9999431 -.0106275 -.0009122
T 1321  1 .1692171E+07   2000015E-01 -.1120E+04  .8361E+03   .9998915  .0080508  .0123398
T 1322  1 .1666550E+07   2000011E-01 -.7741E+03 -.1045E+04   .9997343  .0045467 -.0225974
T 1323  1 .1709152E+07   2000017E-01 -.1197E+03 -.4997E+03   .9999865  .0049976 -.0014367
T 1324  1 .1659142E+07   2000021E-01  .1117E+03  .2415E+04   .9997233  .0066654  .0225570
T 1325  1 .1691702E+07   2000009E-01 -.7124E+03  .5319E+03   .9998655 -.0080766  .0142743
T 1326  1 .1667212E+07   2000017E-01  .6850E+03  .1296E+03   .9999540  .0095332  .0010207
T 1327  1 .1667287E+07   2000008E-01 -.1414E+03 -.5303E+03   .9999586  .0077098 -.0048365
T 1328  1 .1683900E+07   2000017E-01  .3868E+03 -.1414E+04   .9999379  .0039204 -.0104291
T 1329  1 .1678345E+07   2000014E-01  .8145E+03  .2672E+03   .9999959  .0028704 -.0000353
T 1330  1 .1674700E+07   2000021E-01  .1076E+04 -.4049E+03   .9999927 -.0031730  .0021457
T 1331  1 .1657805E+07   2000009E-01  .1862E+03 -.1022E+04   .9993538  .0241684 -.0266059
T 1332  1 .1663242E+07   2000014E-01  .1442E+04  .1426E+03   .9999965  .0012528 -.0023139
T 1333  1 .1666037E+07   2000020E-01 -.9888E+03  .6688E+04   .9989528  .0036833  .0456052
T 1334  1 .1680034E+07   2000001E-01 -.2781E+03  .7299E+03   .9999798  .0011326  .0062602
T 1335  1 .1691374E+07   2000014E-01  .3405E+04 -.1857E+04   .9964569  .0787817 -.0294447
T 1336  1 .1645386E+07   2000007E-01  .1062E+04  .3981E+03   .9999435  .0097456 -.0042334
T 1337  1 .1659534E+07   2000018E-01 -.2549E+03  .4602E+04   .9993982 -.0188291  .0291330
T 1338  1 .1688286E+07   2000000E-01  .1783E+04 -.2904E+04   .9993243  .0240297 -.0278117
T 1339  1 .1715126E+07   2000019E-01 -.1029E+04  .1233E+03   .9999786 -.0062556 -.0019100
T 1340  1 .1651506E+07   2000011E-01  .2082E+04 -.4488E+04   .9995488  .0056824 -.0294952
T 1341  1 .1690325E+07   2000023E-01 -.3232E+03  .1612E+03   .9999160 -.0082941  .0099628
T 1342  1 .1686425E+07   2000009E-01 -.3656E+03 -.2150E+03   .9998905  .0014571  .0147241
T 1343  1 .1696103E+07   2000020E-01  .9669E+03 -.1104E+04   .9998276  .0159885 -.0094400
T 1344  1 .1692722E+07   2000022E-01  .1586E+03  .9024E+03   .9999788  .0007277  .0064712
T 1345  1 .1658210E+07   2000014E-01 -.1301E+04  .2050E+04   .9999015 -.0079668  .0115550
T 1346  1 .1694653E+07   2000001E-01  .3544E+04 -.1444E+04   .9994740  .0309238 -.0097678
T 1347  1 .1666613E+07   2000022E-01  .1251E+03 -.6496E+03   .9999275  .0102052 -.0063857
T 1348  1 .1690443E+07   2000007E-01  .1036E+03  .1531E+04   .9995343  .0124496  .0278613
T 1349  1 .1702678E+07   2000015E-01  .2226E+03 -.5559E+03   .9998640  .0098852 -.0131993
T 1350  1 .1669171E+07   2000004E-01 -.1483E+04  .4108E+03   .9998744 -.0029994 -.0155612
T 1351  1 .1663544E+07   2000015E-01 -.6989E+04 -.6669E+04   .9992405 -.0260473 -.0289810
T 1352  1 .1702276E+07   2000011E-01 -.2551E+04 -.4360E+03   .9996973 -.0234042 -.0075836
T 1353  1 .1646391E+07   2000021E-01  .9296E+03 -.2474E+04   .9997493  .0129974 -.0182307
T 1354  1 .1684054E+07   2000019E-01  .2440E+03  .4010E+03   .9998994 -.0018185  .0140653
T 1355  1 .1679339E+07   2000008E-01 -.1053E+04  .3619E+04   .9995958 -.0113597  .0260605
T 1356  1 .1685211E+07   2000011E-01  .1901E+03 -.7769E+03   .9994975 -.0172071 -.0266224
T 1357  1 .1688467E+07   2000020E-01 -.3750E+03  .7274E+03   .9987405 -.0144824  .0480380
T 1358  1 .1669109E+07   2000000E-01  .1255E+04 -.1121E+04   .9998939  .0098446 -.0107411
T 1359  1 .1653208E+07   2000002E-01 -.3262E+04  .1565E+03   .9998821 -.0127224  .0086028
T 1360  1 .1661629E+07   2000022E-01 -.1807E+03 -.1426E+04   .9999490 -.0091080 -.0043561
T 1361  1 .1672767E+07   2000008E-01 -.1312E+04  .2024E+04   .9999026 -.0128182  .0055163
T 1362  1 .1667309E+07   2000011E-01 -.1317E+04  .7871E+03   .9999515 -.0097036  .0016768
T 1363  1 .1675694E+07   2000007E-01  .1233E+04  .6148E+03   .9999116  .0114108  .0068207
T 1364  1 .1657162E+07   2000016E-01  .8252E+04 -.2413E+04   .9989897  .0449103  .0016241
T 1365  1 .1704352E+07   2000020E-01 -.9784E+03  .9704E+03   .9998821 -.0093665  .0121683
T 1366  1 .1691455E+07   2000018E-01 -.1425E+03 -.1815E+03   .9999735  .0072233  .0008908
T 1367  1 .1660865E+07   2000012E-01 -.5718E+03  .1196E+04   .9999161 -.0065494  .0111796
T 1368  1 .1678190E+07   2000019E-01  .1075E+03 -.1681E+04   .9998978 -.0040220 -.0137223
T 1369  1 .1681198E+07   2000006E-01  .2694E+03  .5440E+03   .9999754  .0024145  .0065912
T 1370  1 .1689415E+07   2000021E-01  .4598E+03  .3895E+03   .9999902 -.0032929  .0029491
T 1371  1 .1677764E+07   2000011E-01  .3752E+03  .6412E+03   .9997616 -.0133932  .0172446
T 1372  1 .1689054E+07   2000018E-01 -.1497E+03  .7691E+04   .9993916  .0055071  .0344410
T 1373  1 .1674980E+07   2000020E-01  .4733E+03  .3206E+03   .9999261  .0087710  .0084234
T 1374  1 .1671045E+07   2000015E-01  .5684E+03  .9693E+03   .9999859  .0025278  .0046784
T 1375  1 .1680983E+07   2000017E-01 -.1701E+03  .3624E+03   .9996639 -.0224440  .0129727
T 1376  1 .1685244E+07   2000001E-01 -.4490E+03  .8157E+03   .9999391 -.0047236  .0099717
T 1377  1 .1675306E+07   2000003E-01  .4393E+03 -.8385E+03   .9999096 -.0077608 -.0109828
T 1378  1 .1677732E+07   2000019E-01  .1574E+04  .8093E+03   .9998443 -.0028351  .0174149
T 1379  1 .1674536E+07   2000023E-01 -.9888E+02  .2483E+03   .9999439  .0061544  .0086162
T 1380  1 .1699644E+07   2000005E-01  .3001E+03  .6492E+03   .9999248 -.0051410  .0111384
T 1381  1 .1653234E+07   2000003E-01 -.2532E+04  .3938E+04   .9991432 -.0169192  .0377702
T 1382  1 .1693069E+07   2000002E-01  .2081E+04  .2369E+02   .9969629  .0682867 -.0374425
T 1383  1 .1699193E+07   2000015E-01 -.2025E+04 -.2185E+04   .9997325 -.0220569 -.0069519
T 1384  1 .1690890E+07   2000015E-01 -.4695E+02  .1093E+03   .9999971  .0023075  .0006523
T 1385  1 .1666640E+07   2000001E-01 -.6946E+03  .4753E+03   .9999406 -.0101820 -.0038937
T 1386  1 .1680788E+07   2000004E-01  .6715E+02  .8727E+03   .9999954 -.0025064 -.0016809
T 1387  1 .1696819E+07   2000020E-01  .1417E+03  .4849E+03   .9991279 -.0153693  .0388240
T 1388  1 .1657052E+07   2000011E-01 -.5465E+03 -.1484E+03   .9998848 -.0118833 -.0094445
T 1389  1 .1652055E+07   2000003E-01  .9080E+03  .2197E+03   .9999041  .0138054 -.0011405
T 1390  1 .1685066E+07   2000023E-01 -.9610E+03  .2593E+04   .9996874 -.0006201  .0249936
T 1391  1 .1692522E+07   2000014E-01 -.2278E+04  .6878E+02   .9995770 -.0288752  .0034823
T 1392  1 .1683525E+07   2000021E-01  .8917E+03  .1824E+04   .9996949  .0115008  .0218611
T 1393  1 .1694692E+07   2000016E-01  .1107E+04 -.3436E+03   .9999817  .0010861 -.0059466
T 1394  1 .1680592E+07   2000017E-01  .3291E+04  .4411E+03   .9994878  .0316896  .0044631
T 1395  1 .1657228E+07   2000017E-01 -.5754E+03 -.5278E+03   .9999623 -.0054690 -.0067423
T 1396  1 .1686808E+07   2000015E-01  .2796E+02 -.5996E+03   .9999628  .0030198 -.0080848
T 1397  1 .1665213E+07   2000020E-01  .6037E+03 -.1152E+04   .9999382  .0076824 -.0080413
T 1398  1 .1689562E+07   2000002E-01  .2460E+04 -.3554E+03   .9995478  .0281535 -.0105597
T 1399  1 .1692412E+07   2000020E-01 -.1538E+03 -.7961E+03   .9998752 -.0138245 -.0076453
T 1400  1 .1678886E+07   2000007E-01 -.3511E+04  .2790E+04   .9992605 -.0290566  .0251814
T 1401  1 .1670617E+07   2000011E-01  .7981E+03  .2079E+04   .9999398  .0014993  .0108719
T 1402  1 .1693474E+07   2000001E-01 -.1750E+04 -.3602E+04   .9998821 -.0123758 -.0090900
T 1403  1 .1686398E+07   2000022E-01  .7583E+03  .1175E+04   .9995877  .0243459  .0152251
T 1404  1 .1715289E+07   2000005E-01  .1515E+03 -.2827E+03   .9999924 -.0002346 -.0038976
T 1405  1 .1687648E+07   2000016E-01  .2154E+04 -.8033E+03   .9997273  .0141881 -.0185470
T 1406  1 .1702000E+07   2000012E-01 -.6503E+04 -.1832E+05   .9941962 -.0370411 -.1010042
T 1407  1 .1674055E+07   2000022E-01 -.9060E+03 -.7257E+03   .9999359 -.0107579 -.0035426
T 1408  1 .1664287E+07   2000015E-01  .1084E+03  .1340E+03   .9999821 -.0059307 -.0008209
T 1409  1 .1660623E+07   2000010E-01  .1311E+04  .1600E+04   .9998472  .0129421  .0117490
T 1410  1 .1689132E+07   2000017E-01  .8814E+03  .5770E+04   .9994714  .0008187  .0325004
T 1411  1 .1656787E+07   2000016E-01 -.7395E+03  .2254E+04   .9994586 -.0035868  .0327047
T 1412  1 .1708397E+07   2000011E-01  .6735E+03 -.1932E+03   .9999903  .0040685  .0017027
T 1413  1 .1655436E+07   2000019E-01 -.8845E+03 -.1994E+03   .9999766 -.0066491  .0015904
T 1414  1 .1675434E+07   2000014E-01 -.2178E+03 -.5039E+03   .9999580  .0059702  .0069509
T 1415  1 .1670636E+07   2000006E-01 -.2021E+03 -.2055E+03   .9999728  .0034872 -.0065052
T 1416  1 .1660808E+07   2000001E-01  .1369E+04  .2531E+02   .9997927  .0189086 -.0075489
T 1417  1 .1665568E+07   2000005E-01  .9487E+03  .3064E+03   .9999819  .0059857 -.0006749
T 1418  1 .1691489E+07   2000022E-01  .2991E+02  .2229E+03   .9999369 -.0019603  .0110636
T 1419  1 .1683753E+07   2000006E-01  .1054E+04 -.2069E+04   .9997644 -.0119289 -.0181332
T 1420  1 .1677349E+07   2000021E-01  .1783E+03 -.6182E+03   .9999905  .0043027 -.0007622
T 1421  1 .1691467E+07   2000021E-01 -.4220E+03  .3190E+03   .9989341 -.0231880  .0399110
T 1422  1 .1697696E+07   2000003E-01 -.3308E+03 -.9568E+03   .9999817 -.0055344 -.0024499
T 1423  1 .1684804E+07   2000014E-01  .2185E+03 -.2071E+04   .9997634  .0009993 -.0217309
T 1424  1 .1672016E+07   2000008E-01 -.2643E+03  .2917E+03   .9999889 -.0027642  .0038091
T 1425  1 .1681410E+07   2000017E-01  .6111E+03  .7803E+03   .9998977  .0005922  .0142907
T 1426  1 .1678004E+07   2000018E-01 -.1075E+04 -.9960E+03   .9999228 -.0113100 -.0051512
T 1427  1 .1699638E+07   2000009E-01 -.9782E+02 -.6141E+03   .9999844  .0053229 -.0017031
T 1428  1 .1664817E+07   2000004E-01  .3643E+04  .1248E+04   .9995865  .0285559 -.0033711
T 1429  1 .1683464E+07   2000010E-01 -.3968E+02  .8734E+03   .9999455 -.0092286 -.0048840
T 1430  1 .1678164E+07   2000016E-01  .4779E+03  .7087E+03   .9999688  .0003985 -.0078852
T 1431  1 .1643049E+07   2000015E-01 -.1497E+05  .5712E+05   .9342186 -.0942442  .3440257
T 1432  1 .1673377E+07   2000020E-01 -.1447E+04  .1835E+04   .9996262 -.0129126  .0240990
T 1433  1 .1684493E+07   2000011E-01  .9833E+03 -.7391E+03   .9999851  .0016446 -.0051969
T 1434  1 .1687541E+07   2000012E-01 -.3015E+03  .1660E+04   .9999063 -.0018513  .0135619
T 1435  1 .1675189E+07   2000001E-01 -.3952E+03  .5722E+03   .9998657 -.0105622  .0125281
T 1436  1 .1684140E+07   2000018E-01  .3708E+04  .1143E+05   .9946472  .0344919  .0974025
T 1437  1 .1672659E+07   2000009E-01 -.3181E+02 -.5061E+03   .9998843  .0040532 -.0146648
T 1438  1 .1677169E+07   2000001E-01 -.6339E+03  .1298E+02   .9999906  .0031376  .0029840
T 1439  1 .1670073E+07   2000011E-01  .5724E+03 -.2314E+03   .9999804  .0057023 -.0025703
T 1440  1 .1676813E+07   2000005E-01 -.1090E+04  .1782E+04   .9998899 -.0053591  .0138337
T 1441  1 .1704527E+07   2000012E-01  .2280E+04  .1511E+04   .9997473  .0197842  .0106720
T 1442  1 .1692111E+07   2000016E-01 -.8708E+03  .2360E+03   .9999786 -.0062120  .0020605
T 1443  1 .1669198E+07   2000008E-01  .2133E+04 -.2178E+04   .9998593  .0160016  .0050318
T 1444  1 .1668488E+07   2000001E-01 -.2396E+04  .3834E+03   .9999041 -.0132231  .0041056
T 1445  1 .1672538E+07   2000006E-01 -.1555E+04  .3706E+02   .9999125 -.0118136  .0059598
T 1446  1 .1671479E+07   2000002E-01  .1116E+02  .2345E+03   .9999632 -.0030221  .0080334
T 1447  1 .1680601E+07   2000006E-01 -.3031E+03  .5622E+03   .9999917 -.0020478  .0035325
T 1448  1 .1662807E+07   2000012E-01 -.2181E+03  .6205E+03   .9999176  .0050737  .0117919
T 1449  1 .1686608E+07   2000002E-01 -.6834E+03  .8450E+02   .9999657 -.0080769  .0018501
T 1450  1 .1664801E+07   2000008E-01  .9623E+02  .5085E+03   .9998895  .0144778  .0033593
T 1451  1 .1686734E+07   2000004E-01 -.9746E+04  .4935E+03   .9980109 -.0626679  .0068474
T 1452  1 .1670783E+07   2000022E-01  .1380E+03 -.1763E+04   .9997773  .0010278 -.0210766
T 1453  1 .1718164E+07   2000022E-01 -.8064E+03 -.1537E+04   .9998659  .0090570 -.0136437
T 1454  1 .1676024E+07   2000004E-01  .6765E+03 -.2183E+04   .9997518 -.0033675 -.0220248
T 1455  1 .1696760E+07   2000017E-01 -.1344E+03 -.1033E+04   .9999905  .0003399 -.0043458
T 1456  1 .1706307E+07   2000011E-01 -.3991E+02 -.6742E+03   .9999686  .0041788 -.0067272
T 1457  1 .1675444E+07   2000022E-01 -.1317E+04 -.8268E+03   .9999149 -.0108508 -.0072494
T 1458  1 .1668861E+07   2000010E-01 -.1110E+04 -.1243E+04   .9999803 -.0048490 -.0039903
T 1459  1 .1669964E+07   2000013E-01 -.3211E+03  .9828E+02   .9999708  .0053580  .0054464
T 1460  1 .1663604E+07   2000002E-01 -.5442E+02 -.1248E+04   .9997924 -.0103064 -.0175778
T 1461  1 .1655264E+07   2000022E-01  .4859E+03 -.7681E+03   .9999822  .0023352 -.0054993
T 1462  1 .1676146E+07   2000011E-01 -.1194E+04 -.8465E+01   .9999813 -.0060613 -.0007664
T 1463  1 .1658864E+07   2000021E-01 -.1171E+04 -.1074E+04   .9998585 -.0155244 -.0064742
T 1464  1 .1692937E+07   2000004E-01 -.1360E+04  .7906E+03   .9998569 -.0165442  .0035328
T 1465  1 .1680424E+07   2000021E-01 -.2108E+04 -.1586E+03   .9999336 -.0086363 -.0076249
T 1466  1 .1676678E+07   2000021E-01 -.1800E+04  .9784E+03   .9999340  .0093974  .0066066
T 1467  1 .1678328E+07   2000019E-01 -.1543E+04 -.1020E+04   .9998488 -.0156284 -.0076190
T 1468  1 .1687503E+07   2000007E-01 -.9896E+03 -.2775E+04   .9999276 -.0004982 -.0120222
T 1469  1 .1670460E+07   2000017E-01 -.6782E+03 -.1209E+04   .9996087 -.0156075 -.0232144
T 1470  1 .1691360E+07   2000001E-01  .8895E+03  .1187E+04   .9999126  .0127080  .0036573
T 1471  1 .1672175E+07   2000016E-01 -.2120E+04  .2909E+04   .9997159 -.0160206  .0176508
T 1472  1 .1702933E+07   2000021E-01 -.1115E+04  .1846E+03   .9998922 -.0145726 -.0018010
T 1473  1 .1687161E+07   2000016E-01 -.9819E+03 -.5659E+03   .9999593 -.0085784  .0027947
T 1474  1 .1699530E+07   2000001E-01 -.1182E+03 -.1709E+03   .9999960  .0024748 -.0013338
T 1475  1 .1680934E+07   2000012E-01  .1033E+04  .1305E+04   .9999477 -.0024368  .0099368
T 1476  1 .1684229E+07   2000003E-01 -.4803E+03 -.5146E+03   .9999848 -.0028640 -.0047128
T 1477  1 .1682904E+07   2000012E-01  .3876E+03 -.2975E+03   .9999118  .0104826  .0081612
T 1478  1 .1692906E+07   2000013E-01  .8781E+03 -.9614E+03   .9999740  .0071904 -.0004964
T 1479  1 .1667562E+07   2000017E-01  .4864E+03 -.1310E+04   .9999338 -.0113315 -.0019751
T 1480  1 .1674787E+07   2000021E-01 -.1843E+03  .4965E+02   .9999886 -.0047239 -.0007316
T 1481  1 .1697030E+07   2000020E-01  .6778E+03 -.7134E+03   .9999223  .0108297 -.0061713
T 1482  1 .1689151E+07   2000012E-01  .3781E+03 -.3511E+02   .9998058  .0097759 -.0171136
T 1483  1 .1662643E+07   2000019E-01 -.6428E+03  .1146E+04   .9999576 -.0008835  .0091657
T 1484  1 .1672153E+07   2000021E-01  .7500E+02 -.8322E+03   .9999753  .0027336 -.0064783
T 1485  1 .1650791E+07   2000009E-01 -.1265E+04 -.6782E+03   .9998982 -.0140662  .0023877
T 1486  1 .1673148E+07   2000011E-01 -.2407E+02 -.2790E+03   .9998869  .0131185 -.0073499
T 1487  1 .1668928E+07   2000015E-01  .7363E+03 -.1782E+04   .9995802 -.0229820 -.0176407
T 1488  1 .1682248E+07   2000010E-01 -.4885E+03  .1336E+04   .9998168 -.0043693  .0186336
T 1489  1 .1682632E+07   2000023E-01  .1416E+04  .6510E+03   .9999192  .0069883 -.0106217
T 1490  1 .1660309E+07   2000020E-01  .3379E+03  .8641E+03   .9999370  .0037959  .0105621
T 1491  1 .1661969E+07   2000002E-01  .1498E+04 -.2138E+04   .9997623  .0095756 -.0195845
T 1492  1 .1676648E+07   2000020E-01 -.2100E+03 -.2152E+04   .9999088 -.0087717 -.0102690
T 1493  1 .1677252E+07   2000005E-01  .2162E+04 -.1560E+03   .9996979  .0240808  .0049226
T 1494  1 .1663863E+07   2000015E-01  .2700E+04 -.1192E+04   .9998982  .0140592 -.0024430
T 1495  1 .1698465E+07   2000011E-01 -.3803E+03  .4791E+03   .9999218 -.0123029 -.0022564
T 1496  1 .1699570E+07   2000000E-01  .1982E+04 -.8826E+03   .9997159  .0235146 -.0039091
T 1497  1 .1696645E+07   2000020E-01  .1746E+04 -.1328E+04   .9996791  .0225702 -.0114998
T 1498  1 .1672554E+07   2000019E-01  .9483E+03  .7591E+03   .9998922  .0061198  .0133433
T 1499  1 .1651194E+07   2000005E-01 -.1775E+04 -.5488E+04   .9979943 -.0251294 -.0581025
T 1500  1 .1665268E+07   2000018E-01  .4772E+03  .2038E+03   .9999680  .0033426 -.0072704
T 1501  1 .1692944E+07   2000011E-01 -.1115E+04 -.6122E+02   .9999364 -.0112133  .0011707
T 1502  1 .1691873E+07   2000002E-01  .8630E+03  .2959E+03   .9999804  .0050416  .0037115
T 1503  1 .1679540E+07   2000007E-01  .3083E+03  .4151E+03   .9999313  .0005063  .0117091
T 1504  1 .1658833E+07   2000009E-01  .1291E+04  .9880E+03   .9997442  .0137925  .0179275
T 1505  1 .1693208E+07   2000021E-01 -.2312E+03  .1096E+04   .9999154  .0086703  .0096968
T 1506  1 .1665181E+07   2000017E-01  .5882E+03  .8500E+03   .9998920  .0079760  .0123477
T 1507  1 .1662301E+07   2000018E-01 -.2148E+03 -.1138E+04   .9999411 -.0057733 -.0091910
T 1508  1 .1683531E+07   2000022E-01  .1363E+04  .6373E+03   .9994136  .0342052  .0015832
T 1509  1 .1692238E+07   2000017E-01  .5867E+03  .8571E+03   .9999872  .0034313  .0037096
T 1510  1 .1674142E+07   2000014E-01  .8252E+03 -.5402E+03   .9998622  .0162571  .0033545
T 1511  1 .1687442E+07   2000016E-01  .7547E+03  .7016E+03   .9998466  .0040273  .0170438
T 1512  1 .1661124E+07   2000005E-01 -.1060E+03 -.1436E+04   .9996441 -.0020487 -.0265996
T 1513  1 .1705128E+07   2000000E-01 -.1604E+04 -.1921E+03   .9999783 -.0063859 -.0016220
T 1514  1 .1665760E+07   2000016E-01  .1557E+04  .4314E+03   .9999640  .0070166 -.0047620
T 1515  1 .1702282E+07   2000004E-01 -.1411E+04 -.7293E+03   .9999089 -.0116093  .0068923
T 1516  1 .1690317E+07   2000015E-01  .1042E+04  .1523E+03   .9999422  .0107377  .0006097
T 1517  1 .1689354E+07   2000022E-01  .9227E+03 -.1297E+04   .9999554  .0064392 -.0069057
T 1518  1 .1680575E+07   2000002E-01  .3676E+03 -.2190E+04   .9998257  .0078086 -.0169609
T 1519  1 .1707397E+07   2000016E-01  .1552E+04  .2212E+04   .9998077  .0100047  .0168674
T 1520  1 .1658051E+07   2000012E-01 -.8174E+04 -.1846E+04   .9989184 -.0456534 -.0088203
T 1521  1 .1651150E+07   2000007E-01 -.3069E+01  .6541E+03   .9999759 -.0021546  .0066044
T 1522  1 .1702926E+07   2000017E-01 -.1140E+04  .1144E+04   .9998445 -.0123499  .0125895
T 1523  1 .1700383E+07   2000013E-01  .2090E+04 -.2497E+04   .9996825  .0165251 -.0190237
T 1524  1 .1669500E+07   2000020E-01 -.3806E+03  .1052E+04   .9999432 -.0023582  .0103936
T 1525  1 .1654925E+07   2000016E-01 -.1017E+04 -.1300E+04   .9997664  .0030646 -.0213957
T 1526  1 .1673565E+07   2000012E-01  .4910E+03  .7317E+03   .9999436 -.0042899  .0097163
T 1527  1 .1681283E+07   2000004E-01  .6677E+03 -.4082E+03   .9998378  .0140171 -.0113108
T 1528  1 .1708471E+07   2000011E-01 -.2784E+03  .2411E+04   .9992867  .0085797  .0367751
T 1529  1 .1682740E+07   2000010E-01 -.1515E+03 -.7937E+03   .9999952  .0010396 -.0029320
T 1530  1 .1680260E+07   2000009E-01  .4734E+03 -.7026E+03   .9996070  .0270196 -.0074709
T 1531  1 .1703244E+07   2000006E-01  .3117E+03  .1656E+03   .9999624 -.0005234  .0086583
T 1532  1 .1669139E+07   2000006E-01 -.1398E+04  .2719E+03   .9978084 -.0646981  .0138759
T 1533  1 .1697507E+07   2000001E-01  .1625E+03  .1024E+04   .9998718  .0048796  .0152478
T 1534  1 .1666551E+07   2000014E-01  .4995E+03  .7864E+03   .9999063  .0055348  .0125205
T 1535  1 .1676681E+07   2000006E-01  .7786E+03 -.6291E+03   .9999346  .0063692 -.0095003
T 1536  1 .1682095E+07   2000009E-01  .8793E+03 -.9278E+03   .9999080  .0092688 -.0098994
T 1537  1 .1690557E+07   2000006E-01 -.1847E+04  .2782E+04   .9946322 -.0860153  .0575169
T 1538  1 .1651493E+07   2000010E-01 -.2169E+04 -.1391E+04   .9998307 -.0171494 -.0066744
T 1539  1 .1713215E+07   2000018E-01  .3774E+03  .1583E+03   .9999956  .0029459  .0002314
T 1540  1 .1672788E+07   2000004E-01 -.1011E+04  .1432E+04   .9998745 -.0119304  .0104275
T 1541  1 .1699785E+07   2000021E-01  .6465E+03  .6649E+02   .9999614  .0031395 -.0082114
T 1542  1 .1698072E+07   2000019E-01  .2727E+03 -.3660E+03   .9999874 -.0010695 -.0049021
T 1543  1 .1669188E+07   2000014E-01  .2036E+03  .8693E+03   .9991197  .0318412  .0273117
T 1544  1 .1687734E+07   2000012E-01  .4808E+04  .9091E+03   .9995952  .0271906  .0083696
T 1545  1 .1690108E+07   2000019E-01  .1682E+04  .7045E+03   .9998949  .0139144  .0040609
T 1546  1 .1682318E+07   2000003E-01  .3722E+03 -.3473E+03   .9999396  .0052549 -.0096570
T 1547  1 .1669263E+07   2000020E-01 -.1378E+04 -.6254E+03   .9999730 -.0053902 -.0049901
T 1548  1 .1680263E+07   2000004E-01 -.1510E+04  .4381E+03   .9998868 -.0149645 -.0015484
T 1549  1 .1682785E+07   2000010E-01 -.1047E+04  .1061E+04   .9994728 -.0305867  .0108857
T 1550  1 .1659165E+07   2000021E-01 -.2808E+03 -.1145E+04   .9999078  .0032261 -.0131925
T 1551  1 .1675928E+07   2000019E-01 -.5673E+02 -.1372E+00   .9999681 -.0077517 -.0019448
T 1552  1 .1693559E+07   2000003E-01 -.1661E+04 -.1205E+04   .9996744 -.0220944 -.0127637
T 1553  1 .1659420E+07   2000015E-01 -.3169E+03  .7262E+03   .9999817  .0006947  .0060147
T 1554  1 .1660413E+07   2000016E-01  .9116E+03 -.4861E+03   .9999979  .0020686 -.0000365
T 1555  1 .1664480E+07   2000005E-01 -.7345E+03  .1382E+04   .9998646 -.0061709  .0152529
T 1556  1 .1688142E+07   2000015E-01 -.1665E+04 -.3727E+03   .9999799 -.0061657 -.0014626
T 1557  1 .1684935E+07   2000018E-01 -.8930E+03  .2389E+03   .9999839 -.0021222  .0052651
T 1558  1 .1674142E+07   2000001E-01 -.4681E+03  .1034E+04   .9999835 -.0004963 -.0057274
T 1559  1 .1643674E+07   2000017E-01  .7059E+03 -.6270E+03   .9999769  .0067885  .0002232
T 1560  1 .1666138E+07   2000022E-01  .7901E+03 -.8157E+03   .9998667  .0113606 -.0117240
T 1561  1 .1677823E+07   2000019E-01  .8627E+03  .1820E+04   .9998012  .0071517  .0186125
T 1562  1 .1664126E+07   2000010E-01 -.5397E+03 -.8141E+03   .9998805 -.0095049 -.0121883
T 1563  1 .1683221E+07   2000007E-01 -.1458E+04  .4549E+03   .9997982 -.0133911  .0149771
T 1564  1 .1693758E+07   2000018E-01  .6322E+03  .8499E+03   .9999343 -.0076556  .0085329
T 1565  1 .1672963E+07   2000020E-01  .1948E+04  .1216E+04   .9998283  .0181216  .0038645
T 1566  1 .1677217E+07   2000019E-01  .2297E+03 -.1811E+02   .9999975 -.0022111 -.0004095
T 1567  1 .1703331E+07   2000006E-01  .1269E+04  .1168E+04   .9999794  .0062730 -.0013371
T 1568  1 .1693875E+07   2000021E-01  .5149E+03  .3165E+02   .9993011 -.0327656  .0179941
T 1569  1 .1680597E+07   2000006E-01 -.7976E+03 -.9901E+03   .9999963 -.0025619  .0009646
T 1570  1 .1677847E+07   2000008E-01 -.7958E+02 -.4941E+03   .9998447 -.0017940 -.0175293
T 1571  1 .1670528E+07   2000000E-01  .1797E+03 -.8843E+03   .9999830  .0049280 -.0031077
T 1572  1 .1680589E+07   2000011E-01  .1920E+03  .1052E+03   .9999820  .0056787 -.0019341
T 1573  1 .1653704E+07   2000001E-01  .1843E+04 -.3483E+03   .9996326  .0264328 -.0059907
T 1574  1 .1689748E+07   2000008E-01 -.7692E+03  .1073E+03   .9999378 -.0110997  .0010803
T 1575  1 .1700993E+07   2000004E-01  .3489E+04  .1086E+04   .9989978  .0440033  .0081894
T 1576  1 .1720082E+07   2000002E-01  .5611E+03 -.7314E+03   .9999458  .0039546 -.0096266
T 1577  1 .1660979E+07   2000021E-01  .8329E+03 -.4723E+03   .9998804  .0070838  .0137514
T 1578  1 .1652410E+07   2000015E-01 -.7837E+03 -.1514E+04   .9998866  .0003049 -.0150557
T 1579  1 .1683011E+07   2000021E-01 -.6930E+03 -.1906E+03   .9999997 -.0004422  .0005966
T 1580  1 .1674627E+07   2000007E-01 -.9392E+03 -.9367E+03   .9998981 -.0142101  .0013580
T 1581  1 .1664233E+07   2000018E-01  .9117E+03 -.1106E+04   .9999589  .0017764 -.0088941
T 1582  1 .1668580E+07   2000013E-01  .1457E+04  .1971E+04   .9993132  .0246173  .0276956
T 1583  1 .1668685E+07   2000009E-01  .5472E+03 -.1654E+04   .9998474 -.0172317 -.0028756
T 1584  1 .1677049E+07   2000009E-01 -.4239E+03  .2632E+02   .9999808 -.0061983  .0002679
T 1585  1 .1691284E+07   2000013E-01 -.2527E+04  .1423E+04   .9994190 -.0299356  .0162931
T 1586  1 .1677103E+07   2000018E-01  .4357E+03 -.8964E+03   .9999975  .0021536 -.0006570
T 1587  1 .1677648E+07   2000013E-01  .6878E+03 -.1557E+04   .9998778  .0085805 -.0130656
T 1588  1 .1656300E+07   2000000E-01 -.4373E+03  .1067E+04   .9999785 -.0049942  .0042490
T 1589  1 .1690024E+07   2000010E-01  .3405E+02  .1220E+02   .9999309  .0104820 -.0053127
T 1590  1 .1702363E+07   2000009E-01  .4612E+03  .4346E+03   .9999925  .0032284  .0021212
T 1591  1 .1681228E+07   2000021E-01  .1950E+03 -.1052E+04   .9999897  .0025548  .0037530
T 1592  1 .1681479E+07   2000002E-01  .2195E+03  .2046E+03   .9999609  .0065413  .0059476
T 1593  1 .1692729E+07   2000010E-01  .3224E+04 -.3892E+03   .9994532  .0330615  .0005339
T 1594  1 .1684960E+07   2000022E-01 -.1739E+04  .7008E+03   .9997105 -.0229622  .0071812
T 1595  1 .1679445E+07   2000022E-01 -.8340E+03  .1867E+04   .9998031 -.0142503  .0138086
T 1596  1 .1691962E+07   2000023E-01  .1076E+03 -.9493E+03   .9999122 -.0029290 -.0129195
T 1597  1 .1692921E+07   2000020E-01 -.2800E+03 -.2326E+04   .9994822  .0001493 -.0321755
T 1598  1 .1684241E+07   2000005E-01  .2591E+04 -.2936E+03   .9995493  .0299326  .0022861
T 1599  1 .1711526E+07   2000022E-01 -.1577E+04  .1290E+04   .9999179 -.0116980  .0052339
T 1600  1 .1701506E+07   2000001E-01  .1472E+03 -.7290E+03   .9999297  .0071601 -.0094530
T 1601  1 .1693155E+07   2000016E-01  .4981E+04  .4786E+04   .9991306  .0325097  .0261003
T 1602  1 .1685679E+07   2000013E-01  .1117E+03  .2063E+02   .9999914  .0041289 -.0002786
T 1603  1 .1694794E+07   2000021E-01  .9944E+03  .8072E+03   .9999550  .0064104  .0069864
T 1604  1 .1654913E+07   2000008E-01 -.9004E+03 -.1567E+04   .9999408 -.0063682 -.0088261
T 1605  1 .1680359E+07   2000020E-01 -.1468E+04  .4084E+03   .9999730 -.0063383 -.0037288
T 1606  1 .1649948E+07   2000013E-01 -.2744E+03 -.3838E+03   .9999945  .0033169  .0000224
T 1607  1 .1658371E+07   2000012E-01 -.1587E+04 -.1089E+03   .9999249 -.0118938  .0029668
T 1608  1 .1683598E+07   2000022E-01 -.1159E+03 -.9983E+03   .9994454  .0332906  .0007349
T 1609  1 .1682343E+07   2000015E-01  .1002E+04 -.9497E+03   .9999465  .0075659 -.0070499
T 1610  1 .1675687E+07   2000015E-01 -.2168E+03 -.1171E+03   .9997530  .0133012 -.0178042
T 1611  1 .1680089E+07   2000016E-01 -.2531E+03  .4371E+02   .9999982  .0012014 -.0014540
T 1612  1 .1678742E+07   2000014E-01 -.2791E+03  .7690E+03   .9999009  .0012552 -.0140240
T 1613  1 .1685591E+07   2000017E-01  .3865E+02  .7561E+01   .9999960  .0011514  .0025723
T 1614  1 .1668866E+07   2000021E-01  .1119E+04  .3292E+04   .9988925 -.0086052  .0462566
T 1615  1 .1694677E+07   2000008E-01  .1138E+04 -.1492E+04   .9998421  .0092444 -.0151768
T 1616  1 .1693965E+07   2000001E-01  .4686E+03  .1680E+04   .9998393  .0067231  .0166204
T 1617  1 .1677990E+07   2000019E-01 -.2681E+04  .2765E+04   .9996635 -.0140173  .0218246
T 1618  1 .1657355E+07   2000004E-01  .6221E+03  .3754E+03   .9999956  .0013178  .0026395
T 1619  1 .1635869E+07   2000021E-01  .6797E+03  .4050E+03   .9999758  .0069229 -.0007555
T 1620  1 .1678991E+07   2000012E-01  .3591E+03  .6956E+02   .9998270  .0086194  .0164798
T 1621  1 .1667335E+07   2000020E-01  .3772E+03 -.8691E+03   .9999487  .0084651 -.0055549
T 1622  1 .1670565E+07   2000021E-01  .4594E+03  .1833E+03   .9998755  .0123877  .0097703
T 1623  1 .1674201E+07   2000005E-01 -.8915E+03  .8139E+03   .9996396 -.0220348  .0153354
T 1624  1 .1667828E+07   2000020E-01 -.1872E+04 -.2057E+04   .9998731 -.0117713 -.0107372
T 1625  1 .1676093E+07   2000001E-01  .3304E+02  .2464E+04   .9993624  .0104401  .0341440
T 1626  1 .1672872E+07   2000019E-01  .3620E+04 -.2145E+04   .9991198  .0319971 -.0271250
T 1627  1 .1689589E+07   2000015E-01  .1158E+04 -.1389E+04   .9999668  .0033652 -.0074221
T 1628  1 .1662997E+07   2000016E-01  .9904E+03  .2261E+03   .9999883  .0043852  .0020584
T 1629  1 .1668630E+07   2000002E-01 -.5138E+04  .8558E+03   .9994134 -.0301998  .0161491
T 1630  1 .1678378E+07   2000011E-01  .1920E+02  .7719E+02   .9999367 -.0112304  .0006270
T 1631  1 .1683649E+07   2000022E-01 -.7460E+03 -.1178E+04   .9998228 -.0034475 -.0185060
T 1632  1 .1698987E+07   2000019E-01  .3897E+03  .9534E+03   .9999472  .0056662  .0085764
T 1633  1 .1681373E+07   2000015E-01  .3155E+03 -.3612E+03   .9999879  .0047601 -.0012764
T 1634  1 .1693866E+07   2000006E-01 -.1295E+04  .8975E+02   .9999883 -.0025631  .0040968
T 1635  1 .1684156E+07   2000000E-01  .5689E+03  .5239E+03   .9999659  .0059383  .0057377
T 1636  1 .1688441E+07   2000019E-01 -.1991E+04 -.2233E+03   .9998696 -.0161267  .0008659
T 1637  1 .1672308E+07   2000016E-01  .9998E+03  .3752E+03   .9999189  .0093172  .0086767
T 1638  1 .1687715E+07   2000008E-01 -.5094E+03  .5263E+03   .9999674 -.0075581  .0028313
T 1639  1 .1685035E+07   2000014E-01  .3160E+04  .2599E+04   .9993874  .0204821  .0283764
T 1640  1 .1657107E+07   2000017E-01 -.1393E+02 -.1514E+04   .9998669  .0054483 -.0153771
T 1641  1 .1675529E+07   2000006E-01 -.4585E+03 -.2142E+03   .9999391 -.0059939 -.0092695
T 1642  1 .1659744E+07   2000013E-01  .3136E+03  .7012E+03   .9999509 -.0042094 -.0089752
T 1643  1 .1692948E+07   2000004E-01 -.2279E+03 -.1190E+04   .9999096 -.0003343 -.0134406
T 1644  1 .1653891E+07   2000008E-01  .4642E+03  .1457E+04   .9998112  .0091554  .0171367
T 1645  1 .1656479E+07   2000013E-01  .1174E+04 -.1257E+04   .9999060  .0134647  .0025990
T 1646  1 .1677498E+07   2000003E-01 -.5868E+02 -.2517E+03   .9999778 -.0058136  .0032549
T 1647  1 .1698068E+07   2000001E-01 -.8395E+03 -.4088E+02   .9999867 -.0025046 -.0045025
T 1648  1 .1687025E+07   2000005E-01 -.7753E+03  .1195E+04   .9998905 -.0107820  .0101374
T 1649  1 .1649388E+07   2000010E-01 -.7514E+03  .8450E+03   .9999872 -.0033403  .0037886
T 1650  1 .1673839E+07   2000017E-01  .3624E+03  .3865E+03   .9999709  .0034728  .0067984
T 1651  1 .1659247E+07   2000022E-01  .4596E+03 -.3875E+03   .9999794  .0064177 -.0003211
T 1652  1 .1698576E+07   2000019E-01  .7645E+03  .9516E+03   .9999114 -.0027524  .0130241
T 1653  1 .1672639E+07   2000023E-01 -.8994E+03  .5448E+03   .9999598 -.0088799 -.0012191
T 1654  1 .1676152E+07   2000013E-01  .3580E+03 -.4788E+03   .9999248 -.0109423 -.0055338
T 1655  1 .1709788E+07   2000007E-01 -.5494E+02 -.1193E+04   .9999777 -.0001115 -.0066771
T 1656  1 .1666587E+07   2000008E-01 -.2057E+04  .1736E+04   .9997036 -.0243458 -.0002346
T 1657  1 .1696851E+07   2000002E-01 -.4878E+03  .1805E+02   .9999823 -.0021675 -.0055426
T 1658  1 .1682294E+07   2000020E-01  .5179E+03  .1278E+03   .9999800  .0059130 -.0022492
T 1659  1 .1681326E+07   2000003E-01 -.1349E+03  .1649E+03   .9999431 -.0080299  .0070188
T 1660  1 .1674628E+07   2000017E-01 -.4410E+03  .3537E+04   .9992400 -.0147800  .0360677
T 1661  1 .1653181E+07   2000013E-01  .1565E+04 -.2135E+03   .9998880  .0086664 -.0122016
T 1662  1 .1699981E+07   2000005E-01 -.1783E+04 -.6033E+03   .9998737 -.0085363 -.0134026
T 1663  1 .1673253E+07   2000022E-01 -.2236E+04  .1493E+04   .9999364 -.0092648  .0064261
T 1664  1 .1681402E+07   2000015E-01  .2236E+04  .2273E+04   .9999671  .0044195 -.0067952
T 1665  1 .1713210E+07   2000019E-01  .1048E+04 -.1577E+04   .9996187  .0080069 -.0264280
T 1666  1 .1680595E+07   2000016E-01 -.1238E+04 -.1908E+04   .9998951 -.0042660 -.0138406
T 1667  1 .1672231E+07   2000011E-01  .1321E+04  .1238E+04   .9998900  .0112058  .0097164
T 1668  1 .1693921E+07   2000014E-01  .3203E+03 -.6871E+03   .9999983  .0003748 -.0017871
T 1669  1 .1689045E+07   2000019E-01  .8634E+03  .3209E+03   .9999545  .0037210  .0087784
T 1670  1 .1685629E+07   2000019E-01  .4148E+03 -.6644E+03   .9999282  .0093431 -.0074990
T 1671  1 .1698651E+07   2000001E-01  .5847E+03  .1927E+04   .9995510  .0148577  .0260192
T 1672  1 .1684688E+07   2000020E-01  .2351E+03 -.1184E+04   .9999619 -.0009376 -.0086743
T 1673  1 .1691252E+07   2000009E-01 -.1063E+03  .5739E+03   .9999348 -.0113839  .0009266
T 1674  1 .1685452E+07   2000011E-01  .1619E+04  .2635E+03   .9999889  .0046896 -.0005510
T 1675  1 .1694194E+07   2000012E-01  .2397E+03  .2369E+04   .9997294  .0056244  .0225709
T 1676  1 .1691799E+07   2000010E-01 -.2161E+04 -.4598E+04   .9993092 -.0130028 -.0348134
T 1677  1 .1700800E+07   2000018E-01 -.1554E+03 -.3222E+04   .9992902 -.0075128 -.0369137
T 1678  1 .1663373E+07   2000021E-01 -.1068E+04 -.2618E+04   .9995690 -.0261971 -.0132449
T 1679  1 .1687284E+07   2000018E-01  .7671E+03  .3337E+03   .9999797  .0063667  .0003573
T 1680  1 .1668639E+07   2000017E-01 -.3010E+03 -.4058E+03   .9998312 -.0115202 -.0143116
T 1681  1 .1682396E+07   2000013E-01 -.1226E+04 -.5294E+03   .9999241 -.0064658 -.0104886
T 1682  1 .1671374E+07   2000012E-01  .3094E+03 -.9839E+03   .9999789 -.0017293 -.0062550
T 1683  1 .1658827E+07   2000008E-01 -.2166E+04  .1380E+04   .9985838 -.0477891  .0233784
T 1684  1 .1654582E+07   2000001E-01 -.3312E+03  .1168E+04   .9999374 -.0000784  .0111889
T 1685  1 .1682719E+07   2000009E-01  .4549E+03 -.3134E+04   .9997376  .0137334 -.0183364
T 1686  1 .1674699E+07   2000015E-01 -.2214E+04  .1508E+04   .9997461 -.0153510  .0164945
T 1687  1 .1660385E+07   2000021E-01 -.8499E+03 -.4233E+04   .9993004 -.0021327 -.0373383
T 1688  1 .1678733E+07   2000019E-01  .2162E+03  .2222E+03   .9999669  .0032360 -.0074619
T 1689  1 .1688989E+07   2000011E-01  .7206E+03  .4316E+03   .9999101  .0127464  .0041564
T 1690  1 .1675137E+07   2000009E-01 -.3017E+02 -.1742E+04   .9999551  .0039089 -.0086333
T 1691  1 .1677079E+07   2000015E-01  .4829E+03 -.1766E+04   .9998482  .0172883 -.0021475
T 1692  1 .1665139E+07   2000018E-01 -.8833E+03  .3940E+03   .9994203 -.0146779  .0307170
T 1693  1 .1701205E+07   2000019E-01 -.4561E+03  .6019E+03   .9999243 -.0114175  .0045917
T 1694  1 .1688937E+07   2000015E-01  .4517E+03  .5847E+03   .9999941  .0009374  .0033084
T 1695  1 .1687150E+07   2000020E-01  .3392E+03 -.3275E+03   .9999772  .0005812 -.0067344
T 1696  1 .1681017E+07   2000018E-01 -.6487E+03  .9892E+03   .9999983 -.0015906  .0009431
T 1697  1 .1649079E+07   2000020E-01  .6685E+03  .1963E+03   .9999914 -.0020266  .0036118
T 1698  1 .1674483E+07   2000013E-01  .2818E+02 -.1352E+04   .9998903  .0026600 -.0145700
T 1699  1 .1678318E+07   2000020E-01  .2477E+03 -.1768E+03   .9999849 -.0054675 -.0005081
T 1700  1 .1697159E+07   2000001E-01 -.3951E+03  .2294E+03   .9999945 -.0009319  .0031888
T 1701  1 .1689652E+07   2000013E-01  .3830E+03 -.1252E+04   .9998303 -.0089446 -.0161039
T 1702  1 .1677682E+07   2000015E-01  .3863E+02 -.1482E+03   .9999997  .0005671  .0005720
T 1703  1 .1666868E+07   2000007E-01 -.1408E+04  .2527E+03   .9999278 -.0109471  .0049461
T 1704  1 .1692848E+07   2000021E-01 -.1623E+03 -.1887E+03   .9999988  .0014291 -.0006464
T 1705  1 .1658810E+07   2000020E-01 -.1482E+04  .1004E+04   .9997494 -.0136930  .0177098
T 1706  1 .1685488E+07   2000020E-01 -.6349E+03  .3606E+04   .9994861 -.0125591  .0294922
T 1707  1 .1682835E+07   2000006E-01  .2989E+03 -.1316E+03   .9999670  .0080904  .0007519
T 1708  1 .1642565E+07   2000013E-01  .1642E+04 -.2087E+04   .9996434  .0094040 -.0249915
T 1709  1 .1690036E+07   2000011E-01 -.1301E+03  .6604E+03   .9999901  .0026415  .0035746
T 1710  1 .1676813E+07   2000022E-01 -.2921E+03  .3756E+03   .9999982 -.0014590 -.0011827
T 1711  1 .1692255E+07   2000012E-01 -.8743E+03  .6089E+03   .9999670 -.0044815  .0067778
T 1712  1 .1680150E+07   2000017E-01 -.1015E+04  .2289E+03   .9999482 -.0101503 -.0007338
T 1713  1 .1680678E+07   2000014E-01  .1952E+03 -.1336E+03   .9999836  .0053058  .0021577
T 1714  1 .1665146E+07   2000015E-01  .2042E+04 -.1739E+04   .9993399  .0337433 -.0134573
T 1715  1 .1682321E+07   2000019E-01  .7400E+02 -.2308E+04   .9998640 -.0115625 -.0117610
T 1716  1 .1681599E+07   2000009E-01 -.4960E+04 -.2404E+04   .9984157 -.0487749 -.0280552
T 1717  1 .1659104E+07   2000018E-01 -.7608E+01  .7298E+03   .9999715  .0017810 -.0073354
T 1718  1 .1685638E+07   2000020E-01  .6446E+03 -.2743E+03   .9999812  .0059628 -.0014070
T 1719  1 .1682277E+07   2000011E-01 -.2903E+04  .3636E+04   .9997136 -.0080194  .0225494
T 1720  1 .1683765E+07   2000006E-01 -.9641E+03 -.8634E+03   .9997062 -.0167318 -.0175392
T 1721  1 .1665285E+07   2000005E-01 -.2220E+04 -.1378E+04   .9996643 -.0072866 -.0248618
T 1722  1 .1661991E+07   2000018E-01 -.3626E+03  .9530E+03   .9999491 -.0013705  .0099932
T 1723  1 .1653581E+07   2000008E-01  .1585E+04 -.1142E+04   .9999219  .0119312 -.0037219
T 1724  1 .1691400E+07   2000018E-01  .1243E+04 -.1150E+04   .9999133  .0129378 -.0024481
T 1725  1 .1683810E+07   2000010E-01 -.9368E+03 -.1726E+04   .9999577 -.0043939 -.0080753
T 1726  1 .1715128E+07   2000023E-01 -.6667E+03  .2557E+03   .9999863 -.0039154  .0034642
T 1727  1 .1654279E+07   2000014E-01  .4786E+03 -.2150E+03   .9996020  .0179295  .0217823
T 1728  1 .1682640E+07   2000009E-01 -.4883E+03  .1868E+04   .9995786 -.0078570  .0279435
T 1729  1 .1669847E+07   2000019E-01  .5476E+03  .1793E+02   .9999429  .0101092  .0034611
T 1730  1 .1675176E+07   2000018E-01  .4715E+03  .1438E+03   .9998823  .0151437  .0024765
T 1731  1 .1694051E+07   2000006E-01  .9362E+03  .2343E+03   .9999096  .0125522  .0048141
T 1732  1 .1678618E+07   2000013E-01  .1296E+04  .2754E+03   .9999519  .0035800  .0091319
T 1733  1 .1681344E+07   2000014E-01  .9939E+03 -.6435E+03   .9999859  .0014452 -.0051099
T 1734  1 .1684714E+07   2000002E-01  .2044E+03  .5077E+03   .9999837  .0043901  .0036371
T 1735  1 .1670589E+07   2000008E-01 -.2172E+03 -.2613E+03   .9999180  .0119746 -.0045356
T 1736  1 .1674871E+07   2000014E-01 -.1359E+04 -.8141E+03   .9997944 -.0198313 -.0042283
T 1737  1 .1676483E+07   2000010E-01 -.2164E+03 -.8198E+03   .9999470 -.0052678 -.0088460
T 1738  1 .1686666E+07   2000007E-01 -.8753E+03 -.1728E+04   .9999375 -.0048045 -.0100952
T 1739  1 .1668542E+07   2000021E-01 -.2667E+04 -.1479E+04   .9988695 -.0475333  .0004847
T 1740  1 .1670157E+07   2000000E-01 -.1185E+03  .3266E+03   .9999750 -.0046066 -.0053570
T 1741  1 .1653237E+07   2000001E-01  .3370E+04 -.3980E+04   .9992219  .0191909 -.0344566
T 1742  1 .1693016E+07   2000010E-01  .7359E+03  .2175E+04   .9998015  .0111543  .0165117
T 1743  1 .1693160E+07   2000017E-01 -.5738E+01  .9505E+03   .9998016 -.0060148  .0189911
T 1744  1 .1635826E+07   2000020E-01 -.2354E+04  .1747E+04   .9998445 -.0120649  .0128600
T 1745  1 .1662093E+07   2000014E-01  .5878E+03  .1441E+04   .9999978 -.0002102  .0020676
T 1746  1 .1691012E+07   2000019E-01 -.3672E+03 -.8525E+03   .9999872 -.0003937 -.0050521
T 1747  1 .1699934E+07   2000017E-01 -.1491E+04  .8557E+02   .9996414 -.0227563 -.0141144
T 1748  1 .1675776E+07   2000007E-01  .2984E+03 -.7809E+03   .9998503  .0003900 -.0172971
T 1749  1 .1691682E+07   2000008E-01 -.8149E+03 -.8724E+03   .9998989 -.0093857 -.0106817
T 1750  1 .1695287E+07   2000013E-01  .1293E+04  .6891E+03   .9998075  .0184499  .0066755
T 1751  1 .1692747E+07   2000000E-01 -.1359E+04 -.2031E+04   .9996738 -.0238239 -.0092018
T 1752  1 .1681207E+07   2000011E-01  .2609E+02 -.6719E+02   .9999941 -.0006709  .0033785
T 1753  1 .1692758E+07   2000002E-01 -.1091E+03 -.2492E+03   .9998986  .0067726 -.0125247
T 1754  1 .1702251E+07   2000016E-01  .9718E+03 -.7945E+03   .9998719  .0146141 -.0065297
T 1755  1 .1686155E+07   2000010E-01  .1317E+04  .1124E+04   .9999257  .0055148  .0108685
T 1756  1 .1672949E+07   2000016E-01 -.9294E+02  .1389E+04   .9498133  .2016399  .2391570
T 1757  1 .1699655E+07   2000022E-01 -.2260E+04  .6823E+03   .9998084 -.0184587 -.0065161
T 1758  1 .1673634E+07   2000001E-01  .2367E+03 -.2769E+03   .9999835 -.0054783 -.0017223
T 1759  1 .1695328E+07   2000023E-01  .4413E+03  .3740E+03   .9999959  .0011447  .0026084
T 1760  1 .1687848E+07   2000015E-01 -.1772E+04 -.1717E+04   .9998915 -.0115821 -.0090970
T 1761  1 .1691717E+07   2000003E-01  .3582E+03 -.4912E+03   .9999574 -.0035361 -.0085315
T 1762  1 .1664320E+07   2000010E-01  .3842E+04  .3112E+04   .9991982  .0313242  .0249332
T 1763  1 .1660096E+07   2000008E-01  .1091E+03  .1935E+04   .9997889  .0085357  .0186878
T 1764  1 .1680240E+07   2000020E-01 -.2084E+03  .1089E+04   .9999924 -.0038014  .0008399
T 1765  1 .1681041E+07   2000009E-01  .3184E+03 -.4834E+03   .9999051  .0131000 -.0042680
T 1766  1 .1667018E+07   2000003E-01  .1370E+04 -.4730E+03   .9999562  .0069404 -.0062769
T 1767  1 .1653495E+07   2000018E-01  .9728E+02  .3762E+03   .9998794 -.0016126  .0154489
T 1768  1 .1692844E+07   2000022E-01  .1461E+03  .1770E+04   .9999796  .0053199 -.0035480
T 1769  1 .1693234E+07   2000001E-01 -.6434E+03 -.4153E+03   .9998931 -.0146182  .0002285
T 1770  1 .1653727E+07   2000007E-01  .5449E+03  .1351E+04   .9999483  .0060837  .0081519
T 1771  1 .1694490E+07   2000017E-01  .2396E+02  .2555E+03   .9999949 -.0031052  .0007367
T 1772  1 .1678629E+07   2000022E-01  .9664E+03  .8640E+03   .9998995  .0119035  .0076965
T 1773  1 .1684043E+07   2000004E-01 -.6988E+03 -.6071E+03   .9998935  .0135831  .0053396
T 1774  1 .1694676E+07   2000022E-01 -.1388E+03 -.1336E+04   .9999734  .0019413 -.0070260
T 1775  1 .1683859E+07   2000022E-01  .2821E+03  .3073E+03   .9999338  .0112390 -.0024816
T 1776  1 .1693493E+07   2000020E-01 -.5579E+03 -.9557E+03   .9999406  .0030396 -.0104692
T 1777  1 .1687153E+07   2000012E-01 -.1526E+04 -.3769E+03   .9996392 -.0263588  .0051648
T 1778  1 .1699506E+07   2000021E-01 -.9095E+03 -.1447E+04   .9999058  .0128958 -.0047066
T 1779  1 .1698199E+07   2000019E-01  .5966E+03  .1022E+03   .9999844  .0055575 -.0005291
T 1780  1 .1687461E+07   2000018E-01  .8965E+03 -.3756E+03   .9999833  .0056767 -.0011117
T 1781  1 .1664584E+07   2000017E-01 -.2270E+04  .1589E+03   .9999222 -.0124703 -.0004089
T 1782  1 .1669900E+07   2000020E-01  .1012E+04 -.1531E+04   .9993369  .0314404 -.0183627
T 1783  1 .1692576E+07   2000012E-01  .6973E+03  .1116E+04   .9999167  .0125359  .0030608
T 1784  1 .1701868E+07   2000009E-01 -.1269E+04 -.7645E+03   .9998499 -.0154876 -.0077655
T 1785  1 .1702789E+07   2000014E-01  .9503E+03 -.5701E+04   .9987206  .0093563 -.0496944
T 1786  1 .1672029E+07   2000005E-01 -.1126E+04 -.1830E+04   .9996748 -.0013823 -.0254633
T 1787  1 .1690583E+07   2000013E-01 -.9753E+01 -.8503E+03   .9999877  .0013697 -.0047699
T 1788  1 .1649803E+07   2000017E-01  .2827E+02 -.4042E+03   .9999841  .0040511 -.0039346
T 1789  1 .1662772E+07   2000005E-01 -.1162E+04 -.1397E+04   .9998925 -.0111019 -.0095802
T 1790  1 .1673375E+07   2000020E-01  .9523E+03  .8987E+03   .9999229  .0052491  .0112546
T 1791  1 .1688534E+07   2000010E-01 -.1065E+04  .3789E+03   .9999290 -.0072277  .0094714
T 1792  1 .1690649E+07   2000003E-01  .4860E+03 -.1599E+03   .9997870  .0147257 -.0144630
T 1793  1 .1697739E+07   2000021E-01  .3611E+04  .1347E+04   .9988333  .0453265  .0166613
T 1794  1 .1675407E+07   2000013E-01  .1172E+04 -.1314E+04   .9998139  .0082904 -.0174205
T 1795  1 .1670302E+07   2000015E-01  .2372E+04 -.2533E+03   .9999517  .0077242 -.0060793
T 1796  1 .1688170E+07   2000021E-01 -.9157E+03 -.1192E+04   .9998598 -.0074283 -.0150051
T 1797  1 .1677433E+07   2000021E-01 -.8102E+03 -.5875E+03   .9995918 -.0278608  .0063232
T 1798  1 .1681829E+07   2000001E-01  .1720E+04 -.2543E+02   .9998277  .0120226 -.0141413
T 1799  1 .1691915E+07   2000016E-01 -.1156E+04  .1165E+04   .9998022 -.0060186  .0189563
T 1800  1 .1675594E+07   2000001E-01 -.1003E+04 -.2387E+04   .9999537  .0057029 -.0077522
T 1801  1 .1690577E+07   2000003E-01  .1243E+04 -.3604E+03   .9998989  .0142207  .0001544
T 1802  1 .1686252E+07   2000004E-01 -.1645E+02 -.9366E+03   .9998789 -.0042010 -.0149852
T 1803  1 .1689378E+07   2000003E-01 -.5441E+04  .3173E+04   .9987295 -.0454739  .0217122
T 1804  1 .1671688E+07   2000007E-01  .6027E+03  .4033E+02   .9999695 -.0026301  .0073528
T 1805  1 .1698120E+07   2000023E-01 -.2220E+03 -.4506E+03   .9999974 -.0016723 -.0015696
T 1806  1 .1664938E+07   2000016E-01  .2305E+03 -.5236E+02   .9999837  .0036275 -.0044088
T 1807  1 .1690450E+07   2000020E-01 -.3728E+00 -.4601E+03   .9999668 -.0075046 -.0031787
T 1808  1 .1699358E+07   2000001E-01 -.2272E+04  .6420E+03   .9998356 -.0171912  .0057662
T 1809  1 .1671204E+07   2000020E-01 -.1519E+04  .8908E+03   .9998535 -.0145581  .0090024
T 1810  1 .1682266E+07   2000021E-01  .1306E+04 -.7851E+03   .9999233  .0118018 -.0037612
T 1811  1 .1676356E+07   2000012E-01  .6595E+03 -.3253E+03   .9999373  .0109965 -.0021013
T 1812  1 .1667885E+07   2000000E-01 -.7110E+03  .1184E+04   .9999365 -.0108935  .0028856
T 1813  1 .1673200E+07   2000017E-01 -.3031E+04  .4174E+03   .9998006 -.0174303 -.0097445
T 1814  1 .1689046E+07   2000011E-01  .1325E+03  .3587E+03   .9999458 -.0083929  .0061588
T 1815  1 .1680587E+07   2000005E-01  .2769E+03 -.9332E+03   .9999869  .0040467 -.0031500
T 1816  1 .1681247E+07   2000000E-01 -.5836E+03  .1728E+03   .9989543  .0391024  .0236932
T 1817  1 .1679051E+07   2000016E-01  .8889E+03  .3113E+03   .9999997 -.0007194 -.0002329
T 1818  1 .1661237E+07   2000005E-01 -.3111E+04  .7264E+03   .9990966 -.0417279  .0080474
T 1819  1 .1695742E+07   2000013E-01  .4756E+03  .9063E+03   .9999645  .0039658  .0074386
T 1820  1 .1690817E+07   2000017E-01  .5207E+03 -.4098E+02   .9999079  .0052068 -.0125335
T 1821  1 .1668933E+07   2000019E-01 -.3608E+03 -.2735E+03   .9999937  .0017493  .0030989
T 1822  1 .1679402E+07   2000008E-01 -.3363E+03 -.2156E+04   .9996447 -.0085244 -.0252534
T 1823  1 .1681615E+07   2000015E-01 -.5053E+03 -.4085E+03   .9998364 -.0180743 -.0006835
T 1824  1 .1699720E+07   2000001E-01  .1920E+04 -.4294E+03   .9998301  .0180696  .0036517
T 1825  1 .1675309E+07   2000013E-01  .1578E+03  .7954E+03   .9999381  .0096740  .0054896
T 1826  1 .1666412E+07   2000012E-01 -.1097E+04 -.1067E+04   .9999691 -.0046427 -.0063475
T 1827  1 .1678445E+07   2000016E-01  .4146E+04 -.4945E+03   .9985242  .0454249 -.0297666
T 1828  1 .1666049E+07   2000009E-01 -.1807E+04 -.5043E+02   .9999510 -.0041588  .0089850
T 1829  1 .1682720E+07   2000013E-01 -.9919E+03 -.7813E+03   .9999919 -.0024168  .0032259
T 1830  1 .1678963E+07   2000016E-01 -.1062E+04  .7069E+02   .9999294 -.0099204  .0065366
T 1831  1 .1685111E+07   2000017E-01  .1694E+04  .6572E+03   .9999614  .0082596  .0030046
T 1832  1 .1658957E+07   2000013E-01 -.2679E+03 -.5591E+03   .9999257  .0048514 -.0111844
T 1833  1 .1672510E+07   2000010E-01 -.7609E+03  .1955E+04   .9995717 -.0171041  .0237445
T 1834  1 .1700551E+07   2000009E-01  .1407E+03  .9806E+03   .9999693  .0059872  .0050463
T 1835  1 .1691211E+07   2000000E-01 -.8641E+03 -.1422E+04   .9997983 -.0093142 -.0177909
T 1836  1 .1683607E+07   2000011E-01 -.1303E+04 -.1226E+04   .9983489 -.0076614  .0569287
T 1837  1 .1684081E+07   2000020E-01 -.9479E+03 -.1612E+04   .9995517  .0038824 -.0296874
T 1838  1 .1660079E+07   2000014E-01  .4808E+03  .2459E+04   .9996054  .0168890  .0224434
T 1839  1 .1656660E+07   2000022E-01  .9288E+03  .6025E+03   .9987455  .0351553  .0356589
T 1840  1 .1680155E+07   2000015E-01 -.3004E+03 -.3230E+03   .9999988 -.0015150 -.0001128
T 1841  1 .1694743E+07   2000018E-01  .5740E+02  .1225E+04   .9997943  .0124386  .0160214
T 1842  1 .1671333E+07   2000007E-01  .6279E+03  .6712E+03   .9999794 -.0062005  .0016406
T 1843  1 .1689170E+07   2000005E-01  .3346E+03  .4474E+03   .9999852  .0046283 -.0028568
T 1844  1 .1678721E+07   2000009E-01  .2965E+02  .6287E+02   .9999990  .0005717 -.0013240
T 1845  1 .1681911E+07   2000014E-01  .8490E+03  .7919E+02   .9998611  .0163062 -.0034341
T 1846  1 .1691818E+07   2000012E-01 -.1934E+04 -.1713E+04   .9998914 -.0143502 -.0033523
T 1847  1 .1675232E+07   2000016E-01  .4577E+03 -.3189E+03   .9999626  .0077975 -.0037346
T 1848  1 .1689084E+07   2000005E-01 -.5289E+03 -.1144E+04   .9998772 -.0059919 -.0144805
T 1849  1 .1698496E+07   2000013E-01  .5454E+03  .7152E+03   .9998952  .0014123  .0144070
T 1850  1 .1678240E+07   2000018E-01 -.6127E+03 -.3340E+04   .9995046 -.0059534 -.0309046
T 1851  1 .1671036E+07   2000012E-01  .2845E+03 -.6834E+03   .9999723  .0037723 -.0064138
T 1852  1 .1651431E+07   2000013E-01 -.2423E+04  .2406E+04   .9996438 -.0195903  .0181259
T 1853  1 .1679080E+07   2000022E-01 -.1739E+02  .1277E+04   .9999201 -.0056734  .0112985
T 1854  1 .1686824E+07   2000018E-01  .1313E+04 -.4141E+03   .9999287  .0109500  .0047533
T 1855  1 .1683392E+07   2000008E-01  .5554E+04 -.1961E+04   .9987233  .0498400 -.0082345
T 1856  1 .1658448E+07   2000022E-01  .2078E+01 -.1050E+04   .9998345 -.0171810 -.0059873
T 1857  1 .1694544E+07   2000022E-01  .7299E+03 -.1436E+04   .9999656  .0062476 -.0054586
T 1858  1 .1671396E+07   2000020E-01  .2209E+03 -.1169E+04   .9998237 -.0071449 -.0173617
T 1859  1 .1700671E+07   2000003E-01  .1433E+04  .1285E+04   .9997544  .0104133  .0195651
T 1860  1 .1685457E+07   2000006E-01  .1266E+04  .7984E+03   .9996850  .0080033  .0237894
T 1861  1 .1697832E+07   2000008E-01 -.8927E+03  .9475E+03   .9998795 -.0036772  .0150836
T 1862  1 .1673214E+07   2000009E-01 -.5597E+03 -.3825E+03   .9998984 -.0050316 -.0133332
T 1863  1 .1673509E+07   2000021E-01 -.5343E+03 -.1742E+04   .9996993 -.0067692 -.0235668
T 1864  1 .1684698E+07   2000019E-01 -.2273E+03 -.3959E+03   .9999164 -.0116961  .0055097
T 1865  1 .1669755E+07   2000019E-01 -.6982E+03  .7854E+03   .9999187 -.0049868  .0117373
T 1866  1 .1689956E+07   2000020E-01  .2309E+04  .8717E+03   .9997819  .0183467  .0099808
T 1867  1 .1676225E+07   2000015E-01 -.1357E+04 -.1088E+04   .9992075  .0231505 -.0323799
T 1868  1 .1665966E+07   2000016E-01  .1388E+03  .1629E+04   .9997360 -.0017639  .0229107
T 1869  1 .1669531E+07   2000014E-01  .1322E+04 -.3942E+04   .9995832  .0158857 -.0241046
T 1870  1 .1669341E+07   2000020E-01  .9823E+02 -.3118E+03   .9999618 -.0069296 -.0053200
T 1871  1 .1671234E+07   2000014E-01  .3437E+03 -.3811E+03   .9999965 -.0023851  .0011380
T 1872  1 .1658535E+07   2000022E-01  .8559E+02  .2339E+03   .9999321  .0011421  .0115938
T 1873  1 .1662266E+07   2000017E-01  .3554E+03  .3042E+03   .9993927  .0317814 -.0142891
T 1874  1 .1673737E+07   2000021E-01 -.8897E+03 -.5658E+03   .9999694 -.0075365 -.0020846
T 1875  1 .1677241E+07   2000004E-01 -.6736E+03 -.7811E+02   .9998435 -.0165301 -.0063065
T 1876  1 .1673584E+07   2000021E-01  .1261E+04  .2677E+04   .9999589  .0067309  .0060684
T 1877  1 .1675747E+07   2000007E-01 -.4371E+03 -.3814E+03   .9999466 -.0084807  .0059077
T 1878  1 .1688782E+07   2000003E-01  .3960E+03  .7389E+03   .9999646  .0030111  .0078611
T 1879  1 .1688052E+07   2000004E-01  .1334E+04  .3610E+01   .9999153  .0101488 -.0081431
T 1880  1 .1700798E+07   2000010E-01 -.8003E+03  .8857E+03   .9999934 -.0025851 -.0025469
T 1881  1 .1703719E+07   2000017E-01  .4127E+03  .5707E+03   .9999111  .0130957 -.0025030
T 1882  1 .1664232E+07   2000015E-01  .9887E+03 -.7879E+03   .9999741  .0029894 -.0065492
T 1883  1 .1654970E+07   2000006E-01 -.2151E+03 -.1072E+04   .9999103  .0025224 -.0131512
T 1884  1 .1677400E+07   2000021E-01  .3770E+03  .6835E+03   .9999950 -.0002732  .0031408
T 1885  1 .1676947E+07   2000013E-01 -.4647E+03  .1164E+04   .9999594 -.0061618  .0065737
T 1886  1 .1670013E+07   2000021E-01  .6475E+03  .1821E+04   .9998883  .0112151  .0098783
T 1887  1 .1693840E+07   2000004E-01 -.1963E+04 -.1758E+04   .9999149 -.0105051 -.0077394
T 1888  1 .1682183E+07   2000009E-01 -.1306E+02  .6955E+03   .9998888 -.0065485  .0134013
T 1889  1 .1674188E+07   2000014E-01 -.6750E+03  .8821E+03   .9999327 -.0075852  .0087756
T 1890  1 .1675318E+07   2000001E-01  .7247E+03 -.1154E+04   .9998970  .0106274 -.0096505
T 1891  1 .1668770E+07   2000004E-01  .1397E+04  .5765E+03   .9999166  .0118771  .0050775
T 1892  1 .1682009E+07   2000002E-01  .2704E+04 -.7465E+04   .9982044  .0182417 -.0570546
T 1893  1 .1689860E+07   2000005E-01 -.8095E+03  .1143E+04   .9997534 -.0047467  .0216945
T 1894  1 .1708015E+07   2000021E-01  .8430E+03 -.2529E+03   .9999520  .0075334 -.0062669
T 1895  1 .1689802E+07   2000000E-01  .2868E+03 -.3389E+04   .9996613 -.0077551 -.0248433
T 1896  1 .1687144E+07   2000009E-01 -.6143E+04 -.5331E+04   .9977525 -.0342797 -.0575745
T 1897  1 .1684933E+07   2000012E-01 -.5781E+03 -.4561E+03   .9999876 -.0049768 -.0002123
T 1898  1 .1683273E+07   2000009E-01 -.1968E+04  .1536E+04   .9996743 -.0148294  .0207678
T 1899  1 .1661666E+07   2000001E-01  .4955E+03  .1667E+04   .9999359  .0052541  .0100341
T 1900  1 .1668297E+07   2000004E-01  .8344E+03 -.1715E+03   .9999033  .0138970 -.0005298
T 1901  1 .1670586E+07   2000017E-01 -.2886E+03 -.2801E+04   .9997815 -.0012762 -.0208647
T 1902  1 .1681384E+07   2000007E-01  .1101E+02  .1033E+04   .9997913  .0107852  .0173526
T 1903  1 .1679858E+07   2000001E-01  .1247E+04  .3841E+03   .9998816  .0151331  .0027931
T 1904  1 .1669645E+07   2000003E-01  .3933E+03  .2031E+03   .9998136  .0144019  .0128551
T 1905  1 .1670497E+07   2000011E-01 -.1179E+03 -.1270E+04   .9999476  .0018961 -.0100567
T 1906  1 .1684946E+07   2000010E-01 -.6645E+03  .1594E+04   .9999035 -.0063599  .0123541
T 1907  1 .1680184E+07   2000015E-01 -.1181E+04  .7960E+03   .9999750 -.0035908  .0060846
T 1908  1 .1666421E+07   2000008E-01  .7839E+02 -.2990E+04   .9995664  .0043776 -.0291167
T 1909  1 .1684539E+07   2000011E-01  .7406E+03 -.6990E+02   .9999186 -.0088543  .0091876
T 1910  1 .1668205E+07   2000021E-01  .1154E+04  .5794E+03   .9999160  .0115540  .0058669
T 1911  1 .1712090E+07   2000015E-01  .1297E+04  .1220E+04   .9997347  .0223881  .0054093
T 1912  1 .1690119E+07   2000015E-01 -.1636E+04 -.6983E+02   .9999318 -.0115273 -.0018801
T 1913  1 .1693662E+07   2000021E-01 -.1538E+03  .9324E+03   .9997419  .0050173  .0221581
T 1914  1 .1697506E+07   2000009E-01  .2823E+03 -.2034E+03   .9999637  .0023869 -.0081749
T 1915  1 .1659904E+07   2000012E-01 -.1128E+04  .1358E+04   .9999222 -.0097164  .0078257
T 1916  1 .1702038E+07   2000003E-01 -.1111E+04  .1202E+03   .9998815 -.0143649  .0055423
T 1917  1 .1681060E+07   2000006E-01 -.3730E+03  .4107E+03   .9999551 -.0034791  .0088199
T 1918  1 .1666502E+07   2000006E-01 -.2955E+04  .3023E+04   .9989784 -.0295285  .0342083
T 1919  1 .1662816E+07   2000015E-01  .7007E+03  .3412E+03   .9999855  .0036037  .0039943
T 1920  1 .1691576E+07   2000008E-01 -.2649E+04 -.5518E+04   .9986615 -.0230048 -.0463253
T 1921  1 .1698810E+07   2000022E-01  .1463E+04  .2037E+04   .9995013  .0250296  .0192522
T 1922  1 .1677963E+07   2000002E-01 -.1239E+04 -.4558E+03   .9998240 -.0175371  .0066608
T 1923  1 .1665323E+07   2000009E-01 -.1275E+04  .1417E+04   .9990840  .0427680  .0014582
T 1924  1 .1681634E+07   2000006E-01  .1316E+04  .3215E+04   .9961639 -.0039281  .0874184
T 1925  1 .1658389E+07   2000022E-01  .9002E+03 -.9811E+03   .9999086  .0104039 -.0086351
T 1926  1 .1701486E+07   2000019E-01  .5569E+03  .6490E+02   .9999985  .0016018 -.0006538
T 1927  1 .1670828E+07   2000019E-01  .7131E+02  .2233E+03   .9999607  .0061731 -.0063709
T 1928  1 .1703034E+07   2000022E-01 -.4264E+04  .1730E+03   .9992164 -.0395299  .0019715
T 1929  1 .1685796E+07   2000000E-01  .1799E+04 -.2635E+04   .9995090  .0184616 -.0253178
T 1930  1 .1675290E+07   2000022E-01 -.9918E+03 -.2531E+04   .9997249 -.0013977 -.0234122
T 1931  1 .1675645E+07   2000019E-01 -.8231E+03  .4322E+03   .9999103 -.0130092  .0031885
T 1932  1 .1680547E+07   2000021E-01 -.1505E+02 -.2504E+02   .9999968 -.0002086 -.0025288
T 1933  1 .1671608E+07   2000005E-01 -.1350E+03 -.4154E+02   .9999198  .0072691 -.0103701
T 1934  1 .1693213E+07   2000018E-01 -.9994E+03  .5669E+03   .9999696 -.0037485 -.0068344
T 1935  1 .1683413E+07   2000020E-01 -.9526E+03 -.5019E+03   .9998921 -.0146052 -.0015724
T 1936  1 .1685133E+07   2000000E-01  .1343E+04  .2725E+03   .9999790  .0060872  .0022219
T 1937  1 .1665631E+07   2000020E-01  .9763E+03 -.3691E+03   .9999171  .0121384 -.0042856
T 1938  1 .1673423E+07   2000003E-01  .1635E+03 -.1611E+03   .9999352 -.0113866  .0001414
T 1939  1 .1718826E+07   2000010E-01  .1021E+04 -.2728E+04   .9997877  .0096950 -.0181810
T 1940  1 .1664843E+07   2000009E-01 -.7752E+03  .1492E+04   .9997830 -.0109881  .0176970
T 1941  1 .1660961E+07   2000019E-01  .1992E+03  .7005E+02   .9998788 -.0045435  .0148885
T 1942  1 .1680653E+07   2000023E-01  .1612E+03  .1667E+04   .9997943  .0074368  .0188704
T 1943  1 .1686027E+07   2000016E-01  .5382E+03 -.7472E+03   .9999703 -.0029650 -.0071190
T 1944  1 .1674209E+07   2000014E-01  .2681E+03 -.1835E+04   .9992417  .0281541 -.0268966
T 1945  1 .1683110E+07   2000021E-01 -.6370E+03  .1431E+04   .9999299 -.0013636  .0117579
T 1946  1 .1697730E+07   2000018E-01 -.2722E+03  .1556E+03   .9995318 -.0305838 -.0008995
T 1947  1 .1699135E+07   2000017E-01  .1167E+03  .5889E+03   .9999636  .0068063  .0051473
T 1948  1 .1665996E+07   2000017E-01  .9888E+03 -.1631E+03   .9999910 -.0021257 -.0036820
T 1949  1 .1682704E+07   2000004E-01  .1094E+04 -.1487E+04   .9999781 -.0017489 -.0063846
T 1950  1 .1682120E+07   2000021E-01  .7359E+03  .9901E+03   .9999544  .0080270  .0051780
T 1951  1 .1685563E+07   2000012E-01  .2655E+03  .5221E+03   .9999930  .0018738  .0032342
T 1952  1 .1681036E+07   2000019E-01 -.9246E+03  .4720E+03   .9998399 -.0176814  .0027290
T 1953  1 .1691708E+07   2000002E-01  .6781E+03 -.2720E+03   .9999757  .0045861  .0052517
T 1954  1 .1718855E+07   2000019E-01  .7598E+02  .6690E+03   .9999833  .0011720  .0056506
T 1955  1 .1679306E+07   2000006E-01 -.4378E+04  .7760E+04   .9926769 -.0580073  .1059611
T 1956  1 .1699708E+07   2000014E-01  .2403E+04 -.5164E+03   .9997622  .0198202 -.0090967
T 1957  1 .1665649E+07   2000001E-01  .2454E+04 -.5145E+03   .9997854  .0197872 -.0061356
T 1958  1 .1686577E+07   2000018E-01 -.2036E+03  .2569E+03   .9999635  .0069020  .0050265
T 1959  1 .1699603E+07   2000004E-01  .5512E+03  .1849E+03   .9998593 -.0127735 -.0108769
T 1960  1 .1681646E+07   2000009E-01 -.6930E+03 -.3893E+04   .9978386 -.0442133 -.0486131
T 1961  1 .1680117E+07   2000015E-01  .1632E+04 -.4961E+03   .9998922  .0127476 -.0072797
T 1962  1 .1677899E+07   2000018E-01  .7900E+02 -.1147E+04   .9999330 -.0014653 -.0114802
T 1963  1 .1689255E+07   2000004E-01  .6038E+03 -.1492E+03   .9999960  .0028146  .0002482
T 1964  1 .1679127E+07   2000005E-01 -.2029E+04  .3525E+03   .9997426 -.0218757  .0060189
T 1965  1 .1688465E+07   2000021E-01  .1277E+04 -.3985E+03   .9998322  .0181559 -.0024333
T 1966  1 .1671960E+07   2000014E-01 -.3278E+03 -.1231E+04   .9998214 -.0022028 -.0187680
T 1967  1 .1693698E+07   2000003E-01 -.1341E+04 -.1830E+04   .9998940 -.0076531 -.0123870
T 1968  1 .1670678E+07   2000020E-01  .2387E+04  .7757E+03   .9997890  .0192190  .0072512
T 1969  1 .1673415E+07   2000016E-01  .6449E+03  .9206E+03   .9999266 -.0026486  .0118206
T 1970  1 .1683664E+07   2000019E-01 -.1499E+04 -.1515E+04   .9996430 -.0167950 -.0207805
T 1971  1 .1669784E+07   2000012E-01  .3640E+04 -.7027E+03   .9998758  .0143922 -.0064260
T 1972  1 .1682018E+07   2000021E-01 -.1146E+04 -.8924E+03   .9998608 -.0035561 -.0162989
T 1973  1 .1693418E+07   2000019E-01  .1696E+04 -.1015E+04   .9999461  .0099100 -.0031012
T 1974  1 .1661160E+07   2000002E-01  .2770E+03 -.6756E+03   .9999924  .0038794  .0003931
T 1975  1 .1671851E+07   2000002E-01  .1323E+04 -.1629E+04   .9999316 -.0001488 -.0116925
T 1976  1 .1683633E+07   2000003E-01  .1392E+04 -.9552E+03   .9997075  .0199450  .0136782
T 1977  1 .1676103E+07   2000021E-01 -.1818E+03 -.9166E+03   .9999829  .0050460 -.0029511
T 1978  1 .1677019E+07   2000000E-01 -.1649E+04 -.6642E+04   .9991983 -.0234517 -.0324471
T 1979  1 .1692328E+07   2000019E-01 -.1390E+04 -.2063E+02   .9996548 -.0235972 -.0115516
T 1980  1 .1684593E+07   2000021E-01  .4216E+04 -.3317E+03   .9989616  .0423254 -.0168603
T 1981  1 .1684790E+07   2000022E-01  .6090E+02  .8355E+03   .9999264 -.0013586  .0120594
T 1982  1 .1666290E+07   2000022E-01 -.2280E+04  .4695E+04   .9990996 -.0184761  .0381931
T 1983  1 .1670177E+07   2000018E-01  .5542E+03  .4882E+03   .9999353  .0028816  .0110070
T 1984  1 .1710474E+07   2000017E-01 -.1342E+03 -.3345E+03   .9999833 -.0027152 -.0050923
T 1985  1 .1679956E+07   2000017E-01 -.7727E+03 -.1491E+04   .9996977 -.0148865 -.0195664
T 1986  1 .1656689E+07   2000014E-01  .5973E+03 -.3366E+03   .9999679 -.0025819  .0075793
T 1987  1 .1658384E+07   2000021E-01 -.2908E+03  .1220E+03   .9999638  .0060267  .0060142
T 1988  1 .1667856E+07   2000020E-01 -.1767E+04  .1359E+04   .9997485 -.0190076  .0119012
T 1989  1 .1667375E+07   2000009E-01 -.2724E+04 -.2222E+03   .9999389 -.0108560 -.0020682
T 1990  1 .1695095E+07   2000011E-01 -.3536E+03 -.1024E+04   .9998672 -.0078469 -.0142865
T 1991  1 .1677819E+07   2000000E-01  .6031E+03  .1991E+02   .9999823  .0025274  .0053786
T 1992  1 .1675711E+07   2000005E-01  .3522E+03 -.1487E+04   .9999466  .0004072 -.0103267
T 1993  1 .1700756E+07   2000002E-01 -.1527E+02 -.1202E+03   .9999854  .0032572  .0043055
T 1994  1 .1668751E+07   2000004E-01 -.1980E+04  .3002E+04   .9994130 -.0243098  .0241408
T 1995  1 .1680845E+07   2000008E-01  .2201E+04  .3296E+04   .9997260  .0168967  .0162018
T 1996  1 .1665909E+07   2000021E-01  .9001E+03 -.8187E+03   .9999879  .0031918 -.0037437
T 1997  1 .1706806E+07   2000002E-01  .1013E+05 -.1811E+05   .9886165  .0744045 -.1307725
T 1998  1 .1676655E+07   2000018E-01  .5067E+03 -.1977E+04   .9966256  .0594250 -.0566221
T 1999  1 .1694364E+07   2000010E-01 -.6580E+03 -.2021E+04   .9997256  .0025460 -.0232842
T 2000  1 .1671156E+07   2000022E-01  .5138E+03 -.8541E+03   .9999343  .0046784 -.0104627
T 2001  1 .1681921E+07   2000013E-01  .6922E+02  .9485E+02   .9999910  .0026671 -.0032888
T 2002  1 .1659878E+07   2000008E-01 -.7303E+03 -.6726E+03   .9998686 -.0122196 -.0106516
T 2003  1 .1675697E+07   2000001E-01  .4656E+03 -.6759E+03   .9997759  .0151208 -.0148126
T 2004  1 .1674254E+07   2000001E-01 -.1810E+03  .1117E+03   .9999778  .0020051 -.0063479
T 2005  1 .1673266E+07   2000015E-01 -.2992E+03  .1379E+04   .9999744 -.0008356  .0071028
T 2006  1 .1674422E+07   2000020E-01 -.5448E+03 -.2297E+03   .9999615  .0010937 -.0087051
T 2007  1 .1651502E+07   2000007E-01  .2299E+04 -.6428E+03   .9997079  .0234121 -.0060022
T 2008  1 .1666676E+07   2000012E-01 -.3068E+02 -.3776E+03   .9999957 -.0028867  .0005564
T 2009  1 .1682002E+07   2000001E-01 -.1589E+03  .1979E+03   .9999656 -.0064644  .0051880
T 2010  1 .1664460E+07   2000018E-01 -.2167E+03 -.6615E+02   .9999750  .0070388  .0007143
T 2011  1 .1663913E+07   2000021E-01  .9152E+03  .5786E+03   .9998615  .0165537  .0017335
T 2012  1 .1679273E+07   2000007E-01  .4171E+04 -.2033E+03   .9985682  .0526830 -.0092765
T 2013  1 .1678517E+07   2000001E-01 -.6049E+03 -.1640E+04   .9999805 -.0043611 -.0044783
T 2014  1 .1691530E+07   2000014E-01  .1330E+04 -.4462E+03   .9999578  .0081261 -.0042952
T 2015  1 .1680727E+07   2000009E-01  .3470E+04 -.3592E+04   .9986381  .0377149 -.0360496
T 2016  1 .1696035E+07   2000019E-01  .1503E+03 -.3695E+03   .9999327  .0056770 -.0101179
T 2017  1 .1678468E+07   2000004E-01  .1194E+04 -.1208E+04   .9999154  .0095097 -.0088797
T 2018  1 .1690010E+07   2000003E-01 -.1399E+04  .7837E+02   .9999836 -.0052677  .0022505
T 2019  1 .1670833E+07   2000017E-01 -.5192E+03 -.9996E+02   .9997000 -.0237001 -.0061899
T 2020  1 .1689564E+07   2000010E-01  .4927E+03  .1295E+04   .9998860 -.0150794 -.0007557
T 2021  1 .1676201E+07   2000013E-01  .8133E+01 -.2059E+03   .9999974  .0018277 -.0013854
T 2022  1 .1696142E+07   2000017E-01 -.9096E+03 -.1587E+04   .9996723 -.0154836 -.0203850
T 2023  1 .1688210E+07   2000006E-01 -.2882E+03 -.1156E+04   .9999194 -.0008869 -.0126650
T 2024  1 .1657974E+07   2000014E-01  .3404E+03  .8975E+03   .9999150  .0017463  .0129178
T 2025  1 .1669683E+07   2000002E-01  .4550E+03 -.1709E+04   .9999728  .0001110 -.0073748
T 2026  1 .1692963E+07   2000007E-01 -.1476E+03  .7566E+03   .9999770 -.0037440  .0056556
T 2027  1 .1660079E+07   2000001E-01 -.8198E+03 -.5844E+03   .9977573 -.0390559 -.0543599
T 2028  1 .1662418E+07   2000011E-01  .5560E+03 -.1406E+02   .9999863  .0016214 -.0049808
T 2029  1 .1673295E+07   2000005E-01  .5766E+04  .4366E+03   .9996195  .0275143 -.0019408
T 2030  1 .1674580E+07   2000015E-01 -.4538E+03  .1142E+04   .9999332  .0026274  .0112520
T 2031  1 .1665762E+07   2000022E-01  .7495E+03  .2863E+03   .9999021 -.0084816  .0111326
T 2032  1 .1679768E+07   2000022E-01 -.5561E+02  .6865E+03   .9999992 -.0012505  .0002057
T 2033  1 .1698240E+07   2000006E-01  .1197E+04  .1514E+04   .9996016  .0248415  .0133967
T 2034  1 .1689105E+07   2000020E-01  .6264E+02 -.1197E+04   .9999723  .0024601 -.0070259
T 2035  1 .1684368E+07   2000018E-01  .5193E+03  .2628E+04   .9995378  .0054349  .0299113
T 2036  1 .1682638E+07   2000011E-01 -.2064E+03 -.2361E+04   .9996647 -.0116735 -.0231152
T 2037  1 .1692684E+07   2000008E-01  .6381E+03  .6223E+03   .9999480  .0076170  .0067841
T 2038  1 .1675207E+07   2000021E-01  .1026E+04  .1686E+04   .9998262  .0035325  .0183058
T 2039  1 .1657079E+07   2000017E-01  .1709E+02 -.3974E+03   .9999146 -.0115595 -.0060960
T 2040  1 .1671186E+07   2000016E-01  .1182E+04 -.7985E+03   .9999923 -.0032603  .0021665
T 2041  1 .1665645E+07   2000003E-01 -.1821E+03  .5018E+03   .9999858  .0014653  .0051325
T 2042  1 .1700503E+07   2000019E-01 -.3841E+03 -.3187E+03   .9999225 -.0119171  .0036126
T 2043  1 .1684031E+07   2000015E-01 -.2181E+02  .1322E+04   .9999149  .0059844  .0115932
T 2044  1 .1672183E+07   2000004E-01 -.2115E+04  .2513E+04   .9995654 -.0268267  .0122222
T 2045  1 .1664586E+07   2000011E-01  .3521E+02  .7675E+03   .9999469  .0083733  .0060006
T 2046  1 .1685549E+07   2000019E-01 -.4012E+03 -.1576E+04   .9999283 -.0114442 -.0035251
T 2047  1 .1670272E+07   2000012E-01  .7726E+03 -.7784E+03   .9997972  .0179552 -.0091192
T 2048  1 .1688034E+07   2000009E-01  .7722E+03  .4042E+03   .9998583  .0159464  .0053889
T 2049  1 .1684834E+07   2000017E-01 -.1083E+04 -.4202E+03   .9999686 -.0015450 -.0077764
T 2050  1 .1678508E+07   2000000E-01 -.6919E+03  .5549E+03   .9999563 -.0038453  .0085226
T 2051  1 .1678378E+07   2000018E-01 -.1062E+04  .1623E+03   .9997573 -.0210432  .0065222
T 2052  1 .1670386E+07   2000021E-01 -.8938E+03  .1060E+04   .9999326 -.0049352  .0105065
T 2053  1 .1687332E+07   2000001E-01 -.6642E+03  .1431E+04   .9999453 -.0014623  .0103560
T 2054  1 .1670867E+07   2000005E-01  .1472E+04 -.1062E+04   .9998856  .0093383 -.0119013
T 2055  1 .1687303E+07   2000021E-01  .7602E+02 -.5344E+03   .9999914 -.0028196 -.0030437
T 2056  1 .1705152E+07   2000010E-01 -.4308E+03 -.5435E+03   .9999830 -.0055450 -.0017830
T 2057  1 .1693812E+07   2000019E-01 -.1402E+04  .9711E+03   .9998597 -.0162446  .0040932
T 2058  1 .1681117E+07   2000021E-01  .1609E+03 -.3006E+04   .9997167  .0067148 -.0228363
T 2059  1 .1681713E+07   2000019E-01 -.1094E+04 -.2129E+04   .9995453 -.0270010 -.0134202
T 2060  1 .1696004E+07   2000019E-01  .4924E+03  .2610E+04   .9999792  .0048054  .0043018
T 2061  1 .1696881E+07   2000013E-01  .2093E+03 -.1797E+03   .9999476 -.0072967  .0071803
T 2062  1 .1686965E+07   2000003E-01 -.1359E+03 -.8369E+03   .9998229  .0007974 -.0188015
T 2063  1 .1686772E+07   2000022E-01  .6923E+03  .9856E+03   .9998171  .0190782  .0013329
T 2064  1 .1683032E+07   2000019E-01 -.5878E+03 -.4992E+02   .9998941 -.0144871  .0013677
T 2065  1 .1685340E+07   2000018E-01  .9520E+03 -.1374E+04   .9997550  .0051237 -.0215346
T 2066  1 .1703904E+07   2000008E-01 -.9818E+04 -.2122E+04   .9979625 -.0623941 -.0133321
T 2067  1 .1681613E+07   2000010E-01  .1576E+04 -.8893E+03   .9999294  .0116360  .0024282
T 2068  1 .1666875E+07   2000004E-01 -.9589E+03 -.7154E+03   .9998933 -.0136875 -.0050952
T 2069  1 .1672531E+07   2000017E-01  .7896E+02 -.7345E+03   .9999803 -.0035638 -.0051664
T 2070  1 .1677491E+07   2000007E-01 -.6337E+03 -.7928E+02   .9999044 -.0115600 -.0075820
T 2071  1 .1694017E+07   2000019E-01  .4239E+03  .1075E+04   .9999171  .0096404  .0085396
T 2072  1 .1666627E+07   2000021E-01  .1867E+04 -.7221E+03   .9998474  .0166680 -.0052367
T 2073  1 .1667026E+07   2000020E-01 -.9609E+03 -.3492E+02   .9999774 -.0047221 -.0047849
T 2074  1 .1670759E+07   2000006E-01 -.6003E+03  .4303E+02   .9999895 -.0045762 -.0002423
T 2075  1 .1646526E+07   2000008E-01  .8207E+03  .5882E+03   .9998700  .0144588  .0071401
T 2076  1 .1684608E+07   2000007E-01 -.6690E+03  .1515E+04   .9998832 -.0048279  .0145009
T 2077  1 .1682937E+07   2000018E-01 -.1807E+03 -.2445E+03   .9998223  .0123463 -.0142425
T 2078  1 .1657292E+07   2000001E-01  .2489E+03 -.6896E+03   .9999952  .0017156 -.0025872
T 2079  1 .1682989E+07   2000017E-01  .2051E+02 -.7657E+03   .9999115  .0102375 -.0084909
T 2080  1 .1649917E+07   2000015E-01 -.8270E+03  .1284E+04   .9999150 -.0090734  .0093629
T 2081  1 .1671175E+07   2000022E-01 -.2745E+03 -.4862E+03   .9999839 -.0021212  .0052681
T 2082  1 .1667330E+07   2000010E-01  .2637E+03 -.4558E+03   .9999768 -.0022530 -.0064231
T 2083  1 .1681135E+07   2000005E-01  .1933E+04 -.8717E+03   .9999406  .0101337 -.0040193
T 2084  1 .1673545E+07   2000009E-01  .1175E+04  .9796E+03   .9998908  .0055246  .0137053
T 2085  1 .1682490E+07   2000023E-01 -.2046E+04 -.1524E+04   .9996057 -.0253115 -.0121560
T 2086  1 .1698037E+07   2000016E-01  .1470E+03  .2181E+03   .9999773  .0054992  .0038805
T 2087  1 .1656340E+07   2000020E-01  .6466E+03 -.6408E+03   .9999920  .0007272 -.0039407
T 2088  1 .1684657E+07   2000012E-01  .1810E+02 -.2067E+03   .9999998 -.0000521  .0007039
T 2089  1 .1689014E+07   2000010E-01  .4168E+03 -.4438E+03   .9999878  .0046650  .0015986
T 2090  1 .1661513E+07   2000002E-01 -.3053E+03  .1070E+04   .9999682 -.0021917  .0076673
T 2091  1 .1662235E+07   2000008E-01  .6180E+03 -.3507E+03   .9999786 -.0005053  .0065230
T 2092  1 .1657630E+07   2000006E-01 -.2930E+03 -.1260E+04   .9999533 -.0066142 -.0070492
T 2093  1 .1672616E+07   2000003E-01  .3150E+03  .9944E+03   .9999640  .0013727  .0083771
T 2094  1 .1678099E+07   2000011E-01  .2103E+03  .5242E+03   .9998918  .0098260  .0109436
T 2095  1 .1702078E+07   2000015E-01 -.4779E+01  .2341E+02   .9999797 -.0053358  .0034780
T 2096  1 .1668719E+07   2000020E-01 -.4750E+04  .1350E+04   .9990121 -.0438909  .0069628
T 2097  1 .1662145E+07   2000014E-01 -.4369E+03  .3479E+03   .9999660 -.0080839 -.0016061
T 2098  1 .1680655E+07   2000003E-01 -.2848E+03  .7194E+03   .9999019  .0022024  .0138294
T 2099  1 .1681508E+07   2000013E-01  .1453E+04 -.1192E+04   .9994156  .0308140 -.0147970
T 2100  1 .1676007E+07   2000011E-01  .1749E+04 -.3927E+02   .9999220  .0123906  .0015766
T 2101  1 .1655664E+07   2000011E-01 -.2107E+04  .2831E+02   .9997828 -.0206357  .0029232
T 2102  1 .1692429E+07   2000001E-01 -.2677E+03  .8924E+03   .9999191 -.0049423  .0117184
T 2103  1 .1656699E+07   2000005E-01 -.8312E+03  .1347E+04   .9999319 -.0017814  .0115366
T 2104  1 .1676122E+07   2000020E-01  .9657E+03 -.7488E+01   .9999728  .0065267  .0034477
T 2105  1 .1665975E+07   2000015E-01  .7192E+03 -.8489E+03   .9998206  .0185627 -.0037732
T 2106  1 .1683238E+07   2000005E-01  .2126E+03  .4678E+03   .9999781  .0061785 -.0023782
T 2107  1 .1670972E+07   2000020E-01 -.5724E+03 -.2029E+03   .9999472 -.0090026  .0049639
T 2108  1 .1671380E+07   2000014E-01 -.2994E+04 -.6307E+03   .9997064 -.0240228 -.0031494
T 2109  1 .1666755E+07   2000021E-01 -.1570E+04 -.9176E+01   .9999720 -.0064426  .0037951
T 2110  1 .1679146E+07   2000006E-01  .3276E+03 -.1702E+03   .9999744  .0050993 -.0050110
T 2111  1 .1666295E+07   2000012E-01 -.1028E+04 -.4527E+03   .9998388 -.0178052  .0023310
T 2112  1 .1669814E+07   2000007E-01 -.2206E+03 -.2761E+03   .9998867  .0012814 -.0149965
T 2113  1 .1678741E+07   2000021E-01  .2083E+04 -.1297E+04   .9997411  .0065519 -.0217920
T 2114  1 .1683928E+07   2000019E-01 -.1261E+04  .4495E+04   .9987781 -.0031680  .0493174
T 2115  1 .1687617E+07   2000008E-01  .4821E+03  .7932E+03   .9999818 -.0044719  .0040598
T 2116  1 .1693974E+07   2000020E-01  .5537E+03  .5423E+03   .9999344 -.0048834  .0103588
T 2117  1 .1681303E+07   2000022E-01  .3535E+03 -.4904E+03   .9999780  .0021723 -.0062669
T 2118  1 .1707095E+07   2000020E-01  .7675E+02 -.2618E+03   .9999336  .0049406 -.0104075
T 2119  1 .1688153E+07   2000013E-01  .9516E+03  .2473E+03   .9999519 -.0017897  .0096394
T 2120  1 .1690385E+07   2000014E-01  .1222E+04  .1460E+03   .9998487  .0155362  .0078213
T 2121  1 .1693987E+07   2000005E-01  .1028E+04  .3009E+04   .9994302  .0060864  .0331995
T 2122  1 .1655628E+07   2000010E-01  .3952E+03  .5720E+03   .9999898 -.0039037  .0022686
T 2123  1 .1692448E+07   2000017E-01  .1177E+04 -.3564E+03   .9999079  .0095766  .0096144
T 2124  1 .1677811E+07   2000020E-01  .1299E+04  .1084E+04   .9998687  .0088987  .0135396
T 2125  1 .1680353E+07   2000009E-01  .1361E+03  .3932E+03   .9998074  .0171304  .0095797
T 2126  1 .1689260E+07   2000016E-01 -.1282E+05 -.2261E+04   .9976321 -.0671301 -.0149563
T 2127  1 .1679323E+07   2000019E-01 -.1070E+04 -.2595E+04   .9999643  .0016615 -.0082848
T 2128  1 .1696322E+07   2000021E-01 -.3956E+04 -.1095E+04   .9996231 -.0237879 -.0137050
T 2129  1 .1659998E+07   2000014E-01 -.1018E+04 -.1263E+04   .9999920 -.0003030  .0039762
T 2130  1 .1681913E+07   2000001E-01 -.1737E+03  .2427E+03   .9999465  .0002528  .0103393
T 2131  1 .1697400E+07   2000004E-01  .2918E+03 -.6445E+03   .9999925  .0029583 -.0025114
T 2132  1 .1699050E+07   2000006E-01  .6935E+03 -.6414E+03   .9999419  .0060768  .0088985
T 2133  1 .1665039E+07   2000022E-01  .1083E+04  .1238E+03   .9999740  .0062860 -.0035270
T 2134  1 .1684899E+07   2000007E-01  .1048E+04 -.1758E+04   .9999282 -.0005796 -.0119725
T 2135  1 .1671270E+07   2000009E-01 -.4824E+03  .7976E+03   .9999389 -.0073239  .0082765
T 2136  1 .1655415E+07   2000003E-01  .5385E+03 -.2201E+03   .9993584  .0300821  .0194391
T 2137  1 .1660632E+07   2000022E-01 -.4812E+03 -.4613E+03   .9999741 -.0071503 -.0008603
T 2138  1 .1692171E+07   2000005E-01 -.1195E+04  .1419E+04   .9996293 -.0100451  .0253060
T 2139  1 .1673588E+07   2000019E-01  .3968E+03 -.2695E+03   .9999940  .0028145  .0019955
T 2140  1 .1678913E+07   2000005E-01 -.2930E+04  .3192E+04   .9994221 -.0218493  .0260391
T 2141  1 .1678784E+07   2000007E-01  .9401E+04 -.1016E+04   .9976233  .0684916 -.0075235
T 2142  1 .1676023E+07   2000020E-01  .3407E+04 -.3099E+04   .9993843  .0255200 -.0240794
T 2143  1 .1688565E+07   2000017E-01 -.1011E+04 -.3238E+02   .9999243 -.0103812  .0066074
T 2144  1 .1673877E+07   2000013E-01  .1341E+03  .1642E+04   .9999522 -.0030773  .0092817
T 2145  1 .1680648E+07   2000001E-01  .8451E+02  .6430E+03   .9999847 -.0021563 -.0051036
T 2146  1 .1697105E+07   2000012E-01 -.1173E+04  .1425E+04   .9998281 -.0089838  .0162204
T 2147  1 .1685401E+07   2000015E-01 -.9909E+03 -.1228E+04   .9997346 -.0201457 -.0111724
T 2148  1 .1677631E+07   2000021E-01  .2220E+04  .1816E+04   .9998575  .0034601  .0165233
T 2149  1 .1701618E+07   2000020E-01  .1238E+04 -.8862E+03   .9996833  .0203149 -.0148533
T 2150  1 .1679083E+07   2000016E-01  .2137E+04 -.1951E+04   .9998296  .0183755 -.0017638
T 2151  1 .1659964E+07   2000022E-01  .1635E+04  .7531E+03   .9998314  .0170626 -.0067903
T 2152  1 .1650848E+07   2000006E-01  .1206E+04  .1649E+04   .9999595  .0071548  .0054654
T 2153  1 .1645818E+07   2000015E-01  .1199E+04 -.3314E+03   .9998843  .0146745  .0040097
T 2154  1 .1667879E+07   2000020E-01  .6669E+03 -.1248E+03   .9999829  .0040793  .0041897
T 2155  1 .1694012E+07   2000010E-01 -.4279E+04  .4881E+03   .9996218 -.0267057  .0065684
T 2156  1 .1675261E+07   2000011E-01  .3869E+03 -.3270E+02   .9999930 -.0035718 -.0011349
T 2157  1 .1640031E+07   2000002E-01  .6729E+03  .1095E+04   .9999147  .0030485  .0127019
T 2158  1 .1670672E+07   2000012E-01  .1295E+04 -.3562E+04   .9995597  .0115918 -.0273154
T 2159  1 .1659238E+07   2000009E-01  .7293E+03  .2522E+03   .9999397  .0108408  .0017382
T 2160  1 .1673664E+07   2000008E-01 -.2643E+03 -.2303E+04   .9995412  .0060421 -.0296813
T 2161  1 .1672905E+07   2000008E-01  .3467E+03  .1142E+04   .9999268 -.0067026  .0100775
T 2162  1 .1687111E+07   2000014E-01 -.6684E+03 -.5050E+03   .9999605 -.0070385 -.0054223
T 2163  1 .1701500E+07   2000020E-01  .1756E+04  .1516E+04   .9996221  .0238550  .0136610
T 2164  1 .1685884E+07   2000016E-01 -.2200E+04  .1770E+03   .9999017 -.0126516  .0060452
T 2165  1 .1685934E+07   2000010E-01  .1475E+04 -.1324E+04   .9996835  .0129688 -.0215578
T 2166  1 .1698969E+07   2000006E-01 -.7354E+03 -.1252E+04   .9995456 -.0168172 -.0250158
T 2167  1 .1699578E+07   2000013E-01  .2679E+04  .3402E+03   .9997374  .0223332  .0051283
T 2168  1 .1677624E+07   2000000E-01 -.4595E+03 -.6625E+03   .9999936  .0028497 -.0021542
T 2169  1 .1664955E+07   2000010E-01  .9231E+03  .1013E+04   .9999127  .0091417  .0095413
T 2170  1 .1671688E+07   2000012E-01 -.1612E+04 -.1736E+04   .9998515 -.0106242 -.0135667
T 2171  1 .1700293E+07   2000021E-01 -.9661E+03 -.1160E+04   .9999657 -.0025219 -.0078839
T 2172  1 .1650732E+07   2000011E-01 -.5767E+03  .1846E+04   .9996637  .0020563  .0258510
T 2173  1 .1659442E+07   2000023E-01  .1047E+04 -.1912E+04   .9998115  .0106744 -.0162172
T 2174  1 .1685792E+07   2000016E-01  .1516E+02 -.1550E+03   .9999995  .0004788 -.0009054
T 2175  1 .1668372E+07   2000020E-01  .5005E+03  .3640E+02   .9999963  .0022584 -.0015020
T 2176  1 .1653391E+07   2000006E-01 -.1035E+04 -.1644E+04   .9997457 -.0106872 -.0198593
T 2177  1 .1682661E+07   2000023E-01 -.5887E+03 -.4155E+02   .9999726 -.0057131 -.0047015
T 2178  1 .1654761E+07   2000004E-01  .1679E+03  .5887E+03   .9999475  .0035965  .0095994
T 2179  1 .1682695E+07   2000019E-01  .3137E+03  .4832E+03   .9999888  .0013479  .0045271
T 2180  1 .1671562E+07   2000001E-01 -.3481E+03 -.2701E+03   .9999224  .0059715  .0109360
T 2181  1 .1684930E+07   2000017E-01 -.1759E+03 -.7169E+03   .9999950 -.0015101  .0027864
T 2182  1 .1667957E+07   2000008E-01  .1620E+03 -.1843E+04   .9998675  .0054506 -.0153387
T 2183  1 .1679927E+07   2000007E-01 -.1760E+04 -.6628E+03   .9998538 -.0165609 -.0042551
T 2184  1 .1693601E+07   2000016E-01 -.1416E+04 -.2011E+04   .9996509 -.0169330 -.0202811
T 2185  1 .1675532E+07   2000017E-01 -.3476E+03  .9492E+03   .9999089 -.0002350  .0134984
T 2186  1 .1671504E+07   2000012E-01  .1497E+04  .1331E+04   .9994041  .0092375  .0332574
T 2187  1 .1700544E+07   2000004E-01  .1446E+04 -.1681E+04   .9998691  .0067179 -.0147171
T 2188  1 .1678029E+07   2000009E-01  .2287E+02 -.7256E+03   .9999574  .0091098  .0014880
T 2189  1 .1679166E+07   2000005E-01 -.7703E+03  .1070E+04   .9999474 -.0075351  .0069517
T 2190  1 .1664845E+07   2000014E-01  .2272E+04  .2374E+04   .9988592  .0466792 -.0100681
T 2191  1 .1672836E+07   2000011E-01  .8526E+02 -.9459E+03   .9998923 -.0137710 -.0050800
T 2192  1 .1670028E+07   2000022E-01 -.1107E+04 -.9995E+03   .9998753 -.0113845 -.0109441
T 2193  1 .1665900E+07   2000015E-01  .4924E+03 -.1866E+04   .9999756 -.0023054 -.0065883
T 2194  1 .1665533E+07   2000019E-01 -.3000E+03 -.1203E+04   .9998050 -.0055755 -.0189439
T 2195  1 .1679449E+07   2000021E-01  .1259E+04 -.7441E+03   .9999874  .0007280 -.0049592
T 2196  1 .1678888E+07   2000013E-01  .3062E+04  .2778E+04   .9994619  .0266846  .0190745
T 2197  1 .1665158E+07   2000006E-01 -.8330E+03 -.5016E+03   .9998431 -.0161912 -.0071842
T 2198  1 .1688703E+07   2000016E-01  .3097E+03 -.4849E+03   .9997982 -.0005459 -.0200825
T 2199  1 .1671607E+07   2000009E-01  .3364E+04 -.6038E+04   .9981447  .0234172 -.0562031
T 2200  1 .1674048E+07   2000014E-01 -.4933E+04 -.6980E+03   .9999093 -.0113207 -.0073025
T 2201  1 .1679550E+07   2000021E-01  .1475E+04  .8709E+03   .9998549  .0060827  .0159107
T 2202  1 .1660865E+07   2000001E-01  .8058E+03 -.3820E+03   .9999623 -.0030926 -.0081087
T 2203  1 .1687376E+07   2000020E-01  .8582E+03  .1882E+04   .9995319  .0035933  .0303832
T 2204  1 .1711336E+07   2000012E-01  .2209E+03 -.1074E+04   .9996996 -.0030592 -.0243191
T 2205  1 .1679827E+07   2000023E-01  .1307E+04 -.1338E+03   .9999536  .0052022 -.0081033
T 2206  1 .1683602E+07   2000014E-01 -.1070E+04  .1748E+03   .9999655 -.0009893  .0082432
T 2207  1 .1672450E+07   2000012E-01  .5578E+03 -.3746E+02   .9999631  .0063552 -.0057877
T 2208  1 .1678873E+07   2000019E-01 -.1055E+04 -.1942E+03   .9998015 -.0180593  .0084116
T 2209  1 .1682687E+07   2000019E-01 -.1906E+04  .2945E+03   .9998627 -.0116894  .0117410
T 2210  1 .1677364E+07   2000012E-01  .1023E+03  .9039E+03   .9999679  .0001693  .0080068
T 2211  1 .1687239E+07   2000017E-01  .2025E+04 -.2106E+04   .9994893  .0196444 -.0252037
T 2212  1 .1652493E+07   2000007E-01 -.2591E+03  .2449E+04   .9996780 -.0076943  .0241794
T 2213  1 .1644423E+07   2000022E-01 -.1194E+04  .2277E+03   .9996747 -.0254538 -.0016280
T 2214  1 .1689492E+07   2000020E-01  .1496E+04 -.1921E+04   .9996369  .0098606 -.0250783
T 2215  1 .1681548E+07   2000022E-01 -.1310E+04  .8300E+03   .9998348 -.0161926  .0082572
T 2216  1 .1655298E+07   2000013E-01 -.4359E+03 -.1076E+03   .9999714 -.0059595 -.0046482
T 2217  1 .1692218E+07   2000014E-01 -.4749E+03 -.6563E+03   .9999669 -.0050339 -.0063862
T 2218  1 .1672237E+07   2000011E-01  .1023E+04  .8881E+03   .9999465  .0053492  .0088493
T 2219  1 .1664693E+07   2000001E-01 -.6120E+02  .1601E+03   .9999894 -.0005078  .0045866
T 2220  1 .1664204E+07   2000020E-01 -.1991E+03  .9649E+03   .9999773  .0015573 -.0065564
T 2221  1 .1676444E+07   2000006E-01  .1458E+03  .1912E+03   .9999953  .0018153  .0024678
T 2222  1 .1701556E+07   2000023E-01 -.4420E+03  .8557E+03   .9999659  .0023684  .0079175
T 2223  1 .1705266E+07   2000015E-01 -.5837E+03  .4118E+03   .9999937 -.0034647  .0007432
T 2224  1 .1697926E+07   2000020E-01 -.2253E+04  .4509E+03   .9998566 -.0167594  .0024474
T 2225  1 .1661808E+07   2000016E-01 -.2113E+04  .6788E+03   .9998262 -.0155790  .0102383
T 2226  1 .1676430E+07   2000014E-01  .3062E+04  .1676E+03   .9995199  .0309827  .0003688
T 2227  1 .1682025E+07   2000014E-01  .1941E+03  .6679E+03   .9999798  .0060862  .0018300
T 2228  1 .1691931E+07   2000011E-01  .1003E+04  .3921E+03   .9998948  .0096313  .0108449
T 2229  1 .1675759E+07   2000006E-01 -.1900E+03  .5990E+03   .9999428 -.0092024  .0054468
T 2230  1 .1694025E+07   2000010E-01  .9627E+03 -.2250E+04   .9996857  .0094770 -.0232099
T 2231  1 .1674359E+07   2000019E-01  .4300E+03 -.2055E+04   .9999531 -.0011972 -.0096149
T 2232  1 .1664726E+07   2000002E-01 -.1864E+04  .1732E+04   .9997398 -.0197655  .0113852
T 2233  1 .1678024E+07   2000016E-01  .4883E+02 -.4390E+03   .9999571  .0069765 -.0060913
T 2234  1 .1657306E+07   2000000E-01 -.1462E+03  .6189E+03   .9998144  .0047797  .0186627
T 2235  1 .1662629E+07   2000012E-01  .1313E+04  .2625E+03   .9999428  .0068612 -.0082057
T 2236  1 .1680667E+07   2000013E-01 -.1079E+03  .4226E+03   .9999506 -.0097710 -.0018299
T 2237  1 .1680833E+07   2000013E-01  .2385E+03  .2478E+04   .9994225 -.0236644  .0243853
T 2238  1 .1689382E+07   2000019E-01  .2922E+03  .9885E+03   .9999449  .0036861  .0098280
T 2239  1 .1676455E+07   2000001E-01  .5840E+03  .7713E+03   .9998854  .0040933  .0145765
T 2240  1 .1686691E+07   2000020E-01 -.2203E+04 -.2479E+04   .9997226 -.0102996 -.0211798
T 2241  1 .1684290E+07   2000018E-01  .4851E+03 -.1220E+04   .9998678  .0003268 -.0162572
T 2242  1 .1667552E+07   2000004E-01  .1566E+04 -.1078E+04   .9999827  .0048695 -.0032871
T 2243  1 .1684579E+07   2000020E-01  .2621E+03  .5350E+03   .9999816 -.0017240  .0058236
T 2244  1 .1668714E+07   2000016E-01  .1405E+05 -.6368E+03   .9969276  .0774347 -.0118028
T 2245  1 .1679397E+07   2000013E-01 -.7844E+03  .9001E+03   .9998759 -.0141667  .0068865
T 2246  1 .1660041E+07   2000007E-01 -.1308E+04  .3676E+03   .9999447 -.0059749  .0086598
T 2247  1 .1701004E+07   2000014E-01 -.5045E+03 -.5990E+03   .9999925 -.0031150 -.0023056
T 2248  1 .1692130E+07   2000003E-01 -.8688E+03 -.5104E+03   .9999634 -.0063218 -.0057660
T 2249  1 .1686951E+07   2000018E-01  .7551E+03 -.1672E+03   .9999160  .0029223 -.0126275
T 2250  1 .1676002E+07   2000014E-01 -.4505E+03  .2872E+03   .9997838 -.0092865  .0186061
T 2251  1 .1677802E+07   2000017E-01 -.1263E+04  .1121E+03   .9999551 -.0087196  .0037079
T 2252  1 .1661199E+07   2000014E-01 -.5913E+03  .1147E+04   .9996658  .0002658  .0258504
T 2253  1 .1672663E+07   2000012E-01  .2513E+03 -.1095E+04   .9999927 -.0037942  .0004823
T 2254  1 .1679281E+07   2000021E-01 -.4534E+03  .4352E+02   .9999940 -.0001313 -.0034496
T 2255  1 .1669169E+07   2000021E-01 -.1183E+04  .7538E+03   .9997692 -.0128181  .0172382
T 2256  1 .1680310E+07   2000023E-01  .8766E+03 -.1420E+03   .9998400  .0114717  .0137271
T 2257  1 .1684242E+07   2000014E-01  .1827E+03 -.3635E+03   .9999815 -.0025984 -.0055017
T 2258  1 .1669926E+07   2000007E-01  .3845E+03  .4149E+03   .9999779  .0063634  .0019056
T 2259  1 .1674161E+07   2000018E-01  .2876E+04 -.1090E+04   .9996393  .0266155 -.0035905
T 2260  1 .1688367E+07   2000015E-01  .5807E+03 -.3319E+03   .9998647  .0093797 -.0135147
T 2261  1 .1704916E+07   2000020E-01 -.2611E+04 -.3701E+03   .9998933 -.0115814 -.0088995
T 2262  1 .1676853E+07   2000019E-01  .1473E+04  .1686E+02   .9999016  .0137771 -.0026273
T 2263  1 .1688281E+07   2000005E-01  .6804E+03  .4277E+03   .9999924  .0002244  .0038968
T 2264  1 .1680855E+07   2000001E-01  .9188E+03 -.2329E+03   .9998570  .0111010  .0127575
T 2265  1 .1699309E+07   2000014E-01  .9382E+03  .1130E+04   .9997506  .0094947  .0202116
T 2266  1 .1682777E+07   2000005E-01 -.5022E+03 -.4269E+03   .9999967  .0023736  .0009365
T 2267  1 .1646528E+07   2000006E-01 -.8804E+03  .2262E+04   .9996106 -.0083314  .0266300
T 2268  1 .1671251E+07   2000011E-01  .2698E+04  .8807E+03   .9997077  .0239962  .0029356
T 2269  1 .1676452E+07   2000015E-01  .1815E+04  .3115E+04   .9997448  .0116692  .0193419
T 2270  1 .1692851E+07   2000016E-01 -.1458E+04  .1885E+03   .9996812 -.0245818 -.0057666
T 2271  1 .1679093E+07   2000007E-01 -.2006E+03 -.2201E+03   .9999977 -.0021613 -.0000493
T 2272  1 .1691650E+07   2000018E-01 -.1789E+03 -.1875E+04   .9995041  .0136209 -.0283915
T 2273  1 .1705723E+07   2000015E-01 -.3195E+03 -.2652E+03   .9999615 -.0030576 -.0082242
T 2274  1 .1673440E+07   2000016E-01 -.7187E+03 -.3204E+04   .9998310  .0010090 -.0183538
T 2275  1 .1661631E+07   2000000E-01 -.1508E+04  .1388E+04   .9996061 -.0225894  .0166540
T 2276  1 .1680505E+07   2000015E-01  .1467E+04  .1161E+04   .9997782  .0110017  .0179561
T 2277  1 .1697674E+07   2000019E-01  .2269E+03  .8339E+03   .9999367  .0044719  .0103208
T 2278  1 .1666436E+07   2000006E-01  .3155E+03 -.7933E+03   .9999993  .0007926 -.0009006
T 2279  1 .1673345E+07   2000004E-01  .1372E+04  .1054E+03   .9998408  .0171089  .0050655
T 2280  1 .1691775E+07   2000005E-01  .1363E+04  .1016E+04   .9999716  .0041155  .0063087
T 2281  1 .1682934E+07   2000016E-01 -.2597E+03 -.3506E+03   .9999184 -.0068541  .0107788
T 2282  1 .1676895E+07   2000015E-01  .2255E+04 -.1320E+04   .9997034  .0215153 -.0114112
T 2283  1 .1677968E+07   2000010E-01  .7228E+03 -.5816E+03   .9999760  .0065503 -.0022737
T 2284  1 .1691064E+07   2000020E-01  .1245E+04  .3591E+03   .9999734 -.0071732  .0013100
T 2285  1 .1688653E+07   2000012E-01 -.1589E+04  .1407E+02   .9999658 -.0073766 -.0037529
T 2286  1 .1691706E+07   2000011E-01  .1682E+04  .3903E+03   .9996163  .0149353  .0233271
T 2287  1 .1686359E+07   2000007E-01  .8714E+03  .9513E+03   .9998019  .0182348 -.0079823
T 2288  1 .1693267E+07   2000012E-01  .1364E+04  .5696E+03   .9998065  .0194548 -.0029185
T 2289  1 .1672908E+07   2000022E-01  .1654E+04 -.1691E+04   .9998445  .0022352 -.0174940
T 2290  1 .1666009E+07   2000022E-01  .1614E+04  .2527E+04   .9998218  .0076537  .0172581
T 2291  1 .1692538E+07   2000007E-01 -.7044E+03  .2563E+04   .9997045 -.0088474  .0226420
T 2292  1 .1668027E+07   2000005E-01 -.4344E+03 -.6865E+03   .9999722 -.0049543 -.0055696
T 2293  1 .1650452E+07   2000014E-01  .3006E+04  .1603E+04   .9994469  .0315162  .0106129
T 2294  1 .1665106E+07   2000018E-01  .2857E+05 -.3456E+05   .9488904  .1974024 -.2462505
T 2295  1 .1690272E+07   2000007E-01  .4536E+04 -.1638E+03   .9996717  .0244730 -.0075920
T 2296  1 .1657019E+07   2000019E-01  .3836E+03 -.7540E+03   .9999994 -.0000261  .0010565
T 2297  1 .1699757E+07   2000010E-01  .1236E+04 -.1087E+04   .9996309  .0025232 -.0270516
T 2298  1 .1675674E+07   2000004E-01 -.4863E+03 -.7699E+03   .9999411  .0094205 -.0053972
T 2299  1 .1662705E+07   2000021E-01  .4530E+02  .1294E+03   .9999627 -.0076417  .0040246
T 2300  1 .1693061E+07   2000015E-01  .4324E+04 -.1084E+05   .9976165  .0273935 -.0633311
T 2301  1 .1696584E+07   2000020E-01  .1530E+04  .3045E+03   .9999368  .0108363  .0030060
T 2302  1 .1687959E+07   2000013E-01 -.6335E+03 -.3859E+03   .9999688  .0010967 -.0078255
T 2303  1 .1666962E+07   2000020E-01 -.9869E+03 -.8510E+03   .9996363 -.0212090 -.0166550
T 2304  1 .1656886E+07   2000019E-01 -.1118E+04  .2630E+03   .9999604 -.0080183 -.0038497
T 2305  1 .1673932E+07   2000022E-01 -.8267E+03  .2887E+03   .9999924  .0018649  .0034277
T 2306  1 .1640645E+07   2000021E-01 -.2051E+03  .7168E+03   .9999547  .0095203 -.0001842
T 2307  1 .1685620E+07   2000004E-01  .3740E+03 -.1441E+04   .9998973  .0057686 -.0131180
T 2308  1 .1686044E+07   2000010E-01  .1240E+04  .5441E+03   .9999269  .0098476  .0070176
T 2309  1 .1699195E+07   2000001E-01  .3672E+03 -.6351E+03   .9998210 -.0006705 -.0189060
T 2310  1 .1679117E+07   2000012E-01 -.6204E+03  .4974E+04   .9989920 -.0012679  .0448708
T 2311  1 .1663243E+07   2000009E-01  .3412E+03  .8388E+03   .9998798  .0137630  .0071400
T 2312  1 .1674792E+07   2000017E-01  .3395E+03 -.3985E+03   .9999170  .0081522 -.0099793
T 2313  1 .1667064E+07   2000011E-01 -.2586E+03 -.1430E+04   .9999560 -.0022959 -.0090961
T 2314  1 .1645137E+07   2000018E-01 -.1310E+04 -.6229E+03   .9998451 -.0110060 -.0137328
T 2315  1 .1679835E+07   2000002E-01 -.2928E+03  .1194E+04   .9999794  .0063413 -.0009850
T 2316  1 .1702920E+07   2000003E-01  .1781E+03  .1272E+03   .9999784  .0062641  .0019966
T 2317  1 .1678529E+07   2000023E-01  .1615E+04 -.8089E+02   .9999495  .0099662  .0013123
T 2318  1 .1703251E+07   2000009E-01 -.4678E+03 -.1070E+04   .9998238 -.0114580 -.0148718
T 2319  1 .1668104E+07   2000005E-01  .6445E+03 -.3957E+03   .9999792  .0064231  .0005616
T 2320  1 .1659647E+07   2000022E-01 -.1684E+04  .1211E+04   .9998713 -.0121833  .0104398
T 2321  1 .1654401E+07   2000019E-01 -.8115E+03  .6677E+03   .9999705 -.0041015  .0064918
T 2322  1 .1691067E+07   2000000E-01  .4204E+03 -.2967E+03   .9999975  .0020059  .0009864
T 2323  1 .1685471E+07   2000010E-01 -.2114E+04  .1689E+04   .9998120 -.0184884  .0058493
T 2324  1 .1658892E+07   2000003E-01  .3360E+04  .2137E+04   .9993203  .0357091  .0091496
T 2325  1 .1670005E+07   2000014E-01  .5436E+03 -.2348E+03   .9999323  .0073659 -.0090072
T 2326  1 .1702036E+07   2000021E-01 -.7796E+03  .5039E+03   .9998227 -.0173039  .0074221
T 2327  1 .1673507E+07   2000008E-01 -.1235E+04 -.1482E+04   .9998921 -.0101482 -.0106197
T 2328  1 .1669647E+07   2000013E-01 -.2451E+04 -.1480E+04   .9996884 -.0241173 -.0064385
T 2329  1 .1684789E+07   2000020E-01  .1587E+04  .4997E+03   .9999346  .0114157 -.0007215
T 2330  1 .1674865E+07   2000016E-01  .2608E+04  .2045E+03   .9990782  .0395760  .0166260
T 2331  1 .1706116E+07   2000022E-01 -.6114E+03 -.5217E+03   .9999665 -.0080354  .0015766
T 2332  1 .1683752E+07   2000005E-01 -.1070E+04 -.6601E+03   .9999292 -.0048345 -.0108703
T 2333  1 .1664471E+07   2000001E-01  .4565E+03 -.3335E+04   .9993199  .0046326 -.0365823
T 2334  1 .1695338E+07   2000014E-01 -.3014E+04  .3342E+03   .9998954 -.0042751 -.0138203
T 2335  1 .1679138E+07   2000003E-01  .2468E+04 -.7294E+03   .9995306  .0300565 -.0059397
T 2336  1 .1685959E+07   2000013E-01 -.7305E+03 -.6342E+03   .9999608 -.0047645 -.0074600
T 2337  1 .1695643E+07   2000019E-01 -.4645E+02 -.8440E+03   .9999507  .0010305 -.0098750
T 2338  1 .1679376E+07   2000021E-01  .9720E+03 -.2483E+04   .9998456  .0054569 -.0167059
T 2339  1 .1675721E+07   2000011E-01 -.6209E+03 -.2155E+04   .9998834 -.0148705 -.0034727
T 2340  1 .1697002E+07   2000010E-01  .1543E+03 -.5824E+03   .9999492  .0018407 -.0099111
T 2341  1 .1683332E+07   2000021E-01  .1553E+03 -.1298E+04   .9999170  .0128804  .0001852
T 2342  1 .1692352E+07   2000022E-01  .6001E+03  .1516E+04   .9999041  .0019405  .0137136
T 2343  1 .1696073E+07   2000003E-01 -.1219E+04 -.4086E+03   .9999629 -.0084797  .0015416
T 2344  1 .1658717E+07   2000009E-01  .2202E+03  .5437E+03   .9999398  .0080725  .0074323
T 2345  1 .1675431E+07   2000023E-01 -.8507E+03 -.9859E+03   .9998086 -.0162283 -.0109312
T 2346  1 .1670432E+07   2000006E-01 -.2265E+04 -.1380E+04   .9996683 -.0229496 -.0116862
T 2347  1 .1710622E+07   2000017E-01  .2821E+04 -.2686E+03   .9995066  .0309850 -.0051507
T 2348  1 .1677483E+07   2000007E-01 -.3271E+03 -.6664E+03   .9998708  .0088976 -.0133889
T 2349  1 .1664459E+07   2000012E-01  .7824E+02 -.3521E+03   .9999859  .0023403  .0047752
T 2350  1 .1707375E+07   2000017E-01  .1947E+03 -.2078E+04   .9999435 -.0021363 -.0104166
T 2351  1 .1689644E+07   2000012E-01 -.7497E+03  .1044E+04   .9999641  .0003406  .0084658
T 2352  1 .1671587E+07   2000008E-01  .1542E+04  .1305E+04   .9999979  .0018298  .0009287
T 2353  1 .1676441E+07   2000020E-01 -.7318E+03 -.1014E+04   .9999202 -.0108211 -.0065180
T 2354  1 .1666369E+07   2000009E-01  .3407E+03 -.6397E+03   .9999399  .0082665 -.0072075
T 2355  1 .1672222E+07   2000010E-01  .1870E+03  .5643E+03   .9998856  .0123093  .0087954
T 2356  1 .1684584E+07   2000015E-01 -.1041E+04 -.5251E+02   .9999462  .0066230 -.0079791
T 2357  1 .1684368E+07   2000020E-01 -.1244E+04 -.4272E+04   .9987539 -.0113492 -.0485992
T 2358  1 .1704602E+07   2000006E-01 -.6976E+03  .7905E+03   .9999933 -.0011520  .0034824
T 2359  1 .1655775E+07   2000016E-01 -.2562E+04 -.1025E+04   .9996182 -.0253691 -.0109522
T 2360  1 .1663963E+07   2000000E-01  .3050E+04 -.6948E+03   .9998048  .0178157 -.0085397
T 2361  1 .1701230E+07   2000009E-01  .5388E+03  .1091E+04   .9998396  .0098827  .0149372
T 2362  1 .1685744E+07   2000009E-01 -.8781E+03  .3166E+04   .9994960  .0122587  .0292840
T 2363  1 .1680977E+07   2000014E-01  .5286E+03  .6477E+03   .9998861  .0077758  .0129352
T 2364  1 .1677583E+07   2000013E-01 -.3034E+04 -.5748E+03   .9994032 -.0318469 -.0133762
T 2365  1 .1685585E+07   2000015E-01 -.1915E+02 -.1062E+04   .9999531  .0050353 -.0082764
T 2366  1 .1677837E+07   2000016E-01 -.4116E+03  .8075E+03   .9999316  .0061657  .0099420
T 2367  1 .1665652E+07   2000017E-01  .1030E+04  .1489E+04   .9998985  .0051001  .0133010
T 2368  1 .1675615E+07   2000016E-01  .9529E+02  .8321E+03   .9999943  .0026525  .0020882
T 2369  1 .1665989E+07   2000017E-01  .4822E+03  .1347E+04   .9998428  .0097110  .0148323
T 2370  1 .1683566E+07   2000005E-01 -.4145E+03  .1414E+04   .9998911  .0005388  .0147459
T 2371  1 .1701763E+07   2000000E-01  .3484E+04 -.1473E+04   .9993306  .0310257 -.0193849
T 2372  1 .1656654E+07   2000005E-01  .2439E+04  .1233E+04   .9983068  .0512511  .0275110
T 2373  1 .1682979E+07   2000011E-01  .8363E+03 -.9303E+02   .9999668  .0081518 -.0000619
T 2374  1 .1680443E+07   2000014E-01  .5363E+03  .4835E+03   .9996163  .0130110 -.0244552
T 2375  1 .1670148E+07   2000011E-01  .3963E+03 -.9532E+03   .9998025  .0093259 -.0175523
T 2376  1 .1675750E+07   2000007E-01  .4360E+01 -.4193E+03   .9999403  .0054749 -.0094556
T 2377  1 .1702565E+07   2000021E-01 -.6249E+02 -.1176E+04   .9999426  .0069490 -.0081531
T 2378  1 .1681998E+07   2000021E-01  .3988E+03 -.2986E+04   .9997748  .0118283 -.0176182
T 2379  1 .1700492E+07   2000012E-01  .4989E+03  .9172E+03   .9998013  .0138366  .0143513
T 2380  1 .1664115E+07   2000014E-01  .9210E+02  .3141E+04   .9998883 -.0080266  .0126088
T 2381  1 .1684745E+07   2000008E-01  .4761E+02 -.4140E+03   .9999737  .0051091 -.0051460
T 2382  1 .1664014E+07   2000022E-01 -.9944E+03  .4395E+03   .9999660 -.0065630 -.0049916
T 2383  1 .1671311E+07   2000020E-01  .6026E+03  .1212E+04   .9999198 -.0000464  .0126631
T 2384  1 .1687233E+07   2000010E-01  .2842E+04 -.1888E+04   .9996475  .0238555 -.0116556
T 2385  1 .1704003E+07   2000012E-01  .3908E+04  .6651E+04   .9981277  .0300913  .0532497
T 2386  1 .1696260E+07   2000014E-01  .1240E+04  .1378E+04   .9998003  .0135146  .0147230
T 2387  1 .1662732E+07   2000018E-01 -.1036E+03 -.2448E+04   .9998767  .0071371 -.0139890
T 2388  1 .1692766E+07   2000022E-01  .1982E+04 -.2588E+04   .9997661  .0131986 -.0171320
T 2389  1 .1675793E+07   2000011E-01 -.5355E+03  .3410E+03   .9999947  .0022648  .0023403
T 2390  1 .1665331E+07   2000001E-01  .2444E+02  .2985E+03   .9999898 -.0045153  .0003179
T 2391  1 .1638882E+07   2000019E-01 -.9880E+01  .7817E+03   .9999301 -.0079219  .0087723
T 2392  1 .1703183E+07   2000007E-01  .7876E+03 -.5133E+03   .9999826  .0047917 -.0034449
T 2393  1 .1666382E+07   2000021E-01 -.2621E+03  .1041E+04   .9999610 -.0073828  .0048490
T 2394  1 .1702645E+07   2000013E-01 -.7612E+04 -.9831E+03   .9992990 -.0371858 -.0043283
T 2395  1 .1707111E+07   2000014E-01 -.7774E+03 -.1613E+03   .9999515 -.0094877 -.0026539
T 2396  1 .1663976E+07   2000003E-01 -.8783E+03  .9439E+03   .9999763 -.0052088  .0045038
T 2397  1 .1657808E+07   2000000E-01  .2227E+04 -.5690E+03   .9998089  .0195290  .0009361
T 2398  1 .1667037E+07   2000004E-01 -.7630E+03 -.1193E+04   .9999028 -.0087454 -.0108565
T 2399  1 .1662674E+07   2000016E-01  .8709E+03  .4565E+03   .9998629  .0131537  .0100543
T 2400  1 .1649876E+07   2000012E-01 -.2001E+04 -.1325E+04   .9997737 -.0025656 -.0211196
T 2401  1 .1710796E+07   2000002E-01 -.1537E+04  .2697E+03   .9998102 -.0173460  .0088682
T 2402  1 .1700556E+07   2000009E-01  .7428E+03 -.5579E+03   .9996172 -.0190278  .0200870
T 2403  1 .1671563E+07   2000013E-01  .1579E+04 -.1626E+04   .9997892  .0205221  .0005753
T 2404  1 .1695172E+07   2000011E-01 -.1010E+04  .1566E+03   .9998623 -.0089305  .0139868
T 2405  1 .1686557E+07   2000001E-01 -.7123E+03  .1630E+04   .9999040 -.0035480  .0133948
T 2406  1 .1700061E+07   2000011E-01  .1539E+04  .1091E+04   .9999735 -.0049253  .0053563
T 2407  1 .1688412E+07   2000012E-01 -.7169E+03  .8304E+03   .9999509 -.0095941  .0024892
T 2408  1 .1654217E+07   2000017E-01 -.5315E+03 -.8363E+03   .9999787 -.0050133  .0041766
T 2409  1 .1666731E+07   2000000E-01 -.9103E+03 -.2328E+04   .9997131  .0015221 -.0239054
T 2410  1 .1666334E+07   2000017E-01  .2401E+03  .2250E+03   .9999890 -.0032351  .0033844
T 2411  1 .1669475E+07   2000001E-01 -.3863E+03  .5878E+03   .9999331 -.0082233  .0081353
T 2412  1 .1696439E+07   2000000E-01 -.8415E+03 -.2266E+03   .9998736 -.0154362  .0037993
T 2413  1 .1695072E+07   2000011E-01  .1910E+04  .9357E+03   .9998802  .0138295  .0069515
T 2414  1 .1668514E+07   2000013E-01 -.1288E+04 -.6607E+03   .9997371 -.0190117 -.0128194
T 2415  1 .1682617E+07   2000020E-01 -.1102E+04 -.1393E+04   .9998421 -.0102978 -.0144794
T 2416  1 .1700534E+07   2000004E-01 -.1336E+04 -.1263E+04   .9999212 -.0123433 -.0022905
T 2417  1 .1680594E+07   2000004E-01 -.9145E+02 -.9247E+03   .9999874  .0048320 -.0013279
T 2418  1 .1677656E+07   2000001E-01  .7233E+04  .7149E+04   .9978401  .0482522  .0445731
T 2419  1 .1677330E+07   2000004E-01 -.1770E+04 -.2521E+04   .9997034 -.0121228 -.0211244
T 2420  1 .1669230E+07   2000011E-01  .1159E+04 -.4200E+03   .9997927  .0135210 -.0152261
T 2421  1 .1683093E+07   2000021E-01  .1236E+04 -.1239E+04   .9999924 -.0036277 -.0014425
T 2422  1 .1680868E+07   2000001E-01 -.1007E+04  .7640E+03   .9997685 -.0009920  .0214918
T 2423  1 .1690092E+07   2000001E-01 -.3715E+03  .1099E+03   .9999971  .0022307  .0009184
T 2424  1 .1680990E+07   2000020E-01  .1136E+04  .9705E+03   .9999275  .0084234  .0086092
T 2425  1 .1689634E+07   2000001E-01  .1545E+04  .1073E+04   .9998470  .0138609  .0106740
T 2426  1 .1687279E+07   2000009E-01 -.8952E+02  .1716E+04   .9998507  .0018430  .0171824
T 2427  1 .1680464E+07   2000012E-01  .9929E+03  .1728E+04   .9997380  .0169008  .0154385
T 2428  1 .1693515E+07   2000001E-01  .1210E+04 -.1096E+04   .9999398  .0074893 -.0080147
T 2429  1 .1668259E+07   2000011E-01 -.2868E+03 -.6242E+03   .9998785 -.0138029 -.0072498
T 2430  1 .1632199E+07   2000020E-01 -.1268E+04 -.4196E+03   .9999305 -.0026656 -.0114878
T 2431  1 .1684330E+07   2000015E-01 -.3103E+04  .3629E+04   .9994127 -.0179459  .0291936
T 2432  1 .1693829E+07   2000008E-01 -.6064E+02 -.6149E+03   .9999557  .0071479 -.0061279
T 2433  1 .1651963E+07   2000013E-01 -.2786E+03 -.2603E+03   .9999630 -.0085369  .0010162
T 2434  1 .1683168E+07   2000015E-01  .2192E+04  .7580E+03   .9994588  .0316338  .0090259
T 2435  1 .1655408E+07   2000019E-01 -.6243E+03 -.2055E+03   .9999720 -.0059078 -.0045918
T 2436  1 .1665928E+07   2000004E-01  .9630E+03  .9527E+02   .9999360  .0103590 -.0045423
T 2437  1 .1679493E+07   2000018E-01  .9966E+03 -.5818E+02   .9999302  .0103426  .0057110
T 2438  1 .1664490E+07   2000000E-01 -.1854E+04  .1270E+03   .9999404 -.0105925  .0026284
T 2439  1 .1671597E+07   2000010E-01  .4949E+03 -.1018E+04   .9998718  .0042417 -.0154405
T 2440  1 .1677871E+07   2000001E-01  .1382E+03 -.8459E+03   .9999674  .0059154  .0055036
T 2441  1 .1672272E+07   2000008E-01 -.1286E+04  .8641E+03   .9997858 -.0138032  .0154245
T 2442  1 .1671174E+07   2000017E-01  .8638E+03 -.2077E+03   .9999674  .0048544 -.0064487
T 2443  1 .1672155E+07   2000020E-01  .7096E+03 -.2266E+03   .9999978  .0016592  .0012938
T 2444  1 .1688768E+07   2000021E-01  .1979E+04 -.8128E+03   .9998648  .0162421 -.0025511
T 2445  1 .1661041E+07   2000019E-01 -.5732E+03  .1453E+03   .9999493 -.0077091  .0064842
T 2446  1 .1684082E+07   2000016E-01  .1745E+04  .5652E+03   .9999909  .0039919  .0014906
T 2447  1 .1676613E+07   2000017E-01 -.4673E+03 -.3935E+03   .9999205 -.0106445 -.0067631
T 2448  1 .1682335E+07   2000005E-01 -.7718E+03 -.2024E+04   .9989366  .0204669 -.0413123
T 2449  1 .1684063E+07   2000009E-01 -.3947E+03  .1836E+02   .9999760 -.0061361  .0032301
T 2450  1 .1664765E+07   2000005E-01  .3555E+02  .9356E+03   .9999396 -.0101936 -.0041126
T 2451  1 .1697265E+07   2000009E-01 -.7356E+02  .6741E+03   .9999400  .0033569  .0104243
T 2452  1 .1701433E+07   2000002E-01 -.7903E+03  .6715E+03   .9999842 -.0033938  .0044736
T 2453  1 .1677346E+07   2000016E-01 -.1711E+04  .9653E+01   .9999833 -.0051577  .0026123
T 2454  1 .1680717E+07   2000001E-01 -.1819E+04 -.5381E+03   .9998604 -.0167026  .0003559
T 2455  1 .1713443E+07   2000016E-01 -.1231E+04 -.9134E+03   .9999158 -.0129747 -.0000255
T 2456  1 .1705740E+07   2000016E-01  .2277E+03  .2425E+03   .9972919 -.0095322  .0729240
T 2457  1 .1665728E+07   2000007E-01 -.3573E+02 -.2334E+03   .9999870  .0010633 -.0049895
T 2458  1 .1671087E+07   2000015E-01 -.1029E+04 -.3607E+03   .9998369 -.0180509  .0005598
T 2459  1 .1680984E+07   2000000E-01 -.1262E+03 -.2246E+04   .9998408 -.0011400 -.0178078
T 2460  1 .1665209E+07   2000020E-01 -.7869E+04 -.6097E+04   .9987903 -.0387895 -.0302217
T 2461  1 .1694641E+07   2000001E-01 -.3663E+03  .8397E+03   .9999685 -.0048380  .0062982
T 2462  1 .1675332E+07   2000013E-01  .1103E+04  .1923E+03   .9998891  .0140642  .0049015
T 2463  1 .1691407E+07   2000022E-01 -.3256E+03 -.8335E+03   .9999984  .0017080 -.0004982
T 2464  1 .1664589E+07   2000019E-01  .6750E+03 -.1347E+04   .9999937 -.0035402 -.0002887
T 2465  1 .1672468E+07   2000001E-01 -.1416E+04 -.2545E+03   .9999298 -.0107193 -.0050465
T 2466  1 .1689219E+07   2000004E-01  .2906E+03  .3747E+03   .9999914 -.0036756  .0019124
T 2467  1 .1666705E+07   2000018E-01  .8571E+03 -.4667E+03   .9999474  .0068331 -.0076449
T 2468  1 .1657723E+07   2000016E-01 -.6317E+03  .2885E+04   .9996841 -.0086637  .0235933
T 2469  1 .1676904E+07   2000005E-01  .1647E+04 -.3967E+03   .9997716 -.0012146 -.0213352
T 2470  1 .1669202E+07   2000016E-01  .8533E+03  .7455E+03   .9998942  .0145420 -.0003041
T 2471  1 .1655791E+07   2000000E-01 -.1330E+04 -.2412E+04   .9995817 -.0234234 -.0169621
T 2472  1 .1705278E+07   2000000E-01  .1130E+04  .9844E+03   .9998061  .0118556  .0157217
T 2473  1 .1670856E+07   2000021E-01 -.1828E+04 -.2673E+03   .9999112 -.0129006  .0033479
T 2474  1 .1669263E+07   2000021E-01 -.2370E+04 -.2480E+03   .9996114 -.0223575  .0166513
T 2475  1 .1686452E+07   2000012E-01 -.1897E+04 -.1554E+04   .9998987 -.0079061 -.0118342
T 2476  1 .1684716E+07   2000020E-01 -.1926E+04  .2794E+03   .9999867 -.0051350 -.0004199
T 2477  1 .1658340E+07   2000020E-01 -.3867E+03  .4084E+03   .9999952 -.0011285  .0028817
T 2478  1 .1674177E+07   2000020E-01  .9627E+02 -.1070E+03   .9999737 -.0036633 -.0062640
T 2479  1 .1694763E+07   2000014E-01  .1352E+04  .1445E+03   .9997791  .0196574  .0074410
T 2480  1 .1681251E+07   2000003E-01 -.3786E+03  .2066E+03   .9999968  .0014753  .0020731
T 2481  1 .1646948E+07   2000016E-01  .1418E+04  .5685E+03   .9999176  .0123187 -.0036209
T 2482  1 .1655054E+07   2000002E-01 -.5557E+03 -.6669E+02   .9999578 -.0078612 -.0047439
T 2483  1 .1652605E+07   2000021E-01 -.1945E+03  .4764E+03   .9999825 -.0021020 -.0055249
T 2484  1 .1691951E+07   2000009E-01  .1116E+04 -.7669E+03   .9998144  .0191298  .0022787
T 2485  1 .1686040E+07   2000016E-01  .1953E+04 -.1326E+04   .9998455  .0165018 -.0060625
T 2486  1 .1680689E+07   2000012E-01  .2946E+04 -.8372E+03   .9997848  .0207462 -.0000771
T 2487  1 .1673003E+07   2000021E-01 -.6698E+03  .8670E+02   .9999010 -.0133258  .0045164
T 2488  1 .1673103E+07   2000003E-01  .7053E+03  .4930E+03   .9998353  .0142835  .0111924
T 2489  1 .1659211E+07   2000004E-01  .3552E+04 -.3452E+04   .9991968  .0222967 -.0332947
T 2490  1 .1685498E+07   2000014E-01  .2348E+04  .8263E+03   .9998756  .0146166  .0059245
T 2491  1 .1664785E+07   2000016E-01 -.2002E+04  .1267E+03   .9998937 -.0143964  .0022877
T 2492  1 .1664308E+07   2000018E-01  .1674E+04 -.2693E+03   .9997099  .0239794  .0022662
T 2493  1 .1693673E+07   2000004E-01 -.1136E+04 -.1247E+04   .9999306  .0007729 -.0117577
T 2494  1 .1668069E+07   2000002E-01 -.4979E+03 -.4257E+03   .9999157 -.0121196 -.0046657
T 2495  1 .1681399E+07   2000012E-01 -.5043E+03  .8343E+03   .9999226 -.0082389  .0093220
T 2496  1 .1676591E+07   2000005E-01  .7577E+03 -.1748E+03   .9998572  .0158716 -.0057956
T 2497  1 .1681127E+07   2000017E-01 -.3104E+03  .7563E+03   .9999249  .0042489  .0114974
T 2498  1 .1687523E+07   2000018E-01 -.2412E+04 -.1963E+04   .9998228 -.0157916 -.0102472
T 2499  1 .1645177E+07   2000000E-01  .1055E+04 -.1780E+03   .9999843  .0055507  .0008175
T 2500  1 .1695812E+07   2000000E-01  .2613E+03 -.2025E+04   .9998623  .0110212 -.0124025
T 2501  1 .1690541E+07   2000019E-01 -.1495E+04 -.5063E+04   .9995923 -.0184708 -.0217722
T 2502  1 .1685427E+07   2000016E-01  .2848E+04  .1186E+04   .9999293  .0097042  .0068648
T 2503  1 .1684769E+07   2000022E-01 -.9516E+03 -.6969E+03   .9999201 -.0123557 -.0026721
T 2504  1 .1713011E+07   2000020E-01 -.6446E+03 -.9410E+02   .9999678  .0067935 -.0042640
T 2505  1 .1693232E+07   2000007E-01 -.1925E+04  .5468E+03   .9886768 -.1045003  .1076934
T 2506  1 .1666978E+07   2000021E-01 -.2727E+04 -.1037E+03   .9988887 -.0463727 -.0084190
T 2507  1 .1689429E+07   2000015E-01 -.1353E+04 -.1044E+04   .9999378 -.0024477 -.0108828
T 2508  1 .1692077E+07   2000012E-01 -.5310E+03 -.1094E+04   .9999626 -.0073884 -.0045013
T 2509  1 .1686219E+07   2000012E-01  .4202E+03 -.6211E+03   .9998885  .0137852 -.0057480
T 2510  1 .1661733E+07   2000012E-01  .1217E+04 -.1474E+04   .9998624  .0159431 -.0045903
T 2511  1 .1704444E+07   2000016E-01  .2905E+02 -.3875E+03   .9999935 -.0018311  .0030906
T 2512  1 .1677419E+07   2000022E-01 -.1179E+04  .1056E+04   .9998896 -.0109091  .0100869
T 2513  1 .1677423E+07   2000021E-01  .2440E+03  .1272E+03   .9999898 -.0034975 -.0028582
T 2514  1 .1680196E+07   2000005E-01  .1978E+02 -.7981E+03   .9999995 -.0006626  .0007719
T 2515  1 .1685995E+07   2000005E-01  .8609E+03  .4324E+03   .9999927  .0013458  .0035693
T 2516  1 .1680934E+07   2000004E-01  .1414E+04  .2524E+04   .9997389  .0110867  .0199814
T 2517  1 .1690537E+07   2000021E-01  .3458E+04  .8728E+03   .9994237  .0325808  .0095285
T 2518  1 .1674972E+07   2000008E-01  .7975E+03 -.2646E+04   .9998449  .0095685 -.0147867
T 2519  1 .1654149E+07   2000013E-01 -.5576E+03  .9777E+03   .9998101 -.0162508  .0107543
T 2520  1 .1667090E+07   2000017E-01 -.1094E+04 -.1348E+04   .9997935 -.0137261 -.0149872
T 2521  1 .1668487E+07   2000017E-01 -.1982E+04 -.1126E+04   .9997115 -.0184265 -.0154050
T 2522  1 .1662988E+07   2000002E-01 -.1079E+04  .1643E+04   .9997197 -.0135739  .0193993
T 2523  1 .1668208E+07   2000021E-01  .3939E+03 -.6605E+03   .9999524 -.0064938  .0072790
T 2524  1 .1679188E+07   2000018E-01 -.1210E+04 -.8706E+03   .9998863 -.0127942 -.0079783
T 2525  1 .1671658E+07   2000012E-01 -.2671E+04 -.3505E+03   .9997859 -.0200741  .0050260
T 2526  1 .1666902E+07   2000017E-01 -.1961E+03 -.1012E+04   .9999527 -.0033742  .0091213
T 2527  1 .1689523E+07   2000010E-01  .4191E+03  .6385E+03   .9999604  .0013419  .0087946
T 2528  1 .1685082E+07   2000011E-01 -.5589E+03 -.8977E+02   .9999650 -.0056894  .0061337
T 2529  1 .1689183E+07   2000006E-01  .4421E+03 -.6412E+03   .9998936  .0002194 -.0145834
T 2530  1 .1691208E+07   2000006E-01 -.1194E+03 -.1501E+03   .9999975 -.0021595 -.0005161
T 2531  1 .1690563E+07   2000012E-01  .3797E+04  .3978E+03   .9980721  .0613604 -.0093308
T 2532  1 .1684277E+07   2000016E-01 -.3510E+04 -.1406E+04   .9991014 -.0382704 -.0182166
T 2533  1 .1668271E+07   2000019E-01  .6612E+03 -.1778E+04   .9998632  .0063441 -.0152773
T 2534  1 .1693200E+07   2000022E-01 -.1166E+03 -.2704E+03   .9999113  .0126148 -.0042777
T 2535  1 .1703530E+07   2000015E-01  .1915E+02 -.2416E+03   .9999875 -.0010730 -.0048932
T 2536  1 .1683236E+07   2000011E-01 -.1007E+04 -.8146E+03   .9999870 -.0047044 -.0019774
T 2537  1 .1677452E+07   2000015E-01 -.3024E+02  .9074E+03   .9999095 -.0017334  .0133380
T 2538  1 .1675744E+07   2000004E-01  .1090E+04  .3914E+03   .9998847  .0146320  .0040712
T 2539  1 .1668984E+07   2000022E-01  .3535E+03 -.2954E+03   .9999860  .0047016 -.0024153
T 2540  1 .1690811E+07   2000006E-01 -.5534E+03 -.9906E+03   .9998698 -.0156576  .0038948
T 2541  1 .1683995E+07   2000021E-01  .2034E+03 -.1183E+04   .9999967 -.0020103 -.0016233
T 2542  1 .1676541E+07   2000018E-01  .1370E+04 -.5909E+03   .9999356  .0113220  .0007655
T 2543  1 .1655358E+07   2000019E-01 -.2331E+05  .4792E+04   .9351799 -.3442598  .0832088
T 2544  1 .1694961E+07   2000008E-01 -.2845E+04  .1269E+04   .9996037 -.0262013  .0102928
T 2545  1 .1662252E+07   2000017E-01 -.4347E+03  .1101E+04   .9999280 -.0059920  .0103930
T 2546  1 .1670417E+07   2000016E-01  .5602E+03  .8454E+03   .9999717  .0062365 -.0042082
T 2547  1 .1667666E+07   2000009E-01  .1605E+04 -.7981E+03   .9999608  .0083510 -.0029459
T 2548  1 .1685942E+07   2000001E-01 -.1911E+04  .3416E+03   .9997552 -.0220652  .0016609
T 2549  1 .1663698E+07   2000021E-01 -.1188E+04  .5112E+03   .9999901 -.0044442  .0001099
T 2550  1 .1688094E+07   2000022E-01  .4929E+03  .9374E+03   .9998684  .0018302  .0161202
T 2551  1 .1703243E+07   2000012E-01  .2386E+03  .6365E+03   .9998789 -.0011793  .0155204
T 2552  1 .1686612E+07   2000016E-01  .2318E+03  .2088E+02   .9999993  .0008082  .0008769
T 2553  1 .1673262E+07   2000005E-01 -.1120E+04 -.7663E+02   .9998246 -.0083303 -.0167721
T 2554  1 .1661052E+07   2000008E-01  .7883E+03 -.4230E+03   .9999731 -.0067795  .0027890
T 2555  1 .1665635E+07   2000006E-01  .8824E+03  .1128E+04   .9999250 -.0048812  .0112362
T 2556  1 .1698554E+07   2000009E-01 -.1895E+04 -.1464E+04   .9997576 -.0156790 -.0154593
T 2557  1 .1689896E+07   2000000E-01  .5719E+03 -.1318E+04   .9997052  .0080961 -.0228913
T 2558  1 .1700629E+07   2000000E-01  .1131E+04  .6411E+03   .9997495  .0222725 -.0022080
T 2559  1 .1684683E+07   2000022E-01 -.1073E+04 -.2883E+03   .9999792  .0026660 -.0058654
T 2560  1 .1661478E+07   2000006E-01 -.1298E+04  .7989E+03   .9999347 -.0103575  .0048227
T 2561  1 .1670918E+07   2000006E-01  .8341E+03  .1583E+04   .9998778  .0074893  .0137222
T 2562  1 .1694485E+07   2000010E-01  .8242E+03 -.6329E+03   .9993648 -.0344444 -.0091395
T 2563  1 .1699603E+07   2000015E-01 -.2406E+03  .7411E+02   .9999457  .0059619 -.0085419
T 2564  1 .1675017E+07   2000018E-01 -.2433E+03  .1892E+03   .9999674 -.0052974 -.0060921
T 2565  1 .1678030E+07   2000017E-01 -.3039E+03  .7963E+02   .9999662 -.0060561  .0055657
T 2566  1 .1681388E+07   2000008E-01  .5898E+03 -.6858E+02   .9999513  .0095867  .0023441
T 2567  1 .1660587E+07   2000017E-01 -.3537E+04  .1602E+04   .9993266 -.0280952  .0236013
T 2568  1 .1692258E+07   2000018E-01 -.8281E+03  .4875E+03   .9999835 -.0051137  .0026114
T 2569  1 .1655744E+07   2000001E-01 -.5782E+03  .2219E+04   .9968812 -.0546751  .0569073
T 2570  1 .1700268E+07   2000006E-01  .1024E+04  .2459E+02   .9999468  .0047308  .0091656
T 2571  1 .1675831E+07   2000022E-01 -.2417E+03  .2201E+02   .9997876  .0007739 -.0205931
T 2572  1 .1688502E+07   2000020E-01  .6940E+03  .1841E+04   .9998032  .0114620  .0161918
T 2573  1 .1683969E+07   2000002E-01  .1858E+03  .1385E+04   .9999680 -.0003808  .0079857
T 2574  1 .1690692E+07   2000010E-01  .3360E+04  .9111E+02   .9995854  .0287229 -.0019935
T 2575  1 .1656817E+07   2000014E-01  .7014E+03 -.6597E+03   .9998962  .0036843 -.0139259
T 2576  1 .1681553E+07   2000018E-01 -.1625E+03 -.6400E+02   .9999956 -.0025773 -.0014870
T 2577  1 .1692055E+07   2000015E-01  .3370E+04  .1652E+04   .9993369  .0333060  .0147108
T 2578  1 .1673566E+07   2000001E-01 -.3821E+03  .1237E+04   .9999217  .0058854  .0110471
T 2579  1 .1682041E+07   2000016E-01  .4797E+02 -.2435E+03   .9998361  .0144513 -.0109060
T 2580  1 .1711961E+07   2000007E-01  .4991E+03 -.2724E+03   .9999885 -.0045863  .0014306
T 2581  1 .1676386E+07   2000016E-01 -.1064E+04  .4855E+04   .9990148  .0045502  .0441451
T 2582  1 .1678638E+07   2000015E-01  .3046E+03  .1174E+04   .9999837  .0057076 -.0001689
T 2583  1 .1680403E+07   2000019E-01  .4080E+03 -.4466E+03   .9999989  .0014561 -.0002384
T 2584  1 .1692474E+07   2000001E-01  .2517E+03 -.1026E+04   .9998759 -.0007472 -.0157383
T 2585  1 .1695456E+07   2000000E-01  .7904E+03 -.1182E+04   .9999494  .0099606 -.0014004
T 2586  1 .1678860E+07   2000002E-01  .1066E+04 -.2576E+04   .9998096  .0086341 -.0174976
T 2587  1 .1674238E+07   2000007E-01  .5114E+03  .2635E+04   .9997560  .0075293  .0207651
T 2588  1 .1666515E+07   2000018E-01  .4564E+03 -.1943E+04   .9998265  .0052081 -.0178866
T 2589  1 .1716056E+07   2000017E-01  .6179E+03 -.8948E+03   .9998057  .0079622 -.0180344
T 2590  1 .1685746E+07   2000015E-01 -.8570E+04 -.2747E+04   .9966086 -.0780498 -.0260667
T 2591  1 .1699172E+07   2000008E-01 -.2449E+03  .1067E+04   .9999477 -.0068481  .0075895
T 2592  1 .1666812E+07   2000005E-01  .1053E+04 -.2637E+04   .9996459  .0096292 -.0248046
T 2593  1 .1660861E+07   2000012E-01  .1948E+04 -.2481E+04   .9987376  .0310599 -.0394784
T 2594  1 .1653583E+07   2000019E-01 -.1404E+04 -.1146E+04   .9997549 -.0175254 -.0135294
T 2595  1 .1689204E+07   2000001E-01 -.6650E+03  .1172E+04   .9997627  .0086772  .0199837
T 2596  1 .1676365E+07   2000016E-01  .9866E+03 -.1908E+04   .9997861  .0033610 -.0204056
T 2597  1 .1682425E+07   2000016E-01 -.1388E+03 -.1641E+04   .9999902 -.0003003 -.0044169
T 2598  1 .1646134E+07   2000006E-01 -.5265E+03  .3108E+04   .9989148 -.0090268  .0456913
T 2599  1 .1692450E+07   2000002E-01  .5937E+02  .5596E+03   .9999882  .0004572  .0048418
T 2600  1 .1666634E+07   2000001E-01 -.7812E+03  .4047E+03   .9999783 -.0052902  .0039237
T 2601  1 .1657332E+07   2000013E-01  .7177E+03  .5441E+02   .9999972 -.0004970 -.0022998
T 2602  1 .1688808E+07   2000008E-01  .1847E+03 -.6173E+03   .9998573  .0125598 -.0112950
T 2603  1 .1660248E+07   2000020E-01 -.5988E+03 -.2883E+03   .9999790 -.0059045 -.0026691
T 2604  1 .1664891E+07   2000011E-01 -.3283E+03  .7779E+03   .9999626  .0031155  .0080686
T 2605  1 .1662348E+07   2000019E-01 -.3751E+04 -.9865E+03   .9992908 -.0282105 -.0249399
T 2606  1 .1691086E+07   2000008E-01  .2779E+03 -.8451E+02   .9999902  .0044168 -.0000068
T 2607  1 .1668526E+07   2000005E-01  .1125E+04  .1311E+04   .9997473  .0162035  .0155824
T 2608  1 .1658161E+07   2000015E-01 -.5223E+03  .1396E+04   .9997972 -.0124181  .0158511
T 2609  1 .1670339E+07   2000002E-01 -.3646E+04  .2192E+04   .9981635 -.0524136  .0303723
T 2610  1 .1700252E+07   2000019E-01  .8917E+03 -.2304E+04   .9998523  .0051389 -.0164013
T 2611  1 .1683251E+07   2000016E-01 -.4518E+03  .1236E+04   .9999418 -.0083225  .0068675
T 2612  1 .1688817E+07   2000020E-01  .1403E+04  .1505E+04   .9998203  .0094936  .0164097
T 2613  1 .1652757E+07   2000010E-01 -.1365E+04 -.4137E+03   .9998570 -.0168940 -.0007152
T 2614  1 .1672118E+07   2000012E-01 -.7224E+03  .1344E+04   .9999460 -.0081588  .0064408
T 2615  1 .1661543E+07   2000015E-01  .8601E+02 -.1276E+04   .9999494 -.0042602 -.0091144
T 2616  1 .1670900E+07   2000015E-01  .8813E+03 -.1066E+03   .9998710  .0158778 -.0024192
T 2617  1 .1706711E+07   2000011E-01  .1255E+03 -.2118E+03   .9999978 -.0013859 -.0015946
T 2618  1 .1669165E+07   2000018E-01 -.6108E+03  .5038E+03   .9999984 -.0001362 -.0017693
T 2619  1 .1684927E+07   2000020E-01  .7928E+03  .1088E+04   .9997995  .0119218  .0160901
T 2620  1 .1701944E+07   2000003E-01  .3052E+03 -.6621E+03   .9999738 -.0040924 -.0059722
T 2621  1 .1682759E+07   2000014E-01  .2829E+04  .6336E+03   .9998495  .0173379  .0005414
T 2622  1 .1654597E+07   2000000E-01  .2658E+03 -.3107E+04   .9994994  .0092372 -.0302581
T 2623  1 .1657973E+07   2000005E-01 -.2571E+04  .2492E+03   .9996758 -.0253766 -.0020733
T 2624  1 .1715079E+07   2000012E-01  .5328E+02 -.6191E+03   .9999887  .0006591 -.0046996
T 2625  1 .1696314E+07   2000002E-01 -.1209E+04 -.9993E+03   .9997157 -.0203770 -.0123779
T 2626  1 .1672955E+07   2000020E-01  .4282E+03  .1470E+04   .9999498  .0033814  .0094330
T 2627  1 .1673092E+07   2000022E-01 -.7035E+03  .1359E+04   .9999233 -.0057219  .0109810
T 2628  1 .1704662E+07   2000015E-01  .5244E+03 -.9015E+03   .9999354 -.0020028 -.0111915
T 2629  1 .1660988E+07   2000019E-01 -.9916E+03 -.2740E+03   .9998386 -.0165128 -.0070742
T 2630  1 .1688011E+07   2000019E-01  .2429E+03 -.2050E+03   .9999498 -.0001670  .0100149
T 2631  1 .1698836E+07   2000020E-01 -.1803E+03 -.5373E+03   .9999084 -.0068264 -.0116884
T 2632  1 .1684752E+07   2000011E-01  .2334E+04  .1279E+04   .9995274  .0304987  .0038425
T 2633  1 .1675007E+07   2000016E-01  .1123E+04 -.1688E+04   .9996091  .0148865 -.0236665
T 2634  1 .1697840E+07   2000006E-01 -.6904E+03  .6145E+03   .9998177 -.0124082  .0145102
T 2635  1 .1697593E+07   2000013E-01  .7453E+03 -.1027E+04   .9998978  .0129017 -.0061606
T 2636  1 .1687898E+07   2000018E-01  .1001E+04  .8071E+03   .9999188  .0096248  .0083563
T 2637  1 .1660508E+07   2000018E-01  .1697E+04 -.1605E+04   .9988622  .0427132 -.0212112
T 2638  1 .1659769E+07   2000020E-01 -.6643E+03 -.7131E+03   .9999564 -.0073202 -.0057952
T 2639  1 .1697492E+07   2000008E-01 -.5927E+03 -.1056E+04   .9999875 -.0048406 -.0012647
T 2640  1 .1681106E+07   2000017E-01  .1339E+04  .1054E+04   .9997482  .0110989  .0195004
T 2641  1 .1688837E+07   2000021E-01  .8119E+02  .7336E+03   .9996467  .0085090  .0251797
T 2642  1 .1670650E+07   2000000E-01  .4717E+03  .1228E+04   .9999758  .0034331  .0060535
T 2643  1 .1679008E+07   2000014E-01  .1388E+04 -.8447E+03   .9997620  .0153981 -.0154514
T 2644  1 .1685982E+07   2000017E-01  .3090E+04 -.1173E+04   .9991071  .0387480 -.0168394
T 2645  1 .1693561E+07   2000018E-01 -.6615E+03 -.1113E+04   .9997917 -.0027328 -.0202244
T 2646  1 .1687579E+07   2000016E-01 -.1049E+04 -.1076E+04   .9999892 -.0018504 -.0042578
T 2647  1 .1652800E+07   2000019E-01 -.8350E+03 -.1846E+03   .9999056 -.0036741  .0132385
T 2648  1 .1689028E+07   2000010E-01  .6121E+03  .2074E+03   .9999838  .0055706 -.0011418
T 2649  1 .1692684E+07   2000000E-01  .5256E+03 -.4672E+03   .9999495 -.0023184 -.0097818
T 2650  1 .1671889E+07   2000009E-01 -.1278E+04  .4923E+03   .9997325 -.0188196  .0134465
T 2651  1 .1668841E+07   2000017E-01  .1842E+04 -.2089E+04   .9993953  .0193665 -.0288791
T 2652  1 .1676007E+07   2000018E-01  .2581E+04  .2750E+03   .9996438  .0266130 -.0020025
T 2653  1 .1670660E+07   2000007E-01 -.2462E+04  .4690E+03   .9995898 -.0215597  .0188540
T 2654  1 .1665280E+07   2000021E-01  .2514E+03 -.3214E+03   .9999957 -.0013185 -.0026264
T 2655  1 .1684977E+07   2000017E-01  .4601E+03 -.5255E+02   .9999696  .0072412  .0029050
T 2656  1 .1690466E+07   2000003E-01 -.1342E+04  .2952E+04   .9997123 -.0113191  .0211492
T 2657  1 .1685708E+07   2000016E-01  .3948E+03 -.1208E+03   .9999898 -.0023043  .0038865
T 2658  1 .1673872E+07   2000020E-01  .1784E+03 -.1620E+04   .9998924  .0122538  .0080582
T 2659  1 .1674668E+07   2000000E-01  .7314E+03 -.3161E+03   .9998820  .0022060 -.0152043
T 2660  1 .1663839E+07   2000000E-01  .2466E+03  .7518E+03   .9999160 -.0045680  .0121298
T 2661  1 .1683430E+07   2000019E-01  .5211E+03  .1552E+04   .9999268  .0001549  .0120982
T 2662  1 .1699126E+07   2000004E-01  .1060E+04 -.2221E+03   .9999059  .0137177 -.0002856
T 2663  1 .1682814E+07   2000014E-01  .1555E+03 -.1073E+04   .9999657  .0052070 -.0064388
T 2664  1 .1687455E+07   2000005E-01 -.1138E+04 -.8282E+03   .9998767 -.0120117 -.0101188
T 2665  1 .1682266E+07   2000012E-01  .1439E+03  .3536E+03   .9999794  .0050835  .0039312
T 2666  1 .1685851E+07   2000017E-01 -.5889E+03 -.1252E+03   .9999944 -.0033528 -.0000334
T 2667  1 .1671546E+07   2000000E-01 -.2683E+03 -.2939E+03   .9999932  .0032293 -.0017954
T 2668  1 .1666495E+07   2000001E-01  .4846E+03  .5146E+02   .9999428  .0102510  .0030642
T 2669  1 .1722454E+07   2000019E-01 -.7869E+03  .5818E+03   .9999052 -.0120867  .0065942
T 2670  1 .1665969E+07   2000009E-01 -.1258E+04  .9823E+03   .9997907  .0054792 -.0197119
T 2671  1 .1678440E+07   2000022E-01 -.8234E+03 -.1191E+04   .9999348 -.0054002 -.0100645
T 2672  1 .1673653E+07   2000014E-01  .7684E+03  .1097E+03   .9999217  .0093430  .0083230
T 2673  1 .1664901E+07   2000010E-01 -.7557E+03  .1208E+04   .9998335 -.0107308  .0147570
T 2674  1 .1687829E+07   2000020E-01  .1300E+04 -.5226E+03   .9999948  .0031818  .0004695
T 2675  1 .1671187E+07   2000021E-01 -.1146E+04  .5142E+03   .9999831 -.0039864 -.0042276
T 2676  1 .1698336E+07   2000018E-01  .4718E+03  .8166E+03   .9999831  .0053107  .0023839
T 2677  1 .1670225E+07   2000007E-01  .1504E+04  .1247E+04   .9998138  .0119475  .0151517
T 2678  1 .1672863E+07   2000020E-01  .4510E+03 -.2408E+04   .9993255 -.0135889 -.0341171
T 2679  1 .1685604E+07   2000021E-01 -.1265E+03  .6927E+03   .9999057  .0098021  .0096144
T 2680  1 .1659831E+07   2000001E-01 -.3355E+03 -.1636E+04   .9999851  .0050744 -.0020013
T 2681  1 .1659755E+07   2000011E-01 -.1638E+04  .1700E+03   .9997533 -.0208565  .0076429
T 2682  1 .1681905E+07   2000021E-01  .7099E+01 -.1273E+04   .9999642 -.0029666 -.0079277
T 2683  1 .1664651E+07   2000003E-01 -.6630E+03  .6361E+02   .9999740 -.0071182  .0011447
T 2684  1 .1677215E+07   2000003E-01 -.2419E+03  .2169E+04   .9998412  .0042417  .0173096
T 2685  1 .1656582E+07   2000015E-01  .5131E+03 -.1066E+04   .9999792  .0062311 -.0016365
T 2686  1 .1670566E+07   2000001E-01  .1263E+04  .1084E+04   .9998856  .0136433  .0065370
T 2687  1 .1688184E+07   2000008E-01  .5943E+02 -.1068E+04   .9999492  .0095494  .0032134
T 2688  1 .1688188E+07   2000016E-01 -.9951E+03  .3700E+02   .9999448 -.0070883  .0077572
T 2689  1 .1673594E+07   2000015E-01  .1350E+04  .3022E+03   .9999646  .0084156  .0002025
T 2690  1 .1667164E+07   2000022E-01 -.7880E+02 -.6705E+03   .9999156  .0030591 -.0126298
T 2691  1 .1665813E+07   2000022E-01 -.1152E+02 -.6568E+03   .9997438  .0112272 -.0196560
T 2692  1 .1692551E+07   2000000E-01  .1280E+04 -.1263E+04   .9994707  .0309256 -.0100975
T 2693  1 .1676416E+07   2000008E-01  .1862E+03 -.9470E+02   .9999773  .0060963  .0028655
T 2694  1 .1679188E+07   2000007E-01  .7598E+03 -.7449E+03   .9999146  .0049820 -.0120860
T 2695  1 .1707929E+07   2000016E-01  .2715E+04  .2645E+04   .9983748  .0569264  .0026734
T 2696  1 .1693922E+07   2000005E-01 -.7933E+03  .1698E+03   .9999730 -.0066056  .0032344
T 2697  1 .1694079E+07   2000003E-01  .9501E+02 -.7531E+03   .9999213  .0010911 -.0124990
T 2698  1 .1700082E+07   2000020E-01 -.1531E+04  .5434E+03   .9999763  .0021680  .0065413
T 2699  1 .1675512E+07   2000017E-01  .5682E+03 -.5852E+03   .9999660  .0005610 -.0082304
T 2700  1 .1684456E+07   2000014E-01  .2373E+02 -.5227E+03   .9999269 -.0065431 -.0101646
T 2701  1 .1670074E+07   2000021E-01 -.1076E+04  .2535E+04   .9999130  .0007131  .0131739
T 2702  1 .1686113E+07   2000002E-01 -.1465E+04  .1523E+04   .9998594 -.0075479  .0149757
T 2703  1 .1694387E+07   2000009E-01 -.2478E+04 -.1153E+04   .9998099 -.0152332 -.0121673
T 2704  1 .1665428E+07   2000009E-01 -.7966E+03  .5726E+03   .9999657 -.0072352  .0040312
T 2705  1 .1675243E+07   2000021E-01  .4164E+04 -.2218E+04   .9992426  .0147666 -.0360036
T 2706  1 .1670492E+07   2000021E-01  .2407E+04 -.1925E+03   .9998148  .0191879 -.0014645
T 2707  1 .1668826E+07   2000010E-01 -.1079E+03  .1607E+04   .9998678 -.0094620  .0132245
T 2708  1 .1694545E+07   2000017E-01 -.1416E+04 -.3917E+03   .9999016 -.0112457 -.0083871
T 2709  1 .1679724E+07   2000003E-01 -.4044E+03  .8280E+03   .9999854 -.0046848  .0026922
T 2710  1 .1689880E+07   2000001E-01 -.1990E+04  .1237E+04   .9995363 -.0246990  .0178069
T 2711  1 .1660143E+07   2000012E-01  .5259E+03 -.8800E+03   .9999632  .0083983  .0017727
T 2712  1 .1662628E+07   2000020E-01 -.5427E+03  .2042E+04   .9997283 -.0078585  .0219440
T 2713  1 .1692565E+07   2000010E-01  .5861E+03 -.5845E+03   .9999751  .0049631 -.0050096
T 2714  1 .1664860E+07   2000012E-01  .5329E+02 -.2400E+03   .9999497 -.0097032 -.0025270
T 2715  1 .1668871E+07   2000021E-01  .8391E+03 -.1889E+04   .9998654  .0038866 -.0159383
T 2716  1 .1683237E+07   2000009E-01 -.2931E+03 -.4518E+03   .9999613  .0075314 -.0045506
T 2717  1 .1664375E+07   2000005E-01 -.1769E+04 -.3139E+03   .9999028 -.0106939 -.0089476
T 2718  1 .1687529E+07   2000002E-01 -.8966E+02 -.8287E+02   .9999998 -.0004386  .0004186
T 2719  1 .1677986E+07   2000021E-01  .7589E+03  .3003E+03   .9999603  .0084587  .0027869
T 2720  1 .1681620E+07   2000015E-01 -.5214E+03  .2198E+03   .9999580  .0029179  .0086868
T 2721  1 .1701833E+07   2000001E-01 -.6343E+03 -.8789E+03   .9998842  .0058795 -.0140368
T 2722  1 .1705589E+07   2000006E-01  .1102E+04 -.1656E+03   .9999532 -.0013249 -.0095861
T 2723  1 .1652377E+07   2000008E-01 -.3168E+03 -.1755E+04   .9998165  .0035149 -.0188323
T 2724  1 .1708934E+07   2000018E-01 -.6131E+03 -.3144E+03   .9999856 -.0050818 -.0017395
T 2725  1 .1687313E+07   2000022E-01 -.7013E+03  .1369E+04   .9998391 -.0004308  .0179303
T 2726  1 .1683830E+07   2000014E-01 -.1200E+04  .1801E+04   .9999527 -.0053395  .0081269
T 2727  1 .1689940E+07   2000014E-01  .6804E+03  .1717E+03   .9999834  .0055697 -.0015031
T 2728  1 .1671393E+07   2000012E-01 -.2591E+04 -.1565E+04   .9998717 -.0139106 -.0079360
T 2729  1 .1677381E+07   2000016E-01 -.2676E+04  .3050E+04   .9989405 -.0307822  .0342109
T 2730  1 .1679693E+07   2000019E-01 -.2943E+02 -.7393E+03   .9998041  .0123694 -.0154519
T 2731  1 .1693537E+07   2000014E-01 -.5026E+03  .3797E+03   .9999873 -.0037412  .0033806
T 2732  1 .1672812E+07   2000011E-01  .7378E+03 -.1255E+04   .9998636 -.0043682 -.0159305
T 2733  1 .1670773E+07   2000017E-01 -.2879E+03 -.7333E+03   .9999046 -.0040934  .0131905
T 2734  1 .1665718E+07   2000006E-01 -.1515E+03 -.1310E+03   .9999607  .0082875  .0031572
T 2735  1 .1702933E+07   2000007E-01 -.2545E+03 -.7628E+03   .9999375 -.0041548 -.0103800
T 2736  1 .1677111E+07   2000018E-01 -.5606E+03 -.3699E+03   .9999980  .0001351  .0019840
T 2737  1 .1687040E+07   2000020E-01 -.1163E+04 -.1272E+04   .9960421 -.0625864 -.0631114
T 2738  1 .1652825E+07   2000011E-01 -.1071E+03 -.1709E+04   .9998674 -.0065535 -.0149103
T 2739  1 .1685140E+07   2000011E-01  .6121E+03  .3964E+03   .9999867  .0044528  .0026151
T 2740  1 .1671328E+07   2000015E-01  .4483E+03 -.1686E+03   .9999442  .0102182  .0026642
T 2741  1 .1685428E+07   2000022E-01  .1762E+04 -.1745E+04   .9997766  .0085053 -.0193501
T 2742  1 .1681894E+07   2000014E-01  .5606E+04 -.4459E+04   .9986277  .0399239 -.0338942
T 2743  1 .1681564E+07   2000009E-01  .3993E+03 -.9822E+03   .9997527  .0138595 -.0173915
T 2744  1 .1688797E+07   2000023E-01 -.2678E+03 -.1164E+04   .9999221  .0018654 -.0123454
T 2745  1 .1674684E+07   2000004E-01 -.9553E+03 -.1525E+04   .9998794 -.0055909 -.0144911
T 2746  1 .1709775E+07   2000013E-01  .7780E+03  .1213E+03   .9988196  .0485345 -.0019449
T 2747  1 .1678309E+07   2000022E-01  .9140E+03  .5886E+03   .9997890  .0154627  .0135261
T 2748  1 .1687835E+07   2000014E-01  .3741E+01 -.7849E+03   .9999069 -.0051054 -.0126535
T 2749  1 .1657067E+07   2000022E-01 -.2234E+03  .1445E+04   .9999156 -.0036732  .0124607
T 2750  1 .1676352E+07   2000020E-01  .1873E+04  .8310E+03   .9995872  .0215434  .0190094
T 2751  1 .1677765E+07   2000002E-01 -.2825E+04  .3501E+04   .9998755  .0044038 -.0151498
T 2752  1 .1674606E+07   2000021E-01  .2869E+04 -.2388E+03   .9998045  .0194605 -.0034992
T 2753  1 .1688651E+07   2000022E-01 -.1271E+04 -.1096E+04   .9998973 -.0136766 -.0042750
T 2754  1 .1671753E+07   2000017E-01 -.4701E+01 -.2510E+02   .9999439 -.0031985  .0100977
T 2755  1 .1685504E+07   2000004E-01  .1265E+04  .7180E+03   .9998195  .0170586  .0083645
T 2756  1 .1671384E+07   2000016E-01  .7012E+03  .1398E+03   .9999488  .0058613  .0082448
T 2757  1 .1683148E+07   2000011E-01  .8905E+03  .2218E+04   .9998862  .0052310  .0141499
T 2758  1 .1669815E+07   2000018E-01 -.2018E+04 -.8475E+03   .9999002 -.0140156  .0017584
T 2759  1 .1688790E+07   2000018E-01  .4157E+03  .1468E+04   .9999262  .0099390  .0069935
T 2760  1 .1686138E+07   2000013E-01  .1640E+04  .1803E+04   .9979090  .0294390  .0575410
T 2761  1 .1681077E+07   2000003E-01  .1158E+04 -.1392E+04   .9999471  .0090705 -.0048463
T 2762  1 .1676599E+07   2000006E-01  .8564E+03 -.8649E+03   .9998379  .0128957 -.0125646
T 2763  1 .1659995E+07   2000018E-01 -.2289E+03  .6008E+03   .9996326 -.0094528  .0254027
T 2764  1 .1674142E+07   2000009E-01  .1409E+04 -.2074E+04   .9997372 -.0007754 -.0229135
T 2765  1 .1659242E+07   2000009E-01 -.8385E+03  .1052E+04   .9993241 -.0269321  .0250189
T 2766  1 .1692025E+07   2000016E-01 -.1582E+03 -.8205E+02   .9998638  .0163078  .0025426
T 2767  1 .1691295E+07   2000022E-01 -.4698E+03 -.3678E+03   .9999747 -.0069889 -.0013410
T 2768  1 .1667033E+07   2000021E-01 -.2899E+03  .1617E+04   .9993902 -.0043119  .0346501
T 2769  1 .1699303E+07   2000011E-01  .1829E+04  .4125E+04   .9994317  .0137924  .0307563
T 2770  1 .1657869E+07   2000011E-01  .4849E+03 -.3125E+04   .9998634 -.0030354 -.0162474
T 2771  1 .1701580E+07   2000010E-01  .2531E+04  .2106E+04   .9999823  .0054690  .0023613
T 2772  1 .1695440E+07   2000022E-01  .3102E+03  .2046E+04   .9998316  .0042990  .0178379
T 2773  1 .1698006E+07   2000016E-01  .4953E+03  .1504E+04   .9996836  .0055687  .0245305
T 2774  1 .1687694E+07   2000021E-01  .6722E+03  .7557E+02   .9999953 -.0010863 -.0028517
T 2775  1 .1673280E+07   2000010E-01  .1274E+04 -.7843E+03   .9999446  .0073007 -.0075816
T 2776  1 .1692956E+07   2000005E-01  .7831E+03 -.3587E+03   .9999617  .0069197 -.0053574
T 2777  1 .1708849E+07   2000003E-01  .3955E+03  .4053E+04   .9995609  .0072985  .0287177
T 2778  1 .1707312E+07   2000010E-01  .2517E+03  .6277E+03   .9999766 -.0044799  .0051712
T 2779  1 .1658496E+07   2000019E-01 -.4854E+03  .1960E+04   .9998733 -.0104270  .0120265
T 2780  1 .1684643E+07   2000005E-01  .9096E+03 -.1921E+03   .9999037  .0106716 -.0088757
T 2781  1 .1690774E+07   2000015E-01  .7143E+03  .5065E+03   .9999533  .0082326  .0050589
T 2782  1 .1692047E+07   2000011E-01 -.3424E+03  .6802E+03   .9999949 -.0031282 -.0005663
T 2783  1 .1668494E+07   2000006E-01  .8404E+04  .5034E+04   .9895908  .1233697  .0740940
T 2784  1 .1685360E+07   2000013E-01 -.7226E+03 -.9533E+03   .9999572 -.0055425 -.0074118
T 2785  1 .1680949E+07   2000000E-01 -.1329E+04  .5384E+02   .9998373 -.0180115  .0009889
T 2786  1 .1686638E+07   2000001E-01 -.4665E+03 -.6455E+03   .9999747 -.0055777 -.0044159
T 2787  1 .1681524E+07   2000020E-01  .9436E+04  .4203E+04   .9976703  .0667752  .0139631
T 2788  1 .1677935E+07   2000021E-01 -.1287E+04  .1614E+03   .9999462 -.0103642 -.0004118
T 2789  1 .1694774E+07   2000018E-01 -.3003E+03 -.1563E+04   .9998891 -.0111657 -.0098509
T 2790  1 .1667759E+07   2000022E-01 -.9308E+03 -.2349E+03   .9999806 -.0043213 -.0044891
T 2791  1 .1668625E+07   2000003E-01 -.2046E+04 -.7731E+02   .9999872 -.0047081 -.0018296
T 2792  1 .1681928E+07   2000001E-01  .1311E+04 -.4922E+03   .9999700  .0076176 -.0013718
T 2793  1 .1672846E+07   2000010E-01 -.9917E+03  .4426E+03   .9999178 -.0105585 -.0072754
T 2794  1 .1684751E+07   2000018E-01  .7572E+03  .2172E+04   .9996608 -.0021347  .0259579
T 2795  1 .1653216E+07   2000022E-01 -.2222E+04  .2889E+04   .9997162 -.0079134  .0224697
T 2796  1 .1684188E+07   2000016E-01  .8167E+02  .4094E+03   .9999619  .0014020  .0086139
T 2797  1 .1669806E+07   2000018E-01  .2209E+04  .1578E+04   .9997314  .0219520  .0074293
T 2798  1 .1656044E+07   2000008E-01  .1246E+04  .3204E+03   .9998276  .0128289  .0134271
T 2799  1 .1669181E+07   2000003E-01 -.1391E+04 -.2098E+04   .9998022 -.0129704 -.0150774
T 2800  1 .1705891E+07   2000022E-01  .1246E+04 -.3653E+03   .9998824  .0109192 -.0107671
T 2801  1 .1663793E+07   2000019E-01 -.3780E+03 -.7849E+03   .9999829 -.0002924 -.0058451
T 2802  1 .1683820E+07   2000009E-01  .1564E+04  .5720E+04   .9986971  .0109292  .0498461
T 2803  1 .1667186E+07   2000017E-01  .5864E+03 -.1239E+03   .9999644 -.0029444  .0079103
T 2804  1 .1687867E+07   2000012E-01  .8010E+03 -.1156E+03   .9999599  .0040106  .0080066
T 2805  1 .1679187E+07   2000021E-01 -.1385E+04 -.1988E+04   .9996785 -.0154875 -.0200768
T 2806  1 .1693457E+07   2000006E-01 -.6481E+03  .3861E+03   .9998318 -.0181272  .0028043
T 2807  1 .1674139E+07   2000010E-01 -.4125E+03 -.3987E+03   .9999671  .0034027 -.0073649
T 2808  1 .1670964E+07   2000018E-01 -.2132E+04 -.8351E+03   .9991972 -.0362908 -.0169709
T 2809  1 .1678043E+07   2000000E-01 -.8991E+02  .1105E+03   .9999779 -.0045476 -.0048420
T 2810  1 .1688845E+07   2000014E-01  .3695E+04 -.1910E+04   .9996423  .0235074 -.0127507
T 2811  1 .1674356E+07   2000010E-01  .8978E+03 -.6596E+03   .9998650  .0162171 -.0026288
T 2812  1 .1690826E+07   2000014E-01 -.1001E+03 -.4133E+02   .9999382 -.0001011  .0111192
T 2813  1 .1692583E+07   2000005E-01 -.1888E+03  .1687E+04   .9999047 -.0025573  .0135691
T 2814  1 .1683732E+07   2000021E-01 -.1064E+04  .1072E+04   .9999361 -.0112583  .0009800
T 2815  1 .1673141E+07   2000012E-01  .9921E+03  .9720E+03   .9999372  .0016872  .0110783
T 2816  1 .1665544E+07   2000000E-01  .3388E+03  .2120E+04   .9998122  .0019539  .0192791
T 2817  1 .1669930E+07   2000022E-01  .4850E+03 -.7368E+02   .9999404  .0091100 -.0060179
T 2818  1 .1652102E+07   2000005E-01  .1633E+03  .1320E+04   .9999892  .0011566  .0044989
T 2819  1 .1684305E+07   2000018E-01  .1694E+04 -.3288E+03   .9999930  .0034813 -.0013782
T 2820  1 .1688496E+07   2000016E-01  .6896E+03 -.9656E+03   .9999946  .0032415 -.0006072
T 2821  1 .1691234E+07   2000014E-01 -.3242E+03 -.9643E+03   .9999547 -.0089178 -.0033248
T 2822  1 .1657925E+07   2000008E-01 -.1399E+04  .1831E+03   .9999176 -.0122105 -.0039514
T 2823  1 .1682603E+07   2000011E-01 -.1498E+03  .7725E+03   .9999680 -.0036599  .0071115
T 2824  1 .1646628E+07   2000003E-01 -.2856E+04 -.1491E+04   .9995031 -.0263966 -.0172288
T 2825  1 .1659637E+07   2000015E-01 -.2701E+03  .7380E+03   .9999277 -.0020573  .0118503
T 2826  1 .1686794E+07   2000022E-01  .2111E+03 -.9707E+03   .9999498  .0034579 -.0094058
T 2827  1 .1641805E+07   2000009E-01  .9668E+03  .1043E+04   .9998227  .0142775  .0122806
T 2828  1 .1660796E+07   2000004E-01 -.1925E+03  .6151E+03   .9998009 -.0164524  .0112904
T 2829  1 .1699024E+07   2000018E-01 -.2584E+03 -.2414E+03   .9998904  .0066789 -.0132097
T 2830  1 .1668962E+07   2000000E-01 -.2306E+03  .7090E+03   .9999712  .0002397  .0075912
T 2831  1 .1684351E+07   2000001E-01 -.4987E+03 -.8418E+03   .9998327 -.0168130 -.0072036
T 2832  1 .1679695E+07   2000018E-01  .9794E+03 -.9582E+03   .9997460  .0224808 -.0015793
T 2833  1 .1671531E+07   2000009E-01  .1815E+03  .4621E+03   .9998414  .0178024  .0005901
T 2834  1 .1658190E+07   2000022E-01  .2184E+03  .1952E+04   .9997341  .0051754  .0224728
T 2835  1 .1674008E+07   2000020E-01 -.2435E+04  .2359E+04   .9978585 -.0585266  .0292054
T 2836  1 .1679473E+07   2000015E-01  .6997E+03  .1195E+04   .9999361  .0108517  .0031595
T 2837  1 .1670602E+07   2000021E-01 -.5311E+02  .1256E+04   .9993616 -.0068025  .0350717
T 2838  1 .1704943E+07   2000005E-01  .8196E+03  .7590E+03   .9999825  .0035930  .0047069
T 2839  1 .1689430E+07   2000010E-01 -.9786E+03  .3492E+03   .9999350 -.0103021  .0048848
T 2840  1 .1680973E+07   2000022E-01 -.5418E+03 -.2120E+04   .9996588 -.0025049 -.0260016
T 2841  1 .1678491E+07   2000017E-01  .4269E+03  .8074E+03   .9998645  .0035816  .0160655
T 2842  1 .1693093E+07   2000019E-01 -.1204E+04 -.2037E+04   .9997614 -.0099015 -.0194692
T 2843  1 .1688059E+07   2000014E-01  .1692E+03  .3831E+03   .9999849 -.0023274 -.0049757
T 2844  1 .1679215E+07   2000022E-01 -.1022E+04  .1456E+04   .9997402 -.0131646  .0186085
T 2845  1 .1710965E+07   2000020E-01 -.2236E+03  .2934E+04   .9992235  .0036016  .0392350
T 2846  1 .1698754E+07   2000007E-01 -.2300E+02  .1025E+04   .9998470 -.0008187  .0174715
T 2847  1 .1705512E+07   2000014E-01  .4691E+04 -.2088E+04   .9997364  .0185426 -.0135417
T 2848  1 .1673131E+07   2000019E-01  .1243E+04 -.2162E+04   .9998602  .0091369 -.0140021
T 2849  1 .1690594E+07   2000012E-01 -.1074E+04 -.5435E+04   .9992931 -.0142737 -.0347798
T 2850  1 .1657893E+07   2000012E-01  .2689E+04 -.2002E+04   .9996728  .0243504 -.0078265
T 2851  1 .1679469E+07   2000015E-01 -.3609E+03  .1699E+04   .9998417 -.0036738  .0174105
T 2852  1 .1681298E+07   2000002E-01 -.1454E+03 -.2033E+04   .9995437 -.0065694 -.0294839
T 2853  1 .1668317E+07   2000015E-01 -.3161E+04 -.5449E+03   .9995725 -.0277441 -.0092220
T 2854  1 .1673625E+07   2000000E-01  .1456E+04 -.9722E+03   .9999240  .0087735 -.0086626
T 2855  1 .1678197E+07   2000003E-01  .1073E+04  .1578E+04   .9996636  .0238034  .0102962
T 2856  1 .1659440E+07   2000018E-01  .1448E+04 -.1511E+04   .9999407  .0077805 -.0076146
T 2857  1 .1679314E+07   2000022E-01  .5466E+03 -.9899E+03   .9998996  .0136659 -.0037380
T 2858  1 .1680028E+07   2000021E-01  .1665E+04 -.8041E+03   .9999030  .0085771  .0109728
T 2859  1 .1693013E+07   2000020E-01 -.2507E+03 -.1910E+03   .9999778  .0026523  .0061194
T 2860  1 .1689383E+07   2000014E-01  .2573E+03  .3676E+03   .9999922  .0028494  .0027489
T 2861  1 .1695373E+07   2000000E-01  .1169E+02 -.3471E+03   .9999740  .0037454 -.0061560
T 2862  1 .1669231E+07   2000015E-01 -.1631E+04  .3616E+03   .9997001 -.0243918 -.0021743
T 2863  1 .1673069E+07   2000018E-01 -.7561E+03 -.2835E+02   .9999932 -.0036785 -.0001149
T 2864  1 .1694551E+07   2000016E-01 -.1017E+03 -.1697E+04   .9996063 -.0058237 -.0274471
T 2865  1 .1681637E+07   2000021E-01  .1058E+04 -.5230E+03   .9999154  .0129789  .0008018
T 2866  1 .1678764E+07   2000022E-01 -.4722E+02  .4879E+03   .9999984  .0015957  .0008594
T 2867  1 .1674747E+07   2000019E-01  .7298E+03  .1209E+03   .9999957 -.0013264  .0025986
T 2868  1 .1662844E+07   2000015E-01 -.5016E+03  .9529E+03   .9999891  .0001043  .0046730
T 2869  1 .1673763E+07   2000014E-01 -.1620E+04  .1472E+04   .9998176 -.0183731  .0052185
T 2870  1 .1661743E+07   2000012E-01 -.3605E+04 -.7393E+03   .9993944 -.0321260 -.0133703
T 2871  1 .1663178E+07   2000006E-01  .4504E+01 -.4290E+03   .9999892  .0000994 -.0046553
T 2872  1 .1674516E+07   2000021E-01 -.3293E+03  .6209E+04   .9981037 -.0030721  .0614776
T 2873  1 .1695716E+07   2000022E-01 -.7225E+03 -.9873E+03   .9999387  .0015998 -.0109564
T 2874  1 .1693928E+07   2000021E-01  .8212E+03  .5652E+02   .9999345  .0112950 -.0018413
T 2875  1 .1670470E+07   2000004E-01 -.1938E+03  .9579E+03   .9998673 -.0023206  .0161273
T 2876  1 .1681250E+07   2000021E-01 -.1365E+04  .6735E+03   .9998781 -.0089641  .0127827
T 2877  1 .1711166E+07   2000008E-01  .9882E+02  .2877E+03   .9999754 -.0025965  .0065146
T 2878  1 .1687009E+07   2000021E-01 -.8737E+03  .4588E+03   .9999039 -.0138243  .0010094
T 2879  1 .1710151E+07   2000017E-01  .3071E+03  .4919E+03   .9999906  .0022196 -.0037256
T 2880  1 .1701874E+07   2000022E-01 -.4834E+03 -.1327E+04   .9998965 -.0042336 -.0137489
T 2881  1 .1679202E+07   2000018E-01  .4959E+03  .6993E+03   .9996922  .0177495 -.0173362
T 2882  1 .1658297E+07   2000001E-01  .2235E+04  .4091E+03   .9992757  .0333385  .0183446
T 2883  1 .1684521E+07   2000009E-01 -.1324E+04  .1480E+04   .9998457 -.0151680  .0088655
T 2884  1 .1686044E+07   2000018E-01 -.5589E+04  .2309E+04   .9989606 -.0421154  .0174387
T 2885  1 .1676381E+07   2000006E-01  .2082E+03 -.1411E+03   .9999904 -.0038160  .0021401
T 2886  1 .1689294E+07   2000001E-01  .8540E+02 -.9731E+03   .9997504  .0041834 -.0219478
T 2887  1 .1689740E+07   2000011E-01  .9268E+03 -.1352E+04   .9998647 -.0087400 -.0139385
T 2888  1 .1673361E+07   2000022E-01 -.1812E+04 -.1513E+04   .9996587 -.0059699 -.0254320
T 2889  1 .1691901E+07   2000001E-01 -.2611E+01 -.1068E+03   .9999920  .0016674  .0036277
T 2890  1 .1664887E+07   2000009E-01  .3000E+04  .9417E+03   .9997156  .0228618  .0067886
T 2891  1 .1685466E+07   2000003E-01  .8742E+03  .3144E+02   .9999583  .0039423 -.0082363
T 2892  1 .1701993E+07   2000007E-01  .1080E+04 -.6660E+02   .9999141  .0127221  .0031451
T 2893  1 .1695468E+07   2000018E-01  .2221E+03  .1865E+00   .9999995  .0009706 -.0002958
T 2894  1 .1662510E+07   2000003E-01 -.4742E+03  .1364E+04   .9999611  .0026556  .0084158
T 2895  1 .1696869E+07   2000020E-01 -.1487E+04  .8029E+03   .9994467 -.0307995  .0125548
T 2896  1 .1678761E+07   2000008E-01 -.4607E+03 -.1958E+04   .9998365 -.0115200 -.0139400
T 2897  1 .1696079E+07   2000020E-01 -.9448E+03 -.1393E+02   .9999001 -.0087930  .0110688
T 2898  1 .1705008E+07   2000003E-01 -.1114E+04 -.5399E+03   .9999199 -.0081220 -.0097057
T 2899  1 .1694961E+07   2000005E-01  .3038E+04  .1622E+04   .9991051  .0377701  .0190354
T 2900  1 .1660850E+07   2000006E-01  .4169E+03 -.7452E+03   .9999548  .0045938 -.0083289
T 2901  1 .1672817E+07   2000017E-01  .1195E+04  .2857E+03   .9999246  .0111003  .0052596
T 2902  1 .1691008E+07   2000005E-01 -.6809E+03 -.2026E+03   .9998318 -.0084133 -.0162998
T 2903  1 .1660944E+07   2000012E-01  .6936E+03  .1350E+04   .9997877  .0054175  .0198808
T 2904  1 .1687868E+07   2000014E-01  .7387E+03  .1949E+04   .9997055  .0103846  .0219354
T 2905  1 .1662291E+07   2000014E-01 -.1930E+04 -.2048E+04   .9994619 -.0312953 -.0098236
T 2906  1 .1697169E+07   2000013E-01 -.3558E+04 -.2989E+04   .9993743 -.0218334 -.0278261
T 2907  1 .1689530E+07   2000001E-01  .4577E+02  .9211E+03   .9999664  .0041133  .0070974
T 2908  1 .1695658E+07   2000013E-01  .3165E+02 -.3202E+03   .9999359  .0089414  .0069431
T 2909  1 .1690674E+07   2000020E-01 -.1666E+04  .1362E+04   .9997988 -.0073162  .0186769
T 2910  1 .1665122E+07   2000017E-01 -.2830E+03 -.9056E+03   .9999481 -.0047006 -.0090439
T 2911  1 .1694654E+07   2000016E-01  .1825E+04 -.1735E+04   .9998350  .0151568 -.0100151
T 2912  1 .1689169E+07   2000022E-01  .3936E+03  .5854E+03   .9999026  .0130124  .0050490
T 2913  1 .1661250E+07   2000006E-01  .2684E+03 -.6684E+02   .9999991  .0012525  .0003961
T 2914  1 .1684162E+07   2000017E-01 -.9083E+03 -.1928E+03   .9999917 -.0038828  .0012035
T 2915  1 .1672479E+07   2000019E-01 -.1267E+03  .1240E+04   .9998054 -.0091183  .0174917
T 2916  1 .1661582E+07   2000019E-01 -.4198E+03 -.3467E+03   .9998967 -.0099724 -.0103555
T 2917  1 .1689779E+07   2000003E-01  .8049E+03 -.2733E+03   .9999030  .0093756 -.0102994
T 2918  1 .1673209E+07   2000020E-01  .8698E+03 -.1017E+04   .9999713  .0075239 -.0009122
T 2919  1 .1689260E+07   2000017E-01 -.1647E+04  .1631E+04   .9998738 -.0077387  .0138750
T 2920  1 .1670356E+07   2000012E-01 -.9696E+02  .1717E+03   .9997392  .0156962 -.0165864
T 2921  1 .1676383E+07   2000019E-01  .2897E+03  .3883E+03   .9999950  .0024222 -.0020108
T 2922  1 .1671762E+07   2000001E-01 -.1696E+04 -.1070E+04   .9999275 -.0093893 -.0075437
T 2923  1 .1680126E+07   2000000E-01  .1251E+01 -.3484E+03   .9999735  .0041106 -.0060089
T 2924  1 .1701543E+07   2000009E-01  .6217E+03  .2345E+04   .9997694 -.0174368  .0125356
T 2925  1 .1710513E+07   2000015E-01 -.7176E+03  .6743E+03   .9999692 -.0061206  .0049111
T 2926  1 .1664559E+07   2000017E-01  .1717E+03  .4765E+03   .9997968  .0100275  .0174882
T 2927  1 .1692083E+07   2000000E-01  .5095E+03  .1419E+03   .9999978 -.0017535 -.0011662
T 2928  1 .1677355E+07   2000007E-01 -.1874E+04 -.3718E+04   .9988275 -.0191365 -.0444672
T 2929  1 .1696883E+07   2000000E-01  .6122E+03  .2631E+03   .9999745  .0070712  .0009589
T 2930  1 .1674951E+07   2000015E-01 -.1954E+02 -.3283E+03   .9999952 -.0000415  .0030919
T 2931  1 .1686505E+07   2000019E-01  .4366E+03  .5571E+03   .9996129  .0234996  .0148940
T 2932  1 .1648278E+07   2000016E-01  .7292E+03 -.1796E+04   .9999258  .0066724 -.0101964
T 2933  1 .1687244E+07   2000019E-01 -.2656E+03 -.9410E+03   .9999681 -.0079449  .0008586
T 2934  1 .1691780E+07   2000010E-01  .1023E+03  .1032E+03   .9999961 -.0012343  .0025209
T 2935  1 .1674966E+07   2000009E-01  .5333E+03 -.2596E+04   .9996393  .0022368 -.0267614
T 2936  1 .1691098E+07   2000013E-01  .1110E+04 -.2323E+04   .9997385  .0074484 -.0216212
T 2937  1 .1671095E+07   2000002E-01 -.1809E+04 -.4512E+03   .9998136 -.0155134 -.0114935
T 2938  1 .1671219E+07   2000005E-01 -.1038E+04 -.1822E+04   .9997736 -.0194854 -.0085474
T 2939  1 .1659997E+07   2000012E-01  .3097E+04 -.1619E+04   .9985853  .0455369 -.0274557
T 2940  1 .1695476E+07   2000017E-01 -.1010E+04 -.2427E+03   .9998447  .0004031 -.0176175
T 2941  1 .1695202E+07   2000022E-01 -.8248E+03 -.1694E+04   .9999321  .0021313 -.0114577
T 2942  1 .1689675E+07   2000002E-01 -.1450E+04 -.6246E+03   .9999767 -.0056109 -.0038793
T 2943  1 .1678134E+07   2000014E-01  .1593E+04 -.1025E+04   .9997528  .0161715 -.0152587
T 2944  1 .1680886E+07   2000016E-01  .6165E+03 -.2501E+04   .9996159  .0125841 -.0246913
T 2945  1 .1684893E+07   2000018E-01 -.4472E+04 -.3995E+04   .9992319 -.0255376 -.0297214
T 2946  1 .1683723E+07   2000017E-01 -.1939E+04 -.1840E+03   .9999296 -.0087492  .0080208
T 2947  1 .1667742E+07   2000004E-01  .4384E+03  .9243E+02   .9999799  .0051006 -.0037605
T 2948  1 .1675479E+07   2000017E-01  .1169E+04  .2873E+03   .9999569  .0067170 -.0064024
T 2949  1 .1679952E+07   2000012E-01 -.6933E+02  .6096E+03   .9999780 -.0009085  .0065744
T 2950  1 .1683804E+07   2000015E-01 -.1392E+04  .3465E+03   .9999611 -.0086550  .0017198
T 2951  1 .1686796E+07   2000003E-01 -.1132E+04  .2226E+03   .9999777  .0001666  .0066788
T 2952  1 .1679929E+07   2000009E-01  .6845E+03  .7624E+03   .9999414  .0004123  .0108208
T 2953  1 .1691372E+07   2000002E-01 -.2275E+04 -.5780E+03   .9996297 -.0226749 -.0150459
T 2954  1 .1681422E+07   2000010E-01  .6662E+04 -.1763E+04   .9990150  .0363647 -.0254290
T 2955  1 .1665972E+07   2000012E-01 -.3021E+03 -.5693E+03   .9998490 -.0104665 -.0138686
T 2956  1 .1686493E+07   2000010E-01  .1441E+04  .1588E+04   .9998959  .0137455  .0043781
T 2957  1 .1674461E+07   2000003E-01 -.1382E+04  .1215E+03   .9998549 -.0086515 -.0146726
T 2958  1 .1695392E+07   2000014E-01 -.1471E+04 -.2726E+04   .9976442 -.0325981 -.0603614
T 2959  1 .1661762E+07   2000017E-01  .1766E+03  .1057E+04   .9999504  .0045699  .0088514
T 2960  1 .1660899E+07   2000017E-01  .9200E+03  .2729E+04   .9995888  .0092396  .0271462
T 2961  1 .1701391E+07   2000017E-01 -.9576E+03  .3265E+03   .9999758 -.0064935  .0025140
T 2962  1 .1667360E+07   2000010E-01 -.3282E+04  .1703E+03   .9976276 -.0684526 -.0073037
T 2963  1 .1688210E+07   2000010E-01 -.9579E+03 -.1426E+04   .9999328 -.0107188 -.0044242
T 2964  1 .1674798E+07   2000008E-01  .8222E+03 -.4048E+03   .9998498  .0123679 -.0121418
T 2965  1 .1698914E+07   2000019E-01  .7719E+03 -.3336E+03   .9999423  .0044004 -.0098003
T 2966  1 .1661709E+07   2000010E-01 -.1004E+04  .4015E+03   .9998469 -.0085230 -.0152839
T 2967  1 .1664616E+07   2000022E-01 -.3097E+04 -.8795E+03   .9997766 -.0133510 -.0163846
T 2968  1 .1691535E+07   2000013E-01  .1829E+04  .3833E+03   .9999674  .0077004 -.0024089
T 2969  1 .1714488E+07   2000017E-01  .9795E+03 -.1249E+03   .9999604  .0085323 -.0025257
T 2970  1 .1673791E+07   2000013E-01 -.3713E+03  .3530E+03   .9997801 -.0017879  .0208936
T 2971  1 .1659130E+07   2000017E-01 -.1665E+04  .3290E+03   .9998212 -.0094257  .0163916
T 2972  1 .1689065E+07   2000019E-01  .1182E+04 -.3877E+03   .9998934  .0118914 -.0084714
T 2973  1 .1685899E+07   2000008E-01 -.6437E+03  .6194E+03   .9999499 -.0081293  .0058479
T 2974  1 .1680917E+07   2000014E-01 -.2851E+04 -.7491E+02   .9999319 -.0116443  .0007297
T 2975  1 .1682094E+07   2000003E-01 -.1414E+04  .2280E+04   .9995982 -.0210721  .0189596
T 2976  1 .1678857E+07   2000018E-01  .5179E+03 -.1026E+04   .9999006  .0011224 -.0140524
T 2977  1 .1694046E+07   2000002E-01  .1807E+04  .3743E+03   .9996778  .0173308  .0185468
T 2978  1 .1680134E+07   2000014E-01  .3332E+04  .8497E+03   .9992593  .0380611  .0056750
T 2979  1 .1697044E+07   2000001E-01 -.2904E+03  .5252E+03   .9999779 -.0044417  .0049458
T 2980  1 .1663824E+07   2000006E-01  .2858E+04  .6904E+03   .9998442  .0165092 -.0062526
T 2981  1 .1667069E+07   2000013E-01 -.8175E+03 -.7204E+03   .9999320 -.0109399 -.0040451
T 2982  1 .1678403E+07   2000001E-01  .1677E+02 -.1509E+04   .9999522 -.0051592 -.0083090
T 2983  1 .1651114E+07   2000015E-01  .8242E+04 -.1912E+03   .9861553  .1626882 -.0320979
T 2984  1 .1673963E+07   2000012E-01  .4925E+03  .1679E+04   .9999558 -.0008178  .0093665
T 2985  1 .1676541E+07   2000001E-01  .9850E+03  .2147E+03   .9999391  .0106642  .0028427
T 2986  1 .1692506E+07   2000012E-01  .2098E+04 -.3661E+03   .9998856  .0145774 -.0040301
T 2987  1 .1675023E+07   2000004E-01  .5864E+01 -.7548E+02   .9999902 -.0035452 -.0026505
T 2988  1 .1663266E+07   2000008E-01  .1436E+03 -.9924E+03   .9999425  .0089624 -.0058839
T 2989  1 .1699630E+07   2000012E-01 -.1008E+04  .1738E+04   .9997611 -.0100907  .0193911
T 2990  1 .1681648E+07   2000000E-01 -.4719E+03  .8050E+03   .9999658  .0008474  .0082257
T 2991  1 .1698714E+07   2000018E-01 -.1744E+03 -.4668E+03   .9999769 -.0020082 -.0064903
T 2992  1 .1696133E+07   2000016E-01  .3555E+03  .6735E+03   .9999745  .0000338  .0071480
T 2993  1 .1671296E+07   2000013E-01 -.7393E+02  .1393E+04   .9996117 -.0019211  .0277978
T 2994  1 .1699563E+07   2000017E-01  .6868E+03 -.1798E+04   .9995932  .0075904 -.0274922
T 2995  1 .1671101E+07   2000011E-01  .3097E+02  .5343E+03   .9999874 -.0004923  .0050030
T 2996  1 .1682644E+07   2000019E-01  .3801E+04 -.2551E+04   .9980591  .0564686 -.0262557
T 2997  1 .1682707E+07   2000005E-01 -.1589E+04 -.1482E+04   .9997428 -.0176023 -.0142982
T 2998  1 .1691765E+07   2000010E-01 -.4284E+03  .6817E+03   .9999574 -.0026028  .0088591
T 2999  1 .1676935E+07   2000007E-01 -.4571E+03 -.4411E+03   .9999998 -.0005984 -.0001299
T 3000  1 .1661555E+07   2000015E-01 -.2062E+04  .4274E+03   .9995695 -.0293290  .0007457
T 3001  1 .1684943E+07   2000013E-01  .3988E+03 -.8751E+03   .9999880  .0004872  .0048772
T 3002  1 .1663211E+07   2000019E-01  .3584E+03  .8297E+03   .9997711 -.0140999  .0160917
T 3003  1 .1673976E+07   2000016E-01  .3467E+03 -.7736E+03   .9999989  .0006610 -.0012986
T 3004  1 .1685647E+07   2000002E-01  .3125E+02 -.8767E+02   .9999417  .0005364 -.0107888
T 3005  1 .1695244E+07   2000011E-01  .3073E+03 -.6497E+03   .9999911 -.0003592 -.0041978
T 3006  1 .1682906E+07   2000006E-01 -.2058E+03 -.5387E+03   .9993494 -.0145316 -.0330099
T 3007  1 .1673729E+07   2000005E-01 -.6715E+03  .2871E+02   .9999309 -.0096999 -.0066419
T 3008  1 .1653709E+07   2000009E-01  .3299E+03 -.6238E+03   .9999896 -.0018338 -.0041659
T 3009  1 .1687777E+07   2000011E-01 -.1817E+03 -.7130E+03   .9999322 -.0038373 -.0109984
T 3010  1 .1680185E+07   2000020E-01  .4644E+03  .9445E+03   .9999750 -.0015947  .0068920
T 3011  1 .1686655E+07   2000019E-01 -.1597E+04  .1490E+04   .9999006 -.0135927 -.0037463
T 3012  1 .1662943E+07   2000005E-01 -.1611E+03  .2061E+04   .9998545  .0030409  .0167847
T 3013  1 .1674240E+07   2000001E-01 -.6176E+03 -.4212E+03   .9999582 -.0002428 -.0091361
T 3014  1 .1663797E+07   2000008E-01 -.8320E+03 -.1521E+03   .9999728 -.0057240  .0046464
T 3015  1 .1701753E+07   2000007E-01  .1017E+03  .1238E+04   .9999759  .0021178  .0066176
T 3016  1 .1704582E+07   2000005E-01  .9002E+03  .5893E+03   .9998410  .0125094  .0127054
T 3017  1 .1684379E+07   2000012E-01  .1258E+04 -.3048E+03   .9999341  .0109626  .0034014
T 3018  1 .1654716E+07   2000020E-01  .4899E+04 -.2239E+04   .9984823  .0508289 -.0212007
T 3019  1 .1687161E+07   2000006E-01 -.1173E+04  .4092E+02   .9999896 -.0033577  .0030853
T 3020  1 .1691085E+07   2000019E-01  .7106E+02  .1226E+03   .9999598 -.0001444 -.0089673
T 3021  1 .1645639E+07   2000017E-01  .8676E+03 -.8818E+03   .9999230  .0040657 -.0117221
T 3022  1 .1668439E+07   2000019E-01 -.3704E+03  .2023E+03   .9999819 -.0053120 -.0028292
T 3023  1 .1679757E+07   2000000E-01 -.4987E+03 -.1996E+04   .9999306 -.0028934 -.0114168
T 3024  1 .1685608E+07   2000015E-01  .5866E+03 -.8108E+03   .9999252  .0057576 -.0107953
T 3025  1 .1681169E+07   2000002E-01  .1387E+03 -.5611E+03   .9999158  .0006695 -.0129587
T 3026  1 .1699033E+07   2000008E-01  .1432E+04 -.1776E+04   .9993399  .0311678 -.0186629
T 3027  1 .1681043E+07   2000010E-01  .5058E+03  .2047E+04   .9996419 -.0025154  .0266419
T 3028  1 .1689075E+07   2000021E-01  .8963E+03 -.9270E+03   .9998275  .0158509 -.0096838
T 3029  1 .1682266E+07   2000018E-01  .1257E+04 -.1007E+04   .9995512 -.0050839 -.0295214
T 3030  1 .1679171E+07   2000014E-01 -.9253E+03  .1387E+04   .9998634 -.0071203  .0149155
T 3031  1 .1677596E+07   2000016E-01 -.9047E+03  .3970E+03   .9999810 -.0060987 -.0009200
T 3032  1 .1676787E+07   2000020E-01 -.2665E+04 -.9969E+03   .9997654 -.0216596 -.0000581
T 3033  1 .1674189E+07   2000021E-01  .2918E+03 -.1622E+03   .9999885 -.0042838 -.0021382
T 3034  1 .1693123E+07   2000023E-01  .4151E+03  .3959E+03   .9999314  .0115312  .0020612
T 3035  1 .1687034E+07   2000018E-01  .1546E+04 -.1494E+04   .9997395  .0149273 -.0172663
T 3036  1 .1659496E+07   2000013E-01  .2826E+03 -.6243E+02   .9996075  .0251876 -.0122623
T 3037  1 .1650011E+07   2000012E-01 -.1089E+04  .4782E+03   .9999669 -.0074049  .0033577
T 3038  1 .1699555E+07   2000005E-01  .6567E+03  .8531E+03   .9996866  .0107603  .0226045
T 3039  1 .1679670E+07   2000018E-01 -.2723E+03 -.1070E+03   .9999756  .0036780 -.0059440
T 3040  1 .1662360E+07   2000011E-01 -.8685E+03  .1467E+04   .9996937 -.0172502  .0177474
T 3041  1 .1694232E+07   2000005E-01  .7037E+03  .4097E+03   .9999875  .0038728  .0031707
T 3042  1 .1681487E+07   2000021E-01 -.1100E+04 -.2053E+03   .9996350 -.0189800  .0192268
T 3043  1 .1675574E+07   2000004E-01  .1323E+04  .1207E+04   .9996505  .0109187  .0240764
T 3044  1 .1653615E+07   2000008E-01  .3635E+03 -.4827E+03   .9999926  .0013805 -.0035826
T 3045  1 .1711697E+07   2000003E-01 -.8069E+03  .3090E+03   .9999906 -.0032819 -.0028454
T 3046  1 .1662076E+07   2000021E-01 -.9626E+03 -.3025E+03   .9997451 -.0195074 -.0113662
T 3047  1 .1691904E+07   2000002E-01 -.7087E+03 -.2847E+02   .9999547 -.0075624 -.0057863
T 3048  1 .1671740E+07   2000010E-01 -.3940E+04 -.2268E+03   .9994881 -.0289674 -.0135776
T 3049  1 .1704534E+07   2000004E-01 -.1513E+04 -.9928E+03   .9997991 -.0197344  .0035028
T 3050  1 .1669582E+07   2000010E-01  .1006E+03 -.6828E+03   .9999788  .0028289 -.0058693
T 3051  1 .1656081E+07   2000002E-01  .1970E+03  .1459E+04   .9997725  .0137597  .0162966
T 3052  1 .1681148E+07   2000014E-01  .8928E+03  .2455E+03   .9999681  .0072956  .0032456
T 3053  1 .1686156E+07   2000005E-01 -.4057E+03 -.1392E+04   .9999651 -.0000155 -.0083527
T 3054  1 .1669018E+07   2000001E-01 -.6405E+03 -.6704E+02   .9999830 -.0054762  .0020176
T 3055  1 .1659904E+07   2000017E-01  .2475E+03  .7410E+03   .9999901 -.0016587  .0041287
T 3056  1 .1668422E+07   2000016E-01 -.3811E+03 -.3211E+03   .9998906 -.0119113 -.0087696
T 3057  1 .1685945E+07   2000022E-01 -.1927E+04  .7081E+02   .9999045 -.0137042 -.0017995
T 3058  1 .1690101E+07   2000010E-01 -.3103E+03 -.2734E+03   .9999685 -.0008473 -.0078910
T 3059  1 .1668817E+07   2000022E-01 -.2492E+04 -.3447E+03   .9997231 -.0142764 -.0187085
T 3060  1 .1662355E+07   2000005E-01 -.1112E+04 -.6645E+03   .9999677 -.0053332 -.0060108
T 3061  1 .1695930E+07   2000022E-01  .1071E+04 -.3003E+03   .9997929  .0203483  .0001323
T 3062  1 .1684926E+07   2000007E-01  .6528E+03  .2689E+03   .9999031  .0138639  .0012628
T 3063  1 .1672791E+07   2000017E-01  .7809E+03  .2984E+03   .9998855  .0036960  .0146774
T 3064  1 .1690518E+07   2000005E-01 -.1198E+03 -.7674E+03   .9998901 -.0082105 -.0123472
T 3065  1 .1665621E+07   2000003E-01 -.2401E+04  .1113E+03   .9996901 -.0248668 -.0011192
T 3066  1 .1663766E+07   2000001E-01  .1515E+02  .8040E+03   .9999674 -.0026813  .0076199
T 3067  1 .1689461E+07   2000006E-01  .6225E+01 -.1258E+04   .9998684  .0024634 -.0160372
T 3068  1 .1695340E+07   2000022E-01 -.1185E+04  .1350E+04   .9998551 -.0084833  .0147605
T 3069  1 .1664087E+07   2000009E-01  .6712E+03  .1258E+03   .9998229  .0188126  .0004676
T 3070  1 .1677415E+07   2000018E-01  .1554E+04 -.8244E+03   .9998980  .0071941 -.0123401
T 3071  1 .1689394E+07   2000006E-01 -.1148E+04  .1326E+04   .9999339 -.0106955  .0042108
T 3072  1 .1683736E+07   2000014E-01  .2227E+04  .8972E+03   .9997500  .0169708  .0145610
T 3073  1 .1684280E+07   2000013E-01 -.1342E+04 -.6056E+03   .9999937  .0015205 -.0031943
T 3074  1 .1687888E+07   2000001E-01 -.6796E+03  .9609E+03   .9999468 -.0039342  .0095381
T 3075  1 .1665328E+07   2000006E-01  .5155E+03 -.1144E+04   .9999342  .0040454 -.0107300
T 3076  1 .1641618E+07   2000002E-01 -.5227E+03  .1527E+04   .9999149 -.0034811  .0125732
T 3077  1 .1671504E+07   2000021E-01 -.1177E+03  .6195E+02   .9999807 -.0008393  .0061562
T 3078  1 .1681649E+07   2000010E-01 -.1085E+04 -.6841E+03   .9999392 -.0081318 -.0074481
T 3079  1 .1639292E+07   2000002E-01 -.1870E+04  .2563E+03   .9998405 -.0170842  .0052081
T 3080  1 .1682764E+07   2000018E-01 -.1316E+04  .1235E+03   .9996764 -.0249548 -.0049331
T 3081  1 .1683124E+07   2000018E-01 -.3018E+03 -.4523E+02   .9999889  .0010060  .0046127
T 3082  1 .1666513E+07   2000011E-01  .7656E+03 -.1017E+04   .9999280  .0073872 -.0094570
T 3083  1 .1687580E+07   2000003E-01  .1426E+04 -.6273E+03   .9998248  .0137981 -.0126460
T 3084  1 .1693708E+07   2000011E-01 -.2987E+03  .5830E+03   .9998948 -.0138732  .0042238
T 3085  1 .1683097E+07   2000003E-01  .4069E+03  .4660E+03   .9999853  .0051139 -.0017934
T 3086  1 .1698903E+07   2000002E-01 -.2846E+03  .5067E+03   .9999549  .0069167 -.0065140
T 3087  1 .1678220E+07   2000018E-01  .7516E+03  .2080E+04   .9999309 -.0028968  .0113895
T 3088  1 .1668641E+07   2000019E-01  .1465E+04 -.6629E+03   .9999738  .0071489 -.0011275
T 3089  1 .1668925E+07   2000008E-01  .3685E+01 -.3995E+02   .9999801  .0062766 -.0005974
T 3090  1 .1662099E+07   2000023E-01 -.4491E+03 -.5972E+03   .9999705 -.0070116 -.0031245
T 3091  1 .1677452E+07   2000010E-01  .5179E+03 -.1450E+04   .9999398 -.0006141 -.0109544
T 3092  1 .1689657E+07   2000014E-01  .1006E+04  .5487E+03   .9999936  .0024871  .0025547
T 3093  1 .1695250E+07   2000019E-01  .3640E+04  .8705E+03   .9992942  .0318154  .0199725
T 3094  1 .1689870E+07   2000020E-01  .1103E+03  .1021E+04   .9998493  .0163652  .0057936
T 3095  1 .1691484E+07   2000019E-01  .1284E+04 -.1575E+04   .9998537  .0096545 -.0141198
T 3096  1 .1663765E+07   2000008E-01 -.1972E+03 -.5805E+03   .9999470 -.0063501 -.0081085
T 3097  1 .1674151E+07   2000013E-01 -.9681E+03 -.2568E+03   .9999774 -.0066506 -.0009389
T 3098  1 .1672652E+07   2000018E-01  .2229E+03 -.4869E+03   .9999199  .0039917 -.0120094
T 3099  1 .1683316E+07   2000008E-01  .6360E+04  .2882E+04   .9943695  .0911130  .0541084
T 3100  1 .1687218E+07   2000002E-01 -.5708E+03 -.3077E+04   .9998309  .0055375 -.0175333
T 3101  1 .1703879E+07   2000017E-01 -.5987E+03 -.2014E+03   .9999658 -.0039387 -.0072716
T 3102  1 .1675475E+07   2000001E-01  .7435E+03 -.3398E+03   .9999838  .0054211 -.0017211
T 3103  1 .1683540E+07   2000008E-01  .5420E+03  .8027E+03   .9996802  .0111888  .0226774
T 3104  1 .1690834E+07   2000008E-01  .1164E+04  .1843E+04   .9998801  .0072487  .0136833
T 3105  1 .1673273E+07   2000017E-01  .6472E+03 -.3728E+03   .9999681  .0059333 -.0053503
T 3106  1 .1647096E+07   2000017E-01  .1694E+04  .2664E+03   .9999057  .0133902  .0030324
T 3107  1 .1698936E+07   2000021E-01 -.1116E+04 -.8920E+04   .9992403 -.0021589 -.0389135
T 3108  1 .1675733E+07   2000015E-01 -.1048E+04 -.6175E+03   .9999989 -.0007302  .0012905
T 3109  1 .1697158E+07   2000019E-01  .1320E+04  .2269E+03   .9991817  .0032915  .0403125
T 3110  1 .1681142E+07   2000015E-01  .4297E+03  .6911E+03   .9999856  .0053597 -.0002918
T 3111  1 .1671784E+07   2000017E-01  .4370E+04 -.3607E+04   .9995781  .0231003 -.0176046
T 3112  1 .1677791E+07   2000013E-01  .1138E+04  .3956E+03   .9999204  .0104564  .0070581
T 3113  1 .1650618E+07   2000013E-01 -.1669E+04 -.2066E+03   .9995346 -.0264118  .0152655
T 3114  1 .1686755E+07   2000000E-01  .5333E+02 -.9013E+03   .9999988  .0004916  .0014510
T 3115  1 .1703758E+07   2000014E-01  .1294E+03 -.2132E+03   .9999816  .0006652  .0060378
T 3116  1 .1660331E+07   2000022E-01  .9570E+02  .6013E+03   .9999929 -.0006789 -.0036952
T 3117  1 .1676148E+07   2000007E-01 -.7688E+03  .6787E+03   .9996699 -.0160931  .0200268
T 3118  1 .1667650E+07   2000015E-01  .1030E+03  .5369E+03   .9999660 -.0073427  .0037457
T 3119  1 .1667721E+07   2000015E-01  .8472E+03  .2655E+03   .9997416  .0214620  .0074879
T 3120  1 .1673687E+07   2000021E-01  .1668E+04  .6525E+03   .9998643  .0140775  .0085597
T 3121  1 .1681325E+07   2000017E-01 -.1344E+04 -.5891E+03   .9999951 -.0029941 -.0008992
T 3122  1 .1671487E+07   2000012E-01  .2727E+03 -.2887E+03   .9999754 -.0002465 -.0070030
T 3123  1 .1679137E+07   2000002E-01  .1578E+03  .5108E+03   .9999489 -.0037717  .0093817
T 3124  1 .1676248E+07   2000023E-01  .2339E+04  .2334E+03   .9998126  .0191866  .0025674
T 3125  1 .1657535E+07   2000019E-01 -.2489E+03 -.3162E+03   .9999999  .0000378 -.0001719
T 3126  1 .1682472E+07   2000016E-01 -.2818E+03 -.2396E+03   .9999979 -.0018203 -.0009345
T 3127  1 .1687363E+07   2000012E-01 -.5244E+03 -.5854E+03   .9996908 -.0161869 -.0188772
T 3128  1 .1661197E+07   2000001E-01 -.3098E+03 -.2045E+02   .9998362 -.0142410  .0111663
T 3129  1 .1673985E+07   2000011E-01 -.2515E+04 -.2680E+04   .9996357 -.0213637 -.0164925
T 3130  1 .1658561E+07   2000017E-01  .4324E+03  .1043E+04   .9999435  .0069508  .0080477
T 3131  1 .1686540E+07   2000004E-01  .8889E+03  .7313E+02   .9999819  .0011576  .0059093
T 3132  1 .1666810E+07   2000002E-01  .2405E+04  .5590E+03   .9998229  .0184327  .0037992
T 3133  1 .1676913E+07   2000017E-01  .2526E+04  .1327E+04   .9996181  .0252916  .0111345
T 3134  1 .1689007E+07   2000013E-01 -.8862E+03  .8145E+03   .9999905 -.0024567  .0035909
T 3135  1 .1698302E+07   2000013E-01  .1008E+04  .8060E+03   .9999668  .0055816  .0059368
T 3136  1 .1682143E+07   2000020E-01 -.1365E+03  .2392E+04   .9993265  .0029537  .0365767
T 3137  1 .1679872E+07   2000000E-01  .7113E+03  .6709E+03   .9999885  .0025658  .0040439
T 3138  1 .1660482E+07   2000015E-01  .6696E+03 -.1828E+04   .9988340  .0209188 -.0435093
T 3139  1 .1660976E+07   2000014E-01  .3511E+01 -.2559E+03   .9999793  .0057186  .0029461
T 3140  1 .1665398E+07   2000011E-01 -.5000E+03 -.1067E+03   .9999324 -.0059336 -.0100035
T 3141  1 .1669902E+07   2000011E-01  .8231E+03  .6936E+03   .9996797  .0231245  .0102790
T 3142  1 .1671124E+07   2000017E-01  .1823E+04  .3021E+04   .9990555  .0393154  .0185027
T 3143  1 .1687477E+07   2000019E-01 -.2298E+03 -.4122E+03   .9999971  .0013957  .0019766
T 3144  1 .1698017E+07   2000003E-01  .7283E+03  .1057E+04   .9999487  .0017033  .0099853
T 3145  1 .1692589E+07   2000000E-01  .2146E+04  .1357E+04   .9999054  .0117357  .0071803
T 3146  1 .1666745E+07   2000009E-01  .6572E+04 -.1579E+04   .9980021  .0631560 -.0017687
T 3147  1 .1671285E+07   2000013E-01 -.2253E+03 -.2806E+04   .9998324  .0001768 -.0183072
T 3148  1 .1702190E+07   2000000E-01 -.1698E+03 -.1107E+04   .9999872 -.0007577 -.0049964
T 3149  1 .1684792E+07   2000020E-01  .1076E+04  .7095E+03   .9999518  .0047558  .0085909
T 3150  1 .1692454E+07   2000022E-01  .3514E+03 -.1611E+04   .9998155 -.0024973 -.0190466
T 3151  1 .1668982E+07   2000011E-01 -.2247E+02  .5675E+03   .9996440 -.0122545  .0237012
T 3152  1 .1692636E+07   2000021E-01  .1212E+04 -.1293E+04   .9998431  .0132810 -.0117208
T 3153  1 .1706863E+07   2000020E-01 -.1234E+04  .5595E+03   .9998862 -.0143242  .0047398
T 3154  1 .1677786E+07   2000008E-01 -.7272E+03  .5686E+03   .9999187  .0075278  .0102891
T 3155  1 .1673531E+07   2000008E-01  .1715E+04 -.3376E+04   .9993550  .0183305 -.0308800
T 3156  1 .1679638E+07   2000005E-01  .1352E+04  .5856E+03   .9998341  .0113054  .0142803
T 3157  1 .1674239E+07   2000017E-01  .1086E+04  .1559E+04   .9999439  .0069829  .0079668
T 3158  1 .1678874E+07   2000018E-01 -.3309E+03 -.5830E+03   .9999864 -.0048783 -.0018368
T 3159  1 .1679726E+07   2000015E-01 -.3982E+03 -.1811E+02   .9999994 -.0010618  .0000424
T 3160  1 .1679576E+07   2000001E-01  .9336E+03 -.1332E+03   .9998564  .0161160 -.0052420
T 3161  1 .1664771E+07   2000009E-01  .1657E+04 -.3164E+04   .9999166  .0010642 -.0128694
T 3162  1 .1687635E+07   2000020E-01 -.1745E+04 -.2237E+04   .9998455 -.0128948 -.0119499
T 3163  1 .1675162E+07   2000021E-01 -.1190E+04 -.8320E+02   .9998808 -.0145250  .0052387
T 3164  1 .1683421E+07   2000021E-01  .1317E+04 -.1308E+04   .9997533  .0165136 -.0148529
T 3165  1 .1674236E+07   2000005E-01 -.2533E+03  .4276E+03   .9999422  .0007628  .0107247
T 3166  1 .1680647E+07   2000019E-01  .3671E+03 -.5969E+03   .9998702  .0115842 -.0111953
T 3167  1 .1671905E+07   2000022E-01 -.6644E+03  .1578E+04   .9998664 -.0097736  .0131052
T 3168  1 .1675485E+07   2000011E-01 -.2837E+02 -.6923E+02   .9999999  .0004958 -.0001761
T 3169  1 .1689921E+07   2000002E-01 -.4886E+03  .6195E+03   .9999667 -.0070618  .0041008
T 3170  1 .1689126E+07   2000019E-01 -.1815E+04 -.2200E+04   .9998223 -.0044841 -.0183081
T 3171  1 .1674725E+07   2000020E-01  .7127E+02  .8917E+02   .9999950 -.0022658 -.0022048
T 3172  1 .1672956E+07   2000015E-01  .8394E+03  .3356E+03   .9999990  .0011385  .0008292
T 3173  1 .1692000E+07   2000020E-01 -.1794E+04 -.8028E+03   .9998572 -.0130297 -.0107654
T 3174  1 .1704110E+07   2000005E-01  .3587E+03  .6762E+03   .9999621  .0087057  .0002720
T 3175  1 .1687366E+07   2000009E-01 -.5774E+04 -.1183E+04   .9986230 -.0520654 -.0064210
T 3176  1 .1685750E+07   2000023E-01  .3398E+04 -.2420E+04   .9982808  .0422237 -.0406513
T 3177  1 .1683830E+07   2000009E-01  .5027E+03 -.1374E+04   .9998587  .0047144 -.0161333
T 3178  1 .1671625E+07   2000016E-01 -.7424E+03 -.9485E+03   .9998925 -.0026186 -.0144280
T 3179  1 .1686299E+07   2000012E-01  .1125E+04  .9552E+03   .9994273 -.0113849 -.0318665
T 3180  1 .1672175E+07   2000008E-01  .2207E+02 -.3737E+03   .9999830  .0055551  .0017559
T 3181  1 .1666191E+07   2000015E-01  .1416E+04 -.1357E+04   .9997797  .0168812 -.0124749
T 3182  1 .1692577E+07   2000016E-01  .7867E+03  .1435E+03   .9999065  .0136518 -.0007976
T 3183  1 .1660058E+07   2000017E-01 -.1597E+04 -.2017E+02   .9998923 -.0140182  .0043558
T 3184  1 .1698073E+07   2000011E-01  .3915E+03  .1544E+04   .9999659  .0054271  .0062207
T 3185  1 .1658465E+07   2000006E-01  .2372E+03 -.3831E+03   .9999960 -.0021684 -.0018422
T 3186  1 .1665156E+07   2000013E-01  .3545E+03 -.7442E+03   .9999728 -.0066130 -.0032625
T 3187  1 .1680334E+07   2000017E-01 -.3196E+03  .7139E+02   .9999846  .0055288  .0005649
T 3188  1 .1678269E+07   2000021E-01 -.4872E+03  .2709E+04   .9996626 -.0149234  .0212588
T 3189  1 .1706766E+07   2000012E-01 -.1063E+04 -.1559E+04   .9998929 -.0112627 -.0093467
T 3190  1 .1687157E+07   2000012E-01  .2709E+03 -.1054E+04   .9997956  .0000808 -.0202193
T 3191  1 .1671515E+07   2000009E-01  .8397E+03 -.3645E+03   .9998364  .0143665  .0109895
T 3192  1 .1665188E+07   2000011E-01 -.3705E+03 -.1792E+04   .9995176 -.0044989 -.0307295
T 3193  1 .1659902E+07   2000011E-01  .3933E+02 -.1376E+03   .9998169 -.0065914 -.0179653
T 3194  1 .1669919E+07   2000012E-01 -.1980E+02 -.4770E+03   .9999187 -.0021458 -.0125693
T 3195  1 .1686174E+07   2000023E-01 -.2315E+04 -.3110E+04   .9996228 -.0147945 -.0231366
T 3196  1 .1665915E+07   2000000E-01 -.5297E+03  .4648E+03   .9999513  .0024041  .0095738
T 3197  1 .1689975E+07   2000016E-01 -.3685E+03 -.2219E+03   .9999670 -.0072784  .0036041
T 3198  1 .1668117E+07   2000006E-01 -.3123E+04 -.7546E+04   .9993159 -.0165984 -.0330497
T 3199  1 .1674860E+07   2000010E-01  .1750E+04 -.2861E+03   .9999755  .0069240 -.0010152
T 3200  1 .1661193E+07   2000012E-01 -.5598E+03 -.2452E+04   .9998433 -.0071244 -.0162066
T 3201  1 .1687181E+07   2000003E-01  .1498E+03 -.8890E+03   .9999300 -.0051122 -.0106688
T 3202  1 .1668243E+07   2000012E-01  .3231E+03  .1125E+04   .9998750 -.0046248  .0151216
T 3203  1 .1692119E+07   2000011E-01  .6852E+03  .8550E+03   .9997585  .0213260  .0053123
T 3204  1 .1699023E+07   2000016E-01  .1864E+04  .1817E+04   .9997910  .0136265  .0152374
T 3205  1 .1691589E+07   2000016E-01 -.3377E+04  .3089E+04   .9994879 -.0143343  .0286081
T 3206  1 .1652100E+07   2000018E-01  .6532E+03 -.1001E+04   .9986795 -.0171674 -.0484196
T 3207  1 .1682754E+07   2000017E-01 -.1422E+03 -.4885E+03   .9999651  .0059924 -.0058255
T 3208  1 .1686702E+07   2000015E-01  .2391E+03  .1908E+03   .9999301 -.0089103 -.0077749
T 3209  1 .1676066E+07   2000008E-01 -.1034E+04  .1869E+03   .9999870 -.0050361 -.0008033
T 3210  1 .1701574E+07   2000013E-01 -.8123E+03 -.1651E+03   .9999800 -.0062845  .0006392
T 3211  1 .1666283E+07   2000000E-01  .1054E+04 -.4680E+02   .9999750 -.0029486  .0064269
T 3212  1 .1675895E+07   2000008E-01 -.4537E+03 -.1384E+04   .9999159 -.0087880 -.0095386
T 3213  1 .1668537E+07   2000016E-01  .1929E+04  .3422E+03   .9999500  .0089271 -.0045144
T 3214  1 .1695555E+07   2000003E-01 -.2032E+04 -.2568E+04   .9997803 -.0130584 -.0163969
T 3215  1 .1680929E+07   2000019E-01  .1088E+04  .1576E+04   .9995188  .0199411  .0237606
T 3216  1 .1674700E+07   2000017E-01 -.2497E+04  .1920E+04   .9994549 -.0190607  .0269561
T 3217  1 .1679740E+07   2000008E-01  .2449E+04 -.1603E+04   .9992383  .0281499 -.0270252
T 3218  1 .1685573E+07   2000015E-01  .2193E+03 -.8008E+03   .9999591 -.0058084 -.0069293
T 3219  1 .1665462E+07   2000004E-01 -.5001E+04 -.9681E+03   .9995329 -.0303861  .0032710
T 3220  1 .1689824E+07   2000020E-01 -.4020E+03  .1817E+03   .9999022  .0094668  .0102914
T 3221  1 .1677783E+07   2000020E-01 -.8943E+03  .5365E+03   .9999602  .0081598  .0036213
T 3222  1 .1676510E+07   2000002E-01  .4138E+02  .1056E+02   .9999568  .0087679 -.0030850
T 3223  1 .1691557E+07   2000017E-01  .1742E+03  .1765E+04   .9996997  .0077177  .0232574
T 3224  1 .1697585E+07   2000022E-01  .2484E+04 -.1808E+04   .9997915  .0195870 -.0057719
T 3225  1 .1685661E+07   2000005E-01 -.8184E+03 -.4660E+03   .9999791  .0019102 -.0061788
T 3226  1 .1669870E+07   2000016E-01 -.1315E+03 -.1849E+04   .9970887  .0674931  .0354796
T 3227  1 .1667362E+07   2000012E-01 -.1749E+03  .2105E+03   .9996767 -.0148523  .0206372
T 3228  1 .1680145E+07   2000004E-01  .1773E+04  .9858E+03   .9999444  .0060965  .0086089
T 3229  1 .1676744E+07   2000004E-01 -.1708E+03 -.8694E+03   .9999766  .0027043 -.0062840
T 3230  1 .1687692E+07   2000004E-01  .2081E+03 -.1721E+04   .9998187  .0032627 -.0187612
T 3231  1 .1658116E+07   2000002E-01 -.1393E+03 -.6953E+02   .9999851 -.0029079  .0046143
T 3232  1 .1674123E+07   2000016E-01  .2374E+03  .3522E+03   .9999983 -.0015867  .0009728
T 3233  1 .1669340E+07   2000003E-01  .1156E+04  .6478E+03   .9999502  .0095113  .0030276
T 3234  1 .1677677E+07   2000021E-01  .6075E+03  .1944E+04   .9998551  .0076219  .0152243
T 3235  1 .1668686E+07   2000021E-01  .6402E+03  .2891E+03   .9995740  .0139601  .0256324
T 3236  1 .1679034E+07   2000014E-01 -.3835E+02 -.1903E+04   .9999567  .0021184 -.0090614
T 3237  1 .1675982E+07   2000021E-01  .1463E+04 -.5870E+02   .9998341  .0166586  .0073679
T 3238  1 .1662151E+07   2000001E-01  .2306E+03 -.3970E+03   .9999976  .0015396  .0015543
T 3239  1 .1681558E+07   2000015E-01  .2097E+03  .3421E+03   .9999975 -.0021995  .0003688
T 3240  1 .1679224E+07   2000015E-01  .8860E+03  .2300E+03   .9998284  .0168762 -.0076442
T 3241  1 .1644550E+07   2000018E-01  .8549E+03  .7954E+03   .9999571  .0090276  .0020572
T 3242  1 .1680610E+07   2000005E-01 -.1053E+04 -.8685E+02   .9998499 -.0166139 -.0049192
T 3243  1 .1703687E+07   2000023E-01  .1321E+03  .8926E+03   .9999956 -.0007883  .0028740
T 3244  1 .1671939E+07   2000000E-01 -.1119E+03  .3734E+03   .9999652  .0071779 -.0042435
T 3245  1 .1688686E+07   2000017E-01 -.1010E+02  .1601E+04   .9999571  .0009255  .0092118
T 3246  1 .1689943E+07   2000000E-01 -.4939E+03 -.1581E+04   .9999226  .0078462 -.0096558
T 3247  1 .1678168E+07   2000016E-01  .4414E+03  .1196E+04   .9999588  .0043998  .0079454
T 3248  1 .1683672E+07   2000008E-01 -.9792E+04 -.1460E+05   .9853507 -.0901870 -.1447420
T 3249  1 .1685886E+07   2000008E-01  .1349E+04  .2340E+03   .9999408  .0085819  .0066848
T 3250  1 .1669227E+07   2000000E-01  .1677E+04 -.1590E+03   .9998601  .0151019 -.0071933
T 3251  1 .1660118E+07   2000006E-01 -.4869E+03 -.6861E+02   .9999963 -.0005910 -.0026374
T 3252  1 .1706515E+07   2000021E-01  .1115E+04  .6487E+04   .9968047  .0196322  .0774266
T 3253  1 .1689937E+07   2000021E-01  .6976E+03  .3777E+03   .9999548  .0084055  .0044522
T 3254  1 .1663128E+07   2000021E-01  .2745E+04 -.9784E+03   .9997347  .0211757 -.0090657
T 3255  1 .1667990E+07   2000005E-01  .2877E+03 -.3726E+03   .9999328  .0077541 -.0086221
T 3256  1 .1679482E+07   2000007E-01 -.1975E+04  .1292E+03   .9999261 -.0119287 -.0023494
T 3257  1 .1688125E+07   2000021E-01  .2157E+03  .1215E+03   .9998941  .0090214  .0114189
T 3258  1 .1665845E+07   2000020E-01 -.5600E+03 -.5088E+03   .9999190 -.0074925 -.0102889
T 3259  1 .1685272E+07   2000015E-01 -.2786E+03 -.1113E+04   .9986822 -.0197227 -.0473800
T 3260  1 .1679758E+07   2000005E-01  .7041E+02 -.1202E+04   .9998804  .0051171 -.0145967
T 3261  1 .1683264E+07   2000018E-01  .3101E+03 -.8639E+03   .9999899 -.0026589 -.0036249
T 3262  1 .1672862E+07   2000022E-01  .3247E+03 -.4390E+03   .9999918  .0033122 -.0023260
T 3263  1 .1699978E+07   2000014E-01  .3519E+03  .1084E+04   .9999573  .0048134  .0078932
T 3264  1 .1691647E+07   2000009E-01 -.1166E+04  .3052E+03   .9999771 -.0056086  .0037850
T 3265  1 .1660880E+07   2000006E-01 -.2068E+04  .1359E+04   .9992877 -.0307918  .0218186
T 3266  1 .1698044E+07   2000011E-01  .1275E+03 -.1591E+04   .9999719 -.0032383 -.0067626
T 3267  1 .1663372E+07   2000009E-01  .2409E+03  .1420E+04   .9999576 -.0066854  .0063261
T 3268  1 .1674324E+07   2000015E-01 -.7901E+03  .1102E+03   .9999966 -.0019484  .0017402
T 3269  1 .1677616E+07   2000002E-01  .1811E+03 -.1257E+04   .9999850 -.0033000 -.0043797
T 3270  1 .1697793E+07   2000020E-01 -.1746E+04 -.1141E+04   .9999501 -.0064152 -.0076631
T 3271  1 .1682413E+07   2000013E-01 -.1485E+03 -.2597E+04   .9999301  .0011388 -.0117664
T 3272  1 .1692705E+07   2000013E-01  .3784E+03 -.4252E+03   .9999572  .0024908  .0089125
T 3273  1 .1687773E+07   2000002E-01 -.1556E+03  .2852E+03   .9999880 -.0041233  .0026434
T 3274  1 .1672665E+07   2000015E-01 -.5566E+02  .1513E+03   .9999921  .0009469  .0038596
T 3275  1 .1667163E+07   2000019E-01 -.3544E+02  .1161E+03   .9999997  .0007127  .0004367
T 3276  1 .1656035E+07   2000002E-01 -.5759E+03  .1259E+02   .9999680 -.0047285 -.0064495
T 3277  1 .1654273E+07   2000022E-01  .2782E+04  .2479E+04   .9996043  .0206902  .0190555
T 3278  1 .1691680E+07   2000015E-01 -.3248E+03 -.4605E+03   .9999544 -.0082828 -.0047487
T 3279  1 .1667041E+07   2000005E-01 -.2839E+03 -.7015E+03   .9999606  .0024342 -.0085357
T 3280  1 .1682395E+07   2000019E-01 -.2452E+04 -.6263E+03   .9998694 -.0157397 -.0036639
T 3281  1 .1675668E+07   2000010E-01 -.2495E+03  .3817E+03   .9999755 -.0051921  .0046989
T 3282  1 .1661544E+07   2000014E-01 -.2082E+04  .6285E+04   .9970100 -.0085312  .0768003
T 3283  1 .1665422E+07   2000020E-01 -.1458E+04  .1371E+04   .9998064 -.0114095  .0160327
T 3284  1 .1683232E+07   2000019E-01 -.7124E+04 -.9159E+03   .9992799 -.0374882 -.0058648
T 3285  1 .1680043E+07   2000016E-01 -.2207E+02  .6521E+03   .9998259 -.0066608  .0174327
T 3286  1 .1646980E+07   2000012E-01 -.1349E+04 -.4203E+03   .9999601 -.0075534 -.0047601
T 3287  1 .1690012E+07   2000018E-01 -.8495E+02 -.8927E+03   .9999613 -.0039206 -.0078816
T 3288  1 .1687980E+07   2000018E-01  .1208E+04  .2479E+03   .9999086  .0114746 -.0071535
T 3289  1 .1677041E+07   2000021E-01 -.1925E+03  .4926E+03   .9999055  .0006210  .0137354
T 3290  1 .1652241E+07   2000000E-01 -.4321E+03 -.1865E+04   .9998566 -.0056734 -.0159582
T 3291  1 .1702446E+07   2000005E-01  .7811E+03  .2338E+03   .9999522  .0095227 -.0022023
T 3292  1 .1674701E+07   2000008E-01 -.7544E+03 -.5554E+03   .9999477 -.0098596 -.0027341
T 3293  1 .1673535E+07   2000019E-01  .1006E+04 -.5268E+03   .9998340  .0165622 -.0075936
T 3294  1 .1658500E+07   2000020E-01 -.1258E+04 -.1068E+04   .9999072 -.0122548  .0059466
T 3295  1 .1696006E+07   2000011E-01  .5958E+03  .8941E+03   .9999515  .0062947  .0075738
T 3296  1 .1677911E+07   2000022E-01 -.2272E+04 -.1082E+04   .9998600 -.0166356 -.0018164
T 3297  1 .1647074E+07   2000005E-01 -.1323E+04 -.7236E+03   .9997027 -.0222481 -.0099760
T 3298  1 .1678236E+07   2000005E-01  .1768E+04  .9456E+03   .9999389  .0091660  .0061770
T 3299  1 .1653606E+07   2000014E-01  .3405E+04 -.1898E+05   .9925095  .0134326 -.1214270
T 3300  1 .1704882E+07   2000016E-01  .5401E+03  .1196E+04   .9999433  .0029280  .0102425
T 3301  1 .1675365E+07   2000012E-01  .6529E+03  .8528E+03   .9999951  .0020871  .0023423
T 3302  1 .1664182E+07   2000002E-01  .2512E+04  .9258E+03   .9996514  .0232427  .0125213
T 3303  1 .1672477E+07   2000018E-01 -.7989E+03  .8087E+03   .9999350 -.0087740  .0072826
T 3304  1 .1684005E+07   2000015E-01  .8603E+03  .5326E+03   .9998795  .0141139 -.0064631
T 3305  1 .1675790E+07   2000001E-01  .8953E+02  .9006E+03   .9999773  .0007481  .0066949
T 3306  1 .1699660E+07   2000022E-01  .4659E+03 -.3860E+03   .9999560  .0062015  .0070447
T 3307  1 .1668481E+07   2000004E-01 -.1620E+04  .1937E+03   .9998090 -.0195212 -.0009208
T 3308  1 .1679171E+07   2000001E-01 -.1072E+03 -.1129E+04   .9998277 -.0022005 -.0184344
T 3309  1 .1674334E+07   2000014E-01 -.9327E+04 -.9747E+03   .9961316 -.0878004 -.0035908
T 3310  1 .1674905E+07   2000004E-01  .2435E+04  .6323E+03   .9997777  .0201585  .0061781
T 3311  1 .1694175E+07   2000001E-01  .1361E+03  .1099E+04   .9999774 -.0011159  .0066312
T 3312  1 .1706141E+07   2000014E-01 -.3705E+02 -.8767E+02   .9999836 -.0055178 -.0015401
T 3313  1 .1678423E+07   2000014E-01  .1330E+03  .2642E+04   .9998202  .0042363  .0184850
T 3314  1 .1691615E+07   2000017E-01  .7766E+03  .1048E+04   .9999277  .0064498  .0101453
T 3315  1 .1678731E+07   2000012E-01 -.3909E+02 -.1178E+03   .9999483 -.0101231 -.0009415
T 3316  1 .1653492E+07   2000008E-01  .7578E+03  .1165E+04   .9999254  .0031809  .0117941
T 3317  1 .1677882E+07   2000022E-01  .1432E+04 -.1061E+04   .9996303  .0255226 -.0093705
T 3318  1 .1681535E+07   2000016E-01 -.4626E+03 -.1372E+03   .9999597 -.0087662 -.0019401
T 3319  1 .1681600E+07   2000022E-01 -.7427E+02  .1477E+04   .9999445 -.0029154  .0101205
T 3320  1 .1658826E+07   2000021E-01  .1739E+04 -.1156E+04   .9997790  .0168505 -.0125714
T 3321  1 .1675673E+07   2000002E-01  .1308E+03  .2367E+03   .9999846 -.0008858  .0054875
T 3322  1 .1684426E+07   2000017E-01 -.3559E+02  .1524E+04   .9999025  .0125776  .0060599
T 3323  1 .1674399E+07   2000010E-01 -.8559E+03  .7428E+03   .9999885 -.0048029  .0001325
T 3324  1 .1677038E+07   2000007E-01 -.1510E+04  .3803E+03   .9998600 -.0137514  .0095312
T 3325  1 .1687008E+07   2000003E-01  .1042E+04  .2730E+03   .9999634  .0083956  .0016659
T 3326  1 .1679559E+07   2000015E-01  .6416E+04 -.1606E+04   .9988841  .0455141 -.0126135
T 3327  1 .1662369E+07   2000018E-01  .8356E+03 -.1518E+04   .9998205 -.0002658 -.0189446
T 3328  1 .1676371E+07   2000008E-01 -.1912E+04  .1178E+04   .9999084 -.0128248  .0043329
T 3329  1 .1658009E+07   2000015E-01  .1902E+04 -.1008E+03   .9999030  .0126790 -.0057612
T 3330  1 .1644024E+07   2000019E-01 -.1381E+03  .9482E+03   .9999888  .0027823  .0038166
T 3331  1 .1704093E+07   2000010E-01  .4032E+03  .1122E+04   .9999989  .0009735  .0011529
T 3332  1 .1711134E+07   2000012E-01  .1279E+04 -.1237E+04   .9996522  .0234522 -.0120613
T 3333  1 .1681918E+07   2000017E-01  .3351E+04 -.5378E+03   .9994411  .0334275  .0004262
T 3334  1 .1668509E+07   2000015E-01 -.1695E+04 -.8732E+03   .9998038 -.0196639 -.0024014
T 3335  1 .1680218E+07   2000008E-01 -.1661E+04  .2477E+03   .9998592 -.0165073  .0030189
T 3336  1 .1663175E+07   2000020E-01 -.7771E+03 -.1289E+04   .9996031 -.0251227 -.0127457
T 3337  1 .1688736E+07   2000015E-01  .1243E+04  .1204E+04   .9998449  .0125220  .0123847
T 3338  1 .1699520E+07   2000014E-01 -.1009E+04 -.7940E+03   .9999432 -.0077956 -.0072741
T 3339  1 .1674521E+07   2000000E-01 -.2033E+04  .3492E+03   .9999499 -.0099359 -.0012461
T 3340  1 .1674265E+07   2000003E-01 -.1237E+04 -.3044E+04   .9990511 -.0224088 -.0373459
T 3341  1 .1687275E+07   2000010E-01 -.1740E+04 -.2450E+03   .9999547 -.0081942  .0048433
T 3342  1 .1711861E+07   2000015E-01  .3136E+04 -.4622E+03   .9999175  .0012388 -.0127869
T 3343  1 .1692788E+07   2000022E-01  .1414E+03  .7045E+03   .9999773 -.0048824 -.0046329
T 3344  1 .1694046E+07   2000019E-01  .2486E+04 -.8665E+03   .9998085  .0183484 -.0068067
T 3345  1 .1678932E+07   2000023E-01 -.1834E+04 -.3690E+03   .9999448 -.0081771  .0065964
T 3346  1 .1665334E+07   2000021E-01  .1594E+03  .1887E+03   .9999938  .0033596  .0010499
T 3347  1 .1712857E+07   2000013E-01  .9828E+03 -.6620E+03   .9998426  .0172745 -.0040392
T 3348  1 .1661013E+07   2000000E-01 -.1750E+04  .1531E+03   .9996788 -.0244485  .0066725
T 3349  1 .1704026E+07   2000014E-01  .1832E+04 -.2635E+04   .9998496  .0025374 -.0171577
T 3350  1 .1665176E+07   2000018E-01 -.9559E+03  .1757E+04   .9997748 -.0133770  .0164772
T 3351  1 .1668968E+07   2000014E-01  .1905E+04 -.8936E+03   .9995460  .0260949 -.0150604
T 3352  1 .1705372E+07   2000017E-01  .2367E+02 -.8000E+03   .9999028  .0033948 -.0135204
T 3353  1 .1664813E+07   2000009E-01  .1711E+04 -.1084E+04   .9998555  .0161232 -.0053826
T 3354  1 .1684853E+07   2000021E-01  .3558E+03 -.5370E+03   .9999412  .0101254 -.0038803
T 3355  1 .1693176E+07   2000018E-01  .1088E+04 -.2736E+04   .9998156  .0090124 -.0169575
T 3356  1 .1704539E+07   2000007E-01  .3686E+03 -.1959E+04   .9997276 -.0007545 -.0233284
T 3357  1 .1691755E+07   2000017E-01  .2721E+04  .1696E+04   .9992865  .0344761  .0154263
T 3358  1 .1711507E+07   2000014E-01 -.1774E+04 -.9727E+03   .9998537 -.0131403 -.0109528
T 3359  1 .1656893E+07   2000021E-01 -.4558E+03 -.1651E+04   .9999258 -.0043368 -.0113867
T 3360  1 .1670264E+07   2000002E-01  .2506E+03 -.3065E+03   .9999987 -.0014881  .0006679
T 3361  1 .1662802E+07   2000012E-01 -.1969E+03  .2106E+04   .9997734 -.0049775  .0206977
T 3362  1 .1685161E+07   2000018E-01  .5079E+03  .3608E+01   .9999872  .0026528  .0043031
T 3363  1 .1691195E+07   2000013E-01 -.2619E+03 -.5532E+03   .9999100 -.0119756 -.0060463
T 3364  1 .1690178E+07   2000001E-01  .2834E+03  .6745E+03   .9999421  .0061244  .0088431
T 3365  1 .1688604E+07   2000014E-01  .4890E+03 -.9777E+03   .9998251  .0037472 -.0183208
T 3366  1 .1678105E+07   2000003E-01 -.3676E+03 -.8130E+02   .9999541  .0057768 -.0076468
T 3367  1 .1664378E+07   2000015E-01 -.6265E+03  .9262E+03   .9998554 -.0086522  .0146407
T 3368  1 .1685746E+07   2000018E-01 -.4276E+03  .1035E+03   .9999426 -.0092274 -.0054491
T 3369  1 .1669880E+07   2000007E-01  .2267E+04  .1528E+04   .9992826  .0370239  .0079673
T 3370  1 .1672487E+07   2000021E-01  .1241E+04 -.6604E+03   .9999631  .0084804 -.0013978
T 3371  1 .1692656E+07   2000017E-01 -.3510E+02  .5146E+02   .9999782 -.0062540 -.0021403
T 3372  1 .1675503E+07   2000021E-01 -.2239E+03 -.1185E+04   .9998560 -.0095716 -.0140165
T 3373  1 .1680969E+07   2000020E-01 -.8548E+03 -.1827E+03   .9999776 -.0066838 -.0003573
T 3374  1 .1677902E+07   2000014E-01 -.1467E+03 -.1480E+02   .9999860 -.0020458 -.0048719
T 3375  1 .1677281E+07   2000005E-01  .3492E+03 -.1333E+03   .9999820  .0060041  .0000494
T 3376  1 .1680463E+07   2000010E-01  .3685E+03 -.3810E+03   .9999117  .0131089 -.0021823
T 3377  1 .1651541E+07   2000001E-01  .6125E+03 -.8161E+03   .9999155  .0107850 -.0072528
T 3378  1 .1694727E+07   2000019E-01  .1152E+04 -.1195E+04   .9998470  .0147235 -.0094444
T 3379  1 .1666834E+07   2000000E-01  .3751E+03 -.8845E+03   .9999849  .0016904 -.0052206
T 3380  1 .1688246E+07   2000016E-01 -.3364E+04 -.3153E+03   .9997936 -.0199824 -.0036816
T 3381  1 .1663570E+07   2000021E-01 -.9302E+02 -.7606E+03   .9999669 -.0037354 -.0072334
T 3382  1 .1698156E+07   2000010E-01 -.1883E+03  .5550E+03   .9999956 -.0000713 -.0029503
T 3383  1 .1659786E+07   2000002E-01 -.5428E+03  .7447E+02   .9999895 -.0045712 -.0001540
T 3384  1 .1675697E+07   2000019E-01 -.4037E+03  .7147E+03   .9998121 -.0132753  .0141275
T 3385  1 .1692005E+07   2000018E-01  .1049E+04 -.2050E+03   .9999815 -.0017656  .0058164
T 3386  1 .1660608E+07   2000004E-01  .1135E+04  .4963E+02   .9996527  .0257997  .0053772
T 3387  1 .1700466E+07   2000004E-01  .1090E+03 -.1270E+04   .9998169  .0098324 -.0164190
T 3388  1 .1682987E+07   2000012E-01 -.4182E+04  .2122E+04   .9997679 -.0200886  .0077802
T 3389  1 .1681242E+07   2000002E-01  .2917E+04 -.2536E+04   .9987352  .0267936 -.0425443
T 3390  1 .1683629E+07   2000016E-01 -.6883E+03  .2423E+04   .9998807 -.0007165  .0154312
T 3391  1 .1698896E+07   2000020E-01  .1520E+04  .2192E+03   .9996353  .0135105  .0233833
T 3392  1 .1671881E+07   2000011E-01 -.3394E+04  .3508E+04   .9993420 -.0273587  .0238128
T 3393  1 .1675852E+07   2000001E-01  .8822E+03  .9749E+03   .9998452  .0159710  .0073775
T 3394  1 .1683182E+07   2000019E-01  .8944E+02 -.4661E+03   .9999965 -.0007412  .0025264
T 3395  1 .1667369E+07   2000017E-01 -.4830E+03  .1708E+04   .9998404 -.0051464  .0171070
T 3396  1 .1656249E+07   2000012E-01 -.2743E+04  .2528E+03   .9997151 -.0230614  .0061623
T 3397  1 .1705894E+07   2000016E-01 -.4785E+04 -.8689E+03   .9992440 -.0378475 -.0088855
T 3398  1 .1675461E+07   2000018E-01  .1011E+04  .3643E+04   .9996452  .0020479  .0265555
T 3399  1 .1688964E+07   2000014E-01 -.1070E+04  .4385E+03   .9999596  .0010567  .0089237
T 3400  1 .1687770E+07   2000002E-01  .8838E+03  .2147E+04   .9999378  .0110210  .0017268
T 3401  1 .1686537E+07   2000006E-01 -.2672E+03  .6240E+03   .9999834 -.0046476  .0034039
T 3402  1 .1668828E+07   2000019E-01  .5891E+04  .7526E+03   .9995274  .0305642  .0032887
T 3403  1 .1681631E+07   2000022E-01  .8160E+02 -.5954E+03   .9999615  .0026991  .0083473
T 3404  1 .1683658E+07   2000005E-01  .6601E+03  .8367E+03   .9993194  .0101457  .0354666
T 3405  1 .1669400E+07   2000001E-01 -.2217E+04 -.2271E+03   .9992781 -.0379249  .0022401
T 3406  1 .1660039E+07   2000006E-01 -.4479E+03  .8462E+03   .9999491 -.0099534  .0016730
T 3407  1 .1679767E+07   2000002E-01  .1397E+04 -.1107E+04   .9998577  .0100491 -.0135497
T 3408  1 .1670846E+07   2000018E-01  .2180E+04  .7928E+03   .9999156  .0126480  .0029622
T 3409  1 .1672056E+07   2000001E-01 -.1385E+04 -.5470E+02   .9998554 -.0166131 -.0036406
T 3410  1 .1678489E+07   2000019E-01 -.8633E+03  .5214E+03   .9999386 -.0089295  .0065639
T 3411  1 .1700417E+07   2000020E-01 -.1175E+03 -.3333E+03   .9999825  .0040804 -.0042746
T 3412  1 .1692340E+07   2000000E-01 -.8084E+02  .1968E+03   .9998969 -.0087548  .0113851
T 3413  1 .1676402E+07   2000013E-01 -.2456E+03 -.6869E+03   .9999743 -.0012348 -.0070613
T 3414  1 .1698856E+07   2000002E-01 -.1355E+04 -.4496E+03   .9999249 -.0103651 -.0065356
T 3415  1 .1694678E+07   2000001E-01 -.5897E+03 -.1007E+03   .9999853 -.0009576 -.0053410
T 3416  1 .1664861E+07   2000009E-01 -.2099E+04  .4537E+03   .9992853 -.0350091 -.0142561
T 3417  1 .1695324E+07   2000018E-01 -.5643E+03 -.1148E+04   .9999906  .0042394 -.0008949
T 3418  1 .1687813E+07   2000017E-01  .1355E+04  .2129E+04   .9992717  .0171760  .0340738
T 3419  1 .1658985E+07   2000018E-01  .2202E+03 -.3443E+03   .9999583  .0062344  .0066751
T 3420  1 .1677243E+07   2000021E-01 -.2519E+02 -.6214E+03   .9999887 -.0002518  .0047431
T 3421  1 .1693114E+07   2000017E-01 -.5665E+03  .2388E+03   .9999989 -.0002997 -.0014311
T 3422  1 .1678654E+07   2000014E-01  .1931E+03  .1057E+03   .9994861  .0285179 -.0146376
T 3423  1 .1674808E+07   2000011E-01  .6460E+03 -.1649E+04   .9999253  .0063439 -.0104503
T 3424  1 .1693681E+07   2000012E-01 -.1104E+04 -.3493E+04   .9998131 -.0039761 -.0189212
T 3425  1 .1671604E+07   2000017E-01 -.2334E+03 -.6568E+02   .9998089 -.0159260  .0113341
T 3426  1 .1709654E+07   2000018E-01 -.2080E+03 -.7027E+02   .9999622 -.0077089  .0040301
T 3427  1 .1665662E+07   2000016E-01  .3042E+04  .2444E+04   .9995529  .0107017  .0279206
T 3428  1 .1691337E+07   2000012E-01  .2304E+04  .1253E+04   .9985196  .0524948  .0142418
T 3429  1 .1704601E+07   2000020E-01  .2678E+03 -.1992E+04   .9996177 -.0039614 -.0273643
T 3430  1 .1676480E+07   2000012E-01 -.6556E+03  .2090E+02   .9999039 -.0134383 -.0034023
T 3431  1 .1682178E+07   2000019E-01 -.1948E+04  .8559E+03   .9993778 -.0325414  .0136037
T 3432  1 .1696506E+07   2000009E-01  .1402E+04  .9908E+03   .9999392  .0104320  .0035812
T 3433  1 .1661229E+07   2000019E-01  .1213E+04 -.4265E+02   .9999686  .0076507 -.0020572
T 3434  1 .1705290E+07   2000015E-01  .1064E+03  .6899E+03   .9999460 -.0023756  .0101171
T 3435  1 .1669499E+07   2000010E-01  .2763E+03  .9896E+03   .9998660  .0126939  .0103394
T 3436  1 .1682621E+07   2000021E-01 -.1788E+02 -.2848E+04   .9999660 -.0076689 -.0030387
T 3437  1 .1681389E+07   2000010E-01  .8614E+03  .1361E+04   .9998824  .0102559  .0114034
T 3438  1 .1687256E+07   2000018E-01  .4998E+03 -.1319E+04   .9999198  .0062793 -.0109965
T 3439  1 .1667399E+07   2000001E-01 -.7613E+03 -.9045E+03   .9999978 -.0019928  .0005782
T 3440  1 .1684626E+07   2000016E-01 -.4155E+03 -.1797E+03   .9999977 -.0005455 -.0020902
T 3441  1 .1702549E+07   2000006E-01 -.2326E+03  .9699E+02   .9999599 -.0087527 -.0019172
T 3442  1 .1666420E+07   2000013E-01 -.1191E+04 -.7505E+02   .9998980 -.0117103  .0081816
T 3443  1 .1657576E+07   2000011E-01  .8294E+03 -.4391E+03   .9998022  .0198621  .0010685
T 3444  1 .1672316E+07   2000004E-01 -.1157E+04  .7973E+03   .9998470 -.0159277  .0072270
T 3445  1 .1681397E+07   2000018E-01 -.9123E+03  .3527E+03   .9999833 -.0057780 -.0002102
T 3446  1 .1673210E+07   2000000E-01  .2126E+04 -.1404E+04   .9996800  .0243931 -.0066968
T 3447  1 .1695640E+07   2000014E-01  .1297E+04 -.1373E+04   .9997861  .0160520 -.0130416
T 3448  1 .1678756E+07   2000003E-01 -.2991E+03  .5429E+03   .9998594 -.0022767  .0166134
T 3449  1 .1668374E+07   2000020E-01 -.1152E+04 -.8127E+02   .9999909 -.0029794 -.0030602
T 3450  1 .1678301E+07   2000011E-01  .2434E+03  .2593E+03   .9999946  .0031314  .0010460
T 3451  1 .1682020E+07   2000020E-01  .1657E+04  .5431E+03   .9997850  .0175139  .0111025
T 3452  1 .1679466E+07   2000005E-01  .3281E+03 -.7080E+02   .9999995 -.0005290  .0008931
T 3453  1 .1696572E+07   2000000E-01  .9421E+03 -.1358E+04   .9997171  .0105414 -.0213201
T 3454  1 .1677499E+07   2000014E-01  .2050E+03  .7151E+03   .9999744  .0052456  .0048744
T 3455  1 .1665471E+07   2000001E-01  .4132E+02 -.8826E+03   .9998969  .0006523 -.0143432
T 3456  1 .1671916E+07   2000013E-01 -.1255E+04 -.1789E+04   .9992059 -.0265655 -.0296972
T 3457  1 .1661547E+07   2000010E-01  .9984E+03  .1461E+04   .9998527  .0147499  .0087749
T 3458  1 .1678191E+07   2000021E-01  .8485E+03 -.8771E+03   .9999145  .0108943 -.0072256
T 3459  1 .1673236E+07   2000003E-01  .5154E+03  .1279E+04   .9999280 -.0063489  .0101838
T 3460  1 .1687077E+07   2000004E-01 -.4311E+03  .1597E+04   .9997597  .0087760  .0200895
T 3461  1 .1689019E+07   2000016E-01  .4991E+02 -.4852E+03   .9999944 -.0033311  .0003176
T 3462  1 .1684016E+07   2000016E-01  .1531E+04  .2520E+03   .9999647  .0079497  .0027084
T 3463  1 .1659937E+07   2000011E-01 -.6393E+03 -.3240E+03   .9999176 -.0125917 -.0025033
T 3464  1 .1694693E+07   2000010E-01 -.5843E+03 -.9922E+02   .9999522 -.0097698  .0004152
T 3465  1 .1662470E+07   2000015E-01  .4377E+04  .3873E+04   .9996736  .0198588  .0160714
T 3466  1 .1657731E+07   2000015E-01  .2118E+03  .2948E+03   .9999730  .0064314  .0035572
T 3467  1 .1692229E+07   2000015E-01 -.2235E+04  .4747E+03   .9998457 -.0170120  .0043745
T 3468  1 .1658072E+07   2000013E-01  .6569E+03  .3845E+02   .9999878  .0000254 -.0049463
T 3469  1 .1680973E+07   2000008E-01 -.1669E+04  .6783E+03   .9998209 -.0186736  .0030653
T 3470  1 .1671563E+07   2000020E-01  .1131E+04 -.6830E+03   .9998651  .0137353  .0090116
T 3471  1 .1677958E+07   2000005E-01 -.1212E+04 -.1120E+04   .9999802 -.0046337 -.0042580
T 3472  1 .1674964E+07   2000021E-01  .1579E+05  .1784E+05   .9850433  .1133034  .1298157
T 3473  1 .1686880E+07   2000001E-01  .1303E+04 -.1253E+04   .9997487  .0111349 -.0194539
T 3474  1 .1670044E+07   2000016E-01  .1097E+03 -.1411E+04   .9998143 -.0061326 -.0182715
T 3475  1 .1685264E+07   2000017E-01 -.2378E+04  .7668E+03   .9998569 -.0168926  .0008849
T 3476  1 .1670388E+07   2000002E-01  .1752E+04 -.4933E+03   .9997700  .0213831  .0016427
T 3477  1 .1687067E+07   2000007E-01  .1741E+04 -.7430E+03   .9998143  .0178037 -.0073696
T 3478  1 .1649703E+07   2000011E-01 -.1022E+03  .5846E+03   .9998706 -.0088553  .0134293
T 3479  1 .1676995E+07   2000011E-01  .4964E+03  .2947E+03   .9999480  .0093450  .0040801
T 3480  1 .1698523E+07   2000010E-01  .5762E+03  .1486E+04   .9999244 -.0028532  .0119592
T 3481  1 .1651728E+07   2000010E-01  .4077E+03 -.1188E+04   .9997834  .0003606 -.0208082
T 3482  1 .1703831E+07   2000011E-01  .3085E+03  .4666E+03   .9999827 -.0058222  .0008150
T 3483  1 .1668623E+07   2000009E-01 -.6651E+03  .3015E+04   .9997582 -.0137599  .0171548
T 3484  1 .1685451E+07   2000020E-01 -.3347E+04  .1743E+03   .9997890 -.0205381 -.0003840
T 3485  1 .1682737E+07   2000006E-01 -.1138E+04 -.1394E+04   .9999767 -.0051895 -.0044285
T 3486  1 .1687034E+07   2000001E-01 -.7251E+03 -.3013E+03   .9999458 -.0055387 -.0088161
T 3487  1 .1683662E+07   2000010E-01  .2360E+03 -.2374E+03   .9999958  .0028434  .0005593
T 3488  1 .1681203E+07   2000020E-01  .3428E+03 -.4088E+03   .9999898  .0040318 -.0020440
T 3489  1 .1679272E+07   2000015E-01 -.1629E+04 -.7929E+03   .9999001 -.0077694 -.0118049
T 3490  1 .1667057E+07   2000014E-01  .8437E+03  .2234E+03   .9999703 -.0029439  .0071248
T 3491  1 .1685416E+07   2000015E-01 -.1187E+04 -.5320E+03   .9999956 -.0026712  .0013013
T 3492  1 .1663520E+07   2000017E-01  .8443E+02 -.4343E+03   .9999729 -.0031058 -.0066774
T 3493  1 .1694605E+07   2000017E-01  .2970E+03 -.7612E+02   .9999779  .0048129 -.0045765
T 3494  1 .1673236E+07   2000020E-01 -.1027E+04 -.9467E+03   .9998358 -.0082003 -.0161586
T 3495  1 .1688388E+07   2000010E-01  .6416E+03  .4867E+02   .9999680 -.0009966 -.0079331
T 3496  1 .1702945E+07   2000009E-01 -.5894E+03  .4171E+03   .9999880 -.0021568  .0044098
T 3497  1 .1666791E+07   2000020E-01 -.4613E+02  .8634E+03   .9999677  .0013561  .0079159
T 3498  1 .1660456E+07   2000013E-01  .2915E+03  .1873E+04   .9998764  .0074780  .0138287
T 3499  1 .1694420E+07   2000002E-01 -.3805E+03  .3648E+03   .9999943  .0023685 -.0023948
T 3500  1 .1710006E+07   2000017E-01 -.5995E+03  .2221E+04   .9997655 -.0084812  .0199243
T 3501  1 .1668793E+07   2000016E-01 -.2293E+04  .4475E+03   .9999247 -.0122356  .0009731
T 3502  1 .1687446E+07   2000017E-01  .2024E+04  .8646E+03   .9999658  .0082171  .0009872
T 3503  1 .1692745E+07   2000020E-01 -.1612E+04  .2828E+03   .9999165 -.0101624  .0079849
T 3504  1 .1669774E+07   2000022E-01  .9435E+03  .2840E+04   .9997893  .0110069  .0173236
T 3505  1 .1681273E+07   2000016E-01 -.5764E+04  .5955E+04   .9986700 -.0347156  .0381182
T 3506  1 .1679610E+07   2000011E-01  .6373E+03 -.2178E+03   .9998551  .0169828  .0011651
T 3507  1 .1686216E+07   2000022E-01  .5998E+03  .7647E+03   .9999997  .0008208  .0000903
T 3508  1 .1689337E+07   2000011E-01 -.9406E+03  .1543E+04   .9997886 -.0099519  .0179922
T 3509  1 .1708559E+07   2000002E-01  .9170E+03  .1427E+04   .9998034  .0134987  .0145255
T 3510  1 .1698953E+07   2000000E-01 -.3966E+03  .1172E+04   .9999168 -.0098820 -.0082937
T 3511  1 .1669876E+07   2000008E-01 -.4943E+03 -.2010E+04   .9999246  .0027756 -.0119600
T 3512  1 .1686451E+07   2000013E-01  .5448E+03  .1827E+04   .9999062  .0097424  .0096301
T 3513  1 .1695360E+07   2000019E-01 -.1271E+04  .2666E+04   .9990789 -.0193231  .0383135
T 3514  1 .1697219E+07   2000013E-01  .1110E+04 -.4273E+03   .9999530  .0066712  .0070303
T 3515  1 .1687450E+07   2000015E-01  .3109E+03 -.9991E+03   .9999577 -.0001776 -.0091989
T 3516  1 .1705587E+07   2000022E-01 -.1097E+04  .8613E+03   .9998443 -.0155685 -.0083111
T 3517  1 .1693274E+07   2000005E-01  .3143E+03  .7100E+02   .9999764 -.0039323 -.0056282
T 3518  1 .1709760E+07   2000018E-01  .2328E+04  .5177E+03   .9998113  .0182512  .0066563
T 3519  1 .1683892E+07   2000015E-01 -.7051E+03  .4226E+03   .9998127 -.0191548  .0027798
T 3520  1 .1665463E+07   2000005E-01 -.4978E+02 -.3986E+03   .9999930 -.0022217  .0030218
T 3521  1 .1679265E+07   2000007E-01 -.3333E+04  .3720E+03   .9994047 -.0331343  .0096106
T 3522  1 .1697363E+07   2000006E-01 -.9039E+03  .2273E+03   .9999960  .0013447 -.0024730
T 3523  1 .1699815E+07   2000018E-01  .3536E+03  .1055E+04   .9984054  .0345977  .0446066
T 3524  1 .1692239E+07   2000013E-01 -.4305E+03  .2543E+04   .9998332 -.0000246  .0182635
T 3525  1 .1699123E+07   2000011E-01 -.1993E+04  .1702E+03   .9999453 -.0100550  .0028712
T 3526  1 .1694986E+07   2000018E-01  .3313E+03 -.1493E+04   .9999697  .0038278 -.0067819
T 3527  1 .1666151E+07   2000000E-01  .3024E+03 -.1427E+04   .9999226  .0012385 -.0123791
T 3528  1 .1680392E+07   2000011E-01  .1419E+04 -.3167E+04   .9997054  .0165521 -.0177518
T 3529  1 .1673660E+07   2000010E-01  .4150E+03 -.1198E+04   .9998236  .0143385 -.0121345
T 3530  1 .1678361E+07   2000002E-01  .2034E+05 -.1054E+04   .9782371  .2074846  .0015343
T 3531  1 .1666152E+07   2000009E-01 -.1522E+04 -.1703E+03   .9998121 -.0192083 -.0025986
T 3532  1 .1649583E+07   2000011E-01 -.1469E+04  .5886E+02   .9998516 -.0131247  .0111612
T 3533  1 .1647219E+07   2000002E-01  .8199E+03 -.3094E+03   .9999905 -.0017459 -.0040010
T 3534  1 .1677865E+07   2000000E-01 -.1581E+03 -.1358E+04   .9998400 -.0067829 -.0165529
T 3535  1 .1678552E+07   2000021E-01 -.1914E+04  .1523E+04   .9995358 -.0281346  .0116921
T 3536  1 .1685234E+07   2000010E-01  .7884E+03 -.5918E+03   .9998567  .0147253 -.0083524
T 3537  1 .1689152E+07   2000003E-01 -.1140E+04 -.2156E+04   .9995633 -.0185292 -.0230174
T 3538  1 .1692346E+07   2000011E-01 -.1608E+04  .1266E+04   .9995274 -.0307181 -.0011924
T 3539  1 .1691918E+07   2000018E-01 -.1421E+04 -.1381E+04   .9998578 -.0041959 -.0163359
T 3540  1 .1690163E+07   2000013E-01 -.1118E+03 -.1591E+03   .9999575  .0036981 -.0084429
T 3541  1 .1676608E+07   2000010E-01  .1662E+04  .8879E+03   .9999045  .0119368  .0069644
T 3542  1 .1643604E+07   2000020E-01 -.7588E+03 -.1047E+04   .9998705 -.0151626 -.0053861
T 3543  1 .1668957E+07   2000016E-01  .4266E+03 -.9174E+03   .9999573  .0080993 -.0044601
T 3544  1 .1659285E+07   2000022E-01  .7719E+03  .1236E+03   .9999854  .0031943 -.0043594
T 3545  1 .1696018E+07   2000018E-01  .8788E+03  .2337E+04   .9997922  .0122609  .0162835
T 3546  1 .1671666E+07   2000016E-01 -.1141E+04 -.5937E+03   .9996990 -.0239561  .0052931
T 3547  1 .1672004E+07   2000009E-01 -.2932E+03  .1097E+04   .9999798  .0057801  .0026540
T 3548  1 .1662246E+07   2000016E-01 -.6205E+03  .3291E+03   .9999730 -.0009601  .0072791
T 3549  1 .1686400E+07   2000012E-01 -.5004E+03 -.9353E+03   .9999963 -.0025512  .0009949
T 3550  1 .1660415E+07   2000006E-01 -.1683E+04  .5086E+03   .9993099 -.0370822 -.0021527
T 3551  1 .1689168E+07   2000004E-01  .8633E+03  .9025E+03   .9999303  .0065461  .0098305
T 3552  1 .1670805E+07   2000018E-01 -.1751E+04 -.1868E+04   .9997595  .0026037 -.0217753
T 3553  1 .1679753E+07   2000018E-01  .4361E+04 -.2225E+04   .9998850  .0117145 -.0096276
T 3554  1 .1674900E+07   2000013E-01 -.2197E+04  .1340E+04   .9997141 -.0225181  .0080393
T 3555  1 .1669661E+07   2000020E-01  .1439E+04  .1567E+04   .9999885  .0048051  .0000476
T 3556  1 .1706174E+07   2000013E-01 -.4804E+03 -.1418E+04   .9999218 -.0119745 -.0036197
T 3557  1 .1678294E+07   2000008E-01  .1038E+04  .3863E+03   .9999594  .0084665  .0030778
T 3558  1 .1674499E+07   2000006E-01 -.3343E+03  .5885E+03   .9999824  .0030515  .0050956
T 3559  1 .1674903E+07   2000022E-01 -.7438E+02 -.1456E+03   .9999539 -.0093936 -.0020109
T 3560  1 .1668341E+07   2000009E-01  .8115E+03  .5965E+03   .9999908  .0017442  .0039236
T 3561  1 .1681750E+07   2000004E-01  .2622E+04 -.1829E+03   .9997986  .0198531 -.0029247
T 3562  1 .1686317E+07   2000021E-01 -.1384E+04  .1048E+04   .9998565 -.0155346  .0067630
T 3563  1 .1677316E+07   2000007E-01  .4156E+03  .1545E+03   .9998419  .0168641 -.0056350
T 3564  1 .1674351E+07   2000019E-01 -.4188E+03 -.1013E+04   .9999369 -.0094942 -.0060109
T 3565  1 .1686003E+07   2000016E-01  .1079E+04  .4000E+04   .9995029 -.0011908  .0315051
T 3566  1 .1679804E+07   2000011E-01 -.6352E+03  .4197E+03   .9999996 -.0008807  .0003331
T 3567  1 .1676523E+07   2000008E-01  .9222E+03 -.2169E+04   .9994284  .0150867 -.0302526
T 3568  1 .1657452E+07   2000006E-01 -.6386E+03 -.2531E+03   .9998597 -.0149350 -.0075810
T 3569  1 .1665175E+07   2000020E-01 -.4704E+03 -.1515E+03   .9999570 -.0071009 -.0059595
T 3570  1 .1701194E+07   2000013E-01 -.5016E+04  .4700E+04   .9986848 -.0342826  .0381245
T 3571  1 .1662934E+07   2000020E-01 -.3721E+03 -.1253E+04   .9999126  .0015589 -.0131303
T 3572  1 .1681190E+07   2000021E-01 -.9007E+03 -.1600E+04   .9997198 -.0164728 -.0169968
T 3573  1 .1698120E+07   2000018E-01 -.2164E+02  .2903E+03   .9999752  .0051217 -.0048339
T 3574  1 .1682038E+07   2000008E-01 -.9088E+03 -.1379E+04   .9998674 -.0094448 -.0132643
T 3575  1 .1660676E+07   2000008E-01 -.1331E+03 -.3439E+03   .9999808 -.0024539 -.0056855
T 3576  1 .1660000E+07   2000007E-01 -.1413E+03  .4359E+03   .9999899  .0021222  .0039571
T 3577  1 .1689146E+07   2000017E-01  .9895E+02  .2371E+03   .9999854 -.0046041 -.0028335
T 3578  1 .1689585E+07   2000014E-01  .3837E+04  .3973E+04   .9989183  .0307361  .0348929
T 3579  1 .1694026E+07   2000001E-01 -.3069E+03  .8438E+03   .9999655 -.0003571  .0083008
T 3580  1 .1678857E+07   2000003E-01  .1279E+04  .5905E+02   .9999088  .0123288 -.0055043
T 3581  1 .1701309E+07   2000013E-01  .6019E+03 -.2121E+04   .9999408  .0023654 -.0106211
T 3582  1 .1684256E+07   2000009E-01 -.7066E+03  .1488E+04   .9998024  .0062791  .0188602
T 3583  1 .1639760E+07   2000010E-01 -.7354E+03  .3069E+03   .9999631  .0044936  .0073170
T 3584  1 .1700736E+07   2000007E-01 -.2059E+03 -.1067E+04   .9999656  .0008493 -.0082450
T 3585  1 .1677075E+07   2000014E-01  .2914E+03 -.1578E+04   .9998190  .0113388 -.0152774
T 3586  1 .1663540E+07   2000005E-01 -.4652E+03  .3859E+03   .9999865 -.0025494 -.0045386
T 3587  1 .1683123E+07   2000021E-01  .1357E+04  .1319E+04   .9998339  .0142217  .0113993
T 3588  1 .1679223E+07   2000013E-01 -.1115E+04  .3884E+03   .9999226 -.0089054  .0086910
T 3589  1 .1680718E+07   2000007E-01 -.1152E+04  .5020E+02   .9999595 -.0070681 -.0055757
T 3590  1 .1686643E+07   2000014E-01 -.2322E+04  .2450E+03   .9995873 -.0284505 -.0039689
T 3591  1 .1669973E+07   2000009E-01 -.2360E+04  .2638E+04   .9996259 -.0137867  .0236203
T 3592  1 .1660175E+07   2000021E-01  .4622E+03  .3027E+05   .9731994  .0102465  .2297346
T 3593  1 .1675137E+07   2000010E-01  .1505E+04  .7055E+02   .9999250  .0116664  .0037175
T 3594  1 .1671510E+07   2000006E-01  .1519E+04 -.5657E+03   .9998602  .0164020 -.0032566
T 3595  1 .1666308E+07   2000008E-01 -.1415E+03 -.5896E+02   .9999537  .0015580 -.0094987
T 3596  1 .1683932E+07   2000016E-01 -.4107E+03  .1701E+04   .9997254 -.0111234  .0206241
T 3597  1 .1675124E+07   2000001E-01  .2371E+03  .1924E+04   .9996595  .0079789  .0248454
T 3598  1 .1686465E+07   2000005E-01  .6689E+03  .7248E+03   .9999721  .0074356  .0007193
T 3599  1 .1671037E+07   2000018E-01 -.4761E+04 -.3523E+04   .9982305 -.0498633 -.0323975
T 3600  1 .1687726E+07   2000022E-01  .1000E+04 -.6906E+03   .9997918  .0162481 -.0123450
T 3601  1 .1675057E+07   2000011E-01 -.1205E+04  .7276E+03   .9999882  .0047746  .0008898
T 3602  1 .1663815E+07   2000015E-01 -.1511E+04 -.7771E+03   .9999207 -.0119344 -.0040177
T 3603  1 .1641447E+07   2000015E-01  .1502E+04 -.1248E+04   .9999425  .0063378 -.0086511
T 3604  1 .1671434E+07   2000019E-01 -.2160E+04 -.2514E+04   .9992381 -.0216400 -.0324795
T 3605  1 .1679951E+07   2000017E-01  .1068E+04  .3854E+03   .9999882  .0048547 -.0002311
T 3606  1 .1658753E+07   2000002E-01  .2610E+03  .3532E+03   .9999327 -.0076079  .0087541
T 3607  1 .1658836E+07   2000017E-01  .2227E+04  .2531E+04   .9997686  .0141294  .0162211
T 3608  1 .1664818E+07   2000003E-01  .5135E+02  .1187E+04   .9999226  .0079512  .0095701
T 3609  1 .1682085E+07   2000013E-01  .1196E+03 -.2654E+03   .9999391 -.0100481 -.0045666
T 3610  1 .1693491E+07   2000009E-01 -.1111E+04 -.5723E+03   .9996608 -.0231992 -.0118364
T 3611  1 .1666756E+07   2000016E-01 -.1530E+04  .1563E+04   .9987448 -.0005799  .0500841
T 3612  1 .1656872E+07   2000005E-01 -.1500E+03  .4587E+04   .9982167 -.0066759  .0593198
T 3613  1 .1671607E+07   2000008E-01  .1570E+04  .3706E+03   .9998884  .0147680 -.0022691
T 3614  1 .1680392E+07   2000006E-01 -.2599E+04  .2255E+04   .9995992 -.0239492  .0150952
T 3615  1 .1659183E+07   2000009E-01  .2295E+04  .4564E+03   .9997891  .0205194 -.0008472
T 3616  1 .1690139E+07   2000015E-01  .3511E+03  .9852E+03   .9996283 -.0177069  .0207279
T 3617  1 .1697175E+07   2000009E-01 -.1091E+03  .1614E+03   .9999807 -.0025338  .0056696
T 3618  1 .1666560E+07   2000011E-01  .1205E+02  .2999E+03   .9999724 -.0023294  .0070493
T 3619  1 .1691205E+07   2000022E-01  .2245E+03  .3803E+03   .9999563 -.0044127  .0082454
T 3620  1 .1694467E+07   2000023E-01 -.7637E+04  .9600E+03   .9986153 -.0514394  .0110199
T 3621  1 .1671646E+07   2000014E-01 -.6974E+03  .6334E+03   .9999971 -.0023361  .0006016
T 3622  1 .1692968E+07   2000015E-01  .3510E+04  .1416E+04   .9996855  .0243164  .0061322
T 3623  1 .1667192E+07   2000016E-01 -.7350E+03 -.1214E+04   .9999349 -.0084362 -.0076766
T 3624  1 .1683376E+07   2000012E-01 -.5725E+03  .2063E+04   .9996842 -.0059919  .0244054
T 3625  1 .1677428E+07   2000022E-01 -.4606E+03  .1528E+04   .9998316 -.0173954  .0058424
T 3626  1 .1679615E+07   2000010E-01  .1472E+04 -.4091E+02   .9999567  .0092563  .0009084
T 3627  1 .1648468E+07   2000007E-01  .1190E+04 -.2544E+04   .9999045  .0115730 -.0075545
T 3628  1 .1677270E+07   2000003E-01  .5526E+03  .4570E+03   .9998717  .0033684  .0156601
T 3629  1 .1696389E+07   2000007E-01  .5200E+03 -.6575E+03   .9999554 -.0022589 -.0091745
T 3630  1 .1687258E+07   2000017E-01 -.2325E+03  .2771E+03   .9999612 -.0038670  .0079194
T 3631  1 .1671434E+07   2000010E-01  .2396E+04 -.3300E+03   .9996034  .0281597 -.0000089
T 3632  1 .1687175E+07   2000003E-01  .1662E+04 -.3606E+03   .9995944  .0277900 -.0062297
T 3633  1 .1687452E+07   2000011E-01  .1027E+04 -.6604E+03   .9999581  .0047779  .0078116
T 3634  1 .1687068E+07   2000000E-01 -.6156E+03  .1821E+03   .9999875 -.0048939 -.0010030
T 3635  1 .1663862E+07   2000021E-01  .1056E+04 -.5691E+03   .9999812  .0038187 -.0047919
T 3636  1 .1686806E+07   2000000E-01  .3249E+04  .3676E+03   .9995010  .0313467  .0038847
T 3637  1 .1689358E+07   2000013E-01  .6466E+03 -.2974E+04   .9997441  .0090100 -.0207497
T 3638  1 .1678762E+07   2000021E-01  .2594E+03 -.2293E+03   .9997933  .0032002  .0200780
T 3639  1 .1655602E+07   2000014E-01  .1109E+04  .2278E+04   .9994271  .0186461  .0282464
T 3640  1 .1679622E+07   2000020E-01 -.2951E+03 -.2099E+03   .9999866 -.0034059  .0038982
T 3641  1 .1679049E+07   2000007E-01  .1879E+03  .2386E+03   .9999530 -.0083564  .0049082
T 3642  1 .1692065E+07   2000001E-01  .2780E+03 -.9647E+03   .9999650 -.0057778 -.0060556
T 3643  1 .1666639E+07   2000014E-01 -.3161E+03 -.2893E+04   .9999439 -.0055452 -.0090258
T 3644  1 .1680197E+07   2000004E-01  .6025E+03  .8701E+03   .9999342  .0053134  .0101624
T 3645  1 .1676627E+07   2000009E-01 -.7120E+03  .1871E+04   .9998441 -.0115222  .0133784
T 3646  1 .1689763E+07   2000015E-01  .1015E+03 -.9065E+03   .9999398 -.0109499 -.0006538
T 3647  1 .1676564E+07   2000016E-01  .8519E+03  .1059E+04   .9999628 -.0037331  .0077706
T 3648  1 .1647252E+07   2000016E-01  .1974E+04 -.5302E+03   .9999098  .0121532 -.0057184
T 3649  1 .1665562E+07   2000022E-01 -.1024E+04 -.3543E+03   .9998468 -.0125274 -.0122260
T 3650  1 .1669844E+07   2000016E-01  .2553E+04  .2867E+04   .9996616  .0146267  .0215136
T 3651  1 .1674537E+07   2000019E-01  .1321E+04  .1106E+04   .9997386  .0176689  .0145134
T 3652  1 .1687519E+07   2000005E-01 -.9982E+03  .1189E+04   .9997735 -.0105878  .0184621
T 3653  1 .1678108E+07   2000003E-01  .4530E+03  .3965E+03   .9999850  .0019068  .0051379
T 3654  1 .1659096E+07   2000016E-01  .5607E+03  .1182E+04   .9998816 -.0024967  .0151840
T 3655  1 .1679776E+07   2000003E-01  .1233E+04 -.3210E+03   .9998955  .0141036 -.0031850
T 3656  1 .1690210E+07   2000004E-01  .3254E+03 -.8957E+03   .9999326 -.0016616 -.0114916
T 3657  1 .1691743E+07   2000019E-01  .2896E+04  .2822E+04   .9993345  .0084745  .0354800
T 3658  1 .1686929E+07   2000020E-01  .3553E+04  .1867E+04   .9991309  .0361573  .0207379
T 3659  1 .1694313E+07   2000005E-01  .7574E+03 -.7765E+03   .9998354  .0180823 -.0014769
T 3660  1 .1655392E+07   2000005E-01 -.1576E+03  .1489E+04   .9998234 -.0042761  .0183012
T 3661  1 .1687441E+07   2000004E-01 -.1933E+03 -.5937E+03   .9999762 -.0044347 -.0052841
T 3662  1 .1662698E+07   2000006E-01 -.8986E+03 -.2705E+04   .9998078  .0183759  .0068359
T 3663  1 .1673377E+07   2000015E-01  .6469E+03 -.4241E+03   .9999999  .0001090  .0001496
T 3664  1 .1673111E+07   2000004E-01  .1409E+03  .1830E+02   .9999344 -.0071969  .0089087
T 3665  1 .1694527E+07   2000004E-01  .1394E+04  .5438E+03   .9997939  .0202752 -.0009953
T 3666  1 .1660522E+07   2000002E-01  .1584E+03  .4378E+03   .9999959  .0014785  .0024337
T 3667  1 .1683611E+07   2000019E-01 -.3138E+04 -.9672E+03   .9997442 -.0225226  .0020418
T 3668  1 .1705225E+07   2000022E-01 -.6272E+03 -.1222E+02   .9999863 -.0021443  .0047717
T 3669  1 .1687065E+07   2000008E-01  .4746E+02 -.1293E+03   .9999939  .0000816 -.0035042
T 3670  1 .1673629E+07   2000019E-01 -.1299E+03 -.4117E+03   .9999858 -.0007168  .0052896
T 3671  1 .1655295E+07   2000001E-01 -.1355E+04  .6313E+03   .9999346 -.0097399  .0059863
T 3672  1 .1666531E+07   2000021E-01 -.1076E+04 -.4106E+03   .9997370 -.0228456 -.0019903
T 3673  1 .1685916E+07   2000011E-01  .5602E+03 -.1027E+04   .9999299  .0023060 -.0116115
T 3674  1 .1688970E+07   2000011E-01  .3461E+04  .4221E+04   .9994396  .0234310  .0239068
T 3675  1 .1651015E+07   2000013E-01  .6648E+03 -.1810E+03   .9999924 -.0005533  .0038635
T 3676  1 .1671738E+07   2000006E-01  .2233E+02 -.1363E+04   .9998599  .0052036 -.0159074
T 3677  1 .1689112E+07   2000020E-01  .1022E+04  .2558E+03   .9998952  .0141552  .0030375
T 3678  1 .1669662E+07   2000022E-01  .1386E+04  .3630E+02   .9999687  .0078853  .0007130
T 3679  1 .1670415E+07   2000005E-01 -.4042E+03 -.1990E+04   .9999654  .0074167 -.0037622
T 3680  1 .1682607E+07   2000019E-01  .3852E+04  .4210E+04   .9993006  .0194759  .0319216
T 3681  1 .1677007E+07   2000015E-01  .3896E+03 -.6626E+03   .9999671  .0058233 -.0056412
T 3682  1 .1700952E+07   2000016E-01  .2738E+04 -.8334E+04   .9982371  .0183260 -.0564531
T 3683  1 .1674988E+07   2000020E-01 -.4371E+02  .7513E+03   .9998932  .0012715  .0145558
T 3684  1 .1662457E+07   2000022E-01  .4851E+03 -.5106E+03   .9999791  .0008427 -.0064059
T 3685  1 .1702367E+07   2000009E-01  .2763E+03  .2671E+03   .9999972  .0022390  .0007069
T 3686  1 .1672769E+07   2000018E-01  .9126E+03  .1339E+03   .9998205  .0129235 -.0138573
T 3687  1 .1664223E+07   2000006E-01  .2399E+04  .5143E+03   .9997355  .0211343  .0090688
T 3688  1 .1669478E+07   2000019E-01  .2351E+03  .1028E+04   .9998585 -.0141780  .0090535
T 3689  1 .1687113E+07   2000007E-01 -.1727E+04 -.7497E+03   .9998542 -.0137724 -.0100945
T 3690  1 .1665828E+07   2000019E-01  .4331E+03 -.3971E+03   .9999757  .0035510 -.0059991
T 3691  1 .1707599E+07   2000019E-01  .9627E+03  .1314E+04   .9997885  .0148256  .0142515
T 3692  1 .1672748E+07   2000020E-01  .6761E+03  .3482E+02   .9999706  .0024816 -.0072487
T 3693  1 .1673459E+07   2000012E-01 -.1922E+04  .1863E+04   .9994794 -.0209448  .0245408
T 3694  1 .1693042E+07   2000019E-01  .3484E+04 -.8010E+02   .9998931  .0129455 -.0067951
T 3695  1 .1665869E+07   2000016E-01  .8871E+03  .4522E+03   .9999906  .0033229  .0027914
T 3696  1 .1694494E+07   2000017E-01  .8945E+02 -.3369E+03   .9999628  .0021890 -.0083436
T 3697  1 .1693160E+07   2000007E-01 -.5484E+03  .4442E+03   .9999613 -.0069449  .0054074
T 3698  1 .1667474E+07   2000012E-01 -.1419E+03 -.3186E+03   .9999989 -.0006421 -.0013167
T 3699  1 .1643299E+07   2000015E-01  .8003E+03  .2101E+03   .9999342  .0113460  .0016972
T 3700  1 .1652097E+07   2000002E-01 -.1531E+04  .7802E+03   .9995567 -.0289920  .0067666
T 3701  1 .1704234E+07   2000020E-01  .8133E+03 -.4645E+03   .9999634 -.0016220 -.0084013
T 3702  1 .1662833E+07   2000011E-01 -.8817E+03  .2295E+03   .9999349 -.0108601  .0034871
T 3703  1 .1675898E+07   2000021E-01 -.1124E+04  .1072E+04   .9998497 -.0144093  .0096370
T 3704  1 .1682984E+07   2000013E-01  .1477E+04 -.1722E+04   .9997170  .0151180 -.0183660
T 3705  1 .1690966E+07   2000011E-01  .1261E+03  .2648E+03   .9999409  .0095411  .0052087
T 3706  1 .1684150E+07   2000006E-01  .9566E+03 -.1067E+04   .9999769  .0024536 -.0063390
T 3707  1 .1686347E+07   2000011E-01  .1390E+04  .5620E+03   .9998285  .0185146  .0004449
T 3708  1 .1672754E+07   2000014E-01  .9757E+03 -.5025E+03   .9999360  .0111208 -.0020574
T 3709  1 .1691656E+07   2000021E-01  .2616E+03 -.9803E+03   .9999123 -.0067538 -.0113935
T 3710  1 .1675905E+07   2000012E-01  .7699E+03 -.5103E+03   .9999264  .0115535 -.0037162
T 3711  1 .1671058E+07   2000003E-01 -.1738E+03  .3248E+03   .9997856 -.0153148  .0139344
T 3712  1 .1695665E+07   2000000E-01 -.8243E+03  .6971E+03   .9998189 -.0156721  .0108001
T 3713  1 .1687043E+07   2000020E-01  .8158E+03  .1457E+03   .9999325  .0070613 -.0092317
T 3714  1 .1705902E+07   2000016E-01 -.1599E+03 -.9649E+03   .9999013 -.0048387 -.0131914
T 3715  1 .1705658E+07   2000022E-01 -.7967E+03  .1013E+04   .9999991  .0012777 -.0004304
T 3716  1 .1690503E+07   2000011E-01  .6813E+03  .1906E+04   .9999036  .0069920  .0119972
T 3717  1 .1707569E+07   2000021E-01 -.4539E+03  .1368E+04   .9998509 -.0059645  .0162081
T 3718  1 .1694126E+07   2000007E-01  .1006E+04 -.1632E+04   .9998485  .0096515 -.0144873
T 3719  1 .1694255E+07   2000000E-01  .1210E+03 -.5733E+03   .9999925  .0037218  .0010501
T 3720  1 .1657338E+07   2000006E-01 -.2085E+04 -.1457E+04   .9986805 -.0494442 -.0138784
T 3721  1 .1668455E+07   2000012E-01  .9096E+03  .8948E+03   .9998494  .0064969  .0160933
T 3722  1 .1677074E+07   2000017E-01  .5146E+03  .9642E+03   .9999070  .0064292  .0120244
T 3723  1 .1714777E+07   2000020E-01  .4453E+03 -.1328E+04   .9996367  .0224913 -.0148520
T 3724  1 .1674516E+07   2000015E-01 -.5172E+03 -.9356E+03   .9999301 -.0036373 -.0112478
T 3725  1 .1653704E+07   2000000E-01 -.8988E+03  .8074E+03   .9999406 -.0039571  .0101511
T 3726  1 .1701391E+07   2000010E-01  .6955E+03 -.4519E+03   .9999722  .0072831 -.0015986
T 3727  1 .1667702E+07   2000020E-01  .7196E+03  .1428E+03   .9999949 -.0008212  .0030931
T 3728  1 .1669974E+07   2000017E-01 -.2339E+04  .2687E+04   .9994822 -.0204054  .0248780
T 3729  1 .1665055E+07   2000009E-01 -.3641E+03 -.2761E+04   .9990369  .0001806 -.0438766
T 3730  1 .1685662E+07   2000012E-01  .1199E+04  .1150E+04   .9999621  .0063243  .0059763
T 3731  1 .1667440E+07   2000022E-01  .4072E+04 -.3543E+04   .9995445  .0239878 -.0183153
T 3732  1 .1659958E+07   2000003E-01 -.2988E+03 -.2621E+03   .9999757 -.0065875 -.0022990
T 3733  1 .1679771E+07   2000018E-01 -.4274E+03 -.9478E+03   .9999818 -.0024173 -.0055345
T 3734  1 .1686220E+07   2000012E-01 -.2045E+03 -.2446E+03   .9999855  .0030985  .0044063
T 3735  1 .1691416E+07   2000003E-01  .7436E+03  .3014E+04   .9994913  .0079946  .0308748
T 3736  1 .1685963E+07   2000009E-01 -.1262E+04  .2431E+04   .9996210  .0022294  .0274389
T 3737  1 .1695068E+07   2000007E-01  .6017E+02  .1444E+04   .9998963 -.0068296  .0126758
T 3738  1 .1666538E+07   2000019E-01 -.3100E+04  .7322E+03   .9998625 -.0143460  .0083208
T 3739  1 .1657997E+07   2000013E-01 -.9799E+03 -.1709E+04   .9998964 -.0091099 -.0111443
T 3740  1 .1700760E+07   2000015E-01  .2960E+03 -.4817E+03   .9999639  .0084758  .0005180
T 3741  1 .1691347E+07   2000020E-01 -.2734E+03 -.3630E+03   .9998900  .0018517 -.0147145
T 3742  1 .1710349E+07   2000008E-01 -.7465E+03 -.4875E+04   .9995624 -.0007688 -.0295694
T 3743  1 .1681527E+07   2000004E-01 -.5403E+03  .1329E+04   .9999177 -.0123146  .0036084
T 3744  1 .1690249E+07   2000022E-01  .6014E+02  .1989E+03   .9999934  .0028800  .0022138
T 3745  1 .1677802E+07   2000000E-01  .1045E+04  .4572E+03   .9997147  .0235029 -.0042559
T 3746  1 .1705017E+07   2000012E-01  .9628E+02 -.2001E+04   .9998974 -.0038762 -.0137910
T 3747  1 .1687266E+07   2000020E-01 -.1241E+04  .5199E+03   .9999118 -.0118434  .0060164
T 3748  1 .1682203E+07   2000009E-01  .9738E+03  .1338E+04   .9999595  .0090030  .0001116
T 3749  1 .1696828E+07   2000006E-01  .6723E+03  .1375E+04   .9965985  .0187711  .0802437
T 3750  1 .1688419E+07   2000013E-01 -.2497E+02  .5279E+03   .9999667 -.0007547  .0081242
T 3751  1 .1695024E+07   2000020E-01  .1712E+04  .4005E+03   .9999081  .0128091 -.0044301
T 3752  1 .1692716E+07   2000018E-01 -.5537E+03  .6131E+03   .9999195 -.0036418  .0121537
T 3753  1 .1690852E+07   2000015E-01 -.1726E+03  .2221E+03   .9999745 -.0034601  .0062542
T 3754  1 .1695930E+07   2000006E-01 -.2315E+03 -.2695E+03   .9999986  .0006882 -.0014984
T 3755  1 .1661137E+07   2000013E-01  .2911E+03 -.1400E+04   .9999842  .0040728 -.0038791
T 3756  1 .1679648E+07   2000023E-01 -.4054E+03  .8130E+03   .9998145 -.0172463 -.0085784
T 3757  1 .1667284E+07   2000009E-01  .1948E+03 -.2238E+03   .9999592 -.0031191  .0084762
T 3758  1 .1672318E+07   2000022E-01 -.1301E+04 -.8208E+03   .9999533 -.0088901 -.0037936
T 3759  1 .1670101E+07   2000006E-01 -.9773E+03 -.9500E+03   .9999777 -.0033757 -.0057680
T 3760  1 .1678742E+07   2000018E-01 -.2292E+04  .1120E+04   .9994940 -.0278484  .0153711
T 3761  1 .1697422E+07   2000003E-01  .2530E+03  .1548E+04   .9998366  .0158122  .0087627
T 3762  1 .1688162E+07   2000011E-01 -.1400E+03 -.1195E+03   .9999923  .0000006 -.0039196
T 3763  1 .1680988E+07   2000021E-01  .2027E+03  .1720E+04   .9999294  .0050323  .0107648
T 3764  1 .1703113E+07   2000022E-01 -.1965E+02  .1689E+03   .9999826  .0059058  .0000693
T 3765  1 .1661762E+07   2000021E-01  .5294E+03 -.5485E+02   .9997946  .0179576 -.0093980
T 3766  1 .1685624E+07   2000008E-01  .1809E+04  .2249E+04   .9998548  .0153654  .0073622
T 3767  1 .1666553E+07   2000001E-01 -.1332E+03  .2438E+03   .9993491  .0126254  .0337940
T 3768  1 .1694980E+07   2000020E-01 -.1360E+04 -.5383E+03   .9998953 -.0136421  .0048316
T 3769  1 .1650614E+07   2000022E-01 -.1611E+04  .9251E+03   .9998998 -.0140109  .0020152
T 3770  1 .1686097E+07   2000014E-01  .5155E+03  .6720E+03   .9998827  .0098734  .0117125
T 3771  1 .1667950E+07   2000023E-01 -.1047E+04 -.1176E+04   .9999468 -.0100586 -.0022797
T 3772  1 .1667084E+07   2000022E-01 -.1129E+04 -.7012E+01   .9999322 -.0069998 -.0093065
T 3773  1 .1668841E+07   2000011E-01  .1915E+04 -.6715E+03   .9993501  .0357212  .0048391
T 3774  1 .1691654E+07   2000019E-01 -.2436E+03 -.8246E+03   .9999774 -.0002701 -.0067107
T 3775  1 .1684300E+07   2000007E-01 -.2440E+03  .5721E+03   .9999992 -.0003182  .0012544
T 3776  1 .1678333E+07   2000011E-01  .3275E+03  .5239E+03   .9996886  .0222207  .0113515
T 3777  1 .1696376E+07   2000010E-01  .3864E+03  .4887E+03   .9999945  .0033249 -.0001686
T 3778  1 .1699273E+07   2000013E-01 -.2805E+03 -.1263E+04   .9999106 -.0022536 -.0131800
T 3779  1 .1669600E+07   2000007E-01  .3642E+03 -.4526E+03   .9999401 -.0090469 -.0061637
T 3780  1 .1677164E+07   2000013E-01  .3976E+04 -.1361E+04   .9994394  .0310381 -.0125474
T 3781  1 .1687362E+07   2000010E-01  .7771E+02  .1454E+04   .9999813 -.0006578  .0060881
T 3782  1 .1675985E+07   2000016E-01  .2086E+04 -.5893E+03   .9998826  .0151359 -.0023791
T 3783  1 .1707925E+07   2000022E-01  .8686E+03  .5129E+03   .9999100  .0095442  .0094339
T 3784  1 .1688704E+07   2000015E-01  .6483E+02  .7920E+03   .9998763  .0016147  .0156457
T 3785  1 .1694145E+07   2000000E-01 -.1873E+04  .4835E+03   .9998188 -.0187919  .0030266
T 3786  1 .1692397E+07   2000014E-01  .5595E+02 -.4024E+03   .9999705 -.0038377 -.0066525
T 3787  1 .1673765E+07   2000020E-01 -.4298E+04  .3719E+04   .9991874 -.0305098  .0263380
T 3788  1 .1706357E+07   2000008E-01  .1503E+04  .1059E+03   .9998361 -.0152476 -.0097613
T 3789  1 .1686235E+07   2000012E-01 -.7458E+02 -.6715E+03   .9999704  .0009074 -.0076434
T 3790  1 .1675079E+07   2000017E-01  .7375E+03  .7904E+03   .9999473  .0071498  .0073730
T 3791  1 .1699958E+07   2000022E-01  .1194E+04  .2178E+04   .9996807  .0140732  .0209850
T 3792  1 .1697447E+07   2000020E-01 -.6132E+03 -.7854E+03   .9999962  .0003257 -.0027378
T 3793  1 .1696118E+07   2000001E-01 -.4155E+03 -.2699E+01   .9999855 -.0026080 -.0047068
T 3794  1 .1702427E+07   2000007E-01 -.2865E+03  .1929E+04   .9998405  .0039476  .0174169
T 3795  1 .1685858E+07   2000015E-01  .8145E+03 -.7362E+03   .9999218  .0123880  .0016930
T 3796  1 .1691396E+07   2000016E-01 -.6024E+03  .7775E+03   .9999589 -.0083642  .0035080
T 3797  1 .1658624E+07   2000021E-01 -.2158E+03 -.6449E+03   .9998714 -.0093778 -.0130113
T 3798  1 .1666353E+07   2000006E-01  .6846E+03  .9867E+03   .9998485  .0065078  .0161436
T 3799  1 .1659511E+07   2000016E-01  .1316E+04  .4985E+03   .9999462  .0085610  .0058645
T 3800  1 .1712935E+07   2000009E-01 -.1492E+04 -.7245E+02   .9999492 -.0089486 -.0046429
T 3801  1 .1682529E+07   2000002E-01  .1553E+03 -.3645E+03   .9999298 -.0014492 -.0117628
T 3802  1 .1692151E+07   2000010E-01 -.1628E+04  .1237E+04   .9999545 -.0081756  .0049074
T 3803  1 .1677347E+07   2000022E-01  .4196E+03  .1269E+04   .9999888  .0011933  .0045810
T 3804  1 .1696489E+07   2000016E-01 -.5302E+03  .8612E+03   .9999150 -.0011589  .0129863
T 3805  1 .1672036E+07   2000021E-01  .2543E+03 -.1484E+04   .9997413  .0073581 -.0215228
T 3806  1 .1655489E+07   2000008E-01 -.2581E+04  .8199E+03   .9992316 -.0284423  .0269676
T 3807  1 .1677202E+07   2000022E-01 -.4476E+02 -.1314E+04   .9998493 -.0068585 -.0159454
T 3808  1 .1668857E+07   2000007E-01 -.6805E+03 -.2040E+04   .9986376 -.0192314 -.0485081
T 3809  1 .1678552E+07   2000020E-01  .1777E+04 -.1858E+04   .9998017  .0126995 -.0153421
T 3810  1 .1662925E+07   2000014E-01  .1234E+04 -.1107E+04   .9999899  .0017764 -.0041263
T 3811  1 .1693793E+07   2000018E-01 -.6367E+03 -.1748E+04   .9998990  .0126229 -.0065290
T 3812  1 .1700794E+07   2000001E-01 -.1672E+04  .8876E+03   .9986903 -.0497846 -.0117953
T 3813  1 .1664635E+07   2000009E-01 -.9300E+03 -.8069E+03   .9998425 -.0106640 -.0141845
T 3814  1 .1688858E+07   2000016E-01 -.2792E+04 -.1291E+04   .9999186 -.0095669 -.0084387
T 3815  1 .1658109E+07   2000007E-01 -.7193E+03  .1299E+04   .9999430 -.0079664  .0071090
T 3816  1 .1690457E+07   2000019E-01 -.1024E+03 -.9109E+03   .9998638  .0139970 -.0087433
T 3817  1 .1691669E+07   2000012E-01  .1630E+04 -.5236E+03   .9998413  .0175592 -.0030029
T 3818  1 .1668316E+07   2000019E-01 -.7399E+02 -.3116E+03   .9999883 -.0045549 -.0016462
T 3819  1 .1661934E+07   2000000E-01 -.3180E+02  .1872E+03   .9999995 -.0009511  .0003379
T 3820  1 .1693844E+07   2000021E-01 -.2034E+04  .7859E+03   .9997345 -.0221376  .0063864
T 3821  1 .1680092E+07   2000019E-01  .3960E+04  .4392E+04   .9996671  .0201175  .0161526
T 3822  1 .1673519E+07   2000009E-01 -.4348E+03 -.1954E+03   .9999806  .0060998 -.0012364
T 3823  1 .1673123E+07   2000001E-01  .8521E+03  .2655E+04   .9998982  .0030354  .0139446
T 3824  1 .1691566E+07   2000000E-01  .6067E+03  .1621E+04   .9999877  .0001913  .0049617
T 3825  1 .1673539E+07   2000007E-01 -.5512E+03 -.6507E+03   .9999594  .0002295 -.0090131
T 3826  1 .1678940E+07   2000020E-01 -.3114E+03 -.1664E+04   .9999578 -.0085289 -.0034207
T 3827  1 .1701950E+07   2000009E-01 -.5864E+03 -.1707E+04   .9998469 -.0070831 -.0159987
T 3828  1 .1681563E+07   2000003E-01  .9535E+01 -.6207E+03   .9999468  .0091252 -.0048048
T 3829  1 .1662876E+07   2000012E-01 -.6166E+03  .4931E+03   .9924521 -.0897402  .0835799
T 3830  1 .1690799E+07   2000018E-01 -.5172E+02 -.6228E+03   .9999452  .0002034 -.0104690
T 3831  1 .1683036E+07   2000012E-01 -.3204E+03 -.2421E+04   .9997111 -.0020548 -.0239482
T 3832  1 .1680550E+07   2000014E-01  .3774E+03 -.3509E+03   .9997995  .0133676 -.0149069
T 3833  1 .1686331E+07   2000002E-01  .2240E+03  .1794E+04   .9999412  .0098601  .0045080
T 3834  1 .1683844E+07   2000018E-01 -.2359E+04  .1287E+04   .9997689 -.0186130  .0107542
T 3835  1 .1682168E+07   2000018E-01 -.3389E+04 -.5274E+03   .9986328 -.0518009 -.0070090
T 3836  1 .1706262E+07   2000017E-01  .2852E+04  .5854E+03   .9998584  .0138945  .0094967
T 3837  1 .1681389E+07   2000002E-01 -.3518E+03 -.3501E+03   .9999147 -.0033734  .0126196
T 3838  1 .1672659E+07   2000017E-01 -.7618E+02  .7097E+03   .9999940  .0018478  .0029207
T 3839  1 .1671642E+07   2000022E-01 -.1879E+03 -.2369E+04   .9996028  .0047852 -.0277739
T 3840  1 .1698365E+07   2000007E-01  .2828E+03  .6125E+03   .9998652 -.0112649  .0119464
T 3841  1 .1669374E+07   2000017E-01  .2184E+04  .9172E+03   .9999253  .0082142  .0090483
T 3842  1 .1666019E+07   2000018E-01 -.1736E+04  .2571E+02   .9996999 -.0244072  .0021154
T 3843  1 .1700051E+07   2000014E-01 -.2350E+02  .9830E+02   .9997813 -.0208236 -.0019338
T 3844  1 .1686400E+07   2000021E-01 -.8957E+02 -.9838E+03   .9998853  .0138104 -.0062123
T 3845  1 .1678547E+07   2000018E-01 -.3155E+04  .2113E+04   .9993475 -.0301032  .0199600
T 3846  1 .1675681E+07   2000015E-01 -.1612E+03  .8289E+02   .9999919  .0039197  .0009081
T 3847  1 .1675543E+07   2000018E-01 -.5854E+04 -.5534E+03   .9976077 -.0544160 -.0426354
T 3848  1 .1694961E+07   2000007E-01  .8158E+03 -.1761E+04   .9998525  .0089656 -.0146519
T 3849  1 .1679097E+07   2000016E-01 -.2202E+04 -.4551E+03   .9999670 -.0080048 -.0013558
T 3850  1 .1696874E+07   2000006E-01  .4650E+02 -.1785E+03   .9999913  .0010336 -.0040334
T 3851  1 .1668494E+07   2000001E-01 -.9611E+03 -.1207E+03   .9999852 -.0053577 -.0009585
T 3852  1 .1670418E+07   2000015E-01  .1070E+04 -.7513E+03   .9999824  .0042577 -.0041373
T 3853  1 .1668988E+07   2000010E-01  .8888E+03 -.6546E+03   .9999333  .0064749 -.0095617
T 3854  1 .1679511E+07   2000019E-01  .2879E+04 -.1666E+04   .9997126  .0095436 -.0219932
T 3855  1 .1690582E+07   2000017E-01 -.4618E+03 -.1699E+03   .9999849  .0054943  .0002980
T 3856  1 .1661151E+07   2000000E-01  .3636E+03  .2635E+03   .9999902  .0030393  .0032202
T 3857  1 .1677526E+07   2000001E-01 -.4917E+03 -.9714E+03   .9999387  .0098751 -.0050037
T 3858  1 .1685248E+07   2000014E-01 -.9888E+04  .5405E+04   .9979246 -.0565698  .0307615
T 3859  1 .1692778E+07   2000012E-01  .3836E+03  .4171E+03   .9999825 -.0016906  .0056613
T 3860  1 .1654638E+07   2000000E-01  .3570E+03 -.1826E+04   .9998420  .0097247 -.0148769
T 3861  1 .1692921E+07   2000014E-01  .7580E+03 -.3021E+04   .9997628 -.0021228 -.0216755
T 3862  1 .1693875E+07   2000009E-01 -.3718E+03 -.1117E+03   .9999999 -.0003038 -.0000262
T 3863  1 .1681681E+07   2000018E-01 -.2782E+03  .1532E+04   .9996081 -.0080232  .0268200
T 3864  1 .1681485E+07   2000008E-01  .3690E+03 -.1759E+03   .9999423  .0093548 -.0052808
T 3865  1 .1702064E+07   2000015E-01  .2231E+03 -.1827E+03   .9999566  .0054270 -.0075762
T 3866  1 .1675875E+07   2000001E-01  .7746E+03  .8407E+02   .9999944 -.0014000  .0030329
T 3867  1 .1650999E+07   2000022E-01  .3921E+04  .5077E+04   .9995214  .0147431  .0271945
T 3868  1 .1675134E+07   2000006E-01 -.9161E+03 -.1131E+04   .9998168 -.0044926 -.0186058
T 3869  1 .1675139E+07   2000000E-01 -.1261E+04 -.5733E+03   .9999607 -.0088295 -.0007762
T 3870  1 .1653599E+07   2000010E-01 -.1244E+04 -.1614E+03   .9999627 -.0075701  .0041466
T 3871  1 .1700225E+07   2000021E-01 -.7271E+03 -.7988E+03   .9999890 -.0020012 -.0042469
T 3872  1 .1663052E+07   2000017E-01  .1487E+04  .4176E+03   .9999045  .0106330  .0088272
T 3873  1 .1656826E+07   2000019E-01  .5936E+03 -.3322E+03   .9997029 -.0113953 -.0215464
T 3874  1 .1696934E+07   2000020E-01 -.9922E+03  .1375E+04   .9996626 -.0207668  .0156038
T 3875  1 .1697537E+07   2000012E-01 -.9861E+03 -.6283E+02   .9999110 -.0121470 -.0055118
T 3876  1 .1695496E+07   2000002E-01 -.2565E+03  .7147E+03   .9999728  .0043341  .0059665
T 3877  1 .1688164E+07   2000015E-01  .1431E+04  .9833E+03   .9998727  .0121466  .0103498
T 3878  1 .1664083E+07   2000010E-01  .3358E+03  .1699E+03   .9999499  .0095725 -.0029344
T 3879  1 .1681543E+07   2000022E-01 -.1306E+04  .5180E+03   .9999885 -.0026928 -.0039760
T 3880  1 .1656850E+07   2000021E-01  .8391E+03  .9196E+03   .9998369  .0055133  .0171976
T 3881  1 .1697375E+07   2000006E-01  .9502E+03  .4636E+02   .9997931  .0203190  .0008999
T 3882  1 .1667010E+07   2000006E-01  .5549E+03  .1926E+04   .9997944  .0015383  .0202178
T 3883  1 .1698641E+07   2000018E-01 -.5780E+03  .5019E+03   .9997735 -.0149372  .0151569
T 3884  1 .1673802E+07   2000017E-01  .1092E+04 -.1342E+04   .9985479  .0487608 -.0228993
T 3885  1 .1691221E+07   2000016E-01 -.3775E+03  .1532E+04   .9998258  .0043978  .0181407
T 3886  1 .1663127E+07   2000014E-01  .9615E+02 -.5001E+03   .9997798  .0208499 -.0023884
T 3887  1 .1673925E+07   2000020E-01 -.6947E+03  .1175E+04   .9999572  .0008246  .0092171
T 3888  1 .1665852E+07   2000011E-01 -.5427E+03  .1720E+04   .9998447  .0030703  .0173559
T 3889  1 .1700074E+07   2000001E-01 -.6100E+03  .4492E+03   .9999756 -.0033353  .0061308
T 3890  1 .1677812E+07   2000014E-01 -.2832E+04  .8520E+03   .9998783 -.0152729 -.0031960
T 3891  1 .1667006E+07   2000019E-01  .4052E+03  .2238E+04   .9999314  .0072947  .0091642
T 3892  1 .1692275E+07   2000003E-01 -.2158E+03 -.4025E+03   .9999669 -.0080991  .0007544
T 3893  1 .1692747E+07   2000009E-01  .4322E+04 -.3330E+04   .9985968  .0272599 -.0454021
T 3894  1 .1658302E+07   2000020E-01  .3545E+03 -.5614E+02   .9997500  .0119371 -.0189072
T 3895  1 .1669910E+07   2000011E-01  .7491E+02 -.3644E+02   .9999864  .0025436 -.0045457
T 3896  1 .1674596E+07   2000016E-01  .3294E+03  .1260E+03   .9999928  .0009449  .0036697
T 3897  1 .1686562E+07   2000015E-01 -.1825E+04 -.1850E+03   .9995447 -.0222812 -.0203458
T 3898  1 .1662542E+07   2000020E-01 -.7637E+03 -.8089E+03   .9999882 -.0029490 -.0038614
T 3899  1 .1665649E+07   2000010E-01 -.1577E+03 -.1299E+04   .9999938  .0013478 -.0032589
T 3900  1 .1686403E+07   2000018E-01 -.4866E+03  .1497E+03   .9999917 -.0031634  .0025529
T 3901  1 .1660584E+07   2000006E-01  .3229E+03 -.1170E+04   .9986464  .0101851 -.0510056
T 3902  1 .1674685E+07   2000020E-01  .5286E+02  .7399E+02   .9999166 -.0095289  .0087194
T 3903  1 .1650646E+07   2000021E-01 -.3119E+04 -.1080E+04   .9993377 -.0346624 -.0110789
T 3904  1 .1695358E+07   2000011E-01 -.2717E+04  .1415E+04   .9996837 -.0233058  .0094513
T 3905  1 .1661150E+07   2000017E-01 -.3796E+04 -.5961E+04   .9965304 -.0469115 -.0687489
T 3906  1 .1669754E+07   2000017E-01  .2027E+03  .1485E+04   .9997557  .0117969  .0186903
T 3907  1 .1654798E+07   2000017E-01 -.1453E+04  .3569E+03   .9994370 -.0335068  .0017535
T 3908  1 .1652103E+07   2000004E-01 -.1039E+03 -.3001E+03   .9999935 -.0035674 -.0004647
T 3909  1 .1707391E+07   2000022E-01 -.8104E+03  .8388E+03   .9997576 -.0044699  .0215589
T 3910  1 .1698955E+07   2000012E-01 -.8782E+03 -.8786E+03   .9999021 -.0137507  .0025944
T 3911  1 .1707206E+07   2000021E-01  .4541E+03  .1820E+03   .9999524  .0091639 -.0033480
T 3912  1 .1685811E+07   2000014E-01 -.6861E+03  .1784E+03   .9999195 -.0125700 -.0017108
T 3913  1 .1687301E+07   2000010E-01  .9267E+03 -.1261E+04   .9998826  .0096210 -.0119251
T 3914  1 .1674799E+07   2000005E-01 -.8633E+03 -.2195E+04   .9995287 -.0165048 -.0258822
T 3915  1 .1682032E+07   2000008E-01  .9999E+03 -.5557E+03   .9999735  .0065613 -.0031640
T 3916  1 .1657165E+07   2000010E-01  .6523E+04  .1634E+04   .9989516  .0456680  .0031701
T 3917  1 .1670771E+07   2000007E-01  .4287E+02  .4457E+02   .9999728  .0071119 -.0019796
T 3918  1 .1674287E+07   2000012E-01  .2678E+04  .2403E+04   .9996047  .0187790  .0209235
T 3919  1 .1689800E+07   2000020E-01  .2547E+04  .3419E+03   .9998437  .0176700  .0006494
T 3920  1 .1684805E+07   2000016E-01 -.8265E+03 -.2537E+03   .9996852 -.0202076 -.0148694
T 3921  1 .1668874E+07   2000020E-01 -.1251E+04  .1039E+03   .9997678 -.0194525 -.0092746
T 3922  1 .1677533E+07   2000018E-01  .3336E+04  .1247E+04   .9992238  .0376315  .0116442
T 3923  1 .1653961E+07   2000015E-01 -.3687E+03 -.7865E+03   .9999342  .0058379 -.0098699
T 3924  1 .1666184E+07   2000006E-01 -.8906E+03  .2137E+03   .9999904  .0030077 -.0031733
T 3925  1 .1679261E+07   2000004E-01 -.8954E+03  .1479E+03   .9999981 -.0005521 -.0018475
T 3926  1 .1654783E+07   2000020E-01  .1885E+03  .1657E+03   .9999681  .0029298  .0074271
T 3927  1 .1696183E+07   2000002E-01  .2832E+03  .7394E+03   .9999894  .0004903  .0045696
T 3928  1 .1694986E+07   2000017E-01  .2483E+03  .9002E+03   .9999408 -.0060032  .0090744
T 3929  1 .1684587E+07   2000012E-01 -.1001E+04  .1446E+03   .9997583 -.0204895 -.0079669
T 3930  1 .1664842E+07   2000008E-01 -.2840E+03  .2372E+03   .9999776  .0064248 -.0018710
T 3931  1 .1709933E+07   2000019E-01  .1175E+04 -.1137E+04   .9999732  .0014393 -.0071838
T 3932  1 .1683221E+07   2000006E-01 -.1122E+04  .1035E+04   .9999065 -.0113913  .0075675
T 3933  1 .1684256E+07   2000019E-01  .1143E+04  .1465E+04   .9998523  .0139384  .0100515
T 3934  1 .1675391E+07   2000016E-01  .1403E+04  .1466E+04   .9999065  .0084034  .0107887
T 3935  1 .1694002E+07   2000011E-01  .7907E+03  .1781E+04   .9998918 -.0004830  .0147013
T 3936  1 .1666855E+07   2000017E-01 -.1306E+04  .4040E+03   .9999347 -.0090274  .0070085
T 3937  1 .1669260E+07   2000000E-01 -.3352E+03  .1843E+03   .9999869 -.0036672  .0035848
T 3938  1 .1662898E+07   2000021E-01  .9004E+03  .1749E+04   .9997687  .0175954  .0123645
T 3939  1 .1681444E+07   2000011E-01 -.1669E+04  .3368E+04   .9994461 -.0138670  .0302522
T 3940  1 .1685779E+07   2000017E-01 -.1824E+04 -.6857E+03   .9999427 -.0098895 -.0041062
T 3941  1 .1685195E+07   2000000E-01 -.1015E+04 -.9945E+03   .9998565 -.0129738 -.0108950
T 3942  1 .1678232E+07   2000010E-01  .9589E+03 -.1262E+04   .9998247  .0187070 -.0007384
T 3943  1 .1680864E+07   2000015E-01  .5090E+03 -.3082E+03   .9999848  .0049980  .0023244
T 3944  1 .1683960E+07   2000021E-01  .2132E+04  .1211E+02   .9998905  .0143920 -.0034294
T 3945  1 .1659609E+07   2000021E-01  .1517E+04 -.3877E+03   .9999257  .0118394 -.0029154
T 3946  1 .1660652E+07   2000019E-01 -.1408E+03 -.4315E+02   .9999782  .0037330 -.0054477
T 3947  1 .1660424E+07   2000006E-01  .2097E+03 -.2443E+04   .9997707 -.0055804 -.0206715
T 3948  1 .1678148E+07   2000009E-01  .6537E+03 -.2203E+03   .9997305  .0230402  .0028467
T 3949  1 .1690136E+07   2000008E-01  .1094E+04  .6401E+03   .9998157  .0169352  .0090465
T 3950  1 .1670968E+07   2000014E-01 -.3962E+03  .4808E+03   .9999792 -.0054742  .0034244
T 3951  1 .1685549E+07   2000009E-01  .1193E+03  .2232E+03   .9999976  .0011809 -.0018454
T 3952  1 .1671497E+07   2000014E-01  .1548E+04  .2725E+04   .9996874  .0162254  .0190203
T 3953  1 .1705859E+07   2000003E-01  .2443E+04  .9170E+03   .9989648  .0350698  .0289727
T 3954  1 .1680348E+07   2000012E-01  .1154E+04 -.4340E+01   .9999000  .0140366 -.0017169
T 3955  1 .1688983E+07   2000004E-01  .5423E+03 -.8875E+03   .9999334  .0092466 -.0069098
T 3956  1 .1691129E+07   2000004E-01  .6384E+01 -.1757E+03   .9999948  .0032095 -.0002458
T 3957  1 .1643907E+07   2000016E-01 -.8981E+02  .6656E+03   .9999580 -.0007844  .0091297
T 3958  1 .1694713E+07   2000001E-01  .3062E+04 -.2976E+04   .9995926  .0178231 -.0222926
T 3959  1 .1696358E+07   2000002E-01 -.1618E+04  .1537E+04   .9997656 -.0171250  .0132506
T 3960  1 .1671304E+07   2000007E-01 -.7060E+03 -.1004E+04   .9999105 -.0123901 -.0050499
T 3961  1 .1688404E+07   2000019E-01 -.4230E+03  .1471E+04   .9998375 -.0051000  .0172897
T 3962  1 .1684247E+07   2000012E-01 -.1357E+03 -.1233E+03   .9999820 -.0049962 -.0033311
T 3963  1 .1697041E+07   2000011E-01  .4782E+03 -.8305E+03   .9999809 -.0012654 -.0060438
T 3964  1 .1687993E+07   2000017E-01  .1974E+03 -.3832E+03   .9999965  .0005835 -.0025738
T 3965  1 .1674537E+07   2000021E-01 -.7880E+03  .4840E+03   .9999947 -.0031409  .0008874
T 3966  1 .1680843E+07   2000021E-01  .8818E+03  .9041E+03   .9998404  .0079930  .0159787
T 3967  1 .1703038E+07   2000021E-01 -.1287E+03 -.2483E+03   .9999376 -.0111126  .0011688
T 3968  1 .1666378E+07   2000006E-01 -.4162E+02 -.5444E+03   .9999714 -.0064876 -.0038776
T 3969  1 .1688215E+07   2000020E-01 -.5047E+03  .3264E+02   .9999800 -.0008630 -.0062688
T 3970  1 .1689894E+07   2000020E-01 -.5975E+03  .7368E+03   .9999305 -.0066720  .0097179
T 3971  1 .1693440E+07   2000009E-01 -.1910E+04 -.3058E+04   .9995865 -.0161308 -.0238024
T 3972  1 .1657803E+07   2000009E-01 -.7315E+03  .1235E+04   .9997575  .0014008  .0219769
T 3973  1 .1684372E+07   2000002E-01  .1339E+04  .8144E+02   .9999489  .0100917 -.0006404
T 3974  1 .1687028E+07   2000014E-01  .1197E+04  .7438E+03   .9999125  .0126560  .0038555
T 3975  1 .1687246E+07   2000022E-01  .1558E+04 -.1613E+04   .9998784  .0095996 -.0122877
T 3976  1 .1678768E+07   2000011E-01  .1488E+02 -.5814E+03   .9999835  .0048662 -.0030480
T 3977  1 .1666659E+07   2000022E-01  .1295E+04 -.8365E+03   .9998444  .0171130  .0042881
T 3978  1 .1667787E+07   2000014E-01  .5180E+03 -.5401E+03   .9999174  .0036637 -.0123170
T 3979  1 .1698322E+07   2000006E-01  .1452E+04  .4959E+02   .9998397  .0168126  .0061552
T 3980  1 .1677015E+07   2000019E-01  .3082E+04 -.2677E+04   .9998491  .0164214 -.0056587
T 3981  1 .1671258E+07   2000002E-01 -.4573E+03 -.3051E+03   .9999655 -.0050413 -.0066006
T 3982  1 .1678214E+07   2000000E-01 -.1435E+04  .4353E+03   .9997972 -.0198903  .0031482
T 3983  1 .1709934E+07   2000008E-01 -.2006E+04  .3139E+03   .9999034 -.0134154  .0036492
T 3984  1 .1685424E+07   2000011E-01  .2499E+03  .4094E+03   .9998947  .0069155  .0127582
T 3985  1 .1706947E+07   2000009E-01  .6942E+01  .5378E+03   .9999959  .0027362 -.0008729
T 3986  1 .1678868E+07   2000009E-01 -.2377E+03 -.9196E+02   .9999781 -.0064136  .0016028
T 3987  1 .1672923E+07   2000016E-01 -.1931E+04 -.1315E+04   .9993887 -.0285067 -.0202380
T 3988  1 .1662120E+07   2000011E-01 -.3218E+03  .2150E+04   .9998667 -.0025555  .0161281
T 3989  1 .1658861E+07   2000014E-01  .6484E+03  .1178E+04   .9999242  .0057832  .0108712
T 3990  1 .1694347E+07   2000019E-01  .3374E+03 -.6394E+02   .9999142  .0130956  .0004102
T 3991  1 .1709252E+07   2000010E-01  .2426E+04  .1446E+04   .9998267  .0154557  .0103821
T 3992  1 .1675619E+07   2000007E-01  .1276E+04  .1116E+04   .9999172  .0055520 -.0116071
T 3993  1 .1695873E+07   2000016E-01  .8629E+01  .4485E+03   .9999736  .0065460  .0031660
T 3994  1 .1677899E+07   2000014E-01 -.5734E+03 -.4199E+03   .9999519 -.0011548 -.0097352
T 3995  1 .1675107E+07   2000006E-01 -.2539E+03 -.1228E+04   .9999189 -.0011343 -.0126864
T 3996  1 .1666557E+07   2000008E-01 -.1282E+04 -.4981E+03   .9999159 -.0083205 -.0099487
T 3997  1 .1667762E+07   2000019E-01 -.8101E+03 -.8576E+03   .9998819 -.0135503 -.0072531
T 3998  1 .1676362E+07   2000009E-01  .2280E+03 -.2722E+03   .9999514 -.0024155 -.0095602
T 3999  1 .1691316E+07   2000018E-01 -.5475E+03  .1093E+03   .9998637 -.0124850 -.0108046
T 4000  1 .1681161E+07   2000007E-01  .1040E+04  .3992E+04   .9996806  .0003148  .0252717
T 4001  1 .1692685E+07   2000006E-01  .8394E+03  .4089E+03   .9999864  .0044526 -.0027071
T 4002  1 .1689276E+07   2000001E-01 -.1130E+04 -.6546E+03   .9998562 -.0061535 -.0158003
T 4003  1 .1657672E+07   2000019E-01 -.1210E+04  .1319E+04   .9998687 -.0131450  .0094774
T 4004  1 .1686183E+07   2000007E-01 -.9931E+03 -.1066E+04   .9996773 -.0097829 -.0234434
T 4005  1 .1676218E+07   2000009E-01 -.7349E+02 -.1323E+04   .9998560 -.0061233 -.0158296
T 4006  1 .1669737E+07   2000022E-01  .5586E+03  .5251E+03   .9999271 -.0032444 -.0116273
T 4007  1 .1679170E+07   2000018E-01  .1844E+02 -.8346E+02   .9999873 -.0001037  .0050380
T 4008  1 .1683030E+07   2000021E-01 -.5031E+04 -.2287E+03   .9997648 -.0215399  .0025137
T 4009  1 .1661832E+07   2000021E-01  .1805E+04 -.9677E+03   .9996801  .0121484 -.0221850
T 4010  1 .1686102E+07   2000019E-01 -.1958E+03 -.9852E+03   .9999754 -.0037084 -.0059456
T 4011  1 .1689859E+07   2000001E-01 -.4238E+03 -.5769E+03   .9999583 -.0090483  .0012352
T 4012  1 .1677379E+07   2000018E-01  .2129E+04 -.2169E+04   .9997754  .0141814 -.0157524
T 4013  1 .1651892E+07   2000020E-01  .9514E+03  .4436E+03   .9999873  .0045658  .0021564
T 4014  1 .1664652E+07   2000003E-01  .1125E+03 -.5381E+03   .9999983  .0014953 -.0011093
T 4015  1 .1714287E+07   2000000E-01  .1279E+04  .2327E+03   .9999350  .0050409 -.0102242
T 4016  1 .1678391E+07   2000022E-01 -.2779E+03  .1084E+04   .9999764 -.0019589  .0065869
T 4017  1 .1675879E+07   2000016E-01 -.4328E+03  .9505E+02   .9999083 -.0003189  .0135401
T 4018  1 .1677779E+07   2000019E-01 -.1090E+04  .6328E+03   .9999811 -.0023385 -.0056826
T 4019  1 .1679328E+07   2000015E-01 -.2977E+02 -.6406E+04   .9988941 -.0003142 -.0470148
T 4020  1 .1699687E+07   2000007E-01  .1457E+04  .5594E+03   .9997567  .0206466  .0077622
T 4021  1 .1697011E+07   2000014E-01 -.5648E+03  .1707E+04   .9999094 -.0133412  .0017927
T 4022  1 .1663355E+07   2000019E-01 -.1870E+04  .2187E+03   .9998814 -.0153258  .0015276
T 4023  1 .1665470E+07   2000008E-01 -.3744E+02 -.8751E+03   .9999276 -.0050396 -.0109269
T 4024  1 .1681499E+07   2000015E-01 -.1101E+04  .3447E+04   .9992926 -.0167086  .0336919
T 4025  1 .1690630E+07   2000010E-01 -.1538E+04  .1433E+04   .9997768 -.0169395  .0126216
T 4026  1 .1685753E+07   2000020E-01 -.1309E+04 -.6429E+02   .9998976 -.0143000  .0005925
T 4027  1 .1672631E+07   2000023E-01 -.1183E+04  .1761E+04   .9999165 -.0038158  .0123473
T 4028  1 .1667924E+07   2000002E-01 -.1006E+04  .2145E+03   .9997859 -.0191674 -.0077987
T 4029  1 .1682532E+07   2000004E-01 -.5806E+02 -.1114E+04   .9998849 -.0045596 -.0144692
T 4030  1 .1686722E+07   2000019E-01  .8555E+01  .5845E+04   .9986105 -.0001486  .0526971
T 4031  1 .1659738E+07   2000006E-01 -.3240E+03  .3198E+02   .9999326  .0038228  .0109662
T 4032  1 .1655037E+07   2000003E-01  .1581E+02 -.1437E+04   .9998156 -.0079688 -.0174746
T 4033  1 .1683949E+07   2000013E-01 -.1002E+04  .7679E+03   .9998975 -.0129836  .0060367
T 4034  1 .1675348E+07   2000017E-01 -.7657E+03 -.4729E+03   .9999901 -.0015218 -.0041840
T 4035  1 .1682006E+07   2000000E-01 -.2084E+03 -.8046E+03   .9999010 -.0032370 -.0136958
T 4036  1 .1673036E+07   2000021E-01  .3552E+03 -.7906E+03   .9999580  .0075167 -.0052475
T 4037  1 .1676775E+07   2000019E-01 -.4876E+03 -.6135E+02   .9999975  .0008257  .0020614
T 4038  1 .1697143E+07   2000022E-01  .5998E+03 -.4738E+03   .9999501  .0044264 -.0089509
T 4039  1 .1699773E+07   2000002E-01 -.2423E+04  .1476E+03   .9996001 -.0266016  .0095878
T 4040  1 .1684070E+07   2000020E-01 -.8920E+02  .2055E+03   .9999660 -.0047872  .0067079
T 4041  1 .1659689E+07   2000015E-01 -.1872E+04  .1406E+04   .9985447 -.0244833  .0480533
T 4042  1 .1678105E+07   2000011E-01  .1822E+04 -.1027E+03   .9999144  .0128471 -.0024961
T 4043  1 .1705534E+07   2000004E-01 -.5467E+02  .7092E+03   .9999271  .0103951  .0061506
T 4044  1 .1650922E+07   2000006E-01  .3342E+03  .8826E+03   .9999135  .0038741  .0125724
T 4045  1 .1698899E+07   2000016E-01  .1765E+03  .1194E+04   .9999739 -.0058100  .0042866
T 4046  1 .1686181E+07   2000017E-01 -.6087E+03  .9159E+03   .9999595 -.0064024  .0063245
T 4047  1 .1669574E+07   2000021E-01 -.3537E+03 -.2521E+02   .9999891 -.0014452 -.0044338
T 4048  1 .1700428E+07   2000000E-01 -.1322E+04  .1002E+04   .9999624 -.0073683  .0045651
T 4049  1 .1667109E+07   2000001E-01  .5928E+03 -.1469E+04   .9998737 -.0046263 -.0152050
T 4050  1 .1677135E+07   2000020E-01  .2208E+03 -.4173E+03   .9999915  .0002505 -.0041054
T 4051  1 .1680190E+07   2000011E-01  .1987E+04  .3559E+03   .9998009  .0199558 -.0001283
T 4052  1 .1679593E+07   2000015E-01  .1907E+04 -.4443E+03   .9995562  .0285135 -.0086284
T 4053  1 .1668232E+07   2000018E-01  .5420E+03  .1083E+04   .9998981  .0062212  .0128479
T 4054  1 .1686421E+07   2000014E-01  .6235E+03  .6666E+03   .9999930 -.0036751  .0006513
T 4055  1 .1675674E+07   2000016E-01  .1198E+04  .6894E+03   .9999566  .0090321 -.0022937
T 4056  1 .1702976E+07   2000013E-01 -.9528E+03  .6606E+03   .9999336 -.0006231  .0115066
T 4057  1 .1706319E+07   2000019E-01  .1183E+04 -.2843E+03   .9999792  .0029603  .0057240
T 4058  1 .1666940E+07   2000007E-01  .1289E+03 -.1376E+04   .9999476  .0040648 -.0093963
T 4059  1 .1676349E+07   2000021E-01  .3877E+03  .9525E+03   .9999123  .0096184  .0091006
T 4060  1 .1664039E+07   2000009E-01 -.3530E+05  .2879E+05   .9723582 -.1788479  .1501096
T 4061  1 .1671780E+07   2000012E-01 -.6250E+03  .1804E+04   .9998762 -.0019173  .0156181
T 4062  1 .1680752E+07   2000006E-01 -.1499E+04  .6193E+03   .9996320 -.0267036  .0047709
T 4063  1 .1676427E+07   2000020E-01 -.2496E+03 -.2862E+03   .9999810  .0006508 -.0061230
T 4064  1 .1689027E+07   2000015E-01  .1042E+04 -.1461E+04   .9999611 -.0055127 -.0068923
T 4065  1 .1683378E+07   2000018E-01  .9018E+01  .1050E+04   .9999399 -.0047178  .0099006
T 4066  1 .1689806E+07   2000013E-01 -.3174E+03 -.9237E+02   .9999621  .0055835 -.0066807
T 4067  1 .1675774E+07   2000016E-01  .3468E+03  .5595E+03   .9999020  .0119843  .0072387
T 4068  1 .1671350E+07   2000002E-01 -.6115E+03  .1426E+04   .9999682 -.0015679  .0078134
T 4069  1 .1700877E+07   2000019E-01 -.3890E+04 -.3824E+04   .9993979 -.0280565 -.0204125
T 4070  1 .1667490E+07   2000022E-01  .1305E+04  .1700E+02   .9999429  .0094853  .0049215
T 4071  1 .1681857E+07   2000005E-01  .6771E+03  .1057E+04   .9998223  .0155674  .0106291
T 4072  1 .1671801E+07   2000011E-01  .1666E+04 -.8545E+02   .9999753  .0022170 -.0066716
T 4073  1 .1712089E+07   2000020E-01 -.2412E+03 -.7708E+03   .9999511 -.0039062 -.0090903
T 4074  1 .1650259E+07   2000003E-01 -.1733E+04  .8532E+04   .9930743 -.0262454  .1145192
T 4075  1 .1666280E+07   2000007E-01 -.2307E+03  .1322E+04   .9999860 -.0030480  .0043227
T 4076  1 .1679634E+07   2000011E-01  .4210E+03 -.9408E+03   .9999429  .0015588 -.0105724
T 4077  1 .1677798E+07   2000007E-01  .1316E+04  .4347E+03   .9997959  .0060378  .0192812
T 4078  1 .1685222E+07   2000011E-01 -.1625E+04  .9831E+03   .9999795 -.0049959  .0040149
T 4079  1 .1680631E+07   2000013E-01 -.6992E+03 -.8390E+03   .9999779  .0004757 -.0066369
T 4080  1 .1660356E+07   2000019E-01  .1404E+02 -.4985E+04   .9989106  .0033549 -.0465447
T 4081  1 .1679864E+07   2000021E-01  .6702E+03 -.6048E+03   .9999763  .0024052 -.0064445
T 4082  1 .1714482E+07   2000001E-01  .8938E+03 -.2512E+04   .9995113  .0103128 -.0295094
T 4083  1 .1686179E+07   2000014E-01 -.2539E+03 -.4559E+03   .9999274  .0086207 -.0084191
T 4084  1 .1681635E+07   2000016E-01  .9002E+03 -.7852E+03   .9999910 -.0022301 -.0036135
T 4085  1 .1667629E+07   2000022E-01 -.1191E+04 -.1505E+04   .9997888 -.0101232 -.0178833
T 4086  1 .1662536E+07   2000006E-01  .4926E+03 -.1433E+03   .9998467  .0114757  .0132223
T 4087  1 .1700441E+07   2000011E-01 -.3457E+04  .6992E+02   .9995983 -.0273597  .0073983
T 4088  1 .1675585E+07   2000019E-01 -.1792E+04 -.2103E+04   .9997993 -.0145565 -.0137640
T 4089  1 .1670625E+07   2000016E-01  .1504E+04  .3975E+02   .9999371  .0102241  .0046200
T 4090  1 .1694051E+07   2000013E-01  .2135E+04  .5347E+03   .9998868  .0135491  .0065424
T 4091  1 .1674860E+07   2000015E-01  .2792E+03  .1714E+04   .9998706 -.0046416  .0154048
T 4092  1 .1673477E+07   2000021E-01  .1958E+03  .1309E+04   .9999317  .0061467  .0099453
T 4093  1 .1676199E+07   2000003E-01  .4840E+03  .2252E+04   .9999909  .0006675  .0042186
T 4094  1 .1690798E+07   2000022E-01 -.2410E+04  .1608E+04   .9997924 -.0149905  .0138036
T 4095  1 .1652102E+07   2000018E-01  .1138E+05 -.1785E+04   .9980775  .0617965 -.0047411
T 4096  1 .1664942E+07   2000021E-01 -.8133E+03 -.2519E+03   .9998992 -.0102291 -.0098506
T 4097  1 .1679322E+07   2000003E-01 -.3176E+03  .1652E+04   .9999137 -.0077731  .0105904
T 4098  1 .1667285E+07   2000001E-01  .2242E+04  .1309E+03   .9998047  .0196529  .0020801
T 4099  1 .1678591E+07   2000013E-01 -.1511E+04  .5430E+03   .9997483 -.0198903  .0103795
T 4100  1 .1674898E+07   2000002E-01  .3409E+04 -.3283E+04   .9989364  .0266465 -.0376307
T 4101  1 .1678996E+07   2000016E-01  .2108E+03 -.1257E+04   .9997937  .0170626 -.0110189
T 4102  1 .1657828E+07   2000000E-01  .1938E+04  .3220E+03   .9996787  .0244271 -.0067742
T 4103  1 .1678668E+07   2000018E-01  .1122E+04 -.7743E+03   .9999342  .0110830 -.0029531
T 4104  1 .1688011E+07   2000022E-01  .2205E+03 -.7962E+03   .9999764  .0021530 -.0065283
T 4105  1 .1667425E+07   2000007E-01 -.1308E+04  .4348E+03   .9999515 -.0077882 -.0060246
T 4106  1 .1686914E+07   2000005E-01  .1018E+04  .9210E+03   .9998787  .0102628  .0117199
T 4107  1 .1683708E+07   2000014E-01 -.5066E+03  .6541E+03   .9999008 -.0109917  .0088128
T 4108  1 .1679426E+07   2000021E-01 -.2356E+03 -.7418E+03   .9999726  .0070176 -.0023372
T 4109  1 .1675086E+07   2000021E-01  .4143E+03 -.7087E+03   .9998542 -.0097155  .0140457
T 4110  1 .1702361E+07   2000021E-01 -.1409E+04  .2068E+04   .9997208 -.0135787  .0193361
T 4111  1 .1686569E+07   2000007E-01  .6674E+03  .1101E+04   .9999712 -.0075839  .0001965
T 4112  1 .1690301E+07   2000014E-01  .6124E+03  .1804E+03   .9999787  .0058580  .0028820
T 4113  1 .1660477E+07   2000007E-01  .1020E+04 -.1016E+03   .9999963  .0019269 -.0019356
T 4114  1 .1683407E+07   2000016E-01 -.1157E+04 -.1205E+04   .9999635 -.0041860 -.0074549
T 4115  1 .1681204E+07   2000014E-01  .3818E+03 -.1778E+04   .9997948  .0018469 -.0201715
T 4116  1 .1653759E+07   2000001E-01 -.7394E+04 -.1225E+05   .9944573 -.0493749 -.0928268
T 4117  1 .1679756E+07   2000015E-01  .1048E+04  .5565E+03   .9998626  .0122466  .0111736
T 4118  1 .1674440E+07   2000009E-01  .9277E+03  .3107E+03   .9999674  .0079463 -.0013991
T 4119  1 .1677893E+07   2000019E-01 -.7967E+01  .4086E+03   .9999810 -.0041860  .0045196
T 4120  1 .1678635E+07   2000016E-01 -.7331E+02 -.1162E+03   .9999950 -.0028849  .0013284
T 4121  1 .1671907E+07   2000000E-01 -.7396E+03 -.3690E+03   .9999703  .0068217 -.0035828
T 4122  1 .1706452E+07   2000000E-01  .2797E+03  .1420E+02   .9999512  .0044678  .0088120
T 4123  1 .1682602E+07   2000010E-01  .1548E+04 -.1184E+04   .9990771  .0177256 -.0391250
T 4124  1 .1677888E+07   2000013E-01 -.8202E+02 -.6756E+02   .9999570 -.0034124 -.0086221
T 4125  1 .1662891E+07   2000007E-01  .2619E+04  .1160E+04   .9991966  .0400311  .0019011
T 4126  1 .1685634E+07   2000000E-01 -.6599E+02  .7994E+02   .9999578  .0025441  .0088282
T 4127  1 .1675952E+07   2000017E-01 -.1999E+04  .3702E+03   .9997998 -.0192285  .0055292
T 4128  1 .1658180E+07   2000013E-01 -.9638E+03 -.1559E+04   .9996224 -.0261183 -.0085432
T 4129  1 .1701853E+07   2000023E-01  .8528E+03  .2316E+04   .9997722  .0025297  .0211911
T 4130  1 .1672272E+07   2000005E-01 -.1632E+04 -.8486E+03   .9997842 -.0179352 -.0104824
T 4131  1 .1673280E+07   2000007E-01  .1933E+04 -.5497E+03   .9998951  .0108422 -.0096087
T 4132  1 .1679980E+07   2000007E-01  .4525E+03 -.7712E+02   .9999839  .0056080  .0008320
T 4133  1 .1686607E+07   2000000E-01  .7456E+03 -.9964E+03   .9996883  .0074529 -.0238256
T 4134  1 .1688814E+07   2000011E-01  .4338E+02  .1921E+04   .9999590  .0053884  .0072770
T 4135  1 .1677311E+07   2000021E-01 -.4005E+03  .1168E+04   .9998671 -.0145841  .0072821
T 4136  1 .1678667E+07   2000010E-01  .4352E+03  .1946E+04   .9986736 -.0013224  .0514703
T 4137  1 .1683676E+07   2000021E-01  .1754E+03 -.1215E+03   .9999925 -.0006665 -.0038059
T 4138  1 .1695198E+07   2000007E-01 -.5849E+03 -.3909E+03   .9999666  .0025255  .0077771
T 4139  1 .1677950E+07   2000021E-01  .1341E+03  .5771E+03   .9999648 -.0060577  .0058089
T 4140  1 .1696765E+07   2000018E-01 -.6331E+03  .4686E+03   .9999746 -.0063973  .0031517
T 4141  1 .1650644E+07   2000022E-01 -.1746E+04  .1845E+04   .9999148 -.0103496  .0079607
T 4142  1 .1669766E+07   2000005E-01 -.1753E+04  .6101E+03   .9998607 -.0152631  .0067585
T 4143  1 .1675556E+07   2000010E-01 -.2172E+04 -.1473E+04   .9996764 -.0072535 -.0243816
T 4144  1 .1675072E+07   2000023E-01 -.6277E+03  .1015E+04   .9998536  .0119412  .0122586
T 4145  1 .1701964E+07   2000022E-01 -.8774E+03  .8764E+03   .9999238 -.0122664  .0013594
T 4146  1 .1681785E+07   2000004E-01 -.8458E+03  .7945E+03   .9999141 -.0114147  .0064445
T 4147  1 .1689668E+07   2000006E-01  .1297E+03 -.1360E+04   .9998051  .0044931 -.0192238
T 4148  1 .1669188E+07   2000008E-01  .1019E+04 -.5033E+03   .9999047 -.0137683  .0009710
T 4149  1 .1688209E+07   2000013E-01  .7235E+03  .1672E+04   .9987817  .0074757  .0487766
T 4150  1 .1689161E+07   2000020E-01 -.6937E+03  .8801E+03   .9997848 -.0131401  .0160553
T 4151  1 .1675225E+07   2000020E-01  .3047E+03  .4981E+03   .9999484 -.0049974  .0088441
T 4152  1 .1673818E+07   2000013E-01  .6684E+03 -.1501E+03   .9999622  .0011605  .0086193
T 4153  1 .1669535E+07   2000016E-01 -.2019E+03  .1181E+04   .9998913 -.0056551  .0136132
T 4154  1 .1670588E+07   2000008E-01 -.5797E+03 -.6223E+03   .9999780 -.0027194 -.0060421
T 4155  1 .1667072E+07   2000016E-01 -.1550E+04 -.6410E+04   .9994310 -.0054658 -.0332843
T 4156  1 .1698071E+07   2000021E-01 -.3535E+03 -.1125E+03   .9999887  .0044399 -.0017137
T 4157  1 .1644024E+07   2000016E-01  .1878E+03  .7952E+02   .9999208 -.0089037  .0088946
T 4158  1 .1699074E+07   2000021E-01  .9237E+03  .1096E+04   .9997368  .0092587  .0209930
T 4159  1 .1684428E+07   2000005E-01  .2112E+05 -.2460E+04   .9919076  .1260502 -.0151860
T 4160  1 .1677437E+07   2000003E-01  .8302E+04 -.4304E+04   .9726039  .2162974 -.0851880
T 4161  1 .1694385E+07   2000001E-01  .1729E+04 -.4263E+03   .9990234  .0398756 -.0190301
T 4162  1 .1694941E+07   2000010E-01 -.3644E+03  .9893E+03   .9999739  .0024367  .0068000
T 4163  1 .1666290E+07   2000000E-01 -.4623E+03 -.1846E+04   .9998225  .0043356 -.0183343
T 4164  1 .1677472E+07   2000013E-01  .5411E+03 -.1575E+04   .9999389  .0093186 -.0059426
T 4165  1 .1653093E+07   2000023E-01 -.7439E+03  .4719E+03   .9999848 -.0004390  .0054986
T 4166  1 .1664725E+07   2000019E-01  .3814E+03  .1987E+03   .9999922  .0037471  .0012099
T 4167  1 .1666906E+07   2000005E-01  .6989E+03  .7604E+03   .9999177  .0125419  .0027070
T 4168  1 .1688136E+07   2000016E-01  .7606E+03 -.1452E+04   .9996769  .0200639 -.0156062
T 4169  1 .1684811E+07   2000002E-01  .1199E+04  .2909E+04   .9976207  .0165952  .0669141
T 4170  1 .1666148E+07   2000016E-01 -.4928E+02  .1190E+04   .9998538 -.0006192  .0170907
T 4171  1 .1651045E+07   2000005E-01 -.6800E+03 -.6457E+03   .9999335 -.0054200 -.0101828
T 4172  1 .1675482E+07   2000007E-01  .1674E+04 -.1088E+04   .9995906  .0216943 -.0186529
T 4173  1 .1650443E+07   2000021E-01 -.1691E+04  .2338E+03   .9999059 -.0132131  .0036831
T 4174  1 .1685244E+07   2000010E-01 -.1014E+03  .1229E+04   .9999780 -.0026523  .0060729
T 4175  1 .1661548E+07   2000016E-01  .1210E+03 -.3622E+03   .9998923 -.0065064  .0131565
T 4176  1 .1659615E+07   2000020E-01 -.3031E+03  .2685E+04   .9999277  .0015989  .0119189
T 4177  1 .1697460E+07   2000007E-01  .1095E+04  .1091E+04   .9999685  .0068682  .0039908
T 4178  1 .1671185E+07   2000020E-01 -.1745E+04 -.6003E+03   .9998822 -.0140686 -.0061312
T 4179  1 .1644426E+07   2000017E-01  .4219E+04 -.1803E+03   .9981037  .0613220  .0053481
T 4180  1 .1676324E+07   2000019E-01 -.9621E+03  .1384E+04   .9998993 -.0079832  .0117315
T 4181  1 .1682312E+07   2000006E-01 -.3287E+03 -.5723E+03   .9999550 -.0037522  .0087138
T 4182  1 .1665764E+07   2000008E-01 -.4271E+02  .9989E+03   .9998723  .0043859  .0153650
T 4183  1 .1683561E+07   2000012E-01  .1520E+04  .1850E+03   .9999614  .0027693  .0083334
T 4184  1 .1671020E+07   2000021E-01 -.8778E+03 -.1574E+03   .9999020 -.0089544 -.0107574
T 4185  1 .1647105E+07   2000014E-01  .8991E+02  .5185E+02   .9999579  .0075895 -.0051616
T 4186  1 .1667132E+07   2000020E-01 -.1801E+04 -.3159E+03   .9999088 -.0103733 -.0086497
T 4187  1 .1667978E+07   2000018E-01 -.3771E+03 -.3019E+03   .9999796  .0008136 -.0063324
T 4188  1 .1683738E+07   2000011E-01 -.1111E+04 -.1241E+04   .9997985 -.0099383 -.0174423
T 4189  1 .1688401E+07   2000006E-01  .1681E+04 -.1922E+04   .9995379  .0152116 -.0263190
T 4190  1 .1672262E+07   2000021E-01  .2814E+04  .1403E+04   .9997862  .0172598  .0113882
T 4191  1 .1654592E+07   2000020E-01  .1094E+04 -.2037E+04   .9997839  .0092442 -.0186214
T 4192  1 .1662599E+07   2000012E-01  .6846E+02 -.7176E+03   .9999672  .0007399 -.0080706
T 4193  1 .1689754E+07   2000000E-01  .3670E+03 -.3208E+04   .9969918  .0388957 -.0670413
T 4194  1 .1669620E+07   2000005E-01  .4756E+03  .6052E+03   .9999966  .0010749 -.0023885
T 4195  1 .1663534E+07   2000022E-01  .8098E+03 -.1055E+04   .9999617  .0023935 -.0084137
T 4196  1 .1647145E+07   2000011E-01  .1614E+04  .3782E+03   .9998929  .0129696  .0067870
T 4197  1 .1662688E+07   2000000E-01  .3282E+03  .8414E+03   .9999809  .0020597  .0058312
T 4198  1 .1642242E+07   2000016E-01 -.1967E+04 -.5865E+04   .9991169 -.0088881 -.0410664
T 4199  1 .1652925E+07   2000004E-01 -.3145E+04  .5260E+04   .9980996 -.0370339  .0492516
T 4200  1 .1690612E+07   2000001E-01 -.4966E+04 -.2615E+04   .9997827 -.0179279 -.0106362
T 4201  1 .1708799E+07   2000015E-01 -.2370E+03  .1528E+02   .9999873 -.0022610 -.0045077
T 4202  1 .1707058E+07   2000004E-01  .2250E+03 -.5875E+03   .9999454  .0025403 -.0101316
T 4203  1 .1660699E+07   2000016E-01  .1652E+03  .4985E+03   .9999099  .0130879  .0029727
T 4204  1 .1693908E+07   2000022E-01 -.9635E+03 -.8297E+03   .9999873 -.0028153 -.0041854
T 4205  1 .1693575E+07   2000007E-01 -.2996E+04 -.2367E+04   .9995147 -.0240874 -.0197545
T 4206  1 .1682527E+07   2000018E-01 -.8747E+03 -.1383E+03   .9998473  .0161309 -.0067161
T 4207  1 .1666511E+07   2000002E-01  .2436E+03 -.2993E+03   .9998980  .0121603 -.0074957
T 4208  1 .1662012E+07   2000001E-01 -.7869E+03 -.2759E+04   .9996204 -.0075149 -.0265081
T 4209  1 .1684946E+07   2000017E-01  .1797E+03 -.3716E+03   .9997114  .0143633  .0192547
T 4210  1 .1670358E+07   2000010E-01  .2531E+02  .8559E+03   .9998648  .0142687  .0081773
T 4211  1 .1674897E+07   2000021E-01 -.4438E+03 -.4608E+03   .9999834  .0055899 -.0014137
T 4212  1 .1657286E+07   2000008E-01  .1792E+04  .8004E+03   .9998425  .0019334  .0176428
T 4213  1 .1694002E+07   2000001E-01 -.6022E+03  .3438E+03   .9999205 -.0081238  .0096410
T 4214  1 .1683726E+07   2000015E-01  .1680E+03 -.1286E+04   .9998695  .0021445 -.0160102
T 4215  1 .1687756E+07   2000001E-01  .7370E+03  .2742E+03   .9999730 -.0011009  .0072668
T 4216  1 .1694453E+07   2000017E-01 -.1195E+04 -.1045E+03   .9999518 -.0098135  .0003037
T 4217  1 .1679594E+07   2000022E-01 -.2688E+04  .1129E+04   .9996680 -.0256369 -.0025601
T 4218  1 .1663484E+07   2000010E-01  .7391E+03  .1480E+04   .9998661  .0058622  .0152801
T 4219  1 .1669808E+07   2000010E-01  .8778E+03 -.2725E+03   .9999926 -.0036893  .0010626
T 4220  1 .1657035E+07   2000002E-01 -.2310E+04 -.3100E+04   .9994260 -.0183100 -.0285019
T 4221  1 .1659343E+07   2000003E-01 -.9275E+03 -.6709E+03   .9999855 -.0045432 -.0029026
T 4222  1 .1717627E+07   2000008E-01 -.8359E+03  .9752E+02   .9999637 -.0078751  .0032463
T 4223  1 .1697867E+07   2000021E-01 -.5570E+03 -.1535E+04   .9996577 -.0181001 -.0188903
T 4224  1 .1691325E+07   2000012E-01 -.5833E+03 -.9404E+03   .9999808 -.0060792  .0011620
T 4225  1 .1662795E+07   2000015E-01  .1981E+03 -.1331E+03   .9999939 -.0027508 -.0021463
T 4226  1 .1675341E+07   2000010E-01  .1391E+03 -.8213E+03   .9999289  .0070617 -.0096110
T 4227  1 .1668956E+07   2000007E-01  .4978E+03 -.1174E+04   .9999347 -.0078171 -.0083363
T 4228  1 .1661838E+07   2000010E-01  .1166E+03  .4504E+03   .9999436  .0031156  .0101562
T 4229  1 .1674025E+07   2000016E-01  .6401E+04  .3954E+04   .9985445  .0469495  .0265442
T 4230  1 .1677527E+07   2000002E-01  .3144E+04  .4584E+03   .9995725  .0281246  .0079879
T 4231  1 .1698021E+07   2000005E-01 -.2512E+03 -.9066E+03   .9999213  .0015320 -.0124498
T 4232  1 .1678631E+07   2000008E-01  .6629E+03  .1837E+03   .9999421  .0083126  .0068269
T 4233  1 .1682953E+07   2000007E-01  .9701E+03  .2310E+04   .9996670  .0126630  .0224863
T 4234  1 .1712759E+07   2000020E-01  .2076E+04 -.1956E+03   .9998080  .0192301  .0037513
T 4235  1 .1687880E+07   2000015E-01  .4493E+03 -.2037E+03   .9999767  .0058946 -.0034515
T 4236  1 .1681943E+07   2000021E-01 -.2759E+03 -.4128E+03   .9999772 -.0062669 -.0025335
T 4237  1 .1687092E+07   2000005E-01 -.5610E+03  .1107E+04   .9999625 -.0008433  .0086136
T 4238  1 .1677901E+07   2000011E-01  .8893E+03  .4636E+03   .9999733  .0027044  .0067859
T 4239  1 .1685883E+07   2000004E-01  .4242E+03  .8327E+03   .9999724  .0036360  .0064850
T 4240  1 .1688463E+07   2000017E-01 -.2846E+04 -.1433E+04   .9994499 -.0248830 -.0219243
T 4241  1 .1694572E+07   2000018E-01  .1689E+04 -.1921E+04   .9997214 -.0133660 -.0194564
T 4242  1 .1677684E+07   2000018E-01  .1470E+03 -.1066E+04   .9998847 -.0006477 -.0151742
T 4243  1 .1684770E+07   2000021E-01  .8732E+03 -.2814E+02   .9999837  .0025510 -.0051005
T 4244  1 .1691611E+07   2000010E-01  .2937E+03 -.1747E+04   .9998306  .0044478 -.0178618
T 4245  1 .1665155E+07   2000012E-01  .2744E+03  .9578E+03   .9998975  .0100465  .0102028
T 4246  1 .1686602E+07   2000017E-01 -.6094E+03 -.1100E+04   .9999895  .0039696 -.0022772
T 4247  1 .1676263E+07   2000016E-01 -.2525E+03  .2191E+03   .9999996  .0007634 -.0004376
T 4248  1 .1664999E+07   2000012E-01  .2710E+03 -.9431E+03   .9999773  .0008044 -.0066878
T 4249  1 .1659813E+07   2000022E-01 -.2742E+03 -.9884E+02   .9999791 -.0064399 -.0006107
T 4250  1 .1676507E+07   2000022E-01 -.7885E+03  .1045E+04   .9999213 -.0095469  .0081368
T 4251  1 .1697766E+07   2000018E-01 -.1426E+04  .2400E+03   .9997533 -.0201205  .0094036
T 4252  1 .1665953E+07   2000018E-01  .3335E+04  .2068E+04   .9995999  .0120939  .0255689
T 4253  1 .1695035E+07   2000008E-01 -.1609E+04 -.1140E+04   .9999277 -.0088249 -.0081726
T 4254  1 .1651213E+07   2000020E-01 -.4368E+03  .3322E+04   .9997506  .0020542  .0222356
T 4255  1 .1661169E+07   2000017E-01 -.5338E+03  .1662E+04   .9999481  .0032308  .0096642
T 4256  1 .1691411E+07   2000018E-01 -.4675E+03  .2511E+03   .9999705 -.0058841  .0049447
T 4257  1 .1687740E+07   2000017E-01 -.1560E+03 -.1682E+03   .9999819  .0040103  .0044840
T 4258  1 .1693718E+07   2000022E-01 -.7059E+03  .1592E+04   .9999661 -.0076552  .0030402
T 4259  1 .1684196E+07   2000022E-01 -.7708E+02  .2180E+03   .9999889  .0005817  .0046672
T 4260  1 .1702710E+07   2000019E-01  .2138E+03  .1186E+04   .9997771 -.0058499  .0202864
T 4261  1 .1678304E+07   2000018E-01 -.1024E+04 -.1013E+04   .9998885 -.0095308 -.0114955
T 4262  1 .1693351E+07   2000017E-01 -.1124E+04 -.4534E+03   .9999606 -.0069101 -.0055810
T 4263  1 .1658534E+07   2000008E-01  .1190E+04 -.1097E+03   .9999468  .0076932  .0068696
T 4264  1 .1689427E+07   2000023E-01  .1512E+04 -.7154E+03   .9998135  .0190349 -.0032567
T 4265  1 .1687786E+07   2000019E-01  .5262E+03 -.1037E+04   .9930419  .0468823 -.1080267
T 4266  1 .1668573E+07   2000018E-01  .1645E+05  .2906E+04   .9900840  .1377567  .0275100
T 4267  1 .1703933E+07   2000014E-01 -.1117E+04 -.1392E+04   .9998810 -.0145946 -.0050048
T 4268  1 .1673793E+07   2000017E-01  .7699E+03  .3606E+03   .9999832  .0006788 -.0057508
T 4269  1 .1694316E+07   2000005E-01 -.3485E+03 -.1394E+04   .9999143  .0000175 -.0130886
T 4270  1 .1675319E+07   2000020E-01  .2089E+04 -.4561E+03   .9998477  .0173921 -.0014200
T 4271  1 .1687954E+07   2000020E-01 -.2031E+03  .1747E+04   .9999631  .0031305  .0080000
T 4272  1 .1673398E+07   2000015E-01  .8178E+03  .1002E+04   .9999161 -.0050138  .0119478
T 4273  1 .1654459E+07   2000019E-01 -.1377E+04  .1896E+04   .9998677 -.0079326  .0142033
T 4274  1 .1697473E+07   2000003E-01 -.1431E+04  .7121E+03   .9999395 -.0087048  .0067319
T 4275  1 .1658809E+07   2000014E-01 -.1032E+04  .2648E+03   .9999800 -.0045812  .0043586
T 4276  1 .1682037E+07   2000004E-01 -.8106E+03  .4056E+03   .9999994 -.0009602 -.0005798
T 4277  1 .1662962E+07   2000001E-01 -.5760E+03  .2673E+03   .9999535  .0030992  .0091282
T 4278  1 .1706746E+07   2000001E-01  .1620E+03 -.1128E+03   .9999585  .0072609  .0055063
T 4279  1 .1689569E+07   2000001E-01  .2847E+04  .7162E+02   .9996469  .0261296  .0048269
T 4280  1 .1664335E+07   2000000E-01 -.4101E+03 -.1414E+03   .9999804 -.0061485 -.0012128
T 4281  1 .1661269E+07   2000005E-01  .6269E+03  .9240E+03   .9999927 -.0031942  .0020947
T 4282  1 .1685969E+07   2000007E-01 -.9258E+03  .1083E+04   .9999564 -.0054929  .0075511
T 4283  1 .1699879E+07   2000020E-01  .1419E+04  .1212E+04   .9999498  .0098813  .0016462
T 4284  1 .1693383E+07   2000019E-01 -.2083E+04 -.1083E+04   .9998409 -.0166610 -.0063704
T 4285  1 .1661022E+07   2000008E-01  .2267E+03  .6129E+03   .9999682  .0019845  .0077218
T 4286  1 .1659255E+07   2000002E-01 -.8121E+03 -.5375E+03   .9998773  .0009180 -.0156364
T 4287  1 .1693471E+07   2000002E-01 -.1401E+04 -.8822E+02   .9999129 -.0131476  .0011447
T 4288  1 .1676460E+07   2000006E-01 -.2526E+03 -.1017E+04   .9998526  .0072221 -.0155756
T 4289  1 .1691112E+07   2000017E-01  .1218E+03  .2358E+03   .9999625 -.0000680 -.0086606
T 4290  1 .1682779E+07   2000014E-01 -.8826E+02  .6933E+03   .9999952 -.0029107  .0010449
T 4291  1 .1652572E+07   2000017E-01  .1224E+04  .3858E+03   .9998320  .0118094  .0140153
T 4292  1 .1683825E+07   2000022E-01 -.1126E+04  .6332E+03   .9998867 -.0138176  .0059721
T 4293  1 .1679840E+07   2000009E-01 -.2262E+04  .7121E+03   .9998878 -.0146439  .0031520
T 4294  1 .1685262E+07   2000013E-01  .5724E+03 -.8323E+02   .9999085  .0071024 -.0115091
T 4295  1 .1678345E+07   2000000E-01  .1560E+03 -.1081E+04   .9998701 -.0016409 -.0160323
T 4296  1 .1682918E+07   2000021E-01  .1385E+04 -.4015E+03   .9999305  .0051452 -.0106087
T 4297  1 .1673633E+07   2000013E-01 -.5079E+03 -.2997E+03   .9999960 -.0027990 -.0003328
T 4298  1 .1664420E+07   2000015E-01  .5892E+03 -.1022E+04   .9996783  .0205493 -.0148698
T 4299  1 .1680634E+07   2000006E-01 -.1400E+04 -.2379E+03   .9999723 -.0064328 -.0037462
T 4300  1 .1690097E+07   2000016E-01 -.2004E+04  .1380E+04   .9999514 -.0097550  .0014396
T 4301  1 .1672104E+07   2000010E-01 -.2762E+03 -.1185E+03   .9999580  .0090782 -.0012498
T 4302  1 .1664324E+07   2000012E-01  .6556E+03  .4652E+03   .9999845  .0055601 -.0001733
T 4303  1 .1643914E+07   2000014E-01  .3001E+03 -.7911E+03   .9999753  .0001836 -.0070226
T 4304  1 .1681385E+07   2000020E-01 -.3266E+04 -.3246E+04   .9994952 -.0150463 -.0279817
T 4305  1 .1683925E+07   2000001E-01  .6166E+03 -.1018E+04   .9999531  .0066395 -.0070572
T 4306  1 .1692995E+07   2000001E-01  .8057E+02 -.1223E+03   .9999946  .0022925  .0023702
T 4307  1 .1645430E+07   2000006E-01  .1017E+04  .1119E+04   .9998695 -.0008822  .0161287
T 4308  1 .1671076E+07   2000013E-01 -.5333E+03  .3902E+04   .9992282  .0066952  .0387065
T 4309  1 .1685378E+07   2000018E-01  .3000E+04  .1110E+04   .9996910  .0170364  .0181035
T 4310  1 .1677476E+07   2000020E-01 -.5540E+03 -.5223E+02   .9999896 -.0044142 -.0011438
T 4311  1 .1691643E+07   2000003E-01  .4766E+03  .1438E+04   .9999092  .0047943  .0125943
T 4312  1 .1687977E+07   2000009E-01 -.6159E+03  .3743E+03   .9999785 -.0042256  .0050173
T 4313  1 .1701612E+07   2000011E-01 -.1983E+04  .2728E+03   .9998559 -.0169422 -.0010618
T 4314  1 .1670640E+07   2000005E-01 -.3568E+02  .9938E+03   .9999629 -.0055166  .0066082
T 4315  1 .1676831E+07   2000020E-01 -.8222E+03  .6777E+03   .9999657 -.0082313  .0009125
T 4316  1 .1674787E+07   2000009E-01 -.1199E+03  .1558E+04   .9997994 -.0035720  .0197086
T 4317  1 .1665351E+07   2000011E-01 -.1000E+04 -.1708E+04   .9997958 -.0090127 -.0180848
T 4318  1 .1667294E+07   2000000E-01  .1626E+03  .2863E+04   .9996586  .0138410  .0221593
T 4319  1 .1697133E+07   2000020E-01  .6169E+03  .7868E+03   .9999578 -.0065247 -.0064746
T 4320  1 .1687571E+07   2000018E-01 -.1176E+05  .9003E+03   .9973327 -.0727539  .0058531
T 4321  1 .1676029E+07   2000011E-01  .6806E+03 -.3089E+03   .9999423  .0062494 -.0087357
T 4322  1 .1692465E+07   2000014E-01  .1458E+04  .1958E+04   .9995187  .0148883  .0272153
T 4323  1 .1691717E+07   2000005E-01 -.5424E+03 -.3876E+01   .9998726 -.0134291  .0086311
T 4324  1 .1693852E+07   2000004E-01 -.3951E+03  .2332E+04   .9997481 -.0044811  .0219941
T 4325  1 .1692049E+07   2000009E-01  .8269E+02  .2805E+04   .9988869 -.0217796  .0418392
T 4326  1 .1673191E+07   2000000E-01 -.2002E+04 -.1084E+04   .9994715 -.0289659 -.0147555
T 4327  1 .1664198E+07   2000000E-01 -.3313E+03 -.1197E+03   .9999575  .0081742 -.0042540
T 4328  1 .1679618E+07   2000015E-01 -.2907E+02 -.1502E+04   .9999532 -.0065118 -.0071578
T 4329  1 .1678402E+07   2000006E-01  .7902E+02  .1474E+04   .9999575 -.0024114  .0089031
T 4330  1 .1690068E+07   2000015E-01 -.1013E+04 -.4977E+03   .9999659  .0019190 -.0080371
T 4331  1 .1689364E+07   2000023E-01  .8786E+02  .6506E+02   .9999965  .0012423  .0023352
T 4332  1 .1676601E+07   2000005E-01 -.1084E+04 -.1577E+04   .9998154 -.0092751 -.0168257
T 4333  1 .1686266E+07   2000007E-01  .1041E+02  .2125E+02   .9999862  .0052520 -.0001054
T 4334  1 .1709313E+07   2000001E-01 -.7067E+03 -.1830E+04   .9995689 -.0145788 -.0254859
T 4335  1 .1679652E+07   2000004E-01  .2345E+04 -.2300E+04   .9989079  .0299311 -.0358777
T 4336  1 .1699050E+07   2000007E-01  .5796E+03 -.1381E+04   .9999710  .0044480 -.0061741
T 4337  1 .1672256E+07   2000019E-01 -.6405E+02 -.5749E+03   .9999993 -.0006515  .0010356
T 4338  1 .1670704E+07   2000017E-01 -.7236E+03  .4991E+03   .9999979 -.0016410  .0012204
T 4339  1 .1679300E+07   2000021E-01  .2779E+03  .1548E+05   .9948802  .0025242  .1010301
T 4340  1 .1703611E+07   2000021E-01  .1617E+04 -.3663E+03   .9999190  .0107377 -.0068387
T 4341  1 .1674953E+07   2000019E-01  .1463E+04  .8498E+03   .9998479  .0101862  .0141545
T 4342  1 .1677759E+07   2000018E-01  .1142E+03 -.1597E+04   .9999346 -.0091857 -.0068156
T 4343  1 .1672486E+07   2000016E-01 -.1340E+03  .2441E+04   .9996999 -.0047775  .0240259
T 4344  1 .1682390E+07   2000014E-01  .4950E+03 -.7176E+03   .9998990  .0008331 -.0141850
T 4345  1 .1674293E+07   2000015E-01  .6449E+03  .5270E+03   .9999922  .0015835  .0036147
T 4346  1 .1677781E+07   2000016E-01  .1469E+02 -.1076E+04   .9996839 -.0142630 -.0207048
T 4347  1 .1680105E+07   2000013E-01  .3081E+03 -.1108E+03   .9999889  .0039844 -.0024961
T 4348  1 .1673695E+07   2000016E-01 -.5235E+03  .2684E+03   .9999631  .0050746 -.0069321
T 4349  1 .1660719E+07   2000016E-01 -.4501E+04  .1161E+04   .9991921 -.0401426  .0019024
T 4350  1 .1661162E+07   2000019E-01 -.6633E+03 -.2975E+03   .9999415 -.0047139  .0097389
T 4351  1 .1665587E+07   2000015E-01  .1360E+04  .8982E+02   .9998920  .0136623  .0054082
T 4352  1 .1679853E+07   2000021E-01 -.7902E+03  .8607E+03   .9999243 -.0054015  .0110545
T 4353  1 .1677189E+07   2000013E-01 -.1262E+04 -.1207E+04   .9996736 -.0132496 -.0218456
T 4354  1 .1677229E+07   2000008E-01 -.8937E+03  .1917E+03   .9998889 -.0142552  .0043594
T 4355  1 .1678436E+07   2000013E-01  .1614E+04 -.4728E+04   .9990541  .0222732 -.0373484
T 4356  1 .1646517E+07   2000004E-01 -.1095E+04  .5193E+03   .9999531 -.0090852 -.0033438
T 4357  1 .1685081E+07   2000011E-01 -.2168E+03  .4891E+03   .9999139 -.0097043  .0088353
T 4358  1 .1673073E+07   2000000E-01  .1817E+04  .1357E+03   .9999783  .0022719  .0061886
T 4359  1 .1671494E+07   2000008E-01 -.1480E+03  .1044E+04   .9999877  .0048550  .0009713
T 4360  1 .1662115E+07   2000021E-01  .2936E+04  .7102E+03   .9998337  .0129573  .0128356
T 4361  1 .1679006E+07   2000014E-01  .1204E+03 -.3909E+03   .9999857  .0036249 -.0039398
T 4362  1 .1691527E+07   2000018E-01 -.1406E+04 -.6601E+03   .9999950 -.0031631 -.0002365
T 4363  1 .1675214E+07   2000012E-01  .2934E+02  .4851E+02   .9999865  .0045529 -.0024847
T 4364  1 .1665268E+07   2000007E-01 -.4589E+03 -.1799E+03   .9998486 -.0162462 -.0062385
T 4365  1 .1718281E+07   2000014E-01 -.3436E+04 -.6113E+03   .9995146 -.0310522  .0025321
T 4366  1 .1691467E+07   2000001E-01 -.4152E+03  .4749E+02   .9999973 -.0010756  .0020562
T 4367  1 .1675376E+07   2000022E-01  .3350E+03 -.6878E+03   .9999815 -.0058034  .0018348
T 4368  1 .1678223E+07   2000018E-01  .9572E+03 -.3461E+03   .9999473 -.0088106 -.0052764
T 4369  1 .1678399E+07   2000016E-01 -.1472E+03  .9544E+03   .9999201 -.0022517  .0124348
T 4370  1 .1681521E+07   2000000E-01 -.3180E+04  .1717E+03   .9996782 -.0251046  .0036316
T 4371  1 .1655342E+07   2000022E-01 -.9628E+03  .1855E+04   .9998883 -.0130773 -.0072370
T 4372  1 .1682141E+07   2000010E-01  .1580E+04 -.5236E+04   .9987024  .0233090 -.0452799
T 4373  1 .1697279E+07   2000003E-01  .4800E+03  .1909E+04   .9994615  .0243484  .0219951
T 4374  1 .1697372E+07   2000006E-01  .8727E+01  .2726E+02   .9999999  .0002693  .0004277
T 4375  1 .1673484E+07   2000022E-01 -.2174E+04  .4235E+04   .9995336 -.0156361  .0262306
T 4376  1 .1699549E+07   2000006E-01  .1892E+04  .1923E+04   .9997244  .0197397  .0127067
T 4377  1 .1680844E+07   2000021E-01  .3935E+03  .3814E+03   .9998920 -.0035495 -.0142616
T 4378  1 .1681282E+07   2000021E-01 -.3738E+03 -.4503E+03   .9998715 -.0139503  .0078952
T 4379  1 .1678729E+07   2000012E-01  .3327E+04  .5706E+02   .9994750  .0311267  .0089974
T 4380  1 .1675800E+07   2000005E-01  .7386E+03 -.1455E+03   .9994977  .0309847  .0066583
T 4381  1 .1666818E+07   2000020E-01 -.3571E+03  .8572E+03   .9998916 -.0027615  .0144633
T 4382  1 .1685917E+07   2000014E-01 -.2082E+03  .1600E+04   .9999277 -.0012064  .0119621
T 4383  1 .1678015E+07   2000013E-01 -.1911E+03 -.1132E+04   .9999534  .0037255 -.0089045
T 4384  1 .1667971E+07   2000022E-01 -.9429E+03  .3254E+03   .9998580 -.0128674 -.0108801
T 4385  1 .1686325E+07   2000007E-01  .7219E+03 -.8372E+03   .9999614  .0083480 -.0027425
T 4386  1 .1659553E+07   2000006E-01  .9244E+03  .4058E+03   .9998228  .0182722  .0045253
T 4387  1 .1667929E+07   2000001E-01  .2112E+04 -.1056E+03   .9998150  .0159739 -.0107134
T 4388  1 .1683795E+07   2000007E-01 -.1156E+04  .4174E+03   .9993440 -.0199659  .0302152
T 4389  1 .1652098E+07   2000010E-01  .6753E+03 -.2147E+04   .9997846 -.0124091 -.0166348
T 4390  1 .1671460E+07   2000013E-01 -.1025E+03  .3040E+02   .9999171 -.0128350  .0010617
T 4391  1 .1665675E+07   2000020E-01 -.7295E+03 -.4269E+03   .9999768 -.0030203  .0061115
T 4392  1 .1656001E+07   2000004E-01  .7096E+03  .3194E+03   .9999432  .0054083  .0091794
T 4393  1 .1668538E+07   2000021E-01 -.7847E+04 -.2853E+04   .9695499 -.2444621 -.0145358
T 4394  1 .1697255E+07   2000010E-01  .2954E+03 -.2113E+02   .9999475  .0075907  .0068899
T 4395  1 .1697889E+07   2000014E-01  .8319E+03  .1117E+04   .9996219  .0142894  .0234938
T 4396  1 .1688737E+07   2000014E-01 -.1775E+04  .1984E+03   .9996095 -.0266961  .0082575
T 4397  1 .1677155E+07   2000001E-01 -.1457E+04  .1224E+04   .9989601  .0196453  .0411444
T 4398  1 .1678317E+07   2000017E-01  .2011E+04  .5659E+03   .9999510  .0050068  .0085438
T 4399  1 .1692240E+07   2000023E-01 -.3338E+03  .3299E+03   .9999752 -.0029504  .0063905
T 4400  1 .1704493E+07   2000010E-01  .9635E+03 -.4882E+03   .9999402  .0104086 -.0033495
T 4401  1 .1656974E+07   2000002E-01 -.6120E+03 -.1032E+04   .9999374  .0034368 -.0106504
T 4402  1 .1676353E+07   2000001E-01 -.5546E+03 -.6127E+03   .9999399  .0015738 -.0108462
T 4403  1 .1678429E+07   2000020E-01  .3297E+03  .1162E+04   .9999624  .0006872  .0086463
T 4404  1 .1684464E+07   2000014E-01  .5550E+03  .1755E+04   .9997019  .0114188  .0215799
T 4405  1 .1683207E+07   2000015E-01 -.7403E+03 -.6861E+03   .9999610 -.0034762 -.0081156
T 4406  1 .1665041E+07   2000005E-01 -.1356E+03 -.1287E+04   .9999332  .0091001 -.0071315
T 4407  1 .1671775E+07   2000017E-01 -.1982E+03 -.1206E+03   .9999347  .0001174 -.0114260
T 4408  1 .1674646E+07   2000018E-01 -.1681E+04 -.5620E+03   .9999413 -.0080988 -.0072037
T 4409  1 .1646226E+07   2000020E-01 -.1702E+04  .4357E+03   .9999811 -.0033081  .0051825
T 4410  1 .1695252E+07   2000012E-01 -.9360E+03  .1990E+03   .9999379 -.0044331  .0102218
T 4411  1 .1706363E+07   2000012E-01  .2270E+03  .3225E+02   .9999762  .0050111  .0047515
T 4412  1 .1665001E+07   2000018E-01 -.2359E+04  .4227E+03   .9996991 -.0104862 -.0221736
T 4413  1 .1687511E+07   2000022E-01  .2388E+04 -.1123E+04   .9998503  .0156693 -.0073401
T 4414  1 .1693544E+07   2000014E-01 -.9738E+03  .3512E+03   .9996425 -.0157140  .0216298
T 4415  1 .1691706E+07   2000003E-01  .2241E+03  .5456E+03   .9999785  .0065510 -.0001464
T 4416  1 .1664394E+07   2000003E-01  .1326E+03  .1530E+04   .9997126  .0003572  .0239687
T 4417  1 .1687141E+07   2000001E-01  .4770E+03  .7766E+03   .9998873 -.0108196  .0104106
T 4418  1 .1653129E+07   2000020E-01  .3935E+03 -.1006E+04   .9999731  .0060423 -.0041548
T 4419  1 .1700459E+07   2000022E-01 -.3997E+03  .1253E+04   .9997806 -.0196128  .0073603
T 4420  1 .1665677E+07   2000011E-01 -.1185E+04  .5279E+02   .9998658 -.0159811  .0036025
T 4421  1 .1668123E+07   2000013E-01 -.4589E+03 -.7071E+03   .9999586 -.0089799 -.0014412
T 4422  1 .1696890E+07   2000003E-01 -.1357E+04 -.6979E+03   .9998129 -.0066253 -.0181747
T 4423  1 .1695873E+07   2000010E-01 -.2196E+03  .9112E+03   .9997909  .0162532  .0124072
T 4424  1 .1652944E+07   2000014E-01 -.1087E+03 -.4021E+03   .9999737 -.0071400  .0012719
T 4425  1 .1679933E+07   2000000E-01 -.1786E+04  .3802E+03   .9999237 -.0110679  .0054951
T 4426  1 .1679574E+07   2000000E-01  .1067E+04 -.4310E+03   .9999277  .0120203 -.0004467
T 4427  1 .1673362E+07   2000010E-01  .3710E+04 -.2146E+04   .9989755  .0392926 -.0224496
T 4428  1 .1679352E+07   2000000E-01  .1378E+04 -.6855E+02   .9999432  .0076236  .0074459
T 4429  1 .1679533E+07   2000006E-01 -.7493E+03 -.1547E+04   .9998599  .0020730 -.0166079
T 4430  1 .1688406E+07   2000003E-01  .1254E+04  .2877E+03   .9999363  .0081870  .0077710
T 4431  1 .1686568E+07   2000019E-01 -.8998E+03  .2343E+04   .9996742 -.0072944  .0244605
T 4432  1 .1669759E+07   2000002E-01 -.4254E+01 -.7169E+03   .9999853  .0045133 -.0029939
T 4433  1 .1671945E+07   2000000E-01  .3176E+04 -.9890E+03   .9995156  .0302350  .0073826
T 4434  1 .1676412E+07   2000014E-01 -.9654E+03 -.1254E+04   .9998163 -.0166057 -.0095719
T 4435  1 .1675100E+07   2000009E-01  .4907E+03 -.7004E+02   .9995186  .0310068  .0010368
T 4436  1 .1688922E+07   2000022E-01  .1351E+04  .4293E+03   .9999541  .0088434  .0036802
T 4437  1 .1657980E+07   2000007E-01 -.9247E+03  .3353E+03   .9998762 -.0154014 -.0032204
T 4438  1 .1682829E+07   2000001E-01 -.1632E+03 -.1572E+04   .9999053 -.0000225 -.0137593
T 4439  1 .1667790E+07   2000001E-01  .8029E+03 -.8171E+03   .9998960  .0048219 -.0135910
T 4440  1 .1674738E+07   2000015E-01  .6742E+03 -.1845E+04   .9997423  .0084329 -.0210779
T 4441  1 .1676094E+07   2000018E-01  .2087E+04 -.5058E+04   .9986817  .0222306 -.0462667
T 4442  1 .1696600E+07   2000019E-01  .1699E+04 -.8864E+03   .9999468  .0073839 -.0071985
T 4443  1 .1669329E+07   2000013E-01  .1504E+04 -.1683E+03   .9999537  .0092540 -.0026416
T 4444  1 .1712001E+07   2000009E-01 -.1799E+04  .2803E+03   .9995046 -.0307987  .0064759
T 4445  1 .1689403E+07   2000005E-01 -.2843E+04 -.5026E+03   .9998847 -.0138799 -.0061627
T 4446  1 .1656922E+07   2000018E-01  .6789E+03  .1313E+04   .9999600  .0068912  .0057018
T 4447  1 .1674454E+07   2000001E-01 -.1201E+04 -.5345E+03   .9999706 -.0037979 -.0066618
T 4448  1 .1668066E+07   2000002E-01  .8064E+03 -.5515E+03   .9999055  .0100932 -.0093381
T 4449  1 .1684416E+07   2000021E-01 -.1378E+04  .2550E+03   .9996680 -.0255617  .0032307
T 4450  1 .1699815E+07   2000022E-01 -.8321E+03  .7684E+03   .9999807  .0010656  .0061143
T 4451  1 .1697618E+07   2000021E-01 -.4718E+03  .1055E+04   .9999239 -.0099766  .0072629
T 4452  1 .1674040E+07   2000022E-01 -.4215E+03 -.6339E+02   .9999350  .0073449 -.0087163
T 4453  1 .1704577E+07   2000017E-01 -.2530E+04  .2267E+03   .9991907 -.0374188  .0147598
T 4454  1 .1661867E+07   2000006E-01  .1089E+03  .2313E+03   .9999971  .0011358  .0021460
T 4455  1 .1673219E+07   2000016E-01 -.3197E+03 -.3160E+03   .9999626 -.0051474  .0069552
T 4456  1 .1687209E+07   2000011E-01  .1884E+03  .6852E+02   .9999581  .0086326  .0030607
T 4457  1 .1676049E+07   2000008E-01 -.5637E+03  .1174E+04   .9998841 -.0101784  .0113190
T 4458  1 .1651481E+07   2000005E-01 -.1471E+04  .1733E+04   .9998927 -.0127837  .0071508
T 4459  1 .1662055E+07   2000013E-01  .1911E+03  .2506E+04   .9999674 -.0055985  .0058238
T 4460  1 .1660716E+07   2000022E-01  .2707E+03  .9073E+03   .9988311  .0005627  .0483344
T 4461  1 .1662639E+07   2000014E-01  .1337E+04  .4457E+03   .9999955  .0005259 -.0029571
T 4462  1 .1660037E+07   2000005E-01  .4284E+03 -.6943E+03   .9999534 -.0000314  .0096531
T 4463  1 .1677470E+07   2000017E-01 -.5295E+03 -.2811E+03   .9999397 -.0101042 -.0042933
T 4464  1 .1667315E+07   2000017E-01  .2288E+04 -.6294E+03   .9997311  .0207880 -.0102767
T 4465  1 .1665495E+07   2000002E-01 -.3134E+03 -.7605E+03   .9999584  .0017558 -.0089462
T 4466  1 .1690950E+07   2000007E-01 -.4022E+03 -.3472E+03   .9999018 -.0038929 -.0134647
T 4467  1 .1670621E+07   2000022E-01 -.1856E+03 -.6936E+03   .9999635 -.0081535 -.0025606
T 4468  1 .1671717E+07   2000012E-01  .1285E+04 -.1272E+04   .9994994  .0308453 -.0070342
T 4469  1 .1652442E+07   2000013E-01  .1628E+04 -.3771E+04   .9992423  .0196873 -.0335736
T 4470  1 .1683815E+07   2000021E-01 -.8932E+03 -.1107E+04   .9999590 -.0022040 -.0087803
T 4471  1 .1667730E+07   2000017E-01  .5473E+03  .1654E+04   .9998590  .0083755  .0145551
T 4472  1 .1657616E+07   2000014E-01 -.2517E+04 -.7868E+03   .9997696 -.0147788 -.0155678
T 4473  1 .1691700E+07   2000004E-01  .2026E+04 -.4630E+03   .9997646  .0209293 -.0057170
T 4474  1 .1680975E+07   2000007E-01 -.1436E+04 -.2343E+01   .9997448 -.0223135  .0035332
T 4475  1 .1682709E+07   2000005E-01  .2449E+03 -.6329E+02   .9997552  .0142041 -.0169646
T 4476  1 .1674303E+07   2000000E-01  .2839E+03 -.5273E+03   .9999247  .0113169 -.0047525
T 4477  1 .1698470E+07   2000016E-01 -.6646E+03 -.1703E+04   .9998332 -.0132052 -.0126196
T 4478  1 .1678962E+07   2000012E-01  .2365E+04 -.2107E+04   .9997004  .0190578 -.0153600
T 4479  1 .1694723E+07   2000004E-01  .1879E+04  .8284E+03   .9991365  .0302205  .0285129
T 4480  1 .1674525E+07   2000016E-01  .9767E+02  .1598E+04   .9998368  .0014335  .0180071
T 4481  1 .1672962E+07   2000004E-01 -.1124E+04 -.3648E+03   .9999627 -.0071227 -.0048854
T 4482  1 .1653645E+07   2000014E-01  .3599E+03  .7239E+03   .9999949  .0030351  .0009575
T 4483  1 .1681107E+07   2000013E-01 -.1974E+04  .1136E+04   .9998627 -.0138306  .0091248
T 4484  1 .1665090E+07   2000008E-01  .1961E+03 -.1135E+04   .9999805  .0039710 -.0048280
T 4485  1 .1683368E+07   2000012E-01 -.1054E+05 -.3962E+04   .9946899 -.0957712 -.0376818
T 4486  1 .1698407E+07   2000022E-01  .2244E+04  .4617E+04   .9989474  .0138248  .0437382
T 4487  1 .1676157E+07   2000006E-01  .1846E+03 -.9463E+02   .9999797  .0046030 -.0043973
T 4488  1 .1659081E+07   2000005E-01  .1213E+02 -.1677E+03   .9999480  .0016102  .0100741
T 4489  1 .1664343E+07   2000021E-01  .1478E+04  .4811E+03   .9998020  .0198657 -.0011766
T 4490  1 .1677498E+07   2000020E-01  .1040E+04  .4261E+03   .9997646  .0188592  .0107315
T 4491  1 .1676243E+07   2000022E-01 -.9219E+03  .1228E+04   .9999509 -.0040786  .0090277
T 4492  1 .1689779E+07   2000012E-01  .4020E+04 -.5520E+03   .9978514  .0577110 -.0310169
T 4493  1 .1676190E+07   2000003E-01 -.2779E+04  .2857E+04   .9991871 -.0336951  .0221323
T 4494  1 .1664375E+07   2000004E-01 -.4405E+03 -.3072E+02   .9999972 -.0023532 -.0001191
T 4495  1 .1670175E+07   2000005E-01 -.2775E+03  .9211E+02   .9999577  .0087087 -.0029437
T 4496  1 .1690568E+07   2000021E-01  .3409E+03  .4985E+03   .9999889  .0012672  .0045482
T 4497  1 .1692180E+07   2000009E-01 -.6240E+04 -.5209E+03   .9882110 -.1510343 -.0250518
T 4498  1 .1701511E+07   2000021E-01 -.1004E+04 -.6812E+03   .9999950  .0013807  .0028349
T 4499  1 .1678434E+07   2000014E-01  .1312E+04  .1088E+04   .9998501  .0140152  .0101687
T 4500  1 .1687994E+07   2000004E-01  .7861E+03 -.2450E+03   .9999812  .0043599 -.0043059
T 4501  1 .1686414E+07   2000010E-01  .4622E+02  .1533E+03   .9999947  .0019181  .0026422
T 4502  1 .1669134E+07   2000019E-01 -.5511E+03 -.7910E+03   .9999963 -.0018184  .0020419
T 4503  1 .1692443E+07   2000002E-01 -.5218E+03 -.3736E+03   .9999986 -.0011079 -.0012419
T 4504  1 .1700733E+07   2000019E-01 -.5241E+03 -.7108E+03   .9996749 -.0199772 -.0158404
T 4505  1 .1675879E+07   2000008E-01  .5330E+03  .2354E+04   .9998063  .0071126  .0183514
T 4506  1 .1699956E+07   2000007E-01 -.1882E+04  .1070E+03   .9998373 -.0180038  .0010862
T 4507  1 .1661767E+07   2000007E-01 -.1562E+04 -.4927E+03   .9999430 -.0095869  .0047090
T 4508  1 .1705363E+07   2000019E-01 -.5775E+03 -.1787E+03   .9999015 -.0071431  .0120793
T 4509  1 .1699937E+07   2000018E-01  .1059E+04  .4802E+03   .9998265  .0141349 -.0121298
T 4510  1 .1684714E+07   2000017E-01  .3161E+03 -.2667E+03   .9999565  .0088225 -.0030344
T 4511  1 .1704146E+07   2000011E-01  .1443E+04 -.2057E+03   .9999013  .0140345 -.0005856
T 4512  1 .1691664E+07   2000010E-01  .2330E+04 -.1350E+04   .9996597  .0258680 -.0033772
T 4513  1 .1665683E+07   2000002E-01  .1700E+04 -.3025E+04   .9997794  .0162711 -.0132825
T 4514  1 .1690366E+07   2000022E-01 -.4280E+03 -.6288E+03   .9999356 -.0047812 -.0102941
T 4515  1 .1677532E+07   2000004E-01  .4644E+03 -.6863E+03   .9999345  .0053025 -.0101464
T 4516  1 .1685798E+07   2000007E-01  .3383E+04 -.2975E+03   .9998544  .0169126 -.0022500
T 4517  1 .1664341E+07   2000011E-01  .1653E+04 -.6087E+03   .9996402  .0268212 -.0000240
T 4518  1 .1699922E+07   2000021E-01  .1118E+04 -.8602E+03   .9998081  .0141963 -.0134975
T 4519  1 .1677146E+07   2000016E-01  .3509E+03  .6029E+03   .9996002  .0256817 -.0118277
T 4520  1 .1681781E+07   2000019E-01  .4675E+04 -.2058E+04   .9992931  .0359913 -.0108581
T 4521  1 .1690929E+07   2000013E-01 -.5022E+03  .2641E+03   .9998694 -.0153703  .0049871
T 4522  1 .1666219E+07   2000019E-01  .1172E+04 -.1286E+04   .9999545  .0038421  .0087256
T 4523  1 .1694425E+07   2000020E-01  .1383E+04  .1050E+04   .9995596  .0170249  .0243062
T 4524  1 .1682452E+07   2000014E-01 -.2329E+03  .3371E+02   .9999879 -.0048984  .0004674
T 4525  1 .1661606E+07   2000007E-01  .5603E+03  .1001E+04   .9999742 -.0019252  .0069136
T 4526  1 .1660794E+07   2000009E-01  .1939E+03 -.2170E+03   .9998518  .0046246 -.0165858
T 4527  1 .1681101E+07   2000022E-01 -.4701E+03  .1464E+04   .9998957 -.0056299  .0133022
T 4528  1 .1663037E+07   2000016E-01  .5816E+03  .1853E+04   .9998273  .0029650  .0183455
T 4529  1 .1690835E+07   2000010E-01  .5398E+03 -.8934E+03   .9999931  .0023926 -.0028343
T 4530  1 .1673458E+07   2000013E-01 -.8938E+02 -.1065E+04   .9999406  .0017816 -.0107522
T 4531  1 .1686186E+07   2000018E-01  .2324E+02  .3352E+03   .9999921  .0020350  .0034279
T 4532  1 .1671786E+07   2000014E-01  .1016E+03  .4308E+03   .9999018  .0075929  .0117790
T 4533  1 .1664702E+07   2000011E-01  .9968E+02 -.1395E+03   .9999879 -.0048052 -.0010423
T 4534  1 .1680095E+07   2000011E-01  .3535E+04  .3052E+04   .9996933  .0130425  .0210500
T 4535  1 .1703706E+07   2000010E-01  .2783E+03  .1997E+03   .9999480  .0029068 -.0097735
T 4536  1 .1672061E+07   2000000E-01 -.1128E+04  .3390E+04   .9991352 -.0169610  .0379615
T 4537  1 .1675537E+07   2000015E-01 -.4030E+04  .3322E+03   .9995882 -.0257372  .0126869
T 4538  1 .1667067E+07   2000001E-01 -.1788E+04  .1081E+04   .9332136 -.1916065  .3039726
T 4539  1 .1680791E+07   2000013E-01  .1474E+03  .1829E+02   .9996672  .0257701  .0012072
T 4540  1 .1667269E+07   2000013E-01 -.1547E+04  .1225E+04   .9994183 -.0146653  .0307896
T 4541  1 .1663999E+07   2000017E-01 -.1667E+03 -.1816E+02   .9999994 -.0010475 -.0000858
T 4542  1 .1670905E+07   2000016E-01  .1645E+04 -.2997E+04   .9988069  .0479448 -.0092739
T 4543  1 .1682227E+07   2000019E-01  .7789E+03  .1149E+04   .9999510  .0094174  .0030654
T 4544  1 .1689672E+07   2000023E-01 -.1524E+03 -.3268E+04   .9998261  .0032971 -.0183535
T 4545  1 .1671163E+07   2000020E-01  .4579E+02 -.4064E+03   .9998711  .0134368  .0087872
T 4546  1 .1687833E+07   2000007E-01  .1805E+03 -.1466E+04   .9999173 -.0014461 -.0127770
T 4547  1 .1688427E+07   2000012E-01  .4037E+03 -.2079E+03   .9999949  .0021925 -.0023408
T 4548  1 .1669935E+07   2000004E-01  .1134E+04 -.8324E+03   .9999935  .0035100 -.0008426
T 4549  1 .1689907E+07   2000002E-01  .1245E+04  .6083E+03   .9999554  .0073546  .0059256
T 4550  1 .1699667E+07   2000011E-01  .8423E+03  .4933E+02   .9999508  .0079994  .0058670
T 4551  1 .1667953E+07   2000014E-01  .1459E+04 -.1790E+04   .9997700  .0167935 -.0133378
T 4552  1 .1682591E+07   2000010E-01 -.1825E+04  .4269E+04   .9996802 -.0117341  .0224020
T 4553  1 .1694520E+07   2000002E-01  .6332E+03 -.1167E+03   .9999618  .0087448  .0000883
T 4554  1 .1682915E+07   2000012E-01 -.3986E+03  .9231E+03   .9999543 -.0076331  .0057537
T 4555  1 .1689844E+07   2000007E-01 -.6292E+03  .1578E+03   .9999775 -.0050941 -.0043625
T 4556  1 .1667877E+07   2000004E-01 -.6363E+03  .7192E+03   .9999746 -.0043944  .0056039
T 4557  1 .1687791E+07   2000001E-01  .1375E+03 -.1022E+04   .9996158  .0205632 -.0185847
T 4558  1 .1693365E+07   2000016E-01 -.2556E+03  .5074E+02   .9999938 -.0003258  .0035146
T 4559  1 .1675547E+07   2000022E-01  .2630E+04 -.1246E+04   .9995642  .0225757 -.0190177
T 4560  1 .1698197E+07   2000006E-01 -.5456E+03  .3966E+03   .9999776 -.0058656 -.0032177
T 4561  1 .1692508E+07   2000015E-01  .7424E+03 -.4931E+03   .9999269  .0097345 -.0071717
T 4562  1 .1684266E+07   2000018E-01  .5100E+03  .1559E+04   .9999176  .0029745  .0124852
T 4563  1 .1704840E+07   2000001E-01 -.1671E+04  .1174E+04   .9996948 -.0175326  .0174055
T 4564  1 .1669960E+07   2000013E-01  .8794E+03  .1964E+04   .9986724  .0062196  .0511351
T 4565  1 .1701984E+07   2000016E-01  .9474E+03 -.4689E+03   .9999084  .0132853 -.0026011
T 4566  1 .1683258E+07   2000008E-01  .4804E+03 -.9268E+03   .9998904  .0029722 -.0145051
T 4567  1 .1702661E+07   2000022E-01  .5199E+03  .2317E+04   .9998294  .0131880  .0129335
T 4568  1 .1654946E+07   2000004E-01  .1756E+03 -.1284E+04   .9999626  .0030365 -.0081005
T 4569  1 .1694879E+07   2000016E-01  .6996E+03 -.2690E+03   .9999492  .0083954 -.0055776
T 4570  1 .1682643E+07   2000009E-01 -.1078E+05  .1191E+05   .9836796 -.1132045  .1398545
T 4571  1 .1669847E+07   2000013E-01 -.1417E+04 -.5063E+03   .9998199 -.0186149 -.0036942
T 4572  1 .1685839E+07   2000006E-01 -.7480E+03  .6250E+03   .9999115 -.0057596  .0119927
T 4573  1 .1713094E+07   2000012E-01  .4684E+02 -.6841E+03   .9999892 -.0045945 -.0007587
T 4574  1 .1653447E+07   2000001E-01  .9311E+03  .4298E+03   .9999041  .0131176  .0044477
T 4575  1 .1660341E+07   2000008E-01  .1208E+04  .1149E+03   .9998437  .0142292 -.0104912
T 4576  1 .1674020E+07   2000004E-01 -.1887E+03 -.1133E+04   .9999144  .0077088 -.0105682
T 4577  1 .1678273E+07   2000021E-01 -.2899E+03  .2871E+04   .9998049 -.0007852  .0197383
T 4578  1 .1673629E+07   2000008E-01  .2703E+02 -.1941E+03   .9999830  .0056113 -.0015784
T 4579  1 .1663871E+07   2000014E-01  .9254E+03  .1946E+04   .9998317  .0027527  .0181376
T 4580  1 .1688928E+07   2000000E-01 -.1545E+03 -.3388E+02   .9999664 -.0079126  .0021421
T 4581  1 .1698956E+07   2000007E-01  .6052E+03 -.4910E+03   .9998816  .0084377 -.0128693
T 4582  1 .1663804E+07   2000014E-01 -.2452E+04  .3061E+03   .9997171 -.0216170 -.0099219
T 4583  1 .1668073E+07   2000011E-01 -.4720E+03 -.2375E+03   .9999117 -.0116189 -.0064435
T 4584  1 .1698021E+07   2000022E-01  .2351E+03 -.1205E+04   .9995480  .0240292 -.0180666
T 4585  1 .1689610E+07   2000012E-01 -.1174E+04 -.2915E+03   .9995312 -.0274845  .0134863
T 4586  1 .1664315E+07   2000008E-01 -.1020E+04  .7845E+03   .9997737 -.0139447  .0160681
T 4587  1 .1683375E+07   2000001E-01 -.6867E+03 -.1105E+04   .9998159  .0025389 -.0190197
T 4588  1 .1670519E+07   2000002E-01 -.1156E+04  .1764E+04   .9997452 -.0092561  .0205901
T 4589  1 .1665404E+07   2000012E-01  .3347E+03 -.6489E+03   .9999926 -.0010678 -.0036884
T 4590  1 .1687761E+07   2000012E-01  .9733E+03  .6579E+03   .9999048  .0121357  .0065619
T 4591  1 .1685937E+07   2000008E-01 -.1158E+04  .3353E+04   .9984519 -.0070901  .0551687
T 4592  1 .1700514E+07   2000013E-01 -.1148E+04 -.2342E+03   .9999304 -.0116431 -.0019017
T 4593  1 .1689598E+07   2000022E-01 -.6425E+03 -.3869E+03   .9999479 -.0072314  .0072087
T 4594  1 .1677593E+07   2000001E-01  .5488E+03 -.9742E+02   .9999799 -.0028737  .0056524
T 4595  1 .1676966E+07   2000012E-01  .1512E+03  .4615E+03   .9999825 -.0033647  .0048573
T 4596  1 .1670657E+07   2000021E-01  .6518E+03 -.1027E+03   .9999936 -.0033877  .0011311
T 4597  1 .1697434E+07   2000014E-01 -.1154E+04  .2595E+03   .9999660 -.0080115 -.0019469
T 4598  1 .1651499E+07   2000008E-01  .1841E+04 -.1195E+04   .9998001  .0190483 -.0060731
T 4599  1 .1663621E+07   2000015E-01  .6598E+03  .4110E+03   .9998390  .0152095  .0095217
T 4600  1 .1718104E+07   2000019E-01  .8680E+03  .2579E+04   .9997005  .0072196  .0233847
T 4601  1 .1685241E+07   2000016E-01 -.5989E+03 -.1165E+03   .9999330 -.0092680 -.0069388
T 4602  1 .1701365E+07   2000014E-01 -.1070E+04 -.1297E+03   .9999430 -.0079690  .0071089
T 4603  1 .1658764E+07   2000010E-01  .4842E+03  .5946E+03   .9999685  .0037493  .0070021
T 4604  1 .1664254E+07   2000017E-01  .8037E+03  .1780E+04   .9997764  .0139961  .0158534
T 4605  1 .1680411E+07   2000003E-01 -.1517E+03 -.4150E+02   .9999348  .0063841  .0094674
T 4606  1 .1678216E+07   2000004E-01 -.1370E+04  .4115E+04   .9992134 -.0127440  .0375521
T 4607  1 .1690042E+07   2000005E-01  .5654E+02  .1241E+04   .9999256 -.0010897  .0121504
T 4608  1 .1713337E+07   2000012E-01 -.1342E+03  .8615E+02   .9998801 -.0109505  .0109453
T 4609  1 .1677832E+07   2000020E-01  .1002E+04  .5488E+03   .9999742  .0070519 -.0013623
T 4610  1 .1673846E+07   2000022E-01 -.1005E+04  .4124E+03   .9994412 -.0315131  .0111447
T 4611  1 .1676075E+07   2000015E-01  .1474E+04 -.7240E+03   .9999349  .0107890 -.0037180
T 4612  1 .1670125E+07   2000021E-01  .9417E+03 -.3997E+03   .9999761  .0065346 -.0022607
T 4613  1 .1685099E+07   2000021E-01 -.3918E+03  .1911E+04   .9998517 -.0017696  .0171295
T 4614  1 .1675104E+07   2000003E-01 -.9017E+03  .4447E+03   .9999645  .0068413 -.0049188
T 4615  1 .1645294E+07   2000009E-01  .7499E+02  .3892E+03   .9999081 -.0134482  .0017230
T 4616  1 .1678802E+07   2000010E-01 -.1030E+04 -.2250E+04   .9999515 -.0042977 -.0088603
T 4617  1 .1655986E+07   2000018E-01  .9732E+02 -.5770E+03   .9999740  .0007326 -.0071767
T 4618  1 .1682839E+07   2000005E-01  .7680E+02  .2499E+02   .9999889  .0000489  .0047065
T 4619  1 .1680745E+07   2000013E-01 -.1527E+03  .2389E+03   .9999882 -.0043872 -.0020648
T 4620  1 .1659374E+07   2000001E-01 -.3674E+03 -.1246E+04   .9999764  .0016807 -.0066566
T 4621  1 .1707321E+07   2000014E-01 -.1157E+04  .1142E+04   .9999553 -.0083727  .0043971
T 4622  1 .1679779E+07   2000012E-01  .2069E+04 -.4894E+02   .9997567  .0218687 -.0028801
T 4623  1 .1679850E+07   2000008E-01  .7949E+04  .2596E+04   .9987960  .0470388  .0139233
T 4624  1 .1684592E+07   2000007E-01 -.1504E+04  .2052E+04   .9972151 -.0195598  .0719678
T 4625  1 .1667405E+07   2000014E-01  .8443E+03  .2662E+03   .9999724 -.0018790  .0071846
T 4626  1 .1666642E+07   2000018E-01  .2709E+03 -.1192E+04   .9999630 -.0014657 -.0084794
T 4627  1 .1666000E+07   2000017E-01  .5270E+03 -.5295E+03   .9999455 -.0013903  .0103507
T 4628  1 .1692768E+07   2000000E-01 -.1721E+04  .1023E+04   .9999017 -.0079672  .0115412
T 4629  1 .1664224E+07   2000009E-01  .2409E+04  .2748E+04   .9998267  .0063560  .0174955
T 4630  1 .1694683E+07   2000005E-01  .4750E+03 -.2368E+03   .9999279 -.0119829  .0007600
T 4631  1 .1704098E+07   2000019E-01  .1614E+04  .1251E+03   .9998757  .0152890 -.0038504
T 4632  1 .1666898E+07   2000007E-01  .9425E+03 -.5123E+03   .9999720  .0074748  .0003413
T 4633  1 .1671100E+07   2000020E-01  .2288E+03 -.1301E+03   .9999953 -.0003882 -.0030531
T 4634  1 .1677330E+07   2000021E-01 -.2633E+04 -.2229E+04   .9991751 -.0296133 -.0277882
T 4635  1 .1677363E+07   2000018E-01 -.1168E+04  .3318E+04   .9937788 -.0366352  .1051738
T 4636  1 .1683003E+07   2000014E-01  .7809E+04 -.1756E+05   .9931234  .0450535 -.1080558
T 4637  1 .1655928E+07   2000005E-01  .7336E+03 -.1942E+04   .9996063  .0145799 -.0239722
T 4638  1 .1662753E+07   2000005E-01 -.6343E+03 -.1012E+04   .9998952  .0020349 -.0143338
T 4639  1 .1702152E+07   2000006E-01  .1454E+03 -.2394E+03   .9999985 -.0007005  .0015756
T 4640  1 .1669787E+07   2000016E-01 -.1587E+04 -.1142E+04   .9998533 -.0057835 -.0161223
T 4641  1 .1670241E+07   2000013E-01 -.3573E+04  .6266E+02   .9997590 -.0203389 -.0082686
T 4642  1 .1675125E+07   2000019E-01  .2163E+04  .2433E+04   .9978960  .0505232  .0406317
T 4643  1 .1658838E+07   2000014E-01  .1380E+04 -.1071E+03   .9999867  .0034742  .0038162
T 4644  1 .1649621E+07   2000020E-01  .7689E+03  .1712E+04   .9981915  .0350178  .0488620
T 4645  1 .1670363E+07   2000002E-01  .4816E+03  .7084E+03   .9999105  .0069254  .0114434
T 4646  1 .1669820E+07   2000021E-01 -.2270E+04 -.7887E+03   .9990924 -.0402970 -.0138035
T 4647  1 .1666218E+07   2000022E-01 -.7788E+03 -.3100E+03   .9999500  .0002248  .0099977
T 4648  1 .1658347E+07   2000018E-01  .1653E+04 -.1530E+04   .9997709  .0172656 -.0126497
T 4649  1 .1692160E+07   2000010E-01 -.8715E+02  .3083E+03   .9999500  .0009438 -.0099583
T 4650  1 .1680844E+07   2000000E-01 -.8426E+03 -.9887E+03   .9982995 -.0402005 -.0422146
T 4651  1 .1673278E+07   2000015E-01 -.3972E+03  .1423E+03   .9998034 -.0153738 -.0125230
T 4652  1 .1675222E+07   2000008E-01  .1475E+04  .2263E+04   .9990414  .0123024  .0420113
T 4653  1 .1684728E+07   2000013E-01  .1256E+04 -.8221E+03   .9999455  .0060920 -.0084768
T 4654  1 .1661153E+07   2000003E-01  .5163E+03 -.3617E+03   .9999853  .0017312 -.0051332
T 4655  1 .1699802E+07   2000004E-01  .9154E+03 -.1021E+04   .9999489  .0057612 -.0083084
T 4656  1 .1683214E+07   2000001E-01  .4098E+03  .1714E+03   .9998930  .0012380  .0145785
T 4657  1 .1656156E+07   2000008E-01  .5991E+03 -.1123E+04   .9998852 -.0048312  .0143641
T 4658  1 .1671831E+07   2000015E-01 -.9748E+02  .7889E+03   .9999844  .0011804  .0054668
T 4659  1 .1677995E+07   2000020E-01 -.1025E+05 -.2342E+04   .9982808 -.0567580 -.0146286
T 4660  1 .1669121E+07   2000016E-01  .1873E+04 -.8480E+03   .9998302  .0168291 -.0075067
T 4661  1 .1696681E+07   2000017E-01  .3356E+04 -.1617E+04   .9995075  .0305188 -.0073083
T 4662  1 .1678050E+07   2000018E-01 -.3563E+04  .1974E+04   .9995239 -.0207627  .0228245
T 4663  1 .1688054E+07   2000015E-01  .1778E+04  .4998E+03   .9996203  .0272196  .0042741
T 4664  1 .1686753E+07   2000021E-01  .1949E+04  .3230E+03   .9999954  .0012667  .0027398
T 4665  1 .1663948E+07   2000015E-01  .1302E+04  .2927E+03   .9997327  .0181671  .0142980
T 4666  1 .1678904E+07   2000015E-01 -.1039E+04  .1089E+04   .9999272 -.0118194 -.0024213
T 4667  1 .1662930E+07   2000019E-01  .1354E+03 -.2347E+03   .9997367 -.0158613  .0165800
T 4668  1 .1679180E+07   2000022E-01  .2379E+04  .3468E+03   .9997830  .0195758  .0071285
T 4669  1 .1658643E+07   2000001E-01 -.8427E+03  .2126E+04   .9997167 -.0185291  .0149365
T 4670  1 .1690061E+07   2000016E-01 -.1656E+04  .7450E+03   .9999036 -.0137447  .0019507
T 4671  1 .1693156E+07   2000012E-01 -.5613E+02  .3708E+03   .9997209  .0232491 -.0041865
T 4672  1 .1653576E+07   2000010E-01  .2417E+03  .6983E+03   .9999825  .0026096  .0053160
T 4673  1 .1686705E+07   2000002E-01  .1845E+04  .3550E+02   .9999421  .0083687  .0067680
T 4674  1 .1689303E+07   2000019E-01 -.3492E+03  .3947E+03   .9998835 -.0121352  .0092558
T 4675  1 .1674133E+07   2000010E-01 -.1548E+04  .2711E+03   .9999293 -.0118094  .0013572
T 4676  1 .1670241E+07   2000020E-01 -.9114E+03  .1040E+04   .9999349 -.0030171  .0110024
T 4677  1 .1691311E+07   2000018E-01  .6705E+03  .5346E+03   .9999652  .0037533 -.0074451
T 4678  1 .1702094E+07   2000000E-01  .6405E+03 -.2619E+02   .9999510  .0035116 -.0092545
T 4679  1 .1680981E+07   2000000E-01 -.4324E+03 -.1207E+04   .9999310 -.0029050 -.0113779
T 4680  1 .1680479E+07   2000008E-01 -.2847E+03  .7237E+03   .9999916  .0028210  .0029626
T 4681  1 .1692134E+07   2000009E-01  .6967E+03  .5403E+03   .9998449  .0115153  .0133259
T 4682  1 .1684696E+07   2000021E-01  .8292E+03  .3252E+03   .9999780  .0056072 -.0035419
T 4683  1 .1680737E+07   2000016E-01  .3915E+03  .1276E+04   .9999335  .0098170  .0060438
T 4684  1 .1676358E+07   2000018E-01 -.4306E+03  .1618E+04   .9997891 -.0128480  .0160224
T 4685  1 .1681650E+07   2000022E-01 -.3216E+04  .1383E+04   .9994772 -.0259108  .0193362
T 4686  1 .1666724E+07   2000007E-01 -.8799E+03  .8565E+03   .9999069 -.0017479  .0135295
T 4687  1 .1665625E+07   2000010E-01  .3446E+03 -.1749E+04   .9995927  .0178841 -.0222409
T 4688  1 .1643987E+07   2000001E-01 -.1415E+03 -.2937E+04   .9996491 -.0074202 -.0254282
T 4689  1 .1697042E+07   2000002E-01  .4453E+03  .8528E+03   .9999943 -.0009585  .0032260
T 4690  1 .1666340E+07   2000019E-01 -.4527E+03 -.1420E+03   .9999962 -.0027684 -.0001163
T 4691  1 .1675383E+07   2000020E-01  .8082E+03 -.1006E+04   .9997602  .0185071 -.0117056
T 4692  1 .1683573E+07   2000005E-01  .3868E+03  .9453E+02   .9998554  .0135477  .0102821
T 4693  1 .1687628E+07   2000021E-01 -.4807E+03  .1826E+03   .9999912 -.0006272  .0041366
T 4694  1 .1690690E+07   2000018E-01 -.1168E+02 -.3181E+04   .9997424 -.0002127 -.0226934
T 4695  1 .1708511E+07   2000004E-01 -.1747E+03 -.3724E+03   .9999665  .0048677 -.0065739
T 4696  1 .1684204E+07   2000010E-01  .2517E+04  .1341E+04   .9995864  .0274473  .0085804
T 4697  1 .1671822E+07   2000017E-01 -.6084E+03 -.1517E+04   .9999066 -.0041906 -.0130092
T 4698  1 .1693961E+07   2000000E-01  .1270E+04  .1333E+04   .9999166 -.0003396  .0129140
T 4699  1 .1676718E+07   2000013E-01  .1110E+04  .1110E+04   .9999016 -.0049362  .0131295
T 4700  1 .1683684E+07   2000016E-01 -.5386E+03 -.2964E+03   .9999968  .0007293  .0024103
T 4701  1 .1669023E+07   2000011E-01  .5916E+03  .1335E+04   .9996545 -.0077712  .0251089
T 4702  1 .1679653E+07   2000006E-01  .1902E+03 -.2545E+03   .9998615  .0041727 -.0161107
T 4703  1 .1692228E+07   2000010E-01  .1449E+03 -.7824E+03   .9999880  .0017625 -.0045812
T 4704  1 .1690019E+07   2000002E-01  .1674E+04 -.2024E+04   .9996959  .0131399 -.0208658
T 4705  1 .1670175E+07   2000006E-01  .5584E+03  .1692E+04   .9999653  .0028419  .0078326
T 4706  1 .1661202E+07   2000001E-01  .4013E+02  .1762E+04   .9990276  .0079283  .0433702
T 4707  1 .1675594E+07   2000018E-01  .6828E+03 -.1343E+04   .9996935  .0195745 -.0151579
T 4708  1 .1669553E+07   2000016E-01 -.1100E+04 -.2511E+04   .9991370 -.0235721 -.0341997
T 4709  1 .1652519E+07   2000001E-01  .5310E+03  .5850E+03   .9998545 -.0027261  .0168373
T 4710  1 .1668892E+07   2000019E-01 -.1374E+04  .8957E+03   .9998884 -.0135053  .0063942
T 4711  1 .1643995E+07   2000021E-01  .1543E+04 -.1240E+03   .9997914  .0203288  .0019489
T 4712  1 .1646147E+07   2000014E-01  .6821E+03  .1181E+04   .9996596  .0136941  .0222067
T 4713  1 .1654815E+07   2000021E-01 -.8967E+03  .1237E+04   .9997136  .0002904  .0239296
T 4714  1 .1684460E+07   2000003E-01  .5188E+03 -.5484E+02   .9999441 -.0101729  .0028754
T 4715  1 .1674541E+07   2000011E-01  .1597E+04  .7815E+03   .9999647  .0084044 -.0002092
T 4716  1 .1658416E+07   2000016E-01  .7659E+04 -.5120E+04   .9979059  .0505617 -.0403411
T 4717  1 .1691348E+07   2000021E-01  .3475E+03  .1121E+04   .9999355 -.0014182  .0112665
T 4718  1 .1680285E+07   2000017E-01  .1593E+04  .3217E+03   .9998389  .0168000  .0063243
T 4719  1 .1675569E+07   2000022E-01 -.9595E+03 -.1384E+04   .9998936 -.0118584 -.0084910
T 4720  1 .1695166E+07   2000019E-01  .5689E+03 -.7076E+03   .9999078  .0059978 -.0121804
T 4721  1 .1692370E+07   2000005E-01  .6434E+03  .2586E+03   .9998653  .0100927  .0129445
T 4722  1 .1677298E+07   2000020E-01  .7946E+03  .7762E+03   .9999906  .0016669  .0039953
T 4723  1 .1689961E+07   2000001E-01  .9620E+03  .7706E+03   .9995714  .0291797 -.0023716
T 4724  1 .1659455E+07   2000006E-01 -.6546E+02  .7164E+03   .9999823 -.0031673  .0050374
T 4725  1 .1677579E+07   2000000E-01  .7266E+03 -.4408E+03   .9999384  .0110965  .0001845
T 4726  1 .1694327E+07   2000015E-01  .5073E+03 -.7023E+03   .9998614  .0065363 -.0153137
T 4727  1 .1677301E+07   2000006E-01  .1086E+04 -.3914E+03   .9999666  .0072129 -.0038413
T 4728  1 .1675725E+07   2000007E-01  .1960E+04  .3035E+04   .9994406  .0222097  .0250028
T 4729  1 .1665574E+07   2000005E-01 -.6439E+03  .1073E+04   .9999497 -.0039473  .0092164
T 4730  1 .1715655E+07   2000011E-01  .1152E+04 -.1550E+03   .9999618  .0059963 -.0063651
T 4731  1 .1691622E+07   2000003E-01  .9937E+03  .4764E+03   .9999568  .0058664  .0072135
T 4732  1 .1664376E+07   2000012E-01 -.2984E+04  .2335E+04   .9980527 -.0501589  .0370796
T 4733  1 .1676428E+07   2000014E-01 -.6818E+03 -.3042E+04   .9996168 -.0120484 -.0249208
T 4734  1 .1687487E+07   2000002E-01  .8503E+03  .1743E+03   .9999994  .0009497  .0006011
T 4735  1 .1672047E+07   2000020E-01  .3635E+02 -.3213E+04   .9996573 -.0099496 -.0242121
T 4736  1 .1716536E+07   2000020E-01 -.1800E+03  .2901E+03   .9999952 -.0003245  .0030857
T 4737  1 .1678807E+07   2000014E-01 -.1212E+04  .1662E+04   .9991011 -.0301178  .0298300
T 4738  1 .1660955E+07   2000015E-01 -.1226E+04 -.4015E+03   .9999320 -.0098061 -.0063164
T 4739  1 .1638475E+07   2000008E-01 -.1934E+04  .3567E+03   .9998018 -.0195021  .0040102
T 4740  1 .1671721E+07   2000014E-01  .2476E+03 -.6102E+02   .9999622  .0057852 -.0064898
T 4741  1 .1675613E+07   2000012E-01  .2866E+02  .8917E+03   .9999902  .0012112  .0042613
T 4742  1 .1693536E+07   2000000E-01  .8749E+02  .7215E+03   .9999730  .0063277  .0037400
T 4743  1 .1658968E+07   2000023E-01  .1063E+03 -.7933E+03   .9999323  .0020947 -.0114477
T 4744  1 .1651735E+07   2000019E-01 -.5941E+03 -.1265E+04   .9997501  .0043039 -.0219370
T 4745  1 .1681719E+07   2000019E-01  .2531E+04 -.2728E+03   .9996347  .0253390 -.0094057
T 4746  1 .1661238E+07   2000016E-01  .6488E+03 -.6140E+03   .9999903  .0031142 -.0031035
T 4747  1 .1698104E+07   2000006E-01  .4918E+02  .2949E+03   .9999721  .0038016  .0064236
T 4748  1 .1678872E+07   2000018E-01 -.5642E+03 -.3522E+02   .9998769 -.0151047 -.0042486
T 4749  1 .1649628E+07   2000020E-01 -.9485E+03 -.4167E+03   .9999005 -.0139463  .0021160
T 4750  1 .1691123E+07   2000020E-01  .3228E+03 -.2621E+03   .9999841  .0050984 -.0024133
T 4751  1 .1644370E+07   2000015E-01 -.1408E+04 -.2567E+04   .9996790 -.0152253 -.0202518
T 4752  1 .1656261E+07   2000001E-01  .6258E+03 -.1274E+04   .9998277  .0175221 -.0061216
T 4753  1 .1679495E+07   2000006E-01 -.2547E+04  .1792E+04   .9997388 -.0176904  .0144687
T 4754  1 .1700843E+07   2000004E-01 -.1377E+03  .4527E+03   .9999498  .0099744  .0009254
T 4755  1 .1692364E+07   2000007E-01  .6544E+03  .6104E+03   .9999554  .0069226  .0064172
T 4756  1 .1695313E+07   2000014E-01 -.4909E+02  .3183E+03   .9999503 -.0005561 -.0099545
T 4757  1 .1665047E+07   2000009E-01 -.2371E+04  .7226E+03   .9997649 -.0210021  .0053964
T 4758  1 .1684951E+07   2000013E-01  .1219E+04  .4567E+03   .9999933  .0031503  .0018621
T 4759  1 .1679712E+07   2000019E-01 -.2027E+04  .7619E+03   .9998366 -.0148554  .0103036
T 4760  1 .1681917E+07   2000022E-01  .4100E+03 -.2908E+04   .9996258  .0029665 -.0271948
T 4761  1 .1685373E+07   2000019E-01  .6155E+03  .6582E+03   .9999946  .0032753 -.0001195
T 4762  1 .1671436E+07   2000009E-01  .2017E+04  .1434E+04   .9997948  .0068917  .0190514
T 4763  1 .1662424E+07   2000016E-01  .1698E+04 -.2546E+03   .9999629  .0070435 -.0049542
T 4764  1 .1676607E+07   2000013E-01  .1963E+04 -.1992E+04   .9999176  .0038481 -.0122456
T 4765  1 .1663394E+07   2000018E-01 -.4533E+03  .3847E+04   .9997062 -.0075684  .0230254
T 4766  1 .1646013E+07   2000021E-01 -.1563E+04  .1527E+03   .9998485 -.0162254 -.0062985
T 4767  1 .1681633E+07   2000007E-01 -.2806E+03  .1380E+04   .9999467  .0006588  .0103042
T 4768  1 .1696858E+07   2000015E-01 -.4089E+03  .1824E+04   .9997338  .0003485  .0230709
T 4769  1 .1675736E+07   2000016E-01  .8737E+02  .3141E+04   .9994365 -.0049867  .0331927
T 4770  1 .1667315E+07   2000015E-01 -.6721E+03 -.1046E+03   .9999856  .0007899  .0052994
T 4771  1 .1673621E+07   2000020E-01 -.1698E+02 -.2120E+03   .9999940 -.0020290  .0027972
T 4772  1 .1655151E+07   2000017E-01  .1347E+04 -.6516E+03   .9997528  .0202799 -.0091144
T 4773  1 .1673309E+07   2000021E-01  .8328E+03  .1108E+03   .9998492  .0160412  .0066476
T 4774  1 .1665222E+07   2000019E-01 -.4019E+04  .2294E+04   .9991008 -.0327392  .0269392
T 4775  1 .1664355E+07   2000008E-01 -.8628E+03  .2969E+03   .9994976 -.0162208  .0272310
T 4776  1 .1692237E+07   2000015E-01  .8065E+02 -.1360E+04   .9998072 -.0074105 -.0181820
T 4777  1 .1679877E+07   2000000E-01 -.1172E+04 -.1326E+03   .9998787 -.0106665 -.0113486
T 4778  1 .1710925E+07   2000021E-01  .1253E+04  .8828E+03   .9999207  .0054828  .0113355
T 4779  1 .1686830E+07   2000008E-01  .2769E+04 -.8209E+03   .9997709  .0211444  .0033400
T 4780  1 .1691254E+07   2000022E-01  .6474E+03  .1268E+04   .9999127  .0082572  .0103147
T 4781  1 .1694216E+07   2000015E-01  .4044E+02  .6029E+03   .9999520  .0090526  .0037561
T 4782  1 .1680363E+07   2000012E-01 -.4492E+03 -.1054E+04   .9998898 -.0069089 -.0131386
T 4783  1 .1667888E+07   2000006E-01  .2339E+03 -.3763E+03   .9999886  .0047791 -.0001021
T 4784  1 .1675092E+07   2000019E-01  .8773E+03  .4817E+03   .9995641  .0277060  .0102008
T 4785  1 .1711625E+07   2000021E-01 -.5276E+03 -.9786E+03   .9998819 -.0033715 -.0149953
T 4786  1 .1672160E+07   2000008E-01  .2651E+04 -.2235E+03   .9998175  .0166512 -.0093694
T 4787  1 .1655618E+07   2000012E-01 -.1436E+04  .1596E+04   .9997136 -.0184426  .0152532
T 4788  1 .1665345E+07   2000000E-01 -.3397E+02 -.8283E+02   .9999893 -.0044667 -.0011854
T 4789  1 .1661909E+07   2000022E-01 -.7330E+03  .7159E+03   .9999833  .0057183 -.0008880
T 4790  1 .1687398E+07   2000009E-01  .5358E+03  .1035E+04   .9999513  .0081254  .0055954
T 4791  1 .1695633E+07   2000006E-01 -.1146E+04  .1714E+04   .9998933 -.0077855  .0123619
T 4792  1 .1682020E+07   2000021E-01  .7817E+03 -.7208E+03   .9998660  .0106467 -.0124331
T 4793  1 .1692344E+07   2000008E-01 -.6917E+03 -.1320E+03   .9999903 -.0013229  .0041908
T 4794  1 .1708161E+07   2000013E-01 -.1223E+04 -.4890E+03   .9999434 -.0053427 -.0092015
T 4795  1 .1665814E+07   2000000E-01 -.9895E+03  .6811E+03   .9999595 -.0077030  .0046513
T 4796  1 .1647526E+07   2000003E-01 -.2545E+03 -.9214E+03   .9999502 -.0026463 -.0096202
T 4797  1 .1680038E+07   2000020E-01  .1827E+04 -.7567E+03   .9999811  .0015113 -.0059630
T 4798  1 .1674568E+07   2000020E-01 -.4924E+02 -.5043E+03   .9999987 -.0016245  .0001498
T 4799  1 .1701453E+07   2000009E-01 -.1462E+04  .1247E+05   .9976484 -.0049245  .0683630
T 4800  1 .1686661E+07   2000016E-01 -.4877E+00  .5186E+03   .9998285  .0007781  .0185020
T 4801  1 .1699096E+07   2000020E-01  .1925E+03 -.3072E+02   .9999266  .0121025  .0005302
T 4802  1 .1645825E+07   2000015E-01 -.1519E+04 -.1075E+04   .9999660 -.0073447 -.0037574
T 4803  1 .1672322E+07   2000000E-01 -.4179E+03  .2701E+03   .9999879 -.0035918  .0033482
T 4804  1 .1673079E+07   2000005E-01 -.1827E+03  .1877E+03   .9996435 -.0205716 -.0170229
T 4805  1 .1698051E+07   2000012E-01  .5791E+04 -.2366E+04   .9991916  .0338142 -.0217420
T 4806  1 .1658147E+07   2000009E-01  .2245E+04 -.7683E+03   .9997870  .0175824 -.0108085
T 4807  1 .1681533E+07   2000000E-01  .1598E+03  .2031E+04   .9999388  .0062877  .0091018
T 4808  1 .1710523E+07   2000017E-01  .1975E+03 -.5022E+03   .9999785  .0023203 -.0061365
T 4809  1 .1674039E+07   2000019E-01  .9328E+03  .3785E+03   .9999621  .0084795  .0019517
T 4810  1 .1693762E+07   2000021E-01 -.1194E+04 -.1092E+04   .9998746 -.0004871 -.0158298
T 4811  1 .1682154E+07   2000011E-01  .1468E+04  .9350E+03   .9999860  .0049508 -.0018839
T 4812  1 .1685905E+07   2000000E-01 -.8488E+03 -.2626E+04   .9996265 -.0150604 -.0228048
T 4813  1 .1696695E+07   2000004E-01  .4516E+03 -.4983E+03   .9999886  .0029036 -.0037793
T 4814  1 .1689940E+07   2000019E-01  .7760E+03 -.4371E+03   .9999950  .0004968 -.0031280
T 4815  1 .1667446E+07   2000015E-01  .1712E+03  .2970E+04   .9999351  .0008503  .0113570
T 4816  1 .1681556E+07   2000018E-01  .1150E+04 -.6273E+03   .9999300  .0073086 -.0092999
T 4817  1 .1670486E+07   2000009E-01 -.1001E+04 -.1850E+04   .9998542 -.0135678 -.0103662
T 4818  1 .1647903E+07   2000018E-01  .1358E+04 -.4985E+04   .9984185 -.0050041 -.0559943
T 4819  1 .1657129E+07   2000021E-01 -.1480E+04 -.9214E+03   .9999609 -.0082128 -.0032868
T 4820  1 .1684237E+07   2000014E-01 -.1616E+04  .2352E+04   .9998321 -.0147519  .0108724
T 4821  1 .1663738E+07   2000002E-01  .7467E+04 -.5159E+04   .9969035  .0641667 -.0454541
T 4822  1 .1697957E+07   2000010E-01  .1084E+04  .1398E+03   .9999129  .0131987 -.0000918
T 4823  1 .1670209E+07   2000021E-01 -.2067E+03  .2204E+04   .9997128  .0030276  .0237748
T 4824  1 .1680282E+07   2000022E-01  .5167E+03  .6503E+03   .9998847  .0148554  .0031538
T 4825  1 .1679733E+07   2000007E-01 -.1084E+04  .8308E+03   .9996403 -.0120574  .0239572
T 4826  1 .1653837E+07   2000010E-01 -.1684E+03 -.3857E+03   .9999968  .0007076  .0024293
T 4827  1 .1678610E+07   2000012E-01  .1315E+04  .2966E+04   .9997092  .0079987  .0227488
T 4828  1 .1684858E+07   2000020E-01  .5932E+03 -.1229E+04   .9999417 -.0003388 -.0107942
T 4829  1 .1673804E+07   2000010E-01 -.1468E+04 -.1455E+04   .9978030 -.0277318 -.0601682
T 4830  1 .1663500E+07   2000015E-01 -.5156E+03  .1022E+04   .9999397  .0018126  .0108283
T 4831  1 .1684844E+07   2000021E-01  .2693E+03  .8387E+03   .9999688  .0062721 -.0048122
T 4832  1 .1677877E+07   2000012E-01  .2649E+04  .2368E+03   .9997304  .0232181  .0001828
T 4833  1 .1673780E+07   2000017E-01  .7676E+02  .3847E+03   .9999933 -.0014746 -.0033532
T 4834  1 .1678446E+07   2000021E-01 -.2055E+04 -.5935E+03   .9998218 -.0171274 -.0079409
T 4835  1 .1665147E+07   2000022E-01  .7050E+03  .7551E+03   .9999139  .0053837  .0119630
T 4836  1 .1672073E+07   2000016E-01 -.5215E+03  .4983E+03   .9999973  .0015529  .0017338
T 4837  1 .1692482E+07   2000001E-01  .2179E+04 -.1324E+03   .9998178  .0190831 -.0003458
T 4838  1 .1673648E+07   2000000E-01  .1178E+03  .1364E+04   .9998174  .0149084  .0119517
T 4839  1 .1665032E+07   2000013E-01  .5145E+03 -.1560E+04   .9996789  .0134233 -.0214899
T 4840  1 .1698744E+07   2000019E-01 -.5309E+03 -.6973E+03   .9997650 -.0110469 -.0186510
T 4841  1 .1675666E+07   2000019E-01 -.8475E+03 -.1150E+03   .9999989 -.0014400 -.0003520
T 4842  1 .1665480E+07   2000020E-01 -.8325E+03 -.7113E+03   .9998947 -.0082326 -.0119502
T 4843  1 .1676584E+07   2000011E-01  .3210E+03  .8374E+03   .9999296  .0069373  .0096240
T 4844  1 .1672654E+07   2000000E-01 -.1278E+04 -.6349E+02   .9999156 -.0096496  .0086957
T 4845  1 .1670886E+07   2000020E-01  .1939E+04  .3004E+03   .9998097  .0175968  .0084155
T 4846  1 .1694753E+07   2000014E-01 -.5854E+03  .1843E+03   .9999668 -.0066539  .0047074
T 4847  1 .1670073E+07   2000014E-01  .5071E+02 -.7840E+03   .9998461  .0158843 -.0074430
T 4848  1 .1701006E+07   2000007E-01  .1784E+03  .2944E+03   .9999877  .0013832  .0047639
T 4849  1 .1679193E+07   2000012E-01  .3107E+04 -.3353E+04   .9994607  .0218207 -.0245378
T 4850  1 .1707159E+07   2000013E-01  .3061E+03 -.7380E+03   .9999714 -.0011784 -.0074648
T 4851  1 .1670488E+07   2000020E-01  .9713E+03 -.5457E+03   .9999848  .0050279 -.0022635
T 4852  1 .1657278E+07   2000002E-01 -.2623E+02 -.1403E+03   .9999929  .0030894 -.0021497
T 4853  1 .1667886E+07   2000008E-01  .2819E+03  .7197E+03   .9999358  .0113254  .0004596
T 4854  1 .1655110E+07   2000012E-01  .2642E+04  .5293E+03   .9989664  .0449346  .0068580
T 4855  1 .1701551E+07   2000012E-01 -.1036E+04 -.5445E+03   .9998774 -.0021540 -.0155072
T 4856  1 .1655187E+07   2000014E-01 -.1450E+02 -.4932E+03   .9999918 -.0035693  .0019288
T 4857  1 .1673926E+07   2000018E-01  .8567E+03  .1895E+04   .9998125  .0026698  .0191813
T 4858  1 .1654270E+07   2000010E-01 -.5928E+03 -.1606E+03   .9999667 -.0061420 -.0053676
T 4859  1 .1681414E+07   2000021E-01 -.8955E+02  .2810E+04   .9996230 -.0093361  .0258198
T 4860  1 .1657138E+07   2000016E-01 -.5631E+03  .5563E+03   .9999666 -.0035759  .0073496
T 4861  1 .1682640E+07   2000000E-01  .6293E+03 -.6453E+03   .9998578  .0055584 -.0159191
T 4862  1 .1681821E+07   2000013E-01  .1195E+04  .7161E+03   .9999756  .0044615  .0053743
T 4863  1 .1683336E+07   2000009E-01  .5716E+03 -.8154E+03   .9999395  .0096808 -.0052324
T 4864  1 .1689401E+07   2000021E-01 -.1545E+03 -.2705E+03   .9998674 -.0045166 -.0156425
T 4865  1 .1651508E+07   2000000E-01 -.2941E+04 -.1029E+04   .9988232 -.0413697 -.0253117
T 4866  1 .1683839E+07   2000017E-01 -.9499E+03 -.4787E+03   .9998748 -.0157629  .0013746
T 4867  1 .1696943E+07   2000011E-01 -.3571E+03 -.5661E+03   .9989795 -.0214770 -.0397317
T 4868  1 .1664280E+07   2000006E-01 -.5706E+03  .2906E+03   .9999766 -.0030868  .0060990
T 4869  1 .1681522E+07   2000014E-01  .4657E+03 -.5302E+03   .9999964  .0026564  .0004641
T 4870  1 .1671423E+07   2000020E-01 -.1204E+04 -.9402E+03   .9999557 -.0077888 -.0052925
T 4871  1 .1680500E+07   2000019E-01  .1752E+04  .1739E+03   .9997156  .0214769  .0103657
T 4872  1 .1690443E+07   2000016E-01 -.1021E+04 -.2751E+04   .9994108 -.0207432 -.0273447
T 4873  1 .1686894E+07   2000016E-01  .2085E+04 -.1458E+04   .9998068  .0171910 -.0095291
T 4874  1 .1659819E+07   2000014E-01 -.5570E+03  .8624E+03   .9998305 -.0065020  .0172258
T 4875  1 .1653436E+07   2000015E-01  .5831E+03 -.6463E+03   .9999797  .0061192 -.0017638
T 4876  1 .1670005E+07   2000011E-01  .2709E+03  .3332E+03   .9999723 -.0019536  .0071839
T 4877  1 .1648284E+07   2000021E-01  .1292E+04 -.8782E+03   .9998178  .0185573 -.0044631
T 4878  1 .1671126E+07   2000007E-01 -.9529E+03 -.4916E+03   .9999469 -.0080608 -.0064279
T 4879  1 .1688063E+07   2000012E-01 -.5705E+03 -.1303E+04   .9999748 -.0070507 -.0007703
T 4880  1 .1679486E+07   2000008E-01 -.5465E+03  .1429E+02   .9999969 -.0012504 -.0021453
T 4881  1 .1657113E+07   2000008E-01 -.1750E+04 -.1935E+04   .9997922 -.0102287 -.0176312
T 4882  1 .1715442E+07   2000001E-01  .3144E+03 -.1242E+04   .9999556  .0001076 -.0094279
T 4883  1 .1670184E+07   2000018E-01 -.1410E+03  .2216E+04   .9998088 -.0031658  .0192936
T 4884  1 .1673971E+07   2000008E-01 -.1554E+04 -.8809E+03   .9999186 -.0117441 -.0049935
T 4885  1 .1692357E+07   2000018E-01 -.4506E+02 -.6128E+03   .9999921 -.0039348  .0005000
T 4886  1 .1688218E+07   2000011E-01  .1420E+04 -.3349E+03   .9998473  .0127607 -.0119404
T 4887  1 .1700217E+07   2000020E-01 -.1454E+03 -.4559E+01   .9999806 -.0007250  .0061903
T 4888  1 .1669481E+07   2000022E-01 -.1343E+04  .9480E+03   .9999136 -.0120223  .0053201
T 4889  1 .1662474E+07   2000015E-01 -.3656E+03 -.2570E+03   .9999334 -.0046486  .0105599
T 4890  1 .1666984E+07   2000022E-01  .3433E+02 -.1217E+04   .9999687  .0074039 -.0027992
T 4891  1 .1652323E+07   2000018E-01 -.8773E+03  .2224E+03   .9999376  .0093329  .0061435
T 4892  1 .1672238E+07   2000017E-01 -.1117E+04  .2681E+04   .9991289 -.0229218  .0348723
T 4893  1 .1699595E+07   2000001E-01 -.9603E+03  .2022E+04   .9998220 -.0077158  .0172200
T 4894  1 .1695813E+07   2000004E-01 -.2188E+04 -.2094E+04   .9990130 -.0410098 -.0170633
T 4895  1 .1670377E+07   2000009E-01  .5006E+03 -.4248E+03   .9999818  .0059450 -.0010171
T 4896  1 .1671332E+07   2000001E-01 -.8114E+03 -.1351E+04   .9995845 -.0056077 -.0282725
T 4897  1 .1648531E+07   2000008E-01 -.3663E+04 -.1113E+04   .9991098 -.0420574 -.0032722
T 4898  1 .1680097E+07   2000016E-01  .5139E+03  .1467E+04   .9999911  .0034684  .0023977
T 4899  1 .1674820E+07   2000011E-01  .7031E+03  .7199E+03   .9999637 -.0003282  .0085153
T 4900  1 .1666214E+07   2000013E-01  .3203E+03 -.3112E+03   .9999856  .0051456 -.0015464
T 4901  1 .1656577E+07   2000021E-01 -.5599E+03  .1353E+04   .9998979 -.0096805  .0105101
T 4902  1 .1677056E+07   2000002E-01  .9764E+03 -.1683E+04   .9998200  .0025602 -.0187995
T 4903  1 .1668210E+07   2000005E-01 -.4888E+03  .1814E+03   .9999930 -.0013093  .0035084
T 4904  1 .1682222E+07   2000007E-01 -.8547E+04 -.9797E+04   .9973451 -.0517659 -.0512151
T 4905  1 .1676975E+07   2000016E-01  .6641E+03  .2040E+04   .9997459  .0074313  .0212814
T 4906  1 .1663383E+07   2000015E-01 -.3639E+03 -.1334E+03   .9999888 -.0046722  .0007742
T 4907  1 .1694204E+07   2000019E-01  .4797E+03  .3713E+03   .9998207  .0118145  .0148002
T 4908  1 .1659689E+07   2000022E-01  .2156E+03 -.1724E+04   .9998080 -.0020941 -.0194812
T 4909  1 .1688627E+07   2000016E-01 -.8687E+03 -.4490E+02   .9995106 -.0303377 -.0076328
T 4910  1 .1691965E+07   2000008E-01 -.2647E+03 -.3033E+03   .9999559 -.0034730  .0087310
T 4911  1 .1676624E+07   2000016E-01  .2289E+04 -.5493E+03   .9997099  .0239900 -.0021589
T 4912  1 .1677661E+07   2000014E-01  .9391E+02 -.7320E+03   .9998450 -.0068819 -.0162028
T 4913  1 .1695833E+07   2000011E-01 -.2061E+04  .1213E+04   .9998361 -.0180917  .0007140
T 4914  1 .1655129E+07   2000009E-01 -.1430E+03 -.4824E+03   .9999546 -.0019396 -.0093250
T 4915  1 .1683237E+07   2000000E-01  .7979E+03 -.7033E+03   .9998717  .0141542 -.0074995
T 4916  1 .1672877E+07   2000020E-01 -.8553E+03  .7852E+03   .9997237 -.0208940  .0107724
T 4917  1 .1684781E+07   2000001E-01 -.7153E+03 -.2183E+03   .9999496 -.0052236 -.0085752
T 4918  1 .1704025E+07   2000018E-01 -.1164E+04 -.4450E+03   .9999556 -.0036591 -.0086789
T 4919  1 .1682482E+07   2000005E-01 -.1808E+04 -.5506E+03   .9997875 -.0169970 -.0116652
T 4920  1 .1684426E+07   2000009E-01  .2875E+03  .6376E+02   .9999742  .0067173  .0025341
T 4921  1 .1666976E+07   2000009E-01 -.4302E+03  .8224E+03   .9999431  .0050204  .0094078
T 4922  1 .1646937E+07   2000006E-01  .1391E+04 -.8151E+03   .9998368  .0154298 -.0093975
T 4923  1 .1709260E+07   2000020E-01  .2170E+04 -.5854E+04   .9994867  .0118443 -.0297663
T 4924  1 .1683131E+07   2000003E-01  .5855E+03 -.5311E+03   .9999723  .0066824 -.0032891
T 4925  1 .1685785E+07   2000004E-01  .1859E+02 -.1237E+04   .9990490 -.0184959 -.0394853
T 4926  1 .1688158E+07   2000018E-01 -.1031E+04  .7107E+03   .9995334 -.0025295 -.0304402
T 4927  1 .1664092E+07   2000018E-01 -.7815E+03  .9792E+02   .9999874 -.0038476  .0032300
T 4928  1 .1683506E+07   2000021E-01 -.1430E+04 -.1129E+04   .9995999 -.0258814 -.0114100
T 4929  1 .1682555E+07   2000000E-01  .1011E+04 -.8092E+03   .9999742  .0049897  .0051738
T 4930  1 .1676896E+07   2000008E-01  .1631E+03  .1010E+04   .9999707  .0044751  .0062081
T 4931  1 .1686169E+07   2000008E-01  .2830E+03 -.2895E+03   .9999853  .0016060 -.0051762
T 4932  1 .1662914E+07   2000020E-01 -.1788E+04  .2340E+04   .9992125  .0212306  .0335214
T 4933  1 .1690687E+07   2000018E-01  .1778E+02 -.2076E+03   .9999601  .0024937  .0085775
T 4934  1 .1631190E+07   2000015E-01 -.5699E+03 -.2074E+03   .9999713 -.0068509 -.0032219
T 4935  1 .1669198E+07   2000001E-01  .5633E+03  .3285E+04   .9994747  .0258235  .0195846
T 4936  1 .1688076E+07   2000018E-01 -.1255E+03 -.1543E+03   .9999801 -.0029789 -.0055592
T 4937  1 .1675299E+07   2000011E-01  .8768E+03  .2859E+04   .9992629 -.0025085  .0383062
T 4938  1 .1676958E+07   2000008E-01  .1024E+04  .9295E+03   .9999348  .0072764  .0088058
T 4939  1 .1680130E+07   2000017E-01 -.1198E+04 -.4948E+03   .9999948  .0006114  .0031776
T 4940  1 .1699255E+07   2000008E-01  .1210E+03  .1985E+03   .9976535  .0683724  .0035553
T 4941  1 .1637883E+07   2000007E-01 -.3311E+03  .2563E+03   .9999857 -.0015314 -.0051250
T 4942  1 .1686839E+07   2000020E-01 -.1104E+02  .1864E+04   .9999942 -.0012897 -.0031500
T 4943  1 .1680929E+07   2000015E-01  .4894E+03 -.3183E+03   .9999514 -.0062692 -.0076136
T 4944  1 .1670679E+07   2000017E-01  .6374E+04  .5874E+04   .9982703  .0457212  .0369588
T 4945  1 .1703463E+07   2000016E-01  .8052E+03  .1762E+03   .9999988  .0003151 -.0015475
T 4946  1 .1652749E+07   2000013E-01  .2990E+03  .8430E+03   .9998250  .0100634  .0157711
T 4947  1 .1664921E+07   2000013E-01  .2453E+04  .1680E+04   .9993122  .0303361  .0213255
T 4948  1 .1678950E+07   2000005E-01  .4601E+03 -.1577E+03   .9999734  .0059055 -.0042780
T 4949  1 .1710570E+07   2000019E-01 -.1543E+04  .1999E+04   .9992901 -.0216916  .0308030
T 4950  1 .1713024E+07   2000009E-01 -.9043E+03  .3270E+04   .9998214 -.0099485  .0160689
T 4951  1 .1683369E+07   2000007E-01  .6852E+02 -.6713E+03   .9998694  .0029713 -.0158846
T 4952  1 .1651022E+07   2000009E-01 -.2743E+04  .1611E+04   .9974110 -.0661318  .0282453
T 4953  1 .1679785E+07   2000000E-01 -.1017E+04 -.5559E+03   .9999573 -.0091205 -.0015138
T 4954  1 .1675988E+07   2000007E-01  .1097E+04  .1232E+04   .9998779  .0102094  .0118327
T 4955  1 .1703576E+07   2000003E-01  .4394E+03 -.1973E+03   .9997110 -.0027963 -.0238759
T 4956  1 .1678297E+07   2000018E-01 -.3458E+02 -.1489E+04   .9999536  .0077548 -.0057174
T 4957  1 .1668449E+07   2000022E-01  .8698E+03  .1674E+04   .9998842  .0104564  .0110605
T 4958  1 .1678319E+07   2000020E-01  .1119E+04 -.1573E+04   .9999419  .0076955 -.0075451
T 4959  1 .1659850E+07   2000004E-01  .1296E+04 -.4727E+04   .9988975  .0207059 -.0421322
T 4960  1 .1715748E+07   2000010E-01 -.4384E+03  .1611E+04   .9999271 -.0091685  .0078558
T 4961  1 .1668814E+07   2000016E-01  .6583E+03 -.2524E+04   .9996591  .0100467 -.0240991
T 4962  1 .1697737E+07   2000004E-01 -.1723E+04  .4413E+03   .9999138 -.0122643  .0046940
T 4963  1 .1691730E+07   2000022E-01 -.1270E+04  .1236E+03   .9999117 -.0098458  .0089202
T 4964  1 .1690570E+07   2000002E-01  .1422E+04 -.4723E+03   .9998064  .0196739  .0003873
T 4965  1 .1664274E+07   2000010E-01 -.7105E+03  .2133E+03   .9999981 -.0019372 -.0001884
T 4966  1 .1685089E+07   2000006E-01 -.6794E+01  .1262E+04   .9993948  .0132951  .0321439
T 4967  1 .1665752E+07   2000016E-01 -.5161E+03  .5775E+03   .9999950 -.0031125  .0006215
T 4968  1 .1693287E+07   2000013E-01 -.1177E+04 -.1019E+04   .9999702 -.0067569 -.0037350
T 4969  1 .1675872E+07   2000022E-01 -.2322E+04 -.5071E+03   .9994454 -.0229296 -.0241497
T 4970  1 .1681984E+07   2000001E-01 -.1391E+04  .8977E+03   .9999261 -.0094448  .0076504
T 4971  1 .1685012E+07   2000017E-01  .1203E+04 -.6676E+03   .9998799  .0113842 -.0105152
T 4972  1 .1716274E+07   2000022E-01 -.4595E+03  .2730E+03   .9999673 -.0077989  .0021470
T 4973  1 .1671126E+07   2000020E-01 -.1548E+04 -.4423E+03   .9999884 -.0048139  .0000635
T 4974  1 .1664695E+07   2000022E-01 -.5715E+03 -.1539E+04   .9998167 -.0060606 -.0181631
T 4975  1 .1689523E+07   2000011E-01  .9204E+03 -.1907E+04   .9997644  .0135884 -.0169264
T 4976  1 .1652626E+07   2000021E-01 -.2798E+03 -.7941E+03   .9999797 -.0059928  .0021432
T 4977  1 .1652013E+07   2000013E-01 -.1209E+04  .2395E+04   .9999015 -.0031394  .0136772
T 4978  1 .1713829E+07   2000003E-01 -.2249E+04 -.1321E+04   .9998345 -.0122583 -.0134419
T 4979  1 .1659204E+07   2000014E-01 -.6900E+01 -.1279E+04   .9998566 -.0023076 -.0167756
T 4980  1 .1666543E+07   2000013E-01  .2773E+03  .2321E+03   .9999931  .0035298  .0011508
T 4981  1 .1670520E+07   2000019E-01  .3323E+03  .7668E+04   .9991468  .0020868  .0412470
T 4982  1 .1672928E+07   2000016E-01 -.6679E+02 -.5495E+03   .9999914  .0041093 -.0005439
T 4983  1 .1669189E+07   2000007E-01 -.2826E+03  .5822E+03   .9999698 -.0060732  .0048526
T 4984  1 .1678793E+07   2000008E-01 -.5395E+02  .2788E+03   .9999659 -.0069509  .0044480
T 4985  1 .1664319E+07   2000016E-01  .7358E+02  .1903E+04   .9997916  .0040905  .0200021
T 4986  1 .1685813E+07   2000012E-01  .4483E+03 -.2621E+04   .9992214 -.0009834 -.0394419
T 4987  1 .1663384E+07   2000018E-01  .1417E+04  .1760E+03   .9999479  .0101106 -.0014234
T 4988  1 .1675520E+07   2000016E-01  .9009E+03 -.6417E+03   .9999456  .0101511  .0023941
T 4989  1 .1654111E+07   2000016E-01  .2229E+04 -.1595E+04   .9993302  .0279899 -.0235730
T 4990  1 .1675672E+07   2000007E-01  .7765E+02 -.1055E+04   .9999491 -.0023584 -.0098117
T 4991  1 .1680892E+07   2000017E-01 -.2900E+03 -.8119E+03   .9999238 -.0031293 -.0119396
T 4992  1 .1670741E+07   2000004E-01  .7304E+03  .3398E+03   .9998669  .0148142 -.0068330
T 4993  1 .1686696E+07   2000018E-01  .1103E+04 -.1638E+04   .9997726  .0030855 -.0210997
T 4994  1 .1695529E+07   2000005E-01  .3660E+03 -.7031E+03   .9999499 -.0011210 -.0099440
T 4995  1 .1662412E+07   2000010E-01  .1164E+04  .1255E+04   .9997344  .0098735  .0208236
T 4996  1 .1683016E+07   2000010E-01  .2211E+04 -.1603E+04   .9998008  .0156248 -.0124185
T 4997  1 .1690453E+07   2000015E-01  .9164E+03  .7683E+03   .9999529  .006442