============================== SRIM-2013.00 ==============================
==============================================================================
=================  TRANSMIT.txt : File of Transmitted Ions  ==================
=  This file tabulates the kinetics of ions or atoms leaving the target.     =
=  Column #1: S= Sputtered Atom, B= Backscattered Ion, T= Transmitted Ion.   =
=  Col.#2: Ion Number, Col.#3: Z of atom leaving, Col.#4: Atom energy (eV).  =
=  Col.#5-7: Last location:  X= Depth into target, Y,Z= Transverse axes.     =
=  Col.#8-10: Cosines of final trajectory.                                   =
= *** This data file is in the same format as TRIM.DAT (see manual for uses).=
====== TRIM Calc.=  H(2 MeV) ==> PMMA(  40 um) ===============================
 Ion  Atom   Energy        Depth       Lateral-Position        Atom Direction      
 Numb Numb    (eV)          X(A)        Y(A)       Z(A)      Cos(X)  Cos(Y) Cos(Z) 
T    1  1 .1320110E+07   4000018E-01 -.6743E+04  .2468E+03   .9997248 -.0230202  .0045145
T    2  1 .1269633E+07   4000005E-01 -.3733E+04 -.8556E+04   .9994417 -.0218056 -.0253131
T    3  1 .1311185E+07   4000009E-01  .3549E+04  .7764E+04   .9999002  .0118354  .0077143
T    4  1 .1339474E+07   4000016E-01 -.8593E+04 -.8522E+01   .9991784 -.0360702  .0184806
T    5  1 .1305897E+07   4000018E-01  .1547E+04  .4569E+04   .9995187  .0029413  .0308830
T    6  1 .1303659E+07   4000008E-01 -.2674E+04  .2983E+04   .9998769 -.0040974  .0151430
T    7  1 .1308532E+07   4000001E-01  .5993E+04 -.6909E+04   .9986644  .0122142 -.0502016
T    8  1 .1317903E+07   4000022E-01  .8259E+03  .1859E+04   .9997627  .0151859  .0156174
T    9  1 .1293866E+07   4000021E-01 -.3124E+04 -.1439E+04   .9997971 -.0171966 -.0104867
T   10  1 .1350455E+07   4000014E-01  .3467E+04  .2515E+04   .9998292  .0184709 -.0005907
T   11  1 .1330217E+07   4000022E-01  .1474E+04  .1362E+04   .9997090 -.0202757  .0130660
T   12  1 .1341763E+07   4000014E-01 -.2734E+04  .1554E+04   .9999707 -.0053872  .0054414
T   13  1 .1271653E+07   4000020E-01  .1737E+03  .2494E+04   .9998707  .0087685 -.0134814
T   14  1 .1282486E+07   4000017E-01  .6237E+03 -.6565E+03   .9999896  .0024663 -.0038413
T   15  1 .1337399E+07   4000015E-01  .1821E+04 -.6838E+03   .9994631  .0200177 -.0259385
T   16  1 .1333486E+07   4000009E-01  .8482E+04  .3263E+04   .9956278  .0722522  .0592026
T   17  1 .1329751E+07   4000010E-01 -.7986E+03  .1272E+04   .9999536 -.0068497  .0067774
T   18  1 .1301966E+07   4000012E-01  .2584E+04 -.4800E+04   .9998720  .0035558 -.0155988
T   19  1 .1293599E+07   4000000E-01  .6051E+04 -.8364E+04   .9979329  .0554937 -.0324091
T   20  1 .1301556E+07   4000014E-01  .1138E+05 -.2753E+03   .9997641  .0200971  .0082399
T   21  1 .1242134E+07   4000019E-01 -.1564E+03 -.2124E+04   .9997519  .0095803 -.0201068
T   22  1 .1298566E+07   4000019E-01  .1915E+04 -.6187E+04   .9991298  .0013558 -.0416878
T   23  1 .1315342E+07   4000009E-01  .2032E+04 -.8306E+04   .9994282 -.0033570 -.0336463
T   24  1 .1318277E+07   4000014E-01  .1081E+05 -.1313E+05   .9969173  .0419971 -.0662738
T   25  1 .1354155E+07   4000018E-01 -.1257E+04 -.3334E+04   .9997344  .0004260 -.0230436
T   26  1 .1306152E+07   4000004E-01 -.4430E+02 -.7937E+04   .9997004 -.0059546 -.0237407
T   27  1 .1311329E+07   4000005E-01 -.7670E+03  .2880E+03   .9996744 -.0244710  .0072289
T   28  1 .1303830E+07   4000000E-01 -.8355E+04  .3473E+04   .9973843 -.0654399  .0306959
T   29  1 .1305599E+07   4000000E-01 -.1961E+04  .2161E+04   .9999245 -.0058909  .0107800
T   30  1 .1354241E+07   4000004E-01 -.2365E+04  .2042E+04   .9997100 -.0219987  .0097932
T   31  1 .1305786E+07   4000004E-01 -.6013E+04 -.4225E+04   .9997062 -.0168903 -.0173843
T   32  1 .1293409E+07   4000020E-01 -.1006E+04 -.3784E+03   .9999086 -.0135208 -.0002499
T   33  1 .1270971E+07   4000022E-01 -.2807E+03  .7246E+03   .9997586  .0069633 -.0208382
T   34  1 .1300101E+07   4000007E-01 -.9988E+04 -.6411E+04   .9988747 -.0434901 -.0189177
T   35  1 .1313557E+07   4000009E-01  .3309E+04 -.5850E+04   .9999117  .0024568 -.0130563
T   36  1 .1300341E+07   4000016E-01  .5537E+04  .1474E+04   .9989408 -.0055612 -.0456757
T   37  1 .1301707E+07   4000007E-01 -.2172E+04 -.3180E+02   .9998698 -.0066943 -.0146803
T   38  1 .1331209E+07   4000000E-01 -.1940E+05  .2456E+04   .9977767 -.0665966 -.0025636
T   39  1 .1302006E+07   4000010E-01 -.2631E+03 -.2834E+04   .9999401 -.0109475 -.0001927
T   40  1 .1312629E+07   4000022E-01 -.3242E+04 -.3596E+04   .9997956 -.0148907 -.0136757
T   41  1 .1301869E+07   4000021E-01 -.5848E+04  .5277E+04   .9995935 -.0219753  .0181645
T   42  1 .1330212E+07   4000012E-01 -.4876E+04 -.1110E+04   .9996107 -.0267901 -.0077961
T   43  1 .1316709E+07   4000014E-01 -.2890E+04 -.4814E+03   .9999443 -.0101198  .0030040
T   44  1 .1294166E+07   4000006E-01 -.8989E+04 -.2027E+04   .9986038 -.0521824 -.0082132
T   45  1 .1338871E+07   4000000E-01 -.6889E+04  .5272E+04   .9997491 -.0148462  .0167711
T   46  1 .1307513E+07   4000021E-01 -.1233E+04 -.3319E+04   .9998274 -.0070050 -.0172081
T   47  1 .1281569E+07   4000014E-01  .3248E+04 -.4171E+04   .9992185  .0208828 -.0335601
T   48  1 .1308007E+07   4000015E-01  .3018E+04  .8877E+03   .9997507 -.0111344  .0193513
T   49  1 .1313942E+07   4000007E-01 -.4390E+04 -.1682E+04   .9993860 -.0281550 -.0208526
T   50  1 .1358093E+07   4000020E-01 -.1910E+04 -.1728E+04   .9999323 -.0083776 -.0080777
T   51  1 .1305001E+07   4000006E-01 -.1059E+05  .1631E+05   .9980629 -.0372150  .0498548
T   52  1 .1322524E+07   4000021E-01 -.5149E+04 -.3608E+04   .9995304 -.0197359 -.0234422
T   53  1 .1347659E+07   4000014E-01  .2304E+04  .5370E+03   .9997478  .0164878 -.0152500
T   54  1 .1286826E+07   4000009E-01 -.5397E+04 -.8318E+03   .9995575 -.0287943  .0074595
T   55  1 .1276816E+07   4000006E-01 -.4356E+04 -.4906E+04   .9997572 -.0094762 -.0198957
T   56  1 .1301395E+07   4000002E-01  .1422E+04 -.2088E+04   .9999514  .0085735 -.0048577
T   57  1 .1311696E+07   4000007E-01 -.6377E+04 -.3453E+04   .9996052 -.0271940 -.0070696
T   58  1 .1312114E+07   4000001E-01  .1571E+04 -.1091E+03   .9993857 -.0048128  .0347152
T   59  1 .1325794E+07   4000005E-01 -.5194E+04 -.5992E+04   .9992422 -.0198423 -.0334860
T   60  1 .1303848E+07   4000000E-01  .2901E+04  .3277E+04   .9994529  .0277320  .0180208
T   61  1 .1299405E+07   4000001E-01  .3894E+04  .1022E+05   .9990013  .0194639  .0402186
T   62  1 .1277809E+07   4000017E-01 -.1791E+04 -.1668E+04   .9997108 -.0128667 -.0203186
T   63  1 .1329807E+07   4000008E-01 -.8107E+03  .2842E+04   .9999142  .0124607 -.0040319
T   64  1 .1327201E+07   4000003E-01 -.8496E+03 -.5362E+04   .9997507 -.0057797 -.0215686
T   65  1 .1351036E+07   4000017E-01 -.9235E+03 -.7992E+04   .9994495  .0003418 -.0331736
T   66  1 .1309169E+07   4000016E-01  .5793E+04 -.2108E+04   .9996571  .0246780 -.0087596
T   67  1 .1323528E+07   4000015E-01  .1745E+04 -.1365E+04   .9999674  .0051766 -.0061985
T   68  1 .1279638E+07   4000007E-01  .1464E+04  .1221E+04   .9985779 -.0503642  .0174848
T   69  1 .1314210E+07   4000020E-01  .2869E+04  .1028E+04   .9999694 -.0056316  .0054295
T   70  1 .1306589E+07   4000015E-01  .8550E+04 -.2816E+04   .9994489  .0325582 -.0064662
T   71  1 .1301975E+07   4000000E-01 -.1016E+05  .1900E+05   .9990011 -.0172869  .0412058
T   72  1 .1320170E+07   4000010E-01 -.1827E+04  .1235E+05   .9983588 -.0139416  .0555466
T   73  1 .1314779E+07   4000006E-01  .7060E+04 -.2704E+04   .9995423  .0263354 -.0148898
T   74  1 .1298363E+07   4000010E-01 -.8427E+03  .2331E+04   .9999573 -.0092334  .0002425
T   75  1 .1356524E+07   4000005E-01 -.4668E+04 -.7379E+02   .9996224 -.0117818  .0248259
T   76  1 .1304831E+07   4000014E-01 -.1309E+04  .1916E+03   .9998024 -.0180516 -.0083303
T   77  1 .1307500E+07   4000005E-01  .5225E+03 -.9792E+03   .9998736 -.0155485 -.0033323
T   78  1 .1327201E+07   4000020E-01 -.2430E+04 -.5356E+04   .9994777 -.0246954 -.0208454
T   79  1 .1280402E+07   4000002E-01  .4901E+03  .3476E+04   .9997829  .0078102  .0193192
T   80  1 .1314486E+07   4000013E-01 -.1119E+04 -.1526E+04   .9998780  .0108139 -.0112744
T   81  1 .1326197E+07   4000012E-01  .2678E+04 -.1520E+04   .9999340  .0105528 -.0045382
T   82  1 .1320815E+07   4000001E-01  .7872E+04 -.4304E+04   .9994509  .0186944 -.0273558
T   83  1 .1318602E+07   4000011E-01  .4684E+03 -.8291E+04   .9999301 -.0028299 -.0114823
T   84  1 .1287110E+07   4000001E-01  .4455E+04  .1955E+04   .9998487  .0166390 -.0050792
T   85  1 .1270755E+07   4000003E-01  .8204E+05  .7713E+05   .9546340  .2235164  .1967595
T   86  1 .1343445E+07   4000004E-01  .1334E+04  .1174E+05   .9977460  .0067058  .0667680
T   87  1 .1302929E+07   4000016E-01 -.8605E+04  .6350E+04   .9973170 -.0402203  .0611644
T   88  1 .1324870E+07   4000004E-01 -.4913E+03 -.5882E+04   .9989387 -.0117145 -.0445458
T   89  1 .1320685E+07   4000020E-01 -.3234E+04  .3369E+04   .9997533 -.0152224  .0161720
T   90  1 .1283474E+07   4000023E-01 -.1845E+04 -.1411E+04   .9994328  .0158527 -.0297114
T   91  1 .1276320E+07   4000014E-01  .2780E+04  .3438E+04   .9998722  .0097194  .0126930
T   92  1 .1308501E+07   4000018E-01  .3131E+04 -.5264E+04   .9998760  .0080486 -.0135369
T   93  1 .1306364E+07   4000013E-01 -.1320E+03  .9504E+04   .9989758 -.0203145  .0404322
T   94  1 .1305652E+07   4000016E-01 -.1812E+04  .1720E+04   .9999134  .0012274  .0130997
T   95  1 .1301581E+07   4000016E-01  .2583E+04  .8981E+03   .9993117  .0293089  .0227406
T   96  1 .1276755E+07   4000010E-01  .3000E+04  .2710E+04   .9998111  .0139370  .0135467
T   97  1 .1306228E+07   4000001E-01 -.4681E+04  .3917E+04   .9995632 -.0295472  .0005661
T   98  1 .1256409E+07   4000022E-01  .4970E+04  .6628E+04   .9997532  .0082206  .0206403
T   99  1 .1305185E+07   4000010E-01  .2619E+04  .2036E+04   .9997578  .0151899  .0159277
T  100  1 .1312487E+07   4000017E-01  .1142E+04 -.6545E+04   .9993921  .0064908 -.0342535
T  101  1 .1303382E+07   4000004E-01  .3810E+04 -.2136E+03   .9997974  .0085374 -.0182289
T  102  1 .1345961E+07   4000004E-01 -.2427E+04 -.1288E+04   .9999854  .0053870  .0004976
T  103  1 .1322865E+07   4000015E-01 -.3050E+04 -.2780E+04   .9997095 -.0125488 -.0205766
T  104  1 .1320137E+07   4000019E-01 -.3819E+04  .8831E+03   .9986476 -.0501292  .0137884
T  105  1 .1329371E+07   4000020E-01 -.1274E+04 -.3086E+04   .9996287  .0010917 -.0272247
T  106  1 .1342394E+07   4000003E-01  .3431E+04  .2013E+04   .9997318  .0184426  .0140080
T  107  1 .1287525E+07   4000017E-01 -.5193E+04  .6578E+04   .9977891 -.0256009  .0613319
T  108  1 .1313314E+07   4000020E-01 -.1564E+04 -.6389E+04   .9990649  .0290240 -.0320472
T  109  1 .1317128E+07   4000001E-01 -.7985E+03 -.2884E+04   .9998619  .0074141 -.0148733
T  110  1 .1337998E+07   4000020E-01 -.1830E+05  .4574E+03   .9864280 -.1576615 -.0458554
T  111  1 .1291255E+07   4000005E-01 -.3683E+03  .6108E+03   .9999285 -.0072295 -.0095247
T  112  1 .1329641E+07   4000022E-01  .2085E+04 -.2503E+04   .9999013  .0039347  .0134838
T  113  1 .1281584E+07   4000006E-01  .5850E+04  .1767E+04   .9992618  .0346222  .0166482
T  114  1 .1301625E+07   4000016E-01 -.5476E+04  .6202E+04   .9948347 -.0071189  .1012586
T  115  1 .1284745E+07   4000013E-01 -.6293E+03  .4741E+04   .9999953 -.0003278  .0030584
T  116  1 .1336318E+07   4000014E-01  .3070E+04  .2128E+04   .9999000  .0099867  .0100091
T  117  1 .1325704E+07   4000001E-01 -.1645E+05  .8653E+04   .9982794 -.0555133  .0188838
T  118  1 .1268701E+07   4000019E-01 -.1975E+04  .1717E+04   .9988596 -.0227762  .0419604
T  119  1 .1311547E+07   4000019E-01 -.3581E+04  .5894E+04   .9996733 -.0078162  .0243369
T  120  1 .1328019E+07   4000003E-01 -.4090E+04 -.7418E+03   .9997087 -.0240611 -.0019006
T  121  1 .1313123E+07   4000021E-01 -.1724E+04 -.2778E+04   .9998404 -.0063390 -.0167016
T  122  1 .1333138E+07   4000017E-01 -.2295E+04 -.2232E+04   .9995273 -.0235583 -.0197532
T  123  1 .1296516E+07   4000018E-01 -.8700E+04  .5802E+04   .9985805 -.0302349  .0438509
T  124  1 .1345267E+07   4000009E-01  .4223E+04 -.1654E+04   .9995125  .0308777 -.0046097
T  125  1 .1330297E+07   4000007E-01  .1130E+04 -.8865E+04   .9998813 -.0010960 -.0153652
T  126  1 .1323168E+07   4000004E-01  .2251E+04 -.5255E+04   .9999628  .0084031  .0019413
T  127  1 .1297438E+07   4000006E-01 -.4046E+04 -.2414E+04   .9993656 -.0350012 -.0065862
T  128  1 .1333599E+07   4000021E-01 -.3609E+02 -.4811E+04   .9991085  .0103048 -.0409386
T  129  1 .1288265E+07   4000012E-01  .1480E+04 -.1323E+04   .9998270  .0128852 -.0134116
T  130  1 .1308997E+07   4000004E-01 -.1091E+05  .4855E+04   .9983136 -.0551602  .0180908
T  131  1 .1343958E+07   4000019E-01 -.6173E+04 -.2332E+04   .9994140 -.0340247 -.0037447
T  132  1 .1356136E+07   4000006E-01 -.5638E+02  .3773E+04   .9997920  .0199839  .0040658
T  133  1 .1301794E+07   4000015E-01 -.1517E+04 -.1401E+04   .9999062 -.0039227 -.0131261
T  134  1 .1315069E+07   4000003E-01 -.1002E+05  .1735E+04   .9995228 -.0299333 -.0076205
T  135  1 .1279477E+07   4000004E-01  .2782E+04 -.9089E+03   .9999893 -.0032580  .0032753
T  136  1 .1322171E+07   4000000E-01 -.5819E+03  .2378E+04   .9999450  .0080066  .0067680
T  137  1 .1341728E+07   4000011E-01  .3218E+03  .1874E+04   .9998052  .0096137  .0172377
T  138  1 .1331636E+07   4000005E-01  .8838E+04  .1085E+05   .9980334  .0453868  .0432360
T  139  1 .1303438E+07   4000015E-01  .5575E+04 -.3404E+04   .9995326  .0202761 -.0228807
T  140  1 .1291470E+07   4000008E-01  .1022E+04  .4407E+04   .9998850  .0046507 -.0144315
T  141  1 .1326215E+07   4000008E-01  .6226E+04  .6109E+04   .9989246  .0317540  .0337827
T  142  1 .1317456E+07   4000016E-01  .4279E+04  .1107E+04   .9993308  .0310861  .0192789
T  143  1 .1303691E+07   4000010E-01 -.2039E+04  .2006E+04   .9998428 -.0091020  .0152169
T  144  1 .1326544E+07   4000004E-01  .1360E+04 -.4609E+04   .9955851  .0759833 -.0551067
T  145  1 .1317794E+07   4000013E-01 -.5888E+04 -.7200E+04   .9996539 -.0241107 -.0105232
T  146  1 .1311026E+07   4000012E-01 -.5115E+03 -.1359E+04   .9985312  .0438527 -.0318185
T  147  1 .1332486E+07   4000012E-01  .1045E+04 -.3666E+04   .9999638  .0013575 -.0083958
T  148  1 .1256241E+07   4000000E-01 -.8153E+03  .7239E+03   .9998793 -.0137757 -.0071797
T  149  1 .1296540E+07   4000020E-01  .2046E+04  .3031E+04   .9999794  .0040804 -.0049543
T  150  1 .1313229E+07   4000021E-01 -.3600E+04 -.2793E+04   .9996984 -.0132005 -.0207090
T  151  1 .1287552E+07   4000021E-01 -.1724E+05 -.7616E+04   .9966909 -.0716991 -.0382958
T  152  1 .1271896E+07   4000012E-01 -.4809E+04  .1656E+04   .9995758 -.0287952  .0043609
T  153  1 .1278416E+07   4000019E-01  .1648E+04 -.7756E+03   .9999747 -.0070904 -.0006432
T  154  1 .1321311E+07   4000021E-01  .1859E+04 -.5754E+03   .9999217 -.0109313  .0060943
T  155  1 .1352668E+07   4000011E-01  .4495E+04 -.7789E+04   .9993624  .0159008 -.0319669
T  156  1 .1333399E+07   4000017E-01  .5256E+04 -.3500E+04   .9993721  .0344923 -.0081103
T  157  1 .1295600E+07   4000017E-01 -.3100E+04 -.5324E+04   .9994295 -.0166188 -.0294010
T  158  1 .1333501E+07   4000006E-01 -.1009E+05  .5924E+04   .9980255 -.0570050  .0263746
T  159  1 .1309215E+07   4000014E-01 -.3199E+04 -.1947E+04   .9998983  .0108962 -.0091986
T  160  1 .1312928E+07   4000014E-01  .2640E+02  .2549E+04   .9998931 -.0102134  .0104627
T  161  1 .1310009E+07   4000020E-01  .2323E+04  .1991E+04   .9998914  .0110313  .0097726
T  162  1 .1322094E+07   4000012E-01 -.7649E+03 -.7988E+03   .9998755 -.0009982 -.0157503
T  163  1 .1318340E+07   4000008E-01  .4580E+03  .5893E+04   .9998880 -.0045058  .0142693
T  164  1 .1305227E+07   4000019E-01  .3005E+03  .1147E+04   .9996480  .0092265  .0248743
T  165  1 .1297898E+07   4000021E-01 -.6244E+04 -.3287E+05   .9961993 -.0177796 -.0852690
T  166  1 .1313699E+07   4000003E-01 -.1035E+04  .9605E+04   .9997427  .0055380  .0219956
T  167  1 .1313522E+07   4000019E-01 -.4600E+04 -.1899E+04   .9998986 -.0129529  .0059088
T  168  1 .1284320E+07   4000015E-01 -.7922E+04 -.1379E+04   .9993818 -.0292431 -.0195167
T  169  1 .1287907E+07   4000002E-01 -.2478E+03  .7378E+03   .9998479 -.0107687 -.0137184
T  170  1 .1307796E+07   4000014E-01 -.4675E+04 -.8237E+04   .9992300 -.0187421 -.0344706
T  171  1 .1322674E+07   4000022E-01 -.6111E+03 -.1083E+04   .9997468 -.0192872  .0115945
T  172  1 .1289833E+07   4000013E-01 -.3188E+04 -.5091E+04   .9998311  .0032108 -.0180932
T  173  1 .1283964E+07   4000018E-01 -.2549E+04 -.3051E+03   .9999501  .0071154  .0070136
T  174  1 .1318459E+07   4000004E-01 -.2329E+04 -.1604E+04   .9999604 -.0087153 -.0017897
T  175  1 .1291006E+07   4000003E-01 -.6039E+04  .2501E+04   .9996876 -.0233247  .0089822
T  176  1 .1323600E+07   4000021E-01  .4138E+03 -.4121E+02   .9999869 -.0048635  .0016023
T  177  1 .1337432E+07   4000012E-01  .9760E+03  .2240E+04   .9994368 -.0114026  .0315589
T  178  1 .1328763E+07   4000007E-01  .5231E+04  .5222E+04   .9996943  .0185461  .0163524
T  179  1 .1319687E+07   4000008E-01 -.8710E+03  .7070E+03   .9999086 -.0129489  .0038953
T  180  1 .1349375E+07   4000021E-01 -.2630E+04  .1965E+04   .9999018  .0109073 -.0087945
T  181  1 .1320008E+07   4000017E-01  .5504E+03 -.4729E+04   .9995442 -.0045508 -.0298439
T  182  1 .1294831E+07   4000008E-01  .4562E+04  .2976E+04   .9996190  .0178629  .0210420
T  183  1 .1304499E+07   4000000E-01  .1682E+05  .1245E+03   .9984053  .0564513  .0002405
T  184  1 .1296877E+07   4000017E-01  .3090E+03 -.1468E+04   .9999176 -.0124576 -.0030932
T  185  1 .1303611E+07   4000018E-01 -.1880E+04  .4463E+04   .9998623 -.0144369 -.0081881
T  186  1 .1283732E+07   4000022E-01 -.4293E+04  .2100E+04   .9993711 -.0323875  .0144396
T  187  1 .1258946E+07   4000005E-01 -.1734E+05  .1659E+04   .9959302 -.0885830  .0166161
T  188  1 .1299935E+07   4000009E-01 -.4264E+04  .3139E+04   .9996020 -.0140818  .0244442
T  189  1 .1316949E+07   4000007E-01 -.2900E+04  .2631E+04   .9998439 -.0163670 -.0066552
T  190  1 .1305842E+07   4000022E-01 -.5359E+04 -.2054E+04   .9992327 -.0332428 -.0207084
T  191  1 .1324763E+07   4000010E-01  .1617E+04  .8106E+03   .9999866  .0043910 -.0027271
T  192  1 .1308228E+07   4000000E-01  .6539E+04  .2983E+04   .9998314  .0183320  .0010631
T  193  1 .1311606E+07   4000005E-01  .3785E+04  .3046E+04   .9998678  .0130466  .0097060
T  194  1 .1324548E+07   4000006E-01 -.3364E+03 -.2790E+03   .9999322  .0112771 -.0028992
T  195  1 .1326222E+07   4000015E-01  .3922E+03 -.1790E+04   .9998984 -.0142540 -.0001137
T  196  1 .1302763E+07   4000000E-01  .9944E+03  .7675E+03   .9999793 -.0050315  .0040092
T  197  1 .1290111E+07   4000012E-01 -.6131E+04  .2618E+04   .9995595 -.0159667  .0250181
T  198  1 .1301438E+07   4000007E-01 -.4008E+04 -.2655E+04   .9998755 -.0136365 -.0079442
T  199  1 .1291673E+07   4000009E-01  .2018E+04  .2394E+04   .9998041  .0105058  .0167749
T  200  1 .1297155E+07   4000019E-01 -.5450E+04 -.1484E+04   .9995386 -.0222517 -.0206764
T  201  1 .1364289E+07   4000015E-01  .7454E+04 -.5114E+03   .9981184  .0612974  .0015157
T  202  1 .1277058E+07   4000004E-01 -.1773E+05  .1315E+05   .9983347 -.0527231  .0234103
T  203  1 .1292896E+07   4000020E-01  .1841E+03 -.1377E+04   .9993151 -.0220165  .0297414
T  204  1 .1330710E+07   4000012E-01  .2793E+03 -.8034E+03   .9999210  .0094253 -.0083212
T  205  1 .1308695E+07   4000007E-01  .5914E+04 -.2802E+04   .9994305  .0300581 -.0153369
T  206  1 .1307384E+07   4000007E-01 -.1095E+04  .2415E+04   .9999111 -.0044442  .0125736
T  207  1 .1342377E+07   4000009E-01  .1819E+04  .3139E+04   .9991441  .0233218  .0341638
T  208  1 .1332429E+07   4000014E-01  .1116E+04 -.2498E+04   .9998955 -.0020299 -.0143129
T  209  1 .1300366E+07   4000013E-01  .3987E+04 -.4536E+04   .9996376  .0175037 -.0204525
T  210  1 .1305029E+07   4000008E-01  .5984E+04 -.4271E+04   .9977071  .0529051 -.0422091
T  211  1 .1335714E+07   4000018E-01 -.5120E+04  .3239E+04   .9997182 -.0191413  .0140406
T  212  1 .1326576E+07   4000009E-01  .3771E+03  .7896E+04   .9984912  .0085349  .0542450
T  213  1 .1307015E+07   4000019E-01 -.2678E+04 -.4658E+02   .9999629 -.0071563  .0047937
T  214  1 .1272208E+07   4000006E-01 -.3766E+04  .8871E+03   .9996492 -.0252572 -.0079707
T  215  1 .1291418E+07   4000020E-01  .1429E+04 -.2387E+03   .9999926  .0014470  .0035758
T  216  1 .1296996E+07   4000014E-01  .2303E+04  .1362E+04   .9994585  .0286659  .0161557
T  217  1 .1311105E+07   4000015E-01 -.6921E+03 -.8144E+03   .9999427  .0012893 -.0106260
T  218  1 .1275957E+07   4000001E-01 -.3768E+04 -.2065E+04   .9997755 -.0209701  .0030384
T  219  1 .1364183E+07   4000017E-01 -.7728E+03  .1363E+04   .9999711 -.0046961  .0059744
T  220  1 .1303280E+07   4000021E-01  .3017E+04  .1719E+04   .9996673  .0242792  .0087084
T  221  1 .1319662E+07   4000010E-01  .1804E+04  .3419E+04   .9999367 -.0031441  .0108074
T  222  1 .1315903E+07   4000006E-01 -.4737E+04 -.6327E+04   .9999048 -.0118515 -.0070733
T  223  1 .1318179E+07   4000017E-01  .4410E+04  .2186E+03   .9997058  .0238590  .0043770
T  224  1 .1310190E+07   4000020E-01 -.3161E+03  .8100E+03   .9999801  .0000925  .0063092
T  225  1 .1332987E+07   4000018E-01  .2662E+04 -.7992E+04   .9994848  .0106179 -.0302884
T  226  1 .1308997E+07   4000014E-01  .8439E+04 -.8870E+04   .9990366  .0342223 -.0274731
T  227  1 .1333781E+07   4000007E-01 -.3270E+04 -.3121E+04   .9995836 -.0212744 -.0194941
T  228  1 .1307257E+07   4000013E-01  .3431E+04 -.2231E+04   .9999300 -.0008277  .0118030
T  229  1 .1337765E+07   4000015E-01  .2987E+04 -.2550E+04   .9995792  .0238818 -.0164665
T  230  1 .1298947E+07   4000013E-01 -.2674E+04 -.8731E+04   .9992523 -.0194008 -.0334418
T  231  1 .1334372E+07   4000000E-01 -.5323E+04 -.1356E+04   .9983105 -.0458908 -.0356388
T  232  1 .1310393E+07   4000013E-01 -.2937E+04 -.6641E+04   .9997310 -.0145635 -.0180499
T  233  1 .1300969E+07   4000009E-01 -.9719E+03  .7955E+03   .9999875  .0046538  .0018196
T  234  1 .1317039E+07   4000016E-01 -.4629E+03 -.3627E+03   .9999975 -.0009886 -.0020077
T  235  1 .1305028E+07   4000015E-01 -.3760E+04 -.2445E+04   .9994466 -.0332246  .0016463
T  236  1 .1283340E+07   4000013E-01  .3809E+04  .2622E+04   .9997600  .0145761  .0163525
T  237  1 .1269984E+07   4000015E-01  .1614E+04 -.1037E+04   .9999883  .0039032  .0028490
T  238  1 .1312775E+07   4000008E-01 -.4770E+04  .1649E+04   .9996295 -.0201771  .0182695
T  239  1 .1304678E+07   4000014E-01  .7200E+04 -.9061E+04   .9993000  .0259716 -.0269266
T  240  1 .1300348E+07   4000022E-01  .7438E+04 -.6625E+04   .9993919  .0310712 -.0158234
T  241  1 .1338888E+07   4000014E-01  .2265E+04  .7171E+04   .9996150 -.0064451  .0269856
T  242  1 .1311149E+07   4000021E-01  .1222E+04  .3100E+04   .9997840 -.0022307  .0206646
T  243  1 .1351979E+07   4000005E-01  .4750E+04 -.2459E+04   .9998147  .0156714 -.0111779
T  244  1 .1305831E+07   4000019E-01 -.3072E+04  .3047E+04   .9993457 -.0344544  .0110062
T  245  1 .1300659E+07   4000021E-01 -.5236E+04 -.1188E+04   .9993902 -.0342616 -.0067393
T  246  1 .1292824E+07   4000017E-01  .3316E+04  .2054E+04   .9995080  .0169582  .0263841
T  247  1 .1329364E+07   4000005E-01 -.4753E+04 -.2905E+03   .9995996 -.0280829  .0034667
T  248  1 .1331442E+07   4000002E-01  .1298E+05  .1100E+05   .9986182  .0414380  .0323194
T  249  1 .1277114E+07   4000017E-01 -.5373E+03  .3655E+04   .9997299  .0002475  .0232374
T  250  1 .1302939E+07   4000014E-01  .8085E+04 -.7824E+03   .9991591  .0409141  .0026753
T  251  1 .1349316E+07   4000020E-01  .9947E+04  .2862E+04   .9987043  .0425258  .0279504
T  252  1 .1283489E+07   4000016E-01  .2515E+04  .1944E+04   .9995293  .0304106  .0040386
T  253  1 .1314977E+07   4000006E-01  .2763E+04 -.3761E+04   .9996146  .0275084  .0037328
T  254  1 .1351481E+07   4000009E-01 -.1933E+05  .2484E+05   .9643724 -.1833603  .1906956
T  255  1 .1306923E+07   4000005E-01 -.3962E+04 -.4727E+04   .9998078 -.0042661 -.0191377
T  256  1 .1299378E+07   4000005E-01  .3060E+04 -.3903E+03   .9998418  .0176480  .0022139
T  257  1 .1379092E+07   4000017E-01  .1720E+04 -.3791E+04   .9971841  .0743533  .0097697
T  258  1 .1297292E+07   4000001E-01 -.9836E+04 -.1387E+05   .9982871 -.0321981 -.0488488
T  259  1 .1347269E+07   4000013E-01  .1078E+04 -.2047E+04   .9999575 -.0069566  .0060451
T  260  1 .1307873E+07   4000021E-01 -.6524E+04 -.1649E+04   .9990318  .0037608 -.0438325
T  261  1 .1276408E+07   4000006E-01 -.8854E+03  .6233E+03   .9999650  .0035278  .0075833
T  262  1 .1317452E+07   4000020E-01 -.3814E+02 -.8140E+04   .9997463  .0115919 -.0193122
T  263  1 .1316926E+07   4000008E-01 -.1904E+04  .2334E+03   .9998230 -.0139565  .0126207
T  264  1 .1314140E+07   4000003E-01 -.5775E+03 -.1819E+04   .9999099 -.0050798 -.0124273
T  265  1 .1322888E+07   4000012E-01  .7869E+04  .6038E+04   .9992591  .0365719  .0119870
T  266  1 .1299966E+07   4000012E-01  .1073E+04  .1319E+04   .9999254  .0099683  .0070643
T  267  1 .1283474E+07   4000011E-01 -.4114E+03  .2709E+04   .9999580 -.0008622  .0091235
T  268  1 .1326369E+07   4000016E-01  .5745E+04 -.1325E+04   .9996436  .0213439 -.0160345
T  269  1 .1298670E+07   4000021E-01 -.4743E+04  .1010E+04   .9995342 -.0297357 -.0068628
T  270  1 .1311566E+07   4000005E-01 -.1030E+04  .1083E+04   .9999974 -.0005861 -.0022118
T  271  1 .1271508E+07   4000001E-01  .5073E+04  .5811E+04   .9978794  .0484367  .0434810
T  272  1 .1351797E+07   4000013E-01  .4212E+04  .2384E+04   .9998053  .0184375  .0070255
T  273  1 .1344281E+07   4000019E-01 -.4703E+03  .8409E+04   .9984705 -.0264971  .0485234
T  274  1 .1302631E+07   4000018E-01 -.2849E+04 -.1364E+04   .9995086 -.0313275 -.0010601
T  275  1 .1311829E+07   4000020E-01 -.2722E+04 -.5387E+04   .9994436 -.0230736 -.0240850
T  276  1 .1282426E+07   4000015E-01 -.3381E+03 -.4807E+03   .9999493 -.0100654 -.0001297
T  277  1 .1338889E+07   4000005E-01  .2544E+03  .8233E+03   .9998930  .0136389 -.0052871
T  278  1 .1309933E+07   4000018E-01 -.3781E+04  .4945E+03   .9998118 -.0193475 -.0014551
T  279  1 .1285699E+07   4000019E-01  .9088E+02  .3308E+04   .9997665 -.0180713  .0118466
T  280  1 .1291139E+07   4000006E-01 -.2964E+04  .1883E+04   .9894119 -.0229130  .1433146
T  281  1 .1295533E+07   4000020E-01  .1664E+04  .3312E+04   .9999198  .0053823  .0114679
T  282  1 .1312386E+07   4000014E-01  .6510E+04  .2450E+04   .9991592  .0320497  .0255681
T  283  1 .1315078E+07   4000002E-01  .1118E+05  .1075E+04   .9978580  .0653882 -.0019329
T  284  1 .1334736E+07   4000016E-01 -.9551E+03  .1675E+04   .9998837 -.0122303  .0091101
T  285  1 .1303568E+07   4000002E-01 -.2870E+04  .4827E+04   .9998318 -.0037808  .0179484
T  286  1 .1321060E+07   4000007E-01 -.2359E+04 -.3413E+04   .9996897 -.0092641 -.0231249
T  287  1 .1298554E+07   4000003E-01 -.1980E+04  .1082E+04   .9998376 -.0158430  .0085866
T  288  1 .1328442E+07   4000006E-01  .2408E+04 -.2020E+04   .9999921 -.0038018 -.0012002
T  289  1 .1294627E+07   4000018E-01 -.3763E+04  .1325E+04   .9995992  .0199218  .0201155
T  290  1 .1327082E+07   4000019E-01  .4262E+04 -.1233E+03   .9997879  .0147459  .0143803
T  291  1 .1288103E+07   4000003E-01  .6422E+04 -.5301E+04   .9999273  .0119262 -.0017904
T  292  1 .1331495E+07   4000010E-01  .9229E+04 -.8614E+04   .9990228  .0234086 -.0374910
T  293  1 .1319660E+07   4000014E-01  .4494E+03  .3927E+02   .9999652 -.0081663 -.0017158
T  294  1 .1330992E+07   4000012E-01  .8095E+04 -.1307E+04   .9989111  .0435179 -.0168172
T  295  1 .1296470E+07   4000019E-01  .4191E+04 -.5965E+04   .9996415  .0257892 -.0071899
T  296  1 .1283752E+07   4000016E-01 -.8590E+04  .5335E+03   .9993449 -.0300738 -.0201347
T  297  1 .1348495E+07   4000016E-01 -.2619E+04 -.6220E+03   .9999583 -.0009521 -.0090815
T  298  1 .1306297E+07   4000020E-01 -.6896E+04  .1105E+04   .9998216 -.0187937 -.0018762
T  299  1 .1285299E+07   4000005E-01 -.1378E+04  .6481E+04   .9997539 -.0029665  .0219848
T  300  1 .1318682E+07   4000022E-01 -.7569E+03  .8333E+04   .9992008 -.0017862  .0399323
T  301  1 .1331242E+07   4000010E-01 -.4270E+04 -.1376E+04   .9996483 -.0099062 -.0246002
T  302  1 .1306601E+07   4000013E-01 -.2972E+03 -.1261E+04   .9996676  .0029298 -.0256165
T  303  1 .1302333E+07   4000019E-01  .4581E+04 -.5247E+04   .9993583  .0279895 -.0223517
T  304  1 .1317671E+07   4000001E-01  .2498E+04  .1775E+04   .9994127  .0270634  .0210186
T  305  1 .1316680E+07   4000021E-01 -.3511E+04 -.2972E+04   .9998725 -.0099457 -.0124936
T  306  1 .1303509E+07   4000000E-01 -.2630E+04  .5612E+03   .9999666 -.0044918 -.0068348
T  307  1 .1330950E+07   4000018E-01  .3027E+04  .2213E+04   .9993098  .0306084  .0210465
T  308  1 .1319902E+07   4000015E-01  .1106E+04 -.1766E+04   .9999356 -.0076013 -.0084251
T  309  1 .1273194E+07   4000021E-01  .1664E+04 -.2686E+04   .9995119 -.0136592 -.0280974
T  310  1 .1325890E+07   4000001E-01  .2009E+04  .2817E+04   .9996900  .0156088  .0193975
T  311  1 .1288385E+07   4000002E-01  .2185E+04 -.6200E+04   .9993599  .0005101 -.0357697
T  312  1 .1331385E+07   4000017E-01  .2460E+04 -.8177E+03   .9998280  .0165537 -.0083604
T  313  1 .1316157E+07   4000009E-01 -.1366E+04  .8521E+03   .9999927 -.0009729  .0036847
T  314  1 .1309234E+07   4000021E-01  .6458E+04  .1055E+04   .9998354  .0178171  .0034345
T  315  1 .1323701E+07   4000022E-01 -.7864E+04 -.3127E+03   .9989282 -.0461889 -.0030120
T  316  1 .1284932E+07   4000020E-01 -.3781E+04 -.1000E+04   .9993686 -.0352538  .0044138
T  317  1 .1329963E+07   4000015E-01  .2148E+04  .2920E+04   .9998587  .0060185  .0156970
T  318  1 .1291312E+07   4000013E-01 -.5022E+04 -.5727E+04   .9989806 -.0106399 -.0438693
T  319  1 .1267623E+07   4000008E-01  .1447E+04 -.4798E+04   .9991732  .0237120 -.0330265
T  320  1 .1312345E+07   4000002E-01 -.1667E+04  .2621E+04   .9998786  .0030861  .0152730
T  321  1 .1303457E+07   4000018E-01 -.1362E+04  .2315E+04   .9999344 -.0114443 -.0005407
T  322  1 .1338016E+07   4000000E-01 -.1794E+04 -.1149E+05   .9976639 -.0149214 -.0666645
T  323  1 .1305416E+07   4000018E-01 -.1499E+04  .4939E+03   .9999861 -.0051628 -.0010577
T  324  1 .1333544E+07   4000000E-01  .3358E+04  .5408E+03   .9996341  .0247364 -.0109426
T  325  1 .1295019E+07   4000018E-01 -.1220E+04  .1077E+04   .9998998 -.0141397 -.0007183
T  326  1 .1299033E+07   4000016E-01 -.1061E+05 -.1617E+05   .9941233 -.0635229 -.0876569
T  327  1 .1341917E+07   4000013E-01  .2305E+04 -.2748E+04   .9998904  .0141288 -.0044235
T  328  1 .1326314E+07   4000019E-01 -.4624E+04  .4174E+04   .9996263 -.0273243  .0007569
T  329  1 .1293441E+07   4000020E-01  .4178E+04 -.6575E+04   .9986043  .0233771 -.0473610
T  330  1 .1367704E+07   4000005E-01 -.5746E+03  .6995E+02   .9999937  .0008967 -.0034474
T  331  1 .1318338E+07   4000008E-01  .5899E+04 -.3537E+04   .9996435  .0157663 -.0215458
T  332  1 .1312488E+07   4000019E-01  .5636E+04  .2881E+03   .9993412  .0351714  .0089564
T  333  1 .1278150E+07   4000021E-01 -.9644E+03 -.4497E+04   .9985623  .0475693 -.0247068
T  334  1 .1318091E+07   4000013E-01  .1451E+04  .3867E+04   .9998532  .0095581  .0142204
T  335  1 .1294853E+07   4000015E-01 -.2906E+04 -.4413E+04   .9996512 -.0223082 -.0141353
T  336  1 .1318325E+07   4000022E-01  .9775E+03 -.2766E+04   .9999656  .0060781 -.0056469
T  337  1 .1325646E+07   4000020E-01 -.7404E+04 -.6609E+03   .9998273 -.0185747  .0005667
T  338  1 .1318023E+07   4000022E-01  .6000E+04 -.1463E+04   .9996426  .0004738 -.0267290
T  339  1 .1280253E+07   4000008E-01  .2376E+04 -.7796E+03   .9999878 -.0049406  .0002580
T  340  1 .1264563E+07   4000016E-01  .1232E+04 -.1785E+04   .9979450  .0638073 -.0058643
T  341  1 .1275605E+07   4000003E-01 -.2915E+03  .1274E+04   .9998587  .0028459  .0165696
T  342  1 .1289293E+07   4000016E-01  .7221E+03 -.3090E+04   .9999897  .0030803 -.0033472
T  343  1 .1318708E+07   4000001E-01  .3061E+04  .3419E+04   .9998306  .0150487  .0105930
T  344  1 .1345405E+07   4000006E-01  .9183E+03 -.1478E+03   .9999659  .0078678  .0025285
T  345  1 .1294551E+07   4000001E-01 -.1360E+05 -.4321E+04   .9985556 -.0489700 -.0221036
T  346  1 .1319360E+07   4000010E-01  .1825E+04 -.4153E+04   .9998383  .0054967 -.0171220
T  347  1 .1327544E+07   4000002E-01 -.2095E+04  .5220E+04   .9997863  .0024034  .0205302
T  348  1 .1337454E+07   4000018E-01 -.1357E+04 -.3013E+03   .9998976 -.0080932 -.0117985
T  349  1 .1327778E+07   4000015E-01 -.1554E+04 -.1340E+04   .9999581 -.0074559 -.0053063
T  350  1 .1339938E+07   4000006E-01 -.6339E+04 -.8722E+03   .9985782 -.0533032  .0005965
T  351  1 .1310920E+07   4000002E-01  .4603E+04  .1501E+04   .9995295  .0300185  .0063059
T  352  1 .1325934E+07   4000003E-01 -.3943E+04  .1094E+03   .9996960 -.0242041 -.0046933
T  353  1 .1308925E+07   4000008E-01  .1560E+04 -.1476E+04   .9997640  .0067046 -.0206629
T  354  1 .1334347E+07   4000000E-01  .2132E+04  .1070E+04   .9996006  .0279413  .0042440
T  355  1 .1319758E+07   4000011E-01  .2037E+04  .1049E+04   .9994538  .0258506  .0205860
T  356  1 .1295835E+07   4000018E-01  .2089E+04 -.1846E+04   .9999934  .0031004 -.0019196
T  357  1 .1289769E+07   4000020E-01  .1023E+05  .1409E+03   .9996401  .0180858  .0198144
T  358  1 .1287025E+07   4000002E-01  .6186E+04  .1616E+04   .9993894  .0325769  .0126320
T  359  1 .1322575E+07   4000020E-01 -.9140E+02 -.2218E+04   .9999712 -.0045702 -.0060532
T  360  1 .1290688E+07   4000014E-01 -.2114E+04 -.3137E+03   .9999999  .0000208  .0001895
T  361  1 .1285506E+07   4000003E-01  .2196E+04 -.2867E+04   .9999923  .0021122 -.0033021
T  362  1 .1349710E+07   4000019E-01 -.7223E+03 -.2263E+04   .9996600 -.0259829 -.0021793
T  363  1 .1270465E+07   4000017E-01  .2106E+05 -.6882E+05   .9394242  .1015514 -.3273676
T  364  1 .1368304E+07   4000002E-01 -.3600E+04 -.2003E+04   .9998608 -.0166120 -.0015601
T  365  1 .1276628E+07   4000019E-01  .1126E+05 -.3174E+05   .9832581  .0623754 -.1712098
T  366  1 .1313875E+07   4000021E-01  .4580E+03  .2779E+03   .9999379 -.0077581 -.0080024
T  367  1 .1323994E+07   4000015E-01  .4265E+04 -.8039E+03   .9994358  .0328546 -.0069787
T  368  1 .1304757E+07   4000022E-01  .1293E+04  .5387E+04   .9999359 -.0103533 -.0045809
T  369  1 .1313444E+07   4000021E-01  .4075E+04  .3811E+04   .9998202  .0162120  .0098328
T  370  1 .1334216E+07   4000020E-01 -.7950E+03  .5067E+03   .9998836  .0081755 -.0128830
T  371  1 .1313379E+07   4000008E-01  .2158E+04 -.3697E+04   .9996566  .0053019 -.0256642
T  372  1 .1338600E+07   4000011E-01  .2002E+04 -.3550E+03   .9998237  .0075008  .0172121
T  373  1 .1300207E+07   4000013E-01  .6384E+03 -.2327E+03   .9998986  .0090206 -.0110234
T  374  1 .1330358E+07   4000004E-01 -.7400E+03  .3834E+04   .9997862 -.0011502  .0206456
T  375  1 .1316498E+07   4000008E-01  .5642E+04 -.1164E+05   .9981608  .0163982 -.0583616
T  376  1 .1308078E+07   4000019E-01  .1604E+04  .2089E+04   .9999389  .0073963  .0082140
T  377  1 .1314501E+07   4000007E-01 -.2318E+04 -.2136E+03   .9997016 -.0210031 -.0124707
T  378  1 .1313426E+07   4000000E-01  .2596E+04 -.2032E+04   .9999227  .0069114 -.0103399
T  379  1 .1311542E+07   4000016E-01 -.1287E+05  .1773E+05   .9969299 -.0527633  .0578519
T  380  1 .1363478E+07   4000000E-01 -.2044E+04 -.2923E+04   .9997406 -.0174370 -.0146499
T  381  1 .1318828E+07   4000019E-01 -.6263E+04 -.3206E+04   .9980600 -.0546898 -.0297543
T  382  1 .1310985E+07   4000023E-01 -.2097E+04  .2802E+04   .9995466 -.0300338 -.0021258
T  383  1 .1281608E+07   4000023E-01  .2028E+04 -.2004E+04   .9997585  .0144808 -.0165286
T  384  1 .1297637E+07   4000008E-01 -.1746E+04  .2968E+04   .9995578  .0077217  .0287140
T  385  1 .1340012E+07   4000020E-01  .3640E+04 -.8044E+03   .9998436  .0175183  .0024181
T  386  1 .1274881E+07   4000020E-01 -.3875E+04 -.1093E+04   .9997065 -.0220537 -.0100318
T  387  1 .1290220E+07   4000021E-01 -.1071E+05 -.2261E+04   .9997146 -.0130729 -.0199975
T  388  1 .1307240E+07   4000016E-01 -.1755E+04  .9661E+03   .9999781 -.0064043  .0016978
T  389  1 .1298252E+07   4000013E-01 -.1447E+05 -.1779E+04   .9984865 -.0547727  .0049733
T  390  1 .1315427E+07   4000018E-01 -.2875E+04  .2859E+04   .9999014 -.0077120  .0117357
T  391  1 .1322265E+07   4000016E-01  .6059E+04 -.4270E+04   .9978718  .0499436 -.0419221
T  392  1 .1314200E+07   4000020E-01  .2861E+04 -.3849E+04   .9992062  .0280622 -.0282750
T  393  1 .1286869E+07   4000021E-01  .1901E+04 -.3885E+04   .9991563  .0323810  .0252606
T  394  1 .1325340E+07   4000017E-01  .1169E+04 -.2108E+02   .9999899 -.0044902  .0003499
T  395  1 .1311407E+07   4000017E-01 -.2594E+04  .1232E+04   .9996927 -.0161114  .0188411
T  396  1 .1324776E+07   4000022E-01  .2956E+04  .1539E+05   .9971365  .0214849  .0725067
T  397  1 .1325311E+07   4000022E-01  .6808E+04  .2673E+04   .9996899  .0223721  .0109315
T  398  1 .1332036E+07   4000005E-01 -.4539E+03 -.5032E+04   .9998933 -.0146087  .0000175
T  399  1 .1316973E+07   4000022E-01  .1038E+02  .2934E+04   .9999869 -.0028863  .0042325
T  400  1 .1301323E+07   4000001E-01 -.4929E+04  .2498E+04   .9993463 -.0346733  .0102332
T  401  1 .1289060E+07   4000014E-01 -.9464E+03 -.2374E+04   .9992649 -.0183653 -.0336500
T  402  1 .1307780E+07   4000006E-01 -.5715E+04 -.1954E+04   .9999487 -.0093462  .0038999
T  403  1 .1291982E+07   4000023E-01 -.4731E+04  .1303E+04   .9995613 -.0273781  .0113006
T  404  1 .1259976E+07   4000006E-01 -.2228E+03 -.2375E+04   .9994553  .0044697 -.0326984
T  405  1 .1250672E+07   4000018E-01  .4502E+04 -.4409E+03   .9998701  .0116952 -.0110877
T  406  1 .1301780E+07   4000018E-01 -.1177E+04 -.3535E+04   .9997903 -.0196714 -.0056913
T  407  1 .1358932E+07   4000006E-01 -.2041E+03  .8223E+03   .9999759 -.0038931  .0057457
T  408  1 .1264701E+07   4000009E-01 -.4110E+04 -.1757E+04   .9999589 -.0090453 -.0005464
T  409  1 .1272293E+07   4000019E-01 -.2117E+03 -.2987E+04   .9999264 -.0052408 -.0109454
T  410  1 .1327192E+07   4000014E-01  .5341E+03 -.5854E+03   .9998468  .0159951 -.0071130
T  411  1 .1293033E+07   4000005E-01  .8197E+02  .1997E+04   .9999840  .0050539  .0025336
T  412  1 .1298473E+07   4000017E-01 -.5149E+04  .3050E+04   .9993635 -.0277407  .0224283
T  413  1 .1306402E+07   4000013E-01 -.1166E+04  .7883E+04   .9982476 -.0271719  .0525685
T  414  1 .1286931E+07   4000018E-01 -.1535E+05 -.7466E+03   .9990975 -.0424525 -.0014208
T  415  1 .1310388E+07   4000020E-01  .7907E+03  .3303E+04   .9998241 -.0034352  .0184392
T  416  1 .1309850E+07   4000007E-01  .3006E+04  .3153E+04   .9998200  .0029134  .0187487
T  417  1 .1312682E+07   4000010E-01  .3228E+03  .2218E+04   .9998323  .0074586  .0167270
T  418  1 .1288426E+07   4000021E-01  .3723E+04  .3700E+04   .9993581  .0150035  .0325298
T  419  1 .1328135E+07   4000000E-01  .3487E+04 -.7576E+03   .9999545  .0074916 -.0058979
T  420  1 .1321735E+07   4000021E-01 -.1997E+04  .1601E+04   .9999220  .0114082 -.0050910
T  421  1 .1312443E+07   4000019E-01  .9075E+04 -.5419E+04   .9984756  .0416059 -.0362701
T  422  1 .1340722E+07   4000005E-01  .5580E+04 -.2021E+04   .9993038  .0335509 -.0163189
T  423  1 .1331249E+07   4000013E-01  .3182E+04  .5898E+03   .9999922  .0021813 -.0032858
T  424  1 .1277590E+07   4000015E-01  .2939E+04  .2692E+04   .9998939  .0104207  .0101777
T  425  1 .1315692E+07   4000006E-01  .6464E+04  .3208E+03   .9995765  .0289011  .0033941
T  426  1 .1319520E+07   4000007E-01 -.2006E+04 -.3239E+04   .9996798 -.0244993 -.0063378
T  427  1 .1294802E+07   4000006E-01 -.1394E+04 -.1561E+04   .9994077 -.0271939 -.0210874
T  428  1 .1318680E+07   4000004E-01  .5721E+04 -.9619E+03   .9998979  .0142220  .0013595
T  429  1 .1341377E+07   4000008E-01 -.7968E+03  .9916E+03   .9997585  .0050997  .0213750
T  430  1 .1302879E+07   4000020E-01 -.2128E+04  .3350E+04   .9996283  .0098570  .0254169
T  431  1 .1331012E+07   4000017E-01 -.6459E+03 -.1348E+04   .9996116  .0006371  .0278602
T  432  1 .1312010E+07   4000011E-01 -.5499E+03 -.4702E+04   .9996606 -.0035651 -.0258059
T  433  1 .1308599E+07   4000014E-01  .7360E+04 -.6186E+04   .9994759  .0278512 -.0165009
T  434  1 .1300046E+07   4000021E-01  .4772E+04  .6652E+04   .9990912  .0166668  .0392290
T  435  1 .1288161E+07   4000009E-01 -.3600E+03  .5732E+04   .9999689  .0061340  .0049584
T  436  1 .1308763E+07   4000013E-01 -.3793E+04 -.1694E+04   .9998539 -.0166608  .0038147
T  437  1 .1282329E+07   4000020E-01  .4586E+04 -.4894E+04   .9997877  .0141938 -.0149364
T  438  1 .1326513E+07   4000020E-01  .2000E+04  .2848E+04   .9995270  .0298820  .0072667
T  439  1 .1311928E+07   4000013E-01  .6814E+04  .6565E+03   .9994470  .0332100 -.0016549
T  440  1 .1271285E+07   4000001E-01 -.9685E+03  .3687E+03   .9998276 -.0180210  .0044737
T  441  1 .1315435E+07   4000013E-01  .2924E+04 -.2898E+04   .9996583  .0259303 -.0033085
T  442  1 .1343742E+07   4000021E-01  .3872E+04  .2284E+04   .9997541  .0190181  .0114023
T  443  1 .1352799E+07   4000012E-01  .2638E+04  .1187E+04   .9996465  .0264258  .0029126
T  444  1 .1325533E+07   4000021E-01  .2406E+04 -.2526E+04   .9999748  .0037253 -.0060410
T  445  1 .1313844E+07   4000020E-01 -.2217E+04  .5681E+03   .9999484 -.0071078 -.0072548
T  446  1 .1339206E+07   4000001E-01  .4478E+04  .2101E+02   .9996246  .0202868  .0184141
T  447  1 .1332213E+07   4000014E-01 -.5407E+03  .3759E+03   .9999413  .0104017  .0030416
T  448  1 .1268450E+07   4000015E-01  .7046E+02  .6067E+03   .9999396 -.0106992  .0025301
T  449  1 .1331753E+07   4000012E-01  .1800E+04 -.1656E+04   .9998074 -.0041868  .0191757
T  450  1 .1361520E+07   4000000E-01  .6762E+04 -.7858E+04   .9845852  .1671797 -.0514095
T  451  1 .1303221E+07   4000014E-01 -.7313E+04  .6927E+04   .9991138 -.0195754  .0372606
T  452  1 .1306321E+07   4000009E-01  .3160E+04 -.5335E+04   .9996680  .0156962 -.0204332
T  453  1 .1277291E+07   4000021E-01  .3886E+04  .3805E+04   .9994650  .0155718  .0287614
T  454  1 .1327523E+07   4000020E-01 -.1503E+04 -.2140E+04   .9997160  .0232137  .0053845
T  455  1 .1321445E+07   4000022E-01  .1861E+04 -.1706E+04   .9999344  .0114572 -.0000499
T  456  1 .1334350E+07   4000009E-01 -.1167E+05 -.4187E+04   .9979077 -.0364555 -.0533973
T  457  1 .1283003E+07   4000017E-01  .1856E+04  .9064E+02   .9998574  .0129715 -.0108175
T  458  1 .1309589E+07   4000000E-01  .1723E+04 -.7112E+04   .9990832  .0027527 -.0427232
T  459  1 .1309582E+07   4000003E-01  .9711E+02  .1945E+04   .9997473 -.0123356  .0187911
T  460  1 .1289864E+07   4000017E-01  .2248E+04 -.3680E+04   .9998777  .0125450 -.0093367
T  461  1 .1318178E+07   4000015E-01  .2297E+03  .1154E+04   .9999121  .0052515  .0121722
T  462  1 .1348487E+07   4000013E-01 -.1879E+03 -.2254E+04   .9999489  .0101033 -.0003160
T  463  1 .1290297E+07   4000003E-01 -.2809E+04  .1551E+04   .9994853 -.0284004  .0149160
T  464  1 .1318870E+07   4000012E-01  .1145E+03  .2884E+04   .9999443  .0040489  .0097450
T  465  1 .1324937E+07   4000018E-01 -.7177E+04 -.1068E+05   .9986905 -.0389343 -.0331869
T  466  1 .1316846E+07   4000014E-01 -.1773E+04 -.4893E+03   .9998573 -.0080790 -.0148384
T  467  1 .1335632E+07   4000017E-01 -.1278E+04 -.2056E+04   .9998520 -.0127975 -.0114978
T  468  1 .1312758E+07   4000002E-01 -.9415E+03  .1065E+04   .9998826  .0120559  .0094571
T  469  1 .1271029E+07   4000009E-01 -.1027E+05 -.9077E+04   .9987360 -.0363650 -.0346980
T  470  1 .1295238E+07   4000022E-01  .9409E+03  .6905E+04   .9988740  .0127141  .0457075
T  471  1 .1325649E+07   4000011E-01  .1138E+05 -.6722E+04   .9993418  .0279757 -.0230943
T  472  1 .1334951E+07   4000010E-01  .7476E+04  .1599E+04   .9988739  .0457399  .0126039
T  473  1 .1299927E+07   4000020E-01  .3631E+03  .1082E+04   .9993944 -.0209447  .0277882
T  474  1 .1315416E+07   4000012E-01  .1491E+04 -.4347E+04   .9995480  .0123293 -.0274170
T  475  1 .1345043E+07   4000020E-01 -.1559E+04  .1163E+04   .9999983  .0004610  .0017753
T  476  1 .1294488E+07   4000016E-01  .7267E+03 -.1328E+05   .9995782  .0076227 -.0280232
T  477  1 .1304303E+07   4000001E-01  .2104E+04  .2406E+03   .9999209  .0114554  .0051923
T  478  1 .1360883E+07   4000002E-01  .5376E+03  .2164E+04   .9998958  .0113805 -.0088762
T  479  1 .1276960E+07   4000015E-01 -.1294E+04  .3371E+04   .9997802 -.0207346  .0031019
T  480  1 .1241711E+07   4000017E-01 -.1151E+06 -.5923E+05   .9391801 -.3076298 -.1526585
T  481  1 .1286941E+07   4000018E-01 -.7756E+04 -.2015E+03   .9986996 -.0460601  .0218542
T  482  1 .1288426E+07   4000016E-01 -.2893E+04  .1334E+04   .9992677 -.0314001  .0218658
T  483  1 .1294403E+07   4000015E-01  .2719E+04  .3150E+04   .9999804 -.0062391  .0005374
T  484  1 .1291237E+07   4000017E-01 -.4985E+03 -.1713E+04   .9999285  .0043760 -.0111292
T  485  1 .1344869E+07   4000010E-01 -.1830E+04 -.1881E+04   .9999543 -.0033663 -.0089449
T  486  1 .1312320E+07   4000008E-01  .8961E+04  .1909E+04   .9994363  .0335706  .0003323
T  487  1 .1302287E+07   4000022E-01  .8858E+04  .1934E+04   .9994418  .0332905 -.0027803
T  488  1 .1287796E+07   4000019E-01  .5385E+04 -.9339E+04   .9994416 -.0065097 -.0327727
T  489  1 .1302209E+07   4000019E-01 -.6344E+04  .1589E+04   .9999286 -.0111466  .0043171
T  490  1 .1323706E+07   4000017E-01  .4285E+04 -.2584E+04   .9996713  .0170584 -.0191413
T  491  1 .1291833E+07   4000020E-01  .1917E+04  .6319E+04   .9997537  .0093888  .0201072
T  492  1 .1321072E+07   4000016E-01  .7729E+03 -.8835E+03   .9999578  .0085566  .0033587
T  493  1 .1312939E+07   4000022E-01  .4837E+04 -.2446E+04   .9992375  .0295746 -.0254910
T  494  1 .1326892E+07   4000000E-01 -.3042E+04  .1338E+05   .9959543 -.0417148  .0795918
T  495  1 .1274141E+07   4000017E-01 -.4445E+03  .3891E+04   .9997291 -.0170774  .0158140
T  496  1 .1346515E+07   4000018E-01  .5256E+03  .5408E+03   .9999869  .0021024  .0046645
T  497  1 .1320053E+07   4000009E-01 -.8255E+03 -.4978E+04   .9995898  .0034837 -.0284257
T  498  1 .1288800E+07   4000004E-01 -.2291E+04  .6806E+03   .9999618 -.0080350  .0034374
T  499  1 .1256063E+07   4000010E-01 -.8685E+04 -.5527E+02   .9983865 -.0557788 -.0106328
T  500  1 .1339497E+07   4000011E-01  .7509E+03 -.6166E+04   .9999997 -.0007616  .0002351
T  501  1 .1357245E+07   4000001E-01 -.9988E+03 -.1723E+04   .9999222  .0035448 -.0119597
T  502  1 .1312941E+07   4000019E-01  .7408E+03  .1980E+04   .9999567  .0028022 -.0088786
T  503  1 .1306305E+07   4000009E-01 -.7073E+04  .1157E+04   .9998383 -.0179542 -.0010443
T  504  1 .1306572E+07   4000015E-01  .1755E+04 -.2473E+04   .9994817  .0130739 -.0294183
T  505  1 .1285873E+07   4000005E-01  .1139E+05  .6298E+04   .9968785  .0694487  .0375522
T  506  1 .1291194E+07   4000014E-01  .1475E+03 -.3270E+03   .9999633  .0065693  .0055084
T  507  1 .1332180E+07   4000013E-01 -.1592E+03  .4444E+04   .9995319 -.0028831  .0304574
T  508  1 .1304741E+07   4000019E-01  .1179E+04  .2958E+04   .9999914  .0024502  .0033345
T  509  1 .1334334E+07   4000018E-01  .2391E+04 -.9458E+04   .9983298  .0194466 -.0544007
T  510  1 .1322389E+07   4000021E-01 -.5520E+04  .8485E+03   .9995693 -.0292995 -.0016846
T  511  1 .1315773E+07   4000003E-01 -.3576E+04 -.2457E+04   .9993196 -.0367301 -.0033491
T  512  1 .1267704E+07   4000014E-01 -.1088E+04 -.4587E+03   .9998997 -.0099662 -.0100606
T  513  1 .1321169E+07   4000014E-01  .3878E+04  .3173E+04   .9998810  .0098351  .0118823
T  514  1 .1298181E+07   4000011E-01 -.4662E+04  .1328E+04   .9999873  .0048372  .0014325
T  515  1 .1330849E+07   4000012E-01 -.1681E+04  .2100E+04   .9995443 -.0285460 -.0098156
T  516  1 .1324535E+07   4000017E-01 -.1455E+04 -.2828E+02   .9999144 -.0046812  .0122191
T  517  1 .1295657E+07   4000009E-01 -.3565E+04 -.3413E+03   .9999553  .0045307  .0083023
T  518  1 .1294692E+07   4000016E-01  .7630E+03  .1348E+04   .9996703  .0095230  .0238467
T  519  1 .1322297E+07   4000001E-01  .6001E+04  .4766E+04   .9998126  .0147059  .0125892
T  520  1 .1323244E+07   4000021E-01  .3420E+04  .2638E+04   .9999542  .0086085  .0041887
T  521  1 .1316183E+07   4000016E-01  .7604E+04  .6598E+04   .9988191  .0328813  .0357649
T  522  1 .1294979E+07   4000017E-01  .3696E+04 -.7379E+04   .9986122  .0223231 -.0477008
T  523  1 .1288805E+07   4000002E-01 -.4846E+04 -.1215E+05   .9992206 -.0292789 -.0264742
T  524  1 .1311505E+07   4000008E-01 -.2561E+04 -.1725E+04   .9999153 -.0067763 -.0111109
T  525  1 .1337526E+07   4000018E-01 -.1112E+04  .1477E+04   .9998964 -.0132595  .0056046
T  526  1 .1339651E+07   4000016E-01 -.3475E+02  .3568E+04   .9991531  .0100054  .0399120
T  527  1 .1327400E+07   4000001E-01  .5504E+04 -.3294E+04   .9991416  .0372279 -.0181675
T  528  1 .1356578E+07   4000007E-01 -.4460E+04 -.2278E+04   .9992484 -.0387516 -.0009419
T  529  1 .1301880E+07   4000022E-01  .1723E+04  .3128E+04   .9997215  .0062400  .0227603
T  530  1 .1305743E+07   4000007E-01  .1849E+04 -.1075E+04   .9999389  .0079039  .0077251
T  531  1 .1337046E+07   4000022E-01  .6303E+04  .8395E+04   .9996699  .0169511  .0193080
T  532  1 .1297443E+07   4000015E-01 -.3966E+04  .1325E+03   .9999593 -.0087310  .0022889
T  533  1 .1358211E+07   4000008E-01 -.4208E+04  .4152E+04   .9990038 -.0439468  .0077573
T  534  1 .1298109E+07   4000010E-01 -.4983E+04 -.2426E+04   .9998089 -.0180261 -.0075620
T  535  1 .1286532E+07   4000015E-01  .2031E+04 -.3649E+04   .9999700  .0059626 -.0049523
T  536  1 .1323204E+07   4000013E-01  .6679E+03 -.8401E+03   .9998937  .0104158 -.0102071
T  537  1 .1309064E+07   4000018E-01  .2626E+04  .4556E+04   .9994265  .0170082  .0292797
T  538  1 .1295652E+07   4000015E-01  .8260E+03 -.2086E+04   .9999321  .0102463 -.0055554
T  539  1 .1309837E+07   4000018E-01  .9563E+04  .1294E+05   .9974898  .0308474  .0637385
T  540  1 .1291747E+07   4000008E-01 -.2968E+04 -.5918E+03   .9998459 -.0110911 -.0136110
T  541  1 .1302601E+07   4000013E-01 -.1849E+04 -.1192E+04   .9998833  .0133391 -.0074466
T  542  1 .1326556E+07   4000018E-01  .4687E+03 -.4359E+04   .9998862  .0034313 -.0146925
T  543  1 .1292366E+07   4000021E-01 -.3761E+04  .1533E+04   .9996697 -.0168012  .0194501
T  544  1 .1288849E+07   4000016E-01 -.7632E+04  .8186E+04   .9989779 -.0269794  .0362664
T  545  1 .1305545E+07   4000014E-01  .3354E+04 -.2263E+04   .9999032  .0000621  .0139145
T  546  1 .1272355E+07   4000013E-01  .3073E+04 -.7087E+03   .9998942  .0099856 -.0105773
T  547  1 .1316957E+07   4000011E-01 -.2358E+04  .4066E+04   .9999339 -.0097933  .0060181
T  548  1 .1318249E+07   4000018E-01 -.4093E+04 -.3345E+04   .9998711 -.0105100 -.0121351
T  549  1 .1334583E+07   4000019E-01 -.1450E+04 -.1677E+04   .9999319 -.0063906 -.0097660
T  550  1 .1348360E+07   4000001E-01  .1146E+04 -.1822E+04   .9997502  .0163149 -.0152732
T  551  1 .1344697E+07   4000021E-01  .1040E+04  .5889E+04   .9996123  .0008474  .0278295
T  552  1 .1292553E+07   4000017E-01 -.1071E+04 -.3037E+03   .9998363 -.0048463  .0174309
T  553  1 .1303876E+07   4000005E-01 -.1806E+04 -.1783E+04   .9997839 -.0182317 -.0099834
T  554  1 .1355479E+07   4000004E-01 -.8853E+03 -.3770E+04   .9994712  .0131737 -.0297299
T  555  1 .1346125E+07   4000018E-01  .7800E+04 -.5539E+03   .9997570  .0220359 -.0005798
T  556  1 .1324341E+07   4000001E-01 -.2330E+04 -.5236E+03   .9989844 -.0413699 -.0178545
T  557  1 .1308858E+07   4000008E-01 -.8699E+03 -.1061E+03   .9999317 -.0009190 -.0116554
T  558  1 .1323533E+07   4000008E-01 -.3129E+03 -.3007E+04   .9997005 -.0133084 -.0205392
T  559  1 .1343578E+07   4000019E-01  .1370E+04 -.2657E+04   .9998035  .0196507 -.0026132
T  560  1 .1337183E+07   4000013E-01 -.2836E+04  .1012E+04   .9994672 -.0319140  .0068398
T  561  1 .1332729E+07   4000017E-01  .3598E+04 -.3712E+04   .9999146  .0115873 -.0060435
T  562  1 .1325186E+07   4000021E-01 -.1116E+05  .5066E+03   .9984113 -.0456360  .0330483
T  563  1 .1307371E+07   4000017E-01 -.1748E+04 -.5057E+04   .9995281 -.0203455 -.0230126
T  564  1 .1293873E+07   4000015E-01  .4005E+04 -.7830E+03   .9994270  .0337623  .0024060
T  565  1 .1320387E+07   4000004E-01 -.4040E+04 -.1731E+04   .9998597 -.0167478  .0002095
T  566  1 .1298227E+07   4000009E-01 -.1415E+04  .2453E+04   .9999222 -.0096388  .0079158
T  567  1 .1328889E+07   4000009E-01  .1480E+04 -.3502E+04   .9993024  .0319666 -.0193075
T  568  1 .1311131E+07   4000002E-01 -.1426E+04 -.7887E+03   .9999221  .0017341 -.0123575
T  569  1 .1303637E+07   4000015E-01  .3238E+04  .3688E+04   .9999786  .0051670  .0040040
T  570  1 .1324252E+07   4000018E-01 -.6785E+03  .4527E+04   .9987506  .0208332  .0454226
T  571  1 .1318728E+07   4000017E-01 -.1101E+04 -.4694E+04   .9997693  .0035648 -.0211809
T  572  1 .1314020E+07   4000021E-01  .4741E+04  .5930E+03   .9995379  .0298120  .0059313
T  573  1 .1309110E+07   4000003E-01  .2430E+04  .3484E+04   .9999000 -.0009840  .0141049
T  574  1 .1317730E+07   4000022E-01 -.1627E+04 -.3448E+04   .9998047  .0158049 -.0118684
T  575  1 .1319949E+07   4000003E-01  .8020E+03 -.7833E+03   .9999956 -.0011143 -.0027548
T  576  1 .1319587E+07   4000013E-01  .3398E+04  .3461E+04   .9999424  .0004127  .0107245
T  577  1 .1310423E+07   4000015E-01 -.5482E+04  .1470E+04   .9992566 -.0383037 -.0043625
T  578  1 .1301534E+07   4000013E-01 -.3376E+04 -.2808E+04   .9998931 -.0128420 -.0069912
T  579  1 .1283454E+07   4000002E-01 -.5521E+02  .2232E+04   .9998955  .0112415  .0090854
T  580  1 .1336035E+07   4000020E-01 -.6488E+04 -.6700E+03   .9998181 -.0189361 -.0022767
T  581  1 .1298113E+07   4000014E-01 -.2310E+04 -.1461E+04   .9999458 -.0102527 -.0018116
T  582  1 .1312583E+07   4000010E-01 -.5005E+03 -.2969E+04   .9998896  .0000413 -.0148598
T  583  1 .1321541E+07   4000011E-01 -.3339E+04 -.6279E+03   .9999612 -.0085030 -.0023173
T  584  1 .1295402E+07   4000014E-01 -.4090E+03  .3905E+04   .9999631  .0040698  .0075682
T  585  1 .1311330E+07   4000012E-01  .3112E+04 -.8256E+03   .9998776  .0156425  .0003218
T  586  1 .1337119E+07   4000000E-01  .6711E+04  .1391E+04   .9990829  .0383454  .0190543
T  587  1 .1311337E+07   4000004E-01  .1019E+04 -.2920E+04   .9998454  .0100225 -.0144483
T  588  1 .1330877E+07   4000021E-01 -.1667E+05  .1507E+04   .9972265 -.0738390  .0093285
T  589  1 .1303053E+07   4000004E-01  .8507E+04 -.3568E+05   .9956644  .0152153 -.0917652
T  590  1 .1318517E+07   4000015E-01  .1523E+05  .3680E+03   .9975843  .0685584  .0111926
T  591  1 .1290543E+07   4000019E-01 -.1066E+02  .1914E+04   .9999210  .0121665 -.0031473
T  592  1 .1315773E+07   4000010E-01 -.5114E+04  .1941E+04   .9995555 -.0190045  .0229717
T  593  1 .1317148E+07   4000006E-01 -.1529E+04  .2668E+04   .9997837  .0063821  .0197956
T  594  1 .1325746E+07   4000000E-01  .2147E+05  .3637E+05   .9831539  .0965241  .1552143
T  595  1 .1287864E+07   4000022E-01 -.1686E+04  .4153E+04   .9999748  .0069768  .0013011
T  596  1 .1283252E+07   4000008E-01  .1302E+04 -.1100E+04   .9998863  .0035415 -.0146565
T  597  1 .1313488E+07   4000011E-01  .2493E+04 -.5788E+04   .9997864  .0047483 -.0201153
T  598  1 .1328955E+07   4000019E-01 -.6687E+04 -.4953E+04   .9944613 -.0844880  .0625178
T  599  1 .1306182E+07   4000012E-01  .5281E+04 -.3015E+04   .9999090  .0096798 -.0093935
T  600  1 .1266232E+07   4000018E-01 -.7869E+04  .5234E+03   .9985557 -.0527392  .0102533
T  601  1 .1327593E+07   4000012E-01  .6519E+04  .7369E+04   .9975280  .0519918  .0472736
T  602  1 .1283962E+07   4000006E-01 -.1039E+04 -.1428E+04   .9992557 -.0367186 -.0118244
T  603  1 .1309816E+07   4000001E-01  .3416E+04  .2570E+04   .9995551  .0129065  .0268905
T  604  1 .1287143E+07   4000011E-01  .4044E+05 -.1558E+05   .9895461  .1304174 -.0615619
T  605  1 .1336273E+07   4000022E-01  .4934E+04 -.5739E+04   .9991804  .0220978 -.0339156
T  606  1 .1329314E+07   4000018E-01 -.2740E+04  .3896E+04   .9994416 -.0113968  .0314100
T  607  1 .1330130E+07   4000017E-01  .3346E+04 -.1196E+04   .9998328  .0061369 -.0172249
T  608  1 .1286041E+07   4000021E-01  .2410E+04  .1096E+04   .9996919  .0232511  .0086910
T  609  1 .1262845E+07   4000017E-01 -.3417E+04  .2944E+04   .9996928 -.0228925  .0094965
T  610  1 .1360315E+07   4000015E-01 -.1814E+04  .1859E+04   .9998491 -.0169572  .0037640
T  611  1 .1314828E+07   4000001E-01 -.6103E+04 -.5717E+03   .9993588 -.0358015 -.0004438
T  612  1 .1310212E+07   4000001E-01 -.4073E+04 -.3498E+04   .9996183 -.0224331 -.0161278
T  613  1 .1317308E+07   4000022E-01  .9611E+03 -.1066E+04   .9997073 -.0041036 -.0238433
T  614  1 .1298154E+07   4000015E-01  .4959E+03 -.3651E+04   .9997383  .0065320 -.0219246
T  615  1 .1302626E+07   4000022E-01  .4785E+04 -.4351E+04   .9999915 -.0026782 -.0031319
T  616  1 .1305566E+07   4000007E-01  .3023E+04 -.5441E+02   .9998601  .0166862  .0011828
T  617  1 .1310679E+07   4000000E-01  .4003E+04 -.5439E+04   .9990917  .0123812 -.0407747
T  618  1 .1324416E+07   4000017E-01  .3384E+04 -.1853E+04   .9998216  .0185740 -.0034343
T  619  1 .1311209E+07   4000023E-01 -.3422E+04 -.2641E+04   .9994328 -.0207817 -.0264986
T  620  1 .1307732E+07   4000021E-01 -.8353E+04  .1285E+05   .9993085 -.0219438  .0300155
T  621  1 .1284990E+07   4000022E-01  .8493E+04 -.3171E+03   .9985017  .0525919 -.0151150
T  622  1 .1319195E+07   4000008E-01  .1251E+04  .4474E+04   .9993702  .0186399  .0301944
T  623  1 .1331200E+07   4000015E-01 -.6474E+04  .3748E+04   .9999033 -.0122654 -.0065469
T  624  1 .1305492E+07   4000010E-01 -.5520E+04  .6036E+04   .9989080 -.0169878  .0435215
T  625  1 .1299821E+07   4000012E-01  .9306E+04 -.1295E+04   .9984523  .0545068 -.0110447
T  626  1 .1357212E+07   4000021E-01  .4208E+04 -.1635E+04   .9999646  .0044570 -.0071392
T  627  1 .1273233E+07   4000020E-01  .2013E+04 -.8616E+03   .9999628  .0086245  .0001454
T  628  1 .1312109E+07   4000018E-01  .6295E+04  .6535E+03   .9996609  .0247629 -.0080539
T  629  1 .1282655E+07   4000009E-01 -.2999E+04  .2663E+04   .9999619 -.0082717  .0028056
T  630  1 .1340977E+07   4000011E-01 -.4985E+04  .1320E+04   .9989287 -.0413447 -.0207883
T  631  1 .1319311E+07   4000002E-01 -.1973E+03 -.3604E+03   .9999574 -.0044381 -.0080990
T  632  1 .1352574E+07   4000005E-01 -.9852E+04  .2460E+04   .9992307 -.0359744  .0156169
T  633  1 .1303155E+07   4000018E-01 -.1176E+04 -.3168E+04   .9983021  .0290737 -.0504750
T  634  1 .1362395E+07   4000009E-01  .6455E+04  .5404E+04   .9992580  .0164982  .0348039
T  635  1 .1357286E+07   4000002E-01  .3295E+04 -.6083E+03   .9999353  .0113744  .0002115
T  636  1 .1284674E+07   4000011E-01 -.3564E+04 -.1770E+04   .9984233 -.0487695 -.0277912
T  637  1 .1311395E+07   4000022E-01  .3214E+04 -.3913E+04   .9995974  .0283612 -.0007904
T  638  1 .1315263E+07   4000003E-01  .7154E+03  .2399E+04   .9996706  .0198584  .0162558
T  639  1 .1328500E+07   4000021E-01 -.3666E+04 -.1638E+04   .9998738 -.0135350 -.0083150
T  640  1 .1335359E+07   4000022E-01 -.2322E+04  .2666E+02   .9998919 -.0015770  .0146188
T  641  1 .1292843E+07   4000001E-01  .2655E+04 -.3968E+04   .9997447  .0107882 -.0198556
T  642  1 .1301526E+07   4000013E-01  .1740E+04  .3028E+04   .9998930 -.0009619  .0145978
T  643  1 .1330981E+07   4000009E-01  .1960E+04 -.6122E+04   .9997405 -.0047923 -.0222723
T  644  1 .1312536E+07   4000015E-01 -.5059E+04  .8369E+04   .9993666 -.0034395  .0354204
T  645  1 .1287009E+07   4000018E-01  .3189E+03  .5266E+02   .9998947  .0140621  .0035923
T  646  1 .1293995E+07   4000019E-01 -.4736E+04 -.4738E+04   .9949824 -.1000495  .0003867
T  647  1 .1306032E+07   4000006E-01  .7853E+03 -.3727E+04   .9999690 -.0077414 -.0014351
T  648  1 .1293900E+07   4000000E-01 -.3803E+04 -.2822E+05   .9817850 -.0517774 -.1828042
T  649  1 .1324191E+07   4000004E-01  .2137E+03  .8981E+03   .9999107  .0132199 -.0019701
T  650  1 .1353708E+07   4000002E-01 -.3691E+04  .4031E+04   .9997326 -.0197704  .0119936
T  651  1 .1341048E+07   4000017E-01 -.1328E+04 -.1451E+04   .9998569 -.0128145 -.0110450
T  652  1 .1325795E+07   4000013E-01 -.2748E+04  .6308E+03   .9999679  .0003787  .0080056
T  653  1 .1313199E+07   4000023E-01 -.4827E+04 -.5956E+04   .9992156 -.0299205 -.0259429
T  654  1 .1287959E+07   4000005E-01 -.7064E+03 -.4732E+04   .9999129 -.0017284 -.0130857
T  655  1 .1313465E+07   4000019E-01 -.9989E+03  .1131E+04   .9998399 -.0138022  .0113833
T  656  1 .1360382E+07   4000018E-01  .5642E+04 -.1709E+04   .9992688  .0382017  .0015961
T  657  1 .1306238E+07   4000000E-01  .3752E+04 -.5301E+03   .9995664  .0292615  .0032843
T  658  1 .1263670E+07   4000022E-01 -.8918E+04  .6666E+04   .9991364 -.0274669  .0311772
T  659  1 .1306060E+07   4000017E-01  .1223E+04  .3668E+04   .9998770  .0086460  .0130823
T  660  1 .1298699E+07   4000017E-01  .1770E+05 -.7201E+04   .9981515  .0586493 -.0159341
T  661  1 .1297412E+07   4000009E-01  .2713E+04 -.2086E+04   .9999529  .0071009 -.0066203
T  662  1 .1288489E+07   4000012E-01 -.4255E+04  .2250E+04   .9997185 -.0019559  .0236449
T  663  1 .1281545E+07   4000019E-01  .5921E+04 -.2375E+04   .9993423  .0297147 -.0207857
T  664  1 .1272156E+07   4000019E-01 -.1348E+04  .1317E+04   .9999405 -.0027798 -.0105467
T  665  1 .1309187E+07   4000005E-01  .2871E+04 -.3945E+04   .9997612  .0105874 -.0191181
T  666  1 .1305803E+07   4000022E-01 -.8774E+04 -.6817E+04   .9988199 -.0470438 -.0120675
T  667  1 .1337419E+07   4000021E-01 -.1026E+05 -.1437E+05   .9992849 -.0280941 -.0253075
T  668  1 .1299660E+07   4000015E-01  .3496E+04  .9018E+04   .9976394  .0486015  .0485123
T  669  1 .1329645E+07   4000012E-01 -.2359E+03 -.1615E+04   .9999135 -.0030137 -.0128032
T  670  1 .1288971E+07   4000006E-01 -.8831E+04 -.1300E+04   .9988117 -.0451130 -.0184413
T  671  1 .1294934E+07   4000008E-01  .4223E+04 -.1130E+04   .9998191  .0143027 -.0125415
T  672  1 .1316342E+07   4000017E-01 -.5187E+04 -.1744E+03   .9988407 -.0421656 -.0232233
T  673  1 .1255960E+07   4000005E-01 -.2069E+05 -.1363E+04   .9980434 -.0625243 -.0003266
T  674  1 .1280307E+07   4000013E-01 -.7493E+03 -.5769E+03   .9998979 -.0043811 -.0136036
T  675  1 .1318965E+07   4000014E-01 -.2852E+04 -.6747E+04   .9998726 -.0146329 -.0063765
T  676  1 .1334835E+07   4000021E-01  .1193E+04  .6007E+04   .9999233 -.0046968  .0114589
T  677  1 .1284909E+07   4000012E-01 -.6425E+04 -.1610E+04   .9996568 -.0204418 -.0163833
T  678  1 .1322293E+07   4000019E-01 -.4914E+04 -.9764E+04   .9987706 -.0359335 -.0341486
T  679  1 .1301533E+07   4000020E-01  .2198E+04 -.1370E+05   .9995597  .0118502 -.0272011
T  680  1 .1356362E+07   4000019E-01  .4293E+04  .8395E+02   .9996920  .0237657  .0071477
T  681  1 .1305141E+07   4000005E-01 -.9266E+03  .1980E+04   .9988814  .0263133  .0392876
T  682  1 .1339039E+07   4000008E-01 -.7965E+03  .5811E+04   .9996780  .0011218  .0253489
T  683  1 .1273800E+07   4000022E-01  .2081E+05 -.3618E+04   .9892555  .1437203 -.0267953
T  684  1 .1296456E+07   4000007E-01 -.5352E+04 -.3392E+04   .9997131 -.0236121 -.0040163
T  685  1 .1307296E+07   4000005E-01  .1031E+04  .5978E+04   .9990193 -.0109193  .0429090
T  686  1 .1335664E+07   4000012E-01 -.1577E+04 -.3296E+04   .9998751 -.0143153 -.0066985
T  687  1 .1287699E+07   4000020E-01 -.6629E+04  .7075E+04   .9984501 -.0451898  .0324846
T  688  1 .1283044E+07   4000022E-01 -.3277E+04  .4131E+03   .9998484 -.0151807  .0085248
T  689  1 .1297500E+07   4000015E-01  .8777E+04 -.3879E+04   .9998833 -.0002591 -.0152728
T  690  1 .1286813E+07   4000010E-01  .1904E+04 -.1183E+04   .9997470  .0079339  .0210456
T  691  1 .1298843E+07   4000015E-01 -.3197E+03  .3783E+04   .9996292  .0009994  .0272100
T  692  1 .1284149E+07   4000014E-01 -.4292E+04  .2534E+04   .9991044 -.0331548  .0262913
T  693  1 .1307995E+07   4000002E-01 -.7028E+04  .5409E+04   .9996775 -.0130571  .0217822
T  694  1 .1290097E+07   4000001E-01  .8173E+04  .5219E+04   .9992560  .0371442  .0103842
T  695  1 .1304679E+07   4000018E-01  .1540E+03  .2256E+04   .9993009 -.0157231  .0339187
T  696  1 .1342104E+07   4000016E-01 -.3764E+04 -.2849E+04   .9995773 -.0141285 -.0254107
T  697  1 .1268948E+07   4000009E-01  .1361E+04 -.9622E+03   .9997634  .0137641  .0168438
T  698  1 .1318496E+07   4000019E-01 -.5460E+04  .7279E+04   .9992488 -.0186377  .0339790
T  699  1 .1283524E+07   4000009E-01  .1093E+04 -.2315E+04   .9998065 -.0139999 -.0138175
T  700  1 .1338886E+07   4000000E-01 -.7219E+04 -.1942E+04   .9997933 -.0198772 -.0042765
T  701  1 .1329468E+07   4000020E-01  .3516E+04  .4216E+04   .9997128  .0063085  .0231185
T  702  1 .1287579E+07   4000012E-01  .1818E+04 -.4047E+04   .9999446  .0104488 -.0012744
T  703  1 .1338187E+07   4000013E-01 -.4788E+04  .6740E+04   .9983111 -.0398340  .0422869
T  704  1 .1295463E+07   4000022E-01 -.1099E+04  .1879E+03   .9998285 -.0062100 -.0174478
T  705  1 .1309103E+07   4000007E-01 -.6671E+04  .1599E+04   .9995760 -.0285672  .0056321
T  706  1 .1305606E+07   4000018E-01 -.2456E+04  .1472E+03   .9999377  .0052990  .0098208
T  707  1 .1300446E+07   4000020E-01 -.2370E+04  .1628E+04   .9997743  .0196429  .0080942
T  708  1 .1304834E+07   4000014E-01 -.4475E+04  .2046E+04   .9999196 -.0019152  .0125370
T  709  1 .1285907E+07   4000013E-01  .2671E+03  .8882E+03   .9999306 -.0097992  .0065446
T  710  1 .1260586E+07   4000015E-01 -.2597E+03  .3011E+04   .9992399  .0268897  .0282244
T  711  1 .1342761E+07   4000015E-01  .2249E+04  .6716E+03   .9996995  .0244985  .0008263
T  712  1 .1336108E+07   4000001E-01 -.8787E+03  .4584E+04   .9997604 -.0089810  .0199622
T  713  1 .1342509E+07   4000014E-01  .5092E+02  .4643E+04   .9988734  .0094080  .0465116
T  714  1 .1308715E+07   4000009E-01 -.5962E+04  .3975E+04   .9995501 -.0256943  .0154747
T  715  1 .1346400E+07   4000017E-01  .7253E+03  .4229E+04   .9996340  .0030760  .0268761
T  716  1 .1298493E+07   4000000E-01  .8014E+04 -.2904E+04   .9994096  .0340478 -.0045988
T  717  1 .1334370E+07   4000022E-01  .1030E+04 -.9192E+04   .9988251 -.0179634 -.0450086
T  718  1 .1311503E+07   4000010E-01 -.2796E+04 -.3256E+04   .9997887 -.0127105 -.0161576
T  719  1 .1319801E+07   4000004E-01  .1708E+04 -.1069E+03   .9996117  .0263992 -.0089153
T  720  1 .1316176E+07   4000020E-01 -.8558E+04  .5387E+04   .9986847 -.0373950  .0350777
T  721  1 .1303505E+07   4000003E-01 -.7752E+03 -.1296E+04   .9998314 -.0079411 -.0165590
T  722  1 .1351897E+07   4000018E-01 -.5917E+03 -.2279E+04   .9998000  .0198806 -.0021914
T  723  1 .1313278E+07   4000019E-01  .5276E+04  .3793E+04   .9995718  .0195472  .0217736
T  724  1 .1317240E+07   4000002E-01  .5704E+01  .2206E+03   .9999523 -.0093212  .0029291
T  725  1 .1306402E+07   4000022E-01 -.1315E+04  .3258E+04   .9998594 -.0099146  .0135214
T  726  1 .1314801E+07   4000015E-01  .1548E+04 -.5114E+04   .9991881 -.0071452 -.0396501
T  727  1 .1151383E+07   4000005E-01  .1857E+06  .5107E+05   .8865019  .4480808  .1154903
T  728  1 .1283397E+07   4000016E-01 -.9989E+03  .1493E+04   .9998702 -.0156062  .0040152
T  729  1 .1303379E+07   4000007E-01  .5301E+04  .4079E+04   .9991634  .0294624  .0283643
T  730  1 .1323271E+07   4000014E-01 -.1508E+04  .6685E+04   .9995257 -.0069656  .0299964
T  731  1 .1258517E+07   4000020E-01 -.2787E+04  .2905E+04   .9997794 -.0209979 -.0004581
T  732  1 .1291388E+07   4000001E-01  .4193E+04 -.8775E+03   .9994664  .0291769 -.0146851
T  733  1 .1338251E+07   4000006E-01 -.9913E+03  .1774E+04   .9999497  .0056677  .0082787
T  734  1 .1286110E+07   4000014E-01 -.4168E+02  .8320E+03   .9998764 -.0113855 -.0108431
T  735  1 .1295106E+07   4000001E-01  .3020E+03 -.3652E+03   .9997929 -.0203204 -.0011087
T  736  1 .1290364E+07   4000004E-01  .3046E+03 -.6599E+04   .9995346 -.0090664 -.0291266
T  737  1 .1271050E+07   4000013E-01  .2170E+04  .8527E+03   .9996442  .0238225  .0119987
T  738  1 .1317523E+07   4000013E-01  .4242E+03  .1005E+04   .9998677 -.0004506 -.0162572
T  739  1 .1269750E+07   4000002E-01 -.1922E+04  .2308E+04   .9998337 -.0172864  .0058178
T  740  1 .1325652E+07   4000022E-01  .1973E+04  .1831E+04   .9997104  .0050614  .0235257
T  741  1 .1328064E+07   4000003E-01  .3498E+04 -.2392E+03   .9999685  .0077410  .0017528
T  742  1 .1344755E+07   4000007E-01  .2738E+03  .1755E+04   .9998467 -.0078948  .0156290
T  743  1 .1279190E+07   4000004E-01 -.1282E+05 -.8819E+04   .9982678 -.0537983 -.0238144
T  744  1 .1323288E+07   4000022E-01 -.6197E+03 -.1956E+04   .9994915  .0024269 -.0317941
T  745  1 .1339194E+07   4000001E-01  .4239E+04 -.2657E+04   .9996877  .0013734 -.0249515
T  746  1 .1346205E+07   4000010E-01 -.4464E+02  .9342E+03   .9997534 -.0170616  .0142157
T  747  1 .1328940E+07   4000018E-01 -.3730E+04  .3290E+04   .9990455 -.0279192  .0335945
T  748  1 .1315720E+07   4000012E-01  .5574E+04  .5962E+04   .9995544  .0253481  .0157644
T  749  1 .1299025E+07   4000022E-01 -.4438E+04  .1378E+04   .9997434 -.0216071  .0068013
T  750  1 .1312144E+07   4000017E-01  .1795E+03 -.5136E+04   .9996275  .0071224 -.0263469
T  751  1 .1303156E+07   4000005E-01  .6318E+04  .2533E+04   .9996778  .0233829  .0098775
T  752  1 .1334645E+07   4000006E-01 -.4191E+04 -.1046E+05   .9956117 -.0408459 -.0841954
T  753  1 .1311157E+07   4000014E-01 -.1242E+05 -.2787E+04   .9984565 -.0519228 -.0197125
T  754  1 .1323174E+07   4000013E-01 -.2557E+04 -.1528E+04   .9999617  .0087511 -.0003058
T  755  1 .1308158E+07   4000009E-01 -.3510E+04 -.5248E+03   .9998638 -.0159007  .0044213
T  756  1 .1343006E+07   4000018E-01  .1420E+04  .9755E+04   .9995687  .0033722  .0291741
T  757  1 .1284734E+07   4000022E-01 -.1013E+04 -.1100E+04   .9999399 -.0083896  .0070532
T  758  1 .1299461E+07   4000012E-01 -.2115E+04  .9678E+03   .9997766 -.0210770  .0016149
T  759  1 .1306600E+07   4000022E-01  .9731E+04 -.7141E+04   .9988158  .0418917 -.0247387
T  760  1 .1312355E+07   4000022E-01 -.8116E+03 -.3166E+04   .9998502  .0115811 -.0128651
T  761  1 .1306169E+07   4000002E-01  .1247E+04 -.1790E+04   .9997352  .0035012 -.0227430
T  762  1 .1307476E+07   4000003E-01 -.2290E+05  .2703E+03   .9979035 -.0647093 -.0011486
T  763  1 .1309779E+07   4000013E-01 -.1234E+04 -.4938E+04   .9997546 -.0112982 -.0190552
T  764  1 .1298206E+07   4000018E-01 -.3776E+04 -.3512E+04   .9998905 -.0147736  .0008779
T  765  1 .1328843E+07   4000016E-01  .1046E+04 -.2505E+04   .9998813 -.0063326 -.0140423
T  766  1 .1312152E+07   4000002E-01 -.4059E+04 -.4845E+03   .9988389 -.0470376  .0104075
T  767  1 .1285019E+07   4000011E-01 -.6753E+04  .3189E+04   .9989988 -.0411733  .0174982
T  768  1 .1309416E+07   4000021E-01 -.1419E+03  .6259E+03   .9993175  .0197492  .0312155
T  769  1 .1343146E+07   4000008E-01  .1427E+04  .1207E+03   .9998332 -.0013456  .0182120
T  770  1 .1301969E+07   4000010E-01  .2467E+05 -.5115E+04   .9981163  .0599987 -.0128084
T  771  1 .1344759E+07   4000019E-01 -.1905E+04 -.3085E+03   .9997545 -.0084395 -.0204890
T  772  1 .1285743E+07   4000014E-01 -.4473E+04 -.4119E+04   .9986000 -.0469476 -.0243706
T  773  1 .1360007E+07   4000013E-01  .5446E+04 -.6308E+04   .9989966  .0401930 -.0197547
T  774  1 .1302982E+07   4000016E-01  .1301E+04 -.1874E+04   .9998958  .0127738 -.0067221
T  775  1 .1306321E+07   4000003E-01  .4979E+04 -.2795E+04   .9998265  .0157895 -.0098860
T  776  1 .1318238E+07   4000013E-01  .7328E+04 -.3136E+04   .9988286  .0480716 -.0055206
T  777  1 .1321806E+07   4000008E-01  .1254E+04 -.4650E+03   .9999259  .0117180  .0032987
T  778  1 .1309658E+07   4000020E-01  .1121E+04  .3887E+04   .9988913  .0195201  .0428386
T  779  1 .1316614E+07   4000018E-01 -.3360E+05 -.5081E+04   .9929671 -.1177506 -.0122964
T  780  1 .1317408E+07   4000011E-01  .1259E+04 -.2746E+04   .9997262  .0028121 -.0232289
T  781  1 .1332150E+07   4000016E-01  .9301E+04  .3162E+04   .9975895  .0646830  .0251266
T  782  1 .1279733E+07   4000004E-01 -.1599E+01  .2533E+03   .9991690 -.0055664  .0403781
T  783  1 .1305888E+07   4000018E-01  .2637E+04  .1046E+04   .9992830  .0378614  .0002502
T  784  1 .1300287E+07   4000020E-01  .1867E+04  .1707E+04   .9997329 -.0072909  .0219304
T  785  1 .1306635E+07   4000016E-01  .1327E+04  .7770E+03   .9998197  .0126599  .0141558
T  786  1 .1313083E+07   4000014E-01 -.3903E+04  .1302E+02   .9990809 -.0260930 -.0340070
T  787  1 .1344531E+07   4000003E-01  .1245E+04  .4463E+04   .9996233 -.0107008  .0252725
T  788  1 .1296758E+07   4000016E-01  .5495E+04 -.2826E+04   .9997863  .0135943 -.0155747
T  789  1 .1324180E+07   4000008E-01  .2903E+04  .2312E+04   .9999424  .0058947  .0089723
T  790  1 .1295486E+07   4000006E-01 -.6919E+04 -.5262E+03   .9979807 -.0551664 -.0314835
T  791  1 .1326137E+07   4000019E-01 -.5047E+04  .1254E+05   .9982371 -.0147851  .0574819
T  792  1 .1286022E+07   4000007E-01  .2581E+05  .5668E+04   .9837286  .1771138  .0301457
T  793  1 .1308253E+07   4000008E-01 -.2624E+04 -.1992E+03   .9996985 -.0232680  .0078484
T  794  1 .1286528E+07   4000018E-01  .1816E+04 -.9799E+03   .9999291  .0063465 -.0100799
T  795  1 .1277078E+07   4000007E-01  .1732E+04 -.1343E+05   .9958629  .0116768 -.0901154
T  796  1 .1303624E+07   4000015E-01 -.1282E+04  .7480E+03   .9996870 -.0230394  .0097556
T  797  1 .1287283E+07   4000013E-01 -.3348E+04  .2943E+04   .9998944 -.0016873 -.0144362
T  798  1 .1308169E+07   4000020E-01 -.5370E+04 -.3999E+04   .9966724 -.0801917 -.0146110
T  799  1 .1283583E+07   4000017E-01 -.4617E+04 -.1995E+05   .9967470 -.0251639 -.0765651
T  800  1 .1328477E+07   4000022E-01 -.1309E+04  .9520E+03   .9996722 -.0191967 -.0169381
T  801  1 .1303135E+07   4000015E-01 -.2616E+04  .5352E+04   .9997259 -.0132738  .0192836
T  802  1 .1305818E+07   4000017E-01  .6473E+04  .2607E+04   .9994024  .0295544  .0179286
T  803  1 .1301035E+07   4000014E-01 -.6341E+04  .6093E+04   .9998055 -.0013813  .0196737
T  804  1 .1318849E+07   4000017E-01  .3265E+04  .8248E+03   .9999019  .0114075 -.0081247
T  805  1 .1292700E+07   4000002E-01 -.4211E+04 -.2172E+04   .9996664 -.0246345  .0077617
T  806  1 .1314540E+07   4000019E-01  .6204E+03 -.1233E+04   .9998701 -.0155254 -.0043371
T  807  1 .1323814E+07   4000005E-01  .1371E+04  .6087E+04   .9991284  .0122890  .0398925
T  808  1 .1334915E+07   4000017E-01 -.1369E+04  .3513E+03   .9998424 -.0076102  .0160375
T  809  1 .1303073E+07   4000018E-01 -.3108E+04  .7584E+04   .9995415 -.0099772  .0285871
T  810  1 .1327237E+07   4000019E-01  .3818E+04  .8804E+03   .9995328  .0301852  .0048014
T  811  1 .1308863E+07   4000018E-01 -.2998E+04 -.3007E+04   .9998108  .0015919 -.0193846
T  812  1 .1288461E+07   4000004E-01  .4277E+04 -.4314E+04   .9998763  .0154379 -.0030029
T  813  1 .1332454E+07   4000020E-01  .1472E+04  .4790E+04   .9998901  .0067596  .0131935
T  814  1 .1314830E+07   4000019E-01  .2877E+04 -.1047E+03   .9991053  .0195246  .0375139
T  815  1 .1328294E+07   4000022E-01 -.1214E+04  .2366E+04   .9996339  .0049770  .0265961
T  816  1 .1275062E+07   4000014E-01 -.2381E+04 -.5385E+04   .9993854 -.0207716 -.0282367
T  817  1 .1301399E+07   4000022E-01 -.2747E+04  .6037E+03   .9999613 -.0080253 -.0036086
T  818  1 .1314808E+07   4000004E-01  .2719E+04 -.6555E+03   .9999690  .0077368 -.0014367
T  819  1 .1298890E+07   4000018E-01  .1332E+04  .3579E+04   .9997637  .0042189  .0213266
T  820  1 .1320579E+07   4000013E-01 -.3037E+04  .1624E+04   .9999584  .0075312  .0051518
T  821  1 .1320660E+07   4000007E-01 -.5459E+04  .3180E+04   .9998208 -.0187201  .0028205
T  822  1 .1315739E+07   4000014E-01 -.7845E+04 -.1053E+05   .9992376 -.0194152 -.0338711
T  823  1 .1279291E+07   4000020E-01 -.2497E+04  .3193E+04   .9993486  .0035840  .0359099
T  824  1 .1308058E+07   4000021E-01 -.6182E+03  .4789E+04   .9996621  .0012252  .0259667
T  825  1 .1362130E+07   4000000E-01 -.3941E+04 -.8671E+04   .9993050 -.0248126 -.0278184
T  826  1 .1274450E+07   4000006E-01  .3317E+04 -.8258E+04   .9985210  .0278085 -.0467178
T  827  1 .1326924E+07   4000020E-01  .8714E+03 -.8183E+03   .9998916  .0126345 -.0075652
T  828  1 .1323606E+07   4000012E-01  .4745E+03 -.2852E+04   .9996786 -.0070039 -.0243632
T  829  1 .1301104E+07   4000012E-01 -.3955E+04 -.2329E+04   .9998502 -.0171848  .0020704
T  830  1 .1294506E+07   4000016E-01  .2598E+04 -.7889E+04   .9988036  .0162119 -.0461354
T  831  1 .1308553E+07   4000018E-01  .2248E+04  .1142E+05   .9987133 -.0013401  .0506949
T  832  1 .1299423E+07   4000009E-01  .1393E+04 -.2539E+04   .9999476  .0100246 -.0020746
T  833  1 .1316527E+07   4000009E-01  .4117E+04 -.4280E+04   .9996288  .0120750 -.0244237
T  834  1 .1279362E+07   4000006E-01 -.2037E+04  .6996E+04   .9440581  .3045539 -.1264960
T  835  1 .1308221E+07   4000006E-01 -.2703E+04  .4081E+04   .9985162 -.0235926  .0490788
T  836  1 .1300689E+07   4000019E-01  .1519E+04 -.2681E+04   .9999973 -.0004216 -.0023063
T  837  1 .1288908E+07   4000000E-01  .9977E+04 -.3569E+04   .9987750  .0447384 -.0211441
T  838  1 .1295605E+07   4000013E-01 -.1103E+04 -.1265E+05   .9991482 -.0125838 -.0392997
T  839  1 .1338917E+07   4000001E-01  .6931E+03  .9149E+04   .9989652 -.0087493  .0446322
T  840  1 .1313491E+07   4000011E-01 -.1002E+05  .3756E+04   .9996458 -.0248654  .0094861
T  841  1 .1325870E+07   4000000E-01  .1029E+03  .8290E+03   .9999988 -.0006190  .0014260
T  842  1 .1298458E+07   4000016E-01 -.1918E+04 -.3450E+04   .9999978  .0020610 -.0004679
T  843  1 .1294715E+07   4000021E-01  .8357E+03  .9068E+04   .9993952  .0112159  .0329147
T  844  1 .1299107E+07   4000008E-01  .8151E+03  .1350E+04   .9998908  .0141515  .0042626
T  845  1 .1306243E+07   4000001E-01 -.3951E+04 -.2857E+04   .9998501 -.0173087  .0004596
T  846  1 .1331647E+07   4000016E-01  .2385E+04  .1683E+04   .9996737  .0050482  .0250412
T  847  1 .1300911E+07   4000013E-01 -.1372E+05 -.1813E+05   .9958089 -.0463416 -.0788484
T  848  1 .1267714E+07   4000007E-01  .9767E+04 -.5072E+04   .9995648  .0230063 -.0184639
T  849  1 .1306871E+07   4000017E-01  .5383E+04  .3091E+04   .9995605  .0283419  .0086880
T  850  1 .1318768E+07   4000013E-01  .9243E+04 -.2949E+04   .9982213  .0331125 -.0495763
T  851  1 .1324941E+07   4000013E-01  .3062E+04  .1511E+04   .9999386  .0066863  .0088346
T  852  1 .1334806E+07   4000014E-01 -.3460E+04 -.2137E+04   .9997922 -.0163363  .0121956
T  853  1 .1275808E+07   4000011E-01 -.4288E+04 -.4260E+04   .9993886 -.0221981 -.0270110
T  854  1 .1347608E+07   4000000E-01  .4307E+05  .2909E+05   .9776274  .1763517  .1146508
T  855  1 .1332029E+07   4000008E-01 -.6529E+03  .8547E+03   .9998933 -.0116919 -.0087522
T  856  1 .1345828E+07   4000020E-01  .5568E+04  .3350E+02   .9991252  .0415414 -.0048021
T  857  1 .1294131E+07   4000002E-01  .2299E+03 -.1215E+04   .9999631  .0005685  .0085745
T  858  1 .1309177E+07   4000012E-01  .4860E+04 -.3568E+04   .9994544  .0235301 -.0231777
T  859  1 .1322750E+07   4000005E-01  .3141E+04 -.7602E+04   .9996204  .0184570 -.0204526
T  860  1 .1316811E+07   4000008E-01 -.2884E+04 -.1880E+04   .9998920 -.0048507 -.0138731
T  861  1 .1332887E+07   4000019E-01  .1747E+04 -.7939E+03   .9999721 -.0069321 -.0027717
T  862  1 .1331212E+07   4000012E-01  .1939E+04  .1531E+04   .9999718  .0062711  .0041313
T  863  1 .1325192E+07   4000019E-01  .6339E+03  .2726E+04   .9999374  .0084800  .0073046
T  864  1 .1305557E+07   4000011E-01  .1661E+04  .4896E+04   .9996435  .0005229  .0266956
T  865  1 .1316129E+07   4000008E-01 -.2041E+04  .1440E+04   .9999739 -.0070408 -.0016173
T  866  1 .1280753E+07   4000009E-01  .1806E+04  .2417E+04   .9999758  .0069442  .0004421
T  867  1 .1310986E+07   4000011E-01 -.3196E+04 -.2698E+04   .9999161 -.0126074 -.0029788
T  868  1 .1354282E+07   4000021E-01  .2222E+04 -.4993E+04   .9998643  .0017420 -.0163829
T  869  1 .1311268E+07   4000018E-01 -.1710E+03 -.4518E+04   .9994876 -.0028575 -.0318793
T  870  1 .1281303E+07   4000009E-01  .1739E+04  .3484E+04   .9999281  .0112616  .0041184
T  871  1 .1348472E+07   4000012E-01 -.3925E+04 -.4237E+04   .9996455 -.0115406 -.0239931
T  872  1 .1308871E+07   4000006E-01  .1332E+04 -.3939E+04   .9991127 -.0166408 -.0386890
T  873  1 .1296923E+07   4000010E-01  .7382E+04  .5923E+03   .9998398  .0174500  .0039783
T  874  1 .1320583E+07   4000001E-01  .3400E+04  .8089E+03   .9999526  .0090766 -.0035265
T  875  1 .1320158E+07   4000012E-01  .3856E+04 -.3377E+04   .9994916  .0171296 -.0268904
T  876  1 .1258168E+07   4000004E-01 -.1887E+04  .3568E+04   .9998669 -.0091071  .0135394
T  877  1 .1342316E+07   4000011E-01 -.1889E+04  .5399E+03   .9999489 -.0092830  .0040001
T  878  1 .1308985E+07   4000020E-01  .3606E+04  .1719E+04   .9997518  .0204124  .0089241
T  879  1 .1313812E+07   4000022E-01  .1326E+04 -.1732E+04   .9994666 -.0007986 -.0326464
T  880  1 .1292575E+07   4000021E-01  .4459E+04  .1824E+04   .9997447  .0225963  .0001704
T  881  1 .1302491E+07   4000002E-01 -.2229E+04  .2766E+04   .9998232  .0087681  .0166342
T  882  1 .1308001E+07   4000022E-01 -.1252E+04  .7337E+04   .9988928  .0055131  .0467207
T  883  1 .1295729E+07   4000010E-01 -.3046E+04 -.1575E+04   .9998411 -.0176071 -.0027908
T  884  1 .1373207E+07   4000009E-01  .3841E+04 -.2083E+04   .9996146  .0226401 -.0160666
T  885  1 .1358593E+07   4000010E-01  .1703E+04  .1593E+04   .9996811  .0235577  .0090951
T  886  1 .1321317E+07   4000013E-01 -.2481E+04 -.5088E+03   .9999162 -.0062669 -.0113311
T  887  1 .1304914E+07   4000005E-01  .4319E+04  .4076E+04   .9992331  .0103561  .0377616
T  888  1 .1305599E+07   4000022E-01 -.8232E+03 -.3695E+04   .9999216  .0122647  .0025293
T  889  1 .1320937E+07   4000011E-01 -.4082E+03  .8006E+03   .9999388  .0045020  .0101049
T  890  1 .1304104E+07   4000022E-01 -.3016E+04 -.2784E+03   .9997864 -.0183220  .0095631
T  891  1 .1355233E+07   4000022E-01 -.2622E+03  .2932E+04   .9999848 -.0046858 -.0029117
T  892  1 .1315492E+07   4000023E-01  .1305E+04  .4638E+04   .9998989  .0119149  .0077581
T  893  1 .1329357E+07   4000008E-01 -.6357E+03 -.3640E+04   .9996208  .0153665 -.0228499
T  894  1 .1309909E+07   4000020E-01 -.2825E+04  .1653E+04   .9998864  .0150646  .0005148
T  895  1 .1321904E+07   4000007E-01  .2189E+03 -.3545E+03   .9998051  .0037874 -.0193733
T  896  1 .1334060E+07   4000006E-01  .4644E+04  .7483E+04   .9985497  .0247164  .0478296
T  897  1 .1305596E+07   4000012E-01  .2148E+04 -.1636E+04   .9999821  .0041276  .0043288
T  898  1 .1292647E+07   4000006E-01  .3249E+04 -.4209E+04   .9998654  .0082465 -.0141807
T  899  1 .1302285E+07   4000022E-01  .6422E+04 -.2849E+04   .9989690  .0452946 -.0030508
T  900  1 .1346032E+07   4000003E-01 -.5787E+03 -.6511E+04   .9997337  .0062504 -.0222136
T  901  1 .1338195E+07   4000005E-01  .4368E+04 -.4178E+04   .9996525  .0204641 -.0166149
T  902  1 .1284044E+07   4000010E-01  .1064E+05 -.7277E+04   .9990311  .0361750 -.0250660
T  903  1 .1288740E+07   4000016E-01 -.2103E+04 -.1840E+04   .9999456  .0000959 -.0104340
T  904  1 .1272388E+07   4000020E-01 -.1628E+04 -.3371E+04   .9998205 -.0063079 -.0178658
T  905  1 .1344637E+07   4000005E-01 -.1497E+04  .9522E+03   .9999212 -.0047200  .0116357
T  906  1 .1335750E+07   4000023E-01  .2565E+04 -.6961E+03   .9996669  .0046571 -.0253832
T  907  1 .1271863E+07   4000014E-01  .1523E+03 -.2442E+04   .9998293 -.0049620 -.0177982
T  908  1 .1291428E+07   4000022E-01 -.1206E+04  .4195E+04   .9997979 -.0193848 -.0053288
T  909  1 .1309061E+07   4000021E-01 -.3936E+03  .1575E+04   .9986357 -.0267677  .0448366
T  910  1 .1296694E+07   4000009E-01 -.2671E+04  .1400E+04   .9997896 -.0138015  .0151743
T  911  1 .1295989E+07   4000000E-01 -.1480E+03  .4031E+04   .9993262  .0161161  .0329755
T  912  1 .1299696E+07   4000007E-01 -.2026E+04 -.1420E+04   .9999811  .0061513  .0000716
T  913  1 .1291647E+07   4000003E-01  .3543E+03  .4525E+04   .9999193  .0109351  .0064598
T  914  1 .1345511E+07   4000005E-01  .4985E+03  .3094E+04   .9999801  .0062788  .0005441
T  915  1 .1268034E+07   4000018E-01  .8414E+04  .4468E+04   .9988143  .0400139  .0277302
T  916  1 .1330283E+07   4000023E-01  .5909E+03  .1668E+04   .9997728 -.0038039  .0209728
T  917  1 .1322886E+07   4000022E-01  .3157E+03 -.2213E+04   .9999428  .0077791 -.0073358
T  918  1 .1327399E+07   4000018E-01 -.3470E+03  .7154E+04   .9996659  .0179398  .0186073
T  919  1 .1292258E+07   4000016E-01 -.7374E+04 -.3710E+04   .9996171 -.0275812 -.0022261
T  920  1 .1313558E+07   4000001E-01 -.1154E+04  .9078E+03   .9999563 -.0075059  .0055771
T  921  1 .1314947E+07   4000003E-01  .3568E+04  .6032E+03   .9994563  .0328954  .0022245
T  922  1 .1322472E+07   4000017E-01  .3448E+04  .5976E+04   .9998503  .0147512  .0090468
T  923  1 .1281698E+07   4000003E-01 -.5422E+04 -.2340E+04   .9991675 -.0382827 -.0140973
T  924  1 .1326182E+07   4000014E-01  .1014E+05 -.1604E+04   .9995433  .0302174 -.0003030
T  925  1 .1289830E+07   4000022E-01  .1085E+05 -.2101E+03   .9992624  .0353697 -.0149524
T  926  1 .1310439E+07   4000017E-01  .6601E+04 -.2083E+04   .9989292  .0461729  .0029176
T  927  1 .1339227E+07   4000017E-01  .4497E+04 -.1823E+04   .9999784  .0059910 -.0027109
T  928  1 .1328482E+07   4000016E-01 -.4165E+04 -.2337E+04   .9998301  .0036676 -.0180645
T  929  1 .1315000E+07   4000003E-01 -.1344E+04 -.1198E+04   .9998156  .0096922  .0165803
T  930  1 .1298539E+07   4000018E-01 -.5858E+03  .8541E+04   .9989351  .0112384  .0447477
T  931  1 .1309785E+07   4000015E-01 -.3656E+04  .1116E+04   .9999545 -.0094892  .0009887
T  932  1 .1286633E+07   4000020E-01  .4250E+04 -.4675E+04   .9989517  .0295326 -.0349748
T  933  1 .1336800E+07   4000009E-01 -.1532E+04  .2182E+04   .9994335 -.0240020 -.0235917
T  934  1 .1322331E+07   4000017E-01  .8261E+04 -.1142E+04   .9988718  .0437744 -.0184126
T  935  1 .1291777E+07   4000014E-01 -.2144E+03 -.2200E+03   .9998446  .0002611 -.0176259
T  936  1 .1345696E+07   4000012E-01  .1209E+04 -.2504E+04   .9996710  .0217688 -.0135667
T  937  1 .1311422E+07   4000018E-01 -.2296E+02  .4605E+04   .9993740 -.0176318  .0306727
T  938  1 .1314172E+07   4000016E-01  .3591E+04 -.8523E+03   .9994927  .0318373  .0008176
T  939  1 .1306493E+07   4000014E-01  .4703E+04  .4586E+03   .9994346  .0328364 -.0072266
T  940  1 .1325565E+07   4000017E-01  .3057E+04  .1417E+04   .9998129  .0154541 -.0116322
T  941  1 .1326520E+07   4000017E-01  .7373E+04 -.1020E+05   .9977938  .0531617 -.0397671
T  942  1 .1350635E+07   4000021E-01 -.5577E+04  .1270E+04   .9996490 -.0263423  .0028185
T  943  1 .1283848E+07   4000003E-01 -.4049E+04 -.1391E+04   .9994856 -.0288400 -.0140293
T  944  1 .1309187E+07   4000019E-01  .3074E+03  .9609E+03   .9999704  .0056754  .0051901
T  945  1 .1323039E+07   4000001E-01 -.3651E+04  .2599E+04   .9995469 -.0214050  .0211641
T  946  1 .1320723E+07   4000010E-01  .4643E+04  .9441E+03   .9997338  .0196201  .0121363
T  947  1 .1314657E+07   4000019E-01  .8369E+03  .2730E+04   .9999776 -.0024950  .0062109
T  948  1 .1294042E+07   4000008E-01  .3442E+04  .4862E+04   .9994267  .0246555  .0232026
T  949  1 .1349149E+07   4000016E-01  .3955E+03 -.1297E+05   .9972206  .0103538 -.0737830
T  950  1 .1323580E+07   4000009E-01  .1103E+04 -.1036E+04   .9998669  .0160188  .0031011
T  951  1 .1277398E+07   4000015E-01 -.3582E+04  .3048E+04   .9997290 -.0066689  .0223039
T  952  1 .1325840E+07   4000022E-01 -.3046E+04  .3342E+04   .9996470 -.0173406 -.0201301
T  953  1 .1328677E+07   4000022E-01  .4694E+04 -.1382E+04   .9995946  .0260047 -.0115939
T  954  1 .1317282E+07   4000022E-01 -.2806E+03  .2738E+04   .9999977 -.0020272  .0007106
T  955  1 .1313512E+07   4000019E-01 -.4362E+04  .4899E+03   .9998112 -.0189250 -.0043961
T  956  1 .1321416E+07   4000022E-01 -.3464E+04 -.1766E+04   .9999504 -.0097916 -.0018274
T  957  1 .1318579E+07   4000008E-01 -.9828E+03  .1841E+04   .9997176  .0224116 -.0079078
T  958  1 .1320148E+07   4000003E-01  .1842E+04  .1373E+04   .9998529  .0129682  .0112222
T  959  1 .1312152E+07   4000002E-01  .2860E+04 -.6487E+03   .9999952 -.0022126  .0021748
T  960  1 .1280952E+07   4000023E-01  .5328E+04 -.4244E+04   .9995212  .0094417 -.0294641
T  961  1 .1327230E+07   4000015E-01 -.3589E+04  .1429E+04   .9998599 -.0119942  .0116798
T  962  1 .1305919E+07   4000014E-01 -.9145E+03 -.1006E+05   .9973039  .0487826 -.0548201
T  963  1 .1298430E+07   4000014E-01 -.4183E+04  .1407E+04   .9995327 -.0305263  .0016077
T  964  1 .1297260E+07   4000012E-01 -.3056E+03 -.6527E+03   .9999831  .0028685 -.0050497
T  965  1 .1292533E+07   4000011E-01 -.1684E+02 -.2615E+04   .9999794  .0062306 -.0015698
T  966  1 .1292618E+07   4000001E-01 -.6569E+04  .4422E+04   .9992445 -.0369465  .0120615
T  967  1 .1306324E+07   4000022E-01  .2592E+04  .1242E+04   .9997919  .0174777  .0105229
T  968  1 .1306292E+07   4000019E-01  .2356E+04  .1034E+02   .9991887  .0341945  .0212770
T  969  1 .1334074E+07   4000004E-01  .2005E+04 -.1014E+04   .9997503  .0169884 -.0145156
T  970  1 .1300110E+07   4000005E-01  .4923E+04  .1212E+04   .9981770  .0567440 -.0205612
T  971  1 .1315910E+07   4000002E-01 -.1432E+05  .4183E+03   .9986360 -.0486324  .0190015
T  972  1 .1350541E+07   4000016E-01  .3093E+04  .1494E+04   .9997321  .0215059  .0085624
T  973  1 .1309159E+07   4000018E-01 -.6864E+02 -.5852E+04   .9993583 -.0119939 -.0337499
T  974  1 .1325744E+07   4000006E-01  .4231E+04 -.1812E+04   .9997462  .0197173 -.0108940
T  975  1 .1318224E+07   4000011E-01 -.5229E+04  .7253E+03   .9996448 -.0264722  .0030852
T  976  1 .1285532E+07   4000007E-01 -.7958E+04  .6413E+04   .9969672 -.0647712  .0431407
T  977  1 .1304851E+07   4000011E-01  .1073E+03 -.8526E+04   .9992901  .0097549 -.0363879
T  978  1 .1298968E+07   4000022E-01 -.1025E+04  .4403E+04   .9997765 -.0060211  .0202677
T  979  1 .1292755E+07   4000008E-01  .4153E+04  .1153E+04   .9996450  .0251155  .0088975
T  980  1 .1342270E+07   4000004E-01  .7324E+03 -.8312E+04   .9995545 -.0085152 -.0286060
T  981  1 .1323021E+07   4000010E-01  .7849E+03 -.2412E+04   .9999970 -.0009401  .0022723
T  982  1 .1309973E+07   4000011E-01 -.1468E+04  .3980E+04   .9998754 -.0153553 -.0036564
T  983  1 .1263821E+07   4000006E-01  .2754E+03 -.4224E+03   .9999692  .0066535 -.0041644
T  984  1 .1317769E+07   4000017E-01  .7303E+03 -.7128E+04   .9992030 -.0035813 -.0397570
T  985  1 .1333532E+07   4000008E-01 -.2743E+04 -.2147E+04   .9999807 -.0061943  .0004539
T  986  1 .1357361E+07   4000022E-01 -.5339E+03 -.1013E+04   .9999853 -.0041634 -.0034673
T  987  1 .1268189E+07   4000013E-01 -.2092E+03  .3396E+04   .9999832 -.0036699  .0044974
T  988  1 .1295372E+07   4000013E-01 -.1231E+04 -.2584E+04   .9998618 -.0097190 -.0134910
T  989  1 .1310781E+07   4000008E-01  .4085E+04 -.3936E+04   .9987566  .0291579 -.0404365
T  990  1 .1318705E+07   4000013E-01  .2240E+04 -.4936E+04   .9997145  .0103231 -.0215476
T  991  1 .1315457E+07   4000009E-01 -.1748E+05  .1000E+05   .9988978 -.0440202  .0162938
T  992  1 .1299603E+07   4000016E-01  .2129E+04 -.7453E+03   .9997760  .0207820 -.0040118
T  993  1 .1319379E+07   4000013E-01  .2801E+04  .1461E+04   .9998989  .0142013 -.0007050
T  994  1 .1298359E+07   4000021E-01 -.3670E+04  .1066E+04   .9998699 -.0122431 -.0105015
T  995  1 .1316340E+07   4000013E-01  .4142E+04  .2294E+03   .9999468  .0103150  .0002035
T  996  1 .1278699E+07   4000020E-01  .2243E+04 -.1557E+03   .9999451  .0091682  .0050733
T  997  1 .1350942E+07   4000016E-01  .7369E+04 -.2188E+04   .9999080  .0134653 -.0016320
T  998  1 .1366397E+07   4000019E-01 -.6520E+03 -.1173E+04   .9999478 -.0058240  .0083905
T  999  1 .1298070E+07   4000006E-01  .9905E+03  .9443E+03   .9999706  .0055071  .0053291
T 1000  1 .1342242E+07   4000015E-01 -.3255E+04  .3120E+04   .9999526  .0002890  .0097271
T 1001  1 .1287826E+07   4000018E-01 -.8083E+04 -.5676E+04   .9951802 -.0980026  .0034462
T 1002  1 .1343547E+07   4000001E-01  .4639E+04  .9804E+04   .9996157  .0101728  .0257882
T 1003  1 .1303208E+07   4000022E-01  .8457E+04 -.2459E+04   .9996360  .0268500 -.0026425
T 1004  1 .1257737E+07   4000008E-01 -.2745E+04 -.1832E+04   .9997608 -.0095876 -.0196598
T 1005  1 .1307486E+07   4000006E-01  .1769E+04  .1477E+04   .9996817  .0156975  .0197531
T 1006  1 .1296133E+07   4000019E-01  .1949E+04  .1125E+04   .9998971 -.0128140  .0064556
T 1007  1 .1336878E+07   4000002E-01 -.2561E+04  .2832E+04   .9997087 -.0052913  .0235493
T 1008  1 .1293764E+07   4000020E-01 -.2420E+04  .3640E+04   .9996459 -.0008275  .0265981
T 1009  1 .1299288E+07   4000019E-01  .2673E+04 -.2674E+04   .9997465  .0133446 -.0181367
T 1010  1 .1321114E+07   4000005E-01  .1356E+04 -.2490E+04   .9998629  .0042476 -.0160030
T 1011  1 .1288224E+07   4000002E-01 -.1611E+04  .8604E+02   .9997817 -.0201978 -.0053472
T 1012  1 .1282756E+07   4000011E-01  .2524E+04 -.2583E+04   .9996644  .0210298 -.0151300
T 1013  1 .1294185E+07   4000013E-01  .9734E+04  .6568E+04   .9991193  .0168400 -.0384324
T 1014  1 .1308628E+07   4000001E-01 -.4887E+04 -.1035E+04   .9997413 -.0111144 -.0198421
T 1015  1 .1291534E+07   4000010E-01 -.3073E+04  .2253E+04   .9997140 -.0032793  .0236901
T 1016  1 .1308508E+07   4000012E-01  .6100E+04 -.8197E+03   .9998632  .0050957 -.0157384
T 1017  1 .1276536E+07   4000022E-01  .1120E+04  .5542E+03   .9996439  .0221029 -.0149487
T 1018  1 .1276164E+07   4000006E-01 -.5053E+04 -.5684E+03   .9998564 -.0163154 -.0045825
T 1019  1 .1316689E+07   4000000E-01 -.6270E+03  .1592E+05   .9985758 -.0138517  .0515218
T 1020  1 .1294913E+07   4000011E-01  .3094E+04  .9853E+04   .9989399  .0281051  .0364584
T 1021  1 .1287838E+07   4000022E-01 -.1589E+04  .4031E+04   .9998178 -.0103089  .0160649
T 1022  1 .1329699E+07   4000005E-01 -.2807E+04 -.4169E+04   .9993940 -.0131716 -.0322203
T 1023  1 .1297772E+07   4000000E-01 -.1917E+04 -.1362E+05   .9948848 -.0226056 -.0984537
T 1024  1 .1326682E+07   4000005E-01 -.5001E+03 -.3090E+03   .9999982 -.0018810  .0001971
T 1025  1 .1314757E+07   4000016E-01 -.1106E+04 -.1285E+05   .9995333 -.0171032 -.0253126
T 1026  1 .1358522E+07   4000020E-01  .1109E+04 -.4031E+04   .9993373  .0303076 -.0201618
T 1027  1 .1330294E+07   4000018E-01 -.3697E+04  .2387E+04   .9987300 -.0485524  .0134535
T 1028  1 .1298774E+07   4000008E-01 -.8304E+03 -.3106E+04   .9996822 -.0211015 -.0137921
T 1029  1 .1302560E+07   4000018E-01  .3289E+04 -.1012E+04   .9998758  .0112872  .0109999
T 1030  1 .1340684E+07   4000017E-01  .1762E+04 -.1481E+04   .9999642  .0083992  .0010680
T 1031  1 .1307929E+07   4000001E-01  .5733E+04  .5442E+03   .9998335  .0181982  .0013527
T 1032  1 .1295349E+07   4000004E-01  .1472E+05 -.1053E+05   .9930261  .1077409 -.0478652
T 1033  1 .1307556E+07   4000013E-01 -.8684E+04  .8114E+04   .9990005 -.0251609  .0369459
T 1034  1 .1314757E+07   4000001E-01 -.1491E+03  .2372E+03   .9999502  .0034872  .0093509
T 1035  1 .1302920E+07   4000022E-01 -.3255E+04  .1183E+04   .9996913 -.0213939 -.0126299
T 1036  1 .1312561E+07   4000006E-01  .4110E+04 -.2170E+04   .9995980  .0280118 -.0043824
T 1037  1 .1276128E+07   4000007E-01  .1241E+04  .6639E+04   .9996389  .0048553  .0264307
T 1038  1 .1272726E+07   4000002E-01 -.4079E+03 -.7693E+04   .9999203 -.0024442 -.0123863
T 1039  1 .1309852E+07   4000009E-01 -.1929E+04  .1203E+04   .9997920 -.0196045  .0056189
T 1040  1 .1313612E+07   4000015E-01 -.7168E+03 -.5611E+04   .9997751  .0036902 -.0208850
T 1041  1 .1324203E+07   4000007E-01  .2202E+04  .5809E+04   .9993933  .0067786  .0341636
T 1042  1 .1294404E+07   4000008E-01  .4695E+04  .1207E+04   .9978622  .0579719  .0301726
T 1043  1 .1348383E+07   4000017E-01  .1975E+04 -.4929E+04   .9994953 -.0079108 -.0307661
T 1044  1 .1309418E+07   4000011E-01  .2096E+04  .1005E+03   .9999224  .0007046  .0124369
T 1045  1 .1314891E+07   4000022E-01 -.2594E+04 -.4463E+04   .9998734 -.0090972 -.0130514
T 1046  1 .1272983E+07   4000021E-01 -.2887E+04  .3277E+04   .9994510 -.0067562  .0324343
T 1047  1 .1312023E+07   4000007E-01  .6591E+03 -.4037E+04   .9998072  .0011443 -.0196004
T 1048  1 .1304121E+07   4000019E-01  .1205E+04  .6726E+03   .9998670  .0036663 -.0158898
T 1049  1 .1311899E+07   4000013E-01 -.1756E+03  .1200E+05   .9962510 -.0136468  .0854269
T 1050  1 .1289878E+07   4000016E-01  .2077E+04 -.7696E+03   .9995705  .0115366 -.0269389
T 1051  1 .1325624E+07   4000012E-01 -.3785E+04 -.6487E+02   .9997648 -.0180127  .0120749
T 1052  1 .1336047E+07   4000004E-01  .1251E+04 -.4325E+03   .9999943  .0029086 -.0017159
T 1053  1 .1292929E+07   4000002E-01 -.1152E+03  .3240E+04   .9998848 -.0045119  .0144935
T 1054  1 .1287797E+07   4000012E-01 -.2650E+04  .5566E+04   .9997547 -.0042024  .0217480
T 1055  1 .1279771E+07   4000000E-01 -.2543E+04  .1105E+05   .9994197 -.0126333  .0316322
T 1056  1 .1273478E+07   4000006E-01  .6900E+04 -.3064E+03   .9994365  .0330475  .0058696
T 1057  1 .1321131E+07   4000017E-01  .3559E+04  .5070E+04   .9998889  .0076568  .0127916
T 1058  1 .1324468E+07   4000003E-01 -.8026E+03 -.2126E+04   .9999711 -.0040175  .0064505
T 1059  1 .1325639E+07   4000022E-01  .1362E+04  .2959E+04   .9999998  .0006336  .0001508
T 1060  1 .1311821E+07   4000013E-01 -.1224E+04  .7375E+04   .9989978 -.0121263  .0430853
T 1061  1 .1285154E+07   4000023E-01  .9959E+04 -.1103E+04   .9988762  .0464957  .0091884
T 1062  1 .1316613E+07   4000013E-01  .5493E+02  .1859E+04   .9999071  .0051335 -.0126251
T 1063  1 .1304939E+07   4000017E-01  .3390E+04  .2845E+04   .9989986  .0294754  .0336611
T 1064  1 .1336969E+07   4000001E-01  .1887E+04  .2574E+04   .9997473  .0051986  .0218697
T 1065  1 .1281865E+07   4000021E-01  .2319E+04 -.5230E+03   .9999826  .0021275  .0055014
T 1066  1 .1310123E+07   4000022E-01 -.1791E+04  .2977E+04   .9998424 -.0142777  .0105507
T 1067  1 .1330486E+07   4000007E-01  .7782E+04 -.4082E+03   .9989783  .0428877  .0142504
T 1068  1 .1288173E+07   4000012E-01  .2355E+04  .1168E+05   .9983963  .0255252  .0505302
T 1069  1 .1324301E+07   4000002E-01 -.5190E+03  .1754E+04   .9998926  .0059004  .0134171
T 1070  1 .1323070E+07   4000009E-01 -.3614E+04 -.1607E+04   .9998821 -.0138650 -.0065975
T 1071  1 .1306316E+07   4000018E-01  .3574E+04 -.5340E+04   .9994035  .0232260 -.0255560
T 1072  1 .1321093E+07   4000010E-01  .1337E+04 -.3670E+04   .9992123 -.0176629 -.0355353
T 1073  1 .1332617E+07   4000000E-01 -.4693E+04  .3072E+04   .9999492 -.0096875  .0027913
T 1074  1 .1325089E+07   4000012E-01 -.2420E+04  .6726E+03   .9998246 -.0184187  .0034047
T 1075  1 .1333030E+07   4000022E-01 -.1867E+03 -.1068E+04   .9999747  .0012390 -.0070077
T 1076  1 .1250913E+07   4000022E-01 -.3563E+04  .1741E+04   .9996349 -.0205657  .0175228
T 1077  1 .1321128E+07   4000010E-01  .1424E+03 -.3481E+04   .9994901 -.0144216 -.0284896
T 1078  1 .1307078E+07   4000017E-01  .3473E+04 -.3834E+04   .9999035  .0029805 -.0135664
T 1079  1 .1316600E+07   4000020E-01  .2997E+04 -.6161E+04   .9996527  .0132598 -.0227756
T 1080  1 .1318635E+07   4000021E-01  .1592E+03  .3205E+03   .9999989  .0013593  .0006343
T 1081  1 .1318259E+07   4000007E-01  .2926E+04 -.6396E+03   .9996793  .0230897  .0103965
T 1082  1 .1311060E+07   4000022E-01  .5397E+04  .4218E+04   .9999592  .0081794 -.0038403
T 1083  1 .1337884E+07   4000019E-01  .3005E+04 -.2693E+03   .9997767  .0189554  .0093377
T 1084  1 .1305790E+07   4000018E-01 -.6258E+04  .4611E+04   .9995002 -.0013840  .0315830
T 1085  1 .1299929E+07   4000014E-01 -.7571E+04  .6628E+04   .9977282 -.0420506  .0526318
T 1086  1 .1301953E+07   4000002E-01  .9364E+02  .6794E+03   .9999673 -.0080815  .0004114
T 1087  1 .1327662E+07   4000018E-01  .5347E+04 -.2367E+04   .9996139  .0231725 -.0153336
T 1088  1 .1264862E+07   4000009E-01  .5661E+03  .2728E+04   .9998021 -.0136344  .0144847
T 1089  1 .1295206E+07   4000010E-01  .2085E+04  .4592E+04   .9993587  .0346425 -.0090596
T 1090  1 .1319513E+07   4000003E-01 -.2006E+04  .2616E+04   .9999635 -.0052116  .0067714
T 1091  1 .1293803E+07   4000002E-01 -.2788E+04 -.5952E+04   .9998476 -.0041960 -.0169438
T 1092  1 .1324482E+07   4000010E-01 -.2802E+04  .6134E+04   .9996013 -.0197077  .0202224
T 1093  1 .1330900E+07   4000010E-01  .1368E+04 -.6382E+04   .9995959  .0130215 -.0252699
T 1094  1 .1295473E+07   4000014E-01 -.4397E+04 -.7809E+03   .9999310 -.0093631 -.0070887
T 1095  1 .1294242E+07   4000016E-01  .1942E+04  .2035E+03   .9998849  .0146077  .0040990
T 1096  1 .1313882E+07   4000021E-01  .5020E+04  .5259E+04   .9997045  .0040587  .0239676
T 1097  1 .1271783E+07   4000022E-01 -.3543E+05 -.4394E+05   .9779826 -.1332116 -.1606384
T 1098  1 .1286300E+07   4000016E-01  .5725E+02  .2774E+04   .9999537  .0037332  .0088734
T 1099  1 .1302928E+07   4000001E-01 -.3575E+03 -.1590E+04   .9999613 -.0064145 -.0060284
T 1100  1 .1313398E+07   4000019E-01 -.4299E+04  .2148E+04   .9940232 -.1074281  .0194166
T 1101  1 .1289716E+07   4000015E-01  .3049E+04 -.1627E+04   .9992411  .0117079  .0371504
T 1102  1 .1332667E+07   4000016E-01 -.1441E+04  .1865E+04   .9997643  .0144480  .0162037
T 1103  1 .1289017E+07   4000018E-01 -.2012E+04  .8101E+04   .9996267 -.0057959  .0266977
T 1104  1 .1314237E+07   4000016E-01  .7709E+03  .3642E+04   .9989926  .0436537  .0103947
T 1105  1 .1334266E+07   4000015E-01  .3765E+04  .3043E+04   .9995874  .0238545  .0159975
T 1106  1 .1299369E+07   4000019E-01  .1141E+04 -.1319E+05   .9982802 -.0021352 -.0585835
T 1107  1 .1306858E+07   4000022E-01  .8437E+03 -.1757E+04   .9998674  .0161895 -.0017552
T 1108  1 .1309240E+07   4000021E-01 -.1563E+04 -.3532E+04   .9996661 -.0039314 -.0255400
T 1109  1 .1299925E+07   4000016E-01 -.2912E+04 -.5441E+03   .9999050 -.0125795 -.0056406
T 1110  1 .1321362E+07   4000022E-01 -.1417E+04  .3923E+04   .9999796 -.0042135  .0048070
T 1111  1 .1325941E+07   4000003E-01  .1032E+04  .2454E+04   .9995508  .0172234  .0245264
T 1112  1 .1322533E+07   4000020E-01 -.3701E+04 -.4353E+04   .9998393 -.0175675  .0035850
T 1113  1 .1304197E+07   4000007E-01 -.4255E+04  .7917E+04   .9992514 -.0074613  .0379609
T 1114  1 .1286407E+07   4000021E-01  .1202E+04 -.2688E+04   .9999699  .0064058 -.0043734
T 1115  1 .1292989E+07   4000006E-01 -.6197E+04  .1428E+04   .9996213 -.0252384  .0109677
T 1116  1 .1341956E+07   4000015E-01  .1940E+04 -.5577E+04   .9997313  .0079892 -.0217583
T 1117  1 .1299925E+07   4000008E-01 -.3619E+04 -.7658E+04   .9992767 -.0226449 -.0305505
T 1118  1 .1279974E+07   4000013E-01 -.1699E+05  .6119E+04   .9985208 -.0453561  .0299834
T 1119  1 .1295528E+07   4000001E-01 -.4603E+04  .3816E+04   .9996271 -.0209365  .0175307
T 1120  1 .1350191E+07   4000009E-01 -.4778E+04 -.5870E+04   .9990649 -.0266174 -.0340723
T 1121  1 .1294762E+07   4000021E-01 -.2655E+04  .2678E+03   .9999935 -.0034679  .0009802
T 1122  1 .1326214E+07   4000004E-01 -.6764E+03  .2800E+04   .9998841  .0069587  .0135440
T 1123  1 .1318366E+07   4000021E-01  .3760E+03 -.2728E+04   .9998014  .0061742 -.0189494
T 1124  1 .1322451E+07   4000004E-01 -.5595E+04 -.1944E+04   .9997917 -.0202439 -.0025892
T 1125  1 .1316239E+07   4000015E-01  .4148E+04 -.5778E+04   .9997602  .0088824 -.0200185
T 1126  1 .1310302E+07   4000008E-01  .1569E+04  .1878E+04   .9999530  .0048910 -.0083709
T 1127  1 .1283556E+07   4000018E-01 -.3437E+04  .1041E+04   .9994118 -.0334214 -.0076874
T 1128  1 .1327706E+07   4000023E-01 -.3037E+04  .1191E+04   .9999657 -.0079237  .0024187
T 1129  1 .1269789E+07   4000023E-01 -.1158E+04  .3719E+04   .9995506 -.0131630  .0269321
T 1130  1 .1295726E+07   4000013E-01  .3791E+04 -.2160E+04   .9996844  .0168602 -.0186215
T 1131  1 .1302892E+07   4000001E-01  .3291E+03  .3353E+03   .9999984 -.0016969  .0005320
T 1132  1 .1309530E+07   4000018E-01  .4925E+04  .8711E+04   .9986171  .0235914  .0469818
T 1133  1 .1320016E+07   4000014E-01  .5060E+03 -.3546E+04   .9990637  .0218442 -.0373448
T 1134  1 .1278758E+07   4000016E-01 -.3057E+03  .3909E+04   .9996902  .0064459  .0240405
T 1135  1 .1325291E+07   4000019E-01  .1691E+04 -.7709E+04   .9992240  .0238569 -.0313424
T 1136  1 .1328423E+07   4000021E-01  .3430E+04 -.2731E+04   .9999110 -.0058627 -.0119844
T 1137  1 .1278322E+07   4000003E-01  .2031E+04 -.3548E+04   .9999136  .0040024 -.0125201
T 1138  1 .1325998E+07   4000003E-01 -.6097E+04 -.1307E+04   .9993493 -.0360445  .0013202
T 1139  1 .1320922E+07   4000017E-01  .4439E+04 -.5335E+04   .9999709  .0041350  .0064051
T 1140  1 .1288147E+07   4000022E-01 -.6755E+03  .4250E+04   .9995408 -.0132632  .0272440
T 1141  1 .1297463E+07   4000001E-01  .1305E+04 -.1425E+04   .9988878 -.0469726  .0040848
T 1142  1 .1330026E+07   4000017E-01 -.7453E+04 -.9660E+03   .9995801 -.0271916 -.0100105
T 1143  1 .1333385E+07   4000003E-01 -.3649E+04 -.9759E+03   .9997600 -.0205089  .0076995
T 1144  1 .1314928E+07   4000008E-01  .9069E+03 -.8052E+03   .9998560  .0025792 -.0167702
T 1145  1 .1327106E+07   4000003E-01 -.9626E+04  .6002E+04   .9988506 -.0435133  .0200994
T 1146  1 .1323887E+07   4000019E-01  .3412E+04  .4113E+04   .9997923  .0174126  .0105933
T 1147  1 .1323584E+07   4000006E-01  .7818E+03 -.4396E+04   .9993666 -.0158551 -.0318606
T 1148  1 .1279507E+07   4000022E-01 -.2789E+04 -.2557E+04   .9994919 -.0228221 -.0222511
T 1149  1 .1308053E+07   4000008E-01 -.1586E+04 -.1082E+04   .9999007 -.0099788 -.0099457
T 1150  1 .1284107E+07   4000010E-01 -.4874E+04  .1215E+04   .9993294 -.0334180 -.0149694
T 1151  1 .1293685E+07   4000015E-01 -.2561E+04 -.6931E+03   .9999319 -.0116716 -.0002472
T 1152  1 .1291646E+07   4000008E-01 -.5589E+04 -.3935E+04   .9997648 -.0155061 -.0151655
T 1153  1 .1311090E+07   4000011E-01 -.3275E+03  .2774E+04   .9999687 -.0077099  .0017545
T 1154  1 .1360987E+07   4000001E-01  .1874E+04  .4585E+04   .9999241  .0006863  .0122974
T 1155  1 .1312513E+07   4000013E-01  .3959E+04 -.1423E+03   .9999562  .0089302 -.0027858
T 1156  1 .1297636E+07   4000008E-01 -.2652E+04 -.3194E+04   .9997606 -.0043580 -.0214427
T 1157  1 .1323042E+07   4000018E-01  .1355E+04 -.3780E+04   .9996138  .0116181 -.0252460
T 1158  1 .1289068E+07   4000015E-01 -.4759E+04  .5639E+04   .9995051 -.0080504  .0304084
T 1159  1 .1274550E+07   4000019E-01 -.1018E+05  .8886E+04   .9983325 -.0398859  .0417282
T 1160  1 .1319328E+07   4000018E-01  .8528E+04  .2418E+04   .9944812  .0953020  .0438713
T 1161  1 .1265754E+07   4000008E-01 -.6905E+03  .6850E+04   .9991335 -.0140926  .0391608
T 1162  1 .1295981E+07   4000001E-01  .1971E+04 -.2145E+04   .9997808  .0065124 -.0198992
T 1163  1 .1283930E+07   4000019E-01  .4430E+03 -.4591E+04   .9994634  .0075457 -.0318742
T 1164  1 .1295501E+07   4000022E-01  .3738E+04  .7111E+03   .9998030 -.0194425  .0039917
T 1165  1 .1323958E+07   4000007E-01 -.5866E+04 -.2170E+04   .9995450 -.0269567 -.0135326
T 1166  1 .1295864E+07   4000015E-01 -.4589E+03 -.5002E+04   .9995360  .0199343 -.0230291
T 1167  1 .1311002E+07   4000022E-01 -.3450E+04  .1263E+04   .9996904 -.0232352  .0089022
T 1168  1 .1313829E+07   4000017E-01 -.4037E+04  .8603E+04   .9991673  .0091675  .0397571
T 1169  1 .1281668E+07   4000017E-01  .1066E+05  .2282E+04   .9983012  .0547367  .0199634
T 1170  1 .1273608E+07   4000009E-01 -.1785E+04  .5424E+04   .9990616 -.0023868  .0432469
T 1171  1 .1346856E+07   4000017E-01 -.1388E+04 -.1326E+04   .9999521 -.0092698 -.0031317
T 1172  1 .1334457E+07   4000011E-01 -.2674E+03  .1916E+04   .9999295 -.0049636  .0107903
T 1173  1 .1306246E+07   4000002E-01  .2602E+04  .3273E+04   .9997200  .0030119  .0234685
T 1174  1 .1341322E+07   4000002E-01  .2363E+04  .1911E+04   .9998897 -.0020596  .0147056
T 1175  1 .1287208E+07   4000010E-01 -.4485E+04 -.4561E+04   .9994882 -.0083226 -.0308892
T 1176  1 .1309958E+07   4000007E-01  .6662E+04 -.1529E+04   .9997536  .0215924 -.0051414
T 1177  1 .1309442E+07   4000006E-01  .3767E+04 -.3538E+04   .9995682  .0258937 -.0138911
T 1178  1 .1323393E+07   4000013E-01  .4845E+04 -.1937E+04   .9999423  .0107153 -.0008126
T 1179  1 .1301837E+07   4000021E-01  .3867E+03 -.1203E+04   .9998375  .0141067  .0112201
T 1180  1 .1294136E+07   4000018E-01  .5146E+03  .4209E+04   .9999029 -.0137357  .0023508
T 1181  1 .1312070E+07   4000021E-01 -.5583E+04 -.2283E+04   .9996183 -.0274040 -.0034910
T 1182  1 .1336535E+07   4000011E-01  .4720E+03  .4967E+04   .9982071 -.0017615  .0598285
T 1183  1 .1314616E+07   4000017E-01  .2298E+04  .5006E+03   .9998181  .0188704  .0027764
T 1184  1 .1323690E+07   4000017E-01 -.3123E+04 -.2315E+04   .9998732 -.0131498 -.0089798
T 1185  1 .1325218E+07   4000005E-01  .5499E+04  .1042E+05   .9988685  .0196856  .0432930
T 1186  1 .1338000E+07   4000000E-01  .1451E+02  .1834E+04   .9999729 -.0066725 -.0031020
T 1187  1 .1320392E+07   4000014E-01  .9133E+04 -.3421E+04   .9996170  .0265142 -.0079342
T 1188  1 .1318593E+07   4000006E-01  .1408E+05 -.1682E+04   .9984313  .0536608 -.0159808
T 1189  1 .1286202E+07   4000009E-01 -.4540E+04  .6217E+02   .9999462 -.0087188 -.0056109
T 1190  1 .1294050E+07   4000014E-01 -.9894E+02 -.6321E+04   .9995408  .0191479 -.0234856
T 1191  1 .1344584E+07   4000013E-01  .8675E+04 -.4606E+04   .9971998  .0698633 -.0266790
T 1192  1 .1339706E+07   4000004E-01  .5204E+04 -.5386E+04   .9987560  .0292210 -.0404059
T 1193  1 .1339938E+07   4000007E-01  .2243E+04 -.1148E+04   .9997069  .0221084 -.0098683
T 1194  1 .1264139E+07   4000003E-01  .3845E+04  .4865E+04   .9993154  .0007673  .0369873
T 1195  1 .1328107E+07   4000006E-01  .5031E+04 -.4312E+04   .9996419  .0152682 -.0219782
T 1196  1 .1313996E+07   4000011E-01  .3256E+04 -.1065E+05   .9981090  .0222621 -.0572951
T 1197  1 .1249819E+07   4000001E-01 -.4032E+03  .3619E+04   .9998231 -.0090871  .0164673
T 1198  1 .1322064E+07   4000014E-01  .1678E+04  .1124E+04   .9997336  .0036769  .0227879
T 1199  1 .1334853E+07   4000005E-01  .8377E+03 -.2830E+04   .9998368  .0115131  .0139193
T 1200  1 .1303977E+07   4000019E-01 -.4319E+04 -.6904E+03   .9997862 -.0206557  .0009495
T 1201  1 .1312543E+07   4000013E-01  .1017E+05  .5812E+04   .9994847  .0213698  .0239502
T 1202  1 .1267049E+07   4000014E-01  .4872E+02  .1664E+04   .9999790  .0056929  .0030980
T 1203  1 .1300940E+07   4000010E-01  .6748E+04 -.3621E+03   .9998049  .0197489 -.0003318
T 1204  1 .1298975E+07   4000000E-01 -.4386E+03  .7473E+04   .9991967 -.0080391  .0392608
T 1205  1 .1333499E+07   4000008E-01  .9282E+03 -.6757E+04   .9997833  .0079114 -.0192548
T 1206  1 .1298588E+07   4000016E-01  .9333E+03 -.6024E+03   .9999148 -.0111817 -.0067347
T 1207  1 .1308973E+07   4000015E-01  .4965E+02 -.2976E+04   .9997814 -.0040240 -.0205169
T 1208  1 .1292549E+07   4000003E-01 -.2321E+04 -.2669E+03   .9997094 -.0217639 -.0103673
T 1209  1 .1277007E+07   4000002E-01 -.1609E+04 -.8325E+03   .9999662 -.0054624 -.0061460
T 1210  1 .1283722E+07   4000013E-01  .4822E+03 -.1142E+04   .9999921  .0030163  .0025857
T 1211  1 .1311360E+07   4000015E-01  .2648E+04  .2811E+04   .9998900  .0011592  .0147847
T 1212  1 .1291023E+07   4000012E-01 -.3277E+05 -.4875E+05   .9864257 -.0798805 -.1434692
T 1213  1 .1280380E+07   4000002E-01  .1993E+04 -.3344E+04   .9998620  .0130022 -.0103444
T 1214  1 .1301447E+07   4000006E-01  .1302E+04  .2042E+04   .9999218  .0124725  .0008556
T 1215  1 .1273531E+07   4000012E-01  .1006E+04  .4521E+04   .9999192 -.0126720  .0010540
T 1216  1 .1318606E+07   4000019E-01  .1068E+05  .5765E+04   .9975926  .0576008  .0386148
T 1217  1 .1303576E+07   4000021E-01 -.1232E+03 -.4448E+04   .9996494  .0060309 -.0257814
T 1218  1 .1332540E+07   4000022E-01  .3658E+04 -.3230E+04   .9997974  .0032159 -.0198675
T 1219  1 .1305389E+07   4000019E-01  .2201E+04 -.3421E+04   .9987169  .0252628 -.0438892
T 1220  1 .1282640E+07   4000002E-01  .1642E+04  .1713E+03   .9999929  .0001674 -.0037543
T 1221  1 .1300373E+07   4000014E-01  .1590E+04 -.6019E+04   .9995123 -.0057349 -.0306950
T 1222  1 .1253937E+07   4000020E-01 -.1258E+04 -.2430E+04   .9999045 -.0130411  .0045633
T 1223  1 .1304369E+07   4000005E-01 -.8150E+04 -.9590E+03   .9996286 -.0271609 -.0022035
T 1224  1 .1318327E+07   4000018E-01 -.3308E+04  .2815E+04   .9997916 -.0195130  .0059931
T 1225  1 .1284919E+07   4000017E-01 -.4768E+03  .8747E+03   .9999931 -.0012961  .0034774
T 1226  1 .1323287E+07   4000009E-01 -.2994E+03  .1978E+04   .9995668 -.0247872  .0158673
T 1227  1 .1310933E+07   4000020E-01 -.1722E+03  .2745E+04   .9999003 -.0069566  .0122921
T 1228  1 .1325173E+07   4000020E-01 -.8999E+03 -.6922E+03   .9995736  .0054508 -.0286864
T 1229  1 .1323863E+07   4000005E-01  .4688E+04  .4433E+03   .9997375  .0208606 -.0094760
T 1230  1 .1258271E+07   4000016E-01 -.2491E+04  .4413E+04   .9999371  .0048864  .0100950
T 1231  1 .1350443E+07   4000012E-01  .3262E+04 -.9380E+03   .9997451  .0051483  .0219817
T 1232  1 .1358687E+07   4000001E-01  .4896E+03  .1317E+04   .9999965  .0009894  .0024567
T 1233  1 .1280973E+07   4000006E-01  .5773E+04 -.7971E+04   .9990106  .0352938 -.0270578
T 1234  1 .1307556E+07   4000002E-01 -.3556E+04  .1338E+04   .9995644 -.0257920  .0143428
T 1235  1 .1284234E+07   4000001E-01  .8248E+04  .8136E+03   .9998669  .0159407  .0034860
T 1236  1 .1332073E+07   4000008E-01 -.1101E+04 -.3812E+04   .9993282  .0019392 -.0365968
T 1237  1 .1337835E+07   4000002E-01 -.1722E+04  .6434E+04   .9997481 -.0176230  .0138990
T 1238  1 .1311162E+07   4000002E-01  .1869E+03  .1230E+04   .9998787  .0015968  .0154932
T 1239  1 .1335475E+07   4000019E-01  .4658E+04 -.2105E+04   .9999000  .0114154 -.0083424
T 1240  1 .1328587E+07   4000013E-01  .4787E+03 -.1034E+04   .9999600  .0039660 -.0080148
T 1241  1 .1348399E+07   4000010E-01 -.2764E+04 -.1999E+04   .9998712 -.0126701 -.0098501
T 1242  1 .1258692E+07   4000014E-01 -.9129E+04 -.4094E+05   .9880691 -.0128009 -.1534783
T 1243  1 .1289885E+07   4000003E-01 -.8529E+02 -.2139E+04   .9998550  .0009363 -.0170047
T 1244  1 .1310733E+07   4000012E-01  .5531E+04 -.1259E+04   .9999625  .0043243 -.0074971
T 1245  1 .1315861E+07   4000005E-01  .3345E+04 -.4937E+04   .9991837  .0270877 -.0299694
T 1246  1 .1328085E+07   4000015E-01  .2676E+04  .5378E+04   .9997800  .0102659  .0182931
T 1247  1 .1344831E+07   4000017E-01 -.6790E+03 -.1744E+04   .9999513 -.0077384 -.0061331
T 1248  1 .1307007E+07   4000020E-01 -.9448E+02  .2813E+04   .9998395  .0040480 -.0174531
T 1249  1 .1306438E+07   4000012E-01 -.4985E+03  .1887E+02   .9999028 -.0017172  .0138397
T 1250  1 .1340938E+07   4000001E-01  .2250E+04 -.4118E+04   .9997315 -.0008584 -.0231577
T 1251  1 .1309130E+07   4000011E-01  .5141E+04 -.2439E+04   .9992754  .0284564 -.0252756
T 1252  1 .1298940E+07   4000005E-01 -.5284E+04 -.7478E+04   .9992089 -.0360949 -.0166980
T 1253  1 .1294488E+07   4000007E-01  .9747E+03 -.4419E+04   .9997857  .0201271 -.0048488
T 1254  1 .1333955E+07   4000020E-01 -.2640E+04  .2824E+04   .9998454 -.0153933  .0084936
T 1255  1 .1301514E+07   4000022E-01  .6630E+04 -.1210E+04   .9998444  .0165573  .0060836
T 1256  1 .1300063E+07   4000019E-01 -.8515E+03 -.5648E+04   .9978621 -.0101767 -.0645569
T 1257  1 .1331243E+07   4000004E-01 -.4249E+04 -.4672E+04   .9981479 -.0428235  .0432080
T 1258  1 .1294243E+07   4000004E-01 -.3174E+05 -.6810E+04   .9634285 -.2326985 -.1328791
T 1259  1 .1290595E+07   4000023E-01 -.4165E+04  .7323E+04   .9994983 -.0142170  .0283014
T 1260  1 .1294265E+07   4000020E-01 -.1953E+04 -.1113E+05   .9998158  .0035464 -.0188648
T 1261  1 .1323691E+07   4000011E-01  .3120E+04 -.1825E+04   .9996154  .0243147 -.0133373
T 1262  1 .1329055E+07   4000005E-01  .9420E+04 -.5858E+04   .9989033  .0463564 -.0065717
T 1263  1 .1346362E+07   4000022E-01 -.4970E+04  .3915E+04   .9989382 -.0436381  .0147710
T 1264  1 .1264647E+07   4000010E-01  .3658E+04 -.1181E+04   .9999165  .0059335 -.0114770
T 1265  1 .1329780E+07   4000011E-01  .4723E+04  .1019E+05   .9992656  .0301308  .0236717
T 1266  1 .1321477E+07   4000004E-01  .1380E+04  .8019E+04   .9997444  .0019284  .0225257
T 1267  1 .1312519E+07   4000020E-01  .2146E+04  .1050E+04   .9999934 -.0030851 -.0019434
T 1268  1 .1263694E+07   4000004E-01 -.2487E+04 -.8642E+04   .9992190 -.0248157 -.0307506
T 1269  1 .1285463E+07   4000011E-01  .6208E+03 -.6329E+03   .9999513 -.0093964 -.0030060
T 1270  1 .1310117E+07   4000021E-01 -.1119E+04 -.2547E+04   .9998072 -.0033495 -.0193495
T 1271  1 .1298202E+07   4000011E-01  .4094E+04 -.7176E+03   .9995456  .0278076  .0116320
T 1272  1 .1308108E+07   4000023E-01 -.2526E+04  .1499E+04   .9999763  .0024179 -.0064468
T 1273  1 .1314521E+07   4000002E-01  .6548E+04 -.1436E+04   .9997865  .0178901 -.0103353
T 1274  1 .1325815E+07   4000013E-01  .3542E+04  .1247E+04   .9997477  .0195628  .0110358
T 1275  1 .1297089E+07   4000001E-01  .3377E+03  .1117E+04   .9998887 -.0028957  .0146337
T 1276  1 .1308670E+07   4000016E-01 -.2045E+04  .1530E+04   .9999394 -.0108116  .0020517
T 1277  1 .1260013E+07   4000003E-01  .4118E+04  .3239E+04   .9995238  .0292689 -.0097704
T 1278  1 .1285654E+07   4000010E-01 -.4219E+04  .2693E+04   .9991530 -.0348737  .0218416
T 1279  1 .1330842E+07   4000000E-01 -.3214E+04  .7128E+03   .9997795 -.0198731  .0067781
T 1280  1 .1319902E+07   4000021E-01  .9479E+03  .1922E+04   .9998278  .0112719  .0147442
T 1281  1 .1330181E+07   4000007E-01  .5914E+03 -.6028E+04   .9999448  .0029908 -.0100682
T 1282  1 .1327161E+07   4000012E-01 -.3116E+04 -.7407E+04   .9987290 -.0155945 -.0479294
T 1283  1 .1299694E+07   4000007E-01 -.9314E+04  .1732E+04   .9985956 -.0482782 -.0218186
T 1284  1 .1364296E+07   4000001E-01  .2490E+04  .4333E+03   .9999819  .0004696 -.0059990
T 1285  1 .1298996E+07   4000014E-01  .9162E+03  .3925E+04   .9998314 -.0182226  .0022565
T 1286  1 .1306345E+07   4000016E-01  .4212E+04 -.1172E+04   .9999231  .0122203 -.0021301
T 1287  1 .1345268E+07   4000007E-01  .5557E+04  .2757E+04   .9996988  .0185567  .0160600
T 1288  1 .1299733E+07   4000015E-01  .1475E+04  .2371E+04   .9999987 -.0012731 -.0009771
T 1289  1 .1300885E+07   4000007E-01  .1041E+04  .2316E+04   .9999959  .0024861 -.0014408
T 1290  1 .1315287E+07   4000014E-01  .5452E+04  .9701E+03   .9996374  .0257707  .0078034
T 1291  1 .1287787E+07   4000013E-01  .8371E+04 -.8381E+04   .9991271  .0310468 -.0279474
T 1292  1 .1290562E+07   4000005E-01 -.1310E+05 -.4690E+05   .9821169 -.0416021 -.1836184
T 1293  1 .1266212E+07   4000006E-01 -.1423E+04  .1075E+04   .9998234 -.0139958  .0125422
T 1294  1 .1310488E+07   4000003E-01 -.3656E+04  .5418E+04   .9992426 -.0307629  .0238318
T 1295  1 .1272185E+07   4000016E-01  .2273E+04 -.1202E+04   .9999073 -.0073359 -.0114700
T 1296  1 .1359191E+07   4000004E-01  .2201E+03  .2238E+04   .9998963  .0071309  .0125094
T 1297  1 .1272947E+07   4000017E-01 -.2854E+03 -.9370E+03   .9997466  .0083623 -.0208982
T 1298  1 .1333488E+07   4000016E-01 -.1652E+04 -.6612E+03   .9999880  .0004987  .0048640
T 1299  1 .1299005E+07   4000019E-01 -.7913E+03  .2023E+04   .9999042  .0005358  .0138309
T 1300  1 .1301944E+07   4000007E-01 -.1060E+04 -.4547E+04   .9996023  .0118266 -.0256015
T 1301  1 .1302796E+07   4000010E-01  .1197E+04  .5616E+03   .9802810 -.0848617  .1784590
T 1302  1 .1272398E+07   4000000E-01 -.1073E+03 -.8781E+04   .9993464 -.0018965 -.0360989
T 1303  1 .1303174E+07   4000023E-01  .2305E+04 -.4806E+04   .9992737  .0266774 -.0272087
T 1304  1 .1310352E+07   4000021E-01  .1412E+04 -.2702E+04   .9994688  .0158977 -.0284498
T 1305  1 .1269362E+07   4000007E-01  .3978E+04  .3794E+04   .9988199  .0303140  .0379446
T 1306  1 .1330688E+07   4000006E-01 -.1852E+04 -.2806E+03   .9999035 -.0078279  .0114801
T 1307  1 .1315390E+07   4000001E-01  .2127E+04  .4206E+04   .9997141  .0213754  .0107185
T 1308  1 .1303254E+07   4000020E-01  .2768E+04 -.3143E+04   .9998744  .0114665 -.0109382
T 1309  1 .1294967E+07   4000004E-01  .4126E+04 -.4347E+04   .9995821  .0065682 -.0281498
T 1310  1 .1318500E+07   4000017E-01  .3738E+04  .5343E+03   .9997938  .0194629 -.0057978
T 1311  1 .1306469E+07   4000003E-01 -.1083E+04 -.2117E+03   .9999933 -.0026742 -.0025052
T 1312  1 .1298007E+07   4000007E-01  .1925E+04 -.3522E+04   .9998603  .0005293 -.0167038
T 1313  1 .1339432E+07   4000011E-01 -.5691E+04  .6958E+04   .9989287 -.0208987  .0412889
T 1314  1 .1322332E+07   4000000E-01  .5553E+04 -.2243E+04   .9998471  .0158613 -.0073572
T 1315  1 .1316174E+07   4000017E-01  .5331E+04  .5987E+04   .9996080  .0263390  .0094968
T 1316  1 .1316534E+07   4000010E-01 -.1245E+04  .3701E+01   .9999922  .0026652 -.0029147
T 1317  1 .1319909E+07   4000006E-01 -.1007E+05  .5067E+04   .9992911 -.0297275  .0230982
T 1318  1 .1315878E+07   4000017E-01  .2188E+03 -.1308E+04   .9999924  .0003430 -.0038819
T 1319  1 .1290845E+07   4000007E-01  .9399E+03 -.3634E+03   .9999912  .0041612  .0005735
T 1320  1 .1277927E+07   4000017E-01  .2904E+04 -.4544E+04   .9996283  .0213959 -.0168972
T 1321  1 .1303335E+07   4000022E-01 -.2956E+03 -.3501E+04   .9994959 -.0114626 -.0296067
T 1322  1 .1322055E+07   4000006E-01 -.3300E+04 -.4042E+04   .9995531 -.0164840 -.0249380
T 1323  1 .1300142E+07   4000020E-01 -.8749E+04 -.3428E+04   .9989910 -.0400122 -.0203984
T 1324  1 .1314227E+07   4000022E-01  .1111E+05  .7923E+04   .9980358  .0602035  .0173251
T 1325  1 .1333599E+07   4000021E-01  .6362E+04  .5480E+04   .9994845  .0210373  .0242501
T 1326  1 .1291869E+07   4000018E-01 -.9677E+04  .7153E+04   .9981873 -.0370286  .0474444
T 1327  1 .1340088E+07   4000008E-01  .1170E+05 -.9627E+03   .9992382  .0385019 -.0063680
T 1328  1 .1316943E+07   4000009E-01  .1502E+04  .2779E+04   .9990356  .0367087  .0240923
T 1329  1 .1286555E+07   4000018E-01 -.1983E+04 -.5581E+03   .9999462 -.0072506 -.0074165
T 1330  1 .1304317E+07   4000003E-01  .1321E+04 -.4858E+04   .9997272  .0019164 -.0232772
T 1331  1 .1280973E+07   4000001E-01  .7030E+04 -.2193E+04   .9996742  .0196415 -.0163026
T 1332  1 .1298271E+07   4000008E-01  .3369E+04 -.1216E+04   .9996890  .0214026 -.0128021
T 1333  1 .1334636E+07   4000004E-01 -.4690E+03 -.1787E+04   .9999606 -.0075880 -.0046097
T 1334  1 .1303320E+07   4000001E-01  .1267E+04 -.1006E+04   .9999132  .0020087 -.0130203
T 1335  1 .1265992E+07   4000016E-01 -.3279E+04 -.1546E+05   .9891289 -.0133319 -.1464457
T 1336  1 .1333638E+07   4000022E-01  .2264E+03 -.6173E+04   .9996817  .0151497 -.0201749
T 1337  1 .1310696E+07   4000008E-01  .5008E+04  .2049E+04   .9996536  .0256558  .0058725
T 1338  1 .1321443E+07   4000018E-01  .7764E+04 -.3434E+03   .9996353  .0266736  .0042288
T 1339  1 .1322556E+07   4000007E-01  .3366E+04 -.2037E+03   .9999504  .0045141 -.0088751
T 1340  1 .1307946E+07   4000015E-01 -.1800E+04 -.1086E+04   .9998733  .0023714 -.0157422
T 1341  1 .1316839E+07   4000022E-01  .8704E+03  .2401E+05   .9965243  .0056449  .0831117
T 1342  1 .1296670E+07   4000001E-01 -.4091E+04 -.9822E+03   .9997878 -.0199208  .0052403
T 1343  1 .1302630E+07   4000013E-01 -.5278E+04 -.1522E+04   .9998260 -.0141349 -.0121691
T 1344  1 .1326061E+07   4000022E-01  .1631E+04  .5612E+02   .9999609  .0063395 -.0061579
T 1345  1 .1312636E+07   4000015E-01  .1469E+04  .3399E+03   .9999485 -.0087075  .0052215
T 1346  1 .1339119E+07   4000020E-01 -.8637E+03 -.6524E+04   .9996023  .0233446 -.0158198
T 1347  1 .1324591E+07   4000003E-01  .9265E+04 -.1185E+05   .9976770  .0412875 -.0541848
T 1348  1 .1293582E+07   4000014E-01 -.6527E+04  .1575E+04   .9997188 -.0208014  .0113883
T 1349  1 .1293936E+07   4000018E-01 -.2855E+03 -.1002E+04   .9999463  .0040024  .0095574
T 1350  1 .1313831E+07   4000011E-01 -.5502E+02 -.5727E+04   .9984703 -.0383657 -.0398138
T 1351  1 .1276787E+07   4000009E-01 -.2071E+04 -.1782E+04   .9998705 -.0146777 -.0065948
T 1352  1 .1291307E+07   4000020E-01 -.4457E+04  .5409E+02   .9998384 -.0166096  .0068769
T 1353  1 .1290542E+07   4000018E-01  .7548E+03  .4269E+04   .9997981  .0044735  .0195878
T 1354  1 .1295689E+07   4000011E-01  .1993E+04  .5273E+04   .9995782  .0065995  .0282826
T 1355  1 .1260401E+07   4000022E-01 -.4589E+04 -.2642E+04   .9980382 -.0609899 -.0141445
T 1356  1 .1302824E+07   4000018E-01  .9301E+03 -.4754E+04   .9993975  .0140679 -.0317303
T 1357  1 .1302789E+07   4000013E-01 -.2724E+05 -.2596E+05   .9914826 -.0912337 -.0929443
T 1358  1 .1284177E+07   4000007E-01 -.7354E+03 -.5306E+04   .9996928  .0040033 -.0244599
T 1359  1 .1302936E+07   4000021E-01  .6576E+04  .1301E+04   .9996756  .0219652  .0128934
T 1360  1 .1332641E+07   4000015E-01 -.8136E+03  .1862E+04   .9999520 -.0009798  .0097522
T 1361  1 .1319596E+07   4000001E-01  .1555E+04  .1480E+04   .9991107  .0030253  .0420563
T 1362  1 .1299800E+07   4000016E-01 -.1279E+04 -.4571E+04   .9998713  .0095258 -.0129079
T 1363  1 .1308374E+07   4000015E-01  .5022E+04 -.6076E+04   .9996288  .0051690 -.0267502
T 1364  1 .1323156E+07   4000017E-01 -.3469E+04  .1626E+04   .9999005  .0056109 -.0129410
T 1365  1 .1293899E+07   4000015E-01  .2838E+04  .4128E+04   .9996294  .0237712  .0132662
T 1366  1 .1352995E+07   4000018E-01  .1371E+04 -.1840E+04   .9994575  .0147630 -.0294412
T 1367  1 .1273081E+07   4000018E-01  .5692E+03  .5040E+04   .9993681 -.0227516  .0273095
T 1368  1 .1313083E+07   4000010E-01 -.6839E+04  .3826E+04   .9995753 -.0245235  .0157437
T 1369  1 .1304353E+07   4000009E-01 -.2830E+02  .9112E+03   .9999134 -.0131191  .0010805
T 1370  1 .1312923E+07   4000022E-01  .7265E+04 -.5512E+04   .9999111  .0093579 -.0094988
T 1371  1 .1317041E+07   4000016E-01 -.2345E+02 -.7413E+03   .9999240  .0012045 -.0122715
T 1372  1 .1304960E+07   4000007E-01  .2338E+04 -.3994E+04   .9996530  .0141230 -.0222337
T 1373  1 .1290719E+07   4000010E-01 -.3994E+04  .3973E+04   .9998750 -.0120953  .0101850
T 1374  1 .1332941E+07   4000017E-01  .1412E+04  .2072E+04   .9997662  .0203404  .0073392
T 1375  1 .1302252E+07   4000004E-01  .2297E+04 -.1177E+04   .9997258 -.0087790 -.0217072
T 1376  1 .1333321E+07   4000011E-01 -.9867E+02  .3144E+03   .9999741  .0027968  .0066344
T 1377  1 .1242312E+07   4000009E-01 -.1114E+04  .1526E+04   .9997956 -.0144999  .0140869
T 1378  1 .1294968E+07   4000015E-01  .1062E+04  .3240E+04   .9998449 -.0055736  .0167090
T 1379  1 .1316129E+07   4000015E-01 -.3428E+04 -.5830E+03   .9992268 -.0345772 -.0187136
T 1380  1 .1301023E+07   4000000E-01 -.1533E+04 -.3866E+03   .9997180 -.0235374 -.0031596
T 1381  1 .1292373E+07   4000020E-01  .6670E+04 -.4990E+04   .9991710  .0370289 -.0169149
T 1382  1 .1309382E+07   4000012E-01 -.3970E+04 -.1327E+04   .9572312 -.2522858 -.1416347
T 1383  1 .1328797E+07   4000011E-01  .1396E+05 -.5178E+04   .9984185  .0465192 -.0315657
T 1384  1 .1308256E+07   4000018E-01 -.2642E+04  .4794E+04   .9989611 -.0257514  .0375985
T 1385  1 .1270120E+07   4000009E-01  .4428E+04 -.1797E+04   .9997283  .0225652 -.0058480
T 1386  1 .1312577E+07   4000006E-01  .1144E+02  .5404E+04   .9996567 -.0072978  .0251648
T 1387  1 .1306882E+07   4000014E-01 -.1642E+04  .1248E+04   .9997504 -.0220817  .0034076
T 1388  1 .1318650E+07   4000021E-01 -.9127E+03 -.2313E+04   .9999464  .0013799 -.0102600
T 1389  1 .1293931E+07   4000019E-01  .1373E+04 -.7498E+03   .9998661  .0137442 -.0088804
T 1390  1 .1305014E+07   4000018E-01 -.2613E+04 -.2034E+04   .9999192 -.0112592 -.0058964
T 1391  1 .1310511E+07   4000003E-01 -.2126E+04  .4146E+04   .9999782  .0044174  .0049102
T 1392  1 .1313247E+07   4000012E-01 -.9225E+03  .5386E+03   .9999786 -.0030243  .0058056
T 1393  1 .1317514E+07   4000017E-01  .6506E+04 -.4202E+04   .9990946  .0335094 -.0262138
T 1394  1 .1345953E+07   4000001E-01  .3079E+04 -.3154E+04   .9996221  .0219408 -.0165616
T 1395  1 .1322073E+07   4000018E-01  .2095E+04  .1187E+03   .9998385  .0093894  .0153221
T 1396  1 .1316649E+07   4000011E-01  .5984E+03 -.1553E+04   .9998325 -.0083693 -.0162791
T 1397  1 .1351614E+07   4000021E-01 -.5137E+04  .1780E+04   .9999116 -.0131973  .0016491
T 1398  1 .1272571E+07   4000005E-01 -.4516E+04  .3267E+04   .9997811 -.0208309 -.0019671
T 1399  1 .1336389E+07   4000001E-01 -.4358E+04  .3187E+03   .9999245 -.0122478  .0009663
T 1400  1 .1260606E+07   4000012E-01 -.4912E+03 -.1461E+04   .9994870  .0021336 -.0319557
T 1401  1 .1330201E+07   4000000E-01 -.1462E+04  .5596E+04   .9997780 -.0026957  .0208974
T 1402  1 .1309396E+07   4000022E-01  .3113E+04  .3028E+04   .9997563  .0001769  .0220733
T 1403  1 .1322331E+07   4000020E-01  .2811E+04 -.2929E+03   .9997349  .0192585 -.0126182
T 1404  1 .1307272E+07   4000009E-01 -.8462E+03 -.3677E+04   .9997476 -.0146324 -.0170485
T 1405  1 .1312985E+07   4000021E-01 -.7911E+04  .1977E+04   .9993223 -.0368087  .0000474
T 1406  1 .1363654E+07   4000021E-01 -.4695E+04  .2816E+04   .9989061 -.0461400 -.0075933
T 1407  1 .1320963E+07   4000006E-01 -.3973E+04  .4020E+04   .9997070 -.0107428  .0216920
T 1408  1 .1326097E+07   4000005E-01  .1175E+04  .1613E+04   .9997366  .0229328  .0009275
T 1409  1 .1295457E+07   4000012E-01 -.7756E+03 -.5777E+03   .9999843  .0049145  .0026825
T 1410  1 .1312240E+07   4000013E-01  .5246E+04 -.3632E+04   .9997421  .0220957  .0052455
T 1411  1 .1288714E+07   4000021E-01  .1321E+04  .6668E+04   .9998908  .0028620  .0144960
T 1412  1 .1288414E+07   4000001E-01  .1571E+04  .5036E+04   .9997823 -.0046223  .0203446
T 1413  1 .1303410E+07   4000016E-01 -.3580E+04 -.2222E+04   .9998306 -.0128132 -.0132117
T 1414  1 .1309284E+07   4000019E-01 -.2184E+04 -.8955E+03   .9998496 -.0088748 -.0148979
T 1415  1 .1326235E+07   4000015E-01  .2135E+04 -.1488E+04   .9998219  .0164016 -.0093350
T 1416  1 .1298155E+07   4000022E-01  .2847E+02 -.2893E+04   .9998735 -.0127275 -.0095416
T 1417  1 .1309974E+07   4000016E-01  .2126E+04  .4332E+04   .9993477 -.0032574  .0359651
T 1418  1 .1300810E+07   4000011E-01  .7649E+04 -.3237E+04   .9998835  .0129493  .0080784
T 1419  1 .1340117E+07   4000019E-01 -.4591E+04 -.1203E+05   .9989021 -.0093186 -.0459106
T 1420  1 .1317983E+07   4000016E-01  .1153E+05 -.6648E+03   .9988066  .0488402  .0002556
T 1421  1 .1308051E+07   4000020E-01 -.4995E+03  .3118E+04   .9998728  .0116549  .0108898
T 1422  1 .1313492E+07   4000011E-01 -.7424E+04 -.4383E+04   .9997341 -.0183521 -.0139609
T 1423  1 .1309553E+07   4000019E-01 -.3513E+04 -.6187E+04   .9991122 -.0168826 -.0385990
T 1424  1 .1317478E+07   4000022E-01 -.8940E+03 -.5614E+04   .9993441 -.0274280 -.0236456
T 1425  1 .1268811E+07   4000022E-01 -.1734E+05  .2106E+05   .9906395 -.0587691  .1232056
T 1426  1 .1300111E+07   4000020E-01 -.4218E+04  .7990E+04   .9995481 -.0135392  .0268389
T 1427  1 .1326259E+07   4000014E-01  .2054E+04  .2216E+04   .9999667  .0036973  .0072729
T 1428  1 .1309327E+07   4000016E-01 -.1636E+04  .2746E+04   .9999980  .0009724 -.0017627
T 1429  1 .1338298E+07   4000017E-01  .1115E+04  .7892E+03   .9999768 -.0019456 -.0065265
T 1430  1 .1315381E+07   4000015E-01  .3336E+04 -.1133E+04   .9999251  .0117180  .0035407
T 1431  1 .1294046E+07   4000001E-01 -.6858E+03 -.5728E+02   .9999806 -.0028817  .0055233
T 1432  1 .1288669E+07   4000010E-01  .1026E+05  .1825E+05   .9944830  .0435016  .0954527
T 1433  1 .1313556E+07   4000015E-01  .4897E+04  .3255E+04   .9990080  .0366466  .0252991
T 1434  1 .1329164E+07   4000007E-01  .1277E+04 -.2254E+04   .9999687 -.0017337 -.0077236
T 1435  1 .1302765E+07   4000001E-01  .9552E+04 -.6356E+04   .9984793  .0502505 -.0226697
T 1436  1 .1318102E+07   4000018E-01  .2884E+04  .2371E+04   .9999834  .0023083  .0052722
T 1437  1 .1332617E+07   4000012E-01 -.1011E+04 -.1925E+04   .9999480 -.0032688 -.0096579
T 1438  1 .1318474E+07   4000008E-01  .8537E+04  .9172E+03   .9989867  .0427168  .0141750
T 1439  1 .1333805E+07   4000012E-01 -.5005E+04 -.3858E+04   .9999308 -.0100634 -.0060985
T 1440  1 .1305711E+07   4000012E-01 -.9490E+01  .1322E+04   .9999801 -.0017473  .0060669
T 1441  1 .1296425E+07   4000020E-01 -.4537E+04 -.3375E+04   .9991081 -.0405693 -.0117106
T 1442  1 .1321503E+07   4000018E-01 -.1783E+04  .2243E+04   .9999310 -.0009709  .0117100
T 1443  1 .1320320E+07   4000019E-01 -.1485E+04  .8961E+03   .9991882 -.0147573  .0374850
T 1444  1 .1328236E+07   4000011E-01 -.1070E+05 -.1353E+05   .9990823 -.0259439 -.0340805
T 1445  1 .1310431E+07   4000022E-01 -.5105E+03  .4247E+04   .9999680 -.0062404  .0050076
T 1446  1 .1313035E+07   4000015E-01  .1831E+04  .3023E+04   .9999145  .0063702  .0114233
T 1447  1 .1325308E+07   4000019E-01  .3392E+04 -.2494E+04   .9995688  .0102628 -.0275111
T 1448  1 .1320451E+07   4000019E-01 -.5557E+04  .4900E+04   .9995443 -.0037062  .0299568
T 1449  1 .1304136E+07   4000013E-01 -.6572E+03 -.1871E+04   .9999974  .0005266  .0022388
T 1450  1 .1272396E+07   4000012E-01  .5072E+05  .2040E+05   .9832625  .1644332  .0784637
T 1451  1 .1318895E+07   4000006E-01  .2508E+04 -.3111E+04   .9996620  .0211749 -.0150842
T 1452  1 .1342688E+07   4000008E-01  .2196E+03  .3190E+04   .9999655  .0007980  .0082648
T 1453  1 .1310958E+07   4000020E-01 -.2525E+05 -.2720E+05   .9938435 -.0565661 -.0952644
T 1454  1 .1287603E+07   4000012E-01 -.1030E+05  .1118E+05   .9987252 -.0351544  .0362240
T 1455  1 .1288012E+07   4000009E-01  .9949E+03 -.3035E+04   .9997530  .0128710 -.0181187
T 1456  1 .1294472E+07   4000001E-01 -.6969E+04  .2574E+04   .9998638 -.0123478  .0109542
T 1457  1 .1315221E+07   4000019E-01 -.1348E+05 -.3936E+03   .9961418 -.0766974 -.0426501
T 1458  1 .1300416E+07   4000001E-01  .1189E+04  .5578E+02   .9999601  .0070896  .0054385
T 1459  1 .1285296E+07   4000000E-01 -.3908E+04 -.5327E+03   .9999165 -.0082206 -.0099753
T 1460  1 .1310148E+07   4000014E-01 -.2847E+04 -.4561E+02   .9998919 -.0138875 -.0048268
T 1461  1 .1325020E+07   4000016E-01 -.4588E+03 -.1885E+04   .9994249  .0135909 -.0310665
T 1462  1 .1301322E+07   4000001E-01  .1473E+04  .1762E+04   .9997950 -.0111725  .0168868
T 1463  1 .1287998E+07   4000000E-01  .1361E+05  .8508E+04   .9987816  .0439097  .0225228
T 1464  1 .1298957E+07   4000019E-01  .1693E+04  .4269E+04   .9996339  .0085247  .0256804
T 1465  1 .1326426E+07   4000020E-01  .2378E+03 -.2361E+04   .9996077  .0258664 -.0107418
T 1466  1 .1289350E+07   4000002E-01 -.2664E+04 -.2447E+04   .9998431 -.0161482 -.0072761
T 1467  1 .1338500E+07   4000022E-01 -.1006E+05 -.1160E+05   .9986120 -.0259032 -.0458591
T 1468  1 .1346318E+07   4000011E-01  .1735E+03  .4479E+03   .9999338  .0044530  .0106091
T 1469  1 .1300244E+07   4000014E-01 -.3619E+04  .7883E+03   .9998580  .0065781 -.0155178
T 1470  1 .1316633E+07   4000020E-01  .6705E+04  .8746E+04   .9993361  .0244551  .0270071
T 1471  1 .1290963E+07   4000004E-01 -.7359E+03  .6790E+03   .9998390 -.0173860  .0044414
T 1472  1 .1279098E+07   4000007E-01  .1044E+04  .4561E+04   .9998461  .0049473  .0168343
T 1473  1 .1356729E+07   4000010E-01 -.7462E+03 -.1233E+05   .9995556 -.0021834 -.0297281
T 1474  1 .1341501E+07   4000016E-01 -.2967E+04  .9229E+03   .9994883 -.0201457 -.0248464
T 1475  1 .1292822E+07   4000003E-01  .2016E+04  .1789E+04   .9998391  .0177770  .0024088
T 1476  1 .1282886E+07   4000003E-01  .7627E+04 -.7242E+04   .9988904  .0087169 -.0462815
T 1477  1 .1329709E+07   4000007E-01 -.4881E+04 -.4740E+04   .9995908 -.0236532 -.0160852
T 1478  1 .1289378E+07   4000008E-01 -.3181E+04  .5083E+03   .9997080 -.0240956  .0018108
T 1479  1 .1287183E+07   4000011E-01 -.5280E+04  .1836E+04   .9997181 -.0228701 -.0063764
T 1480  1 .1270913E+07   4000021E-01  .1247E+05  .4044E+04   .9995895  .0285401 -.0025103
T 1481  1 .1287416E+07   4000009E-01  .5262E+04  .7020E+02   .9997041  .0238585  .0047370
T 1482  1 .1315069E+07   4000021E-01 -.2855E+04 -.3865E+04   .9996580  .0063337  .0253733
T 1483  1 .1309877E+07   4000006E-01  .3929E+04 -.4653E+03   .9994825  .0302101 -.0110459
T 1484  1 .1322526E+07   4000012E-01 -.4693E+04 -.3251E+03   .9991398 -.0401890 -.0102200
T 1485  1 .1329183E+07   4000000E-01 -.2924E+04  .6545E+04   .9993856 -.0180842  .0300234
T 1486  1 .1351836E+07   4000018E-01  .5732E+03 -.9553E+03   .9997557  .0147693 -.0164460
T 1487  1 .1329554E+07   4000015E-01  .6290E+04  .5735E+04   .9988254  .0410333  .0257694
T 1488  1 .1316873E+07   4000004E-01  .7757E+04  .9738E+03   .9999576  .0069996  .0059860
T 1489  1 .1385166E+07   4000012E-01  .1553E+05  .1160E+04   .9989597  .0454683 -.0034815
T 1490  1 .1310154E+07   4000019E-01 -.2175E+04  .5936E+04   .9993797 -.0318910  .0149389
T 1491  1 .1309874E+07   4000020E-01 -.9374E+03 -.2788E+03   .9997979 -.0195098 -.0048481
T 1492  1 .1309747E+07   4000017E-01  .2172E+04  .1819E+03   .9998201  .0170954  .0082210
T 1493  1 .1301621E+07   4000001E-01 -.5500E+04  .5876E+03   .9999141 -.0117076 -.0059008
T 1494  1 .1266803E+07   4000018E-01  .8304E+04 -.3776E+04   .9977975  .0352639 -.0561828
T 1495  1 .1263044E+07   4000017E-01  .3816E+04 -.2562E+03   .9999516  .0044749  .0087617
T 1496  1 .1321910E+07   4000000E-01  .1284E+04 -.5210E+04   .9999372  .0017000 -.0110810
T 1497  1 .1324079E+07   4000022E-01  .1671E+04 -.5840E+04   .9993193  .0113541 -.0350997
T 1498  1 .1318346E+07   4000015E-01 -.6477E+03 -.8448E+04   .9987516  .0027179 -.0498777
T 1499  1 .1304866E+07   4000013E-01  .3224E+04 -.3257E+03   .9999063  .0069926  .0117713
T 1500  1 .1316393E+07   4000015E-01  .2818E+04  .1860E+04   .9997710  .0208312  .0048990
T 1501  1 .1281499E+07   4000014E-01  .3467E+04 -.4928E+04   .9999179 -.0011738 -.0127617
T 1502  1 .1310305E+07   4000005E-01  .7772E+02 -.4839E+04   .9998104 -.0010820 -.0194430
T 1503  1 .1338354E+07   4000011E-01  .6060E+03 -.9224E+03   .9999925 -.0033807 -.0018959
T 1504  1 .1311503E+07   4000010E-01  .2162E+04  .1541E+04   .9998053  .0114577  .0160620
T 1505  1 .1339667E+07   4000020E-01  .6730E+04  .5922E+04   .9998759  .0139625  .0073023
T 1506  1 .1311085E+07   4000003E-01  .3537E+04  .8017E+04   .9971355  .0262448  .0709364
T 1507  1 .1308232E+07   4000006E-01 -.1840E+04  .2825E+04   .9999314  .0008670  .0116796
T 1508  1 .1320429E+07   4000022E-01 -.7008E+04 -.9211E+04   .9986329 -.0273948 -.0445171
T 1509  1 .1261402E+07   4000000E-01 -.2025E+04  .4457E+04   .9998890  .0010593  .0148584
T 1510  1 .1277522E+07   4000019E-01 -.1337E+04  .6283E+04   .9998178  .0123878  .0145224
T 1511  1 .1324302E+07   4000005E-01  .3829E+04  .3760E+03   .9999772  .0050658  .0044613
T 1512  1 .1320119E+07   4000021E-01 -.1575E+04  .1149E+04   .9999863 -.0042273  .0030996
T 1513  1 .1284678E+07   4000017E-01 -.5990E+03  .3671E+04   .9999072  .0058596  .0123018
T 1514  1 .1336981E+07   4000019E-01  .1107E+04  .1592E+04   .9999789 -.0053481  .0036892
T 1515  1 .1292256E+07   4000018E-01  .3686E+03 -.2000E+04   .9971073 -.0035546 -.0759238
T 1516  1 .1313648E+07   4000022E-01  .2197E+04 -.1096E+05   .9965264  .0193065 -.0810081
T 1517  1 .1333414E+07   4000001E-01 -.1239E+04  .1172E+03   .9990365 -.0246716  .0362946
T 1518  1 .1307263E+07   4000016E-01 -.5917E+04  .3851E+04   .9994043 -.0294464  .0179963
T 1519  1 .1309226E+07   4000015E-01 -.8454E+04 -.6221E+04   .9995456 -.0245783 -.0174487
T 1520  1 .1341148E+07   4000002E-01  .7269E+04  .3675E+04   .9982540  .0583044  .0094666
T 1521  1 .1330615E+07   4000015E-01 -.2911E+04 -.9218E+04   .9987512 -.0135232 -.0480959
T 1522  1 .1315709E+07   4000013E-01  .1540E+04  .1587E+04   .9999502  .0090645 -.0041758
T 1523  1 .1262728E+07   4000001E-01  .3402E+04 -.1488E+05   .9975100  .0204536 -.0674942
T 1524  1 .1319865E+07   4000020E-01 -.3997E+04  .1230E+04   .9998326 -.0151296  .0102881
T 1525  1 .1325541E+07   4000021E-01 -.9707E+03  .2266E+04   .9998296 -.0101231  .0154390
T 1526  1 .1288806E+07   4000019E-01  .1726E+04  .7794E+04   .9964807  .0187732  .0816933
T 1527  1 .1266151E+07   4000014E-01 -.6588E+05 -.2016E+05   .9766635 -.2087881 -.0503590
T 1528  1 .1320494E+07   4000019E-01  .4552E+04 -.6508E+03   .9997501  .0173772 -.0140605
T 1529  1 .1306435E+07   4000017E-01  .2105E+04 -.6794E+04   .9991082 -.0018277 -.0421828
T 1530  1 .1319683E+07   4000016E-01 -.4449E+04  .7117E+03   .9998095 -.0146951  .0128451
T 1531  1 .1324016E+07   4000000E-01  .1533E+03 -.2581E+04   .9999914  .0040264 -.0009776
T 1532  1 .1333515E+07   4000006E-01 -.5412E+04 -.4746E+04   .9998140 -.0094962 -.0167844
T 1533  1 .1283396E+07   4000014E-01 -.5104E+03  .1842E+03   .9999308  .0089969  .0075798
T 1534  1 .1331157E+07   4000011E-01  .3475E+04  .2120E+04   .9994260  .0198067  .0274830
T 1535  1 .1299394E+07   4000005E-01 -.1639E+04  .1297E+04   .9999078 -.0078523  .0110792
T 1536  1 .1319046E+07   4000003E-01  .3442E+04  .7142E+03   .9999726  .0036123  .0064595
T 1537  1 .1333646E+07   4000010E-01 -.1169E+04 -.4222E+04   .9995489 -.0067787 -.0292580
T 1538  1 .1341126E+07   4000018E-01  .5541E+04  .2706E+04   .9995469  .0298917 -.0035223
T 1539  1 .1329954E+07   4000005E-01 -.2530E+04  .2869E+04   .9997210 -.0151924  .0180881
T 1540  1 .1307356E+07   4000016E-01 -.6138E+03 -.2671E+04   .9990993  .0311326  .0288336
T 1541  1 .1355638E+07   4000001E-01 -.4445E+04  .5627E+04   .9983604 -.0399859  .0409582
T 1542  1 .1294537E+07   4000001E-01  .4872E+04 -.6474E+03   .9999850  .0050917 -.0020071
T 1543  1 .1299127E+07   4000014E-01  .9553E+03  .3690E+03   .9993658 -.0350592 -.0062391
T 1544  1 .1181337E+07   4000018E-01  .8884E+05  .7545E+05   .8866118  .3507641  .3014699
T 1545  1 .1269285E+07   4000001E-01 -.2665E+03  .5546E+03   .9993710 -.0277793  .0220430
T 1546  1 .1321549E+07   4000015E-01 -.1263E+05  .2685E+04   .9987701 -.0492835  .0054297
T 1547  1 .1279137E+07   4000018E-01 -.4288E+03 -.3436E+04   .9997996 -.0171563 -.0103159
T 1548  1 .1327716E+07   4000008E-01 -.3968E+04 -.1277E+05   .9987813 -.0097027 -.0483915
T 1549  1 .1286244E+07   4000020E-01  .5625E+03 -.3734E+04   .9995444 -.0093315 -.0287036
T 1550  1 .1332714E+07   4000022E-01 -.2484E+04 -.7986E+04   .9996692 -.0038348 -.0254322
T 1551  1 .1286717E+07   4000014E-01  .1767E+04  .2956E+04   .9995229  .0087364  .0296259
T 1552  1 .1310582E+07   4000010E-01  .2289E+03 -.9462E+03   .9999260  .0104443  .0062433
T 1553  1 .1317674E+07   4000005E-01  .1421E+04  .1732E+04   .9997916  .0054095  .0196846
T 1554  1 .1349317E+07   4000022E-01  .1031E+03  .1937E+03   .9999999 -.0005095  .0000870
T 1555  1 .1345674E+07   4000019E-01 -.2278E+04  .3325E+04   .9997546 -.0033503  .0219001
T 1556  1 .1321206E+07   4000011E-01  .2180E+04 -.9150E+04   .9995878  .0123607 -.0259128
T 1557  1 .1325387E+07   4000010E-01 -.2289E+04  .1717E+05   .9990404 -.0112465  .0423291
T 1558  1 .1291856E+07   4000011E-01 -.9960E+04 -.2831E+04   .9988707 -.0474654 -.0020703
T 1559  1 .1322898E+07   4000021E-01 -.1599E+04  .3073E+04   .9995047 -.0276308  .0150654
T 1560  1 .1366653E+07   4000016E-01 -.5897E+03  .7405E+04   .9998419 -.0065844  .0165166
T 1561  1 .1306062E+07   4000010E-01  .7512E+03 -.6062E+04   .9992793 -.0069763 -.0373134
T 1562  1 .1298297E+07   4000010E-01 -.2687E+04  .5092E+03   .9998445 -.0175611 -.0016007
T 1563  1 .1285048E+07   4000015E-01  .2231E+04 -.4123E+04   .9999491 -.0098260  .0023118
T 1564  1 .1301318E+07   4000011E-01 -.5513E+04 -.4588E+04   .9996423 -.0224889 -.0144732
T 1565  1 .1320055E+07   4000012E-01 -.6093E+04  .3931E+04   .9994866 -.0176460  .0267442
T 1566  1 .1286773E+07   4000015E-01  .7217E+03  .2908E+04   .9997982 -.0118441  .0162286
T 1567  1 .1346562E+07   4000017E-01  .2538E+04 -.1042E+04   .9994814  .0306995 -.0097207
T 1568  1 .1313918E+07   4000016E-01 -.6916E+04  .8620E+04   .9981806 -.0456672  .0393703
T 1569  1 .1329258E+07   4000017E-01  .6982E+04 -.3428E+04   .9988775  .0466370  .0082849
T 1570  1 .1328238E+07   4000008E-01  .3261E+04  .5532E+04   .9996972  .0018198  .0245390
T 1571  1 .1307859E+07   4000003E-01 -.2806E+03  .1384E+04   .9999063  .0098464  .0095071
T 1572  1 .1327236E+07   4000004E-01  .9750E+03  .3861E+04   .9998645  .0106466  .0125525
T 1573  1 .1284987E+07   4000019E-01 -.2796E+04 -.2196E+04   .9999753 -.0068880  .0013750
T 1574  1 .1282627E+07   4000013E-01 -.1313E+04  .4743E+03   .9999487  .0022716  .0098670
T 1575  1 .1309831E+07   4000008E-01  .1146E+04  .5025E+04   .9995626 -.0097290  .0279273
T 1576  1 .1288990E+07   4000011E-01  .2135E+04  .7784E+04   .9995886  .0044523  .0283334
T 1577  1 .1317023E+07   4000017E-01 -.3074E+04  .4963E+04   .9990439 -.0274594  .0340191
T 1578  1 .1317332E+07   4000002E-01  .2072E+05 -.5411E+04   .9971559  .0708007 -.0258345
T 1579  1 .1301696E+07   4000019E-01  .3871E+04  .6312E+03   .9995654  .0279565  .0093461
T 1580  1 .1311223E+07   4000017E-01  .9022E+03  .3082E+04   .9998666  .0040015  .0158336
T 1581  1 .1324098E+07   4000009E-01  .3385E+04  .5836E+04   .9983245  .0189655  .0546666
T 1582  1 .1346230E+07   4000020E-01  .3909E+04 -.9250E+03   .9996977  .0162648 -.0184367
T 1583  1 .1305834E+07   4000003E-01  .3723E+04 -.2405E+04   .9996878  .0233551 -.0088810
T 1584  1 .1326487E+07   4000003E-01  .1184E+05 -.1825E+05   .9944908  .0721976 -.0759970
T 1585  1 .1321731E+07   4000000E-01  .1247E+05 -.2942E+04   .9992970  .0366031 -.0081093
T 1586  1 .1322599E+07   4000022E-01 -.1682E+04 -.2057E+04   .9999493 -.0059116 -.0081527
T 1587  1 .1282638E+07   4000001E-01  .3146E+04  .1586E+04   .9993735  .0292296  .0199575
T 1588  1 .1280598E+07   4000017E-01  .1491E+04  .8608E+04   .9990963 -.0110080  .0410532
T 1589  1 .1348334E+07   4000014E-01 -.9620E+03 -.2173E+04   .9998587 -.0041651 -.0162840
T 1590  1 .1295859E+07   4000013E-01  .4026E+04 -.5113E+04   .9993098  .0222897 -.0297171
T 1591  1 .1329122E+07   4000009E-01  .5732E+04  .7068E+04   .9994941  .0146201  .0282470
T 1592  1 .1292088E+07   4000017E-01 -.2251E+04 -.1077E+05   .9991749 -.0295607 -.0278500
T 1593  1 .1322353E+07   4000007E-01 -.1065E+04 -.4182E+03   .9999987 -.0004336 -.0015373
T 1594  1 .1277460E+07   4000003E-01  .2315E+04 -.2274E+04   .9988774  .0274904 -.0385773
T 1595  1 .1305293E+07   4000014E-01  .6569E+02  .1925E+04   .9999234  .0062075  .0107055
T 1596  1 .1313522E+07   4000019E-01  .4339E+04 -.4938E+02   .9995797  .0286830 -.0042065
T 1597  1 .1307525E+07   4000011E-01 -.9078E+03 -.3968E+04   .9990171  .0207308 -.0391789
T 1598  1 .1283063E+07   4000016E-01 -.7459E+04 -.6288E+04   .9995384 -.0246919 -.0176997
T 1599  1 .1334630E+07   4000014E-01  .3048E+04 -.3024E+04   .9998964  .0125050 -.0071340
T 1600  1 .1327662E+07   4000019E-01 -.6104E+03  .1210E+04   .9997609 -.0044646  .0214063
T 1601  1 .1319901E+07   4000019E-01 -.2343E+04  .1633E+04   .9999211  .0036220  .0120308
T 1602  1 .1351098E+07   4000019E-01  .1088E+04  .4986E+01   .9999914  .0040147 -.0010469
T 1603  1 .1305250E+07   4000019E-01  .7211E+03 -.2517E+04   .9998735 -.0118951 -.0105558
T 1604  1 .1325977E+07   4000005E-01 -.5770E+04  .5997E+04   .9995165 -.0266892  .0159526
T 1605  1 .1327925E+07   4000002E-01  .8257E+04  .4185E+05   .9903746  .0126382  .1378345
T 1606  1 .1296355E+07   4000012E-01  .5185E+03 -.2729E+04   .9995039 -.0009170 -.0314832
T 1607  1 .1294664E+07   4000019E-01 -.2104E+04 -.3113E+04   .9996553 -.0103835 -.0241134
T 1608  1 .1334333E+07   4000009E-01  .2532E+03 -.5542E+04   .9996522  .0081345 -.0250867
T 1609  1 .1265969E+07   4000017E-01 -.3910E+04 -.4417E+04   .9996553 -.0183926 -.0187367
T 1610  1 .1280220E+07   4000008E-01 -.2505E+04 -.2432E+03   .9999710 -.0043956 -.0062132
T 1611  1 .1295695E+07   4000014E-01  .2802E+04  .2919E+04   .9994090  .0184934  .0289760
T 1612  1 .1322864E+07   4000019E-01 -.5245E+04  .1234E+04   .9995730 -.0292201  .0000329
T 1613  1 .1292310E+07   4000013E-01 -.2627E+04  .1019E+05   .9992127 -.0057977  .0392471
T 1614  1 .1301215E+07   4000010E-01 -.2424E+05  .1079E+05   .9931467 -.1079788  .0447230
T 1615  1 .1300996E+07   4000004E-01  .9482E+02  .8530E+03   .9999000  .0042031 -.0135052
T 1616  1 .1296352E+07   4000023E-01  .1160E+04  .6891E+03   .9999326  .0111051  .0033781
T 1617  1 .1330358E+07   4000015E-01 -.1012E+05  .4634E+03   .9982981 -.0450334  .0370516
T 1618  1 .1266016E+07   4000018E-01 -.3783E+03  .2440E+03   .9998334 -.0163487 -.0081144
T 1619  1 .1329936E+07   4000012E-01  .4565E+04  .6396E+04   .9990254  .0295466  .0327905
T 1620  1 .1316965E+07   4000018E-01 -.3089E+04 -.7991E+04   .9994023 -.0170307 -.0300840
T 1621  1 .1287652E+07   4000021E-01  .2147E+04  .2800E+04   .9996075 -.0125284  .0250567
T 1622  1 .1308221E+07   4000007E-01 -.9949E+03  .1918E+04   .9999775  .0036429 -.0056409
T 1623  1 .1309933E+07   4000010E-01 -.2061E+04  .3732E+04   .9998132 -.0022966  .0191927
T 1624  1 .1316388E+07   4000003E-01  .1127E+04 -.2229E+04   .9998642 -.0074822 -.0146805
T 1625  1 .1330913E+07   4000009E-01  .7248E+04 -.9677E+04   .9983010  .0113394 -.0571530
T 1626  1 .1315112E+07   4000015E-01 -.1168E+05 -.3475E+04   .9990081 -.0436444 -.0088326
T 1627  1 .1300673E+07   4000013E-01  .1687E+03  .1082E+04   .9997754  .0207101  .0044977
T 1628  1 .1319066E+07   4000002E-01  .1307E+04 -.4247E+04   .9999473  .0095612 -.0037403
T 1629  1 .1310096E+07   4000011E-01  .2452E+04 -.4886E+04   .9998209  .0186271 -.0033453
T 1630  1 .1304040E+07   4000020E-01 -.1605E+04  .1454E+04   .9998350 -.0158730 -.0088339
T 1631  1 .1307770E+07   4000009E-01  .1256E+04  .6844E+04   .9990698 -.0083296  .0423091
T 1632  1 .1339724E+07   4000002E-01  .1877E+04  .3023E+03   .9998939  .0142983  .0027941
T 1633  1 .1335151E+07   4000014E-01  .2474E+04 -.7959E+03   .9999907 -.0041249  .0012673
T 1634  1 .1341404E+07   4000018E-01 -.6874E+04 -.7081E+03   .9990098 -.0435708  .0090007
T 1635  1 .1342638E+07   4000007E-01 -.3799E+04 -.1720E+04   .9998021 -.0192434 -.0050413
T 1636  1 .1329022E+07   4000001E-01 -.2981E+04 -.4882E+04   .9993951 -.0249767 -.0242011
T 1637  1 .1299787E+07   4000018E-01 -.4759E+04  .3633E+04   .9991579 -.0189361  .0363995
T 1638  1 .1313473E+07   4000019E-01 -.9462E+03  .3414E+04   .9998873 -.0074760  .0130224
T 1639  1 .1315838E+07   4000021E-01 -.8022E+04  .6614E+04   .9992383 -.0347276  .0178002
T 1640  1 .1301349E+07   4000020E-01  .2064E+03 -.9113E+03   .9998735  .0134760 -.0084544
T 1641  1 .1285624E+07   4000021E-01  .1287E+05  .1161E+04   .9806433  .1897633  .0482560
T 1642  1 .1315518E+07   4000006E-01 -.2926E+04 -.5898E+03   .9997314 -.0196716 -.0122576
T 1643  1 .1294301E+07   4000001E-01  .3780E+04 -.3532E+04   .9998212  .0188243 -.0017849
T 1644  1 .1354557E+07   4000017E-01  .6449E+03  .1814E+04   .9999962  .0025563  .0010325
T 1645  1 .1349857E+07   4000010E-01  .1925E+04  .4099E+04   .9996231  .0155088  .0226521
T 1646  1 .1313945E+07   4000017E-01  .7657E+03 -.3178E+04   .9995172  .0105473 -.0292265
T 1647  1 .1313131E+07   4000001E-01 -.1602E+05 -.1602E+05   .9950888 -.0678973 -.0720289
T 1648  1 .1330924E+07   4000019E-01  .1535E+03 -.3669E+04   .9999955 -.0029769 -.0003680
T 1649  1 .1311780E+07   4000023E-01  .1105E+04  .1172E+04   .9998617 -.0032269  .0163119
T 1650  1 .1305379E+07   4000021E-01  .3599E+03 -.1000E+04   .9999671  .0070346  .0040307
T 1651  1 .1268318E+07   4000022E-01 -.3250E+04 -.2893E+03   .9998742 -.0133058  .0086362
T 1652  1 .1275708E+07   4000014E-01 -.2209E+04 -.2111E+04   .9998627  .0110242 -.0123675
T 1653  1 .1295572E+07   4000013E-01 -.2621E+04 -.3426E+04   .9999003  .0063341 -.0126178
T 1654  1 .1320213E+07   4000012E-01  .8724E+03  .1493E+04   .9994478 -.0141953  .0300432
T 1655  1 .1326475E+07   4000015E-01 -.1736E+04  .9498E+03   .9999214 -.0103086 -.0071307
T 1656  1 .1299596E+07   4000011E-01  .9593E+03  .3944E+04   .9998471 -.0050860  .0167320
T 1657  1 .1301566E+07   4000021E-01  .2610E+04 -.4002E+03   .9998206  .0137051 -.0130728
T 1658  1 .1334130E+07   4000003E-01 -.3185E+04  .4614E+04   .9984309 -.0356643  .0431711
T 1659  1 .1292609E+07   4000013E-01  .7567E+04  .2373E+05   .9971548  .0021284  .0753513
T 1660  1 .1271836E+07   4000011E-01  .9987E+02  .4370E+04   .9988964  .0458901 -.0100067
T 1661  1 .1305531E+07   4000022E-01 -.3826E+04  .7499E+03   .9998566 -.0152355  .0073900
T 1662  1 .1349271E+07   4000013E-01 -.6805E+02 -.1154E+04   .9998115  .0124842 -.0148693
T 1663  1 .1281525E+07   4000007E-01  .2477E+04 -.1579E+04   .9998538  .0061615 -.0159525
T 1664  1 .1307219E+07   4000006E-01 -.7753E+04 -.7229E+04   .9982821 -.0541408 -.0223951
T 1665  1 .1313710E+07   4000014E-01  .3529E+03 -.1976E+04   .9995186  .0030554 -.0308760
T 1666  1 .1365442E+07   4000004E-01 -.3896E+04 -.7766E+04   .9990211 -.0386240 -.0215652
T 1667  1 .1325148E+07   4000016E-01 -.3781E+04 -.3568E+04   .9997802 -.0023061 -.0208388
T 1668  1 .1306408E+07   4000009E-01  .1602E+05  .6778E+04   .9987802  .0443572  .0216906
T 1669  1 .1364354E+07   4000001E-01  .4459E+04  .2068E+04   .9994890  .0298590  .0114113
T 1670  1 .1317791E+07   4000022E-01 -.2072E+05  .1238E+05   .9933381 -.0870127  .0755520
T 1671  1 .1339464E+07   4000006E-01  .1175E+04  .2059E+05   .9982648  .0163241  .0565763
T 1672  1 .1293791E+07   4000010E-01 -.1609E+04 -.5286E+04   .9997808 -.0065843 -.0198755
T 1673  1 .1379864E+07   4000000E-01  .2142E+04 -.4128E+04   .9998085  .0101925 -.0167084
T 1674  1 .1287829E+07   4000021E-01  .5317E+04  .3149E+04   .9998830  .0090550  .0123288
T 1675  1 .1323038E+07   4000012E-01 -.3135E+04  .4436E+04   .9996739 -.0180090  .0181021
T 1676  1 .1320743E+07   4000010E-01 -.2082E+04  .6154E+02   .9999090 -.0109935  .0078205
T 1677  1 .1325209E+07   4000005E-01 -.1537E+04  .7802E+04   .9992440 -.0256145  .0292473
T 1678  1 .1308391E+07   4000004E-01 -.1872E+04  .4408E+04   .9998753 -.0072148  .0140505
T 1679  1 .1326824E+07   4000021E-01 -.1738E+04 -.1781E+04   .9999553 -.0085015  .0041475
T 1680  1 .1315674E+07   4000012E-01  .3770E+04 -.4134E+04   .9997438  .0172755 -.0146243
T 1681  1 .1316516E+07   4000013E-01  .4861E+04 -.4684E+01   .9998316  .0144833  .0112721
T 1682  1 .1314523E+07   4000013E-01 -.3769E+04  .4342E+02   .9997186 -.0236663  .0016087
T 1683  1 .1340064E+07   4000002E-01 -.4345E+04 -.3863E+04   .9999097 -.0089986 -.0099806
T 1684  1 .1301419E+07   4000008E-01 -.1128E+04 -.1296E+04   .9999573  .0063344  .0067297
T 1685  1 .1297040E+07   4000003E-01 -.2644E+04  .8656E+04   .9997368 -.0109027  .0201875
T 1686  1 .1337983E+07   4000014E-01  .3444E+04  .3685E+03   .9993674 -.0083957 -.0345579
T 1687  1 .1306895E+07   4000021E-01  .2506E+03 -.2496E+04   .9998818  .0028317 -.0151149
T 1688  1 .1296702E+07   4000005E-01  .2245E+03  .1651E+05   .9969592  .0011639  .0779160
T 1689  1 .1304927E+07   4000012E-01  .2658E+04  .2196E+04   .9996671  .0219359  .0135821
T 1690  1 .1308866E+07   4000019E-01 -.3326E+04 -.7438E+04   .9993140 -.0279186 -.0243310
T 1691  1 .1322172E+07   4000009E-01 -.1980E+03 -.8580E+04   .9990531 -.0165644 -.0402303
T 1692  1 .1266754E+07   4000009E-01  .5203E+03 -.3343E+04   .9896338  .0981340 -.1048556
T 1693  1 .1308924E+07   4000022E-01  .4217E+04  .6241E+04   .9989668  .0421047  .0171017
T 1694  1 .1330240E+07   4000020E-01 -.1356E+05 -.1629E+05   .9977908 -.0449876 -.0488841
T 1695  1 .1298946E+07   4000019E-01  .3605E+04 -.3693E+04   .9992786  .0304316 -.0227182
T 1696  1 .1283670E+07   4000005E-01  .4763E+04  .1135E+04   .9999800  .0026475  .0057504
T 1697  1 .1333323E+07   4000002E-01 -.1639E+04  .3695E+03   .9999656 -.0074872 -.0035603
T 1698  1 .1299458E+07   4000003E-01 -.5635E+02  .5229E+04   .9999237 -.0120603 -.0026714
T 1699  1 .1306708E+07   4000001E-01  .8763E+04 -.8468E+04   .9929091  .0408766 -.1116276
T 1700  1 .1297195E+07   4000020E-01 -.3998E+03 -.1906E+04   .9997430  .0003460 -.0226661
T 1701  1 .1308369E+07   4000021E-01  .1164E+03  .4444E+04   .9999482 -.0098044 -.0027445
T 1702  1 .1334484E+07   4000021E-01  .2452E+04  .4529E+04   .9993278  .0277753  .0239261
T 1703  1 .1321811E+07   4000010E-01 -.2673E+04 -.2001E+04   .9999143 -.0037788 -.0125382
T 1704  1 .1302569E+07   4000006E-01  .2234E+04  .1842E+04   .9999709  .0055617  .0052281
T 1705  1 .1292708E+07   4000002E-01 -.1000E+04  .5301E+03   .9997417 -.0190649 -.0123691
T 1706  1 .1300104E+07   4000018E-01 -.2314E+04  .1615E+04   .9997421 -.0220839  .0052872
T 1707  1 .1340544E+07   4000006E-01  .1409E+04  .2797E+04   .9999345  .0074192  .0087185
T 1708  1 .1275373E+07   4000018E-01  .1493E+05 -.3507E+05   .9346818  .1716629 -.3112904
T 1709  1 .1275085E+07   4000007E-01  .5467E+04  .7640E+03   .9993064  .0369415 -.0046929
T 1710  1 .1293590E+07   4000016E-01  .3292E+04  .2468E+04   .9999565  .0081529  .0045284
T 1711  1 .1329409E+07   4000010E-01  .2243E+04 -.1310E+04   .9999988  .0013512 -.0007733
T 1712  1 .1255843E+07   4000020E-01 -.1874E+04  .4480E+04   .9999024 -.0095989  .0101466
T 1713  1 .1312273E+07   4000022E-01 -.2944E+04  .3070E+04   .9994580 -.0326838  .0039307
T 1714  1 .1275719E+07   4000009E-01  .1463E+04  .3045E+04   .9996503 -.0072738  .0254225
T 1715  1 .1310125E+07   4000015E-01 -.3853E+04  .7063E+04   .9984706  .0178567  .0523212
T 1716  1 .1299790E+07   4000017E-01 -.6852E+04  .2614E+04   .9996262 -.0273144  .0011842
T 1717  1 .1308796E+07   4000021E-01 -.4483E+03 -.5398E+04   .9998520 -.0048681 -.0165016
T 1718  1 .1312632E+07   4000007E-01 -.2450E+04 -.9095E+03   .9999059 -.0129706  .0044693
T 1719  1 .1321584E+07   4000021E-01 -.3006E+04 -.4424E+04   .9998970 -.0059850 -.0130446
T 1720  1 .1334318E+07   4000017E-01 -.2950E+03  .1017E+05   .9983848  .0036184  .0566991
T 1721  1 .1328959E+07   4000022E-01 -.5521E+03 -.1490E+04   .9999102 -.0125602 -.0046742
T 1722  1 .1347220E+07   4000001E-01 -.9571E+03  .4855E+04   .9993118  .0180072  .0324309
T 1723  1 .1289175E+07   4000017E-01  .3217E+04  .5188E+03   .9998931  .0146220 -.0002699
T 1724  1 .1290301E+07   4000007E-01  .2234E+04 -.1527E+04   .9998361  .0155871 -.0092128
T 1725  1 .1314737E+07   4000012E-01 -.7029E+04 -.5805E+03   .9987839 -.0489976 -.0054795
T 1726  1 .1286792E+07   4000021E-01  .3912E+04 -.9796E+03   .9998005  .0194716  .0044552
T 1727  1 .1235729E+07   4000005E-01  .8120E+02  .4162E+03   .9997944  .0008049 -.0202600
T 1728  1 .1302377E+07   4000013E-01  .3364E+03  .6961E+03   .9999937  .0035191  .0003467
T 1729  1 .1279272E+07   4000019E-01  .4149E+04 -.3624E+04   .9995019  .0121724 -.0291173
T 1730  1 .1321872E+07   4000016E-01  .2432E+04  .6098E+04   .9997246 -.0026065  .0233242
T 1731  1 .1275472E+07   4000016E-01 -.7195E+03  .1195E+04   .9999094 -.0121709  .0057486
T 1732  1 .1306699E+07   4000002E-01 -.6599E+03  .1855E+01   .9997705  .0057306  .0206415
T 1733  1 .1292073E+07   4000021E-01  .2882E+04 -.3252E+04   .9999030  .0078624 -.0114934
T 1734  1 .1323742E+07   4000020E-01 -.2629E+04  .1792E+03   .9997883 -.0204206  .0025390
T 1735  1 .1286929E+07   4000005E-01 -.5176E+04  .4985E+04   .9999859 -.0045752 -.0026864
T 1736  1 .1311847E+07   4000022E-01 -.1794E+04  .6923E+04   .9996784  .0027440  .0252098
T 1737  1 .1308069E+07   4000003E-01  .2252E+04 -.7465E+04   .9996523  .0035446 -.0261273
T 1738  1 .1271940E+07   4000008E-01  .2966E+04 -.8090E+03   .9995721  .0229350 -.0181560
T 1739  1 .1344526E+07   4000012E-01 -.3000E+03 -.6088E+04   .9999381 -.0078746 -.0078616
T 1740  1 .1337713E+07   4000010E-01 -.5996E+04 -.4690E+04   .9994837 -.0304588 -.0102292
T 1741  1 .1294580E+07   4000014E-01  .1980E+04 -.2687E+04   .9996252 -.0183637 -.0203021
T 1742  1 .1313740E+07   4000015E-01  .1143E+04 -.2978E+04   .9986756  .0364115 -.0363500
T 1743  1 .1310173E+07   4000021E-01 -.6243E+03 -.1733E+04   .9999601 -.0078515 -.0042645
T 1744  1 .1315582E+07   4000010E-01  .2130E+04 -.2358E+04   .9999141  .0080248 -.0103607
T 1745  1 .1309367E+07   4000017E-01 -.3979E+04  .3654E+04   .9997590 -.0213093  .0052756
T 1746  1 .1351157E+07   4000020E-01  .1352E+03 -.3445E+04   .9998826  .0050391 -.0144699
T 1747  1 .1260784E+07   4000019E-01  .2910E+04  .4424E+04   .9997730  .0045087  .0208238
T 1748  1 .1290846E+07   4000000E-01 -.7175E+04 -.1042E+05   .9993656 -.0166650 -.0314762
T 1749  1 .1281685E+07   4000015E-01 -.2396E+05  .9524E+04   .9942308 -.1017591  .0339148
T 1750  1 .1312331E+07   4000008E-01  .1001E+04 -.2991E+04   .9999758  .0051014 -.0047292
T 1751  1 .1289531E+07   4000012E-01 -.1407E+04  .6579E+03   .9999517 -.0095634  .0022461
T 1752  1 .1305770E+07   4000021E-01 -.3561E+04  .1964E+04   .9995358 -.0200937  .0229007
T 1753  1 .1274471E+07   4000007E-01  .7948E+03 -.7703E+04   .9999442  .0007366 -.0105412
T 1754  1 .1319804E+07   4000019E-01 -.1375E+04  .2768E+03   .9999684 -.0059088 -.0053135
T 1755  1 .1288900E+07   4000023E-01 -.1700E+04 -.2973E+04   .9996999 -.0235269 -.0068327
T 1756  1 .1308163E+07   4000020E-01 -.2213E+04  .9635E+03   .9999768 -.0033958  .0059067
T 1757  1 .1317215E+07   4000016E-01 -.1508E+03  .5941E+04   .9997038 -.0041876  .0239757
T 1758  1 .1303392E+07   4000017E-01  .6697E+04 -.4945E+04   .9996512  .0134240 -.0227418
T 1759  1 .1282994E+07   4000007E-01  .2137E+04 -.6832E+04   .9994972  .0026684 -.0315951
T 1760  1 .1319794E+07   4000003E-01  .7683E+03  .1733E+04   .9999516 -.0046764  .0086528
T 1761  1 .1323103E+07   4000001E-01  .5218E+04  .4988E+03   .9996651  .0258265  .0016282
T 1762  1 .1309931E+07   4000001E-01 -.1193E+04  .2843E+04   .9998580 -.0095433  .0138924
T 1763  1 .1312558E+07   4000008E-01  .1006E+04  .4787E+04   .9993794  .0260838  .0236756
T 1764  1 .1333522E+07   4000022E-01  .3119E+04  .3432E+03   .9999847  .0035616 -.0042357
T 1765  1 .1315040E+07   4000002E-01  .9653E+03 -.1913E+04   .9998173  .0169226 -.0088918
T 1766  1 .1337641E+07   4000019E-01  .2900E+04  .3775E+04   .9997474  .0131724  .0182132
T 1767  1 .1287852E+07   4000011E-01 -.1837E+04 -.1790E+03   .9999500  .0061493  .0078823
T 1768  1 .1303506E+07   4000022E-01 -.1651E+04 -.3648E+04   .9998882  .0045056 -.0142582
T 1769  1 .1277637E+07   4000002E-01  .8470E+04 -.3309E+04   .9988712  .0396464 -.0261628
T 1770  1 .1313230E+07   4000018E-01  .3635E+04  .3544E+03   .9998468  .0029711 -.0172487
T 1771  1 .1287314E+07   4000019E-01  .5430E+04  .2267E+04   .9995005  .0301963  .0093212
T 1772  1 .1313943E+07   4000013E-01 -.5597E+04 -.3022E+04   .9997817 -.0207745  .0022295
T 1773  1 .1327112E+07   4000006E-01 -.3292E+04 -.1954E+04   .9999051 -.0067822 -.0119920
T 1774  1 .1306703E+07   4000019E-01 -.1416E+03  .2630E+04   .9985088  .0154008  .0523744
T 1775  1 .1314561E+07   4000016E-01 -.1611E+04  .2880E+03   .9999910 -.0042421  .0001519
T 1776  1 .1311140E+07   4000015E-01 -.1011E+04 -.3323E+04   .9996644 -.0025602 -.0257799
T 1777  1 .1338233E+07   4000001E-01  .2273E+05  .8208E+04   .9979148  .0602841  .0230605
T 1778  1 .1351015E+07   4000006E-01 -.1798E+03  .2996E+04   .9999700  .0000090  .0077423
T 1779  1 .1310244E+07   4000014E-01  .3395E+03  .1543E+04   .9993799  .0195955  .0292561
T 1780  1 .1293856E+07   4000018E-01 -.5900E+02 -.2002E+04   .9998025 -.0088689 -.0177843
T 1781  1 .1346052E+07   4000017E-01  .1573E+04 -.6305E+03   .9999947  .0029746 -.0013471
T 1782  1 .1359502E+07   4000021E-01 -.9863E+04 -.8814E+03   .9982052 -.0597391 -.0041892
T 1783  1 .1311168E+07   4000002E-01  .1800E+04  .5119E+04   .9967393  .0707345  .0388252
T 1784  1 .1326407E+07   4000019E-01  .4786E+03  .4758E+04   .9995950 -.0027396  .0283242
T 1785  1 .1338899E+07   4000015E-01 -.1318E+04  .1185E+04   .9998682 -.0130364  .0096767
T 1786  1 .1305104E+07   4000016E-01 -.3343E+04 -.7031E+03   .9998804 -.0153303 -.0020623
T 1787  1 .1291139E+07   4000017E-01 -.5603E+04  .1787E+04   .9985410 -.0527700  .0114533
T 1788  1 .1292096E+07   4000004E-01 -.1407E+04 -.5279E+04   .9995673 -.0110500 -.0272615
T 1789  1 .1292768E+07   4000018E-01  .8664E+03 -.1400E+04   .9997645  .0127367 -.0175713
T 1790  1 .1300808E+07   4000013E-01 -.2064E+04  .6347E+04   .9987570 -.0395872  .0302880
T 1791  1 .1296371E+07   4000017E-01 -.1496E+04  .1988E+04   .9999374 -.0089724  .0066791
T 1792  1 .1313419E+07   4000021E-01 -.6497E+03  .4689E+04   .9996879  .0009959  .0249640
T 1793  1 .1313300E+07   4000013E-01  .7119E+04 -.2250E+04   .9998969 -.0131552 -.0057570
T 1794  1 .1304001E+07   4000008E-01  .1712E+03 -.1058E+04   .9999662  .0044795  .0069001
T 1795  1 .1302083E+07   4000022E-01  .5643E+04 -.1433E+04   .9998961  .0126261 -.0069601
T 1796  1 .1307642E+07   4000013E-01 -.4582E+02  .2583E+04   .9999529  .0047431 -.0084731
T 1797  1 .1276573E+07   4000019E-01  .3500E+04  .1972E+05   .9976352  .0053843  .0685204
T 1798  1 .1315188E+07   4000018E-01 -.4082E+05  .3915E+05   .9887906 -.1117777  .0989889
T 1799  1 .1334350E+07   4000005E-01 -.3708E+04 -.5337E+04   .9997352 -.0103346 -.0205626
T 1800  1 .1337221E+07   4000022E-01 -.5257E+03 -.9765E+03   .9996761 -.0243713  .0073364
T 1801  1 .1296256E+07   4000011E-01  .1951E+04  .1962E+04   .9999910  .0041435  .0009044
T 1802  1 .1322488E+07   4000021E-01  .5724E+04 -.3915E+04   .9986834  .0509317  .0061204
T 1803  1 .1287433E+07   4000022E-01 -.3522E+04  .5531E+04   .9998991 -.0137998 -.0033788
T 1804  1 .1277440E+07   4000019E-01 -.2808E+04 -.3080E+04   .9995804 -.0085604 -.0276722
T 1805  1 .1335411E+07   4000001E-01  .4627E+04 -.2495E+04   .9999779  .0059351  .0029896
T 1806  1 .1310630E+07   4000020E-01 -.1842E+04  .2275E+04   .9999660 -.0015294  .0080978
T 1807  1 .1350734E+07   4000018E-01  .5362E+04 -.1932E+04   .9994286  .0327241  .0084572
T 1808  1 .1339121E+07   4000018E-01  .1568E+04  .2026E+04   .9999312  .0089262 -.0076107
T 1809  1 .1328916E+07   4000002E-01 -.8843E+03 -.2012E+04   .9998690  .0011806 -.0161430
T 1810  1 .1289747E+07   4000022E-01 -.9980E+04  .2131E+05   .9977246 -.0293263  .0607085
T 1811  1 .1324337E+07   4000015E-01 -.1176E+04 -.3030E+04   .9999856 -.0006885 -.0053202
T 1812  1 .1273644E+07   4000006E-01 -.4882E+04 -.4206E+04   .9994076 -.0207161 -.0274822
T 1813  1 .1330162E+07   4000021E-01  .1304E+04 -.3463E+03   .9998843  .0136495  .0067164
T 1814  1 .1310531E+07   4000021E-01  .3012E+04  .1142E+05   .9989145  .0195170  .0422961
T 1815  1 .1282304E+07   4000008E-01  .9333E+03 -.4111E+04   .9964227  .0782635  .0318844
T 1816  1 .1312137E+07   4000007E-01  .1105E+04  .1163E+03   .9999841  .0036780 -.0042725
T 1817  1 .1294866E+07   4000021E-01  .2975E+04 -.5537E+04   .9975424  .0474392 -.0515620
T 1818  1 .1285425E+07   4000019E-01  .2230E+05 -.3227E+05   .8853902  .2519887 -.3906224
T 1819  1 .1286487E+07   4000019E-01 -.4981E+04 -.7298E+03   .9604987 -.2588847 -.1020832
T 1820  1 .1310756E+07   4000017E-01 -.9586E+04  .7651E+03   .9991173 -.0415067 -.0064687
T 1821  1 .1331993E+07   4000007E-01 -.5940E+04 -.3213E+04   .9999075 -.0133332 -.0026907
T 1822  1 .1293408E+07   4000014E-01 -.4515E+05 -.5660E+05   .9817273 -.1127075 -.1533251
T 1823  1 .1319064E+07   4000021E-01 -.2567E+04  .1943E+04   .9999451 -.0062553 -.0084038
T 1824  1 .1310810E+07   4000007E-01  .2121E+04  .5170E+04   .9999516  .0015529  .0097150
T 1825  1 .1305400E+07   4000000E-01 -.1762E+04  .2768E+04   .9998728 -.0159046  .0012042
T 1826  1 .1282421E+07   4000004E-01  .1113E+04 -.2745E+02   .9999480  .0024846  .0098880
T 1827  1 .1290536E+07   4000018E-01 -.2739E+03 -.4368E+04   .9995204 -.0189134 -.0245202
T 1828  1 .1264941E+07   4000012E-01 -.5094E+03  .3933E+04   .9992213  .0211230  .0333272
T 1829  1 .1301812E+07   4000014E-01  .4675E+04  .9415E+04   .9992919  .0162342  .0339442
T 1830  1 .1303999E+07   4000013E-01  .4613E+04  .5062E+04   .9996583  .0095921  .0243147
T 1831  1 .1332995E+07   4000002E-01 -.6529E+04  .2428E+04   .9995015 -.0309824  .0060759
T 1832  1 .1317808E+07   4000007E-01  .5316E+04 -.4187E+04   .9994639  .0183612 -.0271055
T 1833  1 .1304596E+07   4000019E-01  .4681E+04  .1055E+05   .9966729  .0528550  .0620442
T 1834  1 .1284029E+07   4000008E-01 -.2710E+04 -.5293E+04   .9996696 -.0146991 -.0210861
T 1835  1 .1315331E+07   4000015E-01  .1232E+04 -.3979E+04   .9997016 -.0106655 -.0219784
T 1836  1 .1323481E+07   4000003E-01  .6915E+03 -.1889E+04   .9998500  .0088819 -.0148722
T 1837  1 .1306829E+07   4000000E-01  .2114E+04  .4783E+04   .9994826  .0179301  .0267021
T 1838  1 .1291881E+07   4000016E-01 -.2395E+03  .5801E+04   .9995876  .0200206  .0205877
T 1839  1 .1316982E+07   4000009E-01  .3393E+04  .5986E+04   .9995379  .0192504  .0235262
T 1840  1 .1305341E+07   4000018E-01  .2032E+04 -.1375E+04   .9997674  .0053439 -.0208932
T 1841  1 .1343962E+07   4000022E-01  .1677E+04  .7804E+04   .9991999 -.0048886  .0396956
T 1842  1 .1287724E+07   4000014E-01 -.1425E+04 -.2232E+04   .9999189  .0119995 -.0042558
T 1843  1 .1293739E+07   4000021E-01  .9089E+04  .3328E+04   .9973146  .0628986  .0375156
T 1844  1 .1282361E+07   4000022E-01 -.1801E+04 -.5925E+04   .9994148  .0075292 -.0333657
T 1845  1 .1278551E+07   4000000E-01 -.3387E+04 -.2391E+04   .9997048 -.0137683 -.0200185
T 1846  1 .1346136E+07   4000011E-01 -.2271E+04 -.1167E+03   .9997738 -.0204191 -.0059587
T 1847  1 .1287452E+07   4000019E-01  .6068E+04 -.6747E+04   .9991940  .0300901 -.0265712
T 1848  1 .1268944E+07   4000016E-01 -.1105E+04 -.3866E+04   .9996383  .0018899 -.0268285
T 1849  1 .1292163E+07   4000022E-01 -.3414E+04  .9779E+03   .9996532 -.0224354  .0137885
T 1850  1 .1325594E+07   4000014E-01 -.5901E+04  .1749E+04   .9991077 -.0412647  .0090029
T 1851  1 .1304327E+07   4000021E-01  .2243E+04 -.3704E+03   .9998936  .0093031  .0112361
T 1852  1 .1329014E+07   4000020E-01  .3236E+04  .1221E+05   .9988230  .0146950  .0462241
T 1853  1 .1329836E+07   4000001E-01  .8840E+04  .4089E+04   .9992852  .0375889  .0040204
T 1854  1 .1297572E+07   4000011E-01 -.4231E+04 -.2037E+04   .9997500 -.0221991 -.0026682
T 1855  1 .1301216E+07   4000004E-01  .6189E+04 -.6067E+04   .9993425  .0289909 -.0217725
T 1856  1 .1339214E+07   4000002E-01 -.1130E+04 -.3523E+04   .9994984  .0159073 -.0273826
T 1857  1 .1340089E+07   4000011E-01  .4421E+03  .2709E+03   .9997109  .0235220  .0049734
T 1858  1 .1312936E+07   4000002E-01  .3327E+03 -.4276E+03   .9999669  .0061989  .0052745
T 1859  1 .1326858E+07   4000022E-01  .9763E+03 -.8095E+03   .9999946 -.0000216  .0032777
T 1860  1 .1302594E+07   4000020E-01 -.4845E+04 -.1150E+05   .9994276 -.0220883 -.0256249
T 1861  1 .1326682E+07   4000016E-01  .1889E+04 -.8395E+04   .9995719 -.0004634 -.0292552
T 1862  1 .1300942E+07   4000017E-01  .1719E+04 -.9169E+03   .9999197  .0123364  .0029057
T 1863  1 .1336821E+07   4000012E-01  .6147E+02  .1526E+03   .9997571  .0100376  .0196231
T 1864  1 .1276044E+07   4000021E-01  .3585E+04 -.1367E+04   .9998546  .0170460 -.0003722
T 1865  1 .1367533E+07   4000000E-01 -.1378E+04 -.4724E+04   .9995312 -.0097376 -.0290280
T 1866  1 .1301525E+07   4000022E-01 -.4298E+04 -.2229E+04   .9997319 -.0229398 -.0031393
T 1867  1 .1299244E+07   4000008E-01  .4804E+04 -.4350E+03   .9993954  .0333902  .0096925
T 1868  1 .1332697E+07   4000005E-01  .1057E+04 -.8110E+04   .9994716 -.0124236 -.0300349
T 1869  1 .1288534E+07   4000011E-01 -.4288E+04  .1033E+04   .9998665 -.0060045 -.0151975
T 1870  1 .1280691E+07   4000005E-01  .7266E+03  .4601E+03   .9999803  .0041569 -.0046992
T 1871  1 .1297391E+07   4000015E-01  .1901E+04 -.4483E+04   .9999975  .0016787 -.0014910
T 1872  1 .1333419E+07   4000000E-01  .4262E+04 -.1056E+05   .9978690  .0131390 -.0639129
T 1873  1 .1309103E+07   4000000E-01  .3704E+04 -.3135E+04   .9997669  .0143761 -.0161061
T 1874  1 .1321050E+07   4000019E-01 -.1647E+04 -.3222E+04   .9997684 -.0058945 -.0206963
T 1875  1 .1308397E+07   4000022E-01 -.5420E+04  .4481E+04   .9992539 -.0309378  .0231195
T 1876  1 .1321695E+07   4000021E-01 -.4976E+03 -.4653E+04   .9996280  .0110088 -.0249534
T 1877  1 .1322209E+07   4000013E-01  .1485E+04  .5768E+04   .9994176  .0107615  .0323840
T 1878  1 .1295769E+07   4000004E-01  .2391E+04 -.1896E+04   .9998947  .0113293 -.0090735
T 1879  1 .1313867E+07   4000020E-01 -.3697E+04  .4939E+04   .9993762 -.0279052  .0216471
T 1880  1 .1280347E+07   4000011E-01 -.8031E+04 -.2701E+04   .9999630  .0002748  .0086016
T 1881  1 .1322874E+07   4000020E-01 -.7550E+03  .4616E+03   .9998826 -.0103957 -.0112582
T 1882  1 .1324127E+07   4000007E-01  .5705E+04  .5307E+04   .9994229  .0279174  .0193508
T 1883  1 .1303888E+07   4000017E-01 -.7071E+04 -.7433E+04   .9987444 -.0361579 -.0346738
T 1884  1 .1292392E+07   4000010E-01  .1411E+04 -.2395E+04   .9999823  .0007985 -.0058913
T 1885  1 .1330597E+07   4000001E-01 -.5596E+03 -.5824E+03   .9999606 -.0027549  .0084388
T 1886  1 .1309149E+07   4000010E-01 -.5194E+03  .2545E+04   .9998575  .0163846  .0040617
T 1887  1 .1311073E+07   4000009E-01 -.6532E+04 -.1415E+04   .9997633 -.0217557 -.0001839
T 1888  1 .1297337E+07   4000020E-01  .1766E+04  .4198E+04   .9999497 -.0098542  .0018579
T 1889  1 .1318082E+07   4000017E-01  .1567E+04 -.2958E+04   .9998794  .0111762 -.0107869
T 1890  1 .1343703E+07   4000006E-01  .1006E+04 -.3292E+04   .9998733  .0063420 -.0145982
T 1891  1 .1304246E+07   4000016E-01  .1546E+04  .8180E+03   .9998556  .0165020  .0040659
T 1892  1 .1305064E+07   4000009E-01  .2915E+04  .2431E+04   .9999033 -.0012531  .0138480
T 1893  1 .1288983E+07   4000013E-01  .1641E+04 -.2236E+04   .9999541 -.0036036 -.0088783
T 1894  1 .1302696E+07   4000010E-01  .7080E+03  .8453E+04   .9996461 -.0072458  .0255950
T 1895  1 .1296708E+07   4000008E-01  .2724E+04 -.2720E+04   .9991756  .0324938  .0243382
T 1896  1 .1349981E+07   4000019E-01 -.4009E+04  .9744E+04   .9992496 -.0171369  .0347358
T 1897  1 .1294280E+07   4000016E-01 -.7780E+03  .2135E+04   .9994872 -.0041143  .0317549
T 1898  1 .1266380E+07   4000022E-01  .1532E+04 -.1457E+04   .9999824 -.0046122  .0037427
T 1899  1 .1342083E+07   4000009E-01  .9340E+02 -.1152E+05   .9992164 -.0017898 -.0395384
T 1900  1 .1301316E+07   4000017E-01  .3052E+04  .4315E+04   .9995798  .0238824  .0164290
T 1901  1 .1297470E+07   4000002E-01 -.2364E+04  .4566E+04   .9999190 -.0037538  .0121610
T 1902  1 .1331597E+07   4000012E-01 -.6799E+04  .6472E+04   .9944497 -.0305824  .1006705
T 1903  1 .1258799E+07   4000021E-01  .4826E+04 -.1243E+04   .9990094  .0444738 -.0015153
T 1904  1 .1281100E+07   4000019E-01  .3400E+03 -.7301E+03   .9999834 -.0053241  .0022250
T 1905  1 .1286484E+07   4000013E-01  .9231E+03  .1390E+04   .9998031  .0198097  .0011462
T 1906  1 .1299791E+07   4000011E-01  .2570E+04  .1159E+04   .9999702  .0054529 -.0054587
T 1907  1 .1341666E+07   4000017E-01 -.3142E+04 -.6889E+04   .9988488 -.0058745 -.0476091
T 1908  1 .1330999E+07   4000005E-01 -.1834E+04 -.1784E+04   .9999254 -.0061289 -.0105625
T 1909  1 .1353000E+07   4000004E-01  .4961E+04  .1167E+04   .9996617  .0260017  .0006850
T 1910  1 .1274736E+07   4000009E-01 -.1818E+03  .3876E+04   .9999483  .0013412  .0100758
T 1911  1 .1346662E+07   4000005E-01  .2033E+04  .1529E+04   .9996658  .0168473 -.0196065
T 1912  1 .1295519E+07   4000016E-01 -.2393E+04  .3627E+05   .9721384 -.0341104  .2319126
T 1913  1 .1316949E+07   4000006E-01 -.1273E+04  .1660E+04   .9999664  .0079478  .0020002
T 1914  1 .1349151E+07   4000005E-01 -.1876E+04 -.1618E+04   .9999533 -.0091874 -.0029920
T 1915  1 .1314546E+07   4000015E-01  .2290E+04  .3042E+03   .9999529  .0051291  .0082389
T 1916  1 .1295379E+07   4000023E-01 -.3060E+04 -.3360E+03   .9998556 -.0146944  .0085302
T 1917  1 .1343677E+07   4000019E-01 -.5195E+03 -.2968E+03   .9999485  .0078282  .0064653
T 1918  1 .1317248E+07   4000013E-01 -.1051E+02 -.2227E+04   .9998890  .0089645 -.0119008
T 1919  1 .1309313E+07   4000021E-01  .1180E+05  .1010E+04   .9974604  .0683610  .0199882
T 1920  1 .1351534E+07   4000012E-01  .2773E+04  .1372E+03   .9999110 -.0131046  .0024858
T 1921  1 .1293908E+07   4000004E-01 -.1890E+04  .5497E+04   .9995537 -.0016422  .0298277
T 1922  1 .1319930E+07   4000018E-01  .2086E+04 -.5710E+04   .9995068  .0147878 -.0277047
T 1923  1 .1297179E+07   4000001E-01  .5789E+04 -.2850E+04   .9998507  .0127195 -.0116944
T 1924  1 .1357529E+07   4000022E-01 -.4347E+04 -.8483E+04   .9988461 -.0127938 -.0462906
T 1925  1 .1351962E+07   4000001E-01 -.1259E+04  .4053E+04   .9999794  .0044539 -.0046304
T 1926  1 .1284852E+07   4000012E-01  .1562E+03 -.5485E+03   .9997535 -.0216427 -.0049549
T 1927  1 .1347131E+07   4000013E-01  .1956E+04  .1408E+04   .9998958  .0113939  .0088695
T 1928  1 .1329999E+07   4000010E-01  .3102E+04  .1805E+04   .9998313  .0153457 -.0100954
T 1929  1 .1309319E+07   4000019E-01 -.3232E+03 -.2421E+04   .9999469  .0049910 -.0090209
T 1930  1 .1250032E+07   4000016E-01  .3743E+03  .5067E+04   .9998993  .0130732  .0055295
T 1931  1 .1325653E+07   4000016E-01 -.3190E+04 -.7854E+03   .9998641 -.0103161  .0128615
T 1932  1 .1319643E+07   4000004E-01  .2829E+04  .4439E+03   .9999767  .0008360  .0067821
T 1933  1 .1305427E+07   4000011E-01 -.5257E+03  .8294E+04   .9993696  .0073402  .0347352
T 1934  1 .1342885E+07   4000002E-01 -.2145E+03  .2625E+04   .9999716 -.0023975  .0071459
T 1935  1 .1332883E+07   4000021E-01  .1419E+04  .1047E+05   .9993594  .0011371  .0357710
T 1936  1 .1327018E+07   4000022E-01 -.1515E+04 -.2269E+04   .9995907  .0285943  .0008419
T 1937  1 .1287997E+07   4000014E-01 -.5474E+04 -.9677E+03   .9989800 -.0408395  .0192648
T 1938  1 .1314377E+07   4000018E-01  .5532E+04  .2111E+04   .9995103  .0312895  .0003646
T 1939  1 .1331377E+07   4000019E-01  .7078E+04  .4464E+04   .9988783  .0469821  .0059006
T 1940  1 .1320042E+07   4000002E-01  .1131E+05  .3857E+04   .9988395  .0461269  .0138567
T 1941  1 .1296524E+07   4000018E-01  .4643E+04 -.1146E+05   .9991635  .0131593 -.0387197
T 1942  1 .1298266E+07   4000009E-01  .1629E+04  .5778E+04   .9995439  .0220189  .0206693
T 1943  1 .1307071E+07   4000008E-01  .1432E+04 -.7205E+03   .9998764  .0103401 -.0118473
T 1944  1 .1367049E+07   4000011E-01  .1402E+03  .1209E+04   .9999852 -.0008459  .0053671
T 1945  1 .1298308E+07   4000016E-01 -.3836E+04  .1363E+04   .9996785 -.0227999  .0110913
T 1946  1 .1277676E+07   4000004E-01  .1040E+03 -.2444E+04   .9986566  .0086046 -.0510970
T 1947  1 .1318002E+07   4000013E-01  .7428E+03  .1856E+04   .9999964 -.0020517  .0017010
T 1948  1 .1315952E+07   4000008E-01 -.2660E+03 -.4384E+03   .9999977 -.0021348 -.0001225
T 1949  1 .1316168E+07   4000000E-01  .8187E+04  .9576E+04   .9989889  .0286303  .0346612
T 1950  1 .1310467E+07   4000021E-01  .1421E+04 -.4357E+04   .9998815  .0120282 -.0096054
T 1951  1 .1314805E+07   4000008E-01  .3602E+04  .2226E+04   .9999448  .0054510  .0089793
T 1952  1 .1301491E+07   4000017E-01  .5184E+03 -.2004E+04   .9997875 -.0152807 -.0138383
T 1953  1 .1325329E+07   4000014E-01 -.2590E+04 -.4629E+03   .9999766  .0058063  .0036271
T 1954  1 .1319181E+07   4000002E-01 -.2279E+04  .2640E+04   .9997352 -.0102665  .0205935
T 1955  1 .1327342E+07   4000020E-01 -.4728E+04  .1077E+04   .9998538 -.0166625  .0038447
T 1956  1 .1312419E+07   4000020E-01 -.4203E+03  .2300E+04   .9999602  .0049664 -.0074115
T 1957  1 .1312466E+07   4000018E-01 -.4555E+03  .2182E+04   .9999816  .0003596  .0060489
T 1958  1 .1344950E+07   4000013E-01  .3125E+04  .4236E+03   .9996015 -.0171015  .0224588
T 1959  1 .1338777E+07   4000003E-01  .1629E+04  .2298E+03   .9997592  .0136520  .0171790
T 1960  1 .1332485E+07   4000011E-01 -.1110E+04  .5332E+03   .9999371 -.0026333 -.0109033
T 1961  1 .1317620E+07   4000017E-01  .7107E+03  .4346E+04   .9997953  .0198270  .0040209
T 1962  1 .1334300E+07   4000010E-01  .4166E+03 -.1241E+04   .9999981 -.0014944  .0012183
T 1963  1 .1330361E+07   4000020E-01  .5072E+04 -.4083E+04   .9991336  .0213463 -.0357265
T 1964  1 .1318838E+07   4000017E-01 -.1896E+04 -.3345E+04   .9992155 -.0099366 -.0383362
T 1965  1 .1313546E+07   4000007E-01 -.3561E+04 -.1684E+04   .9998637 -.0120884 -.0112487
T 1966  1 .1311282E+07   4000021E-01  .2267E+04 -.1855E+04   .9998391  .0179372 -.0000526
T 1967  1 .1320958E+07   4000002E-01  .2783E+04 -.8133E+03   .9995157  .0238700 -.0199654
T 1968  1 .1305659E+07   4000009E-01 -.4886E+04  .6481E+03   .9997234 -.0184408  .0145975
T 1969  1 .1328436E+07   4000008E-01 -.7340E+04  .3539E+04   .9991264 -.0417855  .0006267
T 1970  1 .1310704E+07   4000010E-01  .1742E+04 -.9822E+03   .9999698  .0050645 -.0058948
T 1971  1 .1300389E+07   4000004E-01  .1009E+03 -.5806E+04   .9999554  .0019741 -.0092393
T 1972  1 .1311184E+07   4000016E-01  .2550E+03 -.3452E+04   .9997658 -.0134133  .0169819
T 1973  1 .1333839E+07   4000015E-01  .4118E+04 -.5031E+04   .9997236  .0198683 -.0125726
T 1974  1 .1339085E+07   4000000E-01 -.5262E+04  .2937E+04   .9995503 -.0298553  .0027873
T 1975  1 .1321351E+07   4000010E-01  .5823E+04 -.2917E+04   .9989900  .0429501 -.0132030
T 1976  1 .1311093E+07   4000016E-01  .5610E+04 -.5843E+04   .9989282  .0052717 -.0459846
T 1977  1 .1311013E+07   4000013E-01  .1614E+05  .8302E+04   .9948791  .0927733  .0401093
T 1978  1 .1349958E+07   4000012E-01 -.7165E+03 -.2128E+04   .9998453 -.0140997 -.0105176
T 1979  1 .1369217E+07   4000011E-01  .3786E+04  .9617E+03   .9997531  .0213515 -.0061582
T 1980  1 .1337167E+07   4000010E-01  .3390E+04 -.1958E+04   .9997785  .0205810 -.0044128
T 1981  1 .1307323E+07   4000020E-01 -.6696E+04 -.6650E+04   .9989592 -.0146244 -.0432036
T 1982  1 .1301989E+07   4000017E-01 -.4230E+04 -.2825E+03   .9997842 -.0122788 -.0167564
T 1983  1 .1321895E+07   4000008E-01 -.4147E+04  .5102E+04   .9994677 -.0222186  .0238881
T 1984  1 .1344460E+07   4000022E-01 -.2719E+04 -.2684E+03   .9996882 -.0226248 -.0105671
T 1985  1 .1352453E+07   4000015E-01 -.1756E+03 -.1398E+04   .9999639  .0034847  .0077466
T 1986  1 .1274375E+07   4000016E-01  .5913E+03  .4804E+03   .9998353  .0168772  .0066682
T 1987  1 .1310573E+07   4000022E-01 -.6437E+03 -.7864E+03   .9956841  .0255562  .0892193
T 1988  1 .1337145E+07   4000006E-01  .3580E+04  .6621E+02   .9993915  .0250549 -.0242686
T 1989  1 .1307534E+07   4000022E-01  .5466E+03  .3955E+04   .9999217  .0002734  .0125073
T 1990  1 .1339310E+07   4000022E-01  .8896E+04  .6098E+04   .9986865  .0290953  .0421741
T 1991  1 .1351449E+07   4000018E-01  .3853E+04  .5445E+04   .9995080  .0166833  .0265584
T 1992  1 .1292153E+07   4000005E-01  .7898E+04  .2647E+04   .9995129  .0291161  .0112349
T 1993  1 .1323790E+07   4000017E-01  .3266E+04 -.2835E+04   .9997977  .0138754 -.0145642
T 1994  1 .1279141E+07   4000000E-01 -.2596E+04 -.4105E+04   .9999021  .0059280 -.0126749
T 1995  1 .1299788E+07   4000004E-01 -.6288E+00 -.3978E+04   .9999554  .0079027 -.0051747
T 1996  1 .1300034E+07   4000022E-01  .3639E+04  .2913E+04   .9993641  .0183918  .0305488
T 1997  1 .1297659E+07   4000020E-01 -.1007E+04  .4165E+04   .9998396  .0024912  .0177363
T 1998  1 .1291072E+07   4000012E-01  .4447E+04  .1626E+04   .9996806  .0233487  .0096703
T 1999  1 .1293604E+07   4000017E-01 -.3002E+03  .7547E+03   .9999952  .0031106 -.0001482
T 2000  1 .1289188E+07   4000014E-01  .1019E+04 -.1853E+04   .9999167  .0127889 -.0017523
T 2001  1 .1312370E+07   4000022E-01 -.1452E+04  .4967E+04   .9989915 -.0111516  .0434918
T 2002  1 .1319735E+07   4000010E-01  .4523E+03 -.6211E+03   .9999738  .0062013 -.0037459
T 2003  1 .1350906E+07   4000005E-01  .2727E+03  .5256E+04   .9997671 -.0072970  .0203115
T 2004  1 .1336742E+07   4000004E-01 -.1433E+04 -.2853E+04   .9999245  .0040652 -.0115992
T 2005  1 .1298401E+07   4000014E-01 -.1184E+04 -.3033E+04   .9999270 -.0025947 -.0118001
T 2006  1 .1303747E+07   4000004E-01  .1400E+05  .2321E+04   .9993904  .0342682 -.0066775
T 2007  1 .1291944E+07   4000014E-01  .2442E+04 -.1000E+05   .9994468  .0084179 -.0321763
T 2008  1 .1286146E+07   4000015E-01 -.1176E+04 -.5044E+04   .9998381 -.0053018 -.0171921
T 2009  1 .1323728E+07   4000015E-01  .2934E+04  .4764E+04   .9996359  .0109130  .0246755
T 2010  1 .1343064E+07   4000020E-01 -.3343E+04  .2335E+04   .9997105  .0137027  .0197798
T 2011  1 .1326147E+07   4000022E-01 -.1645E+04 -.3577E+04   .9995390 -.0119220 -.0279224
T 2012  1 .1324846E+07   4000022E-01  .6815E+03  .4124E+03   .9999176  .0002269 -.0128325
T 2013  1 .1310824E+07   4000004E-01  .1331E+05 -.4980E+04   .9987896  .0452046 -.0193888
T 2014  1 .1324891E+07   4000020E-01  .7628E+04 -.1140E+05   .9972069  .0735827 -.0128048
T 2015  1 .1308896E+07   4000013E-01 -.3351E+04 -.3084E+04   .9999166 -.0081522 -.0100200
T 2016  1 .1272151E+07   4000018E-01  .3064E+04 -.8567E+04   .9994627 -.0010637 -.0327609
T 2017  1 .1287313E+07   4000016E-01 -.6158E+04  .5135E+04   .9986550 -.0467501  .0224195
T 2018  1 .1274928E+07   4000000E-01 -.3048E+04 -.3172E+03   .9997753 -.0175437 -.0118950
T 2019  1 .1303043E+07   4000005E-01 -.3024E+04 -.2003E+04   .9999176 -.0128217 -.0006803
T 2020  1 .1290924E+07   4000016E-01  .2568E+04 -.1455E+04   .9985706 -.0169743 -.0506820
T 2021  1 .1274913E+07   4000017E-01 -.4374E+04  .1162E+04   .9998433 -.0164792  .0064655
T 2022  1 .1322346E+07   4000015E-01  .1313E+04  .4313E+04   .9997491 -.0067282  .0213649
T 2023  1 .1312022E+07   4000001E-01 -.9335E+04  .2598E+04   .9991976 -.0377965  .0132477
T 2024  1 .1316710E+07   4000022E-01 -.1128E+04  .1163E+04   .9998999 -.0093034 -.0106556
T 2025  1 .1322709E+07   4000013E-01  .2291E+04 -.3954E+04   .9999802 -.0030698 -.0054874
T 2026  1 .1333342E+07   4000020E-01 -.1165E+04 -.1849E+04   .9999619  .0016847 -.0085653
T 2027  1 .1289642E+07   4000001E-01  .1466E+04  .1454E+03   .9996910  .0248017 -.0016896
T 2028  1 .1303553E+07   4000016E-01  .4421E+04 -.6260E+03   .9996206  .0275148 -.0012596
T 2029  1 .1300907E+07   4000009E-01 -.4158E+04  .4239E+03   .9994784 -.0317579 -.0058602
T 2030  1 .1301732E+07   4000021E-01 -.4439E+04 -.6026E+04   .9994026 -.0229171 -.0258694
T 2031  1 .1331772E+07   4000022E-01 -.3993E+04 -.7129E+04   .9995162 -.0099989 -.0294502
T 2032  1 .1317789E+07   4000003E-01  .5724E+03 -.3871E+04   .9998629  .0012095 -.0165168
T 2033  1 .1339665E+07   4000004E-01 -.2556E+04 -.6982E+04   .9996585 -.0176226 -.0192956
T 2034  1 .1288979E+07   4000017E-01  .6859E+04 -.4638E+03   .9992184  .0395096 -.0012436
T 2035  1 .1302732E+07   4000020E-01  .3305E+04  .2669E+04   .9996324  .0269732  .0027391
T 2036  1 .1343996E+07   4000000E-01 -.1173E+04 -.1773E+03   .9999696 -.0068048  .0038134
T 2037  1 .1320057E+07   4000019E-01  .8540E+04 -.8291E+04   .9984956  .0440162 -.0326984
T 2038  1 .1282916E+07   4000003E-01  .2461E+04  .1289E+03   .9999225 -.0007898 -.0124267
T 2039  1 .1337287E+07   4000014E-01 -.7166E+01 -.1488E+04   .9998481  .0168969 -.0042686
T 2040  1 .1293218E+07   4000003E-01 -.1802E+02  .6917E+01   .9996610  .0086403 -.0245600
T 2041  1 .1354600E+07   4000014E-01  .6763E+04 -.1160E+04   .9996012  .0238913  .0150516
T 2042  1 .1306061E+07   4000019E-01  .1200E+04  .1624E+04   .9998969  .0139889 -.0032269
T 2043  1 .1274600E+07   4000022E-01  .4729E+04  .9579E+03   .9996005  .0273134  .0072703
T 2044  1 .1324945E+07   4000016E-01 -.5930E+04  .3685E+04   .9996027 -.0255529  .0118938
T 2045  1 .1304630E+07   4000020E-01  .4660E+03  .4509E+03   .9999387  .0027992  .0107084
T 2046  1 .1305926E+07   4000010E-01 -.4510E+04 -.3283E+04   .9992390 -.0074996 -.0382772
T 2047  1 .1326239E+07   4000006E-01 -.2150E+04  .9921E+03   .9999483 -.0058125  .0083375
T 2048  1 .1283975E+07   4000011E-01 -.4123E+04  .9301E+04   .9967946 -.0376495  .0705904
T 2049  1 .1299598E+07   4000017E-01  .5065E+04 -.5507E+01   .9999151  .0130084 -.0007347
T 2050  1 .1327458E+07   4000021E-01 -.3426E+04  .6239E+04   .9994329 -.0192416  .0276338
T 2051  1 .1318522E+07   4000007E-01 -.4383E+03  .7160E+03   .9973069 -.0096587  .0727024
T 2052  1 .1328669E+07   4000021E-01 -.1444E+04 -.8990E+03   .9998884 -.0137604 -.0058143
T 2053  1 .1312176E+07   4000004E-01 -.4950E+03  .4038E+04   .9998791  .0106098  .0113715
T 2054  1 .1289525E+07   4000009E-01  .2655E+04  .8978E+04   .9994183 -.0024078  .0340189
T 2055  1 .1307858E+07   4000021E-01 -.4374E+04 -.2760E+04   .9994950 -.0297414 -.0111850
T 2056  1 .1333151E+07   4000012E-01  .4933E+04  .2351E+04   .9996556  .0250472  .0078277
T 2057  1 .1307543E+07   4000009E-01  .4972E+04  .7861E+02   .9990165  .0380398 -.0227820
T 2058  1 .1295618E+07   4000017E-01  .2095E+04  .1061E+04   .9999878  .0019748  .0045292
T 2059  1 .1321510E+07   4000001E-01 -.3954E+04  .1912E+04   .9996720 -.0086465  .0241063
T 2060  1 .1359806E+07   4000013E-01 -.7373E+02 -.2109E+04   .9998099 -.0193433 -.0024542
T 2061  1 .1315644E+07   4000019E-01 -.2968E+03  .1614E+04   .9999274 -.0069652 -.0098357
T 2062  1 .1284006E+07   4000012E-01 -.1065E+04  .3305E+04   .9999378  .0015739  .0110438
T 2063  1 .1312562E+07   4000008E-01  .6632E+04  .6200E+04   .9983707  .0458379  .0339829
T 2064  1 .1263327E+07   4000018E-01  .1389E+04 -.5518E+04   .9997116 -.0008716 -.0239997
T 2065  1 .1296008E+07   4000010E-01 -.2197E+04 -.6294E+03   .9997621 -.0211132 -.0054760
T 2066  1 .1336370E+07   4000019E-01 -.1088E+04  .2232E+04   .9941848  .0246129 -.1048373
T 2067  1 .1329484E+07   4000005E-01  .6552E+03  .6066E+04   .9999821  .0041923  .0042586
T 2068  1 .1312879E+07   4000013E-01  .4227E+04 -.1166E+04   .9999026  .0136946 -.0027071
T 2069  1 .1354747E+07   4000005E-01 -.9700E+04 -.1001E+05   .9981852 -.0316783 -.0512128
T 2070  1 .1291632E+07   4000004E-01 -.1959E+04  .1712E+04   .9998533 -.0146397 -.0088900
T 2071  1 .1300743E+07   4000019E-01  .1898E+04 -.3606E+04   .9997859  .0144087 -.0148476
T 2072  1 .1338474E+07   4000023E-01 -.6515E+03 -.2758E+04   .9999228  .0045378 -.0115652
T 2073  1 .1304828E+07   4000010E-01  .1509E+03  .1089E+04   .9998450  .0058670 -.0166013
T 2074  1 .1284170E+07   4000022E-01 -.2854E+04  .4756E+04   .9998937 -.0117198  .0086780
T 2075  1 .1318020E+07   4000018E-01  .9338E+03  .4615E+04   .9991760  .0125764  .0385885
T 2076  1 .1332971E+07   4000010E-01 -.1431E+04  .3102E+04   .9993007  .0144672  .0344791
T 2077  1 .1311873E+07   4000003E-01  .7098E+04 -.4582E+04   .9965394  .0813137 -.0172440
T 2078  1 .1308890E+07   4000000E-01  .2782E+04 -.1077E+04   .9993944  .0323429 -.0128342
T 2079  1 .1307736E+07   4000020E-01 -.8246E+03  .6321E+03   .9999661  .0060845  .0055407
T 2080  1 .1323950E+07   4000022E-01 -.4084E+03  .4748E+03   .9997931 -.0196144  .0053904
T 2081  1 .1344183E+07   4000002E-01  .3377E+03  .7150E+04   .9995367  .0075878  .0294769
T 2082  1 .1321457E+07   4000020E-01  .3369E+04 -.1663E+04   .9993882  .0136131  .0322164
T 2083  1 .1302391E+07   4000002E-01  .5907E+03 -.7846E+04   .9953914  .0245294 -.0927053
T 2084  1 .1303518E+07   4000006E-01  .1972E+04 -.5316E+03   .9997965  .0030345 -.0199414
T 2085  1 .1329756E+07   4000011E-01 -.1937E+04 -.1851E+04   .9998726 -.0009799 -.0159330
T 2086  1 .1303934E+07   4000016E-01  .5771E+04 -.5109E+04   .9994892  .0151422 -.0281440
T 2087  1 .1318602E+07   4000008E-01 -.5565E+04  .1814E+04   .9988207 -.0483393 -.0045338
T 2088  1 .1337760E+07   4000001E-01  .5929E+04  .5003E+04   .9998689  .0149766  .0061626
T 2089  1 .1294614E+07   4000021E-01  .1803E+04  .1718E+04   .9999927  .0008545  .0037357
T 2090  1 .1312644E+07   4000003E-01  .1644E+04  .3392E+04   .9991452  .0121791  .0395027
T 2091  1 .1323951E+07   4000014E-01 -.2471E+04 -.4177E+04   .9993407 -.0098492 -.0349465
T 2092  1 .1344305E+07   4000020E-01  .1111E+04 -.3182E+04   .9998812  .0085830 -.0128005
T 2093  1 .1299810E+07   4000007E-01  .1262E+02  .4674E+04   .9994779 -.0315086  .0071485
T 2094  1 .1306075E+07   4000021E-01  .4696E+04 -.3080E+04   .9996230  .0089470 -.0259575
T 2095  1 .1280863E+07   4000021E-01 -.2367E+04  .1502E+04   .9999820 -.0048305  .0035649
T 2096  1 .1331232E+07   4000015E-01  .4915E+04  .1929E+04   .9994526  .0283781 -.0170029
T 2097  1 .1316130E+07   4000017E-01 -.1602E+04 -.4213E+03   .9998280 -.0120320  .0141165
T 2098  1 .1298001E+07   4000002E-01 -.8943E+03 -.2637E+04   .9998601 -.0089053 -.0141575
T 2099  1 .1328981E+07   4000020E-01 -.1426E+04 -.3413E+04   .9995935 -.0056520 -.0279452
T 2100  1 .1314170E+07   4000022E-01  .6543E+03 -.1868E+04   .9999760  .0054032 -.0043410
T 2101  1 .1282176E+07   4000017E-01  .3221E+03  .3473E+04   .9997750  .0096386  .0188966
T 2102  1 .1244254E+07   4000015E-01  .3322E+01  .7054E+02   .9999171 -.0063383  .0112067
T 2103  1 .1281803E+07   4000017E-01  .7631E+04 -.8454E+03   .9987273  .0483203 -.0144576
T 2104  1 .1283466E+07   4000007E-01 -.3205E+04 -.2690E+04   .9995235 -.0294869 -.0091252
T 2105  1 .1324492E+07   4000020E-01  .1001E+04  .1990E+04   .9997843 -.0110378  .0175908
T 2106  1 .1356945E+07   4000000E-01 -.9921E+04  .5997E+04   .9995850 -.0201699  .0205653
T 2107  1 .1351361E+07   4000020E-01 -.1593E+04  .9443E+04   .9994279 -.0234569  .0243639
T 2108  1 .1295474E+07   4000019E-01 -.2207E+04 -.1303E+04   .9998807 -.0106181 -.0112201
T 2109  1 .1336718E+07   4000004E-01  .2479E+04 -.1017E+04   .9997952  .0056721  .0194254
T 2110  1 .1324852E+07   4000018E-01  .2103E+03  .1967E+03   .9999913 -.0014995  .0038800
T 2111  1 .1322597E+07   4000015E-01  .2757E+04 -.1341E+04   .9999639  .0014110 -.0083740
T 2112  1 .1274117E+07   4000019E-01  .4235E+04 -.1552E+04   .9998545  .0142668 -.0093471
T 2113  1 .1323718E+07   4000020E-01  .4470E+04 -.1267E+04   .9999441  .0083252 -.0065198
T 2114  1 .1289067E+07   4000012E-01 -.4968E+03 -.5011E+04   .9989839 -.0089990 -.0441606
T 2115  1 .1327781E+07   4000015E-01  .2533E+05  .2625E+05   .9805127  .1371390  .1406689
T 2116  1 .1317483E+07   4000003E-01  .2816E+03  .3707E+04   .9949872  .0658552  .0752572
T 2117  1 .1298407E+07   4000001E-01 -.2795E+04 -.1031E+04   .9998517 -.0153067  .0078975
T 2118  1 .1267805E+07   4000013E-01  .2227E+04  .4032E+04   .9997185  .0192024  .0139347
T 2119  1 .1273082E+07   4000000E-01 -.1239E+04  .2299E+04   .9999773  .0013643  .0065921
T 2120  1 .1328936E+07   4000021E-01 -.9745E+03  .4668E+04   .9998873  .0092779  .0118015
T 2121  1 .1311327E+07   4000016E-01 -.4104E+04 -.8323E+03   .9998743 -.0156156  .0027376
T 2122  1 .1311997E+07   4000002E-01 -.3977E+04  .1390E+04   .9997565 -.0119176  .0185706
T 2123  1 .1296540E+07   4000018E-01  .5732E+04  .4716E+04   .9990723  .0273506  .0332651
T 2124  1 .1314754E+07   4000001E-01  .2720E+04 -.4691E+03   .9985035  .0534354  .0116354
T 2125  1 .1326185E+07   4000001E-01  .3280E+04 -.7851E+03   .9999041 -.0137877 -.0012750
T 2126  1 .1291334E+07   4000012E-01 -.3527E+04 -.2668E+04   .9998655 -.0036579 -.0159901
T 2127  1 .1268272E+07   4000005E-01 -.2326E+04 -.4075E+04   .9984410 -.0520309 -.0202077
T 2128  1 .1325511E+07   4000013E-01  .7619E+04  .5599E+03   .9997136  .0218729  .0097111
T 2129  1 .1295651E+07   4000016E-01 -.1303E+05  .1577E+04   .9985820 -.0521936 -.0104783
T 2130  1 .1282223E+07   4000007E-01 -.3396E+04  .1426E+03   .9997692 -.0155286 -.0148493
T 2131  1 .1312860E+07   4000014E-01  .3347E+04 -.2001E+04   .9998470  .0173948 -.0018294
T 2132  1 .1332479E+07   4000011E-01  .5537E+03 -.1336E+04   .9997811 -.0186483 -.0094813
T 2133  1 .1302863E+07   4000013E-01 -.3799E+04 -.7896E+03   .9987855  .0079216 -.0486283
T 2134  1 .1320028E+07   4000010E-01 -.1571E+04  .1820E+04   .9977382 -.0565048 -.0364111
T 2135  1 .1335678E+07   4000017E-01 -.2814E+04  .2113E+04   .9998352 -.0141264  .0114067
T 2136  1 .1343859E+07   4000012E-01 -.3172E+04  .4686E+03   .9999240 -.0120971 -.0023889
T 2137  1 .1289936E+07   4000005E-01 -.1769E+03 -.5445E+04   .9997553  .0051866 -.0215029
T 2138  1 .1274431E+07   4000021E-01 -.6054E+04 -.1974E+04   .9994370 -.0321735  .0095120
T 2139  1 .1337080E+07   4000018E-01  .2384E+04  .7366E+03   .9999469  .0101610 -.0017338
T 2140  1 .1270040E+07   4000021E-01  .1494E+04  .2771E+03   .9999614 -.0050348 -.0071975
T 2141  1 .1308861E+07   4000004E-01 -.4986E+03 -.9397E+03   .9999655 -.0082926  .0005013
T 2142  1 .1266485E+07   4000019E-01  .1840E+04  .1108E+04   .9999340  .0039861  .0107794
T 2143  1 .1301809E+07   4000005E-01  .2684E+04 -.3671E+04   .9996582  .0181324 -.0188341
T 2144  1 .1315846E+07   4000012E-01  .4985E+04 -.2515E+04   .9995439  .0211142 -.0215899
T 2145  1 .1308939E+07   4000022E-01  .2591E+04 -.6761E+03   .9999318  .0045472 -.0107576
T 2146  1 .1239558E+07   4000021E-01 -.2191E+04  .1141E+04   .9998812 -.0113496  .0104298
T 2147  1 .1296674E+07   4000015E-01 -.3048E+04 -.5574E+04   .9998808 -.0031982 -.0151071
T 2148  1 .1289584E+07   4000020E-01  .7848E+04 -.6698E+03   .9989099  .0461818 -.0067979
T 2149  1 .1280013E+07   4000013E-01  .1867E+04  .5909E+04   .9998912  .0146432  .0017850
T 2150  1 .1309600E+07   4000022E-01 -.5507E+04 -.4528E+04   .9992364 -.0349007 -.0175661
T 2151  1 .1294950E+07   4000016E-01  .5741E+04 -.3072E+04   .9998650  .0022517 -.0162752
T 2152  1 .1311337E+07   4000005E-01  .5734E+03  .4953E+04   .9998512 -.0088098  .0148319
T 2153  1 .1280175E+07   4000013E-01 -.3454E+04  .3621E+04   .9997303  .0005334  .0232181
T 2154  1 .1330186E+07   4000021E-01  .6590E+04  .5749E+04   .9993853  .0128431  .0326190
T 2155  1 .1336910E+07   4000022E-01 -.6231E+04 -.2513E+04   .9995538 -.0170506 -.0245247
T 2156  1 .1315927E+07   4000022E-01  .4437E+04  .9709E+04   .9991959  .0107546  .0386256
T 2157  1 .1345888E+07   4000021E-01 -.1871E+04  .8813E+03   .9994257 -.0125118  .0314918
T 2158  1 .1345231E+07   4000014E-01 -.2033E+04 -.2440E+04   .9997114 -.0225239  .0083499
T 2159  1 .1293779E+07   4000018E-01 -.3902E+04 -.5795E+04   .9994567 -.0261193 -.0201024
T 2160  1 .1320433E+07   4000018E-01  .3641E+04  .1890E+04   .9994298  .0289574  .0173660
T 2161  1 .1331148E+07   4000010E-01  .2787E+03  .1194E+04   .9995420  .0233334  .0192682
T 2162  1 .1257529E+07   4000014E-01  .7803E+03 -.2047E+04   .9999570 -.0092017  .0011539
T 2163  1 .1310681E+07   4000004E-01 -.1781E+04 -.4137E+04   .9999362 -.0107192 -.0035516
T 2164  1 .1348224E+07   4000003E-01  .2241E+03 -.2097E+04   .9999179  .0015583 -.0127163
T 2165  1 .1331609E+07   4000003E-01 -.2291E+03  .4100E+04   .9993277 -.0274733  .0242760
T 2166  1 .1305746E+07   4000004E-01 -.4662E+04  .7009E+04   .9991083 -.0165217  .0388551
T 2167  1 .1338262E+07   4000021E-01  .1134E+04  .2248E+04   .9998802  .0018550  .0153692
T 2168  1 .1337522E+07   4000013E-01 -.2329E+04  .3684E+04   .9997639 -.0150397  .0156849
T 2169  1 .1324999E+07   4000001E-01 -.3485E+04  .3422E+03   .9998421 -.0164848  .0066396
T 2170  1 .1333481E+07   4000010E-01  .2401E+04 -.1232E+04   .9998473  .0117957  .0128961
T 2171  1 .1313371E+07   4000003E-01  .5811E+03  .2942E+04   .9996090 -.0238477  .0146010
T 2172  1 .1312753E+07   4000012E-01  .9695E+04  .3476E+04   .9995895  .0250867  .0138362
T 2173  1 .1294930E+07   4000013E-01  .1906E+04 -.4770E+04   .9999234  .0105038 -.0065412
T 2174  1 .1327592E+07   4000004E-01 -.4951E+04 -.8012E+04   .9999589 -.0079021 -.0044556
T 2175  1 .1323929E+07   4000009E-01  .9673E+03  .2055E+04   .9999956 -.0006932 -.0028957
T 2176  1 .1294893E+07   4000018E-01 -.1461E+04 -.4207E+04   .9998158 -.0041988 -.0187286
T 2177  1 .1313027E+07   4000009E-01  .4736E+04  .6018E+03   .9993627  .0353395  .0050388
T 2178  1 .1305811E+07   4000017E-01  .7996E+04  .6940E+04   .9993440  .0301074  .0201285
T 2179  1 .1304094E+07   4000016E-01  .2940E+04  .2856E+03   .9998084  .0090504 -.0173553
T 2180  1 .1315061E+07   4000020E-01 -.8170E+03  .2601E+04   .9994322 -.0276686  .0192257
T 2181  1 .1369448E+07   4000016E-01  .4558E+04  .4033E+04   .9995528  .0206712  .0216082
T 2182  1 .1260302E+07   4000005E-01  .1021E+05 -.8630E+04   .9986882  .0268977 -.0435696
T 2183  1 .1300953E+07   4000000E-01  .6185E+04  .1559E+04   .9997638  .0213254 -.0041838
T 2184  1 .1324950E+07   4000002E-01 -.2998E+04 -.1962E+04   .9998972 -.0123229  .0073356
T 2185  1 .1278686E+07   4000012E-01  .3999E+04  .1862E+04   .9999019  .0105686  .0091927
T 2186  1 .1273446E+07   4000012E-01  .2421E+04 -.3495E+04   .9999340  .0051178 -.0102873
T 2187  1 .1328697E+07   4000021E-01 -.4589E+03  .3646E+04   .9997768  .0016992  .0210604
T 2188  1 .1307153E+07   4000010E-01 -.5538E+04 -.3800E+04   .9984074 -.0067173 -.0560131
T 2189  1 .1290106E+07   4000014E-01  .1861E+04 -.2196E+04   .9992988  .0222386 -.0301229
T 2190  1 .1337356E+07   4000020E-01 -.5649E+04  .1550E+04   .9998948 -.0140628  .0035639
T 2191  1 .1348612E+07   4000002E-01  .2795E+04  .8959E+03   .9997638  .0217148 -.0009325
T 2192  1 .1319160E+07   4000003E-01  .1729E+04  .3162E+04   .9997985  .0130582  .0152490
T 2193  1 .1335214E+07   4000008E-01 -.6018E+04  .1451E+05   .9982465 -.0406891  .0429911
T 2194  1 .1283093E+07   4000011E-01 -.5483E+04  .5467E+04   .9994822 -.0273624  .0169274
T 2195  1 .1307031E+07   4000000E-01  .1596E+04 -.9254E+03   .9998660  .0161174 -.0028752
T 2196  1 .1301881E+07   4000020E-01  .5342E+03  .2479E+04   .9999718 -.0004441  .0074977
T 2197  1 .1287166E+07   4000006E-01  .2523E+04  .1793E+03   .9998975  .0138097 -.0037852
T 2198  1 .1319310E+07   4000014E-01  .4648E+04 -.1833E+04   .9998465  .0106253 -.0139334
T 2199  1 .1324857E+07   4000017E-01 -.1870E+03  .3086E+04   .9990877  .0266607  .0333613
T 2200  1 .1313626E+07   4000022E-01  .3577E+04 -.3055E+04   .9997930  .0170258 -.0111405
T 2201  1 .1278647E+07   4000010E-01  .8297E+04  .2369E+04   .9986062  .0487174  .0203059
T 2202  1 .1295500E+07   4000011E-01 -.7534E+04 -.1001E+04   .9989502 -.0443656 -.0114141
T 2203  1 .1334827E+07   4000005E-01 -.5568E+04 -.1582E+04   .9997118 -.0238881 -.0023865
T 2204  1 .1333650E+07   4000021E-01 -.3581E+04 -.4640E+04   .9999516 -.0051028  .0084154
T 2205  1 .1277904E+07   4000017E-01  .4964E+04  .4852E+04   .9989433  .0361660  .0283595
T 2206  1 .1288380E+07   4000000E-01  .2528E+04 -.9261E+04   .9984766  .0150497 -.0530850
T 2207  1 .1305413E+07   4000004E-01 -.7533E+04  .1771E+04   .9995473 -.0273162  .0126130
T 2208  1 .1343693E+07   4000021E-01 -.4401E+04 -.4039E+04   .9996587 -.0186388 -.0183057
T 2209  1 .1304957E+07   4000008E-01  .1136E+05  .4472E+04   .9982670  .0567388  .0156122
T 2210  1 .1304903E+07   4000015E-01 -.5260E+04 -.5765E+03   .9983340 -.0554405  .0159866
T 2211  1 .1331254E+07   4000020E-01  .1202E+03 -.3173E+03   .9999791  .0064240 -.0007209
T 2212  1 .1306189E+07   4000018E-01 -.7520E+04  .4511E+04   .9991917 -.0343379  .0209016
T 2213  1 .1326793E+07   4000018E-01 -.2636E+04 -.7326E+04   .9992905 -.0223653 -.0303041
T 2214  1 .1290841E+07   4000006E-01  .1481E+04 -.5711E+04   .9995700 -.0015675 -.0292793
T 2215  1 .1253117E+07   4000019E-01 -.2146E+04 -.4101E+04   .9995797  .0055486 -.0284545
T 2216  1 .1308008E+07   4000021E-01 -.3296E+04 -.9845E+04   .9993385 -.0244530 -.0269188
T 2217  1 .1311068E+07   4000018E-01  .2604E+03  .3330E+04   .9992585 -.0240797  .0300431
T 2218  1 .1325433E+07   4000001E-01 -.3437E+04  .1659E+05   .9947059 -.0153449  .1016105
T 2219  1 .1348726E+07   4000017E-01  .2682E+04 -.6642E+03   .9997565  .0219027  .0026883
T 2220  1 .1345813E+07   4000010E-01  .5650E+04  .2029E+04   .9994275  .0196600  .0275332
T 2221  1 .1316824E+07   4000016E-01 -.2234E+04  .3323E+04   .9994187 -.0285368  .0186535
T 2222  1 .1331880E+07   4000018E-01 -.3417E+04 -.3811E+04   .9986091 -.0337398 -.0405161
T 2223  1 .1325521E+07   4000016E-01 -.1417E+04 -.2181E+04   .9999002 -.0136943 -.0034827
T 2224  1 .1331306E+07   4000019E-01  .1825E+05  .2429E+05   .9944657  .0624769  .0844669
T 2225  1 .1341772E+07   4000018E-01  .1530E+03 -.1681E+05   .9989128  .0095725 -.0456248
T 2226  1 .1282722E+07   4000023E-01 -.3367E+04  .4562E+03   .9995042 -.0294961  .0110148
T 2227  1 .1280272E+07   4000012E-01 -.6861E+03 -.2212E+04   .9999592 -.0087066 -.0024000
T 2228  1 .1284186E+07   4000010E-01 -.3989E+04 -.1136E+04   .9998236 -.0186423 -.0022900
T 2229  1 .1300589E+07   4000019E-01 -.2221E+04  .2321E+04   .9999785 -.0065028 -.0008533
T 2230  1 .1317843E+07   4000018E-01 -.2939E+04 -.4384E+04   .9998488 -.0166539 -.0049925
T 2231  1 .1300921E+07   4000012E-01  .4717E+03 -.1600E+04   .9996301 -.0164641 -.0216478
T 2232  1 .1308384E+07   4000014E-01  .9847E+03 -.3530E+04   .9998618 -.0086191 -.0142142
T 2233  1 .1302530E+07   4000011E-01 -.5680E+03 -.1797E+04   .9999563 -.0068181 -.0063912
T 2234  1 .1269417E+07   4000012E-01  .2016E+04  .1187E+03   .9999688  .0077570  .0014701
T 2235  1 .1318273E+07   4000017E-01 -.8258E+03 -.2874E+04   .9998631  .0133977 -.0097112
T 2236  1 .1289235E+07   4000007E-01 -.2782E+04  .1441E+04   .9997756 -.0114547  .0178199
T 2237  1 .1279121E+07   4000004E-01 -.2543E+03  .1109E+03   .9995757 -.0238460 -.0167273
T 2238  1 .1310417E+07   4000022E-01  .1042E+05  .2629E+04   .9982823  .0568167  .0142961
T 2239  1 .1280431E+07   4000020E-01 -.2777E+04 -.2939E+03   .9999610 -.0080242 -.0036797
T 2240  1 .1290476E+07   4000013E-01  .5648E+04 -.4130E+04   .9958109  .0784358 -.0469949
T 2241  1 .1275428E+07   4000001E-01 -.5997E+04 -.1056E+05   .9985733 -.0126609 -.0518764
T 2242  1 .1329565E+07   4000002E-01  .1580E+04 -.3319E+04   .9998338  .0153712 -.0098061
T 2243  1 .1307916E+07   4000021E-01  .8084E+04  .1772E+04   .9988058  .0482383  .0077516
T 2244  1 .1305571E+07   4000001E-01  .1771E+04  .3243E+04   .9991644  .0280322  .0297439
T 2245  1 .1335004E+07   4000019E-01  .1526E+04 -.3046E+04   .9990071  .0271224 -.0353430
T 2246  1 .1288387E+07   4000017E-01  .1688E+04 -.4100E+04   .9999673  .0008110 -.0080512
T 2247  1 .1279714E+07   4000023E-01  .4307E+04 -.9431E+03   .9980454  .0063145  .0621740
T 2248  1 .1295661E+07   4000021E-01  .9433E+03 -.2346E+04   .9997492 -.0144259 -.0171310
T 2249  1 .1329876E+07   4000013E-01  .2384E+04 -.5122E+04   .9998468  .0003009 -.0175015
T 2250  1 .1325760E+07   4000018E-01  .7773E+03 -.3057E+04   .9992307 -.0072180 -.0385486
T 2251  1 .1319647E+07   4000014E-01 -.1531E+04 -.5489E+04   .9998773  .0112226 -.0109254
T 2252  1 .1316483E+07   4000015E-01  .5986E+04 -.2511E+04   .9890128  .1183019 -.0886476
T 2253  1 .1288532E+07   4000017E-01 -.1074E+04  .4724E+04   .9997552 -.0005391  .0221169
T 2254  1 .1318083E+07   4000015E-01 -.1157E+03 -.1089E+03   .9998914  .0128796  .0071689
T 2255  1 .1329698E+07   4000014E-01  .2548E+04  .1020E+04   .9998425  .0140280  .0108707
T 2256  1 .1308450E+07   4000021E-01 -.1540E+04 -.1874E+04   .9993942  .0347118 -.0025084
T 2257  1 .1290434E+07   4000009E-01 -.6418E+04 -.2726E+03   .9991147 -.0415043 -.0068658
T 2258  1 .1316117E+07   4000018E-01 -.1441E+04 -.5353E+04   .9999233 -.0115613 -.0044489
T 2259  1 .1297855E+07   4000007E-01 -.1467E+04 -.5446E+04   .9994073 -.0130438 -.0318587
T 2260  1 .1286217E+07   4000005E-01 -.2989E+04  .6384E+04   .9994484 -.0247218  .0221748
T 2261  1 .1309662E+07   4000017E-01 -.7045E+04  .1862E+04   .9998474 -.0156112  .0078455
T 2262  1 .1300982E+07   4000001E-01 -.4748E+04  .8841E+03   .9999391  .0094030  .0057829
T 2263  1 .1331113E+07   4000020E-01  .1751E+04  .1588E+04   .9997778  .0177909  .0113032
T 2264  1 .1311522E+07   4000014E-01  .4681E+04 -.1470E+04   .9996338  .0261380  .0070120
T 2265  1 .1313010E+07   4000007E-01  .1099E+04  .5023E+03   .9996444  .0097826  .0248048
T 2266  1 .1314536E+07   4000023E-01  .2044E+03 -.1449E+04   .9999688 -.0060737 -.0050580
T 2267  1 .1327005E+07   4000018E-01 -.6687E+03  .2225E+04   .9998498 -.0173158 -.0006780
T 2268  1 .1280300E+07   4000021E-01 -.4551E+04  .1033E+05   .9969921 -.0515676  .0578585
T 2269  1 .1318941E+07   4000022E-01 -.3210E+04 -.2409E+04   .9998324 -.0085584  .0161831
T 2270  1 .1272738E+07   4000019E-01 -.6130E+04 -.7494E+03   .9998205 -.0186656 -.0032350
T 2271  1 .1317159E+07   4000021E-01  .2847E+05  .5564E+04   .9909163  .1302349  .0335232
T 2272  1 .1272619E+07   4000020E-01  .5479E+04 -.1498E+04   .9998457  .0171004  .0040296
T 2273  1 .1307353E+07   4000005E-01 -.1164E+04  .1651E+04   .9997740 -.0110580  .0181550
T 2274  1 .1301501E+07   4000011E-01 -.1382E+04  .1323E+04   .9997457  .0013536  .0225086
T 2275  1 .1304707E+07   4000017E-01 -.1094E+04  .2205E+04   .9999506 -.0088833  .0044513
T 2276  1 .1320511E+07   4000011E-01 -.1127E+04  .2920E+04   .9998423 -.0097275  .0148604
T 2277  1 .1287640E+07   4000019E-01  .2001E+04  .3330E+04   .9997242  .0052324  .0228936
T 2278  1 .1314607E+07   4000017E-01 -.1478E+04  .6280E+03   .9999847  .0052821 -.0016542
T 2279  1 .1326524E+07   4000020E-01 -.1071E+03 -.7366E+03   .9983971 -.0461430  .0327722
T 2280  1 .1352773E+07   4000017E-01 -.3547E+04  .3772E+03   .9998558 -.0154352  .0070814
T 2281  1 .1282533E+07   4000019E-01 -.3010E+04  .1571E+04   .9999271 -.0020637 -.0119005
T 2282  1 .1306116E+07   4000020E-01 -.2616E+04  .2500E+04   .9999739 -.0065424  .0030807
T 2283  1 .1312805E+07   4000015E-01 -.3001E+04  .3104E+04   .9998990 -.0135973  .0041459
T 2284  1 .1297196E+07   4000020E-01  .1446E+05  .1991E+04   .9983434  .0560337  .0130665
T 2285  1 .1314402E+07   4000011E-01  .2648E+03  .1788E+04   .9999332 -.0114922  .0012335
T 2286  1 .1329142E+07   4000001E-01  .2419E+04  .1838E+04   .9996945  .0240047 -.0058916
T 2287  1 .1264461E+07   4000014E-01  .1087E+05  .5552E+04   .9993831  .0305998  .0172329
T 2288  1 .1284182E+07   4000021E-01  .4775E+04 -.5677E+04   .9986627  .0497030 -.0142244
T 2289  1 .1292982E+07   4000011E-01  .1429E+04 -.5344E+04   .9993783  .0187004 -.0298884
T 2290  1 .1303929E+07   4000019E-01 -.2543E+04  .6612E+04   .9994155 -.0195817  .0280227
T 2291  1 .1306473E+07   4000013E-01  .2814E+04 -.3026E+03   .9997053  .0238354 -.0046091
T 2292  1 .1325926E+07   4000005E-01 -.3912E+04 -.3518E+04   .9998202  .0186852  .0032168
T 2293  1 .1336035E+07   4000006E-01 -.3360E+04  .5463E+03   .9997914 -.0202886 -.0023538
T 2294  1 .1343947E+07   4000013E-01  .6204E+04 -.4104E+04   .9997763  .0117735 -.0175733
T 2295  1 .1286354E+07   4000006E-01 -.2219E+04 -.3260E+04   .9998182 -.0146758 -.0121769
T 2296  1 .1327099E+07   4000001E-01  .2881E+04  .1352E+04   .9999406  .0087046  .0065619
T 2297  1 .1337859E+07   4000019E-01 -.6765E+04 -.7692E+04   .9986002 -.0223485 -.0479394
T 2298  1 .1353148E+07   4000017E-01  .1121E+04  .3319E+04   .9998355  .0076238  .0164575
T 2299  1 .1321057E+07   4000017E-01 -.2553E+04 -.1465E+04   .9925051  .0607130  .1060542
T 2300  1 .1312991E+07   4000013E-01 -.5982E+03  .4201E+04   .9996808  .0119405  .0222663
T 2301  1 .1307033E+07   4000009E-01  .4702E+04 -.3804E+04   .9995469  .0288766 -.0084966
T 2302  1 .1302101E+07   4000020E-01 -.1384E+03 -.3602E+04   .9997674 -.0022657 -.0214462
T 2303  1 .1280569E+07   4000019E-01  .1728E+03 -.3590E+04   .9999255  .0048273 -.0112153
T 2304  1 .1254232E+07   4000017E-01 -.2533E+05 -.1273E+06   .9234077 -.0631731 -.3785859
T 2305  1 .1331684E+07   4000000E-01 -.3047E+04 -.9042E+03   .9998742  .0115519 -.0108709
T 2306  1 .1339362E+07   4000023E-01 -.7906E+04  .1172E+05   .9977504 -.0353865  .0569378
T 2307  1 .1302752E+07   4000021E-01 -.3368E+04  .3272E+02   .9993381 -.0354325  .0082378
T 2308  1 .1295741E+07   4000005E-01  .7399E+04  .8293E+03   .9997172  .0171024 -.0165217
T 2309  1 .1326288E+07   4000016E-01  .5137E+03 -.1380E+04   .9996534  .0254833 -.0066051
T 2310  1 .1328645E+07   4000022E-01  .1273E+04  .3527E+04   .9998476  .0069570  .0160121
T 2311  1 .1333243E+07   4000001E-01 -.3586E+04 -.2761E+04   .9996075 -.0106718 -.0259023
T 2312  1 .1358836E+07   4000021E-01 -.4451E+04  .1444E+04   .9992856 -.0366537  .0092131
T 2313  1 .1332286E+07   4000018E-01 -.4765E+04 -.1797E+04   .9992417 -.0368487  .0125759
T 2314  1 .1323969E+07   4000008E-01  .5793E+03  .4119E+04   .9998405  .0168299  .0059735
T 2315  1 .1326356E+07   4000014E-01  .2266E+04  .9052E+03   .9999261  .0118982  .0025027
T 2316  1 .1287345E+07   4000006E-01  .5692E+03  .1351E+03   .9999870  .0044193  .0025344
T 2317  1 .1306328E+07   4000012E-01 -.4894E+04 -.8254E+04   .9996649 -.0040244 -.0255706
T 2318  1 .1276963E+07   4000006E-01 -.1546E+04 -.2186E+04   .9997984  .0018335 -.0199934
T 2319  1 .1254600E+07   4000003E-01  .4333E+04  .1307E+04   .9998006 -.0019985  .0198663
T 2320  1 .1352188E+07   4000017E-01 -.1546E+03  .1014E+04   .9998648 -.0110443 -.0121820
T 2321  1 .1305242E+07   4000021E-01 -.1446E+04 -.2525E+04   .9999377 -.0031375 -.0107124
T 2322  1 .1323201E+07   4000019E-01 -.1491E+04 -.3408E+04   .9997839 -.0141993 -.0151838
T 2323  1 .1322101E+07   4000017E-01 -.3516E+04  .1167E+05   .9990601 -.0249486  .0354461
T 2324  1 .1325488E+07   4000022E-01  .3132E+04 -.1423E+04   .9999230  .0115038 -.0046573
T 2325  1 .1286309E+07   4000011E-01 -.8469E+03 -.2505E+04   .9999708 -.0069711 -.0031449
T 2326  1 .1291692E+07   4000015E-01  .5333E+04  .9451E+03   .9996781  .0253361  .0013433
T 2327  1 .1276484E+07   4000008E-01  .5640E+04 -.1343E+04   .9998740  .0158718 -.0000504
T 2328  1 .1311887E+07   4000013E-01 -.3489E+04  .2844E+04   .9999216 -.0111344  .0057306
T 2329  1 .1301243E+07   4000021E-01 -.4035E+02  .1839E+04   .9999667 -.0079067 -.0020060
T 2330  1 .1351843E+07   4000016E-01 -.3035E+04 -.1496E+04   .9998938 -.0141534  .0034761
T 2331  1 .1288485E+07   4000021E-01 -.2807E+04  .2115E+04   .9997259 -.0149059  .0180548
T 2332  1 .1340451E+07   4000013E-01  .1151E+04  .7183E+04   .9994702  .0211065  .0247755
T 2333  1 .1353813E+07   4000019E-01  .9883E+04 -.2742E+04   .9926082  .1207686  .0119995
T 2334  1 .1314576E+07   4000018E-01 -.1260E+04  .4768E+04   .9999223 -.0073328  .0100780
T 2335  1 .1311089E+07   4000000E-01 -.1522E+04 -.3500E+04   .9999732 -.0034854  .0064432
T 2336  1 .1254630E+07   4000013E-01  .8656E+03  .4102E+04   .9997454 -.0119906  .0191124
T 2337  1 .1288489E+07   4000017E-01 -.1212E+04  .2945E+04   .9997013 -.0003532  .0244373
T 2338  1 .1317820E+07   4000000E-01 -.3203E+04 -.5947E+04   .9997787 -.0024335 -.0208942
T 2339  1 .1347013E+07   4000012E-01 -.2441E+04  .7942E+03   .9999928 -.0026408  .0027159
T 2340  1 .1288343E+07   4000012E-01 -.1551E+05 -.1509E+05   .9594024 -.1903686 -.2081030
T 2341  1 .1316580E+07   4000003E-01  .1008E+04 -.2695E+04   .9997517  .0128511 -.0182024
T 2342  1 .1279146E+07   4000019E-01  .9209E+03  .2771E+04   .9996850 -.0010857  .0250738
T 2343  1 .1265777E+07   4000001E-01  .1953E+04  .2941E+04   .9999634  .0066070 -.0054313
T 2344  1 .1304262E+07   4000022E-01 -.1185E+05  .8533E+04   .9993362 -.0327565  .0159420
T 2345  1 .1346861E+07   4000017E-01  .3566E+04 -.2981E+04   .9998952  .0134257 -.0054206
T 2346  1 .1295621E+07   4000006E-01  .1294E+04  .7077E+04   .9994463  .0127501  .0307327
T 2347  1 .1303792E+07   4000021E-01  .2039E+04 -.3013E+04   .9997564  .0161788 -.0150098
T 2348  1 .1265810E+07   4000011E-01 -.3070E+04  .7183E+03   .9996170 -.0236530 -.0143694
T 2349  1 .1294670E+07   4000011E-01  .5107E+04 -.3209E+03   .9994669  .0229641 -.0232069
T 2350  1 .1315542E+07   4000023E-01 -.7502E+04 -.7018E+03   .9988699 -.0449717  .0153755
T 2351  1 .1314198E+07   4000019E-01  .1902E+04  .3590E+04   .9999679  .0040076  .0069398
T 2352  1 .1292892E+07   4000014E-01  .5001E+04  .3933E+04   .9992924  .0344862  .0150109
T 2353  1 .1357082E+07   4000016E-01 -.1244E+04  .1503E+04   .9999645  .0012140  .0083361
T 2354  1 .1276774E+07   4000009E-01  .4682E+04 -.3389E+04   .9998141  .0163455 -.0102256
T 2355  1 .1320292E+07   4000017E-01  .7440E+04  .1891E+04   .9997094  .0228169 -.0077743
T 2356  1 .1326366E+07   4000013E-01 -.2684E+04  .3488E+04   .9997298 -.0056825  .0225418
T 2357  1 .1247791E+07   4000011E-01  .6706E+04 -.8097E+04   .9993816  .0103693 -.0335989
T 2358  1 .1289933E+07   4000002E-01 -.5729E+04  .1391E+04   .9996541 -.0257424  .0053911
T 2359  1 .1285279E+07   4000015E-01  .5618E+04 -.2952E+04   .9998288  .0140205 -.0120781
T 2360  1 .1282485E+07   4000023E-01  .2767E+04  .1248E+04   .9997002  .0220187  .0107056
T 2361  1 .1293495E+07   4000008E-01  .1819E+04 -.4776E+04   .9999031  .0055288 -.0127744
T 2362  1 .1309982E+07   4000018E-01  .2318E+04  .1676E+04   .9994091  .0203432  .0277055
T 2363  1 .1289673E+07   4000019E-01 -.5689E+04 -.2347E+04   .9995832 -.0286957 -.0031679
T 2364  1 .1319879E+07   4000004E-01  .3900E+03  .6471E+02   .9999533  .0095741  .0013463
T 2365  1 .1362900E+07   4000010E-01  .3771E+02 -.3962E+03   .9999942 -.0014642  .0030818
T 2366  1 .1318195E+07   4000018E-01  .2038E+04 -.1598E+04   .9998616  .0071111 -.0150436
T 2367  1 .1333145E+07   4000007E-01  .1674E+04 -.4621E+04   .9998778 -.0024664 -.0154381
T 2368  1 .1319455E+07   4000020E-01 -.9721E+03 -.1029E+04   .9997143 -.0175415 -.0162377
T 2369  1 .1284782E+07   4000002E-01  .2283E+04  .1062E+05   .9993224  .0011471  .0367901
T 2370  1 .1335252E+07   4000001E-01 -.9136E+03 -.1554E+03   .9999823  .0058875  .0008839
T 2371  1 .1332932E+07   4000004E-01 -.9330E+03 -.6250E+03   .9999677  .0079499  .0012201
T 2372  1 .1326705E+07   4000001E-01  .1570E+04 -.2854E+04   .9996280  .0183844 -.0201471
T 2373  1 .1316119E+07   4000021E-01 -.6657E+04  .3787E+03   .9995367 -.0304266 -.0008128
T 2374  1 .1326543E+07   4000016E-01 -.5482E+04  .2791E+04   .9984755 -.0443948  .0327995
T 2375  1 .1321275E+07   4000020E-01  .3190E+04 -.1523E+04   .9999006  .0113218 -.0083995
T 2376  1 .1293141E+07   4000020E-01  .3962E+04 -.2196E+04   .9998560  .0038465 -.0165269
T 2377  1 .1313808E+07   4000003E-01  .2500E+04  .1957E+04   .9997678  .0149361  .0155307
T 2378  1 .1303780E+07   4000013E-01 -.2852E+04  .3083E+04   .9995502 -.0232813  .0189022
T 2379  1 .1311414E+07   4000004E-01  .3517E+04  .2485E+04   .9996609  .0142560  .0217918
T 2380  1 .1303250E+07   4000016E-01 -.1826E+04  .1580E+04   .9998524 -.0131386  .0110679
T 2381  1 .1268558E+07   4000020E-01 -.3257E+04  .5142E+04   .9997600 -.0129723  .0176522
T 2382  1 .1275222E+07   4000009E-01 -.4704E+04  .3909E+04   .9995801 -.0242082  .0159215
T 2383  1 .1321439E+07   4000002E-01  .1220E+03  .3434E+03   .9999732 -.0059465 -.0042595
T 2384  1 .1312018E+07   4000005E-01  .1460E+04 -.1360E+04   .9952809  .0495451 -.0834335
T 2385  1 .1328680E+07   4000009E-01 -.1863E+04  .3157E+03   .9998453 -.0030944 -.0173166
T 2386  1 .1272372E+07   4000011E-01  .6240E+03 -.4244E+04   .9999475 -.0020254 -.0100438
T 2387  1 .1303401E+07   4000013E-01  .2615E+04  .1841E+04   .9998582 -.0033027  .0165118
T 2388  1 .1344390E+07   4000022E-01 -.2386E+04 -.6366E+04   .9994555 -.0123290 -.0306059
T 2389  1 .1296753E+07   4000020E-01  .5579E+03  .1780E+04   .9994306  .0259189  .0216018
T 2390  1 .1311481E+07   4000002E-01  .1999E+04 -.3967E+04   .9998416  .0042130 -.0172912
T 2391  1 .1319289E+07   4000015E-01  .8174E+04 -.9078E+04   .9988987  .0372611 -.0285145
T 2392  1 .1283704E+07   4000008E-01 -.2237E+03 -.6605E+02   .9999011  .0132864  .0046028
T 2393  1 .1339733E+07   4000013E-01  .8009E+04 -.1110E+05   .9989517  .0218443 -.0402277
T 2394  1 .1290053E+07   4000022E-01 -.4969E+04  .2061E+04   .9993446 -.0343089  .0115443
T 2395  1 .1332962E+07   4000022E-01 -.2584E+04 -.6854E+03   .9997890 -.0179541 -.0099815
T 2396  1 .1288128E+07   4000006E-01 -.3118E+03 -.5911E+04   .9997792 -.0114836 -.0175964
T 2397  1 .1300440E+07   4000015E-01 -.9383E+03  .8351E+04   .9988203 -.0133486  .0466877
T 2398  1 .1315511E+07   4000017E-01 -.5946E+03 -.5478E+02   .9996926  .0188541  .0160975
T 2399  1 .1326770E+07   4000020E-01 -.5779E+04  .2902E+04   .9986136 -.0486770  .0200367
T 2400  1 .1322756E+07   4000018E-01 -.8873E+04  .2103E+04   .9998212 -.0116262  .0149131
T 2401  1 .1342906E+07   4000015E-01 -.3416E+04  .2915E+04   .9945554 -.1033862  .0130709
T 2402  1 .1291959E+07   4000003E-01  .1612E+04 -.4559E+03   .9999819  .0060092  .0003206
T 2403  1 .1293012E+07   4000010E-01 -.7880E+03 -.9140E+04   .9976486 -.0086162 -.0679927
T 2404  1 .1326573E+07   4000012E-01  .5811E+04 -.1536E+04   .9997682  .0213889 -.0024546
T 2405  1 .1301501E+07   4000006E-01 -.2761E+04  .4305E+04   .9996794 -.0058440  .0246375
T 2406  1 .1299984E+07   4000006E-01  .9362E+03  .8026E+04   .9992671 -.0115945  .0364792
T 2407  1 .1312067E+07   4000010E-01  .2585E+04  .9417E+04   .9992710  .0018380  .0381315
T 2408  1 .1307529E+07   4000020E-01 -.6184E+04  .1529E+03   .9989564 -.0456626  .0010220
T 2409  1 .1308430E+07   4000012E-01 -.2320E+04 -.3588E+04   .9996455 -.0150504 -.0219620
T 2410  1 .1292027E+07   4000007E-01 -.5530E+04  .3275E+04   .9992742 -.0245023  .0291675
T 2411  1 .1289638E+07   4000013E-01 -.5224E+04  .6281E+04   .9991129 -.0186812  .0377407
T 2412  1 .1341140E+07   4000003E-01 -.4567E+04 -.2386E+04   .9996122 -.0254894 -.0112127
T 2413  1 .1309325E+07   4000022E-01  .3659E+04 -.8625E+03   .9998948  .0086913 -.0116115
T 2414  1 .1278792E+07   4000016E-01 -.1632E+04  .2448E+03   .9999160  .0011038  .0129117
T 2415  1 .1277792E+07   4000018E-01  .2801E+04  .6168E+04   .9984308  .0231647  .0509830
T 2416  1 .1304943E+07   4000015E-01  .2637E+03  .8327E+03   .9997142  .0055463  .0232539
T 2417  1 .1292123E+07   4000021E-01  .1793E+04 -.3371E+04   .9998620  .0047471 -.0159211
T 2418  1 .1303177E+07   4000007E-01  .7355E+04  .4217E+04   .9989484  .0234929  .0393732
T 2419  1 .1283696E+07   4000020E-01 -.1626E+04  .6406E+04   .9999036 -.0037526  .0133683
T 2420  1 .1311713E+07   4000010E-01 -.1725E+04  .4142E+03   .9999343 -.0065682  .0093957
T 2421  1 .1283001E+07   4000019E-01 -.7420E+04 -.2085E+04   .9998378 -.0084409  .0159095
T 2422  1 .1331568E+07   4000013E-01 -.1541E+04 -.6978E+04   .9956131  .0289543 -.0889731
T 2423  1 .1305154E+07   4000009E-01 -.2444E+04  .5247E+04   .9997123 -.0077717  .0226908
T 2424  1 .1346954E+07   4000021E-01 -.5624E+03 -.3601E+04   .9998467  .0000942 -.0175110
T 2425  1 .1325917E+07   4000011E-01 -.8164E+04  .1803E+04   .9996116 -.0276567  .0034297
T 2426  1 .1329957E+07   4000002E-01 -.3168E+04  .4367E+03   .9999126 -.0081725 -.0103908
T 2427  1 .1281662E+07   4000001E-01 -.2377E+04  .4172E+04   .9997568  .0165159  .0146106
T 2428  1 .1311498E+07   4000007E-01  .4135E+04  .1359E+04   .9997199  .0233031  .0041221
T 2429  1 .1287895E+07   4000022E-01 -.1567E+04 -.2994E+03   .9999511  .0034351 -.0092731
T 2430  1 .1311421E+07   4000017E-01 -.4468E+04 -.3977E+03   .9998823 -.0146858 -.0044418
T 2431  1 .1368015E+07   4000018E-01 -.8842E+03  .4512E+04   .9995995 -.0009213  .0282844
T 2432  1 .1303022E+07   4000001E-01 -.3696E+04  .4420E+04   .9997917 -.0159082  .0127862
T 2433  1 .1308315E+07   4000005E-01 -.3459E+04 -.1840E+02   .9999379 -.0111469 -.0000263
T 2434  1 .1316008E+07   4000006E-01  .4297E+04  .3625E+04   .9997454  .0153582  .0165296
T 2435  1 .1280078E+07   4000021E-01  .5264E+04 -.8488E+04   .9998021 -.0000930 -.0198939
T 2436  1 .1304200E+07   4000022E-01  .2297E+04 -.1243E+04   .9995710  .0216999  .0196689
T 2437  1 .1314958E+07   4000001E-01  .6257E+04 -.2269E+04   .9994471  .0299138 -.0145123
T 2438  1 .1308567E+07   4000010E-01 -.8679E+04 -.2692E+04   .9995985 -.0262229 -.0107358
T 2439  1 .1308223E+07   4000021E-01 -.2093E+04  .9504E+02   .9999283 -.0031516  .0115523
T 2440  1 .1329711E+07   4000001E-01  .4490E+04  .2915E+04   .9999272 -.0100921  .0066133
T 2441  1 .1338698E+07   4000005E-01  .3552E+04  .1498E+03   .9997510 -.0064738  .0213561
T 2442  1 .1306145E+07   4000003E-01  .1818E+03  .3130E+04   .9995771 -.0165880  .0238851
T 2443  1 .1303609E+07   4000007E-01  .2557E+04 -.1425E+04   .9956624  .0479447 -.0797352
T 2444  1 .1332260E+07   4000015E-01 -.8825E+03  .3450E+04   .9998716 -.0120896  .0105183
T 2445  1 .1349844E+07   4000016E-01 -.5652E+04 -.3558E+03   .9999006 -.0127522  .0060191
T 2446  1 .1330254E+07   4000013E-01 -.3224E+04 -.4688E+04   .9995579 -.0158909 -.0251307
T 2447  1 .1309003E+07   4000013E-01 -.1408E+04 -.5353E+04   .9990023 -.0017543 -.0446249
T 2448  1 .1288995E+07   4000013E-01  .3327E+04  .3256E+04   .9994871  .0319881 -.0014978
T 2449  1 .1290434E+07   4000000E-01  .3369E+04  .5919E+04   .9994929  .0020542  .0317774
T 2450  1 .1274904E+07   4000007E-01 -.3615E+04 -.6011E+04   .9995456 -.0088887 -.0288025
T 2451  1 .1280493E+07   4000021E-01 -.7559E+03 -.2556E+04   .9991059  .0413058 -.0090182
T 2452  1 .1315073E+07   4000009E-01 -.3441E+04 -.2153E+03   .9995938 -.0222472 -.0178120
T 2453  1 .1308520E+07   4000017E-01  .5293E+03 -.2995E+04   .9999142  .0126279 -.0034952
T 2454  1 .1305573E+07   4000012E-01 -.1544E+04  .3050E+04   .9998174 -.0103689  .0160520
T 2455  1 .1292785E+07   4000010E-01  .5293E+04  .3630E+04   .9995061  .0301893  .0087295
T 2456  1 .1321304E+07   4000014E-01  .2085E+04 -.2843E+04   .9999848 -.0005159 -.0054853
T 2457  1 .1292355E+07   4000016E-01  .9658E+03  .3237E+03   .9998109  .0192698  .0026044
T 2458  1 .1328840E+07   4000012E-01  .1414E+04  .4925E+04   .9999799 -.0058619 -.0024307
T 2459  1 .1325098E+07   4000021E-01 -.4406E+04 -.1257E+04   .9998108 -.0192025 -.0031075
T 2460  1 .1304227E+07   4000020E-01  .3135E+04 -.3348E+04   .9996112  .0275727 -.0041367
T 2461  1 .1300437E+07   4000000E-01 -.9324E+04  .1066E+05   .9979077 -.0424441  .0487729
T 2462  1 .1304796E+07   4000018E-01 -.3093E+04 -.4244E+04   .9996386 -.0085343 -.0254926
T 2463  1 .1298667E+07   4000014E-01 -.5342E+03 -.3111E+04   .9999514  .0047674 -.0086330
T 2464  1 .1305877E+07   4000007E-01 -.4611E+03  .1126E+04   .9996976  .0077115  .0233498
T 2465  1 .1325438E+07   4000001E-01 -.8734E+04 -.2197E+04   .9990862 -.0427212 -.0013113
T 2466  1 .1284797E+07   4000005E-01 -.6539E+03  .3080E+04   .9998063 -.0116073  .0158959
T 2467  1 .1287688E+07   4000002E-01  .2298E+03 -.2548E+04   .9998496 -.0135542 -.0108169
T 2468  1 .1291222E+07   4000014E-01  .2578E+04 -.4587E+03   .9998691  .0138687  .0083369
T 2469  1 .1259938E+07   4000020E-01  .8984E+02  .3503E+04   .9997677  .0028566  .0213620
T 2470  1 .1290591E+07   4000010E-01  .2650E+04 -.5164E+02   .9996589  .0230201 -.0123364
T 2471  1 .1321062E+07   4000011E-01 -.6306E+03  .6468E+04   .9998799 -.0042631  .0148986
T 2472  1 .1297631E+07   4000014E-01 -.3191E+04 -.9590E+03   .9996823 -.0251737  .0012964
T 2473  1 .1291447E+07   4000013E-01  .1579E+04 -.9178E+04   .9991245 -.0336440 -.0248665
T 2474  1 .1335487E+07   4000013E-01  .2346E+04 -.3232E+04   .9992144  .0264179 -.0295403
T 2475  1 .1343663E+07   4000009E-01  .3589E+04 -.3333E+04   .9998089  .0005818 -.0195403
T 2476  1 .1267540E+07   4000011E-01 -.2637E+04 -.8287E+03   .9997950 -.0183927 -.0084601
T 2477  1 .1286587E+07   4000013E-01  .2762E+04 -.3025E+04   .9999704  .0039762 -.0065856
T 2478  1 .1292165E+07   4000000E-01  .2748E+04 -.7942E+04   .9989982  .0182710 -.0408504
T 2479  1 .1296427E+07   4000006E-01 -.1507E+04  .2783E+04   .9999356 -.0112234  .0016653
T 2480  1 .1303633E+07   4000001E-01 -.5292E+04  .3183E+03   .9986820 -.0509814 -.0059328
T 2481  1 .1297886E+07   4000004E-01  .2925E+05 -.3696E+05   .9878031  .1014875 -.1180902
T 2482  1 .1315593E+07   4000002E-01 -.3076E+04  .1460E+03   .9997242 -.0172231 -.0159660
T 2483  1 .1317285E+07   4000001E-01 -.8309E+03 -.4333E+04   .9997015  .0079401 -.0231044
T 2484  1 .1323599E+07   4000008E-01 -.3498E+04  .8774E+03   .9999267 -.0074348  .0095598
T 2485  1 .1353651E+07   4000010E-01 -.1338E+05 -.4635E+04   .9997039 -.0243331 -.0001541
T 2486  1 .1313549E+07   4000018E-01 -.1854E+04  .9466E+03   .9999064 -.0131959  .0036093
T 2487  1 .1315738E+07   4000002E-01 -.2662E+04 -.2719E+04   .9999030 -.0132893  .0041644
T 2488  1 .1347650E+07   4000021E-01 -.2827E+04  .7197E+02   .9998343 -.0174445  .0052017
T 2489  1 .1291862E+07   4000006E-01  .8482E+03  .5612E+03   .9997578  .0060721  .0211519
T 2490  1 .1280520E+07   4000018E-01  .5660E+03 -.1374E+04   .9999598  .0048739 -.0075315
T 2491  1 .1364419E+07   4000008E-01 -.2707E+04  .3393E+05   .9892852 -.0176015  .1449310
T 2492  1 .1295358E+07   4000007E-01  .1011E+04 -.8121E+03   .9999234 -.0093031  .0081599
T 2493  1 .1305635E+07   4000012E-01 -.7634E+04  .1799E+04   .9991231 -.0302595  .0289387
T 2494  1 .1322711E+07   4000007E-01 -.1120E+04 -.6129E+03   .9998688 -.0134765 -.0089860
T 2495  1 .1306460E+07   4000020E-01 -.3765E+04  .4419E+03   .9993022 -.0371845 -.0035174
T 2496  1 .1293504E+07   4000020E-01 -.4314E+04 -.4006E+04   .9996621 -.0135085 -.0222105
T 2497  1 .1314160E+07   4000016E-01 -.2868E+04 -.5475E+04   .9988594 -.0232391 -.0417107
T 2498  1 .1307432E+07   4000001E-01 -.3175E+04  .2794E+03   .9994256 -.0307600 -.0142244
T 2499  1 .1317234E+07   4000006E-01 -.8521E+03  .1739E+04   .9999278  .0021992  .0118134
T 2500  1 .1324385E+07   4000000E-01  .6178E+03 -.1256E+04   .9999218  .0118824 -.0038951
T 2501  1 .1298840E+07   4000018E-01 -.3773E+04 -.2642E+04   .9999014 -.0107271 -.0090626
T 2502  1 .1294180E+07   4000010E-01  .4572E+04 -.2068E+04   .9996958  .0187251 -.0160535
T 2503  1 .1293600E+07   4000003E-01  .3888E+04 -.5216E+04   .9995105  .0249491 -.0188786
T 2504  1 .1275911E+07   4000017E-01 -.8841E+04  .5230E+04   .9983734 -.0474030  .0316776
T 2505  1 .1314670E+07   4000010E-01  .1022E+04  .2604E+04   .9998192 -.0061552  .0179884
T 2506  1 .1321759E+07   4000011E-01  .8942E+04 -.3945E+04   .9994533  .0284888 -.0167762
T 2507  1 .1297011E+07   4000012E-01 -.3892E+04  .5677E+04   .9915827 -.1243873  .0359382
T 2508  1 .1329660E+07   4000015E-01  .2235E+04 -.3575E+03   .9999154  .0121759 -.0045707
T 2509  1 .1274789E+07   4000015E-01 -.3852E+03 -.2238E+04   .9998402  .0083450 -.0158098
T 2510  1 .1286796E+07   4000005E-01  .3307E+04 -.3357E+04   .9993894  .0288389 -.0197281
T 2511  1 .1303850E+07   4000021E-01  .7359E+03 -.7666E+03   .9998333  .0126694 -.0131447
T 2512  1 .1286878E+07   4000000E-01 -.9659E+04  .2061E+04   .9997924 -.0143178  .0144957
T 2513  1 .1285124E+07   4000015E-01  .6566E+04  .8707E+04   .9988095  .0372151  .0315382
T 2514  1 .1334345E+07   4000016E-01  .8109E+03  .4758E+03   .9998305 -.0157785 -.0094849
T 2515  1 .1295659E+07   4000014E-01 -.1302E+04  .1735E+04   .9993298 -.0116571  .0346983
T 2516  1 .1316840E+07   4000023E-01  .1706E+04 -.4304E+04   .9997901 -.0047556 -.0199291
T 2517  1 .1282855E+07   4000022E-01  .3066E+04 -.1671E+04   .9999508  .0092387 -.0036223
T 2518  1 .1337570E+07   4000003E-01 -.1057E+05  .1188E+05   .9986131 -.0384917  .0359211
T 2519  1 .1331728E+07   4000021E-01 -.1219E+04 -.1857E+04   .9995317 -.0305151  .0022955
T 2520  1 .1309399E+07   4000009E-01 -.5202E+04 -.2300E+04   .9993419 -.0339245 -.0128431
T 2521  1 .1302537E+07   4000017E-01 -.1591E+04 -.5201E+04   .9997558  .0073547 -.0208407
T 2522  1 .1314286E+07   4000012E-01 -.4570E+04 -.7362E+04   .9997834 -.0194057 -.0075225
T 2523  1 .1336157E+07   4000019E-01 -.1031E+04 -.1048E+04   .9999814  .0023393  .0056354
T 2524  1 .1262324E+07   4000004E-01  .1905E+05  .1916E+05   .9809124  .1096527  .1605835
T 2525  1 .1304270E+07   4000013E-01  .6241E+03 -.3416E+04   .9994498  .0051869 -.0327605
T 2526  1 .1277715E+07   4000007E-01  .2687E+04  .2081E+04   .9997793  .0139309  .0157262
T 2527  1 .1336050E+07   4000016E-01 -.1277E+04 -.1579E+04   .9999228 -.0030571 -.0120427
T 2528  1 .1278070E+07   4000022E-01  .8111E+04  .3250E+04   .9989066  .0427797  .0188543
T 2529  1 .1286562E+07   4000017E-01  .1443E+04 -.2517E+04   .9999336 -.0068728 -.0092536
T 2530  1 .1318278E+07   4000013E-01  .2789E+04  .1025E+05   .9963498  .0290993  .0802511
T 2531  1 .1328953E+07   4000019E-01  .2985E+03  .1652E+04   .9999854 -.0016821 -.0051258
T 2532  1 .1309044E+07   4000007E-01 -.3844E+04 -.9928E+02   .9997408 -.0087946  .0209999
T 2533  1 .1290619E+07   4000011E-01 -.9354E+04 -.4808E+03   .9986727 -.0498833 -.0128279
T 2534  1 .1328439E+07   4000010E-01 -.6754E+03  .1587E+04   .9999733 -.0022624  .0069513
T 2535  1 .1329105E+07   4000003E-01  .7107E+03 -.8585E+04   .9981830  .0097156 -.0594671
T 2536  1 .1288268E+07   4000021E-01 -.5654E+04  .7240E+04   .9983188 -.0502705  .0288506
T 2537  1 .1294575E+07   4000003E-01 -.1416E+05 -.1659E+05   .9956537 -.0504447 -.0782884
T 2538  1 .1366768E+07   4000001E-01 -.2471E+04  .1922E+04   .9997574 -.0135417 -.0173716
T 2539  1 .1284048E+07   4000017E-01  .1388E+04 -.8369E+03   .9999745 -.0040481 -.0058753
T 2540  1 .1347114E+07   4000004E-01  .4208E+04 -.9699E+04   .9989010  .0288478 -.0369415
T 2541  1 .1282661E+07   4000001E-01 -.9705E+04  .2823E+04   .9995409 -.0302637  .0014325
T 2542  1 .1304303E+07   4000012E-01  .7561E+04  .6045E+03   .9993840  .0312793  .0159157
T 2543  1 .1323163E+07   4000013E-01  .1967E+03  .2594E+03   .9999356 -.0078891 -.0081531
T 2544  1 .1263661E+07   4000015E-01 -.5705E+04  .3799E+04   .9997296 -.0201880  .0115430
T 2545  1 .1328606E+07   4000009E-01  .1769E+04 -.4473E+04   .9998991  .0138465 -.0031608
T 2546  1 .1313895E+07   4000020E-01 -.1797E+04 -.3366E+04   .9999141 -.0119819 -.0053192
T 2547  1 .1314933E+07   4000004E-01 -.1304E+04 -.2786E+03   .9998671  .0013834 -.0162468
T 2548  1 .1294252E+07   4000008E-01 -.3047E+04  .1159E+04   .9993596 -.0352307  .0062586
T 2549  1 .1348875E+07   4000017E-01 -.1738E+04  .4550E+04   .9994397 -.0112033  .0315386
T 2550  1 .1335889E+07   4000002E-01 -.1129E+04  .5374E+04   .9994060 -.0241712  .0245655
T 2551  1 .1316392E+07   4000021E-01  .2794E+04 -.3784E+04   .9999691  .0068690 -.0038244
T 2552  1 .1307797E+07   4000000E-01  .4416E+04  .5076E+04   .9994561  .0201816  .0260825
T 2553  1 .1319454E+07   4000020E-01 -.1810E+04 -.3978E+04   .9998279  .0014525 -.0184969
T 2554  1 .1287835E+07   4000002E-01  .6843E+04 -.8921E+04   .9989354  .0179193 -.0425091
T 2555  1 .1271647E+07   4000008E-01  .8580E+04 -.4464E+04   .9992428  .0360560 -.0146206
T 2556  1 .1314263E+07   4000015E-01  .2102E+04  .3117E+04   .9995316  .0166863  .0256529
T 2557  1 .1267155E+07   4000014E-01 -.5634E+03  .1048E+04   .9997530 -.0160308  .0153928
T 2558  1 .1317381E+07   4000022E-01 -.3546E+04  .5120E+04   .9993405 -.0245017  .0267986
T 2559  1 .1304679E+07   4000019E-01 -.5480E+04  .3026E+04   .9994005 -.0319616  .0133068
T 2560  1 .1294116E+07   4000021E-01 -.6903E+03  .3896E+04   .9999293 -.0022993  .0116625
T 2561  1 .1279111E+07   4000019E-01 -.2933E+04 -.8159E+03   .9998268  .0037308  .0182333
T 2562  1 .1284748E+07   4000014E-01  .1031E+04  .3185E+04   .9999265 -.0119131 -.0022675
T 2563  1 .1330598E+07   4000021E-01  .2330E+04 -.4244E+04   .9999542  .0071514 -.0063629
T 2564  1 .1336704E+07   4000007E-01 -.4976E+03 -.2510E+04   .9995959 -.0123473 -.0256060
T 2565  1 .1342916E+07   4000018E-01  .4072E+04 -.1741E+04   .9995591  .0243881 -.0169362
T 2566  1 .1297145E+07   4000002E-01  .1324E+04 -.2009E+04   .9993635  .0065529 -.0350655
T 2567  1 .1298559E+07   4000010E-01  .5661E+04 -.3159E+04   .9994914  .0296698 -.0116894
T 2568  1 .1285417E+07   4000022E-01 -.5710E+03  .6778E+03   .9999781  .0029648  .0059166
T 2569  1 .1322517E+07   4000018E-01  .4549E+03 -.1244E+04   .9999155  .0039629 -.0123845
T 2570  1 .1265223E+07   4000021E-01 -.1139E+04 -.2117E+04   .9997650 -.0100797  .0191922
T 2571  1 .1291269E+07   4000017E-01 -.7570E+04  .2767E+04   .9989944 -.0415849  .0167597
T 2572  1 .1325992E+07   4000001E-01  .1699E+04 -.1508E+04   .9999837  .0054816  .0016121
T 2573  1 .1338598E+07   4000006E-01  .1325E+03 -.1006E+04   .9999490  .0062759 -.0079156
T 2574  1 .1309009E+07   4000016E-01  .7963E+04 -.2199E+04   .9997995  .0198972  .0022365
T 2575  1 .1313134E+07   4000013E-01  .9172E+03 -.9731E+04   .9974324 -.0048572 -.0714495
T 2576  1 .1317854E+07   4000000E-01  .2006E+04 -.9548E+03   .9999452 -.0054435 -.0089424
T 2577  1 .1302684E+07   4000016E-01  .2574E+03 -.1234E+04   .9999604 -.0026499 -.0084947
T 2578  1 .1297029E+07   4000000E-01 -.3709E+04  .2870E+04   .9995514 -.0285267  .0091226
T 2579  1 .1277576E+07   4000013E-01 -.4380E+04  .5411E+03   .9980477 -.0600024  .0173366
T 2580  1 .1314478E+07   4000012E-01 -.2515E+05  .2104E+05   .9885836 -.1125208  .1002076
T 2581  1 .1321444E+07   4000015E-01 -.4599E+04  .3136E+04   .9994312 -.0244357  .0232402
T 2582  1 .1318368E+07   4000001E-01 -.3161E+04  .2831E+04   .9991561 -.0268115  .0311152
T 2583  1 .1293978E+07   4000022E-01 -.1013E+05 -.6904E+04   .9992372 -.0288601 -.0263085
T 2584  1 .1308908E+07   4000017E-01 -.1224E+05  .4922E+04   .9996780 -.0221844  .0123182
T 2585  1 .1326335E+07   4000016E-01 -.1543E+03  .9866E+03   .9999662  .0029727  .0076707
T 2586  1 .1291189E+07   4000001E-01  .3063E+03  .1435E+04   .9997587  .0018352  .0218890
T 2587  1 .1281031E+07   4000021E-01  .9875E+04 -.2242E+04   .9990534  .0427218  .0082000
T 2588  1 .1339345E+07   4000022E-01  .3691E+04 -.6686E+04   .9996020  .0195994 -.0202902
T 2589  1 .1336896E+07   4000020E-01 -.3460E+04 -.5442E+04   .9999882 -.0026917  .0040534
T 2590  1 .1282468E+07   4000017E-01 -.1724E+04 -.2402E+04   .9998991 -.0108729  .0091429
T 2591  1 .1313511E+07   4000015E-01 -.6086E+04  .1009E+04   .9999376 -.0111643 -.0002610
T 2592  1 .1290001E+07   4000003E-01  .3603E+04 -.5046E+04   .9995057  .0145115 -.0278900
T 2593  1 .1327159E+07   4000004E-01 -.2090E+04 -.6067E+03   .9998770 -.0155129  .0023262
T 2594  1 .1337367E+07   4000013E-01  .3023E+04  .3005E+03   .9994103  .0327890 -.0101958
T 2595  1 .1297442E+07   4000017E-01  .4389E+04  .2195E+04   .9996579  .0146013  .0216980
T 2596  1 .1309921E+07   4000021E-01  .5486E+04 -.2098E+04   .9996849  .0217797 -.0124804
T 2597  1 .1266456E+07   4000002E-01 -.8288E+04  .7475E+03   .9997211 -.0203959 -.0119035
T 2598  1 .1311598E+07   4000019E-01  .2345E+04 -.4648E+03   .9998163 -.0045126  .0186297
T 2599  1 .1313413E+07   4000016E-01 -.4065E+04  .3042E+04   .9998218 -.0155701  .0106771
T 2600  1 .1261267E+07   4000022E-01 -.1018E+04 -.1916E+04   .9999019  .0040751 -.0134025
T 2601  1 .1327165E+07   4000013E-01  .4995E+03 -.2466E+04   .9998794  .0126700 -.0089770
T 2602  1 .1332822E+07   4000010E-01  .5537E+04 -.1308E+04   .9994403  .0301636 -.0144648
T 2603  1 .1322598E+07   4000019E-01  .1105E+04  .1921E+04   .9998832 -.0008669  .0152606
T 2604  1 .1323011E+07   4000020E-01  .5657E+03 -.8145E+04   .9992230  .0074242 -.0387067
T 2605  1 .1314640E+07   4000008E-01 -.1415E+04 -.3748E+04   .9998012 -.0125872 -.0154621
T 2606  1 .1299679E+07   4000015E-01  .2053E+04 -.3215E+03   .9999372  .0020993  .0110098
T 2607  1 .1320157E+07   4000020E-01  .4034E+04 -.6206E+02   .9998758  .0095683 -.0125266
T 2608  1 .1324094E+07   4000017E-01  .1947E+04  .3801E+03   .9999300 -.0091370  .0075217
T 2609  1 .1299003E+07   4000016E-01  .9794E+03 -.6957E+03   .9999630  .0011875 -.0085201
T 2610  1 .1330619E+07   4000003E-01 -.5126E+04 -.1718E+04   .9996230 -.0267844 -.0060293
T 2611  1 .1317340E+07   4000017E-01 -.3442E+04 -.2786E+02   .9997213 -.0225858 -.0068658
T 2612  1 .1335822E+07   4000001E-01  .1182E+04 -.1037E+04   .9997959 -.0176221 -.0098796
T 2613  1 .1304371E+07   4000002E-01 -.8122E+03 -.4562E+04   .9997117 -.0018287 -.0239406
T 2614  1 .1308914E+07   4000020E-01  .1792E+03 -.4467E+04   .9997752  .0132697 -.0165366
T 2615  1 .1323957E+07   4000022E-01  .2059E+04 -.1564E+04   .9946007 -.1022111 -.0179554
T 2616  1 .1321867E+07   4000010E-01  .3351E+04 -.3008E+03   .9997307  .0227390  .0046225
T 2617  1 .1332559E+07   4000000E-01 -.7405E+03 -.3162E+04   .9999564  .0089753  .0025955
T 2618  1 .1342612E+07   4000011E-01  .1853E+04  .5288E+03   .9999595  .0067407  .0059693
T 2619  1 .1309131E+07   4000022E-01 -.4982E+04 -.8056E+03   .9998996 -.0112685 -.0085878
T 2620  1 .1354507E+07   4000016E-01 -.1426E+04  .2298E+04   .9996200 -.0162073  .0222997
T 2621  1 .1313298E+07   4000015E-01 -.3493E+04  .3925E+04   .9998186 -.0124156  .0144456
T 2622  1 .1333793E+07   4000016E-01 -.2568E+04  .2317E+04   .9997779 -.0205041 -.0048660
T 2623  1 .1293025E+07   4000019E-01  .3505E+04 -.3469E+04   .9997295 -.0087164 -.0215621
T 2624  1 .1302767E+07   4000009E-01  .5711E+04  .9069E+04   .9992194  .0250816  .0305190
T 2625  1 .1305369E+07   4000017E-01 -.9601E+04 -.7390E+04   .9986992 -.0457332 -.0225469
T 2626  1 .1325208E+07   4000013E-01  .4066E+04  .1626E+04   .9998667  .0163276  .0001440
T 2627  1 .1350554E+07   4000016E-01 -.8504E+04 -.3709E+04   .9992782 -.0325964 -.0195100
T 2628  1 .1318402E+07   4000002E-01 -.6906E+03 -.2411E+04   .9996029 -.0033630 -.0279762
T 2629  1 .1310304E+07   4000012E-01 -.1738E+04  .2521E+04   .9999662 -.0058383  .0057928
T 2630  1 .1366884E+07   4000000E-01 -.4248E+04  .5345E+04   .9993901 -.0302844  .0173888
T 2631  1 .1314888E+07   4000001E-01 -.1508E+04  .1036E+04   .9999565 -.0069932  .0061767
T 2632  1 .1319255E+07   4000008E-01 -.2718E+04  .7023E+04   .9996542 -.0046166  .0258891
T 2633  1 .1354708E+07   4000005E-01  .6330E+04 -.8790E+03   .9995105  .0311590 -.0028052
T 2634  1 .1346178E+07   4000008E-01  .6563E+03  .7724E+03   .9999068  .0017860  .0135330
T 2635  1 .1345467E+07   4000002E-01 -.4167E+04 -.4101E+03   .9995705 -.0292638 -.0015588
T 2636  1 .1300837E+07   4000012E-01  .5853E+03  .4224E+04   .9997665 -.0063330  .0206584
T 2637  1 .1279869E+07   4000006E-01  .5714E+03 -.4321E+04   .9997252  .0144496 -.0184607
T 2638  1 .1339944E+07   4000013E-01  .3229E+03 -.5471E+04   .9820254 -.0461910  .1830093
T 2639  1 .1312642E+07   4000009E-01  .6354E+03  .2042E+04   .9999199 -.0087754  .0091174
T 2640  1 .1336673E+07   4000022E-01 -.4463E+01 -.2479E+04   .9998159  .0156159 -.0111472
T 2641  1 .1282653E+07   4000015E-01  .1311E+03  .6374E+04   .9994750 -.0111439  .0304237
T 2642  1 .1339113E+07   4000006E-01  .1204E+05  .1362E+04   .9987880  .0474508  .0130785
T 2643  1 .1312791E+07   4000021E-01 -.5206E+04  .2130E+04   .9995518 -.0259750  .0148859
T 2644  1 .1335947E+07   4000023E-01 -.8232E+04 -.1413E+04   .9969055 -.0719535 -.0316574
T 2645  1 .1294394E+07   4000008E-01  .1185E+03 -.9536E+03   .9993820  .0010760 -.0351355
T 2646  1 .1318383E+07   4000020E-01 -.5690E+04 -.1144E+04   .9999256 -.0094778 -.0076737
T 2647  1 .1351113E+07   4000007E-01  .3369E+03  .9640E+03   .9999797 -.0063664 -.0002690
T 2648  1 .1271407E+07   4000010E-01  .4270E+04  .5617E+04   .9996987  .0230745  .0083716
T 2649  1 .1272096E+07   4000018E-01  .1905E+04  .1194E+04   .9999137 -.0056161  .0118781
T 2650  1 .1295042E+07   4000006E-01 -.1159E+04  .2707E+04   .9999337  .0113829  .0017214
T 2651  1 .1312083E+07   4000016E-01  .6015E+03 -.4371E+04   .9990607 -.0132073 -.0412712
T 2652  1 .1295643E+07   4000008E-01  .3492E+04  .9873E+04   .9994778  .0105257  .0305490
T 2653  1 .1281856E+07   4000018E-01  .3114E+03 -.2345E+04   .9996321  .0225240 -.0151118
T 2654  1 .1310471E+07   4000005E-01  .6343E+03 -.2621E+04   .9999420 -.0060532 -.0089050
T 2655  1 .1300912E+07   4000018E-01 -.1829E+04 -.1788E+04   .9998119  .0087980 -.0172838
T 2656  1 .1335279E+07   4000020E-01 -.3837E+04 -.3576E+04   .9993786 -.0346975 -.0062111
T 2657  1 .1298205E+07   4000022E-01  .3976E+04 -.5014E+04   .9995841  .0127915 -.0258452
T 2658  1 .1306656E+07   4000017E-01  .2434E+04 -.1230E+04   .9979381 -.0091730 -.0635250
T 2659  1 .1302935E+07   4000008E-01 -.2035E+04  .3034E+04   .9998759 -.0113931  .0108840
T 2660  1 .1310119E+07   4000012E-01  .1427E+04 -.2122E+02   .9999825  .0057220  .0014910
T 2661  1 .1337549E+07   4000019E-01  .2896E+04 -.3663E+04   .9999147  .0128633 -.0022505
T 2662  1 .1307200E+07   4000022E-01 -.2556E+03 -.2384E+04   .9998884 -.0086728 -.0121641
T 2663  1 .1308584E+07   4000022E-01 -.6787E+04 -.7773E+04   .9987344 -.0353025 -.0358228
T 2664  1 .1311670E+07   4000014E-01 -.3369E+04  .1638E+04   .9999897 -.0044388  .0009148
T 2665  1 .1303983E+07   4000019E-01  .3765E+04 -.5226E+04   .9997937  .0179287 -.0095472
T 2666  1 .1287451E+07   4000009E-01  .2531E+04  .4912E+04   .9997085  .0233350  .0061991
T 2667  1 .1291938E+07   4000013E-01 -.6035E+03  .5353E+04   .9996926 -.0005254  .0247878
T 2668  1 .1364728E+07   4000009E-01 -.1604E+04 -.1053E+04   .9999084 -.0103425 -.0087359
T 2669  1 .1275476E+07   4000016E-01  .1197E+05 -.1602E+05   .9025267  .2305403 -.3637263
T 2670  1 .1287810E+07   4000019E-01  .4534E+04 -.7799E+03   .9993080  .0357284 -.0103412
T 2671  1 .1285062E+07   4000016E-01 -.2137E+04 -.2125E+04   .9996531  .0047811 -.0259013
T 2672  1 .1260181E+07   4000021E-01  .8135E+03 -.3788E+04   .9997626  .0025433 -.0216412
T 2673  1 .1339308E+07   4000018E-01 -.2700E+04 -.1709E+04   .9998775 -.0053850 -.0146978
T 2674  1 .1303272E+07   4000001E-01  .3266E+04  .3301E+04   .9997054  .0115725  .0213363
T 2675  1 .1320218E+07   4000022E-01 -.3400E+04 -.3866E+04   .9997176  .0031085 -.0235584
T 2676  1 .1320083E+07   4000022E-01  .4663E+04  .1783E+04   .9997654  .0193270  .0097734
T 2677  1 .1332420E+07   4000016E-01  .1987E+04  .1760E+04   .9999880 -.0019381  .0044893
T 2678  1 .1290936E+07   4000005E-01 -.8834E+03 -.9129E+03   .9999539  .0005574  .0095818
T 2679  1 .1324169E+07   4000021E-01  .6750E+04 -.5918E+04   .9985709  .0527055 -.0088492
T 2680  1 .1300488E+07   4000012E-01  .7928E+03  .3211E+04   .9998377  .0125173  .0129559
T 2681  1 .1306119E+07   4000015E-01  .3839E+04 -.8567E+03   .9996808  .0251286  .0026309
T 2682  1 .1323420E+07   4000015E-01  .2907E+04  .1669E+04   .9999669  .0043615  .0068721
T 2683  1 .1315783E+07   4000013E-01 -.3708E+04  .1444E+04   .9998367 -.0117459  .0137368
T 2684  1 .1308157E+07   4000015E-01 -.1246E+04 -.7589E+04   .9998279 -.0079976 -.0167424
T 2685  1 .1326834E+07   4000019E-01 -.3694E+04  .3966E+04   .9987345 -.0241046  .0441393
T 2686  1 .1350934E+07   4000008E-01 -.7745E+03  .1200E+04   .9999912  .0008466 -.0040980
T 2687  1 .1307318E+07   4000012E-01 -.1388E+04 -.9094E+04   .9985598  .0073431 -.0531455
T 2688  1 .1305198E+07   4000023E-01  .1732E+04  .2536E+04   .9995588  .0297025 -.0001839
T 2689  1 .1295699E+07   4000005E-01  .2797E+04  .8813E+04   .9989051 -.0171987  .0435057
T 2690  1 .1322055E+07   4000005E-01  .1136E+04  .3822E+03   .9999693  .0044348 -.0064531
T 2691  1 .1301944E+07   4000018E-01 -.9351E+03 -.2267E+04   .9996240 -.0174872 -.0211180
T 2692  1 .1314123E+07   4000022E-01  .2564E+04 -.3384E+04   .9999596  .0004707  .0089780
T 2693  1 .1306500E+07   4000018E-01 -.4107E+04 -.3810E+04   .9999025  .0084523 -.0111167
T 2694  1 .1288285E+07   4000003E-01 -.5484E+04  .4745E+04   .9997624 -.0217178  .0018508
T 2695  1 .1323428E+07   4000016E-01 -.4517E+04  .1715E+04   .9998870 -.0136981  .0061867
T 2696  1 .1310584E+07   4000020E-01 -.1628E+04  .1211E+03   .9999136 -.0125585 -.0038783
T 2697  1 .1310967E+07   4000011E-01 -.4938E+04  .1060E+03   .9995439  .0122998 -.0275824
T 2698  1 .1268076E+07   4000002E-01  .2659E+04 -.6469E+04   .9996528  .0181780 -.0190759
T 2699  1 .1313978E+07   4000011E-01  .6847E+01  .6478E+04   .9993783 -.0044638  .0349738
T 2700  1 .1315345E+07   4000004E-01 -.5331E+04 -.5543E+04   .9994302 -.0244103 -.0233128
T 2701  1 .1283359E+07   4000019E-01 -.2676E+04  .2514E+04   .9992762 -.0234729  .0299334
T 2702  1 .1293736E+07   4000021E-01 -.7702E+03 -.4030E+04   .9999092 -.0134306 -.0010583
T 2703  1 .1318042E+07   4000017E-01  .2354E+04  .5365E+03   .9998672  .0148115 -.0067986
T 2704  1 .1300236E+07   4000016E-01 -.1715E+04 -.4015E+03   .9999563 -.0079674  .0048907
T 2705  1 .1328714E+07   4000006E-01 -.1652E+04 -.5754E+04   .9998456 -.0031433 -.0172884
T 2706  1 .1307439E+07   4000013E-01 -.1213E+04 -.7887E+04   .9996527 -.0163947 -.0206317
T 2707  1 .1334048E+07   4000012E-01 -.4785E+04  .2227E+03   .9998392 -.0171021  .0053888
T 2708  1 .1333853E+07   4000001E-01  .3805E+02 -.1144E+04   .9997767 -.0184502  .0103014
T 2709  1 .1341118E+07   4000011E-01  .7611E+04  .1953E+04   .9987849  .0487275 -.0073789
T 2710  1 .1340626E+07   4000022E-01  .2877E+04 -.1520E+04   .9999171  .0125080  .0030634
T 2711  1 .1315075E+07   4000019E-01  .5520E+03 -.1569E+04   .9997776  .0096563 -.0187467
T 2712  1 .1338984E+07   4000012E-01  .1584E+02 -.4593E+04   .9988585  .0105532 -.0465875
T 2713  1 .1316863E+07   4000004E-01  .1272E+04 -.5570E+03   .9999075  .0135970  .0004136
T 2714  1 .1300189E+07   4000011E-01  .4803E+04 -.7472E+03   .9992674  .0382673 -.0005293
T 2715  1 .1310821E+07   4000015E-01  .2656E+04 -.7170E+04   .9991452  .0179800 -.0372237
T 2716  1 .1299026E+07   4000013E-01 -.4872E+04  .5317E+03   .9988019 -.0487175  .0046134
T 2717  1 .1318011E+07   4000021E-01  .5412E+04  .1837E+04   .9996718  .0181824  .0180485
T 2718  1 .1293983E+07   4000021E-01  .7825E+04 -.1652E+04   .9996703  .0196625 -.0165151
T 2719  1 .1302599E+07   4000014E-01 -.6494E+04 -.1671E+04   .9984688 -.0538721 -.0125634
T 2720  1 .1323367E+07   4000007E-01 -.2044E+04  .1378E+05   .9975242 -.0075956  .0699123
T 2721  1 .1266915E+07   4000018E-01 -.2184E+04  .2612E+04   .9996349 -.0179675  .0201790
T 2722  1 .1327945E+07   4000021E-01  .3002E+03  .1212E+04   .9999703 -.0024416  .0073049
T 2723  1 .1321127E+07   4000017E-01 -.2105E+03 -.1981E+04   .9999026  .0088824 -.0107631
T 2724  1 .1288990E+07   4000013E-01 -.4684E+04 -.4706E+04   .9996195 -.0223011 -.0162358
T 2725  1 .1317453E+07   4000019E-01  .5483E+03  .2547E+04   .9998472  .0007476  .0174639
T 2726  1 .1312821E+07   4000020E-01 -.1291E+04 -.2375E+04   .9999452 -.0075693 -.0072318
T 2727  1 .1329269E+07   4000000E-01 -.1324E+05  .6183E+04   .9981470 -.0352895  .0495698
T 2728  1 .1293647E+07   4000015E-01 -.2340E+03 -.3062E+04   .9997541 -.0133301 -.0177228
T 2729  1 .1282457E+07   4000009E-01 -.5593E+03  .3599E+03   .9999777 -.0066326 -.0008025
T 2730  1 .1303807E+07   4000006E-01 -.2320E+04  .5470E+04   .9999039 -.0029268  .0135504
T 2731  1 .1307608E+07   4000018E-01 -.1919E+04 -.2170E+04   .9997988 -.0200105  .0013651
T 2732  1 .1312686E+07   4000012E-01  .1178E+04  .4270E+03   .9999362  .0112394 -.0011329
T 2733  1 .1325888E+07   4000019E-01 -.7094E+04 -.7335E+04   .9936908 -.1081270 -.0297852
T 2734  1 .1268471E+07   4000012E-01  .1420E+04 -.1565E+04   .9999244  .0118879 -.0031545
T 2735  1 .1333975E+07   4000007E-01  .2162E+04 -.1184E+04   .9998965  .0100322 -.0103108
T 2736  1 .1340951E+07   4000013E-01 -.5594E+04 -.5841E+04   .9994661 -.0311051 -.0099996
T 2737  1 .1339705E+07   4000018E-01  .1873E+04 -.1099E+04   .9999946  .0027184 -.0018424
T 2738  1 .1312829E+07   4000001E-01 -.1460E+04  .1473E+04   .9998775 -.0109491  .0111825
T 2739  1 .1337306E+07   4000000E-01 -.3662E+04 -.2515E+04   .9997799 -.0125038 -.0168437
T 2740  1 .1321773E+07   4000013E-01  .4027E+04 -.3109E+04   .9997698  .0135694 -.0166195
T 2741  1 .1352336E+07   4000008E-01 -.2938E+04  .2950E+04   .9994522 -.0240081  .0227795
T 2742  1 .1323191E+07   4000017E-01 -.4300E+03 -.4799E+04   .9999564  .0092314 -.0014185
T 2743  1 .1302178E+07   4000022E-01  .9635E+04 -.2406E+04   .9992624  .0381519  .0043701
T 2744  1 .1313840E+07   4000009E-01 -.9125E+03 -.6147E+04   .9997567  .0002427 -.0220585
T 2745  1 .1284602E+07   4000021E-01 -.1037E+04 -.5236E+04   .9998694 -.0090102 -.0134186
T 2746  1 .1304966E+07   4000017E-01 -.3010E+04 -.4213E+04   .9996134 -.0263350 -.0089128
T 2747  1 .1309906E+07   4000011E-01 -.6674E+04 -.3198E+04   .9986973 -.0461590 -.0217495
T 2748  1 .1340710E+07   4000001E-01  .1183E+04 -.6265E+04   .9984984  .0129841 -.0532193
T 2749  1 .1332119E+07   4000012E-01  .1655E+04  .1561E+04   .9998388  .0156626  .0087803
T 2750  1 .1291189E+07   4000004E-01 -.3549E+04 -.2149E+04   .9996809 -.0194475 -.0161207
T 2751  1 .1322669E+07   4000006E-01  .5912E+04  .3741E+04   .9989426  .0427065  .0170271
T 2752  1 .1305699E+07   4000001E-01  .3095E+03 -.3679E+04   .9997469  .0217767 -.0056515
T 2753  1 .1301921E+07   4000021E-01  .1248E+04  .1968E+04   .9999030 -.0012004  .0138760
T 2754  1 .1318230E+07   4000019E-01  .1591E+04  .9092E+03   .9998110 -.0002050  .0194416
T 2755  1 .1306145E+07   4000020E-01  .2396E+04 -.5996E+04   .9987444  .0099515 -.0490971
T 2756  1 .1343919E+07   4000000E-01 -.4518E+04  .1198E+04   .9997748 -.0197074  .0078687
T 2757  1 .1315255E+07   4000015E-01 -.8184E+03  .2346E+03   .9997106 -.0101635  .0218059
T 2758  1 .1272062E+07   4000019E-01 -.1372E+04 -.2093E+04   .9997928  .0202930 -.0015818
T 2759  1 .1307970E+07   4000011E-01 -.4115E+04 -.1967E+00   .9995215 -.0309037 -.0012824
T 2760  1 .1338630E+07   4000022E-01  .2920E+04 -.9676E+04   .9987418  .0105602 -.0490234
T 2761  1 .1294450E+07   4000022E-01  .4242E+04  .4493E+03   .9997606  .0217458  .0024271
T 2762  1 .1292004E+07   4000010E-01  .9070E+03  .2136E+04   .9999960  .0023061  .0016674
T 2763  1 .1260811E+07   4000020E-01 -.2509E+04 -.2945E+04   .9998325 -.0181264 -.0025235
T 2764  1 .1290339E+07   4000010E-01  .1226E+05 -.3213E+04   .9995573  .0291091  .0061585
T 2765  1 .1327665E+07   4000012E-01  .6410E+04 -.1084E+04   .9996278  .0269350  .0043403
T 2766  1 .1292342E+07   4000002E-01  .2214E+04  .2715E+04   .9999965  .0025462  .0007535
T 2767  1 .1288908E+07   4000016E-01 -.5736E+03  .1482E+04   .9997218  .0202103  .0121630
T 2768  1 .1328142E+07   4000020E-01  .8490E+03 -.1948E+04   .9998723  .0061195 -.0147614
T 2769  1 .1285430E+07   4000017E-01  .3914E+03  .1293E+04   .9999562  .0012987 -.0092735
T 2770  1 .1325904E+07   4000022E-01  .3486E+04  .1035E+04   .9999135  .0129846  .0020789
T 2771  1 .1345685E+07   4000013E-01 -.5003E+04  .1534E+04   .9996287 -.0231084 -.0144362
T 2772  1 .1286843E+07   4000020E-01  .2281E+04 -.1144E+04   .9996132 -.0237251  .0145125
T 2773  1 .1312070E+07   4000000E-01  .5828E+03 -.4033E+04   .9998499  .0130453 -.0113976
T 2774  1 .1325539E+07   4000004E-01 -.1871E+04 -.6762E+04   .9994056 -.0126810 -.0320564
T 2775  1 .1307950E+07   4000017E-01  .2836E+04  .2552E+05   .9928935  .0012082  .1190001
T 2776  1 .1305511E+07   4000004E-01 -.4105E+04  .5553E+04   .9995038 -.0188292  .0252511
T 2777  1 .1333925E+07   4000004E-01  .5206E+04  .4935E+04   .9992849  .0293545  .0238340
T 2778  1 .1296481E+07   4000020E-01 -.2330E+02  .2579E+03   .9999675 -.0042398  .0068553
T 2779  1 .1320052E+07   4000021E-01  .1348E+04 -.1141E+04   .9998692  .0153078  .0052255
T 2780  1 .1303492E+07   4000021E-01  .5010E+04 -.4188E+04   .9996924  .0247714  .0012270
T 2781  1 .1320109E+07   4000018E-01  .8597E+03 -.8858E+03   .9999682 -.0015718  .0078155
T 2782  1 .1291503E+07   4000011E-01  .5593E+04 -.7517E+04   .9993288  .0281784 -.0234075
T 2783  1 .1332822E+07   4000013E-01 -.2054E+03 -.2481E+04   .9999074 -.0083922 -.0107119
T 2784  1 .1279365E+07   4000021E-01  .3184E+04 -.4187E+04   .9999864  .0025249 -.0045699
T 2785  1 .1320429E+07   4000022E-01  .9876E+04 -.4733E+04   .9998349  .0135547 -.0121052
T 2786  1 .1298759E+07   4000021E-01 -.1603E+04 -.3566E+04   .9999452  .0012172 -.0103936
T 2787  1 .1292647E+07   4000000E-01  .1696E+03 -.4710E+03   .9997925 -.0203621  .0004942
T 2788  1 .1306729E+07   4000016E-01 -.4824E+04 -.5472E+04   .9997090 -.0044026 -.0237169
T 2789  1 .1325135E+07   4000017E-01  .1964E+04  .1099E+04   .9993882  .0275035  .0216063
T 2790  1 .1298696E+07   4000019E-01  .3453E+04 -.1926E+03   .9990331  .0360634  .0251468
T 2791  1 .1327531E+07   4000015E-01  .8380E+04 -.2308E+04   .9992099  .0330465 -.0220810
T 2792  1 .1270804E+07   4000009E-01  .3671E+04  .2968E+04   .9998889 -.0055174  .0138446
T 2793  1 .1286749E+07   4000017E-01 -.2612E+04 -.1253E+04   .9999099 -.0124385  .0050442
T 2794  1 .1282232E+07   4000005E-01  .4006E+04  .9052E+04   .9994356  .0309172  .0131373
T 2795  1 .1282876E+07   4000015E-01  .2676E+04  .6076E+04   .9999212  .0071775  .0102967
T 2796  1 .1283515E+07   4000010E-01 -.2640E+04 -.1969E+04   .9998996 -.0141000  .0013922
T 2797  1 .1331607E+07   4000014E-01  .7025E+04  .5078E+04   .9990488  .0322013  .0294047
T 2798  1 .1300525E+07   4000021E-01  .7307E+03  .1182E+03   .9999656  .0070809 -.0043179
T 2799  1 .1313907E+07   4000021E-01  .7759E+04  .8940E+03   .9997161  .0223032 -.0083890
T 2800  1 .1317266E+07   4000005E-01 -.5543E+03 -.8360E+04   .9982774  .0052007 -.0584399
T 2801  1 .1318920E+07   4000004E-01  .3899E+04  .9332E+04   .9992372  .0233217  .0313236
T 2802  1 .1335541E+07   4000014E-01  .1010E+05 -.1525E+04   .9995387  .0296502  .0065779
T 2803  1 .1310201E+07   4000007E-01  .6520E+04  .7033E+02   .9926919  .0799037  .0904328
T 2804  1 .1271609E+07   4000008E-01  .4953E+04  .4296E+04   .9995790  .0146776  .0250265
T 2805  1 .1339696E+07   4000009E-01 -.2709E+04  .4496E+04   .9999188 -.0092262  .0087911
T 2806  1 .1302233E+07   4000003E-01  .3736E+04 -.2343E+04   .9996917  .0242480 -.0053491
T 2807  1 .1300178E+07   4000018E-01  .3677E+04 -.1826E+04   .9993365  .0360788  .0049876
T 2808  1 .1276162E+07   4000020E-01  .3691E+04 -.9610E+03   .9999092  .0088136 -.0101960
T 2809  1 .1302910E+07   4000018E-01 -.5442E+04  .2162E+04   .9996606 -.0224931  .0131394
T 2810  1 .1314513E+07   4000020E-01 -.5396E+04 -.1984E+04   .9993438 -.0324609 -.0160701
T 2811  1 .1303531E+07   4000005E-01  .7415E+03 -.2928E+04   .9997735 -.0104070 -.0185647
T 2812  1 .1314312E+07   4000014E-01 -.2996E+04  .5530E+03   .9994997 -.0302756  .0091509
T 2813  1 .1312151E+07   4000020E-01 -.2835E+04  .2857E+04   .9995897  .0047803  .0282418
T 2814  1 .1323440E+07   4000005E-01  .5728E+04  .4297E+04   .9999429  .0051539  .0093613
T 2815  1 .1365286E+07   4000005E-01 -.2154E+03  .4055E+04   .9997887  .0042868  .0201056
T 2816  1 .1324623E+07   4000016E-01  .3556E+03  .2771E+04   .9990180  .0323865  .0302363
T 2817  1 .1291607E+07   4000006E-01 -.1024E+04 -.1199E+04   .9998607 -.0162336  .0038851
T 2818  1 .1293527E+07   4000008E-01 -.7878E+04  .1503E+04   .9990115 -.0407160  .0178364
T 2819  1 .1289400E+07   4000019E-01  .8034E+03  .2815E+03   .9999974  .0022830 -.0002023
T 2820  1 .1339136E+07   4000014E-01 -.1645E+04  .1742E+04   .9996193  .0254698  .0106104
T 2821  1 .1345642E+07   4000014E-01 -.2898E+04  .2051E+04   .9999778 -.0066258  .0006380
T 2822  1 .1278235E+07   4000012E-01 -.5362E+04  .2105E+04   .9994714 -.0309335  .0100047
T 2823  1 .1317936E+07   4000022E-01  .4692E+04 -.8230E+04   .9997516  .0060615 -.0214487
T 2824  1 .1319668E+07   4000007E-01 -.1977E+04  .8261E+03   .9998183 -.0167993  .0090045
T 2825  1 .1312190E+07   4000005E-01 -.2257E+04  .4367E+04   .9996148 -.0194053  .0198396
T 2826  1 .1334216E+07   4000016E-01 -.7346E+04  .1252E+05   .9990779 -.0257431  .0343609
T 2827  1 .1313502E+07   4000019E-01 -.8014E+02  .9370E+04   .9991831  .0199640  .0351373
T 2828  1 .1289816E+07   4000018E-01 -.9138E+02  .1556E+04   .9999539 -.0078485  .0055404
T 2829  1 .1294987E+07   4000002E-01  .6359E+03  .3822E+02   .9999640  .0084850 -.0001898
T 2830  1 .1338608E+07   4000018E-01 -.1801E+04 -.2965E+04   .9997579 -.0219457  .0016041
T 2831  1 .1337753E+07   4000003E-01 -.2236E+04 -.2601E+04   .9998054 -.0185192 -.0067977
T 2832  1 .1322154E+07   4000015E-01 -.3649E+04 -.1121E+04   .9999271 -.0106614 -.0056630
T 2833  1 .1308363E+07   4000012E-01 -.6776E+03  .3846E+04   .9996765  .0163519  .0194829
T 2834  1 .1322970E+07   4000001E-01  .2954E+04  .2542E+04   .9999772  .0011875  .0066426
T 2835  1 .1315820E+07   4000013E-01 -.1107E+05  .2512E+04   .9987246 -.0500975  .0062766
T 2836  1 .1278850E+07   4000020E-01 -.1402E+04  .2544E+04   .9999103 -.0118415  .0062514
T 2837  1 .1274887E+07   4000006E-01  .3008E+04  .6569E+04   .9997680  .0117838  .0180282
T 2838  1 .1349607E+07   4000015E-01 -.6163E+03  .3774E+03   .9998840  .0128469  .0081791
T 2839  1 .1324527E+07   4000009E-01  .1828E+04  .2283E+04   .9998393  .0164427  .0071407
T 2840  1 .1343634E+07   4000004E-01  .9169E+03 -.5055E+04   .9995629  .0073609 -.0286318
T 2841  1 .1302418E+07   4000005E-01  .2117E+04  .1241E+04   .9999650  .0047223  .0069036
T 2842  1 .1309284E+07   4000021E-01 -.4967E+04 -.3976E+04   .9994104 -.0312044 -.0143256
T 2843  1 .1308084E+07   4000022E-01  .4711E+04  .1003E+05   .9991156  .0236507  .0347662
T 2844  1 .1311603E+07   4000009E-01 -.1285E+05 -.1167E+05   .9981628 -.0393600 -.0460632
T 2845  1 .1316454E+07   4000008E-01  .7467E+03  .3537E+03   .9999193 -.0050626  .0116505
T 2846  1 .1309795E+07   4000004E-01  .5024E+04 -.3540E+03   .9999011  .0140624 -.0002616
T 2847  1 .1280958E+07   4000020E-01  .8568E+04 -.2012E+04   .9992923  .0369695 -.0069403
T 2848  1 .1325874E+07   4000019E-01 -.1520E+04  .6123E+04   .9989249  .0076115  .0457290
T 2849  1 .1328563E+07   4000011E-01 -.2901E+04  .2991E+04   .9997661 -.0171643  .0131569
T 2850  1 .1292457E+07   4000014E-01  .5280E+02  .2057E+04   .9996713 -.0193688  .0167945
T 2851  1 .1318010E+07   4000012E-01  .9054E+03  .1411E+04   .9998868  .0012097  .0149967
T 2852  1 .1322398E+07   4000020E-01 -.4462E+04  .4261E+04   .9996295 -.0195521  .0189366
T 2853  1 .1292653E+07   4000013E-01 -.1316E+05 -.1009E+04   .9988985 -.0451265 -.0128599
T 2854  1 .1321784E+07   4000021E-01 -.3119E+04 -.3466E+04   .9994698 -.0128485 -.0299186
T 2855  1 .1362630E+07   4000008E-01 -.3652E+02 -.2980E+04   .9996750  .0018387 -.0254261
T 2856  1 .1343050E+07   4000018E-01  .3765E+04  .4199E+04   .9997310  .0159983  .0167920
T 2857  1 .1318684E+07   4000001E-01 -.1870E+04  .2387E+04   .9998575 -.0156744 -.0062702
T 2858  1 .1294748E+07   4000016E-01 -.3328E+04  .1357E+04   .9999935  .0035090  .0008775
T 2859  1 .1319402E+07   4000012E-01  .1769E+04  .8365E+03   .9998230 -.0150307 -.0113159
T 2860  1 .1296372E+07   4000018E-01  .8016E+04  .8729E+03   .9996136  .0171223  .0218977
T 2861  1 .1337346E+07   4000020E-01  .1818E+04 -.4488E+04   .9993782 -.0091946 -.0340392
T 2862  1 .1310033E+07   4000009E-01  .1676E+05 -.3396E+05   .9904317  .0675952 -.1203163
T 2863  1 .1309960E+07   4000020E-01 -.3827E+04 -.3610E+03   .9997466 -.0220629 -.0044582
T 2864  1 .1332827E+07   4000019E-01  .7826E+04  .2875E+04   .9992958  .0375173  .0006355
T 2865  1 .1287330E+07   4000006E-01 -.5632E+04 -.2573E+04   .9994352 -.0326893 -.0077870
T 2866  1 .1281915E+07   4000022E-01  .3934E+04 -.3384E+03   .9999324  .0114619  .0019744
T 2867  1 .1315253E+07   4000013E-01  .1171E+04 -.4140E+04   .9997206  .0150495 -.0182284
T 2868  1 .1332348E+07   4000001E-01  .4039E+02  .1337E+04   .9995952  .0187812  .0213725
T 2869  1 .1331356E+07   4000008E-01  .2271E+03 -.9063E+03   .9999882  .0014677 -.0046284
T 2870  1 .1303088E+07   4000017E-01  .4197E+04 -.4736E+04   .9997436  .0189577 -.0123868
T 2871  1 .1315313E+07   4000001E-01  .2939E+04 -.2585E+04   .9999113  .0033045 -.0129046
T 2872  1 .1293284E+07   4000012E-01 -.2795E+03  .1384E+04   .9999432  .0099232  .0039022
T 2873  1 .1333302E+07   4000012E-01  .3692E+04 -.7068E+04   .9994022  .0288731 -.0190148
T 2874  1 .1298354E+07   4000000E-01  .2766E+03  .5712E+03   .9999309 -.0032006 -.0113123
T 2875  1 .1314946E+07   4000004E-01 -.2479E+04  .1866E+04   .9997851 -.0160889  .0130737
T 2876  1 .1330898E+07   4000006E-01 -.3201E+04  .2683E+03   .9999654 -.0076334 -.0033084
T 2877  1 .1319884E+07   4000012E-01  .5111E+04 -.9496E+03   .9995528  .0292706 -.0061148
T 2878  1 .1333521E+07   4000014E-01  .6378E+04  .1015E+05   .9980162  .0451229  .0439038
T 2879  1 .1292228E+07   4000011E-01  .4316E+04 -.1937E+05   .9865305  .0517466 -.1551772
T 2880  1 .1335035E+07   4000022E-01  .6488E+03 -.5435E+04   .9996968  .0126115 -.0211489
T 2881  1 .1301316E+07   4000020E-01  .5695E+04  .1553E+04   .9999903 -.0017692 -.0040443
T 2882  1 .1282000E+07   4000001E-01  .5484E+04 -.7014E+04   .9994968  .0198545 -.0247383
T 2883  1 .1291370E+07   4000008E-01  .8200E+03 -.4374E+03   .9998831  .0125494 -.0087368
T 2884  1 .1320409E+07   4000020E-01  .1760E+04  .9724E+03   .9999558  .0034355  .0087552
T 2885  1 .1302753E+07   4000012E-01  .1770E+04 -.6443E+03   .9998308  .0075201 -.0167894
T 2886  1 .1346865E+07   4000019E-01 -.6198E+03  .1732E+04   .9999453 -.0020525  .0102546
T 2887  1 .1307004E+07   4000006E-01 -.1041E+04  .1804E+04   .9994802 -.0275377  .0167625
T 2888  1 .1343281E+07   4000016E-01  .3904E+03  .2799E+04   .9996450 -.0019885  .0265696
T 2889  1 .1284297E+07   4000015E-01  .1100E+04 -.3724E+04   .9998463 -.0060251 -.0164670
T 2890  1 .1292366E+07   4000017E-01 -.7846E+03  .1738E+04   .9994519 -.0320685  .0082221
T 2891  1 .1321344E+07   4000022E-01 -.6364E+04  .3916E+03   .9999547  .0026824  .0091369
T 2892  1 .1292955E+07   4000018E-01  .6673E+04 -.4871E+04   .9998332  .0078791 -.0164782
T 2893  1 .1300896E+07   4000012E-01 -.8504E+03  .3441E+04   .9997122 -.0103160  .0216606
T 2894  1 .1301087E+07   4000012E-01  .3504E+04  .2672E+04   .9995893  .0235620  .0163116
T 2895  1 .1306987E+07   4000020E-01  .6841E+04 -.4133E+03   .9997044  .0239357  .0042639
T 2896  1 .1307278E+07   4000009E-01  .2843E+03 -.6540E+04   .9995586 -.0053562 -.0292220
T 2897  1 .1273749E+07   4000002E-01 -.1065E+04  .6266E+04   .9998006 -.0055116  .0191925
T 2898  1 .1292795E+07   4000000E-01  .3387E+04 -.3265E+04   .9998313  .0169362 -.0071077
T 2899  1 .1308087E+07   4000012E-01  .3846E+03 -.2161E+04   .9998471 -.0037437 -.0170828
T 2900  1 .1312512E+07   4000001E-01  .6697E+04  .1838E+04   .9997799  .0209605  .0009300
T 2901  1 .1310475E+07   4000010E-01  .2548E+04  .6792E+04   .9996022  .0212934  .0184958
T 2902  1 .1323851E+07   4000021E-01  .8169E+04 -.1063E+02   .9995478  .0291809 -.0072612
T 2903  1 .1320533E+07   4000008E-01  .1066E+04 -.8109E+04   .9984654  .0069172 -.0549445
T 2904  1 .1295134E+07   4000015E-01  .2974E+03 -.1969E+04   .9998782 -.0075277 -.0136741
T 2905  1 .1287109E+07   4000016E-01  .4168E+04  .6700E+04   .9998024  .0100584  .0171439
T 2906  1 .1295082E+07   4000014E-01  .2399E+04  .2783E+04   .9998689 -.0087247 -.0136430
T 2907  1 .1360393E+07   4000000E-01 -.3067E+04  .6090E+04   .9993319  .0131689  .0340931
T 2908  1 .1315070E+07   4000004E-01  .6301E+04 -.2350E+04   .9970779  .0698758  .0308721
T 2909  1 .1293644E+07   4000017E-01 -.3729E+04 -.2638E+04   .9997762 -.0206791  .0044690
T 2910  1 .1325410E+07   4000011E-01  .1980E+04 -.2066E+04   .9997842  .0204496 -.0036696
T 2911  1 .1275808E+07   4000001E-01  .3042E+04 -.9687E+03   .9999909 -.0012739 -.0040802
T 2912  1 .1283005E+07   4000008E-01  .2866E+04  .1239E+04   .9999029  .0111566  .0083500
T 2913  1 .1328130E+07   4000002E-01  .2244E+04  .1216E+04   .9998803 -.0007486  .0154554
T 2914  1 .1302557E+07   4000003E-01 -.1899E+03 -.2316E+02   .9999708  .0012770 -.0075396
T 2915  1 .1296283E+07   4000011E-01 -.1882E+04  .2782E+03   .9984719 -.0349980 -.0427664
T 2916  1 .1341228E+07   4000003E-01 -.3636E+04 -.2017E+04   .9996139 -.0277870  .0000193
T 2917  1 .1313440E+07   4000014E-01 -.1382E+04  .1566E+03   .9999862  .0008485  .0051776
T 2918  1 .1281933E+07   4000013E-01  .2977E+04 -.8060E+03   .9998247  .0175233 -.0065885
T 2919  1 .1353969E+07   4000013E-01 -.6069E+04  .2977E+04   .9992818 -.0123538  .0358232
T 2920  1 .1325494E+07   4000000E-01  .4165E+04  .2451E+04   .9999229 -.0042192  .0116800
T 2921  1 .1296864E+07   4000010E-01 -.1087E+04 -.8550E+04   .9996344  .0030014 -.0268694
T 2922  1 .1308038E+07   4000020E-01  .5267E+04  .3112E+04   .9997929 -.0054896  .0195963
T 2923  1 .1293857E+07   4000020E-01  .1956E+04  .1265E+05   .9988980  .0245194  .0400203
T 2924  1 .1310324E+07   4000020E-01 -.2262E+04 -.5081E+04   .9993002 -.0176785 -.0329627
T 2925  1 .1323210E+07   4000001E-01  .2771E+04  .1433E+03   .9999883  .0024364 -.0041780
T 2926  1 .1330631E+07   4000004E-01  .2597E+04 -.5497E+04   .9996406  .0027162 -.0266694
T 2927  1 .1326633E+07   4000020E-01 -.1725E+04 -.1045E+04   .9997714 -.0101426 -.0188239
T 2928  1 .1308772E+07   4000022E-01  .1819E+03  .4751E+03   .9999907  .0040185 -.0015812
T 2929  1 .1338380E+07   4000014E-01  .6268E+02 -.2477E+04   .9999231 -.0006604 -.0123832
T 2930  1 .1333589E+07   4000002E-01  .2311E+04 -.3155E+04   .9997625  .0058531 -.0209921
T 2931  1 .1303360E+07   4000000E-01  .7520E+03 -.7045E+03   .9999639 -.0055506 -.0064373
T 2932  1 .1342771E+07   4000007E-01 -.1932E+04 -.7271E+03   .9997994  .0114194 -.0164534
T 2933  1 .1302985E+07   4000002E-01 -.9481E+03 -.4528E+04   .9990320 -.0154537 -.0411864
T 2934  1 .1270177E+07   4000009E-01  .4778E+04  .1138E+04   .9998379  .0108263  .0143871
T 2935  1 .1272426E+07   4000014E-01  .4017E+04 -.6077E+03   .9999597  .0044578 -.0077965
T 2936  1 .1266436E+07   4000021E-01 -.9316E+03 -.3609E+04   .9999934 -.0001398 -.0036219
T 2937  1 .1328633E+07   4000005E-01 -.2857E+03  .2130E+02   .9999875 -.0021513 -.0045238
T 2938  1 .1315687E+07   4000020E-01  .6241E+03  .2437E+04   .9999983 -.0012991 -.0013087
T 2939  1 .1299815E+07   4000008E-01 -.2686E+04  .3889E+04   .9998855 -.0131434  .0074996
T 2940  1 .1318905E+07   4000017E-01 -.3903E+04 -.8167E+03   .9997618 -.0126397 -.0177952
T 2941  1 .1325909E+07   4000008E-01  .3782E+04 -.5047E+03   .9999485  .0054713 -.0085456
T 2942  1 .1286233E+07   4000014E-01 -.8611E+03 -.1807E+04   .9996721  .0112761 -.0229903
T 2943  1 .1319670E+07   4000020E-01  .4875E+04  .7233E+03   .9993266  .0282103  .0234613
T 2944  1 .1293255E+07   4000021E-01  .1147E+04 -.3326E+04   .9996197  .0057702 -.0269649
T 2945  1 .1313276E+07   4000000E-01  .5818E+04  .1908E+04   .9965923  .0182759  .0804353
T 2946  1 .1303666E+07   4000013E-01 -.6951E+04  .1740E+04   .9992266 -.0391617  .0035471
T 2947  1 .1348317E+07   4000018E-01  .3676E+04 -.5674E+03   .9996569  .0119981 -.0232827
T 2948  1 .1284876E+07   4000019E-01  .3833E+02  .5873E+04   .9977320 -.0015539  .0672936
T 2949  1 .1353456E+07   4000020E-01 -.3712E+04 -.3267E+04   .9997587 -.0163499 -.0146737
T 2950  1 .1333315E+07   4000010E-01  .5893E+04  .1033E+04   .9998106  .0134673  .0140487
T 2951  1 .1315260E+07   4000019E-01  .2379E+04  .2862E+04   .9996000  .0231407  .0162575
T 2952  1 .1328048E+07   4000015E-01  .6479E+04 -.1124E+05   .9990766  .0134992 -.0407899
T 2953  1 .1319977E+07   4000022E-01 -.1009E+04  .1621E+03   .9998931 -.0146040 -.0007140
T 2954  1 .1302357E+07   4000021E-01 -.1969E+03  .2117E+04   .9990266  .0078431  .0434089
T 2955  1 .1296945E+07   4000014E-01 -.5319E+04  .3298E+03   .9992363 -.0365742 -.0137555
T 2956  1 .1294271E+07   4000021E-01 -.8422E+04  .4838E+04   .9993075 -.0307546  .0209444
T 2957  1 .1283380E+07   4000014E-01 -.8643E+04  .1624E+04   .9994217 -.0336133 -.0051403
T 2958  1 .1316801E+07   4000021E-01  .1687E+04  .1340E+04   .9996418  .0248303  .0099848
T 2959  1 .1294951E+07   4000017E-01 -.1123E+04 -.3927E+04   .9997636 -.0109365 -.0187909
T 2960  1 .1287498E+07   4000021E-01 -.4030E+04  .5596E+03   .9993208 -.0326502  .0170879
T 2961  1 .1338174E+07   4000009E-01 -.3487E+04 -.1412E+04   .9998558 -.0167261  .0029208
T 2962  1 .1292593E+07   4000008E-01 -.5880E+04  .6532E+03   .9998189 -.0189167 -.0020815
T 2963  1 .1299100E+07   4000022E-01 -.1023E+04  .4296E+04   .9992785 -.0098583  .0366777
T 2964  1 .1331146E+07   4000011E-01 -.2593E+04  .6649E+04   .9998252  .0169030  .0079914
T 2965  1 .1275900E+07   4000019E-01 -.6637E+04  .6360E+04   .9978131 -.0508675  .0422090
T 2966  1 .1305347E+07   4000019E-01  .5078E+04 -.2176E+04   .9996999  .0226127 -.0094269
T 2967  1 .1309080E+07   4000013E-01  .8897E+03 -.1863E+03   .9999382  .0110838  .0008676
T 2968  1 .1339520E+07   4000015E-01 -.1016E+04  .2723E+04   .9998752 -.0000039  .0157987
T 2969  1 .1311470E+07   4000021E-01 -.9867E+04 -.5474E+03   .9989175 -.0270401  .0378517
T 2970  1 .1289859E+07   4000000E-01  .9480E+03 -.2118E+04   .9993866  .0341296 -.0078421
T 2971  1 .1300300E+07   4000000E-01  .8229E+03  .6157E+04   .9999765 -.0020160 -.0065539
T 2972  1 .1286982E+07   4000014E-01 -.2461E+04  .1011E+04   .9999984  .0015427  .0008547
T 2973  1 .1305947E+07   4000010E-01  .4390E+04 -.4241E+04   .9994369 -.0023159 -.0334731
T 2974  1 .1280984E+07   4000012E-01  .7330E+04 -.6263E+03   .9996405  .0200253  .0178268
T 2975  1 .1279014E+07   4000013E-01  .9501E+04 -.1914E+04   .9973635  .0714213 -.0128460
T 2976  1 .1279197E+07   4000020E-01  .1165E+04 -.1629E+04   .9997248  .0234600  .0001055
T 2977  1 .1268313E+07   4000011E-01  .1929E+04  .2268E+04   .9997364  .0228933  .0017159
T 2978  1 .1317578E+07   4000006E-01  .3162E+04  .2875E+04   .9995830  .0067976  .0280646
T 2979  1 .1283088E+07   4000022E-01  .7488E+03  .2514E+03   .9999307  .0116040  .0020043
T 2980  1 .1311345E+07   4000014E-01  .2348E+04 -.2522E+04   .9997447  .0196643 -.0111275
T 2981  1 .1290343E+07   4000018E-01 -.2773E+04 -.3454E+04   .9999957 -.0019965  .0021576
T 2982  1 .1300508E+07   4000021E-01 -.4925E+04  .2627E+04   .9995575 -.0261718  .0141390
T 2983  1 .1311366E+07   4000004E-01 -.6024E+03 -.1631E+04   .9996999 -.0145851 -.0196836
T 2984  1 .1278466E+07   4000002E-01  .5309E+04 -.6226E+04   .9988890  .0458125 -.0110479
T 2985  1 .1341407E+07   4000003E-01 -.1693E+04  .5612E+04   .9996333 -.0095226  .0253510
T 2986  1 .1268084E+07   4000022E-01 -.5716E+04 -.1942E+04   .9997027 -.0243837  .0001029
T 2987  1 .1278651E+07   4000015E-01 -.2072E+04 -.2223E+03   .9998955 -.0122486 -.0076734
T 2988  1 .1276514E+07   4000016E-01 -.1038E+04  .1855E+04   .9999137 -.0086471  .0098869
T 2989  1 .1356890E+07   4000023E-01 -.2094E+04 -.2344E+04   .9998786 -.0147207 -.0051013
T 2990  1 .1293142E+07   4000016E-01  .2779E+04 -.1343E+04   .9999118  .0075708 -.0109119
T 2991  1 .1325177E+07   4000006E-01 -.4040E+04 -.1734E+04   .9997145 -.0218579 -.0096561
T 2992  1 .1279434E+07   4000016E-01 -.1260E+04 -.2255E+04   .9999688 -.0035153 -.0070745
T 2993  1 .1270789E+07   4000021E-01 -.5543E+04  .1006E+05   .9993875 -.0187357  .0295579
T 2994  1 .1306671E+07   4000020E-01  .2057E+04 -.2683E+04   .9999851 -.0006507 -.0054228
T 2995  1 .1272342E+07   4000019E-01 -.1628E+04 -.1778E+04   .9999496  .0068169  .0073709
T 2996  1 .1301280E+07   4000005E-01 -.8145E+03 -.3360E+04   .9998399 -.0036544 -.0175142
T 2997  1 .1286271E+07   4000013E-01  .7564E+04 -.1448E+04   .9992748  .0273633  .0264803
T 2998  1 .1314734E+07   4000016E-01 -.3555E+03  .2653E+04   .9999260 -.0058816  .0106461
T 2999  1 .1280873E+07   4000017E-01 -.5341E+04  .1146E+04   .9997262 -.0233409 -.0016239
T 3000  1 .1346637E+07   4000022E-01 -.1420E+05  .1206E+05   .9989580 -.0437546  .0129810
T 3001  1 .1317509E+07   4000008E-01  .4528E+04  .1777E+03   .9997500  .0216553  .0055616
T 3002  1 .1294440E+07   4000019E-01 -.6177E+04 -.6111E+04   .9988216 -.0269484 -.0403628
T 3003  1 .1362487E+07   4000008E-01 -.3347E+04  .9698E+03   .9999577 -.0009984  .0091429
T 3004  1 .1307829E+07   4000014E-01 -.1236E+04 -.2236E+03   .9997694 -.0180884  .0115754
T 3005  1 .1304559E+07   4000018E-01 -.7826E+04  .6978E+04   .9989729 -.0244029  .0381793
T 3006  1 .1292408E+07   4000000E-01 -.9297E+03 -.7051E+03   .9977554  .0280082 -.0608253
T 3007  1 .1337809E+07   4000019E-01  .2705E+04  .2030E+04   .9998945  .0145191  .0005120
T 3008  1 .1296442E+07   4000001E-01  .5324E+03  .3982E+03   .9999860 -.0046168  .0025892
T 3009  1 .1296101E+07   4000019E-01  .3278E+04  .4312E+04   .9991118  .0078370  .0414019
T 3010  1 .1328835E+07   4000000E-01  .1577E+04  .5636E+03   .9999820  .0048022  .0035833
T 3011  1 .1280630E+07   4000000E-01  .1307E+04  .2552E+04   .9996087 -.0005238  .0279661
T 3012  1 .1338239E+07   4000012E-01  .1289E+04  .2682E+04   .9997408 -.0134165  .0183956
T 3013  1 .1266126E+07   4000022E-01 -.4810E+04  .4103E+04   .9991639 -.0342948  .0222574
T 3014  1 .1318765E+07   4000013E-01  .7720E+03 -.1635E+04   .9999864  .0002504  .0052011
T 3015  1 .1280088E+07   4000020E-01 -.2983E+04 -.6049E+04   .9995539 -.0120997 -.0273061
T 3016  1 .1293920E+07   4000020E-01  .4894E+03  .1999E+04   .9999037 -.0028010  .0135940
T 3017  1 .1319914E+07   4000006E-01  .1974E+04  .2727E+04   .9999357  .0080790  .0079592
T 3018  1 .1328028E+07   4000016E-01 -.3985E+04  .5821E+04   .9993238 -.0221505  .0293482
T 3019  1 .1343580E+07   4000021E-01 -.4708E+02 -.3036E+04   .9998020  .0136095 -.0145171
T 3020  1 .1279419E+07   4000017E-01 -.5064E+04  .1956E+04   .9999595 -.0055111  .0071155
T 3021  1 .1326987E+07   4000000E-01  .1327E+04  .8980E+03   .9999930  .0036802 -.0006030
T 3022  1 .1276068E+07   4000008E-01  .6040E+03 -.7969E+03   .9999996  .0009160 -.0000189
T 3023  1 .1341565E+07   4000015E-01 -.3863E+04  .1116E+04   .9993058 -.0303142  .0216549
T 3024  1 .1333347E+07   4000020E-01 -.3072E+04 -.3940E+01   .9999193 -.0085371 -.0094040
T 3025  1 .1294816E+07   4000004E-01  .3460E+04 -.1002E+04   .9998872  .0129265  .0076465
T 3026  1 .1263811E+07   4000011E-01  .5889E+04  .6564E+04   .9996474  .0147626  .0220719
T 3027  1 .1307287E+07   4000008E-01 -.2092E+04 -.5214E+04   .9997240 -.0230791 -.0043968
T 3028  1 .1339711E+07   4000005E-01 -.1235E+04 -.1453E+03   .9996765 -.0176307  .0183316
T 3029  1 .1317303E+07   4000018E-01 -.2161E+04  .6616E+03   .9997863  .0113691 -.0172683
T 3030  1 .1329268E+07   4000007E-01 -.5446E+04  .6428E+03   .9998668 -.0161789  .0021534
T 3031  1 .1344453E+07   4000001E-01 -.4364E+04 -.7402E+04   .9994485 -.0194270 -.0269311
T 3032  1 .1305749E+07   4000021E-01  .2699E+04  .8334E+04   .9993025  .0032052  .0372055
T 3033  1 .1320585E+07   4000022E-01 -.1075E+04  .1181E+04   .9998921 -.0131047 -.0066321
T 3034  1 .1278513E+07   4000004E-01  .4577E+04  .3351E+02   .9999969  .0023718  .0006984
T 3035  1 .1309080E+07   4000020E-01 -.4939E+04 -.3625E+04   .9987870 -.0393481 -.0296015
T 3036  1 .1285601E+07   4000021E-01  .2032E+03 -.1511E+04   .9996276 -.0249605 -.0110293
T 3037  1 .1299753E+07   4000014E-01 -.3528E+04 -.7778E+03   .9995974 -.0275422 -.0068147
T 3038  1 .1309523E+07   4000018E-01  .1464E+04 -.1033E+04   .9999534  .0057492 -.0077555
T 3039  1 .1324322E+07   4000015E-01 -.7397E+03 -.1040E+04   .9999648 -.0072413  .0042442
T 3040  1 .1295131E+07   4000006E-01 -.2705E+04 -.2381E+04   .9999651 -.0015464 -.0082095
T 3041  1 .1326955E+07   4000010E-01 -.1712E+04 -.2138E+04   .9998755 -.0154670 -.0031220
T 3042  1 .1321327E+07   4000020E-01  .1832E+04 -.9702E+03   .9999428  .0088953  .0059383
T 3043  1 .1322198E+07   4000020E-01  .3919E+04  .2202E+04   .9998902 -.0002743  .0148173
T 3044  1 .1302664E+07   4000022E-01  .6840E+04 -.7137E+04   .9991984  .0329270 -.0227690
T 3045  1 .1316528E+07   4000003E-01 -.1858E+04  .7667E+03   .9996660 -.0252542 -.0054935
T 3046  1 .1298069E+07   4000002E-01 -.1315E+04  .9041E+03   .9999979  .0007192 -.0019242
T 3047  1 .1285724E+07   4000017E-01  .1193E+04  .2851E+04   .9999744  .0022753  .0067785
T 3048  1 .1313670E+07   4000015E-01 -.5002E+04  .1071E+04   .9996166 -.0252239  .0114211
T 3049  1 .1317428E+07   4000003E-01  .5534E+04  .2554E+03   .9996852  .0230715  .0098576
T 3050  1 .1311019E+07   4000013E-01  .2198E+04  .2059E+03   .9997121  .0223862 -.0086329
T 3051  1 .1270431E+07   4000019E-01 -.9318E+04 -.6262E+03   .9986767 -.0509765 -.0067974
T 3052  1 .1264363E+07   4000017E-01  .4119E+04 -.1084E+04   .9999056  .0133080 -.0034094
T 3053  1 .1347578E+07   4000011E-01 -.4045E+03 -.5083E+04   .9996881  .0072825 -.0238889
T 3054  1 .1305159E+07   4000019E-01  .8748E+04  .1321E+03   .9987575  .0474141  .0153401
T 3055  1 .1263922E+07   4000016E-01 -.6000E+03 -.5130E+03   .9999230 -.0081248 -.0093795
T 3056  1 .1304580E+07   4000020E-01  .3400E+04 -.3752E+04   .9995639  .0246289 -.0162909
T 3057  1 .1306744E+07   4000001E-01 -.7235E+04  .7815E+04   .9996587 -.0154000  .0211011
T 3058  1 .1307299E+07   4000001E-01 -.4533E+03 -.2999E+04   .9998990  .0007004 -.0141970
T 3059  1 .1284672E+07   4000020E-01 -.5435E+04 -.2344E+04   .9996927 -.0234675 -.0079924
T 3060  1 .1299936E+07   4000007E-01  .3267E+04  .4776E+04   .9993636  .0157755 -.0319911
T 3061  1 .1307477E+07   4000012E-01 -.1753E+04  .3800E+04   .9997459 -.0134782  .0180660
T 3062  1 .1320642E+07   4000005E-01  .2226E+04  .2439E+04   .9998789  .0155281  .0010238
T 3063  1 .1266916E+07   4000001E-01  .2393E+04  .2717E+04   .9997823  .0205312 -.0037204
T 3064  1 .1280836E+07   4000013E-01 -.4252E+04  .6873E+04   .9989816 -.0387533  .0231076
T 3065  1 .1343955E+07   4000015E-01  .1276E+05  .8910E+04   .9950203  .0891152  .0446432
T 3066  1 .1356262E+07   4000013E-01 -.1704E+05 -.3137E+04   .9919807 -.1213625 -.0352906
T 3067  1 .1313268E+07   4000019E-01 -.4923E+03  .5258E+04   .9995564 -.0012145  .0297567
T 3068  1 .1321956E+07   4000012E-01  .4871E+04 -.9078E+04   .9944843  .0188732 -.1031739
T 3069  1 .1320997E+07   4000007E-01  .1691E+04  .1395E+02   .9999710  .0053755  .0054017
T 3070  1 .1291662E+07   4000022E-01 -.4862E+03 -.1829E+04   .9999676 -.0058882 -.0054930
T 3071  1 .1267917E+07   4000012E-01 -.1621E+04  .1723E+04   .9999479 -.0008153  .0101730
T 3072  1 .1307579E+07   4000011E-01  .3845E+04 -.4482E+04   .9998313  .0106695  .0149510
T 3073  1 .1302743E+07   4000023E-01  .8524E+03  .1040E+03   .9997748  .0196686 -.0079669
T 3074  1 .1299446E+07   4000014E-01 -.8283E+04 -.3458E+04   .9990910 -.0386561 -.0179707
T 3075  1 .1296238E+07   4000019E-01 -.2107E+04  .2003E+04   .9999956  .0023920 -.0017824
T 3076  1 .1343955E+07   4000021E-01 -.2811E+04  .2259E+04   .9990476 -.0426740 -.0090961
T 3077  1 .1299587E+07   4000007E-01  .5968E+04  .7223E+03   .9995449  .0301257  .0015341
T 3078  1 .1299384E+07   4000008E-01 -.1106E+05 -.3919E+04   .9983181 -.0491387 -.0307646
T 3079  1 .1349471E+07   4000009E-01  .3241E+04  .5603E+04   .9998430  .0136593  .0112889
T 3080  1 .1320943E+07   4000010E-01 -.4322E+03  .3126E+04   .9992826 -.0230286  .0300663
T 3081  1 .1299087E+07   4000022E-01 -.2825E+04 -.7187E+04   .9995554 -.0229566 -.0190278
T 3082  1 .1296984E+07   4000009E-01 -.2504E+03 -.3356E+04   .9995573 -.0282032 -.0094725
T 3083  1 .1285270E+07   4000016E-01 -.3064E+04  .6791E+04   .9996956 -.0145854  .0198977
T 3084  1 .1339852E+07   4000022E-01 -.2352E+04  .9322E+03   .9999526 -.0052563  .0081935
T 3085  1 .1283558E+07   4000002E-01  .4507E+02 -.4416E+04   .9996689 -.0052192 -.0251962
T 3086  1 .1270450E+07   4000013E-01  .9049E+03  .3693E+04   .9998448  .0105264  .0141260
T 3087  1 .1290800E+07   4000000E-01 -.2109E+03 -.1186E+04   .9996692  .0068096  .0248016
T 3088  1 .1309287E+07   4000012E-01 -.3373E+04 -.5257E+04   .9988126 -.0266890 -.0407562
T 3089  1 .1315938E+07   4000001E-01 -.2052E+04 -.1631E+04   .9997733 -.0149131 -.0151975
T 3090  1 .1263353E+07   4000019E-01 -.7932E+04 -.3357E+03   .9987073 -.0354347 -.0364442
T 3091  1 .1294263E+07   4000019E-01  .2056E+04 -.6793E+04   .9993144  .0242695 -.0279576
T 3092  1 .1305446E+07   4000020E-01  .3395E+04  .1581E+04   .9999100  .0130288  .0032096
T 3093  1 .1287569E+07   4000005E-01 -.2673E+04 -.4211E+04   .9986433  .0135957 -.0502656
T 3094  1 .1277548E+07   4000002E-01  .6129E+04 -.1018E+05   .9970356  .0359936 -.0680028
T 3095  1 .1316300E+07   4000010E-01  .1162E+04 -.1036E+04   .9998468  .0056542 -.0165637
T 3096  1 .1305037E+07   4000010E-01 -.1108E+04  .1079E+04   .9995778 -.0222003  .0187424
T 3097  1 .1302304E+07   4000021E-01 -.2051E+04  .1284E+05   .9990401 -.0057207  .0434295
T 3098  1 .1300196E+07   4000016E-01  .8200E+04  .1987E+04   .9993919  .0346166  .0041768
T 3099  1 .1270778E+07   4000007E-01  .1164E+04 -.2329E+04   .9999356  .0024792 -.0110738
T 3100  1 .1315431E+07   4000004E-01  .3204E+04 -.5826E+02   .9997623  .0217469  .0015775
T 3101  1 .1305370E+07   4000013E-01 -.2026E+04  .3396E+04   .9998761 -.0120173  .0101648
T 3102  1 .1312865E+07   4000013E-01 -.3819E+04 -.6723E+04   .9988465 -.0298255 -.0376316
T 3103  1 .1284651E+07   4000020E-01 -.5046E+04 -.9994E+04   .9999636 -.0014177 -.0084112
T 3104  1 .1318748E+07   4000003E-01 -.2342E+04 -.3238E+04   .9992298  .0122944 -.0372644
T 3105  1 .1347162E+07   4000010E-01  .3214E+04  .4436E+03   .9996550  .0170908 -.0199433
T 3106  1 .1290053E+07   4000018E-01  .9957E+03  .2775E+03   .9998891 -.0037077 -.0144241
T 3107  1 .1303597E+07   4000020E-01 -.1534E+05 -.7654E+04   .9967404 -.0666479 -.0454598
T 3108  1 .1312572E+07   4000006E-01  .4982E+04  .1273E+04   .9998721  .0143473  .0070737
T 3109  1 .1297887E+07   4000018E-01  .1588E+04 -.1060E+04   .9999119  .0125665 -.0042750
T 3110  1 .1289484E+07   4000000E-01  .3410E+04  .1326E+04   .9998470  .0172706  .0027590
T 3111  1 .1343930E+07   4000004E-01  .6575E+04 -.3439E+04   .9994507  .0316537 -.0098200
T 3112  1 .1302557E+07   4000004E-01  .9815E+03 -.2131E+04   .9999471 -.0020085 -.0100876
T 3113  1 .1359105E+07   4000012E-01 -.2595E+04 -.4186E+04   .9994038 -.0305499 -.0160872
T 3114  1 .1308789E+07   4000018E-01  .4827E+04 -.6897E+04   .9989470  .0305282 -.0342493
T 3115  1 .1319177E+07   4000019E-01  .3362E+04 -.1980E+04   .9995721  .0222351  .0190042
T 3116  1 .1298295E+07   4000008E-01  .6432E+04 -.2642E+04   .9990428  .0428839 -.0086231
T 3117  1 .1293353E+07   4000014E-01 -.1677E+04 -.7050E+04   .9994728 -.0074199 -.0316084
T 3118  1 .1277547E+07   4000013E-01  .1676E+04  .3533E+04   .9999487  .0070205  .0073043
T 3119  1 .1342596E+07   4000006E-01  .4509E+03  .1904E+03   .9998152 -.0184354  .0054535
T 3120  1 .1316993E+07   4000015E-01  .6137E+04 -.2359E+05   .9866988  .0411947 -.1572532
T 3121  1 .1294225E+07   4000011E-01 -.4732E+04  .9424E+03   .9998632 -.0107276  .0125877
T 3122  1 .1287453E+07   4000022E-01  .4240E+04  .1541E+04   .9993729  .0354081 -.0001587
T 3123  1 .1299051E+07   4000010E-01 -.4679E+04  .1735E+04   .9997883 -.0204378  .0023975
T 3124  1 .1298953E+07   4000023E-01 -.1046E+04 -.3783E+04   .9997718 -.0067644 -.0202613
T 3125  1 .1290169E+07   4000014E-01 -.3527E+04 -.6203E+04   .9996580  .0081142 -.0248593
T 3126  1 .1308252E+07   4000016E-01 -.4084E+04  .4893E+04   .9996467 -.0238176  .0117983
T 3127  1 .1287221E+07   4000009E-01 -.1775E+04 -.4647E+04   .9992690 -.0151683 -.0350923
T 3128  1 .1329002E+07   4000012E-01 -.1395E+04 -.4035E+03   .9996184 -.0248311  .0121016
T 3129  1 .1310740E+07   4000018E-01 -.1617E+04  .1916E+04   .9998160 -.0154341  .0113896
T 3130  1 .1292775E+07   4000000E-01  .1078E+04  .1101E+04   .9999954 -.0012424 -.0027743
T 3131  1 .1289480E+07   4000011E-01 -.3695E+04  .1738E+04   .9998802 -.0135469  .0074920
T 3132  1 .1282274E+07   4000015E-01 -.6411E+03  .4101E+04   .9996363 -.0005373  .0269614
T 3133  1 .1316096E+07   4000021E-01  .3287E+04  .1548E+05   .9986101  .0096660  .0518120
T 3134  1 .1294438E+07   4000015E-01  .1028E+05 -.3021E+05   .9823839  .0565437 -.1781144
T 3135  1 .1312695E+07   4000016E-01  .8347E+04  .8431E+04   .9992690  .0334328  .0185413
T 3136  1 .1319615E+07   4000011E-01  .4506E+03 -.4728E+04   .9988550  .0041219 -.0476632
T 3137  1 .1278559E+07   4000010E-01 -.3956E+04  .4425E+04   .9997047 -.0200717  .0136951
T 3138  1 .1315121E+07   4000002E-01  .1001E+05 -.9795E+04   .9953641  .0788963 -.0550060
T 3139  1 .1310415E+07   4000008E-01 -.1271E+04 -.3819E+04   .9996708  .0081696 -.0243229
T 3140  1 .1295085E+07   4000015E-01 -.3168E+04  .3187E+04   .9995584 -.0297136  .0000906
T 3141  1 .1319312E+07   4000020E-01 -.2351E+04 -.4992E+03   .9999887 -.0043656  .0018789
T 3142  1 .1290423E+07   4000019E-01  .3690E+04  .1208E+05   .9978763  .0163811  .0630433
T 3143  1 .1309109E+07   4000003E-01  .1869E+04  .1832E+04   .9999749 -.0037687 -.0060076
T 3144  1 .1352058E+07   4000018E-01 -.2104E+03  .2045E+04   .9992448  .0135525  .0364176
T 3145  1 .1269384E+07   4000009E-01 -.2698E+04 -.6210E+03   .9998915 -.0040535 -.0141587
T 3146  1 .1338745E+07   4000010E-01 -.4192E+04  .1087E+04   .9994205 -.0277225 -.0197535
T 3147  1 .1285742E+07   4000016E-01 -.2362E+03 -.6818E+03   .9999612  .0024146 -.0084744
T 3148  1 .1369785E+07   4000020E-01  .1231E+04  .3494E+04   .9998172  .0088729  .0169339
T 3149  1 .1309358E+07   4000012E-01 -.5836E+03 -.6563E+03   .9999961  .0002711 -.0027946
T 3150  1 .1288398E+07   4000001E-01 -.5658E+03  .3454E+03   .9999435 -.0028986  .0102265
T 3151  1 .1308275E+07   4000017E-01 -.1190E+05 -.4426E+04   .9994530 -.0327014 -.0049410
T 3152  1 .1321434E+07   4000001E-01  .7479E+03  .1807E+03   .9999450  .0094778  .0044844
T 3153  1 .1329949E+07   4000002E-01  .5412E+04 -.1692E+04   .9997208  .0207323 -.0113394
T 3154  1 .1294570E+07   4000006E-01  .3000E+04  .1566E+03   .9999865  .0051736  .0004989
T 3155  1 .1302048E+07   4000008E-01  .2833E+04 -.3451E+04   .9992543  .0302789 -.0239596
T 3156  1 .1315111E+07   4000016E-01  .7785E+03  .9988E+03   .9997230  .0024459  .0234067
T 3157  1 .1321633E+07   4000000E-01 -.1723E+04  .4515E+04   .9995499 -.0068912  .0291979
T 3158  1 .1317872E+07   4000014E-01  .7136E+02 -.1371E+04   .9998913  .0134802 -.0059682
T 3159  1 .1337902E+07   4000019E-01 -.2943E+04  .1421E+04   .9999324 -.0049597  .0105127
T 3160  1 .1300592E+07   4000003E-01 -.9404E+04  .6315E+04   .9996748 -.0223863  .0122159
T 3161  1 .1314571E+07   4000016E-01  .4259E+04 -.2172E+03   .9998427 -.0112047 -.0137500
T 3162  1 .1308988E+07   4000006E-01 -.1288E+04 -.3838E+04   .9997368 -.0076773 -.0216195
T 3163  1 .1297853E+07   4000020E-01 -.2847E+04 -.4478E+03   .9998274 -.0123914 -.0138424
T 3164  1 .1336582E+07   4000022E-01  .3857E+03 -.1126E+04   .9998356  .0063562 -.0169815
T 3165  1 .1317730E+07   4000013E-01  .5256E+04  .6515E+03   .9993285  .0364625 -.0036182
T 3166  1 .1282953E+07   4000004E-01 -.1707E+04  .1100E+03   .9999453 -.0072659 -.0075209
T 3167  1 .1348003E+07   4000018E-01 -.7636E+03 -.1063E+04   .9994589 -.0327675 -.0028603
T 3168  1 .1329191E+07   4000006E-01  .1016E+04 -.2637E+04   .9999722 -.0003078 -.0074503
T 3169  1 .1315039E+07   4000016E-01  .4089E+04  .3961E+03   .9997310  .0226821 -.0048327
T 3170  1 .1328701E+07   4000000E-01  .1310E+04 -.4467E+04   .9988717 -.0160920 -.0446816
T 3171  1 .1304829E+07   4000016E-01  .1583E+04 -.3617E+03   .9995705 -.0188588 -.0224326
T 3172  1 .1282705E+07   4000001E-01  .7742E+04  .3605E+02   .9979676  .0634007 -.0064119
T 3173  1 .1308173E+07   4000004E-01 -.1135E+05  .3055E+04   .9992677 -.0366099 -.0111258
T 3174  1 .1298047E+07   4000022E-01  .4490E+04 -.1730E+04   .9997665  .0184516 -.0112425
T 3175  1 .1296006E+07   4000010E-01  .5979E+04  .1367E+04   .9994947  .0288986  .0132392
T 3176  1 .1308894E+07   4000022E-01  .3219E+04  .1180E+04   .9999632  .0047199  .0071581
T 3177  1 .1301031E+07   4000011E-01 -.1336E+04  .4698E+04   .9999730  .0008882  .0072987
T 3178  1 .1324733E+07   4000005E-01 -.1439E+04  .7006E+04   .9994483 -.0047847  .0328656
T 3179  1 .1287507E+07   4000015E-01  .8231E+03  .2165E+04   .9998040 -.0114862  .0161252
T 3180  1 .1314774E+07   4000018E-01  .2444E+04  .4326E+04   .9999552  .0083939 -.0043716
T 3181  1 .1304470E+07   4000019E-01 -.2734E+04  .2091E+04   .9997130 -.0237686 -.0029969
T 3182  1 .1298018E+07   4000008E-01  .9421E+03  .1553E+04   .9999256  .0059476  .0106462
T 3183  1 .1328137E+07   4000002E-01  .2129E+04 -.5378E+04   .9996429  .0154111 -.0218303
T 3184  1 .1305019E+07   4000013E-01 -.9682E+03  .1344E+04   .9998023 -.0155230  .0124223
T 3185  1 .1285170E+07   4000015E-01 -.8224E+03  .3300E+04   .9996752 -.0057060  .0248378
T 3186  1 .1314984E+07   4000006E-01 -.6563E+04  .4984E+04   .9972448 -.0444366  .0593990
T 3187  1 .1337930E+07   4000000E-01 -.4355E+04  .2627E+04   .9999402 -.0008395  .0109030
T 3188  1 .1302878E+07   4000023E-01 -.4222E+04 -.3360E+04   .9997477 -.0197398 -.0107202
T 3189  1 .1323009E+07   4000011E-01  .6959E+02 -.3282E+04   .9999656 -.0002147 -.0082893
T 3190  1 .1293948E+07   4000018E-01  .4575E+04 -.4406E+04   .9990867  .0352046 -.0242163
T 3191  1 .1292877E+07   4000008E-01  .9394E+03  .6693E+04   .9997896  .0066237  .0194146
T 3192  1 .1257108E+07   4000017E-01  .4576E+04  .8893E+04   .9993227  .0095548  .0355376
T 3193  1 .1347823E+07   4000013E-01 -.3997E+04 -.3507E+04   .9999235 -.0110403 -.0055825
T 3194  1 .1311811E+07   4000005E-01 -.1672E+04 -.3042E+03   .9999676 -.0031577  .0074004
T 3195  1 .1300763E+07   4000017E-01  .4712E+04  .3210E+04   .9996848  .0250937 -.0007578
T 3196  1 .1268005E+07   4000012E-01  .1750E+04 -.4569E+04   .9992668  .0345342 -.0165320
T 3197  1 .1342647E+07   4000022E-01  .2647E+04 -.5709E+03   .9999465  .0045947 -.0092724
T 3198  1 .1301348E+07   4000014E-01  .4781E+03  .1180E+04   .9998685 -.0080472  .0140779
T 3199  1 .1330206E+07   4000004E-01 -.9287E+04  .4724E+04   .9991237 -.0320780  .0268869
T 3200  1 .1269680E+07   4000016E-01 -.1222E+04  .2869E+04   .9999131  .0009699  .0131476
T 3201  1 .1336463E+07   4000018E-01 -.5348E+03 -.2286E+04   .9998976 -.0095437 -.0106635
T 3202  1 .1248933E+07   4000019E-01 -.9364E+04 -.1205E+05   .9984721 -.0433260 -.0342978
T 3203  1 .1331645E+07   4000005E-01 -.4962E+04 -.5409E+04   .9994082 -.0285144 -.0192375
T 3204  1 .1282281E+07   4000020E-01 -.5341E+03  .2812E+04   .9987054  .0382951  .0334824
T 3205  1 .1313620E+07   4000012E-01  .1630E+04 -.4045E+04   .9988002 -.0042252 -.0487878
T 3206  1 .1352315E+07   4000023E-01 -.4809E+04 -.1089E+05   .9987170 -.0160545 -.0480271
T 3207  1 .1297932E+07   4000001E-01 -.9090E+03  .6300E+04   .9986273  .0053138  .0521075
T 3208  1 .1295637E+07   4000011E-01 -.6968E+04  .8379E+04   .9993218 -.0201520  .0308197
T 3209  1 .1338706E+07   4000022E-01 -.3104E+04 -.1537E+04   .9999908 -.0042595 -.0004636
T 3210  1 .1346810E+07   4000004E-01 -.9179E+04 -.3934E+04   .9995072 -.0245187 -.0196021
T 3211  1 .1318402E+07   4000014E-01  .7586E+04 -.4433E+04   .9980993  .0607513 -.0103439
T 3212  1 .1346328E+07   4000020E-01  .8322E+03 -.2938E+03   .9999815  .0059886 -.0010287
T 3213  1 .1334184E+07   4000016E-01 -.1710E+05  .1122E+05   .9940617 -.0834329  .0698596
T 3214  1 .1318738E+07   4000003E-01  .1337E+04  .1578E+03   .9999637  .0038235 -.0076137
T 3215  1 .1281968E+07   4000009E-01 -.2229E+04  .3886E+02   .9999771 -.0061477  .0028285
T 3216  1 .1346348E+07   4000020E-01 -.2825E+03 -.4612E+04   .9996362  .0067177 -.0261216
T 3217  1 .1322378E+07   4000011E-01  .1255E+04 -.4573E+03   .9999809 -.0027093 -.0055515
T 3218  1 .1269478E+07   4000015E-01 -.3043E+04 -.3565E+03   .9998700 -.0110079  .0117858
T 3219  1 .1331331E+07   4000004E-01  .2064E+04 -.1176E+04   .9998271  .0182673 -.0034763
T 3220  1 .1313727E+07   4000003E-01  .4557E+03 -.1278E+03   .9999924 -.0029893 -.0024879
T 3221  1 .1313442E+07   4000020E-01 -.5116E+04 -.4736E+04   .9996618 -.0204262 -.0160947
T 3222  1 .1291901E+07   4000008E-01  .1013E+05  .6857E+04   .9988835  .0290303  .0372700
T 3223  1 .1316055E+07   4000016E-01 -.8615E+03 -.8942E+03   .9998923  .0072349 -.0127672
T 3224  1 .1316375E+07   4000007E-01  .3382E+03  .1741E+04   .9999295  .0118210  .0011582
T 3225  1 .1329107E+07   4000018E-01  .1734E+04  .4157E+04   .9999022  .0108026  .0088838
T 3226  1 .1326517E+07   4000001E-01  .2655E+04  .2967E+03   .9998861  .0142119  .0050717
T 3227  1 .1346854E+07   4000018E-01 -.1345E+05  .7269E+04   .9986645 -.0468709  .0217312
T 3228  1 .1331607E+07   4000001E-01 -.2174E+04 -.3792E+04   .9998770 -.0100096 -.0120769
T 3229  1 .1312027E+07   4000020E-01  .8171E+04 -.2998E+03   .9976203  .0685885 -.0070319
T 3230  1 .1315775E+07   4000020E-01  .4750E+03 -.1787E+02   .9999756  .0061366  .0033486
T 3231  1 .1300238E+07   4000003E-01 -.2826E+04 -.4442E+04   .9998050 -.0092725 -.0174334
T 3232  1 .1266394E+07   4000014E-01 -.1432E+04 -.2023E+04   .9999742 -.0070193 -.0015325
T 3233  1 .1287645E+07   4000020E-01  .7512E+04 -.5262E+04   .9995552  .0246480 -.0167910
T 3234  1 .1315130E+07   4000000E-01 -.2346E+04  .5505E+03   .9999518 -.0095615  .0022258
T 3235  1 .1349481E+07   4000001E-01 -.2235E+04 -.8734E+03   .9998917 -.0105852 -.0102272
T 3236  1 .1304006E+07   4000021E-01 -.4695E+04 -.3482E+04   .9998550 -.0135663 -.0102950
T 3237  1 .1356885E+07   4000015E-01  .1143E+04 -.8029E+03   .9999586  .0029087 -.0086254
T 3238  1 .1316294E+07   4000010E-01 -.1831E+04 -.4494E+04   .9997768 -.0109920 -.0180432
T 3239  1 .1332045E+07   4000019E-01  .2331E+04 -.6468E+03   .9997455  .0110559 -.0196647
T 3240  1 .1322918E+07   4000017E-01  .3940E+04 -.5056E+03   .9999291  .0112338  .0039584
T 3241  1 .1289600E+07   4000011E-01  .1529E+05 -.3041E+04   .9974434  .0617639 -.0359419
T 3242  1 .1344559E+07   4000010E-01 -.9520E+03  .1238E+04   .9991456  .0282757 -.0301428
T 3243  1 .1335593E+07   4000017E-01 -.1108E+04 -.4150E+04   .9999726  .0044158 -.0059498
T 3244  1 .1311699E+07   4000002E-01 -.2224E+04  .3105E+04   .9999216 -.0030760  .0121412
T 3245  1 .1290369E+07   4000018E-01 -.1396E+04 -.1130E+05   .9991473  .0092899 -.0402293
T 3246  1 .1333105E+07   4000013E-01  .3471E+03  .7194E+03   .9994593  .0325452  .0046814
T 3247  1 .1320896E+07   4000015E-01  .4273E+04 -.3579E+03   .9998683  .0155550 -.0046327
T 3248  1 .1276628E+07   4000022E-01 -.5642E+04 -.4156E+04   .9966162 -.0538626 -.0620887
T 3249  1 .1301570E+07   4000009E-01  .1510E+05  .1396E+05   .9943919  .0692664  .0799186
T 3250  1 .1302343E+07   4000011E-01 -.2356E+04 -.1054E+04   .9999947 -.0028391  .0015745
T 3251  1 .1353843E+07   4000015E-01 -.1347E+04  .1586E+04   .9999868 -.0004519  .0051250
T 3252  1 .1300657E+07   4000009E-01  .1519E+03  .8850E+03   .9999596  .0005955  .0089735
T 3253  1 .1288271E+07   4000019E-01 -.4369E+04  .1960E+04   .9997977 -.0182738  .0083982
T 3254  1 .1313705E+07   4000014E-01  .3426E+04 -.1588E+05   .9981808  .0075009 -.0598231
T 3255  1 .1329819E+07   4000003E-01 -.3862E+03 -.1157E+04   .9996230  .0222658 -.0160683
T 3256  1 .1272027E+07   4000006E-01  .3796E+04  .3864E+03   .9998563  .0158698 -.0059591
T 3257  1 .1299948E+07   4000003E-01  .2604E+04 -.3883E+04   .9997433  .0111307 -.0197328
T 3258  1 .1339069E+07   4000020E-01  .1612E+04  .7407E+03   .9999205  .0124968  .0017089
T 3259  1 .1285329E+07   4000001E-01 -.9917E+03  .1775E+04   .9997362  .0077457  .0216242
T 3260  1 .1315055E+07   4000002E-01  .3981E+03  .9832E+03   .9998203  .0184687 -.0042812
T 3261  1 .1308212E+07   4000019E-01 -.2329E+04 -.4034E+03   .9998933 -.0145931 -.0006424
T 3262  1 .1293256E+07   4000011E-01 -.6443E+04 -.1982E+04   .9999479 -.0034980 -.0095853
T 3263  1 .1268689E+07   4000011E-01 -.1071E+04 -.3612E+04   .9996679 -.0148107 -.0210868
T 3264  1 .1322912E+07   4000017E-01 -.2131E+04 -.2598E+04   .9999347 -.0058633 -.0098108
T 3265  1 .1329468E+07   4000008E-01 -.1836E+03  .6282E+04   .9996072 -.0053713  .0275056
T 3266  1 .1311925E+07   4000013E-01 -.2532E+04  .3075E+04   .9999540 -.0059382 -.0075307
T 3267  1 .1347695E+07   4000012E-01  .3901E+04 -.2294E+03   .9998081  .0164617  .0106183
T 3268  1 .1313535E+07   4000018E-01  .2367E+04  .3607E+04   .9992056  .0250497  .0309949
T 3269  1 .1348592E+07   4000020E-01  .3883E+03 -.1821E+04   .9998650  .0159689 -.0038586
T 3270  1 .1300868E+07   4000007E-01  .6245E+04  .2364E+04   .9999174  .0127692  .0014731
T 3271  1 .1308870E+07   4000010E-01  .2064E+04 -.4311E+04   .9999439  .0072832 -.0076855
T 3272  1 .1301356E+07   4000017E-01 -.1178E+04 -.1064E+04   .9998492 -.0009884 -.0173370
T 3273  1 .1326686E+07   4000008E-01  .5318E+04  .1096E+04   .9996016  .0282196  .0005870
T 3274  1 .1309785E+07   4000000E-01 -.7482E+03  .5009E+04   .9998706 -.0044983  .0154449
T 3275  1 .1337954E+07   4000021E-01  .9545E+04  .5256E+04   .9991005  .0397538  .0147603
T 3276  1 .1299700E+07   4000006E-01 -.1070E+04  .2912E+04   .9998340  .0040682  .0177629
T 3277  1 .1294117E+07   4000020E-01 -.2976E+04  .1630E+04   .9999507  .0031576  .0094175
T 3278  1 .1283913E+07   4000018E-01  .1431E+04 -.1429E+05   .9986036 -.0056172 -.0525290
T 3279  1 .1308353E+07   4000000E-01  .1871E+03 -.8616E+03   .9999793 -.0036874 -.0052736
T 3280  1 .1337389E+07   4000000E-01 -.1657E+04  .2269E+04   .9996444 -.0223765  .0145048
T 3281  1 .1304758E+07   4000017E-01  .9964E+03 -.2013E+04   .9997855  .0155446 -.0136868
T 3282  1 .1320173E+07   4000005E-01  .1046E+03  .3867E+04   .9996908 -.0028716  .0246998
T 3283  1 .1304617E+07   4000011E-01 -.3725E+04  .3664E+04   .9994497 -.0251381  .0216410
T 3284  1 .1344673E+07   4000020E-01 -.7921E+02 -.7891E+03   .9997667 -.0208042 -.0058003
T 3285  1 .1334816E+07   4000004E-01  .7192E+03  .6021E+03   .9998284  .0183344 -.0026555
T 3286  1 .1315269E+07   4000022E-01  .5979E+03 -.3271E+04   .9999263 -.0004866 -.0121307
T 3287  1 .1330699E+07   4000012E-01  .3259E+04  .1289E+04   .9999901  .0005612 -.0044168
T 3288  1 .1368059E+07   4000021E-01  .4532E+03  .2970E+04   .9999652 -.0053941  .0063622
T 3289  1 .1305771E+07   4000021E-01 -.2485E+04 -.2322E+03   .9996912 -.0193366 -.0156101
T 3290  1 .1317599E+07   4000004E-01  .3974E+04 -.3675E+04   .9997218  .0116577 -.0205052
T 3291  1 .1329471E+07   4000020E-01 -.1006E+04  .2868E+04   .9999943 -.0015454  .0029979
T 3292  1 .1300938E+07   4000000E-01  .5966E+04  .1195E+04   .9997005  .0216293 -.0114449
T 3293  1 .1293604E+07   4000012E-01 -.7636E+04  .1733E+04   .9984873 -.0549358 -.0022932
T 3294  1 .1309868E+07   4000021E-01 -.1730E+04 -.1249E+04   .9998886 -.0148614 -.0013590
T 3295  1 .1284979E+07   4000013E-01 -.4988E+04  .9977E+04   .9995856 -.0170274  .0232109
T 3296  1 .1298842E+07   4000014E-01 -.1092E+04 -.3867E+04   .9999369 -.0017112 -.0110999
T 3297  1 .1295558E+07   4000018E-01  .1728E+04 -.1731E+04   .9999376 -.0052041 -.0098868
T 3298  1 .1294563E+07   4000021E-01 -.1689E+04 -.2470E+04   .9999184  .0085551 -.0094894
T 3299  1 .1328421E+07   4000009E-01  .9122E+03 -.8572E+04   .9995392  .0002164 -.0303527
T 3300  1 .1312920E+07   4000011E-01  .5019E+04  .5933E+04   .9990549  .0210224  .0380444
T 3301  1 .1320334E+07   4000004E-01  .4194E+04 -.1270E+04   .9991873  .0175292 -.0362981
T 3302  1 .1344268E+07   4000004E-01 -.5952E+04 -.1206E+04   .9998706 -.0159909  .0017325
T 3303  1 .1313871E+07   4000018E-01 -.8989E+03 -.2546E+04   .9997734 -.0011191 -.0212601
T 3304  1 .1313047E+07   4000014E-01  .6381E+04  .3144E+04   .9996894  .0175867  .0176573
T 3305  1 .1324728E+07   4000015E-01 -.3004E+04  .7455E+04   .9998122 -.0130645  .0143118
T 3306  1 .1303387E+07   4000019E-01 -.2038E+04 -.4336E+04   .9996335 -.0147755 -.0226856
T 3307  1 .1329918E+07   4000013E-01  .2239E+05  .1721E+04   .9918627  .1266303  .0131622
T 3308  1 .1291617E+07   4000014E-01  .5321E+03  .2409E+03   .9999718 -.0067676  .0032679
T 3309  1 .1259856E+07   4000020E-01 -.1653E+04  .2137E+04   .9998178 -.0045031  .0185523
T 3310  1 .1316237E+07   4000013E-01 -.2054E+04  .2500E+04   .9992031 -.0285636  .0278808
T 3311  1 .1323005E+07   4000010E-01 -.2015E+04  .1044E+04   .9997789 -.0162703  .0133185
T 3312  1 .1257566E+07   4000017E-01  .3822E+04  .5531E+03   .9998708  .0126813  .0098794
T 3313  1 .1283110E+07   4000005E-01  .1491E+04 -.4549E+03   .9986251  .0375010  .0366267
T 3314  1 .1355253E+07   4000004E-01  .1220E+03 -.4836E+04   .9996111  .0019754 -.0278148
T 3315  1 .1289717E+07   4000020E-01 -.3488E+04 -.5108E+04   .9999905  .0025907 -.0034931
T 3316  1 .1311174E+07   4000002E-01 -.9594E+04 -.2177E+03   .9991475 -.0412348 -.0019934
T 3317  1 .1325073E+07   4000001E-01 -.7938E+03  .3589E+04   .9996524 -.0042883  .0260140
T 3318  1 .1311267E+07   4000017E-01  .1526E+04 -.1261E+04   .9999012  .0071012  .0121337
T 3319  1 .1335163E+07   4000004E-01 -.3232E+03  .2713E+04   .9999256  .0033346  .0117357
T 3320  1 .1341784E+07   4000007E-01 -.6567E+04 -.5448E+03   .9993586 -.0307310  .0183859
T 3321  1 .1338845E+07   4000020E-01 -.3590E+04  .2752E+04   .9996536 -.0195058  .0176714
T 3322  1 .1339732E+07   4000021E-01 -.2039E+04 -.1988E+04   .9999844 -.0022882  .0051018
T 3323  1 .1306371E+07   4000019E-01 -.3823E+04 -.2378E+04   .9994165 -.0142369 -.0310488
T 3324  1 .1355788E+07   4000019E-01 -.9568E+03 -.1555E+04   .9999898 -.0020540 -.0040157
T 3325  1 .1334090E+07   4000009E-01 -.9107E+04  .2299E+03   .9974277 -.0715763 -.0038543
T 3326  1 .1312019E+07   4000023E-01 -.4155E+04  .2027E+04   .9995248 -.0307658 -.0018975
T 3327  1 .1281714E+07   4000010E-01 -.1165E+04 -.9781E+03   .9999430 -.0103376 -.0026575
T 3328  1 .1305648E+07   4000015E-01  .3237E+04 -.1916E+04   .9999381  .0049466 -.0099680
T 3329  1 .1282974E+07   4000003E-01  .6596E+04  .5257E+04   .9996016  .0226750  .0168100
T 3330  1 .1300259E+07   4000001E-01  .5501E+04  .1021E+04   .9998767  .0098010  .0122691
T 3331  1 .1326568E+07   4000020E-01  .3201E+04 -.1564E+05   .9965108  .0242689 -.0798582
T 3332  1 .1296736E+07   4000022E-01 -.2262E+04 -.7160E+03   .9997500 -.0125591  .0184976
T 3333  1 .1291087E+07   4000013E-01 -.1985E+04  .4008E+04   .9998101 -.0062228  .0184647
T 3334  1 .1299536E+07   4000021E-01  .5504E+04  .2886E+04   .9995809  .0263129  .0120657
T 3335  1 .1310156E+07   4000003E-01 -.3151E+04 -.5003E+03   .9996216  .0177169  .0210420
T 3336  1 .1318660E+07   4000012E-01 -.1967E+04 -.3313E+04   .9999533  .0074807  .0061114
T 3337  1 .1317588E+07   4000007E-01  .1278E+04  .3084E+04   .9994555  .0231462  .0235165
T 3338  1 .1342850E+07   4000020E-01 -.1504E+04 -.2633E+03   .9998625 -.0153510  .0062646
T 3339  1 .1257076E+07   4000013E-01 -.1982E+04  .2581E+02   .9999293 -.0107557 -.0050770
T 3340  1 .1286819E+07   4000017E-01  .8699E+04 -.1838E+04   .9994907  .0308546  .0081479
T 3341  1 .1320181E+07   4000005E-01 -.1966E+04  .1705E+04   .9967380 -.0596280  .0543863
T 3342  1 .1261356E+07   4000017E-01 -.2596E+04  .2180E+04   .9997800 -.0109000  .0179180
T 3343  1 .1316050E+07   4000019E-01 -.1707E+04  .3259E+04   .9995478 -.0068249  .0292849
T 3344  1 .1317416E+07   4000000E-01 -.2249E+04  .2365E+04   .9999790 -.0060293 -.0023934
T 3345  1 .1341011E+07   4000008E-01  .5888E+04 -.7228E+03   .9997401  .0207424 -.0094617
T 3346  1 .1352516E+07   4000018E-01 -.1765E+04  .1274E+04   .9995313 -.0304746 -.0029202
T 3347  1 .1295881E+07   4000019E-01  .4406E+04  .3586E+04   .9993456  .0235644  .0274413
T 3348  1 .1337162E+07   4000017E-01  .4093E+04  .4367E+04   .9997505  .0186238  .0123297
T 3349  1 .1302647E+07   4000009E-01 -.5391E+04  .2999E+04   .9990435 -.0318021  .0300126
T 3350  1 .1323228E+07   4000010E-01 -.5407E+04 -.2702E+04   .9997157 -.0236794 -.0027978
T 3351  1 .1308485E+07   4000005E-01 -.2878E+04 -.5055E+02   .9998579 -.0002551 -.0168546
T 3352  1 .1326294E+07   4000021E-01  .2725E+04 -.1423E+04   .9995937  .0250022 -.0136885
T 3353  1 .1302098E+07   4000021E-01  .1378E+03 -.2437E+04   .9999746 -.0053725 -.0046768
T 3354  1 .1293779E+07   4000002E-01  .3886E+03 -.5850E+04   .9993794  .0184723 -.0299925
T 3355  1 .1294121E+07   4000013E-01 -.2281E+04 -.4064E+04   .9997331  .0039126 -.0227705
T 3356  1 .1301530E+07   4000020E-01 -.3386E+03 -.2261E+04   .9999437  .0001421 -.0106077
T 3357  1 .1286902E+07   4000009E-01  .3696E+04  .6324E+04   .9998703  .0117454  .0110190
T 3358  1 .1364901E+07   4000021E-01  .3959E+04  .1640E+04   .9986623  .0480024  .0192190
T 3359  1 .1316296E+07   4000004E-01  .6978E+04  .2052E+04   .9995645  .0261349  .0137000
T 3360  1 .1319882E+07   4000012E-01  .2945E+04  .1601E+04   .9999821  .0059589 -.0005278
T 3361  1 .1339899E+07   4000009E-01 -.1840E+04 -.5971E+04   .9991200 -.0166954 -.0384765
T 3362  1 .1319170E+07   4000012E-01  .4046E+04  .3857E+04   .9995663  .0266808  .0124603
T 3363  1 .1339341E+07   4000008E-01  .4079E+04 -.2089E+04   .9993806  .0297851 -.0187425
T 3364  1 .1295857E+07   4000001E-01  .3182E+03 -.7380E+01   .9999325  .0114584 -.0019313
T 3365  1 .1303482E+07   4000014E-01  .5281E+04  .3358E+03   .9993892  .0292212 -.0191669
T 3366  1 .1304862E+07   4000013E-01 -.1855E+04  .9633E+03   .9999911 -.0004111  .0041903
T 3367  1 .1304987E+07   4000004E-01 -.1813E+04  .8902E+04   .9992796 -.0081818  .0370587
T 3368  1 .1309438E+07   4000004E-01 -.3118E+04  .9026E+03   .9997565  .0215504 -.0047416
T 3369  1 .1313825E+07   4000010E-01 -.5072E+04  .4124E+04   .9998863 -.0074615  .0131046
T 3370  1 .1343499E+07   4000021E-01 -.2350E+04  .1837E+04   .9998807 -.0045696  .0147547
T 3371  1 .1265165E+07   4000001E-01  .2990E+04  .1958E+04   .9995627  .0171743  .0240706
T 3372  1 .1297355E+07   4000016E-01 -.4414E+04 -.1320E+04   .9997578 -.0139257 -.0170425
T 3373  1 .1287791E+07   4000021E-01  .1672E+03  .3251E+04   .9999330  .0006944  .0115587
T 3374  1 .1306861E+07   4000020E-01  .1420E+03 -.6578E+04   .9998562  .0036034 -.0165690
T 3375  1 .1282644E+07   4000013E-01 -.2463E+04  .3096E+04   .9999818  .0028609  .0053158
T 3376  1 .1295018E+07   4000022E-01 -.8724E+03  .2643E+04   .9999015  .0023486  .0138373
T 3377  1 .1319616E+07   4000008E-01  .5763E+04 -.4518E+04   .9994295  .0129186 -.0312049
T 3378  1 .1296316E+07   4000005E-01  .3300E+04 -.5096E+03   .9999146  .0113990 -.0063852
T 3379  1 .1309327E+07   4000003E-01 -.4494E+03 -.3679E+04   .9997755 -.0084216 -.0194409
T 3380  1 .1316708E+07   4000023E-01 -.1525E+04 -.3143E+03   .9999303 -.0105325  .0053332
T 3381  1 .1280892E+07   4000008E-01 -.9035E+03 -.6042E+03   .9999917  .0008315  .0039828
T 3382  1 .1294424E+07   4000012E-01  .5321E+03 -.6263E+04   .9998670  .0020926 -.0161754
T 3383  1 .1310419E+07   4000012E-01 -.1772E+04 -.1844E+05   .9979623  .0021919 -.0637688
T 3384  1 .1330306E+07   4000013E-01 -.4469E+04 -.6795E+03   .9998196 -.0137930 -.0130601
T 3385  1 .1307349E+07   4000018E-01 -.5247E+03 -.1532E+04   .9998127 -.0035341 -.0190276
T 3386  1 .1302576E+07   4000004E-01  .1137E+05  .3655E+04   .9951625  .0973909 -.0129076
T 3387  1 .1314058E+07   4000018E-01 -.2900E+03  .1343E+05   .9989005 -.0218013  .0415023
T 3388  1 .1317408E+07   4000003E-01 -.3838E+03  .4164E+04   .9999532 -.0062418  .0073904
T 3389  1 .1309163E+07   4000013E-01 -.8319E+02 -.1115E+05   .9982688 -.0294062 -.0509378
T 3390  1 .1287237E+07   4000017E-01 -.3065E+04  .1487E+04   .9999203 -.0117339  .0046584
T 3391  1 .1303297E+07   4000012E-01  .6025E+04  .4321E+04   .9997762  .0113124  .0178792
T 3392  1 .1341891E+07   4000020E-01  .5099E+04  .1120E+04   .9998316  .0168770 -.0072090
T 3393  1 .1322204E+07   4000016E-01 -.5352E+04 -.3644E+04   .9998072 -.0172428 -.0093897
T 3394  1 .1261611E+07   4000015E-01  .4187E+04 -.6161E+04   .9995295  .0045586 -.0303326
T 3395  1 .1316938E+07   4000016E-01  .2193E+04  .3513E+04   .9999627  .0086341 -.0003380
T 3396  1 .1303526E+07   4000011E-01 -.8694E+04 -.8513E+03   .9997363 -.0189435 -.0129835
T 3397  1 .1286486E+07   4000016E-01  .1517E+05  .3360E+05   .9888297  .0625028  .1353113
T 3398  1 .1286755E+07   4000001E-01  .6838E+01  .9977E+02   .9999951 -.0030624 -.0006106
T 3399  1 .1337671E+07   4000020E-01  .3875E+04 -.1831E+04   .9993383  .0258368 -.0256022
T 3400  1 .1337345E+07   4000010E-01  .3049E+04 -.1589E+03   .9987379  .0493944 -.0090973
T 3401  1 .1285639E+07   4000007E-01 -.6784E+04  .4340E+04   .9989256 -.0370321  .0278608
T 3402  1 .1325757E+07   4000007E-01  .3130E+04  .3375E+04   .9999305 -.0010501  .0117418
T 3403  1 .1291606E+07   4000016E-01 -.9714E+03  .4585E+04   .9999597  .0048856 -.0075322
T 3404  1 .1343373E+07   4000001E-01  .1968E+04 -.4490E+03   .9999671 -.0003614 -.0081031
T 3405  1 .1273353E+07   4000022E-01  .7193E+03 -.2113E+04   .9998046  .0125570 -.0152695
T 3406  1 .1335945E+07   4000014E-01  .3281E+04 -.2406E+04   .9998287  .0162937 -.0087758
T 3407  1 .1315602E+07   4000000E-01  .4301E+03 -.3246E+03   .9998910  .0117532  .0089344
T 3408  1 .1326463E+07   4000009E-01 -.1424E+04 -.8122E+03   .9991452 -.0412618 -.0025324
T 3409  1 .1307562E+07   4000008E-01  .2537E+04  .8351E+03   .9999838  .0056405  .0007411
T 3410  1 .1321970E+07   4000018E-01  .2180E+04 -.1034E+03   .9999910  .0039019  .0016787
T 3411  1 .1302018E+07   4000005E-01 -.1896E+04  .3355E+04   .9997662 -.0116908  .0181888
T 3412  1 .1312376E+07   4000016E-01 -.3401E+04  .3214E+04   .9996806 -.0225023  .0115049
T 3413  1 .1299211E+07   4000012E-01 -.2547E+03 -.1092E+04   .9999332  .0046470 -.0105854
T 3414  1 .1309261E+07   4000021E-01  .2169E+04 -.1976E+04   .9993468  .0332370 -.0141881
T 3415  1 .1310720E+07   4000009E-01 -.1366E+04 -.1939E+04   .9998984 -.0057555 -.0130399
T 3416  1 .1276920E+07   4000017E-01  .2317E+03  .3090E+04   .9999221  .0117132  .0043198
T 3417  1 .1251752E+07   4000013E-01 -.2963E+04 -.1808E+04   .9994674 -.0315804 -.0082165
T 3418  1 .1284774E+07   4000006E-01 -.4756E+04 -.5542E+04   .9994201 -.0285216 -.0186023
T 3419  1 .1297437E+07   4000005E-01 -.7578E+04  .2223E+04   .9984021 -.0549411  .0132196
T 3420  1 .1281185E+07   4000016E-01 -.1495E+04 -.2572E+04   .9999609 -.0065567 -.0059353
T 3421  1 .1302824E+07   4000009E-01  .3229E+04 -.1312E+04   .9998440  .0094223 -.0149381
T 3422  1 .1288598E+07   4000022E-01  .4092E+04 -.9424E+04   .9993188  .0254922 -.0266846
T 3423  1 .1292947E+07   4000018E-01  .1441E+04  .1347E+03   .9999539  .0021712  .0093491
T 3424  1 .1324400E+07   4000016E-01  .4940E+03  .2024E+04   .9997340  .0048951  .0225383
T 3425  1 .1296205E+07   4000000E-01  .6909E+03 -.1848E+04   .9998083 -.0157851 -.0115874
T 3426  1 .1330300E+07   4000009E-01 -.1769E+04  .4311E+04   .9992456 -.0141555  .0361636
T 3427  1 .1304072E+07   4000022E-01  .3681E+04  .1002E+04   .9998881  .0135199  .0064069
T 3428  1 .1315044E+07   4000022E-01 -.1914E+03 -.2503E+03   .9998166 -.0064334 -.0180379
T 3429  1 .1297740E+07   4000001E-01 -.3090E+04 -.1176E+04   .9995887 -.0161647 -.0236873
T 3430  1 .1336007E+07   4000007E-01  .6659E+04 -.1434E+04   .9992423  .0372742 -.0111994
T 3431  1 .1288195E+07   4000015E-01  .1118E+05  .1814E+04   .9962463  .0834319  .0230727
T 3432  1 .1308272E+07   4000019E-01  .2674E+04  .5674E+04   .9994459  .0035155  .0330983
T 3433  1 .1310732E+07   4000009E-01 -.1847E+04  .2428E+04   .9999871 -.0043546  .0026052
T 3434  1 .1323525E+07   4000002E-01 -.7446E+04 -.9369E+03   .9990941 -.0392326 -.0164831
T 3435  1 .1354120E+07   4000015E-01 -.1165E+04  .7449E+04   .9995451  .0031118  .0299971
T 3436  1 .1300012E+07   4000020E-01 -.1137E+04  .9454E+03   .9999544 -.0094453  .0013929
T 3437  1 .1299299E+07   4000022E-01 -.2500E+03  .1927E+04   .9998348 -.0095797  .0154469
T 3438  1 .1275484E+07   4000000E-01  .1961E+04 -.2382E+04   .9990880  .0193763 -.0380493
T 3439  1 .1309185E+07   4000013E-01 -.3018E+04  .2887E+04   .9998195 -.0155377  .0109306
T 3440  1 .1341548E+07   4000022E-01 -.5011E+04 -.1728E+04   .9998588 -.0160056 -.0051236
T 3441  1 .1255518E+07   4000001E-01  .4203E+04 -.1384E+04   .9999398  .0109042 -.0012381
T 3442  1 .1328031E+07   4000015E-01  .4891E+04  .1733E+04   .9998590  .0150008  .0075529
T 3443  1 .1347134E+07   4000014E-01  .1669E+04 -.6135E+04   .9993438  .0271756 -.0239466
T 3444  1 .1284059E+07   4000016E-01  .6609E+04 -.2719E+04   .9982988  .0425211 -.0398943
T 3445  1 .1292086E+07   4000014E-01  .6687E+03  .1160E+04   .9993430 -.0069915  .0355622
T 3446  1 .1272698E+07   4000022E-01  .1741E+03  .5056E+04   .9980807  .0092952  .0612245
T 3447  1 .1281426E+07   4000020E-01 -.5736E+04  .5413E+04   .9992948 -.0356529  .0117784
T 3448  1 .1320622E+07   4000017E-01  .1272E+04 -.1075E+04   .9997375  .0156770 -.0167094
T 3449  1 .1299945E+07   4000001E-01  .3703E+04  .2327E+04   .9999897  .0044832 -.0007259
T 3450  1 .1287900E+07   4000018E-01 -.1815E+04  .9009E+03   .9996653  .0249898 -.0066976
T 3451  1 .1312532E+07   4000020E-01  .2751E+04  .4286E+03   .9997603 -.0090637  .0199273
T 3452  1 .1287727E+07   4000018E-01  .5066E+04  .2621E+04   .9989696  .0360713 -.0275417
T 3453  1 .1291654E+07   4000012E-01  .2013E+03 -.2752E+04   .9998274  .0003764 -.0185768
T 3454  1 .1342682E+07   4000021E-01 -.2921E+04 -.1346E+04   .9994769 -.0322414  .0025266
T 3455  1 .1293627E+07   4000023E-01  .4536E+04 -.5415E+04   .9998056  .0135696 -.0143058
T 3456  1 .1313440E+07   4000003E-01 -.1175E+04 -.4885E+02   .9999327 -.0100558  .0057841
T 3457  1 .1298919E+07   4000003E-01 -.1192E+05  .5241E+04   .9992882 -.0351232  .0137631
T 3458  1 .1294710E+07   4000011E-01 -.1252E+04 -.1186E+03   .9998680 -.0162467  .0000757
T 3459  1 .1290464E+07   4000021E-01  .1810E+04 -.5529E+03   .9995259  .0301628 -.0061778
T 3460  1 .1318703E+07   4000018E-01 -.1970E+04 -.1983E+04   .9999234 -.0122959 -.0013909
T 3461  1 .1338529E+07   4000019E-01  .2065E+04  .7068E+04   .9997981  .0059239  .0191983
T 3462  1 .1341240E+07   4000023E-01  .1836E+04 -.2378E+04   .9999225  .0118883 -.0036922
T 3463  1 .1321663E+07   4000010E-01 -.2785E+04 -.1291E+04   .9998308 -.0091388 -.0159655
T 3464  1 .1349938E+07   4000005E-01  .1491E+04  .1407E+04   .9998183  .0084515  .0170845
T 3465  1 .1353587E+07   4000010E-01 -.6227E+03 -.2162E+04   .9999929 -.0035268 -.0013637
T 3466  1 .1283448E+07   4000016E-01  .1973E+04 -.1962E+04   .9999251  .0112734 -.0047726
T 3467  1 .1356677E+07   4000016E-01  .5406E+04 -.2300E+04   .9994678  .0325189  .0025606
T 3468  1 .1264730E+07   4000000E-01  .8475E+02 -.4812E+03   .9998325  .0177134 -.0046021
T 3469  1 .1302320E+07   4000002E-01 -.4711E+04 -.1929E+04   .9998312 -.0182299 -.0022753
T 3470  1 .1305000E+07   4000019E-01  .7002E+04  .3207E+04   .9980935  .0445301  .0427367
T 3471  1 .1273380E+07   4000008E-01 -.6356E+04 -.6934E+04   .9993718 -.0259962 -.0240872
T 3472  1 .1256633E+07   4000013E-01  .7093E+05  .1348E+05   .9639808  .2612379  .0499583
T 3473  1 .1295752E+07   4000007E-01  .1711E+03 -.4616E+03   .9999525  .0076484 -.0060444
T 3474  1 .1324678E+07   4000018E-01  .3044E+04  .1601E+04   .9999151  .0109810 -.0070193
T 3475  1 .1331046E+07   4000017E-01 -.1138E+04  .3445E+03   .9998662  .0156562  .0047483
T 3476  1 .1293559E+07   4000014E-01 -.5417E+04 -.8657E+03   .9997017 -.0243363 -.0020661
T 3477  1 .1316470E+07   4000015E-01  .1446E+04 -.2443E+04   .9996084  .0141701 -.0241280
T 3478  1 .1341814E+07   4000003E-01  .4560E+04 -.2646E+04   .9999331  .0002296 -.0115610
T 3479  1 .1302890E+07   4000000E-01 -.2911E+04  .3758E+04   .9993182 -.0353958  .0105014
T 3480  1 .1311965E+07   4000010E-01 -.1337E+04  .4106E+04   .9998309 -.0080038  .0165557
T 3481  1 .1333799E+07   4000022E-01  .9366E+02  .9428E+03   .9998431 -.0130315  .0119956
T 3482  1 .1337155E+07   4000012E-01 -.4163E+04 -.3484E+04   .9989590 -.0436695 -.0131839
T 3483  1 .1281816E+07   4000017E-01 -.2920E+04  .2130E+04   .9993634 -.0353644  .0047073
T 3484  1 .1322179E+07   4000015E-01 -.9080E+03  .1103E+04   .9998302  .0100863  .0154193
T 3485  1 .1310513E+07   4000022E-01 -.7264E+04  .9227E+04   .9986371 -.0316923  .0414674
T 3486  1 .1290320E+07   4000019E-01  .2858E+04  .1774E+04   .9999891  .0001520  .0046746
T 3487  1 .1285794E+07   4000002E-01 -.1590E+04 -.1223E+04   .9999970 -.0005707  .0023864
T 3488  1 .1306601E+07   4000018E-01 -.3890E+03 -.1096E+05   .9997032 -.0000181 -.0243624
T 3489  1 .1287956E+07   4000013E-01 -.1259E+05 -.1001E+05   .9871497 -.1230788  .1019175
T 3490  1 .1335901E+07   4000000E-01 -.9110E+04 -.1041E+04   .9937103 -.1119792  .0006457
T 3491  1 .1341156E+07   4000017E-01  .1295E+05  .7901E+04   .9987363  .0448326  .0227101
T 3492  1 .1266449E+07   4000013E-01  .1800E+05  .3832E+05   .9842675  .0940932  .1495461
T 3493  1 .1306141E+07   4000010E-01  .3923E+04 -.9595E+03   .9998339  .0162135 -.0083299
T 3494  1 .1296859E+07   4000010E-01  .4360E+04  .5521E+04   .9998631  .0082423  .0143448
T 3495  1 .1307797E+07   4000016E-01  .8709E+03 -.2656E+03   .9999946 -.0001944  .0032854
T 3496  1 .1321878E+07   4000003E-01  .3496E+04 -.2601E+04   .9998517  .0149042 -.0086323
T 3497  1 .1286825E+07   4000017E-01 -.2614E+03 -.4187E+04   .9995344  .0234293 -.0195448
T 3498  1 .1317370E+07   4000011E-01  .8608E+04  .5590E+04   .9973383  .0546105  .0483124
T 3499  1 .1298456E+07   4000011E-01 -.8493E+04  .1531E+03   .9987320 -.0493443 -.0099757
T 3500  1 .1284040E+07   4000014E-01  .4711E+04  .9167E+03   .9996970  .0218333 -.0113661
T 3501  1 .1311678E+07   4000014E-01  .4305E+03  .9000E+03   .9999391  .0091774  .0061321
T 3502  1 .1306153E+07   4000001E-01 -.7703E+04 -.6860E+04   .9983196 -.0390320 -.0428317
T 3503  1 .1354884E+07   4000017E-01  .2389E+04  .8287E+03   .9994430  .0218188  .0252508
T 3504  1 .1277010E+07   4000009E-01  .2685E+03  .3770E+04   .9997703  .0029363  .0212284
T 3505  1 .1304107E+07   4000013E-01 -.3632E+03 -.5067E+03   .9995135 -.0301150 -.0081165
T 3506  1 .1299769E+07   4000010E-01 -.5853E+04  .1066E+04   .9998147 -.0145925  .0125536
T 3507  1 .1318070E+07   4000019E-01  .8959E+03 -.4535E+04   .9999514 -.0039858 -.0090192
T 3508  1 .1324912E+07   4000003E-01  .3218E+04 -.1193E+04   .9997783  .0209900  .0016389
T 3509  1 .1304189E+07   4000002E-01 -.8062E+02  .2471E+04   .9998530 -.0163063  .0052941
T 3510  1 .1345156E+07   4000001E-01 -.1871E+04 -.1968E+04   .9994332 -.0150591 -.0301072
T 3511  1 .1311706E+07   4000018E-01 -.6941E+03  .1480E+04   .9998813  .0145155  .0051670
T 3512  1 .1337331E+07   4000010E-01  .2786E+04  .1418E+04   .9998824  .0092761  .0122157
T 3513  1 .1345439E+07   4000014E-01 -.5517E+04  .8601E+04   .9996904 -.0207995  .0136542
T 3514  1 .1300778E+07   4000003E-01 -.5446E+03  .6056E+04   .9989171 -.0179545  .0429211
T 3515  1 .1315412E+07   4000019E-01 -.4133E+04  .7506E+04   .9983929 -.0308661  .0475278
T 3516  1 .1297303E+07   4000000E-01 -.1989E+04  .2154E+04   .9993267  .0101995 -.0352423
T 3517  1 .1348436E+07   4000011E-01  .4645E+04 -.1846E+04   .9999888  .0017557 -.0043908
T 3518  1 .1284552E+07   4000019E-01  .4459E+04  .5262E+04   .9990299  .0355635  .0259722
T 3519  1 .1319342E+07   4000014E-01 -.3669E+04 -.1709E+04   .9998777 -.0140316  .0069116
T 3520  1 .1312667E+07   4000014E-01  .2277E+04  .2360E+04   .9995265  .0307268  .0015954
T 3521  1 .1333923E+07   4000011E-01  .4989E+03 -.9585E+03   .9993780  .0292041  .0197656
T 3522  1 .1318734E+07   4000015E-01 -.1416E+04 -.2909E+03   .9998759 -.0141517 -.0069183
T 3523  1 .1326081E+07   4000017E-01  .4097E+04  .7849E+01   .9993805  .0330717  .0120380
T 3524  1 .1302218E+07   4000019E-01  .3830E+04 -.5492E+04   .9942804 -.0138795 -.1058956
T 3525  1 .1289817E+07   4000011E-01 -.2766E+04  .5887E+04   .9996259 -.0051633  .0268591
T 3526  1 .1331558E+07   4000016E-01  .2771E+04 -.2009E+04   .9995624  .0192930 -.0224229
T 3527  1 .1296014E+07   4000007E-01 -.8253E+04  .8836E+03   .9996527 -.0168673 -.0202497
T 3528  1 .1305229E+07   4000009E-01  .4847E+04 -.2527E+04   .9993451  .0350088  .0091557
T 3529  1 .1321665E+07   4000011E-01  .3449E+04  .6370E+03   .9996736  .0144502  .0210680
T 3530  1 .1258222E+07   4000022E-01  .1400E+04  .3814E+03   .9994453  .0193684  .0270922
T 3531  1 .1313746E+07   4000001E-01 -.8616E+03 -.3580E+04   .9988948 -.0162420 -.0441068
T 3532  1 .1318781E+07   4000020E-01 -.9673E+04 -.1045E+05   .9964087 -.0490903 -.0689916
T 3533  1 .1314198E+07   4000023E-01 -.4401E+04  .5627E+03   .9998226 -.0185342 -.0033426
T 3534  1 .1307721E+07   4000004E-01  .2579E+04 -.3257E+04   .9996518  .0187609 -.0185573
T 3535  1 .1324368E+07   4000014E-01 -.4471E+03 -.1071E+04   .9998982 -.0140298 -.0025997
T 3536  1 .1311530E+07   4000010E-01  .1470E+04  .4268E+04   .9999519  .0095624  .0021747
T 3537  1 .1301641E+07   4000000E-01 -.1012E+05 -.3014E+04   .9994202 -.0327590 -.0092846
T 3538  1 .1314553E+07   4000022E-01 -.7386E+03 -.1202E+04   .9997884 -.0076515  .0190957
T 3539  1 .1308461E+07   4000015E-01 -.5944E+03 -.1088E+05   .9987461  .0186920 -.0464419
T 3540  1 .1323786E+07   4000022E-01 -.9461E+02 -.4257E+04   .9998291 -.0046210 -.0178994
T 3541  1 .1339831E+07   4000008E-01 -.3166E+04  .7194E+04   .9990008 -.0172589  .0412256
T 3542  1 .1279117E+07   4000022E-01  .1092E+05 -.8820E+04   .9980484  .0482465 -.0396455
T 3543  1 .1286320E+07   4000006E-01 -.1989E+04  .6579E+03   .9999474 -.0064387  .0079815
T 3544  1 .1296225E+07   4000004E-01 -.2974E+04 -.2216E+04   .9993608 -.0332072 -.0132419
T 3545  1 .1311341E+07   4000017E-01 -.2889E+03  .3091E+04   .9995133  .0261408  .0170218
T 3546  1 .1275186E+07   4000000E-01  .6815E+04 -.2655E+04   .9991014  .0374784 -.0197916
T 3547  1 .1343247E+07   4000022E-01  .1769E+04 -.2654E+04   .9999127  .0100806  .0085468
T 3548  1 .1315209E+07   4000014E-01  .1932E+04  .1427E+04   .9998010  .0087409  .0179294
T 3549  1 .1308672E+07   4000006E-01 -.4368E+04 -.5169E+04   .9994815 -.0274968 -.0167503
T 3550  1 .1294821E+07   4000018E-01 -.2790E+04 -.1796E+04   .9996272 -.0241376 -.0127618
T 3551  1 .1354415E+07   4000015E-01 -.3633E+04 -.6432E+04   .9984359 -.0240275 -.0504823
T 3552  1 .1287496E+07   4000016E-01  .9631E+03 -.9766E+03   .9999920  .0028219 -.0028390
T 3553  1 .1315522E+07   4000022E-01  .1865E+04 -.4457E+04   .9996790  .0092534 -.0235842
T 3554  1 .1268480E+07   4000001E-01 -.2826E+04 -.4020E+04   .9995368 -.0086416 -.0291794
T 3555  1 .1369007E+07   4000010E-01  .2740E+04  .1787E+04   .9998186  .0187368  .0034274
T 3556  1 .1311242E+07   4000016E-01  .8991E+04 -.3159E+04   .9945974  .0468209 -.0926491
T 3557  1 .1312162E+07   4000022E-01  .2707E+04 -.9482E+04   .9991489  .0148971 -.0384641
T 3558  1 .1276020E+07   4000004E-01  .1939E+05 -.3530E+03   .9945041  .1018641  .0241925
T 3559  1 .1337468E+07   4000017E-01 -.1070E+04  .5244E+04   .9998595  .0081674  .0146356
T 3560  1 .1277970E+07   4000005E-01  .1600E+05 -.5748E+04   .9941449  .1022904 -.0348230
T 3561  1 .1304975E+07   4000001E-01  .6229E+04  .2013E+04   .9994565  .0308784 -.0115431
T 3562  1 .1325171E+07   4000007E-01  .5123E+04  .2302E+04   .9997185  .0230323  .0056926
T 3563  1 .1276020E+07   4000000E-01 -.2695E+04  .3395E+03   .9998594 -.0137379  .0096101
T 3564  1 .1280634E+07   4000021E-01 -.1336E+05 -.1627E+04   .9980716 -.0600879 -.0155733
T 3565  1 .1333598E+07   4000008E-01  .2936E+03 -.1181E+04   .9998747  .0033785 -.0154622
T 3566  1 .1279703E+07   4000009E-01  .4199E+04 -.2016E+04   .9985142  .0498503 -.0220058
T 3567  1 .1317933E+07   4000014E-01 -.4816E+04 -.5509E+04   .9991481 -.0255437 -.0324129
T 3568  1 .1318346E+07   4000005E-01 -.3250E+03 -.1612E+03   .9999582  .0051768 -.0075356
T 3569  1 .1295562E+07   4000017E-01  .3468E+04  .6258E+03   .9999183  .0125685  .0023306
T 3570  1 .1292239E+07   4000011E-01  .5604E+04 -.5257E+04   .9994293  .0302153 -.0151064
T 3571  1 .1356992E+07   4000022E-01  .4267E+04 -.6658E+03   .9998224  .0154492  .0107970
T 3572  1 .1333313E+07   4000003E-01 -.5383E+04  .3084E+04   .9996618 -.0245009  .0087222
T 3573  1 .1352792E+07   4000017E-01 -.1903E+04 -.4537E+04   .9831940  .0580736 -.1730811
T 3574  1 .1275461E+07   4000009E-01  .6200E+02 -.3348E+04   .9999511 -.0014153 -.0097868
T 3575  1 .1283150E+07   4000004E-01 -.5086E+04 -.4020E+04   .9995974 -.0217557 -.0182114
T 3576  1 .1324562E+07   4000002E-01  .3225E+04 -.1941E+03   .9997285  .0231700  .0024748
T 3577  1 .1331534E+07   4000021E-01  .3058E+04  .6193E+04   .9990404  .0146394  .0412791
T 3578  1 .1224897E+07   4000018E-01  .3981E+04  .3770E+04   .9987317  .0287185  .0413548
T 3579  1 .1315040E+07   4000017E-01 -.9933E+03  .2539E+03   .9999071 -.0134502  .0022255
T 3580  1 .1299501E+07   4000008E-01 -.7595E+03  .4177E+04   .9998767  .0106784  .0115127
T 3581  1 .1296992E+07   4000000E-01 -.7502E+02 -.4283E+04   .9997858 -.0017157 -.0206272
T 3582  1 .1318557E+07   4000001E-01 -.6406E+03 -.1097E+05   .9986973  .0098667 -.0500639
T 3583  1 .1312434E+07   4000017E-01  .6661E+04 -.3017E+04   .9996020  .0260263 -.0108832
T 3584  1 .1285012E+07   4000013E-01 -.9842E+03 -.4342E+04   .9994468  .0059968 -.0327129
T 3585  1 .1348163E+07   4000020E-01  .2575E+04 -.4676E+04   .9996701  .0092758 -.0239490
T 3586  1 .1326341E+07   4000017E-01  .4897E+04 -.9770E+03   .9984732  .0541833  .0107412
T 3587  1 .1348189E+07   4000005E-01 -.2096E+04  .2200E+04   .9999016 -.0080256  .0115031
T 3588  1 .1273145E+07   4000015E-01  .3402E+04  .1816E+04   .9998578  .0152081  .0072930
T 3589  1 .1314416E+07   4000010E-01  .1889E+04 -.2937E+04   .9997608  .0080786 -.0203246
T 3590  1 .1300755E+07   4000005E-01  .5065E+04  .2857E+04   .9995618  .0260036  .0141447
T 3591  1 .1297604E+07   4000007E-01 -.1482E+04  .2356E+04   .9994159  .0113696  .0322274
T 3592  1 .1347371E+07   4000011E-01 -.8015E+04 -.2908E+04   .9992004 -.0344688 -.0202613
T 3593  1 .1315533E+07   4000001E-01  .2024E+04  .2039E+04   .9996408  .0164882  .0211277
T 3594  1 .1327121E+07   4000000E-01  .1697E+04  .4261E+04   .9999123  .0066288  .0114678
T 3595  1 .1317475E+07   4000017E-01 -.2363E+02  .1485E+04   .9998777  .0070435 -.0139620
T 3596  1 .1319396E+07   4000016E-01 -.2282E+05  .8635E+04   .9971355 -.0643903  .0396825
T 3597  1 .1323090E+07   4000004E-01  .1269E+04  .2498E+04   .9998057 -.0060331  .0187656
T 3598  1 .1329848E+07   4000005E-01 -.4010E+04  .6756E+04   .9996825 -.0168591  .0187276
T 3599  1 .1319514E+07   4000004E-01 -.2089E+04  .1194E+04   .9998371 -.0179398 -.0020051
T 3600  1 .1333329E+07   4000012E-01 -.3475E+03 -.4971E+04   .9997102 -.0005995 -.0240637
T 3601  1 .1304690E+07   4000009E-01 -.1019E+05 -.4475E+04   .9989740 -.0414881 -.0181562
T 3602  1 .1321229E+07   4000011E-01 -.5767E+04  .3536E+04   .9987920 -.0429616  .0238520
T 3603  1 .1272374E+07   4000017E-01 -.1967E+04  .3709E+04   .9996643 -.0201957  .0162315
T 3604  1 .1313278E+07   4000005E-01 -.1192E+04  .3027E+04   .9999288  .0119350 -.0000596
T 3605  1 .1332594E+07   4000022E-01 -.4338E+04  .1567E+04   .9989161 -.0208162  .0416323
T 3606  1 .1326756E+07   4000017E-01  .2197E+04  .4793E+04   .9999921 -.0037850 -.0012144
T 3607  1 .1272315E+07   4000002E-01 -.1051E+04 -.4842E+04   .9995170 -.0186379 -.0248661
T 3608  1 .1261946E+07   4000009E-01  .2001E+04 -.2360E+04   .9998751  .0122595 -.0099713
T 3609  1 .1343956E+07   4000011E-01  .6436E+04 -.3345E+03   .9997295  .0224232  .0061724
T 3610  1 .1293984E+07   4000013E-01  .2904E+04  .4496E+04   .9984694  .0522210  .0182174
T 3611  1 .1266021E+07   4000016E-01  .3915E+04 -.2077E+04   .9995465  .0236012 -.0187015
T 3612  1 .1293189E+07   4000021E-01  .5373E+03  .5203E+04   .9994428 -.0095809  .0319726
T 3613  1 .1275834E+07   4000000E-01  .5480E+04  .3303E+04   .9977255  .0503156 -.0448572
T 3614  1 .1280155E+07   4000007E-01 -.2049E+04  .8514E+03   .9998997 -.0138017  .0031723
T 3615  1 .1320132E+07   4000019E-01  .1218E+04  .3834E+03   .9997607  .0216239  .0033158
T 3616  1 .1321972E+07   4000006E-01  .2285E+04  .1392E+05   .9986396  .0054859  .0518545
T 3617  1 .1325254E+07   4000019E-01  .3081E+04 -.3420E+04   .9995553  .0226583 -.0193840
T 3618  1 .1291750E+07   4000001E-01  .2773E+05  .2887E+05   .9890417  .1056848  .1030887
T 3619  1 .1276780E+07   4000016E-01 -.8331E+04 -.1192E+04   .9992065 -.0388541 -.0087605
T 3620  1 .1280988E+07   4000015E-01 -.1849E+04  .4437E+03   .9998897 -.0087945  .0119665
T 3621  1 .1303421E+07   4000020E-01  .8657E+03  .4583E+04   .9995630  .0104724  .0276428
T 3622  1 .1305744E+07   4000014E-01  .1100E+04  .2657E+04   .9996177  .0159653  .0225743
T 3623  1 .1286669E+07   4000004E-01 -.5600E+04  .6161E+04   .9986257 -.0396422  .0342818
T 3624  1 .1329865E+07   4000016E-01 -.1981E+04  .6143E+03   .9998035 -.0154223  .0124565
T 3625  1 .1312464E+07   4000017E-01  .7831E+03  .3052E+03   .9999486  .0078622  .0064006
T 3626  1 .1337205E+07   4000004E-01 -.3928E+04  .2263E+04   .9998763 -.0103934  .0118070
T 3627  1 .1283990E+07   4000004E-01  .2864E+03  .3366E+04   .9995547  .0128780  .0269185
T 3628  1 .1287626E+07   4000002E-01  .8719E+04 -.1281E+05   .9979776  .0340176 -.0536976
T 3629  1 .1302505E+07   4000006E-01  .2728E+04 -.4446E+04   .9999656 -.0046149  .0068876
T 3630  1 .1298686E+07   4000001E-01  .5797E+04  .1115E+04   .9989976  .0447012 -.0023736
T 3631  1 .1310718E+07   4000008E-01  .3074E+04 -.2052E+04   .9997380  .0152966 -.0170307
T 3632  1 .1301239E+07   4000017E-01 -.3015E+04  .7143E+03   .9999636 -.0042883  .0073808
T 3633  1 .1347096E+07   4000008E-01  .9465E+04  .8959E+03   .9946693  .0701875  .0755421
T 3634  1 .1296756E+07   4000004E-01 -.1362E+04 -.3701E+04   .9997690  .0009039 -.0214755
T 3635  1 .1289484E+07   4000002E-01 -.4604E+04  .6582E+04   .9991689 -.0185202  .0363124
T 3636  1 .1308836E+07   4000021E-01  .3326E+04 -.3802E+04   .9991580  .0074303 -.0403501
T 3637  1 .1302043E+07   4000015E-01  .3342E+04  .1439E+04   .9998826  .0143702  .0053159
T 3638  1 .1347972E+07   4000006E-01  .6790E+04 -.3159E+04   .9997447  .0177772 -.0139455
T 3639  1 .1319314E+07   4000014E-01 -.4449E+04  .1260E+04   .9996391 -.0240492  .0119735
T 3640  1 .1311499E+07   4000011E-01 -.6115E+04 -.9828E+03   .9998669 -.0120460 -.0110033
T 3641  1 .1301667E+07   4000019E-01 -.3619E+04  .2078E+04   .9994037 -.0246576  .0241708
T 3642  1 .1304748E+07   4000016E-01  .5371E+04  .4432E+04   .9998313  .0183693 -.0000763
T 3643  1 .1296906E+07   4000007E-01 -.7567E+03 -.3748E+04   .9999168 -.0021664 -.0127130
T 3644  1 .1329337E+07   4000019E-01  .3095E+04 -.2449E+04   .9997790  .0092809 -.0188609
T 3645  1 .1290428E+07   4000010E-01  .5786E+04 -.1502E+03   .9995211  .0295843 -.0090689
T 3646  1 .1283358E+07   4000021E-01  .4837E+03 -.2343E+04   .9999512  .0079505 -.0058719
T 3647  1 .1307689E+07   4000013E-01 -.7584E+04 -.3629E+04   .9998032 -.0197631 -.0017188
T 3648  1 .1295868E+07   4000020E-01 -.4759E+04 -.5922E+03   .9998916 -.0069618  .0129752
T 3649  1 .1317493E+07   4000022E-01 -.3791E+04 -.1611E+05   .9989150 -.0262723 -.0384517
T 3650  1 .1320253E+07   4000017E-01 -.5926E+04 -.1091E+05   .9990279 -.0174494 -.0404824
T 3651  1 .1296445E+07   4000002E-01  .8586E+04 -.4160E+04   .9979511  .0582535 -.0264610
T 3652  1 .1293665E+07   4000022E-01  .3707E+04  .3717E+04   .9999154  .0025108 -.0127625
T 3653  1 .1305899E+07   4000021E-01  .5769E+04 -.1988E+04   .9992723  .0362860 -.0117546
T 3654  1 .1321833E+07   4000011E-01  .2243E+04  .3089E+04   .9998273  .0156956  .0099544
T 3655  1 .1318925E+07   4000013E-01 -.2650E+04  .1825E+03   .9999302  .0026855 -.0115051
T 3656  1 .1322416E+07   4000019E-01  .1636E+04  .2613E+04   .9997890 -.0204829 -.0015323
T 3657  1 .1321892E+07   4000009E-01  .4902E+04  .2580E+04   .9997809  .0188426  .0091174
T 3658  1 .1293597E+07   4000021E-01 -.3281E+04 -.2099E+04   .9997092 -.0218369 -.0102324
T 3659  1 .1284820E+07   4000016E-01  .2283E+04  .2607E+04   .9996883 -.0006666  .0249560
T 3660  1 .1302271E+07   4000022E-01 -.2610E+04  .4905E+04   .9982211 -.0199636  .0561783
T 3661  1 .1332210E+07   4000008E-01 -.4664E+04 -.6742E+03   .9998373 -.0180107  .0010024
T 3662  1 .1297464E+07   4000021E-01  .2122E+04 -.3696E+04   .9997756  .0200604 -.0068137
T 3663  1 .1346288E+07   4000007E-01  .2686E+04  .1726E+05   .9967138  .0027968  .0809560
T 3664  1 .1355297E+07   4000002E-01  .1917E+03  .2269E+04   .9997436 -.0086684  .0209200
T 3665  1 .1315235E+07   4000009E-01 -.3829E+04 -.4710E+04   .9997331  .0028473 -.0229286
T 3666  1 .1302267E+07   4000019E-01 -.3849E+04  .4472E+04   .9998727 -.0092764  .0129803
T 3667  1 .1284208E+07   4000012E-01  .2212E+04  .3144E+04   .9998240  .0152600  .0109174
T 3668  1 .1303634E+07   4000022E-01  .6661E+04  .2365E+04   .9999862 -.0038284 -.0035865
T 3669  1 .1283625E+07   4000019E-01  .5043E+04 -.4868E+04   .9997268  .0196706 -.0126285
T 3670  1 .1311897E+07   4000006E-01 -.7085E+04  .2776E+04   .9989490 -.0386928  .0245723
T 3671  1 .1289341E+07   4000019E-01  .2382E+04  .2350E+04   .9996467  .0255060  .0074726
T 3672  1 .1328875E+07   4000013E-01 -.5060E+04 -.4318E+04   .9998197 -.0062900 -.0179179
T 3673  1 .1301483E+07   4000014E-01 -.3709E+04 -.7154E+04   .9994715  .0071357 -.0317152
T 3674  1 .1318795E+07   4000015E-01  .6890E+04 -.7388E+04   .9986651  .0202135 -.0475345
T 3675  1 .1329015E+07   4000013E-01 -.2112E+04  .2891E+04   .9998353 -.0152772  .0097924
T 3676  1 .1332276E+07   4000014E-01  .5552E+02  .1264E+04   .9999437 -.0098641  .0039102
T 3677  1 .1277355E+07   4000007E-01  .1620E+04  .6042E+04   .9989638 -.0069692  .0449745
T 3678  1 .1301600E+07   4000022E-01 -.2844E+04  .1002E+04   .9999306 -.0103035  .0057159
T 3679  1 .1302182E+07   4000014E-01 -.8246E+04  .8172E+04   .9983155 -.0460797  .0352543
T 3680  1 .1316224E+07   4000000E-01  .9233E+04 -.6004E+04   .9995975  .0189867 -.0210802
T 3681  1 .1383724E+07   4000020E-01 -.2708E+04  .1058E+04   .9993723 -.0299663  .0188936
T 3682  1 .1310215E+07   4000017E-01 -.1512E+04  .1829E+04   .9999531 -.0078744  .0056398
T 3683  1 .1323357E+07   4000014E-01 -.4697E+04  .6510E+04   .9996909  .0138684  .0206336
T 3684  1 .1270450E+07   4000008E-01  .2387E+04 -.2265E+04   .9999381  .0006493 -.0111058
T 3685  1 .1365814E+07   4000018E-01  .4476E+04 -.4780E+04   .9993951  .0233974 -.0257282
T 3686  1 .1318272E+07   4000018E-01  .3550E+04 -.1994E+04   .9999183  .0121507 -.0039577
T 3687  1 .1303851E+07   4000003E-01 -.1524E+03 -.2271E+04   .9997357  .0067828 -.0219652
T 3688  1 .1294022E+07   4000009E-01 -.4309E+04  .3157E+04   .9991775 -.0286418  .0287039
T 3689  1 .1264367E+07   4000007E-01 -.5991E+04 -.1575E+04   .9997297 -.0188841 -.0135600
T 3690  1 .1301031E+07   4000022E-01 -.1122E+05  .1088E+05   .9979037 -.0588538  .0269144
T 3691  1 .1289690E+07   4000015E-01 -.2084E+04  .1363E+04   .9996753 -.0186700  .0173437
T 3692  1 .1321698E+07   4000001E-01  .3346E+03 -.6451E+04   .9996598 -.0007297 -.0260738
T 3693  1 .1344761E+07   4000013E-01  .2965E+04  .5459E+04   .9996121  .0201945  .0191782
T 3694  1 .1295508E+07   4000009E-01  .4778E+04 -.1206E+04   .9999129  .0131143 -.0014904
T 3695  1 .1269533E+07   4000014E-01  .5938E+03 -.5620E+02   .9994465 -.0044195 -.0329722
T 3696  1 .1266910E+07   4000018E-01  .2507E+04  .6781E+02   .9993387  .0282805  .0228560
T 3697  1 .1326242E+07   4000011E-01  .8842E+04  .1607E+03   .9982701  .0562786  .0170131
T 3698  1 .1326417E+07   4000001E-01 -.4213E+04 -.5413E+04   .9997710 -.0138609 -.0163063
T 3699  1 .1287784E+07   4000019E-01 -.7621E+04  .1039E+04   .9993805 -.0342062  .0082818
T 3700  1 .1296773E+07   4000000E-01 -.5687E+04 -.2088E+04   .9990387 -.0370490 -.0234321
T 3701  1 .1317998E+07   4000009E-01  .1090E+04  .2975E+04   .9997972 -.0122284  .0160016
T 3702  1 .1327755E+07   4000020E-01  .1072E+04  .1337E+04   .9999770  .0067686 -.0004845
T 3703  1 .1339714E+07   4000019E-01 -.9834E+03 -.1370E+03   .9999082  .0102082 -.0089114
T 3704  1 .1293062E+07   4000010E-01 -.4226E+04 -.2757E+04   .9994216 -.0117952 -.0318968
T 3705  1 .1302344E+07   4000008E-01  .6085E+04  .6868E+04   .9998301  .0177127 -.0051000
T 3706  1 .1297277E+07   4000022E-01  .1978E+04 -.1013E+05   .9991846  .0285244 -.0285758
T 3707  1 .1260229E+07   4000022E-01  .7902E+04  .3188E+04   .9995614  .0257932  .0145537
T 3708  1 .1267759E+07   4000017E-01 -.6540E+03 -.3387E+04   .9997968 -.0093018 -.0178860
T 3709  1 .1284628E+07   4000014E-01  .2517E+04  .3573E+04   .9998810  .0118691  .0098576
T 3710  1 .1291613E+07   4000000E-01  .3393E+04 -.1544E+03   .9997403  .0132592  .0185328
T 3711  1 .1305945E+07   4000015E-01 -.1099E+03  .2285E+04   .9998632  .0136762  .0093066
T 3712  1 .1308271E+07   4000022E-01  .2374E+05  .2136E+05   .9931575  .0899496  .0744800
T 3713  1 .1275239E+07   4000023E-01  .6954E+03  .7063E+03   .9999988  .0014968 -.0002832
T 3714  1 .1326223E+07   4000018E-01 -.2886E+04 -.3009E+02   .9999679 -.0055124 -.0058082
T 3715  1 .1286741E+07   4000009E-01  .1437E+03  .3849E+03   .9999372  .0104163 -.0041454
T 3716  1 .1318199E+07   4000013E-01 -.6035E+03 -.1292E+02   .9997977  .0150112 -.0133849
T 3717  1 .1318836E+07   4000021E-01  .3335E+04 -.3953E+04   .9998917  .0068219 -.0130419
T 3718  1 .1309419E+07   4000002E-01  .4452E+04  .6503E+03   .9998786  .0142273  .0063552
T 3719  1 .1333527E+07   4000002E-01 -.7687E+04 -.2040E+04   .9995120 -.0289964 -.0116190
T 3720  1 .1317757E+07   4000004E-01 -.1259E+04  .1012E+04   .9999044  .0133874  .0034671
T 3721  1 .1298981E+07   4000002E-01 -.1540E+04  .3797E+04   .9998569 -.0161824  .0049339
T 3722  1 .1265517E+07   4000017E-01  .4454E+04  .3014E+04   .9996219  .0243967  .0126807
T 3723  1 .1313922E+07   4000020E-01  .8402E+03  .1318E+04   .9999583  .0036945  .0083513
T 3724  1 .1286691E+07   4000008E-01 -.7418E+04 -.1913E+04   .9990075 -.0436341 -.0089530
T 3725  1 .1350908E+07   4000003E-01  .5498E+04  .1295E+04   .9999881  .0048649 -.0004364
T 3726  1 .1313820E+07   4000004E-01  .1778E+04  .2293E+04   .9999857  .0022012  .0048662
T 3727  1 .1339956E+07   4000003E-01  .4443E+04  .4608E+04   .9998473  .0090915  .0149253
T 3728  1 .1303447E+07   4000015E-01  .6041E+04 -.9333E+03   .9998019  .0198524 -.0014085
T 3729  1 .1283934E+07   4000014E-01 -.3121E+04  .3107E+04   .9913691 -.0991238  .0858005
T 3730  1 .1345468E+07   4000018E-01 -.4389E+04  .1736E+04   .9972900 -.0732093  .0072854
T 3731  1 .1289801E+07   4000008E-01 -.1382E+04  .9852E+03   .9998804  .0132246  .0080165
T 3732  1 .1264534E+07   4000017E-01 -.7866E+04 -.1960E+04   .9985464 -.0531877 -.0087222
T 3733  1 .1316371E+07   4000001E-01  .1564E+04  .1028E+04   .9999984  .0014976 -.0009556
T 3734  1 .1282143E+07   4000016E-01  .1273E+02  .2988E+04   .9997381 -.0095120  .0208141
T 3735  1 .1324611E+07   4000007E-01 -.1620E+05 -.1471E+05   .9953718 -.0617114 -.0736655
T 3736  1 .1297152E+07   4000005E-01 -.2694E+04  .1446E+04   .9999397 -.0039821 -.0102353
T 3737  1 .1311594E+07   4000012E-01 -.2241E+04 -.3485E+04   .9997567 -.0141146 -.0169485
T 3738  1 .1307377E+07   4000016E-01  .8820E+04 -.1064E+04   .9986932  .0506617  .0067219
T 3739  1 .1322750E+07   4000012E-01  .2803E+03 -.3485E+04   .9999088 -.0038365 -.0129518
T 3740  1 .1311545E+07   4000000E-01  .7761E+04  .4842E+04   .9989543  .0435647  .0138714
T 3741  1 .1291168E+07   4000021E-01 -.2746E+04  .7625E+02   .9994768 -.0155848 -.0283401
T 3742  1 .1305963E+07   4000018E-01 -.4338E+03  .6241E+04   .9993086  .0128692  .0348810
T 3743  1 .1312765E+07   4000006E-01  .2559E+04  .2864E+04   .9998710  .0156163  .0037586
T 3744  1 .1317225E+07   4000016E-01  .5185E+04 -.4175E+04   .9996952  .0224548 -.0102618
T 3745  1 .1306407E+07   4000008E-01  .5401E+05 -.6994E+05   .9693919  .1550803 -.1903405
T 3746  1 .1277668E+07   4000021E-01 -.4870E+04  .2347E+03   .9998788 -.0123217  .0095172
T 3747  1 .1306387E+07   4000005E-01  .6937E+04  .1891E+04   .9991699  .0402682  .0061700
T 3748  1 .1328129E+07   4000018E-01  .4640E+04  .4900E+02   .9999510  .0025545 -.0095618
T 3749  1 .1316112E+07   4000018E-01 -.2119E+04 -.1390E+03   .9999682 -.0071580 -.0035101
T 3750  1 .1309279E+07   4000010E-01 -.3298E+03 -.8415E+03   .9998205 -.0165337  .0092556
T 3751  1 .1268500E+07   4000018E-01 -.1113E+04 -.3714E+04   .9996673 -.0136639 -.0218759
T 3752  1 .1273213E+07   4000017E-01 -.1549E+04 -.2814E+04   .9995539 -.0221698 -.0200104
T 3753  1 .1318441E+07   4000004E-01 -.1417E+04 -.1331E+04   .9999794 -.0062925 -.0012463
T 3754  1 .1278949E+07   4000022E-01 -.1724E+04 -.4596E+03   .9998593 -.0162199  .0042768
T 3755  1 .1313218E+07   4000012E-01  .2578E+04 -.5764E+03   .9998069  .0189048 -.0053655
T 3756  1 .1289788E+07   4000008E-01 -.3904E+04  .2000E+04   .9998703 -.0057503 -.0150455
T 3757  1 .1313566E+07   4000014E-01 -.6167E+04 -.1639E+05   .9975733 -.0417829 -.0556932
T 3758  1 .1295348E+07   4000017E-01 -.8884E+03 -.1086E+03   .9999283 -.0105658  .0056284
T 3759  1 .1308174E+07   4000008E-01  .9575E+04 -.2973E+03   .9998637  .0153945 -.0059594
T 3760  1 .1298440E+07   4000020E-01 -.7802E+04 -.9732E+03   .9997317 -.0147284 -.0178751
T 3761  1 .1287197E+07   4000000E-01  .2341E+04  .3487E+04   .9995824  .0232530  .0171565
T 3762  1 .1292041E+07   4000022E-01 -.6129E+03 -.9875E+03   .9999760  .0058206 -.0037646
T 3763  1 .1347191E+07   4000016E-01  .3179E+04 -.5069E+04   .9996194  .0086844 -.0261842
T 3764  1 .1311153E+07   4000006E-01  .3336E+04  .6964E+04   .9992911  .0152654  .0344136
T 3765  1 .1271741E+07   4000015E-01 -.3431E+04  .1850E+04   .9993542  .0323759 -.0155903
T 3766  1 .1299188E+07   4000014E-01  .7451E+04 -.4124E+04   .9989041  .0358589 -.0300784
T 3767  1 .1271809E+07   4000006E-01  .6238E+03 -.2556E+04   .9998316  .0057772 -.0174160
T 3768  1 .1315994E+07   4000002E-01  .4378E+03  .3871E+04   .9999945  .0032197  .0008443
T 3769  1 .1342513E+07   4000014E-01  .1115E+05 -.2110E+04   .9984484  .0543632 -.0120595
T 3770  1 .1298111E+07   4000018E-01 -.1664E+04  .1490E+04   .9995787 -.0237621  .0166673
T 3771  1 .1296445E+07   4000002E-01  .2554E+04  .1118E+05   .9991022  .0174642  .0385971
T 3772  1 .1346838E+07   4000015E-01 -.3670E+04  .2066E+04   .9997987 -.0151160  .0131961
T 3773  1 .1309332E+07   4000012E-01  .3332E+04  .9780E+04   .9995342  .0117975  .0281473
T 3774  1 .1299566E+07   4000009E-01 -.1519E+04 -.4028E+03   .9999705 -.0054313 -.0054379
T 3775  1 .1294094E+07   4000019E-01 -.2152E+04 -.2933E+04   .9993459 -.0203909 -.0298661
T 3776  1 .1276090E+07   4000023E-01 -.8101E+03  .4848E+04   .9993515  .0251824  .0257383
T 3777  1 .1214740E+07   4000011E-01  .8763E+05 -.9683E+05   .8846659  .3128251 -.3456973
T 3778  1 .1331498E+07   4000021E-01 -.1455E+04 -.4564E+02   .9997450 -.0140072 -.0177146
T 3779  1 .1314814E+07   4000000E-01 -.8705E+03  .2072E+04   .9999038  .0017276  .0137604
T 3780  1 .1312938E+07   4000010E-01 -.1254E+05 -.5478E+04   .9974224 -.0701575 -.0150515
T 3781  1 .1279854E+07   4000013E-01  .3840E+04  .2958E+04   .9994020  .0341910  .0051570
T 3782  1 .1323528E+07   4000010E-01  .7459E+03 -.9308E+03   .9999342  .0112412 -.0022791
T 3783  1 .1322457E+07   4000000E-01 -.4464E+04 -.3181E+04   .9996988 -.0150286 -.0194002
T 3784  1 .1342099E+07   4000002E-01 -.1421E+04  .2906E+04   .9992169 -.0135748  .0371673
T 3785  1 .1321230E+07   4000011E-01  .2399E+04 -.3697E+04   .9999710 -.0004820 -.0075946
T 3786  1 .1315394E+07   4000013E-01  .5325E+04 -.1010E+04   .9997487  .0182591 -.0130078
T 3787  1 .1287567E+07   4000015E-01 -.1790E+04  .1231E+04   .9997705  .0161054  .0141239
T 3788  1 .1337704E+07   4000019E-01 -.1451E+04  .4846E+03   .9997298 -.0232412  .0004249
T 3789  1 .1295203E+07   4000008E-01  .2242E+04 -.1651E+04   .9998650  .0139960 -.0086082
T 3790  1 .1290125E+07   4000020E-01 -.3375E+03 -.3996E+04   .9996644 -.0139161 -.0218500
T 3791  1 .1279485E+07   4000000E-01 -.2885E+04 -.3332E+04   .9999507 -.0093575  .0033135
T 3792  1 .1291845E+07   4000022E-01  .1452E+04  .3953E+04   .9991886  .0298522  .0270352
T 3793  1 .1332273E+07   4000011E-01  .5546E+04 -.2453E+04   .9996575  .0196400 -.0172988
T 3794  1 .1297669E+07   4000021E-01  .7156E+04 -.9413E+04   .9984484  .0412969 -.0373549
T 3795  1 .1359188E+07   4000016E-01  .7704E+04 -.5332E+04   .9999790  .0052731 -.0037771
T 3796  1 .1293943E+07   4000007E-01 -.1976E+04  .4711E+04   .9994978 -.0141127  .0283713
T 3797  1 .1302822E+07   4000014E-01 -.2130E+04 -.4028E+04   .9998724 -.0101445 -.0123404
T 3798  1 .1317819E+07   4000015E-01  .2714E+04 -.2573E+04   .9997422  .0210192 -.0085902
T 3799  1 .1323416E+07   4000003E-01  .5355E+04  .1449E+05   .9964028  .0403830  .0745023
T 3800  1 .1344737E+07   4000020E-01 -.1403E+05  .1874E+05   .9975621 -.0403016  .0569702
T 3801  1 .1318173E+07   4000010E-01  .1212E+04 -.3561E+03   .9999686 -.0078861 -.0008041
T 3802  1 .1292730E+07   4000004E-01  .1561E+04  .3813E+04   .9998429  .0038816  .0172920
T 3803  1 .1323350E+07   4000013E-01  .2038E+04  .7367E+04   .9995998  .0005516  .0282832
T 3804  1 .1316901E+07   4000002E-01 -.4414E+04 -.2277E+04   .9997110 -.0238163 -.0032831
T 3805  1 .1291545E+07   4000005E-01 -.3477E+04 -.6397E+04   .9994945 -.0192570 -.0252947
T 3806  1 .1336232E+07   4000005E-01  .1789E+04  .1993E+04   .9998660  .0159696 -.0035866
T 3807  1 .1285588E+07   4000020E-01 -.7563E+04 -.8211E+04   .9990431 -.0334591 -.0281655
T 3808  1 .1292191E+07   4000015E-01 -.4837E+04 -.4593E+04   .9996543 -.0157205 -.0210731
T 3809  1 .1359106E+07   4000011E-01 -.1407E+04  .1025E+04   .9994317 -.0223964  .0251923
T 3810  1 .1309865E+07   4000018E-01 -.3770E+04  .1247E+04   .9997804 -.0058327  .0201293
T 3811  1 .1305707E+07   4000011E-01 -.5150E+04 -.1542E+04   .9996728 -.0226306 -.0119250
T 3812  1 .1331698E+07   4000018E-01 -.3624E+04 -.6567E+02   .9999159 -.0118264  .0053180
T 3813  1 .1330340E+07   4000011E-01  .4816E+04  .2316E+04   .9989553  .0449377  .0082977
T 3814  1 .1333676E+07   4000011E-01 -.2303E+04 -.3863E+04   .9999456 -.0088325 -.0055480
T 3815  1 .1371616E+07   4000001E-01 -.8229E+03  .2224E+04   .9999486  .0049282  .0088563
T 3816  1 .1326946E+07   4000022E-01  .6580E+04 -.2431E+04   .9997488  .0202547 -.0095983
T 3817  1 .1306569E+07   4000010E-01 -.1280E+04 -.4613E+04   .9997815 -.0185254 -.0096861
T 3818  1 .1269239E+07   4000001E-01 -.3399E+04  .8692E+04   .9995102 -.0185903  .0251756
T 3819  1 .1302945E+07   4000009E-01  .8524E+04 -.1750E+05   .9984378  .0216805 -.0514967
T 3820  1 .1332714E+07   4000011E-01  .1032E+04 -.6243E+04   .9985748 -.0083078 -.0527191
T 3821  1 .1260562E+07   4000017E-01 -.1901E+04 -.8709E+03   .9998915 -.0072967  .0127940
T 3822  1 .1347512E+07   4000003E-01  .5556E+02  .3525E+04   .9995333  .0190293  .0238980
T 3823  1 .1302620E+07   4000004E-01 -.4070E+04 -.1008E+04   .9996090 -.0271367 -.0067370
T 3824  1 .1266881E+07   4000020E-01  .1176E+03 -.5577E+04   .9997829  .0023499 -.0207024
T 3825  1 .1330548E+07   4000010E-01 -.4137E+03  .3366E+04   .9998968 -.0051139  .0134253
T 3826  1 .1297373E+07   4000017E-01 -.5923E+03  .9917E+03   .9998690  .0024367  .0160031
T 3827  1 .1318468E+07   4000013E-01  .7159E+03  .5019E+04   .9996126  .0132520  .0244769
T 3828  1 .1333469E+07   4000010E-01  .4332E+04 -.2083E+04   .9999963 -.0025709 -.0009034
T 3829  1 .1271657E+07   4000021E-01  .1001E+04 -.2519E+03   .9999042  .0065467  .0121918
T 3830  1 .1317238E+07   4000005E-01  .6788E+04 -.7201E+04   .9995049  .0263519 -.0171903
T 3831  1 .1341549E+07   4000017E-01  .4264E+04 -.4679E+04   .9996924  .0168693 -.0181832
T 3832  1 .1285567E+07   4000010E-01 -.6986E+03  .3172E+04   .9998253 -.0160680  .0095510
T 3833  1 .1287168E+07   4000005E-01  .2353E+03  .2307E+04   .9999876  .0040913 -.0028338
T 3834  1 .1322843E+07   4000012E-01  .1539E+04 -.6878E+04   .9993954 -.0054716 -.0343344
T 3835  1 .1299324E+07   4000004E-01  .2892E+04  .1641E+04   .9995860  .0244099  .0152285
T 3836  1 .1304628E+07   4000000E-01  .2617E+04  .3250E+04   .9999390  .0097390  .0052164
T 3837  1 .1296780E+07   4000016E-01  .1732E+03  .6158E+04   .9997394 -.0019240  .0227478
T 3838  1 .1294783E+07   4000003E-01  .1189E+04 -.5538E+03   .9996782  .0252517 -.0023980
T 3839  1 .1313119E+07   4000016E-01  .7100E+03  .1856E+03   .9999636  .0049392 -.0069631
T 3840  1 .1299892E+07   4000010E-01  .5370E+02 -.4638E+04   .9995264 -.0177615 -.0251309
T 3841  1 .1302097E+07   4000004E-01  .2627E+04 -.3121E+04   .9995754  .0178262 -.0230486
T 3842  1 .1297920E+07   4000022E-01 -.9083E+04 -.6847E+04   .9993482 -.0302834 -.0196485
T 3843  1 .1325451E+07   4000001E-01  .8843E+03 -.4091E+04   .9999826  .0026495 -.0052681
T 3844  1 .1333220E+07   4000018E-01 -.2642E+04  .1695E+03   .9998498 -.0152628  .0082128
T 3845  1 .1338882E+07   4000011E-01  .3488E+03 -.5425E+03   .9998718 -.0111003  .0115418
T 3846  1 .1307276E+07   4000013E-01 -.7009E+03  .3890E+04   .9998491 -.0046971  .0167234
T 3847  1 .1289282E+07   4000005E-01  .2506E+04 -.4526E+04   .9999463 -.0013200 -.0102776
T 3848  1 .1282859E+07   4000021E-01 -.1778E+04 -.5360E+03   .9997393 -.0163115  .0159745
T 3849  1 .1318233E+07   4000000E-01  .4688E+04 -.5971E+04   .9997380  .0068755 -.0218315
T 3850  1 .1321152E+07   4000011E-01 -.2434E+04 -.2679E+04   .9996468 -.0233533 -.0126826
T 3851  1 .1305799E+07   4000022E-01  .1081E+04  .1157E+05   .9991731  .0124411  .0387078
T 3852  1 .1281468E+07   4000010E-01  .1152E+04 -.1572E+04   .9996894  .0249221  .0001680
T 3853  1 .1321733E+07   4000001E-01 -.8528E+04  .7059E+04   .9993054 -.0196889  .0316384
T 3854  1 .1315796E+07   4000010E-01 -.3916E+04  .2326E+04   .9993394 -.0218429  .0290440
T 3855  1 .1331192E+07   4000020E-01 -.1648E+04 -.2926E+04   .9999484 -.0085518 -.0054855
T 3856  1 .1303973E+07   4000001E-01  .6553E+04  .7355E+04   .9974531  .0341782  .0626025
T 3857  1 .1338853E+07   4000003E-01 -.2852E+04  .1246E+04   .9998612 -.0135847  .0096423
T 3858  1 .1290705E+07   4000016E-01  .1887E+04 -.2664E+04   .9998223  .0129481 -.0137012
T 3859  1 .1318538E+07   4000017E-01 -.3889E+04  .7735E+03   .9998422 -.0169484  .0053294
T 3860  1 .1322790E+07   4000022E-01  .1132E+04 -.7874E+04   .9994432  .0024826 -.0332736
T 3861  1 .1298385E+07   4000019E-01 -.2372E+04  .1934E+04   .9998195 -.0156303  .0107974
T 3862  1 .1299387E+07   4000000E-01  .1351E+04 -.2910E+04   .9998326 -.0000021 -.0182973
T 3863  1 .1312661E+07   4000020E-01 -.4065E+04  .1160E+05   .9987409 -.0047929  .0499371
T 3864  1 .1278670E+07   4000003E-01  .4600E+04  .5688E+04   .9993598  .0303560  .0189324
T 3865  1 .1333095E+07   4000010E-01 -.2653E+04  .8456E+02   .9999794 -.0054976  .0033068
T 3866  1 .1302074E+07   4000003E-01  .3247E+04  .9231E+04   .9876794  .0929793  .1258741
T 3867  1 .1354818E+07   4000021E-01  .2904E+04 -.7516E+03   .9999989 -.0009697 -.0011299
T 3868  1 .1301648E+07   4000019E-01  .3367E+04 -.2299E+04   .9998791  .0143406 -.0060124
T 3869  1 .1316835E+07   4000008E-01 -.4149E+04  .2475E+04   .9999793 -.0052785  .0036771
T 3870  1 .1325284E+07   4000008E-01 -.1439E+04 -.2007E+04   .9999150 -.0130333 -.0004629
T 3871  1 .1305254E+07   4000019E-01 -.8100E+03  .1365E+04   .9997727 -.0126176  .0171860
T 3872  1 .1350263E+07   4000000E-01  .5737E+03 -.5881E+03   .9999845  .0020675  .0051712
T 3873  1 .1339037E+07   4000005E-01  .1728E+04  .7649E+03   .9999962 -.0001297 -.0027467
T 3874  1 .1307754E+07   4000014E-01  .8519E+04 -.2957E+04   .9998541  .0140564  .0097037
T 3875  1 .1312141E+07   4000009E-01  .3842E+03  .3129E+04   .9999440 -.0054291  .0090845
T 3876  1 .1288899E+07   4000015E-01 -.6564E+04  .2896E+04   .9998249 -.0167946  .0082506
T 3877  1 .1291296E+07   4000001E-01 -.2691E+03 -.7487E+03   .9999047 -.0123607 -.0061560
T 3878  1 .1318766E+07   4000001E-01  .7418E+04 -.8054E+03   .9999238  .0110336 -.0055337
T 3879  1 .1317030E+07   4000019E-01 -.4391E+04 -.1766E+03   .9965841 -.0810687  .0157452
T 3880  1 .1271416E+07   4000003E-01 -.1912E+04  .3752E+03   .9994985 -.0221725 -.0226064
T 3881  1 .1260271E+07   4000022E-01  .6492E+04 -.1402E+05   .9885648  .0884547 -.1221283
T 3882  1 .1316247E+07   4000001E-01 -.2420E+04 -.2264E+04   .9999833 -.0014123  .0055961
T 3883  1 .1291369E+07   4000015E-01  .2941E+04 -.9741E+03   .9995836  .0019734  .0287874
T 3884  1 .1291524E+07   4000008E-01  .5686E+03  .3976E+03   .9999477  .0093753  .0040814
T 3885  1 .1304060E+07   4000000E-01  .4061E+04  .6018E+04   .9993237  .0350482  .0111228
T 3886  1 .1293679E+07   4000020E-01 -.2866E+04  .8509E+01   .9999656  .0040600  .0072270
T 3887  1 .1291028E+07   4000007E-01  .6479E+04  .4361E+02   .9996124  .0258519  .0103288
T 3888  1 .1274119E+07   4000008E-01 -.1397E+04  .2817E+04   .9999522 -.0024831  .0094517
T 3889  1 .1320875E+07   4000006E-01 -.9358E+04  .3007E+05   .9959433 -.0297117  .0849364
T 3890  1 .1294350E+07   4000014E-01 -.6130E+04  .3198E+04   .9980464 -.0474937  .0405918
T 3891  1 .1312651E+07   4000003E-01  .1158E+04  .2051E+04   .9998634  .0006061  .0165160
T 3892  1 .1333091E+07   4000010E-01  .6845E+04 -.8222E+04   .9989972  .0356537 -.0270820
T 3893  1 .1307311E+07   4000008E-01 -.7899E+03  .4565E+04   .9996972  .0110952  .0219655
T 3894  1 .1306516E+07   4000006E-01  .1145E+04 -.1595E+04   .9998011 -.0072416 -.0185839
T 3895  1 .1272512E+07   4000017E-01 -.6158E+03 -.4381E+04   .9999993  .0003732 -.0011062
T 3896  1 .1305625E+07   4000014E-01 -.2040E+04  .3532E+04   .9996998 -.0080337  .0231478
T 3897  1 .1335112E+07   4000022E-01 -.3496E+04 -.1489E+04   .9992972 -.0338458 -.0161134
T 3898  1 .1270779E+07   4000005E-01 -.8020E+03 -.4195E+03   .9999313 -.0004491 -.0117120
T 3899  1 .1320597E+07   4000010E-01 -.3084E+04 -.4995E+04   .9991673 -.0037685 -.0406271
T 3900  1 .1311098E+07   4000001E-01  .1886E+04 -.1807E+04   .9999696  .0056381  .0053835
T 3901  1 .1309348E+07   4000022E-01  .7332E+03  .1390E+04   .9997104  .0113209  .0212372
T 3902  1 .1331070E+07   4000004E-01  .4237E+04  .2420E+04   .9996955  .0154525  .0192366
T 3903  1 .1304289E+07   4000000E-01 -.2230E+04 -.1802E+04   .9998538 -.0053851  .0162319
T 3904  1 .1293214E+07   4000010E-01  .4612E+03  .9467E+04   .9990847  .0057356  .0423888
T 3905  1 .1311536E+07   4000011E-01 -.3646E+04  .4534E+02   .9995172 -.0305676 -.0055635
T 3906  1 .1352775E+07   4000013E-01  .1142E+04  .2185E+04   .9999765 -.0059053  .0034756
T 3907  1 .1308763E+07   4000019E-01  .9291E+03 -.4002E+04   .9994900 -.0106411 -.0301072
T 3908  1 .1328015E+07   4000016E-01  .2804E+05  .1029E+03   .9952002  .0978385  .0020578
T 3909  1 .1288002E+07   4000001E-01  .2693E+04 -.2512E+04   .9999859 -.0053086  .0002206
T 3910  1 .1285655E+07   4000005E-01 -.9865E+04 -.3892E+04   .9993744 -.0286448 -.0207432
T 3911  1 .1298157E+07   4000022E-01  .6500E+04  .5182E+03   .9997803  .0208231  .0024008
T 3912  1 .1306297E+07   4000002E-01 -.1750E+04  .4955E+04   .9997274  .0004860  .0233418
T 3913  1 .1273265E+07   4000010E-01  .2731E+04  .2039E+04   .9989128  .0451038 -.0117857
T 3914  1 .1304337E+07   4000016E-01 -.4374E+03  .9171E+04   .9994260 -.0042192  .0336122
T 3915  1 .1310946E+07   4000005E-01  .2179E+02 -.4435E+02   .9998636 -.0132234  .0098920
T 3916  1 .1282663E+07   4000011E-01 -.8906E+03  .3210E+03   .9999249 -.0082106  .0090971
T 3917  1 .1318366E+07   4000017E-01  .2166E+04 -.2230E+03   .9998823  .0011387  .0153014
T 3918  1 .1325370E+07   4000000E-01  .1623E+04  .7393E+03   .9998960  .0120421 -.0079304
T 3919  1 .1311298E+07   4000020E-01  .9952E+03 -.1381E+04   .9999239  .0091626 -.0082661
T 3920  1 .1327943E+07   4000021E-01  .1111E+05  .1389E+04   .9993215  .0334072  .0155094
T 3921  1 .1282922E+07   4000018E-01 -.2417E+04 -.2813E+04   .9997773 -.0184975 -.0101592
T 3922  1 .1324484E+07   4000018E-01 -.6185E+04 -.1147E+05   .9968016 -.0381389 -.0702283
T 3923  1 .1342356E+07   4000014E-01  .2610E+04 -.6348E+04   .9999358  .0107820 -.0034980
T 3924  1 .1292711E+07   4000010E-01 -.4043E+04 -.6727E+04   .9991120 -.0317822 -.0276589
T 3925  1 .1289037E+07   4000015E-01  .5151E+04  .1161E+04   .9997838  .0196100 -.0069071
T 3926  1 .1332877E+07   4000013E-01 -.6167E+03  .2963E+04   .9999463 -.0004305  .0103548
T 3927  1 .1303451E+07   4000011E-01 -.1186E+04  .3348E+04   .9999651 -.0007521  .0083232
T 3928  1 .1288358E+07   4000019E-01 -.2449E+04 -.2403E+04   .9999975 -.0005252 -.0021537
T 3929  1 .1294324E+07   4000017E-01  .7467E+02 -.2988E+04   .9999539 -.0064070 -.0071454
T 3930  1 .1341372E+07   4000010E-01  .1377E+04 -.1096E+04   .9999121 -.0101835  .0084946
T 3931  1 .1311950E+07   4000021E-01  .1177E+05  .2668E+04   .9992314  .0357429  .0160978
T 3932  1 .1285635E+07   4000022E-01 -.3872E+03 -.2805E+04   .9999079  .0058053 -.0122675
T 3933  1 .1301032E+07   4000015E-01 -.8089E+04  .5587E+03   .9981239 -.0518861  .0325046
T 3934  1 .1288273E+07   4000008E-01  .2510E+04 -.1494E+03   .9995230  .0295254 -.0090546
T 3935  1 .1322586E+07   4000002E-01  .2391E+04 -.2951E+04   .9999213  .0091036 -.0086345
T 3936  1 .1329266E+07   4000017E-01 -.7292E+03  .1687E+04   .9999711 -.0046229  .0060404
T 3937  1 .1293416E+07   4000017E-01 -.2830E+03 -.1282E+04   .9999922 -.0001416  .0039361
T 3938  1 .1312932E+07   4000001E-01 -.3557E+04 -.1914E+04   .9996554 -.0252267 -.0072633
T 3939  1 .1321450E+07   4000006E-01  .9888E+03 -.2788E+04   .9998574  .0157519 -.0060926
T 3940  1 .1287645E+07   4000009E-01  .3137E+04  .1180E+04   .9990127  .0434011 -.0094853
T 3941  1 .1304266E+07   4000022E-01  .2911E+04  .5137E+03   .9998359  .0178156  .0032901
T 3942  1 .1349368E+07   4000000E-01  .7504E+03  .1830E+04   .9998230  .0020336  .0187044
T 3943  1 .1316712E+07   4000004E-01 -.1488E+04  .3664E+04   .9995311 -.0133205  .0275704
T 3944  1 .1313697E+07   4000016E-01 -.6612E+03  .1286E+04   .9998272 -.0109665  .0150131
T 3945  1 .1318930E+07   4000013E-01 -.6110E+03  .5287E+03   .9999363  .0041604 -.0104896
T 3946  1 .1282046E+07   4000006E-01 -.1021E+05 -.8362E+03   .9996752 -.0252954 -.0030929
T 3947  1 .1306354E+07   4000009E-01  .8881E+03 -.1936E+04   .9999952  .0030859  .0002295
T 3948  1 .1302333E+07   4000016E-01 -.1073E+04  .6399E+04   .9989389 -.0010269  .0460447
T 3949  1 .1306180E+07   4000020E-01 -.1844E+04  .2153E+04   .9998443  .0047345  .0169971
T 3950  1 .1258896E+07   4000020E-01  .2432E+04 -.2536E+04   .9998813  .0130755  .0081537
T 3951  1 .1303738E+07   4000018E-01 -.1424E+03  .1019E+04   .9999636 -.0074646 -.0041248
T 3952  1 .1306087E+07   4000004E-01  .3158E+04  .1038E+04   .9996351  .0248587  .0105716
T 3953  1 .1293802E+07   4000022E-01 -.1646E+04  .2939E+04   .9999932  .0017826  .0032268
T 3954  1 .1294052E+07   4000010E-01 -.2242E+04 -.2730E+04   .9998043 -.0158922  .0117840
T 3955  1 .1338229E+07   4000015E-01 -.3465E+04 -.7292E+04   .9988591 -.0127826 -.0460120
T 3956  1 .1299931E+07   4000007E-01  .2745E+04  .3507E+04   .9998913  .0140406  .0044963
T 3957  1 .1308350E+07   4000019E-01 -.5528E+04  .4423E+04   .9998096 -.0183971  .0065034
T 3958  1 .1293388E+07   4000021E-01 -.7500E+04  .2954E+03   .9999033 -.0138267  .0014821
T 3959  1 .1303697E+07   4000014E-01  .3033E+04 -.1418E+04   .9999588  .0090789 -.0002577
T 3960  1 .1304770E+07   4000022E-01  .4670E+04 -.1708E+04   .9996946  .0137958 -.0205028
T 3961  1 .1297896E+07   4000014E-01  .4142E+04  .1068E+04   .9991844  .0315437  .0252081
T 3962  1 .1290736E+07   4000015E-01 -.1974E+03  .4079E+04   .9998292  .0089787  .0161511
T 3963  1 .1346906E+07   4000011E-01  .1420E+04 -.9102E+03   .9999938 -.0034853  .0004565
T 3964  1 .1303638E+07   4000003E-01 -.2439E+04  .9287E+03   .9999410 -.0104446 -.0029684
T 3965  1 .1315290E+07   4000023E-01  .4861E+03 -.7930E+04   .9994537 -.0156700 -.0290989
T 3966  1 .1285102E+07   4000005E-01  .5569E+04 -.1506E+04   .9993128  .0240184 -.0282327
T 3967  1 .1350724E+07   4000005E-01  .3881E+04  .1628E+04   .9994591  .0312786  .0101588
T 3968  1 .1278903E+07   4000010E-01  .2737E+05 -.3575E+05   .9631462  .1596330 -.2164874
T 3969  1 .1334302E+07   4000013E-01 -.1267E+04  .1286E+04   .9999741 -.0052538  .0049213
T 3970  1 .1267087E+07   4000022E-01  .1886E+04 -.9184E+04   .9991350  .0142190 -.0390776
T 3971  1 .1296313E+07   4000016E-01 -.2672E+02 -.7700E+03   .9996850 -.0156913 -.0195872
T 3972  1 .1321350E+07   4000022E-01 -.9593E+04  .2951E+04   .9995440 -.0263794  .0146927
T 3973  1 .1322895E+07   4000013E-01 -.1859E+04  .2637E+04   .9984773  .0260867  .0486067
T 3974  1 .1301387E+07   4000008E-01 -.7038E+04  .1470E+04   .9975425 -.0689916  .0122141
T 3975  1 .1304149E+07   4000009E-01 -.4243E+04  .1256E+04   .9999692 -.0075945 -.0019813
T 3976  1 .1319835E+07   4000016E-01  .2124E+04 -.2119E+04   .9999859  .0052155 -.0009551
T 3977  1 .1313824E+07   4000008E-01 -.3216E+04  .1859E+05   .9974212 -.0150575  .0701729
T 3978  1 .1323796E+07   4000016E-01 -.3354E+04 -.4342E+04   .9995859 -.0056909 -.0282079
T 3979  1 .1258559E+07   4000022E-01  .4508E+04  .5373E+02   .9996297  .0197908  .0186736
T 3980  1 .1306297E+07   4000010E-01  .6915E+03 -.7765E+04   .9991509  .0091376 -.0401736
T 3981  1 .1333511E+07   4000000E-01 -.3389E+04 -.1382E+03   .9999246 -.0116074 -.0040044
T 3982  1 .1302063E+07   4000014E-01  .3260E+04 -.5102E+04   .9994769  .0099336 -.0307770
T 3983  1 .1332415E+07   4000016E-01 -.1412E+04  .5420E+03   .9999483  .0056674  .0084426
T 3984  1 .1313457E+07   4000005E-01 -.3717E+04 -.5985E+04   .9993358 -.0125044 -.0342273
T 3985  1 .1328431E+07   4000014E-01  .1203E+04  .5923E+04   .9997689  .0091029  .0194772
T 3986  1 .1288492E+07   4000002E-01  .3832E+03  .4193E+03   .9999976 -.0005984 -.0021255
T 3987  1 .1278022E+07   4000002E-01 -.1987E+04  .3549E+02   .9999138 -.0095478  .0090132
T 3988  1 .1318127E+07   4000014E-01 -.4492E+04  .1363E+04   .9997799 -.0172653  .0119203
T 3989  1 .1270162E+07   4000022E-01  .1919E+03  .3981E+03   .9999002 -.0140549  .0014541
T 3990  1 .1291575E+07   4000005E-01 -.1566E+04  .9440E+03   .9999830  .0047288  .0034222
T 3991  1 .1301131E+07   4000020E-01 -.3265E+04 -.2158E+04   .9996665 -.0245153 -.0081227
T 3992  1 .1286917E+07   4000016E-01  .2476E+04 -.1530E+04   .9998761 -.0064313 -.0143685
T 3993  1 .1269873E+07   4000013E-01 -.7307E+04 -.9667E+03   .9989038 -.0467163  .0029505
T 3994  1 .1315734E+07   4000006E-01  .4287E+04 -.2110E+04   .9997732  .0180840 -.0112464
T 3995  1 .1284005E+07   4000000E-01  .2776E+04  .4360E+04   .9997842  .0156839  .0136214
T 3996  1 .1318053E+07   4000018E-01 -.1932E+04  .3105E+03   .9997390 -.0221976 -.0054010
T 3997  1 .1295348E+07   4000018E-01 -.4561E+04  .2177E+04   .9998909 -.0033844 -.0143803
T 3998  1 .1352859E+07   4000002E-01  .5443E+04 -.2489E+02   .9993879  .0349667 -.0010552
T 3999  1 .1336974E+07   4000005E-01  .5954E+04  .2446E+04   .9998104  .0140006  .0135366
T 4000  1 .1298654E+07   4000014E-01 -.1831E+04  .1480E+04   .9996747  .0254754 -.0012509
T 4001  1 .1293745E+07   4000011E-01 -.3165E+04 -.3211E+02   .9999471 -.0041332  .0094171
T 4002  1 .1302031E+07   4000016E-01 -.5779E+03  .5895E+03   .9999610 -.0005426 -.0088129
T 4003  1 .1318376E+07   4000008E-01  .1385E+03 -.1207E+04   .9999665 -.0060087 -.0055514
T 4004  1 .1352994E+07   4000013E-01  .5428E+04  .1239E+04   .9996992  .0211763  .0123751
T 4005  1 .1339466E+07   4000011E-01  .1519E+04  .1402E+04   .9998911  .0147291  .0008693
T 4006  1 .1283860E+07   4000004E-01  .3576E+04  .7228E+04   .9981930  .0176935  .0574250
T 4007  1 .1296152E+07   4000017E-01 -.9009E+03  .4261E+04   .9995968 -.0177153  .0221910
T 4008  1 .1315075E+07   4000015E-01 -.4670E+03 -.5816E+04   .9996117  .0211235 -.0181703
T 4009  1 .1268816E+07   4000019E-01 -.1071E+04 -.3410E+04   .9998382 -.0011414 -.0179527
T 4010  1 .1335035E+07   4000021E-01  .3459E+04 -.4218E+04   .9996510  .0200879 -.0171582
T 4011  1 .1308138E+07   4000003E-01 -.5338E+03 -.7701E+04   .9994511  .0071399 -.0323496
T 4012  1 .1303303E+07   4000008E-01  .1238E+04  .1019E+05   .9992576  .0123443  .0364960
T 4013  1 .1323504E+07   4000004E-01 -.1098E+05  .2953E+04   .9995422 -.0282435  .0108526
T 4014  1 .1339201E+07   4000014E-01 -.2491E+04  .2772E+04   .9996958 -.0141201  .0202204
T 4015  1 .1299754E+07   4000022E-01  .3855E+04  .1618E+04   .9996639  .0173976  .0192215
T 4016  1 .1296766E+07   4000006E-01 -.1236E+04  .2934E+04   .9997640  .0208317  .0061681
T 4017  1 .1322613E+07   4000005E-01  .3048E+04  .5672E+04   .9992292  .0153653  .0361242
T 4018  1 .1297783E+07   4000022E-01 -.8868E+03 -.1957E+04   .9999247 -.0087197  .0086334
T 4019  1 .1276869E+07   4000004E-01  .4368E+04 -.4076E+04   .9994798  .0204446 -.0249434
T 4020  1 .1346957E+07   4000009E-01 -.4889E+04  .1360E+04   .9995391 -.0180294  .0244230
T 4021  1 .1304436E+07   4000008E-01 -.4005E+04  .1108E+04   .9996675 -.0194206  .0169628
T 4022  1 .1313444E+07   4000016E-01  .2860E+04  .1230E+04   .9999075  .0114656 -.0073129
T 4023  1 .1299232E+07   4000017E-01  .4606E+03  .1196E+04   .9999295  .0069571  .0096202
T 4024  1 .1290648E+07   4000011E-01  .2818E+04  .3843E+04   .9993639  .0303469  .0187334
T 4025  1 .1304412E+07   4000008E-01 -.1640E+04  .4129E+04   .9986427 -.0123419  .0506006
T 4026  1 .1306442E+07   4000005E-01 -.7443E+03  .2059E+04   .9999262 -.0113414  .0043651
T 4027  1 .1343466E+07   4000012E-01  .1256E+04 -.6306E+04   .9996497 -.0074392 -.0253979
T 4028  1 .1323968E+07   4000022E-01 -.2370E+04 -.2524E+04   .9994319  .0017524 -.0336576
T 4029  1 .1316498E+07   4000008E-01  .1355E+05  .4547E+04   .9975562  .0476445 -.0511032
T 4030  1 .1292691E+07   4000001E-01  .2688E+04 -.7511E+04   .9992182  .0098873 -.0382785
T 4031  1 .1276501E+07   4000022E-01  .2752E+04 -.2793E+04   .9996074  .0270594 -.0072717
T 4032  1 .1369259E+07   4000020E-01 -.2349E+04 -.1586E+04   .9999649 -.0037890 -.0074733
T 4033  1 .1335619E+07   4000008E-01 -.2027E+04  .3499E+04   .9999849 -.0044642  .0031955
T 4034  1 .1292242E+07   4000023E-01 -.9294E+04 -.7409E+04   .9991171 -.0189651 -.0374869
T 4035  1 .1312635E+07   4000020E-01 -.6386E+04 -.1612E+04   .9996325 -.0270786  .0012733
T 4036  1 .1310426E+07   4000005E-01 -.6028E+03  .3112E+04   .9994698 -.0255418  .0201932
T 4037  1 .1357626E+07   4000013E-01 -.2170E+04 -.4039E+04   .9996983 -.0040634 -.0242233
T 4038  1 .1307618E+07   4000017E-01 -.1346E+04 -.3175E+04   .9999160 -.0096301 -.0086794
T 4039  1 .1302258E+07   4000002E-01 -.3070E+04 -.4480E+04   .9997015  .0087533 -.0228114
T 4040  1 .1317311E+07   4000011E-01 -.7063E+04  .9847E+04   .9984739 -.0145286  .0532812
T 4041  1 .1311081E+07   4000023E-01 -.9793E+03  .2454E+04   .9998154 -.0018340  .0191235
T 4042  1 .1269291E+07   4000015E-01 -.2109E+04 -.4254E+04   .9995288 -.0040788 -.0304213
T 4043  1 .1317193E+07   4000010E-01 -.1931E+04 -.2645E+04   .9999017  .0110933 -.0085766
T 4044  1 .1247793E+07   4000002E-01 -.5121E+03  .1007E+03   .9999683  .0029188  .0074082
T 4045  1 .1289476E+07   4000010E-01 -.4647E+04  .2057E+04   .9999100 -.0133286  .0015021
T 4046  1 .1322080E+07   4000002E-01 -.7321E+04 -.6290E+04   .9975743 -.0578166 -.0387667
T 4047  1 .1309171E+07   4000002E-01 -.5925E+04  .1499E+04   .9993162 -.0369029  .0022873
T 4048  1 .1345670E+07   4000018E-01  .1870E+04  .1430E+04   .9999747 -.0036257  .0061176
T 4049  1 .1281451E+07   4000010E-01 -.2383E+04  .4172E+04   .9996360  .0012802  .0269475
T 4050  1 .1321055E+07   4000002E-01  .6059E+04  .4172E+04   .9994204  .0269419  .0208076
T 4051  1 .1294518E+07   4000021E-01 -.4249E+04 -.3045E+03   .9995154 -.0292418 -.0106726
T 4052  1 .1297085E+07   4000013E-01 -.7819E+03  .2294E+04   .9999931  .0024127 -.0028294
T 4053  1 .1310993E+07   4000018E-01 -.3390E+04  .6379E+03   .9988735 -.0459869 -.0116982
T 4054  1 .1277614E+07   4000008E-01 -.1303E+03  .5427E+04   .9998045  .0004901  .0197655
T 4055  1 .1312773E+07   4000008E-01  .7585E+03 -.1031E+05   .9992231  .0185045 -.0347964
T 4056  1 .1374340E+07   4000007E-01 -.8940E+02  .1770E+04   .9999913  .0022743  .0035033
T 4057  1 .1294076E+07   4000006E-01 -.7184E+04 -.2033E+03   .9995262 -.0307787 -.0002341
T 4058  1 .1297885E+07   4000021E-01  .3981E+04  .1343E+04   .9995921  .0281351  .0049128
T 4059  1 .1329559E+07   4000009E-01  .2540E+04  .1047E+03   .9999651  .0083546  .0001380
T 4060  1 .1286846E+07   4000012E-01  .1464E+04 -.4670E+03   .9999638  .0009914 -.0084528
T 4061  1 .1320351E+07   4000009E-01 -.1609E+04 -.1888E+04   .9997080 -.0208770  .0121703
T 4062  1 .1383966E+07   4000007E-01 -.2166E+04 -.2323E+03   .9998126 -.0172175 -.0088476
T 4063  1 .1278199E+07   4000001E-01 -.2182E+04  .1099E+05   .9989944 -.0255394  .0368501
T 4064  1 .1323199E+07   4000008E-01 -.2534E+04  .2654E+04   .9998052 -.0080428  .0180266
T 4065  1 .1353435E+07   4000022E-01  .1836E+04 -.1019E+04   .9999838 -.0028632  .0049144
T 4066  1 .1322622E+07   4000014E-01  .7986E+04  .7670E+03   .9994894  .0307459 -.0087013
T 4067  1 .1352584E+07   4000011E-01  .5852E+04  .4949E+04   .9989864  .0288558  .0345463
T 4068  1 .1280577E+07   4000014E-01 -.3376E+03  .6088E+04   .9995509 -.0275066  .0118937
T 4069  1 .1315542E+07   4000001E-01 -.3801E+04  .1419E+04   .9994799 -.0322179  .0014049
T 4070  1 .1334257E+07   4000009E-01 -.1404E+04  .1509E+04   .9999043  .0117434  .0073099
T 4071  1 .1291807E+07   4000000E-01 -.1787E+04  .9895E+03   .9999242  .0111907 -.0051264
T 4072  1 .1311015E+07   4000017E-01  .1167E+04 -.2481E+03   .9999529 -.0063496 -.0073373
T 4073  1 .1321799E+07   4000015E-01 -.2000E+04  .1944E+04   .9998714 -.0155968  .0037425
T 4074  1 .1287540E+07   4000007E-01  .4967E+04 -.3262E+04   .9998508  .0012902 -.0172277
T 4075  1 .1321023E+07   4000005E-01 -.5497E+04  .4478E+04   .9990797 -.0384056  .0190978
T 4076  1 .1336054E+07   4000003E-01 -.9590E+03 -.9018E+04   .9993179 -.0010480 -.0369146
T 4077  1 .1264745E+07   4000000E-01  .2502E+03 -.1344E+05   .9957606  .0133487 -.0910085
T 4078  1 .1265131E+07   4000017E-01  .1296E+04 -.7099E+04   .9943442 -.0307762 -.1016487
T 4079  1 .1316500E+07   4000011E-01  .4735E+04  .2170E+04   .9995468  .0300297  .0020945
T 4080  1 .1352243E+07   4000020E-01  .1054E+05 -.7118E+04   .9989453  .0348056 -.0299484
T 4081  1 .1330746E+07   4000001E-01 -.4021E+04  .1881E+03   .9999693 -.0058013  .0052623
T 4082  1 .1294153E+07   4000017E-01  .3651E+03  .1654E+04   .9999511  .0061435  .0077555
T 4083  1 .1314950E+07   4000004E-01 -.3240E+03 -.8059E+03   .9999968  .0002910  .0025155
T 4084  1 .1294256E+07   4000007E-01 -.1745E+04  .1013E+03   .9999768 -.0046758  .0049584
T 4085  1 .1319584E+07   4000019E-01  .1539E+04 -.1722E+03   .9999085  .0131231  .0032844
T 4086  1 .1305435E+07   4000020E-01  .8141E+04  .6006E+04   .9992749  .0296636  .0238696
T 4087  1 .1281988E+07   4000012E-01  .2697E+04  .2115E+04   .9998524  .0080723  .0151670
T 4088  1 .1313077E+07   4000009E-01 -.1983E+04  .3276E+04   .9998059 -.0148144  .0129887
T 4089  1 .1303391E+07   4000012E-01 -.1901E+04  .8039E+03   .9998737 -.0046786  .0151883
T 4090  1 .1296109E+07   4000007E-01 -.1179E+04 -.9467E+03   .9996248  .0273729  .0009747
T 4091  1 .1274590E+07   4000005E-01 -.1344E+04  .1485E+04   .9999027 -.0134063  .0038427
T 4092  1 .1323089E+07   4000005E-01  .3147E+04  .6651E+04   .9996721  .0132113  .0219340
T 4093  1 .1304840E+07   4000014E-01 -.5235E+04  .7291E+03   .9992950 -.0295131 -.0232055
T 4094  1 .1297258E+07   4000012E-01 -.3411E+04 -.3212E+04   .9999939 -.0034906  .0000705
T 4095  1 .1317899E+07   4000006E-01  .1220E+04 -.2471E+03   .9999776 -.0051707  .0042505
T 4096  1 .1303191E+07   4000019E-01  .8685E+03  .1032E+05   .9992325  .0029337  .0390616
T 4097  1 .1297492E+07   4000018E-01  .1076E+04 -.5162E+04   .9987777 -.0107104 -.0482535
T 4098  1 .1298177E+07   4000013E-01 -.1981E+04  .2685E+03   .9999093 -.0105780 -.0083415
T 4099  1 .1307396E+07   4000018E-01 -.4387E+04  .5705E+04   .9991812 -.0259655  .0310270
T 4100  1 .1287128E+07   4000015E-01 -.4295E+04  .1464E+04   .9998220 -.0183785  .0042711
T 4101  1 .1302350E+07   4000009E-01 -.3816E+04  .2743E+04   .9951559 -.0644049 -.0742747
T 4102  1 .1299059E+07   4000016E-01  .3022E+04  .2223E+04   .9996805  .0214506 -.0133709
T 4103  1 .1305485E+07   4000002E-01  .3943E+04 -.2130E+04   .9993208  .0305105 -.0206630
T 4104  1 .1327146E+07   4000022E-01  .4855E+04  .6627E+04   .9994536  .0210340  .0254961
T 4105  1 .1319225E+07   4000008E-01  .6972E+04  .7770E+03   .9995716  .0273332  .0104688
T 4106  1 .1306563E+07   4000001E-01  .1833E+04 -.1383E+04   .9998506  .0153104 -.0080233
T 4107  1 .1325180E+07   4000005E-01  .4345E+04  .3858E+04   .9999973  .0016642  .0016462
T 4108  1 .1300260E+07   4000021E-01  .1349E+04  .2806E+04   .9993980  .0194120  .0287533
T 4109  1 .1261672E+07   4000008E-01 -.3016E+04  .1041E+04   .9997269 -.0230972  .0035425
T 4110  1 .1284926E+07   4000020E-01 -.3559E+04  .2024E+04   .9997200 -.0189575  .0141592
T 4111  1 .1282330E+07   4000004E-01  .1821E+04  .7668E+04   .9993648  .0134176  .0330134
T 4112  1 .1334509E+07   4000020E-01  .9485E+03  .7253E+03   .9999279 -.0096734 -.0071162
T 4113  1 .1308833E+07   4000007E-01  .8054E+03  .3261E+04   .9997715  .0071809  .0201324
T 4114  1 .1319041E+07   4000019E-01  .5182E+04 -.1547E+04   .9996679  .0219030 -.0135754
T 4115  1 .1307466E+07   4000022E-01  .2711E+04  .2881E+03   .9998163  .0190873  .0017503
T 4116  1 .1308654E+07   4000020E-01 -.1147E+04 -.2505E+04   .9998415 -.0141991 -.0107414
T 4117  1 .1305778E+07   4000020E-01 -.6970E+03 -.7178E+04   .9988539 -.0407671 -.0250802
T 4118  1 .1313164E+07   4000010E-01 -.5371E+04 -.6007E+04   .9992503 -.0182584 -.0341381
T 4119  1 .1318191E+07   4000016E-01  .5617E+04  .5111E+04   .9993033 -.0021923  .0372583
T 4120  1 .1315243E+07   4000000E-01  .2815E+04  .6151E+04   .9962928  .0037273  .0859462
T 4121  1 .1289786E+07   4000015E-01 -.3086E+03 -.4800E+04   .9990481 -.0230396 -.0370428
T 4122  1 .1306340E+07   4000003E-01  .3035E+04  .2020E+04   .9994798  .0197642  .0254836
T 4123  1 .1314934E+07   4000019E-01  .3170E+04  .1620E+05   .9997164 -.0031114  .0236103
T 4124  1 .1302752E+07   4000016E-01 -.8536E+04  .6079E+04   .9992506 -.0125747  .0366063
T 4125  1 .1319261E+07   4000016E-01 -.7556E+03 -.9785E+03   .9993628 -.0295653 -.0199986
T 4126  1 .1321288E+07   4000006E-01 -.4551E+04 -.7405E+04   .9992489 -.0211173 -.0324927
T 4127  1 .1266105E+07   4000019E-01  .2715E+03 -.4756E+03   .9818818  .1893240  .0080366
T 4128  1 .1315602E+07   4000015E-01 -.2031E+04  .2486E+04   .9999940  .0020782  .0027777
T 4129  1 .1340221E+07   4000006E-01 -.7533E+03 -.1786E+04   .9999951  .0003571 -.0031096
T 4130  1 .1295954E+07   4000023E-01 -.1327E+04 -.2182E+04   .9985065 -.0160683 -.0522171
T 4131  1 .1328144E+07   4000019E-01 -.1114E+04  .4037E+04   .9999883 -.0006931  .0047896
T 4132  1 .1357896E+07   4000020E-01 -.3766E+04 -.1462E+04   .9998776 -.0151537 -.0039029
T 4133  1 .1268197E+07   4000002E-01  .1491E+04 -.2524E+03   .9997521  .0202743 -.0092010
T 4134  1 .1322797E+07   4000008E-01 -.1979E+04  .1919E+04   .9999767 -.0061121 -.0030436
T 4135  1 .1322974E+07   4000009E-01  .9718E+04 -.1626E+04   .9984714  .0552698 -.0002364
T 4136  1 .1322954E+07   4000018E-01 -.4395E+04  .5963E+03   .9998660 -.0162113  .0022716
T 4137  1 .1300451E+07   4000010E-01 -.2791E+04  .6816E+04   .9988154 -.0288263  .0392031
T 4138  1 .1334447E+07   4000006E-01 -.1007E+04 -.2325E+04   .9996870 -.0040292 -.0246897
T 4139  1 .1318107E+07   4000021E-01 -.4977E+04  .2481E+04   .9996433 -.0130740  .0232879
T 4140  1 .1322104E+07   4000006E-01  .3063E+04 -.1468E+03   .9999813 -.0047725  .0038287
T 4141  1 .1327404E+07   4000011E-01  .7621E+04 -.1149E+05   .9972854  .0371222 -.0635910
T 4142  1 .1317110E+07   4000007E-01 -.1326E+05 -.5915E+02   .9990414 -.0437404  .0017750
T 4143  1 .1280105E+07   4000011E-01  .1474E+05 -.1610E+05   .9962448  .0542944 -.0674426
T 4144  1 .1341695E+07   4000020E-01  .6519E+04  .8153E+04   .9983027  .0396005  .0427029
T 4145  1 .1326136E+07   4000021E-01 -.3569E+04 -.4147E+04   .9997824 -.0152570 -.0142244
T 4146  1 .1268779E+07   4000019E-01 -.4677E+04  .9925E+04   .9989035 -.0230536  .0407480
T 4147  1 .1293482E+07   4000018E-01  .2646E+04  .1159E+04   .9958959  .0791571  .0438797
T 4148  1 .1335299E+07   4000016E-01 -.4940E+04  .6658E+04   .9993765 -.0252979  .0246281
T 4149  1 .1297697E+07   4000001E-01 -.6772E+03 -.5066E+03   .9999952  .0026631 -.0015682
T 4150  1 .1338416E+07   4000001E-01 -.1813E+04  .6852E+03   .9999099 -.0122890 -.0053940
T 4151  1 .1280391E+07   4000011E-01  .3604E+04 -.8129E+02   .9997262  .0175489 -.0154801
T 4152  1 .1286046E+07   4000020E-01  .3626E+03 -.3318E+04   .9988742 -.0350341 -.0319835
T 4153  1 .1304397E+07   4000018E-01  .2435E+04 -.2293E+04   .9998565  .0160724 -.0053494
T 4154  1 .1341204E+07   4000022E-01  .2219E+04  .8155E+04   .9988787  .0022533  .0472887
T 4155  1 .1286113E+07   4000011E-01 -.9387E+03  .2343E+04   .9998608 -.0135090 -.0097891
T 4156  1 .1334700E+07   4000021E-01 -.9549E+03  .1340E+04   .9999066 -.0051709  .0126508
T 4157  1 .1317517E+07   4000000E-01  .9230E+04  .1201E+05   .9990322  .0153800  .0412076
T 4158  1 .1330238E+07   4000007E-01 -.8903E+03 -.3203E+04   .9998039 -.0123956 -.0154414
T 4159  1 .1314121E+07   4000020E-01  .3198E+04  .8627E+03   .9999879 -.0002828 -.0049071
T 4160  1 .1298026E+07   4000008E-01 -.4051E+04 -.3224E+04   .9996806 -.0217781 -.0128195
T 4161  1 .1308729E+07   4000000E-01  .3672E+04 -.6684E+04   .9990530  .0115036 -.0419617
T 4162  1 .1297334E+07   4000021E-01 -.2613E+04 -.3848E+04   .9999551 -.0080871 -.0049384
T 4163  1 .1339830E+07   4000005E-01  .1212E+04  .2928E+04   .9999622  .0083901  .0022984
T 4164  1 .1310433E+07   4000016E-01  .9463E+04 -.6566E+04   .9993963  .0294360 -.0184560
T 4165  1 .1321143E+07   4000019E-01 -.3570E+04 -.2993E+04   .9993737 -.0316007 -.0159265
T 4166  1 .1320890E+07   4000017E-01 -.7809E+03 -.1429E+04   .9999801  .0054543  .0031720
T 4167  1 .1339538E+07   4000005E-01  .1030E+04 -.9048E+03   .9999811  .0060403  .0011489
T 4168  1 .1306512E+07   4000007E-01  .5825E+04  .8826E+03   .9993391  .0346115  .0111082
T 4169  1 .1337393E+07   4000018E-01  .7570E+04 -.3851E+04   .9996436  .0225299 -.0143199
T 4170  1 .1327845E+07   4000004E-01 -.1953E+04 -.9779E+03   .9997155 -.0139333 -.0193585
T 4171  1 .1343011E+07   4000009E-01 -.1356E+04 -.5529E+03   .9999387 -.0108680 -.0021109
T 4172  1 .1314198E+07   4000008E-01 -.4074E+04  .2174E+04   .9999097 -.0114369 -.0070507
T 4173  1 .1347753E+07   4000001E-01 -.1078E+04 -.3010E+04   .9997155 -.0019250 -.0237745
T 4174  1 .1343879E+07   4000016E-01  .5292E+04  .2435E+04   .9998979 -.0042780  .0136314
T 4175  1 .1291595E+07   4000006E-01  .1566E+04 -.4886E+03   .9998144  .0171047  .0088705
T 4176  1 .1326005E+07   4000007E-01  .1594E+03 -.1598E+04   .9999744 -.0021698  .0068182
T 4177  1 .1281255E+07   4000009E-01  .3455E+04  .2867E+04   .9997774  .0055462  .0203574
T 4178  1 .1298333E+07   4000021E-01 -.5706E+04  .1805E+04   .9995989 -.0283179  .0003829
T 4179  1 .1325964E+07   4000010E-01  .2087E+03 -.1248E+04   .9998574  .0012732 -.0168372
T 4180  1 .1320480E+07   4000022E-01  .3538E+03 -.3540E+04   .9990078  .0090176 -.0436132
T 4181  1 .1278289E+07   4000021E-01 -.1129E+05 -.7669E+04   .9990248 -.0343826 -.0276989
T 4182  1 .1325796E+07   4000005E-01 -.6505E+03  .1543E+04   .9991257 -.0415471  .0046445
T 4183  1 .1289608E+07   4000009E-01 -.6221E+04  .2117E+04   .9997605 -.0198712  .0091697
T 4184  1 .1320449E+07   4000005E-01  .5252E+03  .1141E+05   .9988817  .0012189  .0472643
T 4185  1 .1316216E+07   4000022E-01  .3409E+04  .3663E+03   .9998316  .0082060 -.0164129
T 4186  1 .1328140E+07   4000021E-01 -.5015E+04  .4692E+04   .9995739 -.0245587  .0157734
T 4187  1 .1297180E+07   4000009E-01  .4877E+04  .1540E+04   .9992930  .0240410  .0289063
T 4188  1 .1271282E+07   4000000E-01 -.1334E+04  .8887E+03   .9998638  .0000660  .0165022
T 4189  1 .1270911E+07   4000022E-01 -.4491E+04 -.5488E+03   .9990901 -.0424461 -.0041649
T 4190  1 .1251701E+07   4000004E-01 -.1844E+04 -.4989E+03   .9999743 -.0064861 -.0030544
T 4191  1 .1378930E+07   4000019E-01 -.4937E+04  .1850E+04   .9993801 -.0316933  .0153286
T 4192  1 .1348681E+07   4000013E-01 -.1430E+04 -.1204E+04   .9999411 -.0041078 -.0100459
T 4193  1 .1330032E+07   4000022E-01 -.3633E+04  .3235E+04   .9998759 -.0079210 -.0136201
T 4194  1 .1320618E+07   4000012E-01  .5434E+04 -.4626E+04   .9988096  .0439228 -.0212177
T 4195  1 .1348055E+07   4000006E-01 -.2440E+04  .3874E+04   .9995591 -.0125042  .0269293
T 4196  1 .1316893E+07   4000021E-01 -.1781E+04  .8828E+03   .9998429 -.0177120  .0006910
T 4197  1 .1290841E+07   4000021E-01  .3077E+04  .1585E+04   .9992407  .0130835  .0366997
T 4198  1 .1351441E+07   4000018E-01  .3775E+03  .2696E+04   .9996212  .0225191  .0158203
T 4199  1 .1314297E+07   4000001E-01  .1182E+04 -.1793E+04   .9997094  .0152308 -.0186866
T 4200  1 .1315554E+07   4000013E-01  .3535E+03 -.1685E+04   .9997918  .0012014 -.0203716
T 4201  1 .1298957E+07   4000002E-01  .8802E+04  .4943E+04   .9985258  .0114357  .0530607
T 4202  1 .1307854E+07   4000013E-01 -.3439E+04 -.3924E+04   .9997427 -.0221431  .0049267
T 4203  1 .1326778E+07   4000000E-01 -.3393E+03  .2385E+04   .9998366 -.0000735  .0180766
T 4204  1 .1319057E+07   4000018E-01  .7473E+04 -.4016E+04   .9984988  .0489600 -.0245562
T 4205  1 .1304270E+07   4000015E-01  .8071E+04 -.3758E+04   .9981168  .0598203 -.0135794
T 4206  1 .1294483E+07   4000007E-01  .5629E+04 -.3064E+04   .9993224  .0327902 -.0167173
T 4207  1 .1334555E+07   4000023E-01  .2291E+04  .2110E+04   .9998256  .0025765  .0184978
T 4208  1 .1356917E+07   4000022E-01  .2552E+04  .2719E+04   .9999915 -.0037540  .0017086
T 4209  1 .1327974E+07   4000022E-01 -.1057E+04  .2039E+04   .9999119 -.0039849  .0126593
T 4210  1 .1288459E+07   4000009E-01 -.4225E+04  .1882E+05   .9960266 -.0269262  .0848886
T 4211  1 .1307869E+07   4000007E-01  .3378E+03  .3512E+04   .9999634 -.0024040  .0082061
T 4212  1 .1317949E+07   4000017E-01 -.6382E+02 -.3867E+04   .9997130 -.0004902 -.0239523
T 4213  1 .1293849E+07   4000021E-01 -.1086E+05 -.3821E+04   .9973404 -.0549068 -.0479299
T 4214  1 .1326093E+07   4000018E-01  .1163E+04 -.1180E+04   .9993541 -.0145053  .0328791
T 4215  1 .1314381E+07   4000017E-01 -.1036E+05 -.9801E+04   .9948771 -.0131365 -.1002351
T 4216  1 .1319587E+07   4000015E-01  .7038E+04 -.3433E+04   .9997917  .0112163 -.0170504
T 4217  1 .1282002E+07   4000021E-01  .3739E+04 -.5204E+03   .9999672  .0073607 -.0033857
T 4218  1 .1327917E+07   4000007E-01  .1826E+04  .6772E+03   .9999239  .0108692  .0058412
T 4219  1 .1331694E+07   4000020E-01  .4808E+04  .2764E+04   .9997063  .0150863  .0189641
T 4220  1 .1302296E+07   4000017E-01 -.3757E+04 -.7144E+04   .9993865 -.0210230 -.0280132
T 4221  1 .1301520E+07   4000008E-01  .2327E+05 -.1374E+04   .9843128  .1740832 -.0286943
T 4222  1 .1302096E+07   4000018E-01  .1231E+03  .6413E+03   .9999781  .0055399 -.0036087
T 4223  1 .1342635E+07   4000000E-01  .1372E+04 -.5312E+04   .9998728 -.0019782 -.0158280
T 4224  1 .1314390E+07   4000014E-01 -.9288E+04  .3984E+04   .9992436 -.0338498  .0191403
T 4225  1 .1311892E+07   4000020E-01  .4572E+04 -.5464E+04   .9991351  .0364218 -.0200648
T 4226  1 .1307250E+07   4000001E-01  .2697E+04  .2199E+04   .9993252  .0256802  .0262612
T 4227  1 .1284925E+07   4000009E-01  .2449E+04  .6786E+03   .9998598  .0118057  .0118714
T 4228  1 .1304380E+07   4000014E-01 -.4783E+04 -.8091E+02   .9998516 -.0044902 -.0166306
T 4229  1 .1284832E+07   4000016E-01 -.8344E+03 -.2658E+04   .9998898  .0067290 -.0132352
T 4230  1 .1289092E+07   4000018E-01  .1501E+04  .2181E+04   .9999963  .0026845  .0004439
T 4231  1 .1311007E+07   4000016E-01 -.8988E+04  .5588E+03   .9994823 -.0321570 -.0010606
T 4232  1 .1295083E+07   4000018E-01 -.2426E+04 -.2225E+04   .9997474 -.0154318 -.0163404
T 4233  1 .1331549E+07   4000021E-01  .9209E+03  .5669E+04   .9994167  .0052685  .0337403
T 4234  1 .1306871E+07   4000021E-01  .2521E+04 -.2170E+04   .9988192  .0408625 -.0262777
T 4235  1 .1298913E+07   4000001E-01 -.3107E+04  .5098E+04   .9945606 -.0257450  .1009273
T 4236  1 .1328933E+07   4000017E-01  .1542E+04 -.3122E+04   .9996684  .0068776 -.0248136
T 4237  1 .1320077E+07   4000019E-01  .1773E+04  .2546E+03   .9999415  .0103898 -.0030124
T 4238  1 .1339092E+07   4000019E-01  .2435E+04  .6989E+04   .9996719  .0092305  .0238934
T 4239  1 .1286028E+07   4000021E-01  .6310E+03 -.4970E+04   .9998221 -.0042018 -.0183854
T 4240  1 .1304033E+07   4000012E-01  .7190E+04 -.7890E+04   .9984660  .0429042 -.0349985
T 4241  1 .1314572E+07   4000006E-01 -.8071E+04 -.9239E+04   .9966452 -.0708140 -.0410333
T 4242  1 .1279617E+07   4000010E-01 -.2525E+04 -.6020E+03   .9999411  .0033904 -.0103112
T 4243  1 .1286313E+07   4000019E-01 -.3704E+03  .1542E+04   .9998481 -.0136950  .0107826
T 4244  1 .1289398E+07   4000015E-01 -.1651E+04  .1226E+04   .9994254 -.0335607  .0047506
T 4245  1 .1302856E+07   4000019E-01 -.7764E+04 -.1091E+04   .9997105 -.0207675 -.0121470
T 4246  1 .1330884E+07   4000012E-01  .5026E+04 -.5059E+04   .9998068  .0097875 -.0170438
T 4247  1 .1275428E+07   4000000E-01  .1744E+04 -.1897E+04   .9999856 -.0004841 -.0053378
T 4248  1 .1307803E+07   4000020E-01  .1354E+04  .2828E+04   .9997370  .0046179  .0224618
T 4249  1 .1307048E+07   4000000E-01 -.1386E+04 -.5742E+03   .9999891  .0009572  .0045749
T 4250  1 .1321288E+07   4000017E-01  .2949E+03  .2203E+03   .9999885  .0018777  .0044229
T 4251  1 .1309990E+07   4000021E-01  .3441E+04  .4974E+04   .9996975  .0159303  .0187370
T 4252  1 .1326109E+07   4000017E-01 -.1578E+03 -.2433E+02   .9998013 -.0015334 -.0198772
T 4253  1 .1268695E+07   4000017E-01  .1560E+04  .2905E+04   .9998336  .0136530  .0120966
T 4254  1 .1355714E+07   4000015E-01 -.7377E+04  .1497E+04   .9999371 -.0112175  .0001249
T 4255  1 .1288033E+07   4000016E-01 -.5059E+03 -.4345E+04   .9996708 -.0041861 -.0253140
T 4256  1 .1300245E+07   4000019E-01  .4525E+04  .4884E+04   .9996778  .0223761  .0119819
T 4257  1 .1279150E+07   4000016E-01  .4980E+04 -.4818E+04   .9994383  .0227052 -.0246478
T 4258  1 .1320990E+07   4000022E-01 -.4766E+04  .3387E+04   .9997907 -.0175805  .0104624
T 4259  1 .1333411E+07   4000016E-01  .2657E+03 -.3932E+03   .9989970  .0367335 -.0256056
T 4260  1 .1299916E+07   4000007E-01 -.1114E+04  .1233E+03   .9999405  .0044598  .0099575
T 4261  1 .1322831E+07   4000003E-01  .2278E+04  .3243E+04   .9998855 -.0045765  .0144233
T 4262  1 .1294275E+07   4000003E-01  .9309E+03  .8457E+04   .9990980  .0102405  .0412103
T 4263  1 .1307846E+07   4000020E-01 -.4701E+04  .2752E+04   .9999345 -.0074565  .0086872
T 4264  1 .1308481E+07   4000003E-01  .8366E+03  .6207E+04   .9996913 -.0062668  .0240421
T 4265  1 .1279970E+07   4000003E-01 -.1063E+04 -.2588E+04   .9996315 -.0043909 -.0267882
T 4266  1 .1314680E+07   4000009E-01 -.3616E+03 -.2289E+03   .9997575  .0161202 -.0150058
T 4267  1 .1305659E+07   4000020E-01  .9548E+04  .7507E+04   .9972796  .0575202  .0460958
T 4268  1 .1285115E+07   4000001E-01  .2621E+04  .2432E+04   .9995087  .0309331 -.0050546
T 4269  1 .1326839E+07   4000022E-01 -.3403E+04 -.1577E+04   .9996507 -.0217209 -.0150571
T 4270  1 .1314385E+07   4000006E-01  .1858E+04  .3719E+04   .9996159 -.0022464  .0276230
T 4271  1 .1289924E+07   4000016E-01  .3284E+04 -.4931E+04   .9995705  .0116295 -.0269011
T 4272  1 .1349113E+07   4000009E-01  .2227E+04  .7143E+04   .9991383  .0047057  .0412384
T 4273  1 .1325847E+07   4000019E-01 -.1226E+04 -.2976E+03   .9999675 -.0018817  .0078340
T 4274  1 .1311758E+07   4000013E-01 -.4665E+04  .8487E+04   .9994391 -.0280605  .0182782
T 4275  1 .1315572E+07   4000018E-01 -.4418E+04  .2936E+04   .9995861 -.0013620 -.0287362
T 4276  1 .1323511E+07   4000021E-01  .1434E+04  .4900E+02   .9999956 -.0029603  .0003032
T 4277  1 .1308991E+07   4000002E-01  .2257E+04 -.3110E+04   .9996264  .0242576 -.0125966
T 4278  1 .1324614E+07   4000011E-01  .2116E+04  .5281E+02   .9998345  .0177201  .0041172
T 4279  1 .1315315E+07   4000013E-01  .3467E+04  .8879E+03   .9998526  .0159961  .0062336
T 4280  1 .1279421E+07   4000009E-01 -.4735E+04  .1877E+04   .9995405 -.0292356  .0080100
T 4281  1 .1291468E+07   4000010E-01  .3184E+04  .5033E+04   .9993252  .0196475  .0310343
T 4282  1 .1343950E+07   4000010E-01  .2544E+04  .3826E+03   .9997844  .0166482 -.0124079
T 4283  1 .1326224E+07   4000003E-01 -.6705E+03 -.7938E+03   .9999985  .0008351  .0014947
T 4284  1 .1328909E+07   4000005E-01  .4736E+04  .1801E+04   .9986136  .0351492  .0391842
T 4285  1 .1327030E+07   4000020E-01 -.7898E+03  .4271E+04   .9996866 -.0038312  .0247391
T 4286  1 .1362990E+07   4000003E-01 -.1308E+04 -.1398E+04   .9998661 -.0132430 -.0096080
T 4287  1 .1304305E+07   4000010E-01  .7768E+03  .3280E+04   .9996626 -.0110917  .0234855
T 4288  1 .1294907E+07   4000008E-01 -.2981E+04 -.6771E+03   .9998957 -.0144117 -.0008964
T 4289  1 .1304365E+07   4000019E-01 -.1785E+04 -.3357E+04   .9999093  .0131133 -.0030599
T 4290  1 .1314290E+07   4000020E-01 -.1321E+04  .2148E+04   .9997228  .0200263  .0123809
T 4291  1 .1334042E+07   4000012E-01  .6145E+03  .3571E+04   .9999335  .0044587  .0106361
T 4292  1 .1299349E+07   4000008E-01  .2538E+03  .4560E+03   .9999579  .0054532  .0073785
T 4293  1 .1337579E+07   4000012E-01 -.1755E+04  .1935E+04   .9999523 -.0085285  .0047621
T 4294  1 .1317247E+07   4000011E-01 -.2774E+04  .1384E+04   .9999197 -.0112480  .0058331
T 4295  1 .1288807E+07   4000004E-01 -.3380E+04 -.2678E+04   .9998023 -.0164995  .0110932
T 4296  1 .1301236E+07   4000022E-01  .6237E+04 -.5065E+04   .9995890  .0142098 -.0248967
T 4297  1 .1304503E+07   4000005E-01  .2779E+04  .2808E+04   .9990846  .0264921  .0335863
T 4298  1 .1291832E+07   4000006E-01 -.2197E+04  .7922E+03   .9999750  .0064329  .0029472
T 4299  1 .1304126E+07   4000017E-01  .3406E+04  .1401E+05   .9987768  .0160290  .0467754
T 4300  1 .1332644E+07   4000009E-01  .1237E+04  .9013E+02   .9998111  .0133586  .0141146
T 4301  1 .1349772E+07   4000004E-01 -.1075E+03 -.2287E+04   .9996772 -.0045795 -.0249915
T 4302  1 .1302988E+07   4000009E-01 -.6405E+04 -.1621E+04   .9994449 -.0321283 -.0088101
T 4303  1 .1287206E+07   4000019E-01  .1079E+04 -.1784E+04   .9998355  .0110858  .0143528
T 4304  1 .1339363E+07   4000007E-01  .4961E+04 -.6194E+04   .9993995  .0173491 -.0299928
T 4305  1 .1286964E+07   4000008E-01 -.3780E+04 -.2392E+04   .9997363 -.0197731 -.0116805
T 4306  1 .1271375E+07   4000019E-01 -.6961E+04  .4675E+04   .9993419 -.0355372  .0072773
T 4307  1 .1302554E+07   4000020E-01  .1124E+04  .2370E+04   .9999420  .0102913  .0031824
T 4308  1 .1290335E+07   4000018E-01 -.5117E+04  .9992E+03   .9991705 -.0377732 -.0152122
T 4309  1 .1313127E+07   4000018E-01  .5270E+04 -.7673E+03   .9989985  .0401606 -.0197277
T 4310  1 .1287895E+07   4000018E-01 -.1028E+05  .4669E+04   .9989813 -.0449499  .0039886
T 4311  1 .1308103E+07   4000016E-01 -.5458E+04 -.2925E+04   .9990467 -.0406204 -.0159877
T 4312  1 .1315692E+07   4000021E-01  .2897E+04 -.3325E+04   .9992810 -.0001289 -.0379136
T 4313  1 .1313043E+07   4000017E-01  .2371E+04 -.3422E+04   .9997890  .0065829 -.0194568
T 4314  1 .1300531E+07   4000000E-01  .4878E+04 -.2038E+04   .9999085  .0040668 -.0128986
T 4315  1 .1265780E+07   4000000E-01 -.2931E+03  .2976E+03   .9999378 -.0054437  .0097394
T 4316  1 .1280781E+07   4000001E-01  .7713E+03  .6784E+04   .9996892  .0067212  .0240085
T 4317  1 .1294100E+07   4000011E-01 -.3766E+02 -.7785E+02   .9999960  .0019787  .0020160
T 4318  1 .1361842E+07   4000019E-01  .1377E+04  .1123E+04   .9999096  .0089295 -.0100524
T 4319  1 .1321995E+07   4000000E-01  .3793E+04 -.4375E+04   .9866234  .1221360 -.1079683
T 4320  1 .1272589E+07   4000007E-01  .1139E+04  .1978E+04   .9999772  .0018668  .0064941
T 4321  1 .1319705E+07   4000011E-01 -.2665E+03  .3390E+04   .9995944  .0085214  .0271729
T 4322  1 .1327515E+07   4000008E-01 -.3268E+04  .1436E+04   .9996809 -.0189160  .0167430
T 4323  1 .1318014E+07   4000022E-01 -.4542E+04 -.1946E+04   .9999351 -.0100657 -.0053436
T 4324  1 .1292480E+07   4000007E-01  .4983E+04  .2806E+04   .9998797  .0150009  .0039402
T 4325  1 .1306909E+07   4000012E-01 -.1194E+02 -.2618E+04   .9999783  .0051354 -.0041146
T 4326  1 .1280634E+07   4000004E-01 -.4537E+03  .1125E+05   .9991938  .0028491  .0400464
T 4327  1 .1312269E+07   4000001E-01 -.6653E+04 -.8390E+04   .9994371 -.0146540 -.0301782
T 4328  1 .1294261E+07   4000013E-01 -.3379E+04  .6801E+03   .9999793 -.0042102  .0048616
T 4329  1 .1276739E+07   4000019E-01 -.1436E+04  .2211E+04   .9998716  .0058890  .0149056
T 4330  1 .1299875E+07   4000006E-01  .8031E+03  .8143E+03   .9999948 -.0032269 -.0001856
T 4331  1 .1336828E+07   4000018E-01 -.6017E+03  .6756E+04   .9990085  .0235433  .0377848
T 4332  1 .1284679E+07   4000013E-01 -.4086E+04  .7013E+04   .9994620 -.0226561  .0237172
T 4333  1 .1345807E+07   4000005E-01 -.6675E+03  .2236E+04   .9999361  .0059525  .0096156
T 4334  1 .1323377E+07   4000021E-01  .1335E+04  .3906E+04   .9997695  .0175283  .0123985
T 4335  1 .1301845E+07   4000015E-01  .5464E+04 -.8653E+03   .9999902  .0035406  .0026521
T 4336  1 .1345184E+07   4000007E-01 -.3827E+04 -.3588E+04   .9994081 -.0129958 -.0318531
T 4337  1 .1285101E+07   4000016E-01 -.6268E+05  .2985E+05   .9829190 -.1664391  .0785379
T 4338  1 .1323321E+07   4000021E-01 -.3294E+04  .2376E+04   .9986498 -.0349215  .0384578
T 4339  1 .1317948E+07   4000000E-01  .2082E+04  .6798E+04   .9996619  .0192731  .0174520
T 4340  1 .1286476E+07   4000007E-01 -.5638E+04  .4224E+04   .9977624 -.0611706  .0269877
T 4341  1 .1354226E+07   4000003E-01 -.2612E+04  .3476E+04   .9999043 -.0045276  .0130712
T 4342  1 .1291458E+07   4000021E-01 -.4700E+04  .4457E+04   .9996696 -.0067348  .0248050
T 4343  1 .1290201E+07   4000009E-01 -.4469E+04  .4828E+03   .9997996 -.0195292  .0043992
T 4344  1 .1301275E+07   4000011E-01  .1806E+04 -.6774E+03   .9998935  .0127272  .0071411
T 4345  1 .1340203E+07   4000020E-01 -.2090E+04 -.5356E+04   .9999206  .0083395 -.0094520
T 4346  1 .1322760E+07   4000012E-01  .4272E+04 -.1317E+04   .9997470  .0193321 -.0114978
T 4347  1 .1286700E+07   4000014E-01 -.2147E+04 -.1331E+03   .9996920 -.0245602  .0035593
T 4348  1 .1314690E+07   4000019E-01  .4780E+04 -.3515E+04   .9979296  .0610735 -.0201624
T 4349  1 .1305590E+07   4000011E-01 -.8378E+03 -.8052E+03   .9993469 -.0358867 -.0042244
T 4350  1 .1279186E+07   4000018E-01  .9624E+04 -.4239E+04   .9971734  .0713582 -.0235220
T 4351  1 .1307739E+07   4000002E-01 -.1970E+04 -.1176E+02   .9999854  .0047434 -.0025739
T 4352  1 .1317385E+07   4000001E-01  .3178E+04 -.1550E+04   .9997684  .0158789 -.0145280
T 4353  1 .1298320E+07   4000017E-01 -.1538E+04 -.1982E+04   .9999668 -.0063124  .0051480
T 4354  1 .1330220E+07   4000020E-01  .6622E+04 -.1528E+04   .9997944  .0202756  .0003604
T 4355  1 .1294540E+07   4000020E-01  .5553E+03 -.5882E+04   .9976623 -.0253658 -.0634550
T 4356  1 .1322240E+07   4000012E-01 -.8271E+04  .2778E+04   .9995631 -.0247628  .0161370
T 4357  1 .1326942E+07   4000015E-01 -.1904E+04 -.8904E+03   .9999640 -.0029832 -.0079382
T 4358  1 .1340274E+07   4000016E-01 -.1533E+04  .2604E+04   .9997826 -.0082197  .0191610
T 4359  1 .1301982E+07   4000011E-01  .1134E+05 -.3434E+04   .9949325  .1003962  .0054690
T 4360  1 .1312743E+07   4000022E-01  .8508E+04  .1735E+03   .9994088  .0282486  .0195981
T 4361  1 .1303512E+07   4000013E-01 -.2123E+04  .4266E+03   .9999922  .0037084  .0013617
T 4362  1 .1320356E+07   4000018E-01 -.3318E+04 -.3018E+04   .9997314  .0016796 -.0231132
T 4363  1 .1319760E+07   4000022E-01 -.1086E+05 -.1337E+04   .9988970 -.0397744  .0249556
T 4364  1 .1350592E+07   4000022E-01 -.2959E+04 -.6544E+03   .9995778 -.0288137  .0037411
T 4365  1 .1301476E+07   4000017E-01 -.3342E+04 -.1083E+04   .9998516 -.0162405  .0057391
T 4366  1 .1338022E+07   4000021E-01  .3771E+04 -.2226E+04   .9998833  .0127859  .0083554
T 4367  1 .1325994E+07   4000016E-01  .2667E+04  .2301E+04   .9999187  .0112743  .0059621
T 4368  1 .1288758E+07   4000018E-01  .3225E+04 -.1345E+04   .9996538  .0262128 -.0022675
T 4369  1 .1336227E+07   4000008E-01 -.8162E+03  .7620E+03   .9999978  .0012989  .0016344
T 4370  1 .1306720E+07   4000011E-01 -.7537E+03 -.2429E+04   .9998786 -.0081497 -.0132828
T 4371  1 .1296955E+07   4000019E-01 -.2973E+04  .9819E+04   .9997758  .0010163  .0211485
T 4372  1 .1288915E+07   4000023E-01 -.4685E+04  .1339E+03   .9995930 -.0220665  .0180790
T 4373  1 .1310666E+07   4000003E-01 -.3135E+04  .1598E+05   .9950922 -.0264452  .0953527
T 4374  1 .1321945E+07   4000018E-01  .1295E+04  .3577E+04   .9997975  .0174560  .0100091
T 4375  1 .1298494E+07   4000008E-01  .1621E+03 -.2521E+04   .9999292  .0116451 -.0024350
T 4376  1 .1287765E+07   4000022E-01  .2831E+04 -.1889E+04   .9999291  .0103677 -.0058516
T 4377  1 .1305926E+07   4000006E-01 -.7248E+04  .1717E+04   .9995616 -.0295197  .0022829
T 4378  1 .1347968E+07   4000017E-01  .1375E+04  .2517E+04   .9999786  .0023050 -.0061283
T 4379  1 .1286434E+07   4000001E-01 -.1622E+04  .7433E+03   .9999862 -.0032291 -.0041464
T 4380  1 .1299101E+07   4000014E-01 -.5927E+04  .4445E+04   .9993349 -.0274028  .0240611
T 4381  1 .1296888E+07   4000020E-01  .6300E+03  .9207E+03   .9998581  .0052964  .0159888
T 4382  1 .1338754E+07   4000002E-01 -.1044E+04 -.2706E+04   .9999191 -.0117334 -.0049084
T 4383  1 .1231821E+07   4000002E-01 -.6583E+03 -.5008E+04   .9994335 -.0071011 -.0328976
T 4384  1 .1300709E+07   4000001E-01  .9006E+03  .5222E+04   .9992869  .0013065  .0377364
T 4385  1 .1310575E+07   4000003E-01 -.9311E+03 -.2050E+04   .9999570  .0092673 -.0003230
T 4386  1 .1314540E+07   4000000E-01  .3752E+04 -.3026E+04   .9997625  .0216402 -.0025929
T 4387  1 .1285283E+07   4000020E-01 -.3543E+04  .4026E+04   .9996435 -.0262186  .0050435
T 4388  1 .1313608E+07   4000003E-01 -.2651E+04 -.2613E+04   .9994495 -.0069630 -.0324384
T 4389  1 .1278185E+07   4000000E-01  .3172E+05 -.2556E+05   .9920049  .1034241 -.0723162
T 4390  1 .1373660E+07   4000003E-01 -.2349E+04  .2509E+03   .9998766 -.0132467 -.0084404
T 4391  1 .1318579E+07   4000009E-01 -.3680E+04 -.5869E+03   .9996199 -.0133553 -.0241165
T 4392  1 .1339183E+07   4000020E-01  .1644E+04 -.4728E+03   .9999792  .0062413 -.0016037
T 4393  1 .1314870E+07   4000021E-01  .3649E+04  .6342E+03   .9999866  .0050219 -.0012535
T 4394  1 .1344729E+07   4000010E-01  .4352E+04  .9381E+04   .9981970  .0340033  .0494613
T 4395  1 .1333350E+07   4000014E-01  .3576E+04  .4146E+04   .9981112  .0096108  .0606761
T 4396  1 .1315708E+07   4000017E-01 -.4038E+04  .5351E+04   .9999106 -.0069050  .0114506
T 4397  1 .1337183E+07   4000005E-01  .2715E+04  .4400E+04   .9984014  .0130479  .0549942
T 4398  1 .1303764E+07   4000018E-01  .2088E+04  .9648E+03   .9999459  .0100162  .0027932
T 4399  1 .1267518E+07   4000009E-01 -.3989E+04  .2959E+04   .9998211 -.0162037  .0097583
T 4400  1 .1314795E+07   4000016E-01 -.5034E+04  .3643E+04   .9996872 -.0250083 -.0003522
T 4401  1 .1301182E+07   4000002E-01 -.2419E+04 -.4019E+04   .9994237 -.0210327 -.0266428
T 4402  1 .1294451E+07   4000013E-01  .1441E+04  .5093E+04   .9990748 -.0031356  .0428930
T 4403  1 .1292322E+07   4000000E-01  .7016E+03 -.7693E+04   .9988543  .0091511 -.0469721
T 4404  1 .1324911E+07   4000002E-01 -.1049E+04  .2263E+04   .9999409 -.0108516  .0006403
T 4405  1 .1317564E+07   4000020E-01 -.2471E+03 -.2121E+04   .9999379 -.0085270 -.0071706
T 4406  1 .1323627E+07   4000018E-01  .1423E+04  .1849E+04   .9998507 -.0094498  .0144636
T 4407  1 .1301858E+07   4000018E-01 -.2773E+04  .5365E+04   .9993120 -.0308169  .0206350
T 4408  1 .1267576E+07   4000014E-01 -.1023E+03 -.2437E+04   .9997727 -.0007470 -.0213086
T 4409  1 .1296752E+07   4000013E-01 -.3454E+04  .3082E+03   .9997715 -.0189988  .0097967
T 4410  1 .1316597E+07   4000012E-01  .2055E+04 -.9471E+04   .9991332  .0048656 -.0413412
T 4411  1 .1309336E+07   4000010E-01 -.4476E+04  .1954E+04   .9997275 -.0173867  .0155769
T 4412  1 .1290098E+07   4000007E-01 -.2243E+04  .3317E+03   .9990599 -.0423559  .0092329
T 4413  1 .1336452E+07   4000018E-01 -.7458E+03  .3434E+04   .9999090  .0005423  .0134770
T 4414  1 .1327710E+07   4000021E-01 -.4012E+04  .5081E+04   .9977180 -.0430546  .0520103
T 4415  1 .1320618E+07   4000000E-01 -.1389E+02 -.1233E+04   .9999455 -.0072611  .0075006
T 4416  1 .1290470E+07   4000015E-01 -.7754E+03  .4812E+04   .9993783 -.0154393  .0316950
T 4417  1 .1316314E+07   4000023E-01  .1693E+04 -.8635E+01   .9997721  .0193430 -.0090366
T 4418  1 .1282305E+07   4000003E-01  .4788E+04 -.1297E+03   .9996788  .0222692  .0121019
T 4419  1 .1348852E+07   4000022E-01 -.3286E+04  .1979E+04   .9998563 -.0135752  .0101570
T 4420  1 .1312218E+07   4000014E-01 -.4829E+03  .2575E+04   .9999701 -.0073773 -.0023380
T 4421  1 .1291364E+07   4000019E-01  .3346E+03  .1710E+04   .9999143  .0017097  .0129809
T 4422  1 .1331348E+07   4000018E-01  .2311E+04 -.4480E+04   .9996122  .0096597 -.0261182
T 4423  1 .1315551E+07   4000011E-01  .2982E+04  .2181E+03   .9996543  .0258945 -.0045540
T 4424  1 .1322017E+07   4000018E-01 -.2160E+04  .3499E+04   .9998493  .0014000  .0173043
T 4425  1 .1307762E+07   4000012E-01  .1493E+03 -.1881E+04   .9998631  .0076410 -.0146747
T 4426  1 .1290176E+07   4000004E-01  .1491E+05 -.1134E+05   .9856615  .1285759 -.1092685
T 4427  1 .1277156E+07   4000011E-01  .5593E+04 -.2961E+04   .9996926  .0208687 -.0133887
T 4428  1 .1364906E+07   4000020E-01  .1990E+04 -.8419E+03   .9998913  .0075587 -.0126627
T 4429  1 .1263827E+07   4000011E-01  .3688E+04 -.2634E+04   .9998813  .0067630 -.0138405
T 4430  1 .1306004E+07   4000003E-01 -.3097E+04 -.7513E+04   .9995504 -.0101519 -.0282138
T 4431  1 .1299738E+07   4000016E-01  .1630E+04 -.1180E+04   .9997843  .0119431 -.0169904
T 4432  1 .1301537E+07   4000007E-01  .1206E+04 -.2568E+04   .9999598 -.0042565 -.0078886
T 4433  1 .1294690E+07   4000012E-01 -.9528E+03  .3466E+04   .9983833 -.0237645  .0516328
T 4434  1 .1277115E+07   4000007E-01 -.5780E+05  .3231E+05   .9650544 -.2280097  .1291575
T 4435  1 .1306537E+07   4000013E-01  .2586E+04  .4145E+04   .9997562  .0219384  .0025016
T 4436  1 .1332409E+07   4000010E-01 -.1085E+04  .2596E+04   .9998781  .0154275  .0024174
T 4437  1 .1260100E+07   4000020E-01 -.7878E+03  .1295E+04   .9999721 -.0042986  .0061162
T 4438  1 .1293117E+07   4000012E-01  .6253E+04 -.5576E+04   .9981033  .0495441 -.0365412
T 4439  1 .1251331E+07   4000014E-01  .1225E+05  .2642E+03   .9623754  .2690608 -.0379455
T 4440  1 .1297126E+07   4000020E-01 -.4481E+02 -.1996E+04   .9999720  .0038676  .0064058
T 4441  1 .1329955E+07   4000007E-01 -.3168E+04 -.9199E+04   .9988847 -.0113300 -.0458357
T 4442  1 .1296864E+07   4000001E-01 -.9382E+04 -.5184E+04   .9990465 -.0414027 -.0138541
T 4443  1 .1279310E+07   4000008E-01 -.1210E+04  .6731E+03   .9999986 -.0016246  .0004800
T 4444  1 .1288027E+07   4000001E-01  .4803E+04 -.4508E+04   .9996651 -.0065802 -.0250260
T 4445  1 .1287806E+07   4000022E-01  .8060E+03  .1659E+03   .9998114  .0079179 -.0177355
T 4446  1 .1320936E+07   4000012E-01 -.2051E+04 -.3371E+04   .9997552  .0029348 -.0219311
T 4447  1 .1275702E+07   4000013E-01  .9389E+03 -.2354E+04   .9999429  .0059942 -.0088459
T 4448  1 .1262606E+07   4000005E-01 -.3435E+04  .4833E+04   .9994243 -.0152397  .0303127
T 4449  1 .1344121E+07   4000004E-01  .3039E+03  .4759E+04   .9996479 -.0038085  .0262613
T 4450  1 .1286588E+07   4000005E-01 -.6855E+03 -.3596E+03   .9999456  .0101052  .0025997
T 4451  1 .1310776E+07   4000018E-01 -.2980E+04 -.1142E+04   .9998501 -.0074975 -.0156045
T 4452  1 .1363865E+07   4000010E-01 -.6365E+03  .4536E+04   .9953634 -.0951310  .0142045
T 4453  1 .1320526E+07   4000001E-01  .2453E+03 -.5707E+04   .9980842  .0294616 -.0544046
T 4454  1 .1330907E+07   4000011E-01 -.9462E+03 -.1884E+04   .9999179 -.0053109 -.0116641
T 4455  1 .1318464E+07   4000008E-01 -.1970E+03 -.2156E+04   .9995898 -.0067877 -.0278245
T 4456  1 .1278597E+07   4000017E-01  .4641E+05  .1666E+04   .9647447  .2629526  .0111162
T 4457  1 .1300037E+07   4000007E-01 -.1595E+04  .4612E+04   .9995745 -.0086019  .0278726
T 4458  1 .1299725E+07   4000007E-01 -.6846E+04 -.3233E+04   .9966273 -.0820450 -.0016369
T 4459  1 .1283006E+07   4000014E-01  .2699E+04  .1899E+04   .9999399  .0102888  .0037913
T 4460  1 .1265190E+07   4000019E-01  .3085E+04 -.1973E+04   .9999151  .0130279  .0000318
T 4461  1 .1323438E+07   4000003E-01  .2888E+04 -.2244E+03   .9992597 -.0050656  .0381370
T 4462  1 .1281242E+07   4000018E-01  .4793E+02  .1196E+04   .9999681  .0060774  .0051761
T 4463  1 .1331156E+07   4000016E-01  .5756E+04 -.2418E+04   .9997657  .0191148  .0101537
T 4464  1 .1325024E+07   4000020E-01  .4132E+04  .1287E+04   .9999852  .0034735 -.0041964
T 4465  1 .1280992E+07   4000016E-01  .1347E+04  .1529E+04   .9999931 -.0016159  .0033338
T 4466  1 .1276157E+07   4000022E-01 -.1590E+04 -.1484E+04   .9997926 -.0117727 -.0166200
T 4467  1 .1295859E+07   4000002E-01 -.1857E+04  .1729E+04   .9992775 -.0366728  .0099810
T 4468  1 .1318824E+07   4000016E-01 -.4906E+03 -.2501E+04   .9999966  .0017312 -.0019250
T 4469  1 .1275276E+07   4000002E-01  .5680E+04 -.2296E+04   .9988411  .0449081 -.0173145
T 4470  1 .1321032E+07   4000002E-01 -.1252E+04  .5779E+04   .9995391 -.0030431  .0302045
T 4471  1 .1297167E+07   4000021E-01 -.2543E+04  .2576E+03   .9999938  .0032748 -.0012728
T 4472  1 .1304072E+07   4000014E-01  .4879E+03  .1502E+04   .9997731  .0032285  .0210535
T 4473  1 .1347215E+07   4000001E-01 -.1962E+04 -.1107E+04   .9999987  .0016182  .0000105
T 4474  1 .1313363E+07   4000018E-01 -.5134E+03 -.1508E+04   .9995365  .0303358 -.0025429
T 4475  1 .1295934E+07   4000016E-01 -.1165E+05 -.1468E+04   .9940027 -.1054747  .0288741
T 4476  1 .1311991E+07   4000014E-01  .9478E+04 -.6792E+04   .9982720  .0567144 -.0153755
T 4477  1 .1318507E+07   4000016E-01 -.6580E+04  .3537E+04   .9995352 -.0259170  .0160519
T 4478  1 .1284738E+07   4000014E-01  .2980E+04  .4987E+04   .9991408  .0110517  .0399441
T 4479  1 .1331840E+07   4000001E-01  .8919E+04  .9655E+04   .9989882  .0376139  .0246544
T 4480  1 .1271002E+07   4000014E-01 -.4185E+04 -.5592E+04   .9992936 -.0333936 -.0172371
T 4481  1 .1314058E+07   4000010E-01  .2143E+04  .1643E+04   .9998537  .0074209  .0154107
T 4482  1 .1365302E+07   4000017E-01 -.3004E+04 -.8606E+03   .9998528 -.0153107 -.0077462
T 4483  1 .1335080E+07   4000018E-01  .1438E+04  .9129E+03   .9998911  .0063853  .0133054
T 4484  1 .1322799E+07   4000018E-01 -.3086E+04 -.2750E+04   .9998616 -.0147939 -.0076074
T 4485  1 .1318777E+07   4000001E-01 -.4043E+04  .4154E+04   .9996021 -.0236651  .0153516
T 4486  1 .1324196E+07   4000013E-01  .1484E+04  .1102E+05   .9994907  .0121154  .0295218
T 4487  1 .1316852E+07   4000003E-01 -.2037E+03 -.1380E+04   .9999002 -.0088911 -.0109775
T 4488  1 .1303251E+07   4000010E-01  .4127E+04 -.3437E+04   .9995882  .0269092 -.0099628
T 4489  1 .1338880E+07   4000017E-01 -.2036E+04 -.5129E+04   .9999965 -.0001021 -.0026327
T 4490  1 .1290150E+07   4000001E-01 -.2590E+04  .1635E+03   .9998935 -.0130666  .0065060
T 4491  1 .1307973E+07   4000004E-01  .8334E+04  .1596E+04   .9995485  .0287344  .0087880
T 4492  1 .1351808E+07   4000005E-01  .4968E+04  .3218E+04   .9997749  .0212050 -.0007569
T 4493  1 .1340320E+07   4000000E-01  .3249E+04 -.2434E+04   .9995934  .0239179  .0155260
T 4494  1 .1268965E+07   4000007E-01  .5371E+03 -.4713E+04   .9994921  .0007567 -.0318586
T 4495  1 .1319074E+07   4000019E-01  .3398E+04 -.7640E+04   .9988915  .0310381 -.0353894
T 4496  1 .1330227E+07   4000021E-01 -.5173E+04  .4831E+04   .9996466 -.0238625  .0117171
T 4497  1 .1313626E+07   4000012E-01 -.1538E+04 -.1928E+04   .9996977 -.0244925  .0021368
T 4498  1 .1286850E+07   4000019E-01  .3420E+04  .1014E+05   .9994198  .0043856  .0337764
T 4499  1 .1310819E+07   4000002E-01  .3522E+03 -.3301E+04   .9998861 -.0028788 -.0148153
T 4500  1 .1309401E+07   4000010E-01  .5052E+03 -.5316E+03   .9998358  .0105642 -.0147224
T 4501  1 .1305568E+07   4000008E-01 -.1722E+05 -.2014E+05   .9954166 -.0720157 -.0629242
T 4502  1 .1304327E+07   4000009E-01  .7831E+04  .3554E+04   .9993208  .0337988  .0146817
T 4503  1 .1357734E+07   4000019E-01 -.3147E+04 -.3178E+04   .9999782  .0065899 -.0002849
T 4504  1 .1343674E+07   4000016E-01 -.4524E+03  .1146E+04   .9996666  .0083777  .0244217
T 4505  1 .1323145E+07   4000017E-01  .9769E+03 -.6967E+02   .9998891 -.0148954 -.0001078
T 4506  1 .1313726E+07   4000007E-01  .3846E+04 -.3761E+04   .9999768  .0023362 -.0063962
T 4507  1 .1298289E+07   4000021E-01  .5555E+04  .4452E+04   .9982215  .0467574  .0369795
T 4508  1 .1299412E+07   4000017E-01 -.7195E+04  .2647E+04   .9995382 -.0232388  .0195795
T 4509  1 .1251236E+07   4000016E-01 -.3801E+04  .4303E+04   .9984133 -.0457104  .0328860
T 4510  1 .1342680E+07   4000020E-01  .6875E+03 -.1505E+04   .9989833  .0434047  .0121792
T 4511  1 .1334021E+07   4000007E-01  .5031E+04 -.3533E+04   .9995422  .0288684 -.0090504
T 4512  1 .1276696E+07   4000019E-01  .5401E+04 -.4459E+04   .9995800 -.0024528 -.0288744
T 4513  1 .1292238E+07   4000022E-01  .4378E+04  .2161E+04   .9996044  .0218564  .0176987
T 4514  1 .1322938E+07   4000010E-01  .3127E+04  .1124E+05   .9994883  .0039047  .0317461
T 4515  1 .1298495E+07   4000013E-01  .1347E+04 -.2737E+04   .9999556  .0006130 -.0094059
T 4516  1 .1299306E+07   4000011E-01  .1080E+04  .1658E+03   .9999937 -.0015323  .0032030
T 4517  1 .1360565E+07   4000009E-01  .1989E+04 -.6043E+04   .9998315  .0168065 -.0073868
T 4518  1 .1313775E+07   4000019E-01  .2594E+03 -.8158E+03   .9999184 -.0116840 -.0051676
T 4519  1 .1335595E+07   4000019E-01 -.2992E+04 -.2062E+04   .9998790 -.0044901 -.0148936
T 4520  1 .1324428E+07   4000003E-01  .3123E+03  .1282E+04   .9997167 -.0153638 -.0181800
T 4521  1 .1334666E+07   4000004E-01  .2578E+04  .1353E+03   .9999659  .0047679  .0067381
T 4522  1 .1323235E+07   4000013E-01  .2146E+04 -.1511E+04   .9999551  .0087384 -.0036581
T 4523  1 .1308667E+07   4000008E-01 -.3738E+04  .4741E+04   .9998362 -.0157872  .0088477
T 4524  1 .1311007E+07   4000004E-01  .1706E+03  .2269E+04   .9999580 -.0086251  .0030925
T 4525  1 .1331944E+07   4000013E-01  .3891E+04  .1255E+04   .9998400  .0177017  .0025745
T 4526  1 .1322997E+07   4000009E-01  .4541E+04 -.4199E+04   .9996381  .0248858 -.0102151
T 4527  1 .1335346E+07   4000003E-01  .5343E+03  .1382E+04   .9999577 -.0087696  .0027768
T 4528  1 .1318581E+07   4000012E-01 -.3284E+03 -.6596E+04   .9998013 -.0005615 -.0199284
T 4529  1 .1327310E+07   4000004E-01 -.1118E+04  .4841E+02   .9999597 -.0031106  .0084190
T 4530  1 .1307701E+07   4000000E-01  .6390E+03 -.5055E+04   .9996589  .0052018 -.0255926
T 4531  1 .1263955E+07   4000019E-01 -.4469E+03  .1578E+04   .9999482 -.0080826  .0061804
T 4532  1 .1270041E+07   4000010E-01 -.4865E+04  .9052E+04   .9992131 -.0021976  .0396019
T 4533  1 .1297090E+07   4000017E-01 -.4146E+04 -.4969E+04   .9994430 -.0151292 -.0297466
T 4534  1 .1301116E+07   4000011E-01  .4606E+04 -.6161E+04   .9998405  .0177070 -.0023380
T 4535  1 .1332408E+07   4000011E-01 -.3549E+03  .1427E+03   .9994730 -.0201248  .0254711
T 4536  1 .1276069E+07   4000013E-01 -.1866E+04  .1836E+04   .9996506 -.0188992 -.0184780
T 4537  1 .1306252E+07   4000019E-01 -.2996E+04 -.3437E+04   .9998596 -.0166775 -.0016132
T 4538  1 .1309202E+07   4000019E-01  .4178E+04 -.6451E+04   .9999538  .0030339 -.0091263
T 4539  1 .1319826E+07   4000004E-01  .1256E+04 -.7136E+04   .9989607  .0075553 -.0449483
T 4540  1 .1316086E+07   4000005E-01 -.1795E+04 -.1526E+04   .9999380 -.0005036 -.0111218
T 4541  1 .1341015E+07   4000008E-01  .2012E+04 -.3111E+04   .9997623  .0068688 -.0206905
T 4542  1 .1347798E+07   4000009E-01  .2199E+04 -.6306E+03   .9998408  .0125439 -.0126857
T 4543  1 .1326949E+07   4000002E-01 -.5507E+04  .2195E+04   .9996639 -.0085054  .0244912
T 4544  1 .1322465E+07   4000009E-01  .2200E+04  .1347E+04   .9997137  .0163051  .0175110
T 4545  1 .1313000E+07   4000019E-01  .1884E+04 -.4054E+04   .9989983  .0308716 -.0323937
T 4546  1 .1317343E+07   4000008E-01 -.1831E+04  .1136E+04   .9996717  .0066548 -.0247445
T 4547  1 .1284889E+07   4000009E-01  .1814E+03  .2754E+04   .9999485  .0013374  .0100621
T 4548  1 .1301081E+07   4000021E-01 -.1819E+04  .1583E+04   .9994837  .0265975  .0180237
T 4549  1 .1337486E+07   4000013E-01 -.1268E+04  .2575E+04   .9990023 -.0446051 -.0021924
T 4550  1 .1289153E+07   4000021E-01 -.1013E+04  .4287E+04   .9999815 -.0054793 -.0026353
T 4551  1 .1301279E+07   4000020E-01  .5653E+04  .3264E+04   .9993915  .0345536 -.0047631
T 4552  1 .1331511E+07   4000013E-01  .3048E+04  .1224E+04   .9995367  .0304312 -.0005517
T 4553  1 .1290990E+07   4000019E-01 -.6616E+04  .8830E+03   .9993569 -.0335824  .0125733
T 4554  1 .1318719E+07   4000022E-01  .1076E+04  .9198E+04   .9986730  .0222653  .0464376
T 4555  1 .1340847E+07   4000022E-01 -.3625E+04  .3564E+04   .9995451 -.0168066  .0250432
T 4556  1 .1331537E+07   4000022E-01  .9866E+04  .4428E+04   .9985468  .0392671  .0369115
T 4557  1 .1358244E+07   4000021E-01 -.1458E+04 -.4136E+03   .9997936 -.0064673 -.0192581
T 4558  1 .1273065E+07   4000003E-01 -.8399E+03 -.5125E+02   .9992033 -.0223599  .0330562
T 4559  1 .1265286E+07   4000012E-01  .1641E+04  .1632E+05   .9930459  .0114776  .1171668
T 4560  1 .1331514E+07   4000018E-01 -.3580E+04 -.5123E+04   .9994714 -.0301354 -.0121970
T 4561  1 .1301871E+07   4000007E-01  .3299E+04 -.3457E+04   .9997443  .0085132 -.0209499
T 4562  1 .1306650E+07   4000007E-01 -.2958E+04 -.3001E+04   .9994671 -.0302201  .0123405
T 4563  1 .1288501E+07   4000001E-01  .1592E+04  .3209E+04   .9995259  .0136409  .0276039
T 4564  1 .1309627E+07   4000013E-01  .7158E+03  .5174E+03   .9999992  .0007385 -.0010254
T 4565  1 .1312604E+07   4000007E-01  .5727E+04  .4803E+04   .9983549  .0435558  .0372877
T 4566  1 .1299352E+07   4000016E-01  .5801E+04  .8246E+03   .9999938  .0035032  .0002205
T 4567  1 .1325919E+07   4000016E-01 -.3590E+03 -.4582E+04   .9998040  .0162616 -.0112938
T 4568  1 .1300342E+07   4000011E-01  .7152E+04  .2323E+04   .9994915  .0280766  .0151170
T 4569  1 .1337952E+07   4000008E-01  .1401E+04 -.1166E+04   .9999428 -.0014749  .0105952
T 4570  1 .1322993E+07   4000006E-01 -.2183E+04 -.8159E+02   .9999452 -.0090581 -.0052511
T 4571  1 .1297284E+07   4000022E-01  .1328E+04 -.7753E+03   .9998878 -.0109267  .0102450
T 4572  1 .1322424E+07   4000014E-01  .3301E+04  .1037E+04   .9999321  .0115244  .0017405
T 4573  1 .1316436E+07   4000016E-01 -.3315E+04  .2602E+04   .9977703 -.0547200 -.0382114
T 4574  1 .1351876E+07   4000005E-01 -.4436E+04  .4994E+03   .9995851  .0265915 -.0110711
T 4575  1 .1299861E+07   4000019E-01 -.8633E+04 -.3535E+04   .9992723 -.0372109 -.0083778
T 4576  1 .1327304E+07   4000019E-01  .7649E+03 -.3698E+04   .9989098 -.0162827 -.0437513
T 4577  1 .1331225E+07   4000018E-01  .2678E+04 -.9833E+04   .9982873  .0136449 -.0568880
T 4578  1 .1317766E+07   4000011E-01  .2596E+04 -.6654E+04   .9996150  .0179662 -.0211463
T 4579  1 .1318107E+07   4000012E-01  .1219E+04 -.1611E+04   .9999344  .0101126  .0053848
T 4580  1 .1288276E+07   4000012E-01  .2836E+04 -.2496E+04   .9999423  .0104149 -.0026337
T 4581  1 .1283305E+07   4000019E-01 -.1389E+04 -.5984E+04   .9991858  .0101928 -.0390372
T 4582  1 .1309250E+07   4000019E-01 -.1104E+05  .2482E+04   .9985288 -.0542118 -.0011090
T 4583  1 .1302946E+07   4000022E-01 -.1423E+04  .3655E+01   .9996950 -.0145496 -.0199539
T 4584  1 .1339651E+07   4000022E-01  .2408E+04 -.5660E+04   .9996553  .0066793 -.0253899
T 4585  1 .1325516E+07   4000010E-01 -.5655E+04  .7541E+04   .9991971 -.0369193  .0155632
T 4586  1 .1311519E+07   4000020E-01  .8291E+03  .7855E+03   .9999835 -.0024798  .0051898
T 4587  1 .1338669E+07   4000017E-01 -.3312E+04  .6236E+03   .9997322 -.0229662 -.0028270
T 4588  1 .1331735E+07   4000002E-01 -.2348E+04 -.8195E+03   .9999259 -.0095247 -.0075785
T 4589  1 .1314693E+07   4000004E-01 -.6308E+03 -.8308E+03   .9999230 -.0084632  .0090724
T 4590  1 .1300200E+07   4000001E-01  .8072E+03  .1656E+05   .9988188  .0071598  .0480592
T 4591  1 .1308097E+07   4000020E-01 -.2052E+04 -.1032E+04   .9999022 -.0139127 -.0014059
T 4592  1 .1315589E+07   4000007E-01 -.3381E+04  .2246E+04   .9998396 -.0099466  .0148943
T 4593  1 .1319568E+07   4000000E-01  .7681E+03 -.4212E+04   .9995782  .0236135 -.0169058
T 4594  1 .1286615E+07   4000004E-01  .4841E+03 -.3297E+04   .9989443  .0288418 -.0357539
T 4595  1 .1272229E+07   4000016E-01 -.4979E+04 -.9425E+04   .9992213 -.0317936 -.0233676
T 4596  1 .1302458E+07   4000013E-01  .1829E+04 -.4046E+04   .9995615  .0167911 -.0243884
T 4597  1 .1328440E+07   4000021E-01  .5762E+04 -.3983E+04   .9990872  .0349992 -.0244932
T 4598  1 .1316709E+07   4000004E-01 -.1087E+04  .2419E+04   .9999012 -.0095731  .0102974
T 4599  1 .1341248E+07   4000007E-01 -.7577E+03  .1628E+03   .9999214 -.0093500 -.0083485
T 4600  1 .1290723E+07   4000006E-01 -.4784E+04 -.1946E+04   .9992744 -.0376324 -.0058639
T 4601  1 .1288065E+07   4000001E-01  .8327E+04  .1570E+04   .9985594  .0490991  .0216429
T 4602  1 .1320679E+07   4000002E-01  .3687E+03 -.5798E+04   .9982605 -.0030412 -.0588787
T 4603  1 .1290368E+07   4000016E-01 -.8870E+03  .1860E+03   .9999964 -.0019166  .0019026
T 4604  1 .1306148E+07   4000009E-01 -.3416E+04  .1015E+03   .9998739 -.0129354 -.0092083
T 4605  1 .1309827E+07   4000003E-01 -.1352E+04 -.8125E+04   .9997299 -.0093501 -.0212784
T 4606  1 .1299008E+07   4000000E-01  .2101E+04  .3021E+04   .9998853  .0151024  .0011119
T 4607  1 .1299974E+07   4000018E-01  .3686E+04 -.7497E+04   .9977227  .0139843 -.0659834
T 4608  1 .1355621E+07   4000021E-01 -.4110E+03  .6392E+04   .9999377 -.0054249  .0097538
T 4609  1 .1351101E+07   4000022E-01 -.2455E+04  .8444E+03   .9984480  .0096241  .0548539
T 4610  1 .1308095E+07   4000016E-01 -.8348E+03 -.2570E+04   .9999732  .0067321 -.0028691
T 4611  1 .1281600E+07   4000018E-01 -.1336E+04 -.3709E+04   .9997983 -.0029637 -.0198621
T 4612  1 .1304901E+07   4000011E-01 -.1888E+04 -.3829E+03   .9997661 -.0194780  .0094009
T 4613  1 .1264950E+07   4000006E-01  .7680E+03 -.1215E+03   .9999196  .0114973 -.0053462
T 4614  1 .1323897E+07   4000016E-01 -.2289E+04 -.3346E+04   .9999692  .0044548 -.0064576
T 4615  1 .1319627E+07   4000013E-01 -.4081E+03  .1883E+04   .9999435 -.0085563  .0063098
T 4616  1 .1312136E+07   4000014E-01 -.4299E+04  .6484E+04   .9994241 -.0060219  .0333935
T 4617  1 .1332597E+07   4000009E-01 -.2217E+04  .7351E+03   .9999636 -.0000719  .0085345
T 4618  1 .1332725E+07   4000013E-01  .4654E+04 -.3362E+04   .9997032  .0102434 -.0221054
T 4619  1 .1316057E+07   4000019E-01  .3082E+04 -.1493E+04   .9997499 -.0111142 -.0194057
T 4620  1 .1333876E+07   4000013E-01  .1398E+04  .8953E+04   .9988981  .0200706  .0424231
T 4621  1 .1332890E+07   4000019E-01 -.1603E+04 -.1535E+03   .9999048 -.0123885  .0060691
T 4622  1 .1308670E+07   4000005E-01 -.3080E+04 -.3992E+04   .9994110 -.0305596  .0156117
T 4623  1 .1308174E+07   4000012E-01 -.7463E+03 -.3739E+04   .9997536 -.0019292 -.0221151
T 4624  1 .1298127E+07   4000013E-01  .5919E+03  .2638E+04   .9996294 -.0060726  .0265352
T 4625  1 .1311681E+07   4000019E-01 -.4863E+03  .3197E+04   .9995502 -.0100313  .0282640
T 4626  1 .1330697E+07   4000007E-01 -.1649E+05  .1231E+05   .9959860 -.0704614  .0552000
T 4627  1 .1327746E+07   4000007E-01  .2708E+04  .1698E+04   .9997333  .0224320  .0054854
T 4628  1 .1286768E+07   4000018E-01 -.3921E+03 -.4155E+04   .9998850 -.0129380 -.0079111
T 4629  1 .1278135E+07   4000013E-01 -.1673E+04  .1661E+03   .9999943 -.0027530 -.0019406
T 4630  1 .1336801E+07   4000010E-01  .4633E+04  .8754E+03   .9989825  .0411496  .0184590
T 4631  1 .1282359E+07   4000001E-01  .4429E+04 -.1304E+04   .9994948  .0298010  .0110433
T 4632  1 .1313779E+07   4000005E-01  .1983E+04  .3584E+03   .9997554  .0134168 -.0175818
T 4633  1 .1308545E+07   4000004E-01  .1100E+05 -.2963E+04   .9980866  .0606090 -.0122350
T 4634  1 .1335760E+07   4000020E-01 -.2840E+04 -.1994E+04   .9997642 -.0091612 -.0196893
T 4635  1 .1307273E+07   4000005E-01 -.3592E+03  .1428E+04   .9999772 -.0014881 -.0065884
T 4636  1 .1299707E+07   4000011E-01  .1595E+05  .5325E+04   .9977479  .0626205  .0240370
T 4637  1 .1332246E+07   4000020E-01  .3449E+04 -.1147E+04   .9999499  .0085238 -.0052534
T 4638  1 .1323452E+07   4000012E-01  .3153E+04 -.1126E+04   .9996111  .0254234 -.0114607
T 4639  1 .1314596E+07   4000020E-01 -.8015E+02 -.5344E+04   .9989022 -.0129514 -.0450180
T 4640  1 .1302295E+07   4000017E-01 -.3635E+04  .2166E+04   .9999684 -.0015098  .0078064
T 4641  1 .1293798E+07   4000012E-01 -.5288E+04  .1574E+05   .9948427 -.0146224  .1003701
T 4642  1 .1320858E+07   4000012E-01  .3232E+04  .8129E+03   .9997301  .0231924 -.0013493
T 4643  1 .1293891E+07   4000002E-01 -.1494E+04  .1006E+05   .9989584 -.0067552  .0451273
T 4644  1 .1294479E+07   4000018E-01  .1197E+04 -.4193E+03   .9999795  .0063129 -.0010895
T 4645  1 .1282087E+07   4000000E-01 -.4596E+04 -.4074E+04   .9991805 -.0331192 -.0232707
T 4646  1 .1346330E+07   4000003E-01  .1851E+04  .2290E+04   .9999182  .0069229  .0107561
T 4647  1 .1344643E+07   4000022E-01  .4663E+04  .7310E+04   .9993161  .0239641  .0281605
T 4648  1 .1296546E+07   4000023E-01  .6704E+03  .5858E+03   .9998439  .0172053 -.0040236
T 4649  1 .1329237E+07   4000016E-01 -.1485E+04 -.1264E+05   .9995679 -.0155858 -.0249224
T 4650  1 .1318397E+07   4000011E-01  .1489E+04  .9128E+02   .9999821  .0040224  .0044216
T 4651  1 .1324552E+07   4000004E-01  .1864E+04  .3597E+04   .9996944  .0082430  .0233060
T 4652  1 .1309650E+07   4000006E-01  .2272E+04 -.3607E+04   .9999429  .0039323 -.0099409
T 4653  1 .1311031E+07   4000023E-01  .1244E+04 -.8639E+03   .9999848 -.0012987  .0053570
T 4654  1 .1333205E+07   4000014E-01  .9413E+03 -.2536E+04   .9995440 -.0083831 -.0290075
T 4655  1 .1280929E+07   4000003E-01 -.1782E+04  .1251E+04   .9995529  .0105769  .0279682
T 4656  1 .1307911E+07   4000005E-01 -.6134E+04  .6360E+04   .9994437 -.0199685  .0267128
T 4657  1 .1308919E+07   4000022E-01  .9115E+03  .9449E+04   .9994552 -.0070680  .0322394
T 4658  1 .1308688E+07   4000013E-01  .3168E+04  .3641E+04   .9999585  .0082608  .0038354
T 4659  1 .1269341E+07   4000022E-01  .7762E+03 -.2670E+04   .9998384 -.0077943 -.0162025
T 4660  1 .1333619E+07   4000021E-01 -.6890E+04 -.8716E+04   .9985819 -.0241724 -.0474338
T 4661  1 .1339269E+07   4000003E-01 -.4458E+04  .8615E+04   .9990883 -.0092819  .0416712
T 4662  1 .1357482E+07   4000021E-01 -.8608E+04 -.8460E+03   .9997598 -.0218957  .0009336
T 4663  1 .1325855E+07   4000015E-01 -.7929E+04 -.2867E+04   .9992929 -.0327734 -.0184295
T 4664  1 .1333319E+07   4000018E-01 -.1914E+03  .3382E+04   .9999483  .0071229  .0072598
T 4665  1 .1306549E+07   4000008E-01 -.9736E+04 -.4009E+04   .9991782 -.0402606 -.0046993
T 4666  1 .1327402E+07   4000015E-01  .6157E+04  .3091E+04   .9993575  .0257753  .0249040
T 4667  1 .1318981E+07   4000001E-01  .3903E+05  .4073E+04   .9917378  .1282451 -.0030539
T 4668  1 .1317173E+07   4000014E-01  .2646E+04  .6093E+04   .9997833  .0000426  .0208159
T 4669  1 .1319507E+07   4000011E-01 -.4980E+03  .8841E+03   .9991280  .0098983 -.0405630
T 4670  1 .1320298E+07   4000006E-01 -.2248E+03  .9604E+03   .9999957  .0021417  .0019944
T 4671  1 .1328882E+07   4000002E-01  .3313E+03 -.2699E+04   .9995909 -.0124996 -.0257237
T 4672  1 .1312951E+07   4000017E-01 -.2162E+03 -.2978E+04   .9997013 -.0050096 -.0239214
T 4673  1 .1319603E+07   4000022E-01  .3876E+04 -.2223E+04   .9998452  .0172603  .0034285
T 4674  1 .1322435E+07   4000023E-01  .2842E+03  .2471E+04   .9998397 -.0074817  .0162645
T 4675  1 .1273666E+07   4000016E-01  .2396E+04 -.5567E+04   .9995874 -.0007618 -.0287135
T 4676  1 .1304769E+07   4000001E-01 -.3433E+04 -.1013E+05   .9984416 -.0062612 -.0554545
T 4677  1 .1299762E+07   4000006E-01  .3967E+04 -.4086E+04   .9996862  .0189656 -.0163655
T 4678  1 .1319596E+07   4000020E-01  .1565E+04 -.1647E+04   .9999682 -.0043731 -.0066649
T 4679  1 .1309622E+07   4000001E-01  .4090E+04 -.1594E+05   .9985922 -.0040239 -.0528904
T 4680  1 .1304321E+07   4000016E-01 -.1132E+04 -.6696E+04   .9994500 -.0126350 -.0306590
T 4681  1 .1330948E+07   4000015E-01 -.3581E+04 -.1967E+04   .9998392 -.0171294  .0053118
T 4682  1 .1296289E+07   4000012E-01  .5531E+04  .2584E+04   .9997913  .0203107 -.0021893
T 4683  1 .1328088E+07   4000012E-01 -.4490E+04 -.2305E+04   .9994001  .0030027 -.0345027
T 4684  1 .1343445E+07   4000000E-01 -.4792E+03  .8245E+04   .9997302 -.0055903  .0225443
T 4685  1 .1306490E+07   4000020E-01  .3503E+04  .4227E+04   .9999892  .0046407 -.0001225
T 4686  1 .1303970E+07   4000021E-01 -.2346E+04  .3804E+04   .9997142 -.0114473  .0209878
T 4687  1 .1297806E+07   4000000E-01 -.1392E+04  .5610E+04   .9998305  .0122353  .0137598
T 4688  1 .1350607E+07   4000004E-01 -.2827E+04 -.1069E+04   .9999926  .0011089 -.0036928
T 4689  1 .1313353E+07   4000000E-01 -.2780E+04 -.3777E+04   .9995426 -.0097373 -.0286304
T 4690  1 .1277909E+07   4000013E-01 -.3620E+04 -.6659E+04   .9992417 -.0255373 -.0293916
T 4691  1 .1265062E+07   4000020E-01  .4343E+04  .1114E+04   .9997786  .0204518 -.0049478
T 4692  1 .1284892E+07   4000010E-01  .4179E+04  .2562E+04   .9998675  .0097662  .0130223
T 4693  1 .1267809E+07   4000020E-01  .3436E+04 -.2495E+04   .9997692  .0151658 -.0152165
T 4694  1 .1341509E+07   4000016E-01 -.6970E+03 -.4223E+04   .9997980 -.0121135 -.0160413
T 4695  1 .1277591E+07   4000020E-01 -.1601E+03 -.3371E+04   .9999921  .0009220 -.0038620
T 4696  1 .1295711E+07   4000013E-01 -.3520E+04  .9830E+04   .9960596  .0022035  .0886594
T 4697  1 .1320406E+07   4000014E-01 -.1623E+04  .2170E+04   .9991725 -.0009223  .0406629
T 4698  1 .1312898E+07   4000000E-01 -.1296E+05  .7497E+04   .9950028 -.0895670  .0441276
T 4699  1 .1308194E+07   4000009E-01 -.6110E+04 -.9988E+04   .9988926 -.0442723 -.0159211
T 4700  1 .1296370E+07   4000000E-01 -.3437E+04  .2595E+04   .9999429 -.0000110  .0106834
T 4701  1 .1314413E+07   4000019E-01  .1691E+04 -.5243E+04   .9992836 -.0111829 -.0361570
T 4702  1 .1353127E+07   4000001E-01  .2296E+04 -.2127E+03   .9997315 -.0186551 -.0137466
T 4703  1 .1315809E+07   4000013E-01  .3598E+04 -.2708E+04   .9989667  .0452488 -.0042486
T 4704  1 .1302382E+07   4000016E-01 -.4485E+04 -.4833E+04   .9996526 -.0073866 -.0252995
T 4705  1 .1325421E+07   4000001E-01  .8729E+03  .1578E+04   .9998027  .0118016  .0159763
T 4706  1 .1302122E+07   4000005E-01  .3713E+04 -.1773E+04   .9999115  .0064618 -.0116280
T 4707  1 .1305699E+07   4000016E-01 -.1288E+04  .6821E+04   .9997083 -.0138690  .0197716
T 4708  1 .1320724E+07   4000008E-01  .1390E+04 -.7241E+03   .9998993  .0114118 -.0084305
T 4709  1 .1323891E+07   4000005E-01 -.1708E+04 -.4367E+03   .9999354 -.0088681 -.0071085
T 4710  1 .1300114E+07   4000022E-01  .2008E+04  .3338E+04   .9995564  .0287472  .0077820
T 4711  1 .1307707E+07   4000015E-01  .1468E+05  .6387E+04   .9991134  .0368007  .0204497
T 4712  1 .1339727E+07   4000000E-01  .2268E+04  .2232E+04   .9996479 -.0033780  .0263187
T 4713  1 .1345833E+07   4000018E-01  .1836E+04  .5696E+02   .9996087  .0228418  .0161440
T 4714  1 .1259931E+07   4000001E-01  .7545E+04  .1227E+04   .9995953  .0269155  .0092112
T 4715  1 .1342447E+07   4000011E-01 -.5497E+04 -.1320E+04   .9995573 -.0295394 -.0035548
T 4716  1 .1326617E+07   4000010E-01  .5351E+04 -.2421E+04   .9999066  .0074781 -.0114396
T 4717  1 .1282488E+07   4000007E-01 -.5515E+04  .2448E+04   .9996985 -.0113135  .0217946
T 4718  1 .1267835E+07   4000021E-01 -.8561E+04  .9561E+04   .9994764 -.0093029  .0309901
T 4719  1 .1312348E+07   4000004E-01 -.1184E+04  .1513E+04   .9995919 -.0277766 -.0066742
T 4720  1 .1352104E+07   4000004E-01  .6248E+04 -.6261E+04   .9994342  .0141120 -.0305323
T 4721  1 .1326114E+07   4000017E-01 -.2984E+03 -.2351E+03   .9999441 -.0085675 -.0061923
T 4722  1 .1301390E+07   4000021E-01  .1548E+04 -.2457E+04   .9999263  .0078593 -.0092528
T 4723  1 .1298958E+07   4000005E-01  .9301E+04  .2009E+05   .9957437  .0328962  .0860944
T 4724  1 .1326355E+07   4000013E-01  .6547E+04  .8110E+04   .9990218  .0145707  .0417505
T 4725  1 .1281012E+07   4000010E-01 -.1577E+04 -.4409E+04   .9999909  .0002638 -.0042565
T 4726  1 .1315238E+07   4000021E-01 -.5517E+04  .6719E+04   .9979980 -.0320279  .0545363
T 4727  1 .1301924E+07   4000012E-01 -.4667E+04  .2849E+04   .9992657 -.0306826  .0229483
T 4728  1 .1325290E+07   4000005E-01  .7640E+03  .2534E+04   .9996686  .0246156  .0075321
T 4729  1 .1292128E+07   4000022E-01  .6429E+04  .4644E+03   .9993219  .0360585  .0074451
T 4730  1 .1317358E+07   4000008E-01 -.4245E+04  .1332E+04   .9994307 -.0332584  .0056663
T 4731  1 .1325611E+07   4000022E-01  .7622E+04 -.7409E+04   .9989917  .0214699 -.0394285
T 4732  1 .1317997E+07   4000022E-01  .2637E+02  .4702E+04   .9999107 -.0024467  .0131413
T 4733  1 .1341865E+07   4000014E-01 -.6057E+03  .2687E+04   .9998397 -.0106961  .0143580
T 4734  1 .1317093E+07   4000023E-01 -.3967E+04  .1758E+04   .9996186 -.0199236  .0191231
T 4735  1 .1353003E+07   4000022E-01 -.6464E+04 -.5037E+04   .9990760 -.0346830 -.0253802
T 4736  1 .1317664E+07   4000018E-01  .3833E+04  .4799E+04   .9993838  .0303364  .0176541
T 4737  1 .1294691E+07   4000007E-01 -.3519E+03 -.1430E+03   .9999305 -.0033685  .0112942
T 4738  1 .1311286E+07   4000012E-01  .2525E+04  .1712E+04   .9997869 -.0007848  .0206303
T 4739  1 .1282567E+07   4000000E-01 -.4345E+04  .6183E+03   .9996202 -.0272554  .0040650
T 4740  1 .1302337E+07   4000004E-01 -.9648E+04  .6623E+04   .9990588 -.0413543  .0130893
T 4741  1 .1281150E+07   4000004E-01 -.3934E+04 -.3763E+03   .9989364 -.0393289  .0240678
T 4742  1 .1311522E+07   4000012E-01 -.1802E+04  .2434E+04   .9997806 -.0088763  .0189707
T 4743  1 .1329289E+07   4000021E-01  .5950E+04  .2246E+04   .9997285  .0202588  .0115080
T 4744  1 .1293682E+07   4000014E-01  .7143E+03 -.3793E+04   .9998894  .0148468 -.0009205
T 4745  1 .1273044E+07   4000011E-01 -.1508E+04 -.1419E+04   .9990937 -.0245518 -.0347692
T 4746  1 .1342701E+07   4000019E-01  .1149E+04  .5687E+04   .9984559  .0432405  .0348718
T 4747  1 .1303743E+07   4000013E-01  .8912E+03 -.1686E+04   .9996400  .0162954 -.0213131
T 4748  1 .1328644E+07   4000007E-01  .8786E+04  .2291E+04   .9992789  .0379540  .0010893
T 4749  1 .1309306E+07   4000008E-01  .1313E+04 -.2889E+04   .9995342  .0299451 -.0058899
T 4750  1 .1328559E+07   4000020E-01 -.2980E+04  .4738E+04   .9997942 -.0128793  .0156745
T 4751  1 .1333169E+07   4000020E-01 -.3527E+04 -.4420E+04   .9986244 -.0166203 -.0497307
T 4752  1 .1315754E+07   4000007E-01 -.4582E+04 -.3975E+04   .9993057 -.0260154 -.0266695
T 4753  1 .1317861E+07   4000017E-01  .4230E+02 -.4626E+04   .9997079  .0097296 -.0221250
T 4754  1 .1311373E+07   4000013E-01  .1532E+04  .2475E+04   .9999026 -.0139468 -.0006135
T 4755  1 .1283282E+07   4000004E-01 -.7564E+03  .1992E+04   .9998652  .0136911  .0090582
T 4756  1 .1282574E+07   4000001E-01 -.1081E+04 -.7486E+04   .9991266 -.0022155 -.0417273
T 4757  1 .1314290E+07   4000021E-01 -.6543E+04 -.2803E+04   .9997129 -.0195812 -.0138073
T 4758  1 .1294804E+07   4000022E-01 -.2323E+04 -.4540E+04   .9984884 -.0399879 -.0377069
T 4759  1 .1316471E+07   4000022E-01  .2025E+05 -.3278E+04   .9981964  .0586567 -.0127822
T 4760  1 .1315056E+07   4000015E-01  .5105E+04 -.9292E+04   .9973056  .0462120 -.0569731
T 4761  1 .1307386E+07   4000017E-01  .7220E+03  .2333E+04   .9999307  .0093952  .0070871
T 4762  1 .1307871E+07   4000013E-01  .3217E+04  .2349E+04   .9991520  .0400802  .0094311
T 4763  1 .1324057E+07   4000020E-01 -.2189E+04  .3741E+03   .9997331 -.0206620  .0103315
T 4764  1 .1299684E+07   4000006E-01 -.7448E+04 -.5442E+04   .9995463 -.0147037 -.0262886
T 4765  1 .1292840E+07   4000014E-01  .2600E+04 -.2793E+04   .9997624  .0162446 -.0145369
T 4766  1 .1334061E+07   4000016E-01  .6199E+04 -.1019E+04   .9997681  .0209276 -.0050853
T 4767  1 .1342873E+07   4000000E-01  .5361E+04 -.8487E+04   .9994466  .0219499 -.0249921
T 4768  1 .1322430E+07   4000020E-01  .6758E+04 -.2433E+04   .9993481  .0360916  .0008504
T 4769  1 .1303767E+07   4000012E-01  .1234E+04 -.6029E+03   .9995355  .0210730 -.0220184
T 4770  1 .1331761E+07   4000006E-01 -.5465E+04 -.3569E+03   .9995682 -.0282774 -.0079887
T 4771  1 .1293349E+07   4000013E-01 -.1148E+04  .2336E+03   .9999931  .0001075 -.0037126
T 4772  1 .1324670E+07   4000019E-01  .4778E+04 -.3025E+04   .9990918  .0414602  .0098273
T 4773  1 .1297062E+07   4000004E-01  .9072E+03 -.2239E+04   .9975591  .0698213 -.0009572
T 4774  1 .1283277E+07   4000006E-01 -.3066E+04 -.1943E+04   .9997197 -.0221125 -.0084558
T 4775  1 .1299432E+07   4000022E-01 -.3480E+04  .1074E+04   .9999583  .0000407 -.0091341
T 4776  1 .1341020E+07   4000020E-01  .1641E+04  .6566E+03   .9999475  .0063938  .0080130
T 4777  1 .1311126E+07   4000017E-01  .2471E+04 -.1644E+04   .9993244  .0285596 -.0231310
T 4778  1 .1307677E+07   4000010E-01  .9316E+04 -.3465E+04   .9998947  .0070551 -.0126820
T 4779  1 .1330779E+07   4000020E-01 -.1671E+04 -.7506E+04   .9996733  .0047379 -.0251185
T 4780  1 .1339068E+07   4000017E-01  .6162E+04  .1394E+04   .9991264  .0333026  .0252474
T 4781  1 .1296612E+07   4000020E-01 -.2536E+04  .4641E+04   .9993273 -.0303968  .0205177
T 4782  1 .1295992E+07   4000000E-01 -.1511E+04  .1522E+04   .9998246 -.0152194  .0109142
T 4783  1 .1292576E+07   4000019E-01  .2927E+04 -.1115E+04   .9997377 -.0029735 -.0227094
T 4784  1 .1332630E+07   4000008E-01  .6572E+04 -.1588E+04   .9996577  .0256321 -.0052427
T 4785  1 .1306328E+07   4000015E-01 -.1253E+04  .8078E+03   .9997238  .0162109  .0170162
T 4786  1 .1307606E+07   4000012E-01 -.5313E+04  .1778E+04   .9996784 -.0179853  .0178764
T 4787  1 .1286465E+07   4000012E-01 -.1031E+05  .2650E+04   .9989684 -.0350799  .0288379
T 4788  1 .1349448E+07   4000021E-01 -.2337E+04 -.1821E+04   .9990423 -.0272059 -.0342683
T 4789  1 .1307816E+07   4000016E-01  .1509E+04  .2284E+04   .9999446  .0085421  .0061467
T 4790  1 .1281068E+07   4000009E-01 -.3142E+04  .1926E+04   .9997349 -.0156264  .0169094
T 4791  1 .1301942E+07   4000022E-01  .3123E+04 -.7640E+02   .9999749  .0010256  .0070059
T 4792  1 .1271715E+07   4000018E-01  .3863E+03  .2544E+04   .9999904 -.0015404  .0041021
T 4793  1 .1280821E+07   4000017E-01 -.7584E+03  .1062E+04   .9998693 -.0159996  .0023163
T 4794  1 .1323827E+07   4000012E-01 -.1115E+04  .2708E+04   .9998358  .0020685  .0180016
T 4795  1 .1314605E+07   4000013E-01 -.6785E+02 -.2524E+04   .9999006  .0089183 -.0109232
T 4796  1 .1279594E+07   4000008E-01  .3375E+02 -.1619E+04   .9999242 -.0103331 -.0066906
T 4797  1 .1317848E+07   4000005E-01 -.1815E+04  .3599E+02   .9999965 -.0011502  .0023771
T 4798  1 .1318389E+07   4000022E-01 -.1679E+04 -.1500E+04   .9999477 -.0005736 -.0102104
T 4799  1 .1317824E+07   4000006E-01 -.5575E+03 -.5175E+04   .9993374 -.0363707  .0013949
T 4800  1 .1313238E+07   4000013E-01 -.2212E+04 -.1376E+05   .9976185 -.0134322 -.0676521
T 4801  1 .1319424E+07   4000002E-01  .9725E+03 -.2282E+04   .9995540  .0134766 -.0266490
T 4802  1 .1318364E+07   4000014E-01 -.3015E+04  .5960E+04   .9990202  .0067366  .0437397
T 4803  1 .1298070E+07   4000007E-01 -.1833E+04  .9007E+03   .9952983 -.0794251  .0554347
T 4804  1 .1322213E+07   4000018E-01  .9905E+03  .1327E+04   .9997913 -.0026721 -.0202515
T 4805  1 .1327142E+07   4000022E-01 -.1830E+04 -.3466E+04   .9995568 -.0168020 -.0245731
T 4806  1 .1315211E+07   4000018E-01  .2176E+04 -.1019E+04   .9997929  .0196627  .0052492
T 4807  1 .1329705E+07   4000016E-01 -.5796E+04 -.2063E+04   .9996915 -.0181882 -.0169125
T 4808  1 .1318398E+07   4000007E-01  .4469E+04  .1371E+04   .9997970  .0190437  .0065823
T 4809  1 .1304879E+07   4000007E-01 -.4402E+04  .3608E+04   .9999404 -.0070682  .0083210
T 4810  1 .1290831E+07   4000001E-01  .3319E+04 -.1415E+04   .9999301  .0110739 -.0041453
T 4811  1 .1295718E+07   4000022E-01 -.2726E+04  .3515E+03   .9999097 -.0133103 -.0018444
T 4812  1 .1285789E+07   4000003E-01  .1100E+05 -.4628E+04   .9993208  .0359766 -.0079715
T 4813  1 .1317273E+07   4000009E-01 -.5200E+04 -.2451E+04   .9997762 -.0148658 -.0150492
T 4814  1 .1296633E+07   4000021E-01  .3393E+04  .3258E+04   .9999505  .0083846  .0053560
T 4815  1 .1319688E+07   4000013E-01 -.2375E+04 -.2011E+04   .9998542 -.0090420 -.0144819
T 4816  1 .1310155E+07   4000015E-01  .2117E+04  .9265E+04   .9988874  .0331162  .0335754
T 4817  1 .1290253E+07   4000022E-01  .7039E+04  .6103E+04   .9998023  .0195507 -.0036313
T 4818  1 .1299081E+07   4000014E-01  .4423E+04  .4554E+04   .9996226  .0191373  .0197108
T 4819  1 .1336091E+07   4000004E-01  .3120E+04 -.5144E+04   .9998487  .0098689 -.0143234
T 4820  1 .1316214E+07   4000008E-01  .2187E+04  .8068E+03   .9999876  .0046686 -.0017370
T 4821  1 .1319120E+07   4000005E-01  .2807E+04 -.2202E+04   .9999035  .0046980 -.0130738
T 4822  1 .1308135E+07   4000011E-01  .1479E+05  .2978E+02   .9988669  .0405806  .0248617
T 4823  1 .1359579E+07   4000001E-01  .4952E+04 -.8189E+03   .9991775  .0379185 -.0143674
T 4824  1 .1341689E+07   4000010E-01 -.5915E+04 -.6587E+04   .9989674 -.0312122 -.0330130
T 4825  1 .1300482E+07   4000019E-01  .2065E+04  .4244E+03   .9999525 -.0023934  .0094518
T 4826  1 .1333604E+07   4000020E-01  .3047E+04  .7668E+04   .9988871  .0253501  .0397735
T 4827  1 .1269880E+07   4000007E-01  .2717E+04  .2061E+04   .9998419  .0177581  .0009604
T 4828  1 .1298369E+07   4000020E-01  .7856E+04 -.7961E+04   .9988919  .0370518 -.0290182
T 4829  1 .1297334E+07   4000008E-01  .9393E+03  .5374E+04   .9990422  .0380923  .0215348
T 4830  1 .1293463E+07   4000003E-01 -.2492E+04 -.9460E+04   .9973115 -.0341184 -.0648512
T 4831  1 .1308516E+07   4000007E-01  .1637E+05  .4032E+05   .9822338  .0835957  .1680136
T 4832  1 .1330010E+07   4000021E-01 -.4152E+04  .4935E+03   .9944531 -.0084417  .1048413
T 4833  1 .1334365E+07   4000010E-01 -.5145E+04  .4090E+04   .9998704  .0025840  .0158873
T 4834  1 .1313890E+07   4000007E-01 -.3335E+03  .2243E+04   .9999189 -.0119073  .0045244
T 4835  1 .1285048E+07   4000018E-01 -.1355E+04 -.1806E+04   .9999947  .0015847 -.0028607
T 4836  1 .1338736E+07   4000009E-01 -.5961E+02  .1401E+04   .9999889  .0036208 -.0030112
T 4837  1 .1278518E+07   4000005E-01  .3642E+04  .2779E+04   .9995695  .0241653  .0166412
T 4838  1 .1307468E+07   4000018E-01  .1873E+04 -.6140E+04   .9996989  .0201009 -.0140758
T 4839  1 .1299882E+07   4000020E-01  .2703E+04  .3540E+04   .9991090  .0349490  .0236593
T 4840  1 .1348145E+07   4000010E-01  .3134E+04 -.9116E+03   .9998498  .0084574  .0151311
T 4841  1 .1305118E+07   4000014E-01  .1615E+05  .7550E+03   .9973184  .0726038  .0092080
T 4842  1 .1310084E+07   4000019E-01 -.1498E+05 -.4606E+03   .9984570 -.0545718 -.0102691
T 4843  1 .1329506E+07   4000012E-01 -.2490E+03  .2758E+03   .9999666  .0079518 -.0018859
T 4844  1 .1365350E+07   4000015E-01 -.1211E+05 -.2747E+04   .9978892 -.0615582 -.0206795
T 4845  1 .1279209E+07   4000011E-01  .7694E+03  .6851E+04   .9993416  .0129724  .0338827
T 4846  1 .1298398E+07   4000014E-01  .6694E+04  .1149E+04   .9997881  .0205249 -.0015494
T 4847  1 .1312638E+07   4000009E-01  .7139E+04 -.1698E+04   .9995961  .0258125 -.0118916
T 4848  1 .1292133E+07   4000023E-01  .1792E+04 -.6599E+03   .9998614  .0166080  .0011820
T 4849  1 .1303134E+07   4000011E-01  .2339E+04  .4541E+04   .9997093  .0240037 -.0022749
T 4850  1 .1289915E+07   4000019E-01  .1433E+04  .1079E+03   .9999813 -.0021667 -.0057208
T 4851  1 .1285632E+07   4000003E-01  .4069E+04  .3903E+04   .9980957  .0540414  .0297408
T 4852  1 .1268703E+07   4000014E-01 -.4205E+04 -.4756E+04   .9986538 -.0138271 -.0499937
T 4853  1 .1283743E+07   4000016E-01 -.1103E+05  .1068E+05   .9897052 -.0872903  .1134198
T 4854  1 .1308701E+07   4000016E-01  .3289E+04  .6116E+04   .9993226  .0308557  .0200553
T 4855  1 .1301428E+07   4000010E-01  .9142E+04 -.5122E+04   .9947892  .0749921 -.0690696
T 4856  1 .1349262E+07   4000021E-01 -.1617E+04  .2032E+04   .9997389 -.0181913  .0138253
T 4857  1 .1304939E+07   4000019E-01 -.3839E+04  .2642E+04   .9993167 -.0086281  .0359413
T 4858  1 .1270577E+07   4000005E-01 -.1323E+04 -.3010E+04   .9998037  .0121316 -.0156634
T 4859  1 .1309435E+07   4000009E-01  .2938E+04 -.1716E+05   .9967748 -.0250847 -.0762277
T 4860  1 .1297964E+07   4000022E-01  .4788E+04  .2794E+04   .9997212  .0213849  .0100120
T 4861  1 .1297731E+07   4000020E-01  .4544E+04  .4139E+04   .9995168  .0229112  .0210060
T 4862  1 .1342010E+07   4000004E-01  .2452E+04 -.2285E+04   .9996659 -.0150822 -.0209929
T 4863  1 .1301685E+07   4000014E-01 -.4536E+04  .1441E+04   .9996121 -.0142338  .0239381
T 4864  1 .1318925E+07   4000017E-01 -.1015E+04  .3059E+04   .9999903  .0036049  .0025374
T 4865  1 .1319592E+07   4000006E-01  .2661E+04 -.1810E+04   .9993123  .0250808 -.0273123
T 4866  1 .1289661E+07   4000004E-01  .4022E+04 -.1355E+04   .9997000  .0226472 -.0093325
T 4867  1 .1312944E+07   4000015E-01 -.2794E+04 -.3005E+04   .9998899 -.0020712 -.0146951
T 4868  1 .1255003E+07   4000016E-01  .3619E+04 -.9082E+03   .9996844  .0190762 -.0163447
T 4869  1 .1289762E+07   4000017E-01 -.9388E+04 -.1084E+05   .9989036 -.0342924 -.0318695
T 4870  1 .1322483E+07   4000016E-01  .1213E+04 -.2474E+04   .9998943  .0104116 -.0101445
T 4871  1 .1306646E+07   4000020E-01 -.8125E+04 -.4466E+04   .9997704 -.0129367 -.0170826
T 4872  1 .1283062E+07   4000006E-01 -.1771E+04  .3793E+04   .9999327  .0107265  .0044203
T 4873  1 .1340287E+07   4000002E-01 -.2841E+04  .3811E+04   .9999361 -.0017295  .0111708
T 4874  1 .1309861E+07   4000003E-01 -.2503E+03  .1647E+04   .9999874 -.0012487 -.0048578
T 4875  1 .1303570E+07   4000011E-01  .1564E+04 -.1135E+04   .9999204 -.0068224  .0106171
T 4876  1 .1300638E+07   4000007E-01  .7062E+04  .9960E+04   .9930888  .0524205  .1050083
T 4877  1 .1340510E+07   4000020E-01  .4582E+04  .3360E+03   .9999003  .0139496 -.0021907
T 4878  1 .1320917E+07   4000013E-01 -.5068E+04 -.7694E+04   .9971847 -.0517643 -.0542509
T 4879  1 .1305536E+07   4000017E-01 -.4856E+04 -.8491E+03   .9995949 -.0156688 -.0237609
T 4880  1 .1325181E+07   4000020E-01 -.5024E+04 -.3134E+04   .9993643 -.0305291 -.0184130
T 4881  1 .1311116E+07   4000018E-01 -.1125E+04  .8597E+03   .9995936  .0082314  .0272920
T 4882  1 .1308346E+07   4000014E-01  .9855E+04 -.8181E+03   .9994426  .0328806 -.0057713
T 4883  1 .1295252E+07   4000017E-01  .5713E+04 -.6770E+04   .9991905  .0356451 -.0186512
T 4884  1 .1318624E+07   4000009E-01 -.4104E+04  .2826E+04   .9999199 -.0126195 -.0009187
T 4885  1 .1363638E+07   4000018E-01  .9256E+03 -.3219E+04   .9983718  .0435004  .0368989
T 4886  1 .1299737E+07   4000007E-01  .4220E+04  .1454E+04   .9998325  .0181438 -.0024075
T 4887  1 .1325835E+07   4000004E-01  .1688E+04 -.3669E+04   .9998666 -.0001199 -.0163350
T 4888  1 .1307500E+07   4000000E-01  .7030E+03  .4039E+04   .9999585  .0020973  .0088676
T 4889  1 .1318355E+07   4000007E-01  .1270E+04  .2688E+04   .9999504  .0019123 -.0097756
T 4890  1 .1315097E+07   4000019E-01  .1257E+04  .2978E+04   .9999941  .0033968 -.0005485
T 4891  1 .1264937E+07   4000017E-01 -.4505E+03 -.2269E+04   .9999423 -.0098177  .0043533
T 4892  1 .1314546E+07   4000008E-01  .2165E+04 -.4992E+04   .9989545  .0342181 -.0303161
T 4893  1 .1340174E+07   4000021E-01 -.5878E+04 -.3181E+04   .9995269 -.0172847 -.0254407
T 4894  1 .1324166E+07   4000020E-01 -.1601E+05  .2988E+04   .9958616 -.0793879  .0442405
T 4895  1 .1304185E+07   4000019E-01  .3779E+04  .7560E+04   .9992952  .0199637  .0317906
T 4896  1 .1288300E+07   4000004E-01  .3334E+04  .8341E+04   .9993240  .0133784  .0342426
T 4897  1 .1296849E+07   4000012E-01 -.5430E+03 -.1221E+04   .9999190  .0044019 -.0119400
T 4898  1 .1321183E+07   4000001E-01  .1064E+05 -.3384E+04   .9969186  .0752283 -.0222251
T 4899  1 .1293555E+07   4000019E-01 -.1851E+04  .2502E+03   .9997660 -.0115819 -.0182712
T 4900  1 .1313716E+07   4000014E-01  .4099E+04 -.9163E+04   .9986840  .0114450 -.0499921
T 4901  1 .1296045E+07   4000015E-01 -.2881E+04 -.1541E+04   .9999117 -.0082684 -.0104074
T 4902  1 .1295702E+07   4000020E-01 -.2762E+04  .4408E+04   .9995441 -.0072285  .0293144
T 4903  1 .1319724E+07   4000006E-01 -.3840E+04  .1452E+04   .9997663 -.0114788  .0183205
T 4904  1 .1304209E+07   4000017E-01  .3349E+04  .6323E+03   .9993526  .0359769  .0001373
T 4905  1 .1365966E+07   4000019E-01 -.7125E+04  .4483E+04   .9997732 -.0194795  .0086026
T 4906  1 .1340309E+07   4000017E-01 -.5228E+04  .3524E+03   .9996551 -.0262455  .0009661
T 4907  1 .1294914E+07   4000020E-01  .2485E+04  .1527E+04   .9998542  .0131376  .0109087
T 4908  1 .1311405E+07   4000020E-01  .3366E+03 -.3933E+04   .9999070 -.0025442  .0133995
T 4909  1 .1332751E+07   4000019E-01  .1840E+04 -.6834E+03   .9998842  .0148206  .0034567
T 4910  1 .1287790E+07   4000021E-01 -.7741E+04  .1280E+04   .9999231 -.0086480  .0088867
T 4911  1 .1324626E+07   4000011E-01 -.1449E+04 -.1945E+04   .9999820 -.0057118 -.0018373
T 4912  1 .1322117E+07   4000018E-01  .1456E+04 -.1091E+04   .9998587  .0011622 -.0167709
T 4913  1 .1310572E+07   4000012E-01  .3588E+03 -.3405E+03   .9999464  .0102825 -.0012357
T 4914  1 .1292127E+07   4000004E-01  .2094E+04 -.3688E+04   .9996615  .0158926 -.0206006
T 4915  1 .1306422E+07   4000017E-01  .5557E+04 -.5128E+04   .9994954  .0244623 -.0202633
T 4916  1 .1302246E+07   4000007E-01  .1119E+04 -.6450E+04   .9990868  .0029800 -.0426231
T 4917  1 .1342957E+07   4000001E-01 -.3210E+04  .3145E+03   .9999414 -.0070963  .0081765
T 4918  1 .1315809E+07   4000015E-01  .8463E+04 -.3584E+04   .9991290  .0413559 -.0055531
T 4919  1 .1334936E+07   4000007E-01  .4708E+04  .5529E+04   .9993625  .0165861  .0316147
T 4920  1 .1301180E+07   4000014E-01  .8538E+04 -.5024E+04   .9992843  .0358669 -.0120207
T 4921  1 .1351952E+07   4000010E-01 -.3734E+04 -.2754E+04   .9999455 -.0092896 -.0047606
T 4922  1 .1349049E+07   4000019E-01  .6239E+04 -.5977E+04   .9986651  .0437849 -.0274032
T 4923  1 .1283509E+07   4000011E-01 -.3199E+04  .4050E+04   .9999113 -.0131311 -.0022086
T 4924  1 .1322412E+07   4000018E-01 -.1303E+04 -.5538E+02   .9998866 -.0021742  .0148995
T 4925  1 .1286597E+07   4000005E-01  .4017E+04  .9340E+04   .9891592  .0915952  .1147799
T 4926  1 .1332279E+07   4000001E-01 -.5843E+04  .1944E+04   .9993258 -.0341010  .0136052
T 4927  1 .1324411E+07   4000004E-01  .3367E+04  .1629E+04   .9999326  .0068458  .0093817
T 4928  1 .1310120E+07   4000019E-01 -.2042E+04  .2527E+04   .9998912 -.0143446  .0034329
T 4929  1 .1317931E+07   4000018E-01 -.3879E+04  .6265E+03   .9999630 -.0031663  .0080024
T 4930  1 .1297648E+07   4000007E-01  .7807E+03  .1341E+04   .9997546  .0126925 -.0181564
T 4931  1 .1306074E+07   4000011E-01 -.5596E+03  .3487E+04   .9999179  .0127564  .0012471
T 4932  1 .1274961E+07   4000021E-01  .5384E+04 -.7015E+04   .9985518  .0161051 -.0513321
T 4933  1 .1321542E+07   4000011E-01  .2762E+04 -.7079E+04   .9997664  .0000716 -.0216144
T 4934  1 .1315843E+07   4000019E-01 -.9085E+04  .1230E+04   .9990955 -.0380792  .0189277
T 4935  1 .1303844E+07   4000020E-01  .1551E+04 -.3045E+04   .9998909  .0025463 -.0145515
T 4936  1 .1281873E+07   4000022E-01  .6323E+04  .5381E+02   .9999372  .0082393 -.0075968
T 4937  1 .1306203E+07   4000012E-01 -.2002E+04 -.2132E+04   .9994465 -.0137685 -.0302830
T 4938  1 .1304191E+07   4000014E-01 -.1190E+04  .3885E+04   .9996739 -.0005873  .0255286
T 4939  1 .1273753E+07   4000006E-01  .3049E+04 -.4774E+04   .9998697  .0133249 -.0091125
T 4940  1 .1289174E+07   4000004E-01  .1343E+04 -.1238E+04   .9996354  .0141261 -.0230133
T 4941  1 .1281576E+07   4000014E-01  .3068E+04 -.1084E+04   .9998255 -.0028457 -.0184603
T 4942  1 .1326984E+07   4000015E-01 -.4831E+04 -.6163E+04   .9994899 -.0240866 -.0209726
T 4943  1 .1315575E+07   4000018E-01  .2831E+03 -.7607E+04   .9972497 -.0072022 -.0737641
T 4944  1 .1310764E+07   4000012E-01  .2041E+04  .4496E+04   .9998759  .0070278  .0140962
T 4945  1 .1309287E+07   4000017E-01 -.1636E+04  .4308E+04   .9996404 -.0122057  .0238774
T 4946  1 .1300508E+07   4000002E-01 -.4880E+04 -.4506E+04   .9985224 -.0224235 -.0495002
T 4947  1 .1299388E+07   4000017E-01 -.8108E+04 -.9156E+04   .9996584 -.0217415 -.0145024
T 4948  1 .1285933E+07   4000015E-01 -.6009E+04  .2855E+04   .9996367 -.0268373  .0024888
T 4949  1 .1327090E+07   4000001E-01  .1905E+04 -.7285E+03   .9998174  .0094585 -.0166017
T 4950  1 .1324340E+07   4000017E-01 -.1050E+04  .2058E+04   .9997982 -.0185405  .0077325
T 4951  1 .1324940E+07   4000019E-01  .6133E+02  .1923E+04   .9997879 -.0078947  .0190201
T 4952  1 .1293434E+07   4000017E-01  .1061E+04  .9067E+03   .9999418  .0065707  .0085554
T 4953  1 .1292610E+07   4000002E-01  .3127E+04  .2235E+04   .9995685  .0175830  .0235280
T 4954  1 .1293976E+07   4000011E-01  .3045E+04 -.2695E+04   .9997456  .0212979 -.0074198
T 4955  1 .1343131E+07   4000003E-01  .1122E+04  .4649E+04   .9998219  .0055238  .0180439
T 4956  1 .1349002E+07   4000005E-01 -.1125E+04 -.1084E+04   .9998650  .0091944 -.0136174
T 4957  1 .1344082E+07   4000020E-01  .3258E+03  .5671E+04   .9994868 -.0039482  .0317884
T 4958  1 .1357343E+07   4000009E-01 -.1702E+05 -.6166E+04   .9984055 -.0467337 -.0316608
T 4959  1 .1341996E+07   4000013E-01  .3259E+04 -.1950E+04   .9994853  .0194966 -.0254748
T 4960  1 .1290440E+07   4000016E-01 -.1226E+04  .4060E+03   .9999344 -.0106950  .0041112
T 4961  1 .1309499E+07   4000012E-01  .5003E+04 -.1036E+04   .9998491  .0172511 -.0020493
T 4962  1 .1286871E+07   4000011E-01 -.4010E+04  .6549E+04   .9998906 -.0012206  .0147384
T 4963  1 .1299075E+07   4000005E-01  .6045E+03  .2920E+04   .9995361 -.0040436  .0301870
T 4964  1 .1301120E+07   4000014E-01  .1113E+04 -.7251E+04   .9993496  .0002304 -.0360599
T 4965  1 .1296024E+07   4000005E-01 -.3706E+04  .2156E+04   .9998946 -.0125854  .0072353
T 4966  1 .1284833E+07   4000001E-01 -.7993E+03 -.4195E+03   .9994698 -.0291546 -.0144952
T 4967  1 .1323442E+07   4000022E-01 -.8038E+04 -.1214E+05   .9974771 -.0394509 -.0590179
T 4968  1 .1326555E+07   4000015E-01 -.4837E+05  .2194E+05   .9858483 -.1531647  .0681447
T 4969  1 .1308269E+07   4000016E-01 -.1050E+05  .9661E+03   .9985261 -.0541640 -.0034599
T 4970  1 .1292644E+07   4000005E-01 -.2321E+03 -.2754E+04   .9999617 -.0035908 -.0079766
T 4971  1 .1305394E+07   4000020E-01 -.2060E+04 -.2500E+04   .9999709  .0035962 -.0067311
T 4972  1 .1312400E+07   4000016E-01  .2086E+04 -.2534E+03   .9999679  .0026339  .0075722
T 4973  1 .1303421E+07   4000019E-01  .2411E+03 -.3647E+04   .9992579  .0067332 -.0379256
T 4974  1 .1304732E+07   4000002E-01 -.1906E+04  .3601E+03   .9998189 -.0151310  .0115402
T 4975  1 .1329397E+07   4000016E-01  .7255E+04  .5453E+04   .9998282  .0020833  .0184194
T 4976  1 .1308632E+07   4000011E-01  .1954E+04 -.7970E+03   .9998022  .0150203 -.0130390
T 4977  1 .1329191E+07   4000002E-01 -.2454E+04 -.6004E+03   .9999741 -.0071547  .0007576
T 4978  1 .1306286E+07   4000022E-01 -.2726E+04 -.3065E+03   .9997333 -.0099221  .0208541
T 4979  1 .1301056E+07   4000003E-01  .5228E+04 -.4432E+04   .9993509  .0175299 -.0314706
T 4980  1 .1333368E+07   4000006E-01  .1918E+04  .3368E+04   .9996002  .0192004  .0207559
T 4981  1 .1332259E+07   4000007E-01 -.2036E+04  .4138E+04   .9999277 -.0115752  .0032433
T 4982  1 .1316718E+07   4000014E-01 -.2745E+03  .3227E+03   .9998067 -.0081469  .0178940
T 4983  1 .1285277E+07   4000013E-01 -.4137E+03 -.8263E+04   .9995534 -.0008685 -.0298704
T 4984  1 .1325764E+07   4000017E-01  .1346E+05 -.2952E+04   .9983937  .0558323 -.0096288
T 4985  1 .1283547E+07   4000019E-01  .6614E+03 -.1040E+05   .9990962  .0029920 -.0424011
T 4986  1 .1317732E+07   4000006E-01  .1896E+04  .1494E+04   .9998630  .0141762  .0085452
T 4987  1 .1289625E+07   4000018E-01 -.1795E+04  .8291E+03   .9999244 -.0121073  .0021509
T 4988  1 .1285017E+07   4000005E-01 -.1287E+04  .2963E+03   .9999222  .0098184 -.0076954
T 4989  1 .1313708E+07   4000017E-01  .2650E+04  .1294E+04   .9997231  .0173405  .0159050
T 4990  1 .1311419E+07   4000019E-01  .1507E+04 -.1483E+04   .9999228  .0040330 -.0117529
T 4991  1 .1342268E+07   4000009E-01 -.2636E+04  .4413E+04   .9998543 -.0111664  .0129118
T 4992  1 .1326864E+07   4000018E-01 -.3573E+04  .1543E+04   .9997585 -.0189111  .0111968
T 4993  1 .1317877E+07   4000019E-01  .1377E+04  .2080E+04   .9997802 -.0078633 -.0194342
T 4994  1 .1283966E+07   4000015E-01  .4439E+04 -.6549E+03   .9999196  .0100420 -.0077413
T 4995  1 .1297065E+07   4000001E-01  .1403E+04 -.2562E+04   .9997094  .0014092 -.0240646
T 4996  1 .1361260E+07   4000016E-01  .5314E+03 -.1004E+04   .9999638  .0003126  .0085041
T 4997  1 .1323480E+07   4000020E-01  .6421E+04  .3057E+04   .9997117  .0122570  .0072581
T 4998  1 .1674509E+07   2000021E-01 -.8472E+03 -.7064E+03   .9999275 -.0098176 -.0069723
T 4999  1 .1687552E+07   2000014E-01 -.1249E+04  .3025E+04   .9991060  .0151118  .0394829
T 5000  1 .1677699E+07   2000007E-01 -.2611E+03 -.7018E+03   .9999625 -.0059589 -.0062805
