============================== SRIM-2013.00 ==============================
==============================================================================
=================  TRANSMIT.txt : File of Transmitted Ions  ==================
=  This file tabulates the kinetics of ions or atoms leaving the target.     =
=  Column #1: S= Sputtered Atom, B= Backscattered Ion, T= Transmitted Ion.   =
=  Col.#2: Ion Number, Col.#3: Z of atom leaving, Col.#4: Atom energy (eV).  =
=  Col.#5-7: Last location:  X= Depth into target, Y,Z= Transverse axes.     =
=  Col.#8-10: Cosines of final trajectory.                                   =
= *** This data file is in the same format as TRIM.DAT (see manual for uses).=
====== TRIM Calc.=  H(2 MeV) ==> PMMA(  5 um) ================================
 Ion  Atom   Energy        Depth       Lateral-Position        Atom Direction      
 Numb Numb    (eV)          X(A)        Y(A)       Z(A)      Cos(X)  Cos(Y) Cos(Z) 
T    1  1 .1922331E+07   5000046E-02 -.1304E+03  .1232E+03   .9999190 -.0110106  .0063873
T    2  1 .1933589E+07   5000022E-02 -.1119E+01 -.1869E+02   .9999979  .0008283 -.0018540
T    3  1 .1918845E+07   5000148E-02 -.7232E+02 -.8195E+02   .9999827 -.0046672 -.0035764
T    4  1 .1926103E+07   5000178E-02  .8501E+02  .1461E+03   .9999851 -.0035062  .0041936
T    5  1 .1916870E+07   5000139E-02  .7232E+01 -.4628E+01   .9999994  .0010435 -.0003074
T    6  1 .1914071E+07   5000163E-02 -.1280E+02  .8501E+02   .9999955 -.0014939  .0025834
T    7  1 .1917167E+07   5000106E-02 -.3164E+01  .1319E+02   .9999997 -.0001911 -.0006966
T    8  1 .1915600E+07   5000220E-02  .2003E+03 -.1369E+03   .9999462  .0089379 -.0052685
T    9  1 .1934242E+07   5000112E-02 -.2456E+02  .8302E+02   .9999860 -.0025843  .0046183
T   10  1 .1919297E+07   5000201E-02  .4335E+02  .4579E+02   .9999954  .0025521  .0016351
T   11  1 .1929513E+07   5000029E-02  .7534E+01 -.2504E+02   .9999947  .0007310 -.0031758
T   12  1 .1921860E+07   5000178E-02  .2537E+03 -.7090E+02   .9999325  .0093339 -.0069177
T   13  1 .1907583E+07   5000146E-02  .1018E+03  .1132E+02   .9999716  .0066274 -.0035907
T   14  1 .1926819E+07   5000017E-02 -.1917E+02  .2931E+02   .9999752  .0055162 -.0043715
T   15  1 .1929709E+07   5000058E-02  .7199E+02  .2647E+03   .9999590  .0024802  .0087044
T   16  1 .1925351E+07   5000123E-02 -.2616E+03 -.3029E+03   .9999097 -.0118708 -.0062928
T   17  1 .1927455E+07   5000040E-02  .7484E+01  .4274E+02   .9999674 -.0000598  .0080759
T   18  1 .1920019E+07   5000005E-02 -.1517E+03 -.1784E+03   .9999623 -.0072965 -.0046972
T   19  1 .1922530E+07   5000131E-02 -.4201E+02 -.5732E+02   .9999389  .0000318 -.0110538
T   20  1 .1918875E+07   5000154E-02  .4891E+03  .1164E+01   .9998561  .0169391  .0009400
T   21  1 .1915896E+07   5000209E-02 -.9114E+01 -.6489E+02   .9999990  .0012243  .0006805
T   22  1 .1917308E+07   5000217E-02 -.5949E+02  .3106E+03   .9999628 -.0025135  .0082513
T   23  1 .1930336E+07   5000165E-02  .1007E+03  .1995E+02   .9999944  .0031887 -.0010082
T   24  1 .1932302E+07   5000048E-02 -.7358E+02 -.6140E+02   .9999975 -.0006365 -.0021450
T   25  1 .1918390E+07   5000197E-02  .3153E+01 -.2341E+03   .9999603 -.0028732 -.0084375
T   26  1 .1915595E+07   5000133E-02 -.2807E+02  .4596E+02   .9999991 -.0000587 -.0013649
T   27  1 .1923178E+07   5000081E-02  .2770E+02 -.1929E+02   .9999911  .0025468 -.0033606
T   28  1 .1913879E+07   5000056E-02  .5409E+02 -.6430E+02   .9999937  .0003894 -.0035417
T   29  1 .1922354E+07   5000066E-02 -.1483E+02 -.1193E+02   .9999911  .0024354  .0034519
T   30  1 .1940455E+07   5000076E-02  .7917E+01  .6276E+02   .9999997 -.0001908  .0008019
T   31  1 .1919044E+07   5000057E-02 -.7206E+02  .1317E+03   .9998618 -.0105780  .0128273
T   32  1 .1918150E+07   5000042E-02 -.1598E+02 -.2432E+02   .9999949  .0029556  .0011777
T   33  1 .1915411E+07   5000182E-02 -.8001E+02 -.1810E+01   .9999989 -.0008447 -.0012218
T   34  1 .1926881E+07   5000202E-02  .4324E+01 -.3583E+03   .9998856 -.0004468 -.0151224
T   35  1 .1930537E+07   5000053E-02  .1179E+03  .1740E+03   .9999774  .0039373  .0054454
T   36  1 .1915296E+07   5000051E-02  .5088E+00  .9459E+01   .9999972 -.0008251  .0022259
T   37  1 .1907804E+07   5000119E-02 -.2388E+03  .1952E+03   .9999237 -.0077627  .0096092
T   38  1 .1918920E+07   5000023E-02 -.1603E+00 -.9590E+02   .9999822  .0055584 -.0021560
T   39  1 .1921391E+07   5000219E-02 -.5210E+02  .1364E+03   .9999550  .0039311  .0086343
T   40  1 .1916191E+07   5000072E-02 -.2198E+02 -.2389E+02   .9999750 -.0069969 -.0009872
T   41  1 .1932887E+07   5000137E-02  .3299E+03 -.1349E+01   .9998332  .0141605 -.0115321
T   42  1 .1924440E+07   5000187E-02  .1465E+03 -.2067E+03   .9999990 -.0013491  .0003132
T   43  1 .1922709E+07   5000005E-02 -.1547E+02  .7287E+02   .9999840 -.0002548  .0056537
T   44  1 .1910941E+07   5000195E-02 -.1377E+03  .8389E+02   .9999975 -.0018565  .0012178
T   45  1 .1934678E+07   5000186E-02  .1329E+02  .8121E+01   .9999996  .0000747  .0008507
T   46  1 .1921755E+07   5000117E-02  .1199E+03  .5496E+03   .9996821  .0071239  .0241868
T   47  1 .1925955E+07   5000186E-02  .4483E+02 -.2045E+02   .9999877  .0045706 -.0019453
T   48  1 .1922094E+07   5000153E-02 -.1827E+03  .1984E+03   .9999623 -.0017042  .0085147
T   49  1 .1930596E+07   5000009E-02  .6730E+02 -.1185E+03   .9999538  .0031567 -.0090741
T   50  1 .1929817E+07   5000112E-02  .1462E+03 -.7776E+02   .9999247  .0100349 -.0070622
T   51  1 .1928144E+07   5000070E-02 -.9832E+02 -.1002E+03   .9999374 -.0043943 -.0102939
T   52  1 .1924887E+07   5000049E-02  .1155E+03 -.1970E+03   .9999660  .0058850 -.0057678
T   53  1 .1919727E+07   5000134E-02 -.3026E+02 -.4589E+02   .9999996 -.0004972  .0006982
T   54  1 .1923250E+07   5000202E-02  .1241E+03 -.3277E+02   .9998697  .0150749 -.0057802
T   55  1 .1919678E+07   5000143E-02  .6340E+02 -.3069E+02   .9999935  .0035439 -.0006954
T   56  1 .1927377E+07   5000094E-02  .1586E+02  .1396E+02   .9999174  .0092650  .0089107
T   57  1 .1934936E+07   5000112E-02  .6001E+02 -.1066E+03   .9999721  .0027642 -.0069420
T   58  1 .1919193E+07   5000021E-02  .3109E+03 -.4847E+03   .9998594  .0113768 -.0123209
T   59  1 .1915406E+07   5000107E-02  .1531E+02 -.1386E+01   .9999962 -.0027494  .0001861
T   60  1 .1925250E+07   5000020E-02  .1493E+03 -.6023E+02   .9999119  .0098478 -.0089023
T   61  1 .1921308E+07   5000204E-02  .1678E+03 -.8733E+02   .9999739  .0058667 -.0042151
T   62  1 .1915467E+07   5000095E-02 -.5282E+02  .1135E+03   .9999842 -.0011838  .0054952
T   63  1 .1921302E+07   5000158E-02 -.6812E+00  .2348E+02   .9999984  .0017923  .0000098
T   64  1 .1924433E+07   5000028E-02 -.2697E+02  .7703E+02   .9999989 -.0003782 -.0014025
T   65  1 .1912069E+07   5000120E-02 -.1086E+03 -.5808E+02   .9999744 -.0066274 -.0026915
T   66  1 .1924820E+07   5000015E-02 -.3554E+02  .2374E+02   .9999977 -.0018711  .0010548
T   67  1 .1918613E+07   5000179E-02 -.1029E+03  .8078E+02   .9999888 -.0043880  .0017708
T   68  1 .1930211E+07   5000226E-02  .3176E+02 -.2357E+02   .9999645 -.0009316 -.0083769
T   69  1 .1919056E+07   5000171E-02 -.3858E+00 -.1185E+03   .9999634 -.0010596 -.0084883
T   70  1 .1920475E+07   5000115E-02  .1580E+03 -.1334E+03   .9999431  .0072140 -.0078629
T   71  1 .1919894E+07   5000053E-02 -.6597E+02 -.1323E+03   .9999614 -.0023826 -.0084578
T   72  1 .1930601E+07   5000167E-02  .1503E+03  .3356E+03   .9998568  .0169095  .0006038
T   73  1 .1925225E+07   5000043E-02 -.1619E+03  .6942E+02   .9999203 -.0098093  .0079515
T   74  1 .1923415E+07   5000062E-02  .2810E+01 -.1076E+02   .9999983  .0018481  .0001331
T   75  1 .1913592E+07   5000127E-02 -.9989E+02  .8376E+02   .9999753 -.0059509  .0037430
T   76  1 .1925918E+07   5000019E-02  .1051E+03  .7149E+02   .9999814  .0060848  .0003758
T   77  1 .1923757E+07   5000210E-02 -.1129E+03 -.7384E+02   .9999884 -.0042545 -.0022418
T   78  1 .1919440E+07   5000066E-02  .9105E+01  .2205E+02   .9999989 -.0011569  .0008920
T   79  1 .1933850E+07   5000046E-02 -.2025E+03 -.2666E+02   .9998981 -.0123378 -.0071837
T   80  1 .1930973E+07   5000180E-02 -.7689E+02 -.1631E+03   .9999701 -.0017841 -.0075217
T   81  1 .1919087E+07   5000055E-02  .4318E+02 -.4616E+02   .9999875  .0027181 -.0041977
T   82  1 .1925060E+07   5000149E-02  .6185E+02  .1017E+03   .9999689  .0016212  .0077239
T   83  1 .1918609E+07   5000178E-02 -.3436E+03  .1448E+03   .9999263 -.0080571  .0090771
T   84  1 .1917337E+07   5000203E-02  .1252E+03 -.1993E+02   .9999970  .0022961 -.0008094
T   85  1 .1936109E+07   5000081E-02 -.3278E+03 -.2043E+03   .9993244 -.0309974 -.0197445
T   86  1 .1928084E+07   5000051E-02  .1018E+03  .2040E+03   .9999171  .0044974  .0120611
T   87  1 .1923567E+07   5000049E-02 -.1120E+03 -.1979E+02   .9999877 -.0049110 -.0007402
T   88  1 .1915305E+07   5000204E-02  .1083E+02 -.1023E+02   .9999922 -.0015681 -.0036316
T   89  1 .1910732E+07   5000220E-02 -.2425E+03  .1317E+03   .9999353 -.0103022  .0048160
T   90  1 .1917456E+07   5000088E-02  .2640E+02 -.8172E+01   .9999940 -.0000540 -.0034494
T   91  1 .1925323E+07   5000056E-02 -.2578E+02 -.2100E+02   .9999825 -.0054540  .0022830
T   92  1 .1926610E+07   5000187E-02  .2418E+02 -.3573E+01   .9999942  .0033264  .0006826
T   93  1 .1922564E+07   5000041E-02  .3693E+00 -.8661E+01   .9999980 -.0019020 -.0006508
T   94  1 .1920586E+07   5000103E-02 -.4831E+02 -.5725E+02   .9999667 -.0032180 -.0074968
T   95  1 .1927595E+07   5000178E-02 -.1329E+03  .7126E+02   .9999657 -.0070441  .0043457
T   96  1 .1915156E+07   5000127E-02 -.7025E+02  .3429E+00   .9999892 -.0044351 -.0013923
T   97  1 .1923382E+07   5000191E-02  .2179E+03  .4236E+02   .9999593  .0089347 -.0012542
T   98  1 .1937337E+07   5000056E-02  .1252E+03 -.2738E+02   .9999902  .0037492 -.0023339
T   99  1 .1928824E+07   5000099E-02 -.1048E+03  .2617E+02   .9999981 -.0013852  .0013457
T  100  1 .1914373E+07   5000160E-02 -.9308E+01  .2207E+02   .9999987 -.0016220 -.0001112
T  101  1 .1924199E+07   5000113E-02 -.9640E+00 -.9371E+01   .9999986 -.0016619  .0000179
T  102  1 .1930160E+07   5000162E-02  .1134E+03 -.1156E+03   .9999820  .0031414 -.0051070
T  103  1 .1923258E+07   5000026E-02 -.2032E+02 -.3578E+02   .9996331  .0270551  .0013254
T  104  1 .1933130E+07   5000040E-02 -.7546E+02 -.5698E+02   .9999834 -.0005711 -.0057268
T  105  1 .1923946E+07   5000003E-02 -.1139E+03 -.3205E+02   .9999908 -.0042807  .0002064
T  106  1 .1918419E+07   5000035E-02 -.1169E+02 -.4583E+02   .9999904 -.0022178 -.0037826
T  107  1 .1922966E+07   5000190E-02  .3621E+02 -.7787E+02   .9999821  .0046767 -.0037236
T  108  1 .1927445E+07   5000135E-02 -.1359E+03 -.5180E+02   .9999237 -.0110552 -.0055165
T  109  1 .1929894E+07   5000224E-02 -.2879E+03 -.7050E+02   .9999602 -.0089113  .0003956
T  110  1 .1920702E+07   5000095E-02  .4367E+02 -.3946E+01   .9999894  .0040943  .0021201
T  111  1 .1925364E+07   5000222E-02  .1088E+03 -.4266E+02   .9999720  .0073804  .0012638
T  112  1 .1916746E+07   5000089E-02 -.3609E+02 -.2377E+02   .9999970 -.0024163 -.0004947
T  113  1 .1911522E+07   5000094E-02 -.7468E+02 -.4504E+02   .9999704 -.0075248 -.0016072
T  114  1 .1917115E+07   5000053E-02 -.5953E+02 -.7469E+02   .9999856 -.0009175 -.0052852
T  115  1 .1915357E+07   5000178E-02  .1001E+03 -.6763E+02   .9999476  .0091987 -.0044949
T  116  1 .1927854E+07   5000078E-02  .2185E+02  .8342E+00   .9999950  .0025735  .0018198
T  117  1 .1924285E+07   5000106E-02  .1226E+02 -.4743E+02   .9999824  .0012709 -.0058006
T  118  1 .1923132E+07   5000119E-02 -.2979E+03 -.1541E+03   .9999268 -.0112487 -.0044473
T  119  1 .1911737E+07   5000141E-02 -.5112E+02 -.5199E+02   .9999871 -.0044645  .0024273
T  120  1 .1923489E+07   5000104E-02  .2578E+02  .3889E+02   .9999678  .0051551  .0061561
T  121  1 .1929511E+07   5000057E-02  .1984E+01 -.5875E+01   .9999975  .0020256  .0009006
T  122  1 .1918859E+07   5000052E-02  .5263E+02 -.2523E+00   .9999972  .0015373  .0018139
T  123  1 .1922413E+07   5000197E-02 -.1420E+02 -.7059E+02   .9999907  .0041792 -.0010504
T  124  1 .1924738E+07   5000157E-02  .1189E+02 -.8923E+02   .9999967  .0003028 -.0025639
T  125  1 .1927050E+07   5000078E-02  .8307E+02  .2577E+02   .9999893  .0045477  .0008351
T  126  1 .1928882E+07   5000200E-02 -.1639E+02 -.5945E+01   .9999997 -.0007580  .0001608
T  127  1 .1922219E+07   5000169E-02 -.1231E+01 -.3314E+01   .9999901  .0021405  .0038886
T  128  1 .1924011E+07   5000006E-02 -.1100E+02  .1342E+02   .9999968  .0000868  .0025263
T  129  1 .1929583E+07   5000035E-02  .4860E+02  .1371E+03   .9999630  .0036216  .0078018
T  130  1 .1919812E+07   5000164E-02  .2272E+02 -.7658E+01   .9999991  .0008840 -.0009848
T  131  1 .1925284E+07   5000026E-02  .9089E+02 -.8858E+02   .9999488 -.0020847 -.0099039
T  132  1 .1929128E+07   5000165E-02 -.2328E+02  .3953E+02   .9999982 -.0006195  .0018096
T  133  1 .1921853E+07   5000199E-02 -.8733E+02 -.9586E+02   .9999906 -.0026710 -.0034292
T  134  1 .1927511E+07   5000134E-02 -.1989E+03 -.6069E+02   .9999122 -.0128166 -.0033749
T  135  1 .1924072E+07   5000192E-02 -.2929E+02 -.2165E+02   .9999999 -.0003643  .0000464
T  136  1 .1913989E+07   5000113E-02  .1473E+00  .1028E+02   .9999984 -.0008366  .0015557
T  137  1 .1915408E+07   5000216E-02  .1948E+02  .1026E+03   .9999919  .0039276  .0008922
T  138  1 .1924591E+07   5000007E-02 -.3427E+02 -.1512E+03   .9999820  .0023534 -.0055151
T  139  1 .1920225E+07   5000058E-02 -.1160E+03  .3344E+02   .9999889 -.0043141 -.0018858
T  140  1 .1927401E+07   5000126E-02 -.1543E+02 -.1008E+03   .9999952 -.0023445 -.0020477
T  141  1 .1919476E+07   5000117E-02 -.1236E+03  .7157E+02   .9999568 -.0092110 -.0012203
T  142  1 .1926213E+07   5000098E-02 -.5267E+02 -.1286E+03   .9999688 -.0033396 -.0071535
T  143  1 .1930656E+07   5000168E-02 -.2697E+01  .7172E+01   .9999963  .0003379  .0026885
T  144  1 .1913081E+07   5000028E-02  .1222E+03  .5935E+02   .9999883  .0034773  .0033534
T  145  1 .1924437E+07   5000155E-02 -.1491E+03 -.9489E+02   .9999403 -.0075484 -.0078948
T  146  1 .1923080E+07   5000103E-02  .1964E+02 -.1770E+02   .9999991  .0006569 -.0011618
T  147  1 .1923164E+07   5000177E-02  .5012E+02  .1623E+02   .9999791  .0063804  .0010621
T  148  1 .1928827E+07   5000014E-02 -.7427E+01  .9762E+02   .9999976 -.0006622  .0021044
T  149  1 .1919732E+07   5000155E-02 -.7199E+02  .8280E+02   .9999928 -.0010347  .0036590
T  150  1 .1926272E+07   5000169E-02 -.2634E+02 -.1066E+02   .9999909 -.0016011 -.0039434
T  151  1 .1929959E+07   5000222E-02  .3960E+02 -.9165E+02   .9999891 -.0004533  .0046371
T  152  1 .1920983E+07   5000226E-02 -.2437E+02 -.6346E+02   .9999892 -.0028702 -.0036657
T  153  1 .1912742E+07   5000134E-02 -.4104E+03 -.4612E+03   .9997642 -.0138486 -.0167252
T  154  1 .1917434E+07   5000030E-02  .1134E+03 -.1008E+02   .9999867  .0051592  .0001625
T  155  1 .1921866E+07   5000219E-02  .2163E+01 -.1694E+02   .9999988  .0015391  .0001752
T  156  1 .1920436E+07   5000204E-02 -.1409E+02 -.5523E+01   .9999999  .0002271  .0000927
T  157  1 .1932841E+07   5000183E-02  .1203E+03 -.2898E+02   .9999967  .0004807 -.0025185
T  158  1 .1930662E+07   5000076E-02  .1242E+03  .1414E+03   .9999440  .0058044  .0088503
T  159  1 .1931801E+07   5000018E-02  .1722E+03 -.2711E+02   .9999517  .0024076 -.0095297
T  160  1 .1927089E+07   5000163E-02  .6219E+02 -.2520E+03   .9999533  .0019757 -.0094622
T  161  1 .1917882E+07   5000181E-02 -.3491E+02  .5571E+01   .9999818 -.0057075 -.0019748
T  162  1 .1915749E+07   5000075E-02  .1352E+03 -.5622E+01   .9999733  .0060160 -.0041599
T  163  1 .1920655E+07   5000106E-02 -.1343E+03  .7187E+01   .9999670 -.0058420  .0056463
T  164  1 .1922218E+07   5000017E-02  .1137E+02 -.3294E+02   .9999961 -.0002400 -.0027654
T  165  1 .1919377E+07   5000180E-02  .2574E+02  .4523E+01   .9999979  .0017756 -.0010431
T  166  1 .1916704E+07   5000216E-02 -.3091E+02 -.1533E+02   .9999918 -.0038621  .0011843
T  167  1 .1924092E+07   5000191E-02  .1061E+03 -.5382E+02   .9999675  .0076064 -.0026855
T  168  1 .1937636E+07   5000138E-02  .6101E+02 -.1216E+03   .9999801 -.0016263 -.0061022
T  169  1 .1922398E+07   5000143E-02 -.3824E+01  .7457E+02   .9999934  .0024185  .0027124
T  170  1 .1922489E+07   5000109E-02 -.8022E+02 -.8381E+02   .9999910 -.0035996 -.0022599
T  171  1 .1923613E+07   5000012E-02  .1862E+02  .1623E+03   .9999450  .0037237  .0098058
T  172  1 .1925314E+07   5000067E-02 -.1552E+03  .1469E+03   .9999631  .0048244  .0071027
T  173  1 .1920004E+07   5000104E-02 -.2888E+02 -.9198E+02   .9999797 -.0026947 -.0057741
T  174  1 .1923375E+07   5000194E-02 -.2226E+02  .4370E+02   .9999980 -.0008504 -.0018130
T  175  1 .1924757E+07   5000023E-02  .2498E+01 -.1757E+03   .9999586 -.0022641 -.0088173
T  176  1 .1925847E+07   5000120E-02  .1102E+03  .3918E+02   .9999665 -.0050584  .0064288
T  177  1 .1924436E+07   5000046E-02  .2680E+03  .3852E+03   .9997265  .0125492  .0197326
T  178  1 .1916175E+07   5000103E-02 -.1283E+03 -.4561E+02   .9999135 -.0131497  .0003007
T  179  1 .1926218E+07   5000157E-02  .7122E+01  .1186E+02   .9999837  .0045642 -.0034174
T  180  1 .1909064E+07   5000080E-02 -.2232E+02 -.2592E+02   .9999960 -.0014849 -.0024255
T  181  1 .1920864E+07   5000009E-02  .3174E+02 -.6460E+02   .9999954  .0012465 -.0027620
T  182  1 .1930876E+07   5000176E-02 -.2754E+03  .8618E+01   .9999142 -.0130939 -.0003169
T  183  1 .1918998E+07   5000220E-02 -.2792E+03  .3292E+03   .9996273 -.0163288  .0218793
T  184  1 .1926486E+07   5000068E-02  .7328E+02  .7106E+02   .9999973 -.0019557  .0012669
T  185  1 .1917570E+07   5000210E-02  .4234E+02  .4944E+03   .9996885  .0037885  .0246685
T  186  1 .1924211E+07   5000153E-02  .1328E+03  .6811E+02   .9999830  .0041157  .0041273
T  187  1 .1917515E+07   5000092E-02  .6548E+02  .1288E+03   .9999816  .0018159  .0057860
T  188  1 .1920706E+07   5000103E-02  .2073E+03  .6459E+02   .9999844  .0051925  .0020816
T  189  1 .1935927E+07   5000013E-02 -.1083E+02  .2028E+02   .9999872 -.0012526 -.0049062
T  190  1 .1921430E+07   5000044E-02 -.7677E+02  .2606E+02   .9999823 -.0047007  .0036588
T  191  1 .1925598E+07   5000223E-02 -.1473E+03 -.6714E+01   .9999834 -.0055632 -.0014877
T  192  1 .1924615E+07   5000089E-02 -.1177E+03 -.1400E+03   .9999811  .0037686 -.0048576
T  193  1 .1912805E+07   5000021E-02 -.5012E+02  .1065E+03   .9999893 -.0011798  .0044669
T  194  1 .1922313E+07   5000168E-02 -.5258E+02  .6444E+02   .9999797 -.0033371  .0054233
T  195  1 .1914480E+07   5000036E-02  .7069E+02  .1071E+03   .9999542 -.0017334  .0094153
T  196  1 .1935665E+07   5000208E-02  .5246E+02  .1866E+03   .9999643  .0022450  .0081494
T  197  1 .1921824E+07   5000036E-02 -.1370E+02 -.8203E+02   .9999633 -.0059130 -.0061970
T  198  1 .1919221E+07   5000209E-02  .6933E+01 -.5919E+02   .9999986  .0008297 -.0014207
T  199  1 .1918355E+07   5000116E-02 -.8797E+02 -.2122E+03   .9999201 -.0002149 -.0126353
T  200  1 .1919456E+07   5000219E-02 -.2683E+02 -.4857E+02   .9999839 -.0026825 -.0050100
T  201  1 .1907769E+07   5000057E-02  .5865E+02 -.1638E+02   .9999903  .0043797 -.0004370
T  202  1 .1917760E+07   5000203E-02 -.1635E+02  .2837E+02   .9999911 -.0031855  .0027603
T  203  1 .1917315E+07   5000063E-02  .1421E+03  .6099E+03   .9998737  .0044792  .0152488
T  204  1 .1924038E+07   5000210E-02 -.4295E+02  .1531E+03   .9999770  .0002033  .0067786
T  205  1 .1926500E+07   5000123E-02 -.2648E+02  .2422E+02   .9999831 -.0020873  .0054208
T  206  1 .1923776E+07   5000007E-02  .1218E+03  .8932E+02   .9999668  .0063336  .0051333
T  207  1 .1906483E+07   5000207E-02 -.8054E+02  .1177E+02   .9999456  .0094219  .0044855
T  208  1 .1929875E+07   5000161E-02 -.1576E+03  .5861E+02   .9999681 -.0076661  .0022536
T  209  1 .1917824E+07   5000219E-02  .1470E+03 -.3831E+03   .9998392  .0051903 -.0171660
T  210  1 .1924637E+07   5000221E-02  .1492E+03 -.9729E+02   .9999902  .0034711 -.0027573
T  211  1 .1921453E+07   5000138E-02  .2457E+03  .2173E+03   .9998928  .0109218  .0097499
T  212  1 .1921170E+07   5000188E-02  .2144E+03 -.1309E+03   .9997436  .0170196 -.0149322
T  213  1 .1918885E+07   5000163E-02 -.1661E+02 -.1995E+02   .9999863 -.0016939 -.0049567
T  214  1 .1926451E+07   5000152E-02  .8854E+02 -.1896E+03   .9999493  .0021291 -.0098460
T  215  1 .1922693E+07   5000040E-02 -.1279E+03  .2126E+02   .9999622 -.0059366  .0063492
T  216  1 .1926906E+07   5000051E-02 -.1025E+03 -.7499E+02   .9999909 -.0040842 -.0012435
T  217  1 .1920815E+07   5000191E-02  .1896E+02 -.5356E+02   .9999849  .0042726 -.0034666
T  218  1 .1934436E+07   5000208E-02 -.2738E+02  .4478E+02   .9999973 -.0015301 -.0017287
T  219  1 .1919973E+07   5000135E-02 -.8121E+01 -.4502E+03   .9999037 -.0005344 -.0138694
T  220  1 .1925253E+07   5000137E-02 -.1749E+03  .3836E+02   .9999475 -.0077993  .0066386
T  221  1 .1918340E+07   5000174E-02 -.3420E+02  .1765E+02   .9999871 -.0014298  .0048732
T  222  1 .1923289E+07   5000006E-02  .5613E+01  .3511E+02   .9999987  .0013219  .0009586
T  223  1 .1917649E+07   5000148E-02 -.5289E+02  .1219E+03   .9999832 -.0009327  .0057273
T  224  1 .1926455E+07   5000195E-02 -.1215E+03 -.1933E+03   .9999537  .0014417 -.0095127
T  225  1 .1928701E+07   5000156E-02  .3582E+02 -.2608E+03   .9999622  .0016305 -.0085416
T  226  1 .1915242E+07   5000014E-02 -.3587E+02  .1012E+02   .9999996 -.0007474 -.0004885
T  227  1 .1923167E+07   5000004E-02 -.5393E+02  .1163E+02   .9999886 -.0042954  .0020745
T  228  1 .1918577E+07   5000104E-02  .1007E+03  .6336E+02   .9999777  .0066356 -.0007271
T  229  1 .1917777E+07   5000116E-02 -.1255E+03 -.1159E+03   .9999769 -.0055358 -.0039522
T  230  1 .1916160E+07   5000142E-02  .4566E+02 -.3041E+02   .9999969  .0007340 -.0023714
T  231  1 .1921394E+07   5000119E-02  .1541E+03  .6686E+02   .9999587  .0084723  .0033014
T  232  1 .1927088E+07   5000080E-02 -.9989E+03  .5224E+02   .9992386 -.0371064 -.0120529
T  233  1 .1933312E+07   5000170E-02  .8316E+01 -.4804E+01   .9999818  .0050568 -.0032866
T  234  1 .1916876E+07   5000225E-02  .6690E+02  .1852E+03   .9999313  .0059563  .0100960
T  235  1 .1919831E+07   5000178E-02 -.1281E+02 -.1392E+03   .9999373 -.0021287 -.0109948
T  236  1 .1926848E+07   5000037E-02  .1022E+02  .2276E+02   .9999800  .0051513  .0036788
T  237  1 .1927315E+07   5000215E-02  .9065E+02 -.4892E+02   .9999903  .0034335 -.0027721
T  238  1 .1918065E+07   5000211E-02 -.2537E+02  .4051E+02   .9999884 -.0029082  .0038288
T  239  1 .1920126E+07   5000083E-02 -.7079E+01 -.1031E+03   .9999676  .0047701  .0064814
T  240  1 .1918732E+07   5000032E-02  .1309E+02  .2820E+02   .9999652  .0059555  .0058503
T  241  1 .1928936E+07   5000071E-02 -.3253E+01 -.1193E+03   .9999533 -.0034480 -.0090302
T  242  1 .1923249E+07   5000187E-02  .2802E+02  .9552E+01   .9999990  .0013993  .0001941
T  243  1 .1932545E+07   5000164E-02  .4614E+02 -.2202E+02   .9999808  .0051528 -.0034504
T  244  1 .1924735E+07   5000059E-02  .3233E+02 -.1867E+02   .9999987  .0016114 -.0001549
T  245  1 .1926904E+07   5000119E-02 -.5470E+02 -.1980E+03   .9999794  .0059611 -.0023811
T  246  1 .1920561E+07   5000065E-02 -.1789E+03  .7719E+01   .9999800 -.0063124  .0003496
T  247  1 .1922871E+07   5000066E-02 -.2466E+02  .1844E+03   .9999319  .0011369  .0116180
T  248  1 .1913583E+07   5000059E-02 -.5572E+02  .5502E+02   .9999890  .0040277  .0023872
T  249  1 .1925417E+07   5000165E-02 -.3499E+01 -.1195E+03   .9999835  .0057303  .0004177
T  250  1 .1919209E+07   5000210E-02 -.4345E+01 -.2079E+02   .9999899 -.0019344 -.0040553
T  251  1 .1919222E+07   5000222E-02  .1984E+02  .1296E+02   .9999965  .0020864  .0016457
T  252  1 .1927429E+07   5000203E-02  .1204E+01 -.2832E+02   .9999892 -.0042161 -.0019398
T  253  1 .1930258E+07   5000171E-02  .6205E+02  .7095E+02   .9999947  .0005819  .0031913
T  254  1 .1925423E+07   5000093E-02  .6446E+02 -.1522E+02   .9999681  .0078246  .0015991
T  255  1 .1926039E+07   5000053E-02 -.5523E+01 -.3388E+02   .9999948 -.0012718 -.0029643
T  256  1 .1925953E+07   5000179E-02  .9752E+02  .1637E+02   .9990763 -.0422860  .0076409
T  257  1 .1914281E+07   5000191E-02  .7193E+02  .1164E+03   .9999797  .0039584  .0050017
T  258  1 .1925975E+07   5000108E-02  .1874E+02 -.4738E+01   .9999926  .0038312 -.0003559
T  259  1 .1917733E+07   5000205E-02 -.2552E+02  .1372E+03   .9999943  .0009078  .0032511
T  260  1 .1931708E+07   5000086E-02  .4927E+02 -.2095E+02   .9999756  .0063982 -.0028062
T  261  1 .1924307E+07   5000223E-02  .2566E+01  .7768E+01   .9999960  .0010822  .0026224
T  262  1 .1923968E+07   5000113E-02  .7509E+02  .5281E+03   .9998931  .0009258  .0145940
T  263  1 .1917074E+07   5000001E-02  .2237E+02  .8577E+02   .9999884  .0005878  .0047805
T  264  1 .1933848E+07   5000188E-02  .2396E+01  .1256E+02   .9999962 -.0008477  .0026403
T  265  1 .1930289E+07   5000150E-02  .1283E+03  .9970E+02   .9999716  .0063713  .0040252
T  266  1 .1915164E+07   5000152E-02  .1571E+02 -.7588E+01   .9999858  .0033566  .0041278
T  267  1 .1929637E+07   5000017E-02  .1379E+03 -.1955E+03   .9999592  .0061223 -.0066376
T  268  1 .1918449E+07   5000099E-02  .1281E+03 -.8350E+02   .9999997  .0006258 -.0003651
T  269  1 .1928140E+07   5000205E-02  .1863E+02  .2574E+02   .9999865 -.0051904  .0002506
T  270  1 .1914765E+07   5000156E-02  .1385E+02 -.1529E+03   .9999546 -.0075570  .0058054
T  271  1 .1922677E+07   5000054E-02  .1571E+03 -.2613E+01   .9998853  .0147570  .0033998
T  272  1 .1935658E+07   5000054E-02  .8863E+02  .9917E+02   .9999947  .0010654  .0030861
T  273  1 .1919377E+07   5000077E-02  .1978E+02 -.1454E+02   .9999993  .0000230 -.0012025
T  274  1 .1926329E+07   5000218E-02  .2973E+01 -.1429E+02   .9999871 -.0033506 -.0038265
T  275  1 .1922831E+07   5000039E-02  .1032E+02 -.9803E+01   .9999860  .0043569 -.0029871
T  276  1 .1922245E+07   5000043E-02 -.3363E+02 -.8704E+02   .9999863 -.0018381 -.0048938
T  277  1 .1929584E+07   5000178E-02  .6261E+01 -.2160E+02   .9999994 -.0009977 -.0003294
T  278  1 .1926889E+07   5000176E-02 -.8457E+02 -.1460E+03   .9999603 -.0044838 -.0077066
T  279  1 .1933043E+07   5000204E-02  .1439E+02  .2837E+02   .9999977 -.0020720 -.0005494
T  280  1 .1909604E+07   5000038E-02  .8560E+02  .4352E+02   .9999736  .0071112  .0014739
T  281  1 .1918853E+07   5000094E-02 -.5460E+02  .2198E+03   .9999748  .0039518  .0058918
T  282  1 .1918528E+07   5000193E-02 -.5357E+02 -.8434E+02   .9999942 -.0023700 -.0024405
T  283  1 .1934227E+07   5000051E-02 -.2045E+03 -.2040E+02   .9999538 -.0095197 -.0013245
T  284  1 .1923181E+07   5000098E-02 -.1082E+01 -.1336E+02   .9999810  .0054686  .0028443
T  285  1 .1929723E+07   5000198E-02  .1067E+03  .8849E+02   .9999416  .0054095  .0093583
T  286  1 .1923250E+07   5000201E-02  .1404E+03  .3332E+03   .9999203  .0064397  .0108550
T  287  1 .1920603E+07   5000220E-02 -.7188E+02 -.5015E+02   .9999838 -.0051605  .0023999
T  288  1 .1930909E+07   5000193E-02  .1880E+02 -.1087E+03   .9999895  .0004648 -.0045563
T  289  1 .1927626E+07   5000195E-02  .1604E+03  .4561E+02   .9999754  .0064618  .0027190
T  290  1 .1919503E+07   5000185E-02 -.1070E+03 -.2354E+03   .9998190 -.0107638 -.0156901
T  291  1 .1932399E+07   5000069E-02  .7898E+01  .7300E+02   .9999862 -.0045184  .0026664
T  292  1 .1924494E+07   5000135E-02 -.3501E+02 -.5799E+02   .9999880 -.0029702 -.0039032
T  293  1 .1916349E+07   5000053E-02 -.1917E+03 -.6626E+02   .9999170 -.0124538 -.0033063
T  294  1 .1925000E+07   5000189E-02 -.9990E+02  .2472E+03   .9997770 -.0127826  .0168067
T  295  1 .1914654E+07   5000227E-02  .4626E+02  .5668E+02   .9999900  .0021039  .0039553
T  296  1 .1923617E+07   5000004E-02  .9803E+02 -.7220E+02   .9999610  .0040522 -.0078469
T  297  1 .1916386E+07   5000126E-02  .8166E+01 -.1163E+02   .9999995 -.0006441 -.0007544
T  298  1 .1928416E+07   5000218E-02  .8083E+02 -.3650E+02   .9999932  .0027529 -.0024467
T  299  1 .1923545E+07   5000223E-02  .9353E+02 -.1841E+00   .9999539  .0090109 -.0033290
T  300  1 .1914752E+07   5000063E-02 -.1339E+03 -.3434E+03   .9999448 -.0059063 -.0086866
T  301  1 .1923502E+07   5000222E-02  .5418E+02  .3844E+03   .9998844 -.0036081  .0147711
T  302  1 .1906745E+07   5000083E-02  .5565E+02  .1495E+03   .9999362  .0101215  .0050133
T  303  1 .1937815E+07   5000105E-02 -.1826E+03 -.7054E+01   .9999361 -.0079899  .0080011
T  304  1 .1911190E+07   5000213E-02  .3835E+02 -.9259E+02   .9999658 -.0010720 -.0082010
T  305  1 .1925300E+07   5000208E-02  .9057E+02  .1097E+03   .9999896  .0006209  .0045240
T  306  1 .1912685E+07   5000135E-02 -.4655E+02 -.1328E+02   .9998354 -.0097494 -.0152985
T  307  1 .1916700E+07   5000209E-02 -.2892E+03 -.3621E+03   .9998304 -.0081369 -.0165203
T  308  1 .1925002E+07   5000113E-02  .1726E+01  .1875E+03   .9999865 -.0008284  .0051284
T  309  1 .1921250E+07   5000085E-02  .9058E+01  .4099E+02   .9999845 -.0002135  .0055725
T  310  1 .1927992E+07   5000006E-02 -.5495E+03 -.5740E+02   .9998546 -.0170425 -.0005485
T  311  1 .1915613E+07   5000127E-02 -.3648E+01  .2664E+02   .9999815 -.0060604 -.0004728
T  312  1 .1935749E+07   5000222E-02 -.5821E+01 -.2812E+02   .9999980 -.0003219 -.0019859
T  313  1 .1936420E+07   5000169E-02  .1924E+01  .1357E+02   .9999991  .0010060 -.0009076
T  314  1 .1917689E+07   5000180E-02 -.1199E+02 -.9306E+02   .9999836  .0032353 -.0047328
T  315  1 .1917914E+07   5000069E-02 -.2909E+02 -.1925E+03   .9999571 -.0031590 -.0087045
T  316  1 .1921472E+07   5000039E-02  .2530E+02 -.5665E+02   .9999984 -.0006400 -.0016787
T  317  1 .1914449E+07   5000217E-02  .1246E+02  .9633E+02   .9999741  .0014772  .0070480
T  318  1 .1911119E+07   5000080E-02 -.1073E+01 -.2091E+02   .9999969  .0022288 -.0010987
T  319  1 .1928895E+07   5000130E-02  .4271E+02  .2286E+02   .9999943  .0018818  .0028075
T  320  1 .1928491E+07   5000113E-02  .3015E+02 -.2508E+02   .9999960  .0024567 -.0013667
T  321  1 .1924285E+07   5000154E-02  .1160E+03  .3779E+02   .9999780  .0060497  .0027181
T  322  1 .1922316E+07   5000109E-02 -.3359E+02 -.3610E+01   .9999913  .0003975  .0041629
T  323  1 .1923729E+07   5000159E-02 -.1599E+03  .7667E+02   .9999771 -.0062871  .0024885
T  324  1 .1923398E+07   5000196E-02 -.1538E+02  .3876E+02   .9999852 -.0037798  .0039174
T  325  1 .1922629E+07   5000107E-02  .1596E+03 -.4061E+02   .9999600  .0076400 -.0046535
T  326  1 .1934881E+07   5000171E-02 -.2716E+01 -.1544E+03   .9999318  .0040414 -.0109606
T  327  1 .1906645E+07   5000028E-02 -.2770E+02 -.6297E+03   .9993028 -.0013636 -.0373106
T  328  1 .1920642E+07   5000173E-02  .3190E+02  .2930E+02   .9999990 -.0000961  .0013824
T  329  1 .1926555E+07   5000194E-02 -.1425E+03  .6840E+02   .9999954  .0005491  .0029895
T  330  1 .1924229E+07   5000153E-02 -.7373E+01 -.6818E+02   .9999761 -.0002629 -.0069083
T  331  1 .1914466E+07   5000063E-02  .9645E+02  .5860E+02   .9999960  .0020870  .0019344
T  332  1 .1937452E+07   5000209E-02 -.4441E+03  .2005E+03   .9998731 -.0146566  .0062372
T  333  1 .1922663E+07   5000090E-02 -.1518E+02 -.2472E+02   .9999982 -.0013695  .0012895
T  334  1 .1923823E+07   5000201E-02 -.2886E+02 -.1464E+03   .9999900 -.0008387 -.0043845
T  335  1 .1918561E+07   5000025E-02 -.9523E+02  .1210E+03   .9999200  .0084292  .0094300
T  336  1 .1918094E+07   5000187E-02 -.1015E+02 -.7010E+02   .9999947 -.0010025 -.0031049
T  337  1 .1930709E+07   5000023E-02 -.6807E+02  .8736E+02   .9999927 -.0025106  .0028676
T  338  1 .1928663E+07   5000147E-02  .1800E+03 -.3490E+02   .9999766  .0054877 -.0040959
T  339  1 .1908920E+07   5000225E-02 -.2434E+02  .5981E+01   .9999890 -.0041325 -.0022190
T  340  1 .1914816E+07   5000096E-02  .1247E+03  .9681E+02   .9999758  .0035325  .0059922
T  341  1 .1918222E+07   5000208E-02  .2083E+02  .1477E+02   .9999935 -.0021134 -.0029247
T  342  1 .1918647E+07   5000063E-02  .3488E+03 -.3146E+02   .9999291  .0116702 -.0023503
T  343  1 .1915979E+07   5000166E-02  .2303E+02 -.9714E+02   .9999931  .0035444 -.0011173
T  344  1 .1916129E+07   5000197E-02 -.2778E+02  .2580E+01   .9999977 -.0019056 -.0009858
T  345  1 .1927988E+07   5000155E-02  .9203E+00 -.1215E+03   .9999941 -.0030330 -.0016429
T  346  1 .1926230E+07   5000145E-02  .6234E+02  .6517E+02   .9999481  .0086512  .0053799
T  347  1 .1914781E+07   5000138E-02 -.4672E+02  .1115E+04   .9993034 -.0060725  .0368218
T  348  1 .1926349E+07   5000187E-02  .4902E+02 -.1502E+03   .9999418  .0020198 -.0106026
T  349  1 .1942469E+07   5000225E-02  .1422E+03  .8164E+02   .9999814  .0060121 -.0010054
T  350  1 .1927265E+07   5000027E-02 -.5179E+01 -.1544E+03   .9999989 -.0009339 -.0011227
T  351  1 .1931612E+07   5000178E-02  .5674E+02  .9423E+02   .9999837  .0014787  .0055212
T  352  1 .1931043E+07   5000193E-02  .2301E+02 -.1753E+02   .9999539  .0091706  .0028628
T  353  1 .1937006E+07   5000192E-02 -.5638E+02  .2087E+03   .9999418 -.0017341  .0106463
T  354  1 .1937498E+07   5000012E-02 -.4606E+02  .4619E+02   .9999742 -.0006946  .0071448
T  355  1 .1926536E+07   5000121E-02 -.1199E+03 -.7483E+02   .9999617 -.0073449 -.0047519
T  356  1 .1913243E+07   5000213E-02  .1013E+02 -.4328E+02   .9999680 -.0009311 -.0079445
T  357  1 .1915394E+07   5000208E-02  .5213E+02  .2101E+02   .9999918  .0039301  .0009921
T  358  1 .1925641E+07   5000065E-02 -.2749E+02  .2086E+02   .9999919 -.0022343  .0033396
T  359  1 .1910177E+07   5000051E-02 -.7200E+02  .2051E+02   .9999873 -.0034649  .0036469
T  360  1 .1921251E+07   5000113E-02  .2256E+02  .4435E+02   .9999891  .0022880  .0040598
T  361  1 .1919200E+07   5000099E-02  .1988E+03 -.2396E+03   .9999434  .0036091 -.0100077
T  362  1 .1919262E+07   5000115E-02 -.1031E+01  .7139E+01   .9999991  .0012974  .0002691
T  363  1 .1925193E+07   5000178E-02 -.2951E+03  .3927E+03   .9989343 -.0261141  .0380567
T  364  1 .1912415E+07   5000134E-02  .6728E+01  .1056E+02   .9999928  .0036492  .0010619
T  365  1 .1916791E+07   5000076E-02 -.7194E+02 -.6228E+02   .9999900 -.0024644 -.0037324
T  366  1 .1923076E+07   5000217E-02 -.1896E+02  .7928E+01   .9999983 -.0017725  .0005699
T  367  1 .1935475E+07   5000217E-02 -.5620E+02 -.1062E+03   .9999767 -.0004786 -.0068154
T  368  1 .1912114E+07   5000212E-02  .1090E+01  .1186E+02   .9999962 -.0010164  .0025634
T  369  1 .1923859E+07   5000171E-02  .8039E+02 -.1036E+03   .9999728  .0051311 -.0052960
T  370  1 .1920141E+07   5000004E-02  .5654E+02  .2845E+01   .9999735  .0029990  .0066403
T  371  1 .1921405E+07   5000204E-02 -.1033E+03  .4759E+01   .9999218 -.0124389  .0012883
T  372  1 .1915108E+07   5000192E-02 -.7514E+02 -.1152E+03   .9999712 -.0030247 -.0069653
T  373  1 .1919587E+07   5000191E-02  .6309E+02  .8843E+02   .9999985  .0016777  .0003447
T  374  1 .1911385E+07   5000114E-02 -.8888E+01  .7935E+02   .9999920  .0034861  .0019521
T  375  1 .1927509E+07   5000060E-02 -.1393E+02 -.1109E+02   .9999653  .0082448  .0012173
T  376  1 .1927038E+07   5000024E-02 -.4388E+02 -.5889E+02   .9999492 -.0046652 -.0089395
T  377  1 .1927310E+07   5000146E-02  .4435E+03 -.7572E+02   .9998298  .0178431 -.0046845
T  378  1 .1923527E+07   5000156E-02 -.3148E+02 -.5120E+02   .9999555 -.0046369 -.0082171
T  379  1 .1912316E+07   5000119E-02 -.5494E+01 -.2905E+02   .9999895  .0024949 -.0038539
T  380  1 .1922177E+07   5000007E-02  .7369E+02  .3017E+02   .9999537  .0016043  .0094832
T  381  1 .1918139E+07   5000080E-02  .1060E+03 -.3767E+01   .9999803  .0025534 -.0057368
T  382  1 .1924573E+07   5000086E-02  .2551E+02  .3366E+02   .9999899  .0027040  .0035872
T  383  1 .1934737E+07   5000210E-02  .1856E+02  .1250E+02   .9999949  .0015715  .0027828
T  384  1 .1923078E+07   5000005E-02  .3485E+03 -.7869E+02   .9999538  .0096172  .0000389
T  385  1 .1925540E+07   5000164E-02  .5017E+02  .2448E+02   .9999976  .0012711  .0017639
T  386  1 .1923865E+07   5000151E-02  .8095E+02 -.6590E+02   .9999854  .0036713 -.0039747
T  387  1 .1917998E+07   5000151E-02  .1870E+02 -.1610E+02   .9999978  .0020908 -.0000314
T  388  1 .1923991E+07   5000111E-02 -.3574E+01  .3896E+02   .9999919  .0008077  .0039499
T  389  1 .1921444E+07   5000224E-02  .1866E+03  .2785E+03   .9999023  .0041625  .0133422
T  390  1 .1926418E+07   5000127E-02 -.5929E+03  .1223E+04   .9934395 -.0517009  .1020052
T  391  1 .1928781E+07   5000217E-02 -.3984E+02  .8832E+01   .9999970 -.0017998 -.0016342
T  392  1 .1932647E+07   5000153E-02 -.4883E+02  .1462E+02   .9999705 -.0063207  .0043697
T  393  1 .1934080E+07   5000125E-02  .1827E+03  .1552E+03   .9999689  .0054285  .0057181
T  394  1 .1911272E+07   5000052E-02  .5264E+02 -.1399E+01   .9999929  .0036883 -.0007544
T  395  1 .1910690E+07   5000137E-02  .2181E+02  .6080E+02   .9999910  .0042467  .0002017
T  396  1 .1925501E+07   5000063E-02  .3694E+01 -.2975E+02   .9999945  .0005670 -.0032788
T  397  1 .1922883E+07   5000067E-02  .2885E+02 -.3081E+02   .9999433  .0098008 -.0041539
T  398  1 .1922058E+07   5000187E-02  .9296E+01 -.2292E+02   .9999606 -.0008566 -.0088382
T  399  1 .1912302E+07   5000012E-02 -.1874E+02  .1189E+02   .9999884 -.0048011  .0004238
T  400  1 .1927009E+07   5000222E-02 -.2560E+02 -.2421E+02   .9999683 -.0052944 -.0059494
T  401  1 .1928291E+07   5000101E-02 -.2004E+03  .2448E+02   .9999693 -.0062969 -.0046648
T  402  1 .1927600E+07   5000044E-02 -.1107E+03 -.2319E+03   .9999225 -.0083864 -.0092066
T  403  1 .1931721E+07   5000046E-02 -.1588E+02 -.6858E+02   .9999576 -.0067937 -.0062145
T  404  1 .1930779E+07   5000102E-02 -.1646E+02  .1368E+02   .9999966  .0002408  .0026102
T  405  1 .1910532E+07   5000091E-02  .3187E+03  .1487E+03   .9999950 -.0008104 -.0030478
T  406  1 .1931080E+07   5000226E-02 -.2918E+02  .1919E+02   .9999746 -.0068255  .0020480
T  407  1 .1914138E+07   5000030E-02  .2014E+03  .5990E+02   .9999675  .0077223  .0023188
T  408  1 .1907665E+07   5000150E-02  .8653E+02  .7635E+02   .9999899  .0035662  .0027436
T  409  1 .1926501E+07   5000161E-02 -.1733E+02  .9322E+02   .9998790  .0011004  .0155191
T  410  1 .1928478E+07   5000012E-02 -.2466E+02 -.3773E+01   .9999955 -.0012232 -.0027267
T  411  1 .1922017E+07   5000108E-02  .4749E+02 -.6243E+02   .9999725  .0054529 -.0050227
T  412  1 .1918125E+07   5000010E-02  .1582E+03 -.7385E+02   .9999700  .0047862 -.0060854
T  413  1 .1930373E+07   5000167E-02  .2674E+03 -.1860E+03   .9999113  .0110955 -.0073740
T  414  1 .1931367E+07   5000072E-02  .3629E+02 -.2088E+03   .9999172  .0024225 -.0126374
T  415  1 .1934378E+07   5000015E-02 -.2119E+03  .3041E+02   .9999557 -.0094070  .0001917
T  416  1 .1914648E+07   5000033E-02 -.1642E+02 -.1360E+03   .9999954 -.0004841 -.0029885
T  417  1 .1935600E+07   5000183E-02 -.7389E+02 -.5963E+02   .9999917 -.0020163 -.0035477
T  418  1 .1933601E+07   5000015E-02  .2661E+03  .1165E+03   .9999367  .0108208  .0030825
T  419  1 .1934531E+07   5000146E-02 -.2385E+02  .4048E+02   .9999892 -.0028344  .0036765
T  420  1 .1921860E+07   5000028E-02 -.8992E+02 -.3237E+02   .9999011 -.0124716 -.0064980
T  421  1 .1921916E+07   5000184E-02  .8380E+02  .8171E+02   .9999866  .0049123  .0016270
T  422  1 .1919256E+07   5000088E-02  .4453E+03  .2717E+02   .9998726  .0159517 -.0005729
T  423  1 .1916893E+07   5000155E-02  .1780E+02  .4778E+02   .9999845 -.0036447  .0042190
T  424  1 .1923430E+07   5000141E-02  .8964E+01 -.1408E+03   .9999627 -.0000181 -.0086326
T  425  1 .1931815E+07   5000172E-02  .8637E+02  .6805E+02   .9999764  .0060449  .0032635
T  426  1 .1926323E+07   5000079E-02 -.5902E+02 -.4387E+02   .9999852 -.0050007 -.0021529
T  427  1 .1928014E+07   5000132E-02 -.5349E+02 -.5378E+01   .9999965 -.0026415  .0001903
T  428  1 .1929250E+07   5000191E-02 -.8161E+02  .9776E+02   .9999795 -.0026709  .0058144
T  429  1 .1907011E+07   5000113E-02 -.5146E+01 -.5092E+02   .9999826 -.0021269 -.0055046
T  430  1 .1930939E+07   5000044E-02 -.3118E+02 -.2030E+03   .9999332 -.0011577 -.0115031
T  431  1 .1929632E+07   5000175E-02 -.4057E+01  .3838E+02   .9998721 -.0152444  .0048277
T  432  1 .1920359E+07   5000191E-02 -.8825E+02  .1304E+03   .9999999  .0004621 -.0000925
T  433  1 .1930206E+07   5000220E-02 -.4603E+02 -.1312E+03   .9999733 -.0059190 -.0042804
T  434  1 .1930153E+07   5000170E-02  .1002E+03  .1079E+03   .9999932  .0036590  .0004806
T  435  1 .1925960E+07   5000200E-02  .6932E+01  .3287E+02   .9999679 -.0033079  .0072936
T  436  1 .1929498E+07   5000114E-02 -.3834E+02  .4335E+02   .9999905 -.0034752  .0026414
T  437  1 .1920629E+07   5000113E-02  .1015E+03 -.9099E+02   .9999988  .0001409 -.0015703
T  438  1 .1918068E+07   5000171E-02 -.6262E+02 -.5820E+02   .9999549 -.0094729 -.0007432
T  439  1 .1925442E+07   5000137E-02 -.6692E+01  .1086E+02   .9999972  .0005753  .0023134
T  440  1 .1913732E+07   5000095E-02  .3238E+01  .2886E+02   .9999881 -.0020745  .0044052
T  441  1 .1914342E+07   5000195E-02  .8975E+02  .1493E+02   .9999603  .0036212  .0081417
T  442  1 .1919834E+07   5000142E-02  .4777E+02 -.6957E+02   .9999994  .0003536 -.0010240
T  443  1 .1918185E+07   5000152E-02 -.6572E+02  .2141E+01   .9999988 -.0010303  .0011253
T  444  1 .1921704E+07   5000039E-02 -.3194E+02  .4627E+00   .9999987 -.0000619  .0016187
T  445  1 .1913692E+07   5000161E-02  .5952E+02  .2426E+02   .9999952 -.0005577  .0030512
T  446  1 .1925733E+07   5000174E-02 -.1971E+02 -.6285E+02   .9999842 -.0038450 -.0040987
T  447  1 .1914897E+07   5000023E-02 -.1109E+03  .1290E+03   .9999845 -.0045597  .0032044
T  448  1 .1923874E+07   5000227E-02 -.1112E+02  .2069E+01   .9999993  .0002736 -.0011844
T  449  1 .1921140E+07   5000102E-02  .2006E+03 -.9361E+02   .9999603  .0076555 -.0045705
T  450  1 .1928230E+07   5000091E-02  .1113E+02 -.7731E+02   .9999863 -.0011866  .0050944
T  451  1 .1935754E+07   5000149E-02 -.2225E+03 -.9500E+02   .9999955 -.0011710 -.0027752
T  452  1 .1928481E+07   5000201E-02  .6381E+02 -.6648E+01   .9999108 -.0067020 -.0115497
T  453  1 .1927804E+07   5000216E-02 -.1135E+03 -.2694E+02   .9999670 -.0078662 -.0020494
T  454  1 .1931671E+07   5000142E-02  .7137E+02  .1744E+02   .9999841  .0041455 -.0038217
T  455  1 .1929072E+07   5000188E-02 -.4606E+02 -.8493E+02   .9999840 -.0056456 -.0003631
T  456  1 .1921395E+07   5000075E-02  .1404E+03 -.1595E+02   .9999901  .0044312 -.0004399
T  457  1 .1934161E+07   5000080E-02  .3235E+02 -.1203E+02   .9999853  .0053997 -.0004660
T  458  1 .1913898E+07   5000187E-02  .2210E+03 -.4388E+01   .9999827  .0056887  .0015169
T  459  1 .1920146E+07   5000087E-02 -.1214E+02 -.1619E+03   .9999735 -.0012553 -.0071666
T  460  1 .1924508E+07   5000124E-02  .4069E+01  .2160E+02   .9999918  .0002402  .0040462
T  461  1 .1916417E+07   5000013E-02 -.2941E+02  .7274E+02   .9999986 -.0009138  .0013779
T  462  1 .1921731E+07   5000152E-02 -.1894E+03  .5188E+03   .9999088  .0046097  .0126980
T  463  1 .1919084E+07   5000032E-02  .2915E+03  .7177E+02   .9999449  .0095274 -.0044154
T  464  1 .1926126E+07   5000076E-02  .2960E+02  .3764E+02   .9999746  .0057469  .0042118
T  465  1 .1931232E+07   5000196E-02  .6499E+01  .8892E+02   .9999789  .0049931  .0041572
T  466  1 .1928263E+07   5000009E-02 -.6804E+01  .3470E+02   .9999987  .0016003  .0001511
T  467  1 .1914304E+07   5000226E-02  .5707E+01 -.4124E+02   .9999971 -.0014753 -.0018960
T  468  1 .1916072E+07   5000138E-02 -.4503E+01  .1572E+02   .9999967 -.0017529  .0018916
T  469  1 .1918920E+07   5000156E-02  .1285E+03  .3939E+02   .9999901  .0043898 -.0007597
T  470  1 .1917096E+07   5000138E-02 -.1383E+03 -.2750E+02   .9999808 -.0061912  .0001538
T  471  1 .1926010E+07   5000223E-02 -.2166E+02  .1579E+02   .9999897 -.0042935 -.0014801
T  472  1 .1916756E+07   5000013E-02 -.1647E+02  .2190E+02   .9999825 -.0035496  .0047285
T  473  1 .1927937E+07   5000021E-02  .1105E+03 -.1282E+03   .9999015  .0088589 -.0108861
T  474  1 .1918127E+07   5000019E-02 -.3120E+02  .7617E+02   .9999896  .0005378  .0045287
T  475  1 .1925520E+07   5000203E-02 -.9156E+00 -.6143E+02   .9999770  .0038838 -.0055619
T  476  1 .1927105E+07   5000092E-02 -.3556E+02  .1409E+03   .9999989 -.0008656 -.0011766
T  477  1 .1915711E+07   5000204E-02  .6342E+01  .1160E+02   .9999976 -.0005892 -.0021063
T  478  1 .1922303E+07   5000181E-02  .2144E+02 -.1019E+03   .9999283  .0105291 -.0057017
T  479  1 .1931940E+07   5000062E-02  .9167E+01 -.1892E+02   .9999432  .0070993 -.0079466
T  480  1 .1922408E+07   5000028E-02  .6245E+02 -.5807E+02   .9999644  .0055743 -.0063280
T  481  1 .1921813E+07   5000194E-02 -.1668E+02  .3291E+01   .9999784  .0065311  .0007972
T  482  1 .1931546E+07   5000073E-02  .1556E+03 -.2635E+03   .9999146  .0062985 -.0114529
T  483  1 .1916246E+07   5000062E-02  .2728E+03  .1586E+03   .9999675  .0071658  .0036901
T  484  1 .1930090E+07   5000019E-02 -.2122E+03  .1264E+03   .9999101 -.0122336  .0054936
T  485  1 .1929438E+07   5000125E-02 -.1948E+03 -.2162E+03   .9998685 -.0139550 -.0082644
T  486  1 .1924663E+07   5000198E-02  .6716E+01  .5202E+02   .9999916  .0006361  .0040406
T  487  1 .1927223E+07   5000137E-02 -.1223E+03 -.1453E+03   .9998804 -.0126515 -.0088993
T  488  1 .1921404E+07   5000060E-02 -.2347E+03  .7057E+02   .9999631 -.0084901 -.0012723
T  489  1 .1919489E+07   5000084E-02 -.2017E+02  .5202E+02   .9999942 -.0027284  .0020304
T  490  1 .1927120E+07   5000004E-02  .2489E+01  .7091E+02   .9999944  .0006865  .0032885
T  491  1 .1924611E+07   5000005E-02 -.6784E+02 -.2221E+03   .9999671 -.0021936 -.0078051
T  492  1 .1927925E+07   5000131E-02 -.8572E+02 -.1993E+02   .9999883 -.0039057 -.0028516
T  493  1 .1921695E+07   5000209E-02  .4533E+02  .8243E+02   .9999907  .0039555  .0017466
T  494  1 .1926375E+07   5000165E-02  .9130E+02 -.5050E+02   .9999964  .0024894 -.0009742
T  495  1 .1927802E+07   5000217E-02 -.2947E+02 -.4483E+02   .9999915 -.0028709 -.0029577
T  496  1 .1920171E+07   5000102E-02  .6240E+02  .5367E+02   .9999998  .0006000  .0000142
T  497  1 .1924058E+07   5000205E-02  .3695E+02  .2166E+02   .9999835  .0057190  .0005655
T  498  1 .1918679E+07   5000124E-02 -.1046E+03 -.3152E+02   .9999797 -.0063318 -.0006964
T  499  1 .1923609E+07   5000169E-02  .1152E+03 -.4989E+02   .9999391  .0098176 -.0050412
T  500  1 .1934152E+07   5000031E-02  .3262E+03  .5283E+02   .9999570  .0092365  .0008373
T  501  1 .1935801E+07   5000103E-02  .7280E+02 -.8502E+02   .9999371  .0111815  .0008602
T  502  1 .1933470E+07   5000203E-02  .1619E+03 -.1095E+03   .9999806  .0062171 -.0003241
T  503  1 .1919047E+07   5000082E-02 -.7239E+02 -.2371E+01   .9999907 -.0040120 -.0015579
T  504  1 .1914718E+07   5000123E-02 -.5730E+00 -.9502E+02   .9999897  .0019198 -.0041144
T  505  1 .1915080E+07   5000122E-02  .4797E+02  .4093E+02   .9999881  .0042779  .0023525
T  506  1 .1930197E+07   5000218E-02  .2031E+03 -.3265E+02   .9999810  .0061618  .0001462
T  507  1 .1922837E+07   5000217E-02  .1060E+03 -.2311E+03   .9999988 -.0009900  .0012214
T  508  1 .1925195E+07   5000047E-02  .3045E+02  .5403E+01   .9999845 -.0054787 -.0009659
T  509  1 .1919334E+07   5000029E-02 -.8527E+02 -.3673E+02   .9999837 -.0031443 -.0047639
T  510  1 .1931066E+07   5000090E-02 -.1232E+03 -.1771E+02   .9999857 -.0053434  .0000969
T  511  1 .1930776E+07   5000166E-02  .1677E+04 -.4214E+03   .9992042  .0388815 -.0089008
T  512  1 .1917880E+07   5000148E-02  .8503E+02 -.5519E+01   .9999573  .0090893 -.0016539
T  513  1 .1914962E+07   5000133E-02  .2810E+02 -.4646E+02   .9999905 -.0026202 -.0034911
T  514  1 .1928746E+07   5000023E-02  .6643E+02  .5548E+02   .9999733  .0039634  .0061418
T  515  1 .1926462E+07   5000182E-02 -.9131E+01  .2898E+02   .9999985  .0001575 -.0016958
T  516  1 .1917912E+07   5000068E-02  .2267E+02  .6381E+02   .9999033 -.0091924  .0104312
T  517  1 .1923433E+07   5000183E-02  .6587E+01 -.7369E+02   .9999951  .0030767 -.0006426
T  518  1 .1929380E+07   5000021E-02 -.2353E+02  .1136E+01   .9999988 -.0015395  .0001691
T  519  1 .1919766E+07   5000181E-02  .9389E+02  .6154E+02   .9999880  .0027658  .0040543
T  520  1 .1922529E+07   5000086E-02 -.1038E+02 -.2737E+02   .9999999  .0002751  .0002075
T  521  1 .1917143E+07   5000174E-02 -.9466E+01 -.6516E+02   .9999208 -.0093424 -.0084278
T  522  1 .1928965E+07   5000055E-02  .2015E+03 -.2260E+02   .9999596  .0086826 -.0023074
T  523  1 .1914094E+07   5000027E-02  .3951E+02 -.3150E+02   .9999884  .0047818 -.0005526
T  524  1 .1933985E+07   5000144E-02 -.4130E+02 -.5181E+02   .9999874 -.0044864 -.0022587
T  525  1 .1917717E+07   5000224E-02 -.1584E+03 -.1369E+02   .9999794 -.0059817  .0023197
T  526  1 .1923623E+07   5000133E-02 -.3576E+02  .7520E+02   .9999972  .0022340  .0007694
T  527  1 .1913918E+07   5000060E-02 -.4376E+02 -.1190E+03   .9999947  .0027174 -.0018041
T  528  1 .1914263E+07   5000135E-02 -.2361E+02 -.5622E+02   .9999937 -.0004892 -.0035200
T  529  1 .1910378E+07   5000015E-02  .9478E+02  .1017E+03   .9999893  .0001345  .0046179
T  530  1 .1931531E+07   5000207E-02 -.9758E+02 -.6275E+02   .9998809 -.0150956 -.0031989
T  531  1 .1935003E+07   5000148E-02  .7187E+02  .1598E+02   .9999675  .0076405 -.0025804
T  532  1 .1933009E+07   5000021E-02 -.6863E+03  .6810E+03   .9997855 -.0159928  .0131591
T  533  1 .1920892E+07   5000115E-02 -.4802E+02  .1575E+03   .9999974 -.0022901 -.0002320
T  534  1 .1937700E+07   5000227E-02 -.5094E+02  .3347E+02   .9999973 -.0007416  .0022151
T  535  1 .1925484E+07   5000119E-02 -.2801E+03  .1624E+03   .9999574 -.0070060  .0060034
T  536  1 .1914554E+07   5000057E-02  .3473E+02  .4547E+02   .9999996 -.0001523  .0008806
T  537  1 .1925477E+07   5000085E-02 -.1078E+03  .2425E+03   .9999369 -.0059059  .0095531
T  538  1 .1916656E+07   5000100E-02  .1056E+03  .1410E+02   .9999876  .0042199  .0026594
T  539  1 .1924040E+07   5000085E-02  .3361E+02  .1171E+03   .9999713  .0030845  .0069135
T  540  1 .1915220E+07   5000169E-02 -.2134E+03 -.5495E+03   .9997290 -.0091354 -.0214118
T  541  1 .1930146E+07   5000098E-02 -.1491E+03  .1392E+03   .9999764 -.0057997  .0036701
T  542  1 .1925106E+07   5000169E-02 -.1542E+02 -.1766E+02   .9999677 -.0080206  .0005921
T  543  1 .1917318E+07   5000191E-02 -.2119E+03 -.4318E+01   .9998928 -.0142491 -.0033561
T  544  1 .1919415E+07   5000153E-02 -.2020E+02  .1704E+01   .9999999  .0002203 -.0003685
T  545  1 .1923217E+07   5000182E-02  .1995E+03 -.1237E+03   .9999323  .0101508 -.0056863
T  546  1 .1929288E+07   5000174E-02  .5999E+01 -.1337E+03   .9999742 -.0023898 -.0067735
T  547  1 .1915522E+07   5000034E-02 -.1024E+03 -.5591E+01   .9999875 -.0048740  .0011226
T  548  1 .1931190E+07   5000154E-02 -.4419E+02  .8260E+01   .9999880 -.0017248  .0045853
T  549  1 .1917742E+07   5000198E-02  .2458E+02 -.9899E+02   .9999864 -.0005520 -.0051854
T  550  1 .1914692E+07   5000214E-02  .1131E+03  .3321E+02   .9999973  .0023171 -.0000279
T  551  1 .1932794E+07   5000197E-02  .9407E+02 -.3853E+02   .9999855  .0022771  .0048849
T  552  1 .1922225E+07   5000195E-02  .2153E+03 -.1265E+03   .9999231  .0065315 -.0105446
T  553  1 .1928277E+07   5000143E-02  .3095E+02 -.1622E+03   .9999199  .0031256 -.0122651
T  554  1 .1928479E+07   5000185E-02  .2148E+02 -.1949E+02   .9999857  .0047941 -.0023655
T  555  1 .1937154E+07   5000208E-02 -.1437E+02  .5161E+02   .9999795 -.0052037  .0037385
T  556  1 .1938565E+07   5000104E-02  .1525E+02 -.5799E+02   .9999963  .0018759 -.0019640
T  557  1 .1909251E+07   5000181E-02 -.2455E+03  .6322E+03   .9996824 -.0095561  .0233206
T  558  1 .1911779E+07   5000035E-02 -.1066E+02 -.5175E+02   .9999932  .0002465 -.0036761
T  559  1 .1923495E+07   5000066E-02 -.6027E+00  .1848E+02   .9999896  .0011047 -.0044211
T  560  1 .1928260E+07   5000007E-02 -.8174E+01  .1709E+02   .9999999  .0001063  .0001648
T  561  1 .1920983E+07   5000154E-02 -.5023E+02 -.3494E+02   .9999783  .0039584  .0052698
T  562  1 .1922120E+07   5000018E-02  .6777E+02  .1377E+03   .9999283  .0095230  .0072618
T  563  1 .1917734E+07   5000000E-02  .8073E+01 -.3254E+02   .9999935 -.0011495 -.0034264
T  564  1 .1924362E+07   5000179E-02 -.7170E+02 -.2134E+02   .9999893 -.0029233  .0035969
T  565  1 .1919916E+07   5000223E-02  .2501E+02 -.2388E+02   .9999861  .0036648 -.0037791
T  566  1 .1927952E+07   5000063E-02 -.8238E+02 -.4649E+02   .9999796 -.0063462  .0006817
T  567  1 .1923704E+07   5000001E-02  .1949E+03 -.1142E+03   .9999512  .0086749 -.0047321
T  568  1 .1920312E+07   5000123E-02  .3444E+02  .1165E+02   .9999982  .0018832 -.0002414
T  569  1 .1918359E+07   5000020E-02  .9732E+01  .4149E+02   .9999989  .0007468  .0012548
T  570  1 .1916949E+07   5000005E-02 -.7704E+01 -.1071E+02   .9999998 -.0004756  .0002978
T  571  1 .1921364E+07   5000161E-02 -.1313E+02 -.1286E+02   .9999982 -.0018664  .0001649
T  572  1 .1926701E+07   5000216E-02 -.1109E+03 -.1161E+02   .9999835 -.0056649  .0009442
T  573  1 .1913272E+07   5000097E-02  .1782E+03  .1917E+03   .9998849  .0117104  .0096451
T  574  1 .1926458E+07   5000002E-02 -.8860E+02 -.5074E+02   .9999861 -.0052265 -.0006519
T  575  1 .1925368E+07   5000199E-02  .3044E+02 -.3342E+02   .9999982  .0014040 -.0012409
T  576  1 .1935367E+07   5000069E-02  .1339E+03  .7272E+02   .9999855  .0049475  .0021241
T  577  1 .1911400E+07   5000071E-02  .1494E+02 -.8238E+01   .9999991  .0009817 -.0008791
T  578  1 .1921001E+07   5000116E-02 -.2599E+02  .3360E+03   .9999099  .0003663  .0134159
T  579  1 .1908658E+07   5000211E-02 -.6501E+02 -.8937E+02   .9999547 -.0026034 -.0091572
T  580  1 .1905325E+07   5000026E-02  .2764E+01  .1530E+02   .9999975 -.0019446  .0011323
T  581  1 .1915642E+07   5000107E-02  .2559E+02 -.2684E+02   .9999909  .0016930  .0039197
T  582  1 .1912494E+07   5000189E-02 -.2312E+02  .1910E+02   .9999906 -.0006259  .0042853
T  583  1 .1925559E+07   5000190E-02 -.2154E+02  .3099E+02   .9999971 -.0005160  .0023370
T  584  1 .1915606E+07   5000113E-02  .6398E+02  .5350E+02   .9999453  .0044753  .0094573
T  585  1 .1911566E+07   5000212E-02 -.4448E+02  .9025E+02   .9999374 -.0055313  .0097214
T  586  1 .1923589E+07   5000146E-02  .1254E+03  .9589E+01   .9999829  .0057537  .0010372
T  587  1 .1927147E+07   5000152E-02 -.9714E+02  .1712E+03   .9999972 -.0022305  .0008112
T  588  1 .1914722E+07   5000095E-02  .2189E+03  .2218E+03   .9999005  .0090091  .0108543
T  589  1 .1927724E+07   5000027E-02  .2593E+01  .2021E+03   .9999891 -.0026937  .0038057
T  590  1 .1914944E+07   5000144E-02 -.1382E+03 -.7165E+02   .9999808 -.0056793 -.0024729
T  591  1 .1916032E+07   5000079E-02 -.4994E+02  .1382E+03   .9999930 -.0002300  .0037348
T  592  1 .1917925E+07   5000135E-02  .4398E+02  .3884E+02   .9998947  .0144734  .0010750
T  593  1 .1926281E+07   5000140E-02 -.1486E+03 -.4762E+01   .9999467 -.0086431 -.0056486
T  594  1 .1925566E+07   5000207E-02  .1113E+03  .8894E+02   .9999882  .0035472  .0033055
T  595  1 .1919450E+07   5000103E-02  .3731E+02  .1455E+02   .9999923  .0038560  .0007831
T  596  1 .1909343E+07   5000087E-02 -.1211E+03  .1023E+03   .9999706 -.0076439 -.0006746
T  597  1 .1916176E+07   5000049E-02 -.9329E+01 -.1116E+02   .9999984  .0013024  .0012406
T  598  1 .1918841E+07   5000208E-02  .1526E+03 -.1703E+03   .9999724  .0051086 -.0053965
T  599  1 .1925275E+07   5000134E-02 -.9391E+01  .1530E+02   .9999990 -.0013849  .0000522
T  600  1 .1926339E+07   5000003E-02 -.2050E+02 -.2038E+03   .9999472 -.0002382 -.0102757
T  601  1 .1926711E+07   5000079E-02  .2863E+01  .6663E+02   .9999937 -.0032531  .0014001
T  602  1 .1913404E+07   5000053E-02 -.7155E+02 -.1411E+03   .9999982  .0018937  .0001775
T  603  1 .1921538E+07   5000196E-02  .1409E+03  .8489E+02   .9998637  .0151182  .0066422
T  604  1 .1930172E+07   5000173E-02 -.8175E+02  .2426E+02   .9999688  .0052396 -.0059062
T  605  1 .1925838E+07   5000054E-02 -.1596E+02 -.1099E+02   .9999968  .0002219 -.0025275
T  606  1 .1922717E+07   5000197E-02  .1277E+02  .7555E+01   .9999983 -.0014500  .0011509
T  607  1 .1920169E+07   5000153E-02 -.7079E+02  .2626E+02   .9999735 -.0071386  .0014381
T  608  1 .1930406E+07   5000129E-02 -.1018E+03  .6520E+02   .9999999 -.0001922  .0004083
T  609  1 .1916605E+07   5000057E-02  .1096E+03  .2920E+02   .9999881  .0048808  .0001704
T  610  1 .1917941E+07   5000052E-02  .3465E+02  .3017E+02   .9999951  .0014410  .0027801
T  611  1 .1929698E+07   5000216E-02  .2574E+03 -.2957E+03   .9998808  .0114443 -.0103686
T  612  1 .1930937E+07   5000111E-02 -.5540E+02 -.5602E+02   .9999827 -.0055065 -.0020707
T  613  1 .1930036E+07   5000063E-02  .1881E+03 -.6319E+02   .9999832  .0057528  .0007029
T  614  1 .1922995E+07   5000134E-02 -.1686E+03 -.7570E+02   .9999749 -.0069926 -.0011336
T  615  1 .1916158E+07   5000084E-02  .1649E+03 -.1076E+03   .9999666  .0063467 -.0051564
T  616  1 .1909695E+07   5000154E-02  .3952E+01  .4275E+02   .9999906  .0017662  .0039708
T  617  1 .1927093E+07   5000224E-02  .7012E+02  .1263E+03   .9983691  .0570388 -.0024099
T  618  1 .1920275E+07   5000110E-02  .2156E+03 -.2722E+03   .9998490  .0065431 -.0160970
T  619  1 .1932660E+07   5000189E-02 -.1129E+02 -.3234E+01   .9999944 -.0033124  .0005481
T  620  1 .1920384E+07   5000050E-02  .3099E+02 -.1038E+03   .9999557 -.0082736 -.0044874
T  621  1 .1927517E+07   5000215E-02  .3061E+02  .1784E+02   .9999997 -.0005108 -.0004966
T  622  1 .1933733E+07   5000222E-02 -.1564E+02 -.4365E+02   .9999981 -.0013728 -.0014104
T  623  1 .1922667E+07   5000200E-02  .8986E+02  .5120E+02   .9999884  .0047716  .0006576
T  624  1 .1914837E+07   5000071E-02 -.2439E+03 -.1267E+03   .9999476 -.0088245 -.0051865
T  625  1 .1918702E+07   5000175E-02  .1004E+01 -.1694E+02   .9999953 -.0006240 -.0029987
T  626  1 .1939231E+07   5000064E-02 -.5021E+02 -.1220E+03   .9999999  .0003535  .0001080
T  627  1 .1919918E+07   5000178E-02  .9649E+02 -.4729E+02   .9999550  .0063292 -.0070727
T  628  1 .1928103E+07   5000033E-02 -.6564E+01 -.6187E+02   .9999939  .0002838 -.0034848
T  629  1 .1931280E+07   5000128E-02 -.2354E+02 -.1041E+03   .9999991  .0006987 -.0011591
T  630  1 .1917053E+07   5000182E-02 -.4572E+02  .2808E+02   .9999820 -.0048648  .0035059
T  631  1 .1920571E+07   5000135E-02 -.2591E+03 -.2604E+02   .9999547 -.0090764  .0028655
T  632  1 .1940051E+07   5000166E-02 -.1352E+03  .2031E+02   .9999863 -.0049503  .0017072
T  633  1 .1927644E+07   5000011E-02  .2018E+02 -.1414E+03   .9999267 -.0060676 -.0104806
T  634  1 .1927942E+07   5000150E-02 -.8046E+02  .6312E+02   .9999967 -.0009397 -.0024067
T  635  1 .1927801E+07   5000188E-02 -.1357E+03  .2207E+02   .9999981 -.0006809  .0018475
T  636  1 .1915675E+07   5000110E-02 -.1141E+03  .7985E+02   .9999951 -.0027662  .0014502
T  637  1 .1918681E+07   5000032E-02 -.2389E+03 -.1554E+03   .9999437 -.0099614 -.0036436
T  638  1 .1917987E+07   5000143E-02  .2222E+02  .1609E+02   .9999971 -.0020363 -.0012892
T  639  1 .1940081E+07   5000022E-02 -.4768E+02 -.7619E+02   .9999934 -.0028820 -.0021899
T  640  1 .1936272E+07   5000037E-02 -.2582E+02 -.2924E+02   .9999909 -.0035961 -.0022956
T  641  1 .1926536E+07   5000223E-02  .5204E+02  .8512E+02   .9999995  .0002576  .0009734
T  642  1 .1920381E+07   5000068E-02 -.4987E+02  .8538E+02   .9999945 -.0023755  .0022990
T  643  1 .1928729E+07   5000162E-02  .1451E+03  .3512E+02   .9999927  .0036181  .0012331
T  644  1 .1926931E+07   5000014E-02 -.1767E+03  .1260E+03   .9999258 -.0088355  .0083814
T  645  1 .1919548E+07   5000107E-02 -.6295E+02  .4801E+01   .9999898 -.0041697 -.0017508
T  646  1 .1917167E+07   5000208E-02  .2530E+02  .5757E+02   .9999869  .0007507  .0050696
T  647  1 .1927607E+07   5000049E-02 -.1996E+02 -.2026E+02   .9999873 -.0047835  .0015847
T  648  1 .1914600E+07   5000016E-02  .2548E+02 -.2113E+03   .9999231  .0012453 -.0123410
T  649  1 .1925259E+07   5000211E-02 -.1458E+03 -.8282E+00   .9999855 -.0053587  .0005184
T  650  1 .1926431E+07   5000114E-02 -.4511E+02  .2310E+02   .9999932 -.0013032  .0034569
T  651  1 .1915672E+07   5000079E-02 -.8608E+01  .1329E+02   .9999905 -.0035367 -.0025365
T  652  1 .1929157E+07   5000223E-02  .8212E+02  .8759E+02   .9999579  .0028687  .0087132
T  653  1 .1924343E+07   5000120E-02  .1647E+03  .3768E+02   .9999737  .0066648  .0028539
T  654  1 .1924154E+07   5000017E-02 -.1762E+03  .2040E+03   .9999600 -.0034412  .0082517
T  655  1 .1930576E+07   5000220E-02 -.2197E+03 -.1933E+03   .9999035 -.0120937 -.0068392
T  656  1 .1928359E+07   5000032E-02 -.3900E+02  .9883E+02   .9999861 -.0001987  .0052704
T  657  1 .1914754E+07   5000072E-02  .4926E+03 -.5601E+03   .9998368  .0130448 -.0124977
T  658  1 .1915047E+07   5000086E-02 -.1400E+02  .6830E+02   .9999882 -.0038996  .0028874
T  659  1 .1926394E+07   5000075E-02  .5980E+02  .4686E+02   .9999980 -.0018767 -.0006405
T  660  1 .1940427E+07   5000200E-02 -.2076E+02 -.2799E+02   .9999528 -.0038941 -.0088966
T  661  1 .1925030E+07   5000017E-02  .2420E+02  .3042E+02   .9999784  .0040263 -.0051862
T  662  1 .1920780E+07   5000148E-02  .1922E+02 -.4583E+02   .9999996 -.0000055 -.0009139
T  663  1 .1919756E+07   5000041E-02  .1820E+03 -.1661E+03   .9999043  .0072948 -.0117580
T  664  1 .1914377E+07   5000123E-02 -.9325E+02  .1160E+03   .9999666 -.0012247  .0080769
T  665  1 .1917304E+07   5000146E-02  .8115E+02  .5453E+02   .9999894  .0029714  .0035191
T  666  1 .1927246E+07   5000222E-02  .2364E+00 -.1071E+02   .9999950  .0015218  .0027578
T  667  1 .1930980E+07   5000106E-02  .1101E+03 -.1609E+03   .9999287  .0085863 -.0083022
T  668  1 .1918144E+07   5000190E-02 -.5147E+02  .1146E+03   .9999836 -.0048043  .0031116
T  669  1 .1918330E+07   5000116E-02  .2982E+02 -.1302E+03   .9999799 -.0028692 -.0056480
T  670  1 .1916161E+07   5000106E-02 -.2004E+03 -.8368E+02   .9999731 -.0071503 -.0016618
T  671  1 .1926163E+07   5000170E-02 -.1180E+03 -.1121E+03   .9999902 -.0041987 -.0014287
T  672  1 .1934325E+07   5000192E-02  .6678E+02  .1411E+03   .9999619  .0052863  .0069526
T  673  1 .1926868E+07   5000038E-02 -.1157E+01 -.3951E+02   .9999972  .0002839 -.0023390
T  674  1 .1930467E+07   5000096E-02 -.6915E+02 -.1303E+03   .9999583 -.0052027 -.0075034
T  675  1 .1914892E+07   5000173E-02  .5056E+02 -.5831E+02   .9999840  .0056244 -.0006352
T  676  1 .1929332E+07   5000131E-02  .1484E+02  .1591E+03   .9999650  .0058209  .0060138
T  677  1 .1916843E+07   5000032E-02  .1907E+01  .3400E+02   .9999976  .0011530  .0018417
T  678  1 .1923343E+07   5000083E-02  .2085E+02 -.1532E+03   .9999142 -.0076073 -.0106635
T  679  1 .1919331E+07   5000063E-02 -.6095E+02 -.1588E+02   .9999845 -.0052706 -.0018030
T  680  1 .1920461E+07   5000090E-02  .2364E+02 -.1511E+02   .9999896  .0008107 -.0044810
T  681  1 .1927755E+07   5000094E-02  .8257E+02  .4526E+02   .9999824  .0044401 -.0039357
T  682  1 .1923229E+07   5000059E-02  .1943E+03 -.2094E+03   .9997681  .0161126 -.0142879
T  683  1 .1922685E+07   5000115E-02  .1732E+03  .5748E+02   .9999466  .0086559  .0056435
T  684  1 .1919263E+07   5000198E-02  .1498E+03  .1693E+03   .9999647  .0061523  .0057301
T  685  1 .1927787E+07   5000008E-02  .6111E+02 -.1342E+02   .9999901  .0044346 -.0003932
T  686  1 .1913733E+07   5000034E-02  .1846E+03 -.6746E+02   .9999836  .0035982 -.0044512
T  687  1 .1916880E+07   5000004E-02 -.1497E+02 -.6363E+02   .9999681 -.0019536 -.0077474
T  688  1 .1915932E+07   5000134E-02 -.2632E+03 -.1328E+03   .9998646 -.0160663 -.0035490
T  689  1 .1926735E+07   5000187E-02 -.1339E+03  .8155E+02   .9999943 -.0029600  .0016411
T  690  1 .1935009E+07   5000008E-02 -.1925E+03  .1987E+03   .9999387 -.0073292  .0083012
T  691  1 .1913383E+07   5000074E-02 -.6950E+02 -.3032E+02   .9999898 -.0028788 -.0034778
T  692  1 .1935068E+07   5000195E-02 -.6179E+01 -.6048E+02   .9999949 -.0018657 -.0025935
T  693  1 .1923013E+07   5000078E-02 -.3758E+03 -.1377E+03   .9998614 -.0156367 -.0057164
T  694  1 .1927562E+07   5000198E-02 -.1379E+03 -.1966E+03   .9998312 -.0103908 -.0151508
T  695  1 .1914846E+07   5000089E-02 -.3332E+03  .1568E+02   .9998981 -.0142404 -.0009697
T  696  1 .1916016E+07   5000199E-02 -.4281E+02  .7283E+02   .9999921 -.0034719  .0019461
T  697  1 .1930941E+07   5000121E-02 -.1826E+02 -.1690E+02   .9999881 -.0027995 -.0039884
T  698  1 .1919176E+07   5000171E-02 -.2671E+03 -.4926E+03   .9986765 -.0246448 -.0451428
T  699  1 .1930558E+07   5000072E-02 -.7578E+02 -.1851E+03   .9999477 -.0042440 -.0093084
T  700  1 .1927414E+07   5000175E-02  .3038E+02 -.6604E+01   .9999999 -.0001659  .0003487
T  701  1 .1922118E+07   5000085E-02 -.1137E+03  .9799E+02   .9999815 -.0044498  .0041450
T  702  1 .1925037E+07   5000164E-02 -.2583E+02 -.2512E+01   .9999930 -.0036796  .0006494
T  703  1 .1928172E+07   5000165E-02 -.2518E+02  .4277E+02   .9999370 -.0031611  .0107716
T  704  1 .1921131E+07   5000132E-02 -.1805E+03 -.2764E+02   .9998391 -.0179131  .0009822
T  705  1 .1916471E+07   5000099E-02 -.5096E+02  .6613E+01   .9999876 -.0046026  .0018810
T  706  1 .1920119E+07   5000008E-02  .1505E+03  .3349E+02   .9999691  .0078050  .0009525
T  707  1 .1911613E+07   5000123E-02  .2120E+03 -.6052E+02   .9999467  .0086917 -.0055661
T  708  1 .1923162E+07   5000130E-02 -.2233E+03 -.1825E+02   .9999296 -.0111650 -.0040289
T  709  1 .1919564E+07   5000002E-02 -.2067E+03 -.6162E+02   .9999354 -.0096471 -.0060183
T  710  1 .1911423E+07   5000095E-02  .1372E+02  .8938E+02   .9999077  .0039922  .0129838
T  711  1 .1930213E+07   5000214E-02 -.1749E+03 -.3823E+03   .9998363 -.0077031 -.0163710
T  712  1 .1932336E+07   5000135E-02 -.1316E+03  .2376E+03   .9999435 -.0103255  .0025075
T  713  1 .1913730E+07   5000181E-02  .2424E+02 -.1139E+02   .9999763  .0040770  .0055512
T  714  1 .1925647E+07   5000064E-02  .7338E+02  .1103E+03   .9999704 -.0003494  .0076872
T  715  1 .1934720E+07   5000177E-02  .6521E+02 -.2773E+02   .9999948  .0029963 -.0011928
T  716  1 .1909292E+07   5000153E-02  .6754E+02  .7899E+02   .9999958  .0013545  .0025715
T  717  1 .1926444E+07   5000181E-02  .1207E+03 -.5097E+02   .9999896  .0044680 -.0009312
T  718  1 .1918939E+07   5000119E-02  .8005E+02 -.1150E+03   .9999947 -.0020419 -.0025535
T  719  1 .1915795E+07   5000084E-02  .5570E+00  .4366E+01   .9999920 -.0003622  .0039838
T  720  1 .1925944E+07   5000123E-02  .7713E+02 -.4854E+01   .9999435  .0095001  .0047750
T  721  1 .1934977E+07   5000041E-02 -.8487E+02  .1050E+03   .9999736  .0034220  .0064032
T  722  1 .1920897E+07   5000195E-02 -.1829E+03 -.9509E+02   .9999902 -.0042745 -.0011403
T  723  1 .1932038E+07   5000186E-02  .3239E+01 -.1348E+03   .9999794  .0005999 -.0063928
T  724  1 .1919250E+07   5000055E-02 -.7352E+01  .9663E+02   .9999921 -.0018124  .0035466
T  725  1 .1936146E+07   5000118E-02  .1077E+03 -.1154E+03   .9999974  .0022710 -.0002336
T  726  1 .1925033E+07   5000115E-02  .7199E+02  .3810E+02   .9999508  .0085442  .0050436
T  727  1 .1918738E+07   5000005E-02  .1605E+03 -.7377E+02   .9999817  .0056595 -.0021369
T  728  1 .1913112E+07   5000148E-02  .1158E+03  .1904E+03   .9999151  .0010062  .0129893
T  729  1 .1916760E+07   5000221E-02  .3983E+02 -.9178E+02   .9999955  .0005269 -.0029382
T  730  1 .1925798E+07   5000170E-02 -.2090E+02 -.1344E+03   .9999798  .0019598 -.0060479
T  731  1 .1913414E+07   5000018E-02 -.2858E+02  .1060E+02   .9998588 -.0167519 -.0013038
T  732  1 .1935593E+07   5000154E-02  .7238E+02 -.1659E+03   .9999559  .0037547 -.0086101
T  733  1 .1918294E+07   5000142E-02  .8842E+02 -.3273E+03   .9996745  .0192528 -.0167422
T  734  1 .1925565E+07   5000198E-02 -.1327E+03 -.2578E+02   .9999337 -.0111794  .0027753
T  735  1 .1924996E+07   5000169E-02 -.1991E+02 -.1797E+03   .9997692 -.0012467 -.0214464
T  736  1 .1922514E+07   5000148E-02  .5530E+02  .4806E+02   .9999993  .0010434  .0005122
T  737  1 .1927230E+07   5000184E-02  .2244E+02  .2036E+01   .9999906 -.0020335 -.0038344
T  738  1 .1932810E+07   5000118E-02  .1056E+02 -.1131E+02   .9999934  .0036369 -.0002268
T  739  1 .1923702E+07   5000215E-02 -.1996E+02  .5206E+02   .9999802 -.0034114  .0052937
T  740  1 .1920589E+07   5000053E-02 -.1873E+02  .4194E+01   .9999987  .0003286  .0015705
T  741  1 .1928703E+07   5000193E-02  .1271E+03  .1716E+03   .9999793  .0045885  .0045189
T  742  1 .1918124E+07   5000087E-02  .1389E+03 -.4472E+02   .9999501  .0081029 -.0058460
T  743  1 .1919187E+07   5000177E-02  .8603E+02 -.1054E+03   .9999891  .0022988 -.0040540
T  744  1 .1912023E+07   5000200E-02 -.4589E+02 -.6744E+01   .9999909 -.0041026  .0011929
T  745  1 .1928612E+07   5000020E-02 -.3239E+02  .3790E+02   .9999907 -.0043023  .0002908
T  746  1 .1933561E+07   5000084E-02 -.1211E+03 -.9160E+02   .9999901 -.0040831 -.0017604
T  747  1 .1926753E+07   5000029E-02 -.6624E+01  .3173E+02   .9999923  .0025450  .0029739
T  748  1 .1917011E+07   5000024E-02  .1828E+01  .1508E+02   .9999931 -.0016081  .0033364
T  749  1 .1925542E+07   5000077E-02 -.2313E+02  .3811E+02   .9999909 -.0040611  .0012936
T  750  1 .1920931E+07   5000050E-02 -.6997E+02 -.1103E+03   .9999718  .0003438 -.0075082
T  751  1 .1917022E+07   5000148E-02 -.3758E+02 -.9294E+02   .9999486 -.0080893 -.0061128
T  752  1 .1927126E+07   5000102E-02  .4601E+01  .1139E+02   .9999936  .0033723 -.0011739
T  753  1 .1911314E+07   5000033E-02  .1713E+02 -.5383E+01   .9999926  .0013892 -.0035901
T  754  1 .1933855E+07   5000199E-02 -.9419E+02  .6848E+02   .9999889 -.0035203  .0031309
T  755  1 .1920603E+07   5000172E-02  .2108E+02 -.7449E+02   .9999925  .0009093 -.0037581
T  756  1 .1916694E+07   5000078E-02 -.8685E+02 -.2227E+03   .9999910 -.0029262 -.0030704
T  757  1 .1928017E+07   5000170E-02 -.9226E+02 -.1016E+03   .9999392 -.0097503 -.0051582
T  758  1 .1930762E+07   5000133E-02  .3933E+02  .8866E+02   .9999087  .0032392  .0131195
T  759  1 .1918539E+07   5000066E-02  .4485E+02  .1032E+03   .9999865 -.0014321  .0049930
T  760  1 .1931706E+07   5000219E-02 -.7739E+02 -.1292E-01   .9999570 -.0086069 -.0034643
T  761  1 .1933138E+07   5000171E-02  .3138E+03  .1272E+02   .9998691  .0152571  .0053784
T  762  1 .1909443E+07   5000086E-02  .6096E+02  .6185E+01   .9999451  .0068747  .0079074
T  763  1 .1910415E+07   5000129E-02 -.3289E+02 -.1856E+02   .9999879 -.0012852 -.0047381
T  764  1 .1917156E+07   5000119E-02 -.1094E+03  .3471E+02   .9999751 -.0068167  .0018005
T  765  1 .1923582E+07   5000009E-02  .2353E+03  .4516E+02   .9999301  .0116781  .0018389
T  766  1 .1919167E+07   5000067E-02 -.1184E+03 -.7012E+02   .9999970 -.0024514 -.0002213
T  767  1 .1928999E+07   5000110E-02 -.1145E+03 -.1871E+02   .9999839 -.0054734 -.0014698
T  768  1 .1920606E+07   5000223E-02  .2110E+01  .3756E+03   .9997863  .0025042  .0205216
T  769  1 .1915253E+07   5000051E-02  .4504E+03  .2829E+03   .9997829  .0124708  .0166924
T  770  1 .1923448E+07   5000034E-02 -.1280E+02  .3980E+02   .9999865 -.0023953  .0046154
T  771  1 .1916411E+07   5000095E-02 -.2326E+03 -.2498E+03   .9999326 -.0082133 -.0082094
T  772  1 .1919855E+07   5000053E-02 -.1163E+02  .4051E+02   .9999984 -.0007224 -.0016199
T  773  1 .1920386E+07   5000130E-02 -.5510E+02 -.7514E+02   .9999931  .0012111 -.0035258
T  774  1 .1923738E+07   5000000E-02 -.8941E+01 -.8434E+02   .9999970 -.0023370 -.0006950
T  775  1 .1925170E+07   5000198E-02  .4942E+00  .3493E+02   .9999841  .0032506  .0045998
T  776  1 .1923032E+07   5000217E-02  .2502E+03 -.1049E+03   .9999529  .0076582 -.0059591
T  777  1 .1934923E+07   5000159E-02  .2437E+02  .3094E+02   .9999820  .0031135  .0051330
T  778  1 .1918019E+07   5000209E-02 -.2395E+02  .3573E+02   .9999755 -.0016445  .0068069
T  779  1 .1919003E+07   5000143E-02  .5568E+02 -.8567E+02   .9999910 -.0005117 -.0042146
T  780  1 .1929401E+07   5000032E-02  .2043E+02  .1113E+02   .9999927  .0029860 -.0023904
T  781  1 .1931392E+07   5000194E-02 -.4936E+02  .1545E+03   .9999584  .0010218  .0090639
T  782  1 .1914423E+07   5000181E-02  .3280E+02 -.5771E+02   .9999914 -.0038247 -.0016199
T  783  1 .1916336E+07   5000044E-02  .1188E+02 -.8870E+02   .9999815 -.0016283 -.0058650
T  784  1 .1934518E+07   5000160E-02 -.1384E+02  .2970E+02   .9999976  .0006746  .0020718
T  785  1 .1928995E+07   5000110E-02 -.9117E+01 -.8501E+02   .9999512  .0008107 -.0098462
T  786  1 .1914524E+07   5000139E-02  .1951E+02 -.7913E+02   .9999896 -.0003751 -.0045445
T  787  1 .1934831E+07   5000077E-02 -.3158E+02  .9281E+02   .9999838 -.0016692  .0054500
T  788  1 .1921811E+07   5000205E-02 -.1561E+03  .9139E+02   .9999688 -.0078896  .0004108
T  789  1 .1923186E+07   5000201E-02  .3830E+02 -.3040E+02   .9999943  .0026945 -.0020429
T  790  1 .1929806E+07   5000068E-02 -.6052E+01  .3711E+01   .9999994 -.0007900 -.0007732
T  791  1 .1916810E+07   5000087E-02  .8060E+02 -.7288E+02   .9999776  .0066417  .0008420
T  792  1 .1919030E+07   5000063E-02 -.6287E+01 -.2236E+01   .9999990  .0003632 -.0013970
T  793  1 .1923627E+07   5000100E-02 -.1497E+03 -.2634E+03   .9999012 -.0084163 -.0112626
T  794  1 .1923042E+07   5000070E-02  .2325E+02  .7803E+02   .9999752  .0050595  .0048950
T  795  1 .1922112E+07   5000203E-02 -.2285E+02 -.1210E+02   .9999987 -.0015103 -.0006004
T  796  1 .1919833E+07   5000206E-02  .1871E+03  .7369E+02   .9999382  .0089338  .0066158
T  797  1 .1916987E+07   5000001E-02 -.4266E+02 -.2739E+02   .9999767 -.0054532 -.0041084
T  798  1 .1932356E+07   5000223E-02 -.2520E+02  .4581E+02   .9999844 -.0035122  .0043370
T  799  1 .1927880E+07   5000182E-02  .1569E+02 -.4867E+02   .9999919  .0014800 -.0037417
T  800  1 .1921970E+07   5000001E-02  .6082E+02  .8265E+02   .9999994 -.0009829 -.0005119
T  801  1 .1915773E+07   5000038E-02 -.8714E+02 -.6528E+01   .9999740 -.0070524  .0015143
T  802  1 .1919829E+07   5000214E-02  .1540E+02 -.5204E+02   .9999643  .0030825 -.0078653
T  803  1 .1914708E+07   5000034E-02 -.3993E+02 -.1830E+02   .9999944 -.0033124  .0005385
T  804  1 .1913385E+07   5000209E-02 -.4804E+02  .1869E+02   .9999898 -.0043406  .0012742
T  805  1 .1912933E+07   5000175E-02 -.1148E+02 -.2566E+03   .9999356 -.0047267 -.0103208
T  806  1 .1919853E+07   5000210E-02  .1203E+03  .1631E+03   .9999768  .0033113  .0059481
T  807  1 .1910078E+07   5000030E-02  .2603E+02  .1666E+02   .9999929  .0035651 -.0012509
T  808  1 .1923240E+07   5000064E-02 -.6612E+02  .4408E+02   .9999852 -.0045111  .0030530
T  809  1 .1921795E+07   5000096E-02  .4096E+02 -.1984E+02   .9999744  .0012990 -.0070329
T  810  1 .1921072E+07   5000074E-02  .6181E+01  .1147E+02   .9999971  .0021350  .0011300
T  811  1 .1920162E+07   5000159E-02  .6428E+02  .1577E+03   .9999006  .0082899  .0114082
T  812  1 .1916472E+07   5000024E-02 -.1320E+03  .2536E+02   .9999505 -.0071382  .0069344
T  813  1 .1939586E+07   5000124E-02  .4468E+02  .2419E+02   .9999651  .0047644  .0068675
T  814  1 .1930633E+07   5000101E-02 -.1604E+03 -.8253E+02   .9999486 -.0091190 -.0044310
T  815  1 .1919724E+07   5000139E-02 -.5601E+01 -.2242E+02   .9999997 -.0007062 -.0003871
T  816  1 .1934219E+07   5000096E-02  .2704E+02 -.1836E+01   .9999759  .0053794  .0043929
T  817  1 .1922237E+07   5000200E-02  .7334E+02 -.2419E+01   .9999964  .0017103 -.0020651
T  818  1 .1912998E+07   5000199E-02 -.9988E+02 -.1718E+03   .9999623 -.0039337 -.0077440
T  819  1 .1927121E+07   5000006E-02 -.1604E+02 -.3983E+02   .9999997 -.0003439 -.0007416
T  820  1 .1912874E+07   5000063E-02 -.1460E+03 -.6703E+02   .9999438 -.0091413 -.0053639
T  821  1 .1920813E+07   5000153E-02  .3630E+02 -.1122E+03   .9999873  .0000811 -.0050298
T  822  1 .1911936E+07   5000209E-02  .2356E+01 -.2026E+03   .9999721  .0038677 -.0063926
T  823  1 .1919045E+07   5000225E-02 -.5977E+02 -.9293E+02   .9999961 -.0027361 -.0006182
T  824  1 .1920185E+07   5000105E-02  .1425E+03  .8285E+02   .9999736  .0065941  .0030604
T  825  1 .1927270E+07   5000042E-02  .2864E+02 -.6693E+02   .9999998 -.0005594 -.0000548
T  826  1 .1930413E+07   5000127E-02  .2102E+03 -.4420E+02   .9994050  .0320633 -.0127144
T  827  1 .1924873E+07   5000201E-02  .4161E+02 -.1452E+03   .9999739  .0037073 -.0062030
T  828  1 .1921802E+07   5000146E-02 -.1919E+03  .1290E+02   .9999699 -.0069237  .0034952
T  829  1 .1928645E+07   5000225E-02 -.1266E+03 -.2384E+03   .9999794 -.0025427 -.0058971
T  830  1 .1928103E+07   5000024E-02 -.9940E+02  .4108E+02   .9999684 -.0079436  .0002627
T  831  1 .1926652E+07   5000118E-02 -.5075E+01 -.3633E+02   .9999979 -.0007061 -.0019471
T  832  1 .1924698E+07   5000158E-02  .8887E+02  .4669E+01   .9999854  .0046309  .0027739
T  833  1 .1912967E+07   5000076E-02  .1297E+03  .2570E+02   .9999801  .0061205  .0015604
T  834  1 .1913295E+07   5000069E-02  .1432E+02 -.3678E+01   .9999987 -.0012127  .0010852
T  835  1 .1918976E+07   5000189E-02 -.1492E+02  .1116E+03   .9999897 -.0037967  .0025011
T  836  1 .1927305E+07   5000095E-02  .1479E+02  .1066E+02   .9999910  .0036086 -.0022508
T  837  1 .1928836E+07   5000073E-02  .9900E+02 -.2769E+02   .9999880  .0040166 -.0028199
T  838  1 .1917461E+07   5000192E-02 -.1459E+03 -.6203E+02   .9999699 -.0050269 -.0059173
T  839  1 .1933921E+07   5000181E-02  .1820E+02 -.1358E+03   .9999902  .0009645 -.0043268
T  840  1 .1916727E+07   5000130E-02  .1164E+03 -.4023E+03   .9996648 -.0019057 -.0258188
T  841  1 .1920152E+07   5000072E-02 -.1714E+02  .5767E+01   .9999930 -.0024333  .0028252
T  842  1 .1924133E+07   5000180E-02  .1712E+02  .1195E+03   .9999886  .0036674  .0030476
T  843  1 .1932372E+07   5000006E-02 -.1123E+04 -.1136E+04   .9993931 -.0239533 -.0252935
T  844  1 .1913717E+07   5000224E-02  .1610E+03 -.3671E+02   .9999683  .0077237  .0019196
T  845  1 .1922044E+07   5000080E-02 -.1855E+02  .9013E+01   .9999991  .0012279  .0005464
T  846  1 .1929744E+07   5000109E-02  .3323E+02 -.4009E+01   .9999309 -.0116294 -.0017244
T  847  1 .1904126E+07   5000016E-02 -.1996E+02  .7052E+02   .9999922  .0023609  .0031626
T  848  1 .1921101E+07   5000158E-02 -.2729E+02 -.1205E+03   .9999562  .0010021 -.0093071
T  849  1 .1920883E+07   5000152E-02 -.4469E+02 -.1807E+03   .9999880 -.0041195 -.0026501
T  850  1 .1927227E+07   5000084E-02  .8160E+02  .6508E+02   .9999865  .0038285  .0035231
T  851  1 .1932652E+07   5000140E-02  .3043E+03  .2754E+03   .9998376  .0123826  .0130941
T  852  1 .1930273E+07   5000196E-02 -.8232E+01 -.1309E+01   .9999973  .0022685 -.0004637
T  853  1 .1918183E+07   5000131E-02 -.4149E+03  .1239E+03   .9997479 -.0214110  .0067533
T  854  1 .1923167E+07   5000178E-02  .2184E+03 -.2099E+03   .9999358  .0086019 -.0073804
T  855  1 .1927805E+07   5000058E-02 -.1851E+03 -.3096E+02   .9998555 -.0169361  .0014332
T  856  1 .1920393E+07   5000152E-02 -.3870E+02 -.2458E+02   .9999094 -.0112728  .0073567
T  857  1 .1904956E+07   5000204E-02  .1752E+01 -.1783E+03   .9999757 -.0005974 -.0069462
T  858  1 .1919292E+07   5000185E-02 -.5698E+02  .9599E+02   .9999745 -.0049096  .0051854
T  859  1 .1917363E+07   5000193E-02  .8513E+01 -.2840E+02   .9999766  .0013553 -.0067103
T  860  1 .1913555E+07   5000002E-02  .2783E+02 -.1036E+03   .9999945  .0017160 -.0028329
T  861  1 .1922679E+07   5000029E-02  .8058E+02  .3608E+03   .9998063  .0082545  .0178694
T  862  1 .1915683E+07   5000089E-02 -.1075E+03  .2806E+02   .9999596 -.0085373  .0028010
T  863  1 .1925944E+07   5000117E-02  .1013E+03 -.2306E+03   .9999405  .0040771 -.0101147
T  864  1 .1920782E+07   5000061E-02  .1061E+03  .2052E+02   .9999999  .0002612  .0001639
T  865  1 .1917405E+07   5000212E-02 -.2635E+02  .5250E+02   .9999953 -.0011102  .0028524
T  866  1 .1920251E+07   5000020E-02 -.1559E+03 -.5335E+02   .9999740 -.0072043 -.0000793
T  867  1 .1922434E+07   5000212E-02  .1517E+02  .5049E+02   .9999898  .0013964  .0042940
T  868  1 .1911816E+07   5000023E-02 -.5030E+02 -.1646E+03   .9999889  .0000776 -.0047115
T  869  1 .1929389E+07   5000196E-02  .2880E+02  .2070E+02   .9999806  .0052267  .0033898
T  870  1 .1927825E+07   5000151E-02  .2840E+02  .4696E+02   .9999545  .0057606  .0076057
T  871  1 .1925589E+07   5000162E-02 -.8464E+02 -.3001E+02   .9999966 -.0024900 -.0007378
T  872  1 .1935597E+07   5000138E-02 -.6141E+03 -.1386E+03   .9970075 -.0752904 -.0175339
T  873  1 .1919777E+07   5000102E-02  .4953E+02  .1605E+02   .9999767  .0038732  .0056243
T  874  1 .1923124E+07   5000140E-02  .1481E+03 -.1623E+03   .9999619  .0057564 -.0065672
T  875  1 .1915530E+07   5000158E-02  .3376E+02  .5353E+02   .9999998  .0006980  .0000034
T  876  1 .1924608E+07   5000025E-02  .9370E+02  .4642E+02   .9999955  .0027395 -.0012038
T  877  1 .1928953E+07   5000152E-02 -.1986E+03  .8604E+02   .9997726 -.0184066  .0107686
T  878  1 .1914537E+07   5000167E-02  .1857E+03 -.2578E+02   .9997989  .0183995  .0079779
T  879  1 .1918278E+07   5000155E-02 -.7517E+01 -.1256E+02   .9999994 -.0008678  .0006596
T  880  1 .1915786E+07   5000052E-02 -.9209E+01 -.1746E+03   .9999697 -.0002012 -.0077863
T  881  1 .1929062E+07   5000137E-02 -.6006E+02 -.8203E+02   .9999877 -.0007115 -.0049136
T  882  1 .1927469E+07   5000164E-02 -.2415E+02  .6114E+02   .9999945  .0000705  .0033216
T  883  1 .1920993E+07   5000193E-02 -.5372E+02 -.2600E+03   .9999654 -.0023566 -.0079797
T  884  1 .1926019E+07   5000124E-02  .3148E+02  .2675E+02   .9999999  .0002291 -.0004796
T  885  1 .1923706E+07   5000151E-02 -.4918E+02 -.9803E+01   .9999919 -.0039726  .0006189
T  886  1 .1926982E+07   5000088E-02  .9680E+02  .3384E+03   .9998072  .0009641  .0196105
T  887  1 .1921052E+07   5000200E-02  .2324E+02  .6317E+02   .9999849  .0013001  .0053354
T  888  1 .1916552E+07   5000219E-02 -.5474E+02 -.5992E+02   .9999860 -.0021465  .0048320
T  889  1 .1922355E+07   5000001E-02  .1458E+03  .1444E+03   .9999644  .0032321  .0077988
T  890  1 .1927676E+07   5000157E-02  .3684E+02  .2689E+02   .9999945  .0027123  .0019037
T  891  1 .1919870E+07   5000115E-02  .1136E+01 -.1275E+03   .9999932  .0013093 -.0034619
T  892  1 .1915011E+07   5000064E-02 -.3607E+03  .2470E+03   .9997221 -.0214842  .0097045
T  893  1 .1929361E+07   5000010E-02 -.1520E+02 -.5311E+02   .9999997 -.0007471  .0002548
T  894  1 .1920744E+07   5000115E-02  .5084E+02  .2441E+02   .9999918  .0022679  .0033423
T  895  1 .1928403E+07   5000036E-02 -.2656E+03 -.3123E+02   .9999010 -.0139614  .0017293
T  896  1 .1927978E+07   5000027E-02 -.1904E+03 -.2217E+03   .9999570 -.0039981 -.0083666
T  897  1 .1911798E+07   5000213E-02 -.5864E+02  .6838E+02   .9999530 -.0081998  .0051685
T  898  1 .1924660E+07   5000172E-02 -.6806E+02  .6498E+02   .9999873 -.0045600  .0021418
T  899  1 .1907813E+07   5000169E-02 -.1063E+02 -.1364E+02   .9999989  .0011857  .0009124
T  900  1 .1927561E+07   5000206E-02 -.6715E+02  .2359E+01   .9999835 -.0057030  .0007120
T  901  1 .1922140E+07   5000080E-02  .1906E+03 -.7341E+02   .9999394  .0104472 -.0034788
T  902  1 .1918696E+07   5000099E-02 -.2995E+02 -.6170E+02   .9999503 -.0053071  .0084412
T  903  1 .1930833E+07   5000034E-02 -.3234E+03 -.6920E+02   .9999771 -.0062186 -.0026622
T  904  1 .1920190E+07   5000124E-02  .2568E+02 -.9892E+00   .9999947  .0021028 -.0024803
T  905  1 .1914525E+07   5000109E-02  .9076E+02  .5848E+02   .9999768  .0059245 -.0033680
T  906  1 .1924615E+07   5000161E-02  .1814E+03 -.1146E+03   .9999197  .0120378 -.0039722
T  907  1 .1927994E+07   5000027E-02 -.5017E+02 -.9415E+02   .9999839 -.0033278 -.0046051
T  908  1 .1919560E+07   5000129E-02 -.1016E+03  .3170E+01   .9999977 -.0019283 -.0009643
T  909  1 .1918062E+07   5000010E-02  .1845E+02  .1311E+03   .9999389 -.0015437  .0109417
T  910  1 .1924047E+07   5000065E-02  .3926E+02 -.5144E+02   .9999869  .0032250 -.0039731
T  911  1 .1925162E+07   5000007E-02  .4125E+02 -.7047E+02   .9999982  .0017443 -.0006872
T  912  1 .1917055E+07   5000221E-02 -.9858E+01  .1970E+02   .9999966 -.0018601  .0018500
T  913  1 .1909588E+07   5000201E-02 -.2428E+03  .2336E+03   .9997865 -.0158123  .0133049
T  914  1 .1924473E+07   5000007E-02 -.3217E+01  .2122E+02   .9999958 -.0018022  .0022710
T  915  1 .1920300E+07   5000048E-02 -.9676E+02  .9213E+02   .9999979 -.0016754  .0011906
T  916  1 .1912475E+07   5000185E-02 -.1322E+03  .3398E+03   .9998617 -.0039877  .0161449
T  917  1 .1921199E+07   5000177E-02 -.8287E+01 -.1942E+02   .9999980  .0005798 -.0019368
T  918  1 .1916701E+07   5000213E-02 -.8507E+02 -.3672E+02   .9999974  .0022563  .0002648
T  919  1 .1928292E+07   5000079E-02 -.1801E+03 -.3095E+03   .9999543 -.0093760 -.0018541
T  920  1 .1923909E+07   5000136E-02 -.1931E+03  .3212E+02   .9999763 -.0068600  .0006574
T  921  1 .1913227E+07   5000006E-02 -.3304E+01 -.1660E+02   .9999969  .0013486 -.0021145
T  922  1 .1929280E+07   5000173E-02 -.6080E+02 -.3779E+02   .9999796 -.0031756 -.0055373
T  923  1 .1920378E+07   5000072E-02  .3528E+02 -.1209E+03   .9999964  .0006223 -.0026216
T  924  1 .1934754E+07   5000053E-02 -.3298E+02 -.1012E+03   .9999368 -.0005028 -.0112318
T  925  1 .1916799E+07   5000040E-02  .1457E+03 -.1868E+03   .9998353  .0088690 -.0158316
T  926  1 .1914973E+07   5000001E-02 -.1261E+03  .1841E+03   .9999160 -.0075464  .0105340
T  927  1 .1924077E+07   5000028E-02 -.1698E+02 -.4008E+02   .9998616 -.0165063 -.0021004
T  928  1 .1923710E+07   5000113E-02  .3368E+02 -.2103E+02   .9999995  .0009575 -.0004095
T  929  1 .1922659E+07   5000096E-02  .3576E+03  .1572E+02   .9998597  .0167443 -.0005066
T  930  1 .1924691E+07   5000077E-02 -.1745E+03 -.3528E+02   .9999502 -.0097991 -.0018889
T  931  1 .1925341E+07   5000091E-02  .1777E+03 -.2377E+02   .9999842  .0054689 -.0012629
T  932  1 .1927404E+07   5000178E-02 -.2320E+02  .1135E+03   .9999796 -.0016088  .0061785
T  933  1 .1911850E+07   5000109E-02 -.7922E+02  .5446E+02   .9999775 -.0066265  .0010258
T  934  1 .1917562E+07   5000196E-02  .7403E+02 -.1069E+03   .9999535  .0079021 -.0055355
T  935  1 .1909286E+07   5000189E-02  .4017E+02 -.1425E+03   .9999140  .0037094 -.0125773
T  936  1 .1922123E+07   5000100E-02  .2841E+03  .6510E+02   .9999589  .0090219 -.0008818
T  937  1 .1923986E+07   5000060E-02  .2885E+02 -.4150E+02   .9999985  .0015735  .0007505
T  938  1 .1928941E+07   5000020E-02  .1721E+02 -.8897E+01   .9999989 -.0011619 -.0009616
T  939  1 .1919913E+07   5000141E-02 -.2233E+04 -.5780E+03   .9970537 -.0745598 -.0180233
T  940  1 .1921053E+07   5000028E-02 -.8690E+02 -.1028E+03   .9999759 -.0048415 -.0049742
T  941  1 .1929430E+07   5000139E-02 -.3387E+02  .1128E+02   .9999957 -.0020607 -.0020828
T  942  1 .1927224E+07   5000121E-02 -.2390E+03  .1421E+03   .9999851 -.0054071  .0008024
T  943  1 .1925866E+07   5000134E-02  .9478E+02  .2887E+02   .9999630  .0079891  .0031837
T  944  1 .1924868E+07   5000168E-02 -.6715E+02  .3855E+02   .9999797 -.0047489  .0042502
T  945  1 .1919658E+07   5000169E-02  .3705E+03 -.1244E+04   .9994786  .0065444 -.0316186
T  946  1 .1928788E+07   5000211E-02  .3193E+02 -.1573E+02   .9999987  .0015982  .0002271
T  947  1 .1926879E+07   5000115E-02  .1134E+03  .1185E+02   .9999562  .0092336 -.0015262
T  948  1 .1918318E+07   5000221E-02 -.2871E+02  .2671E+03   .9999521  .0020103  .0095766
T  949  1 .1935618E+07   5000174E-02  .7713E+01 -.4170E+02   .9999907 -.0013430 -.0041082
T  950  1 .1915975E+07   5000205E-02  .1191E+02 -.5563E+02   .9999997  .0006246 -.0004813
T  951  1 .1925779E+07   5000150E-02  .7909E+02 -.1988E+03   .9999581  .0038788 -.0082859
T  952  1 .1917806E+07   5000089E-02 -.1011E+03 -.6211E+02   .9999935 -.0027774 -.0022788
T  953  1 .1915476E+07   5000173E-02 -.2260E+02  .1934E+02   .9999984 -.0010178  .0014719
T  954  1 .1918517E+07   5000134E-02  .2275E+02  .5817E+01   .9999998  .0004516  .0004871
T  955  1 .1929203E+07   5000226E-02  .3740E+02 -.1449E+03   .9999955 -.0011327 -.0027737
T  956  1 .1920507E+07   5000161E-02  .4507E+01  .5963E+02   .9999800 -.0051344  .0036855
T  957  1 .1920218E+07   5000111E-02  .1275E+03  .6581E+02   .9999945  .0019012 -.0027052
T  958  1 .1930007E+07   5000002E-02 -.4554E+02  .6418E+02   .9999870 -.0029875  .0041208
T  959  1 .1921381E+07   5000040E-02 -.5221E+02 -.4636E+02   .9999718 -.0038311 -.0064639
T  960  1 .1924810E+07   5000094E-02 -.1062E+03  .4529E+02   .9999878 -.0027170  .0041341
T  961  1 .1928834E+07   5000136E-02 -.1069E+03  .7137E+02   .9999844 -.0044551  .0033792
T  962  1 .1924360E+07   5000036E-02  .6371E+02 -.8412E+02   .9999904  .0041294 -.0014963
T  963  1 .1915822E+07   5000074E-02  .2192E+01 -.4431E+02   .9999876  .0031371 -.0038781
T  964  1 .1922732E+07   5000200E-02 -.1514E+02 -.7384E+01   .9999983 -.0012655 -.0013656
T  965  1 .1913744E+07   5000138E-02  .3070E+00  .2218E+02   .9999955 -.0027562 -.0011856
T  966  1 .1925402E+07   5000213E-02  .7441E+02 -.7253E+01   .9999995  .0009194 -.0003985
T  967  1 .1926495E+07   5000208E-02 -.7556E+02 -.2672E+02   .9999993 -.0010074 -.0005447
T  968  1 .1934184E+07   5000218E-02  .9575E+01  .2059E+02   .9999991  .0010245  .0008752
T  969  1 .1921212E+07   5000086E-02 -.1761E+02 -.9707E+02   .9999621 -.0005271 -.0086944
T  970  1 .1919969E+07   5000140E-02 -.2833E+02  .5381E+02   .9999868 -.0049628  .0013221
T  971  1 .1918775E+07   5000187E-02 -.9535E+02 -.1697E+03   .9999017  .0000063 -.0140230
T  972  1 .1913293E+07   5000002E-02 -.6893E+02  .4479E+02   .9999999 -.0003625  .0002274
T  973  1 .1928348E+07   5000171E-02  .1702E+02  .1206E+02   .9999993  .0001184  .0011795
T  974  1 .1926601E+07   5000181E-02  .1021E+03 -.5995E+02   .9999816  .0054178 -.0027404
T  975  1 .1916411E+07   5000162E-02  .3623E+01  .9622E+02   .9999933  .0010117  .0035068
T  976  1 .1930934E+07   5000070E-02  .3493E+02 -.8077E+02   .9999911  .0011042 -.0040631
T  977  1 .1917341E+07   5000005E-02  .7054E+02 -.3202E+02   .9999876  .0042413 -.0026062
T  978  1 .1920518E+07   5000193E-02  .5422E+02  .1207E+03   .9999784  .0014364  .0064128
T  979  1 .1916527E+07   5000196E-02 -.3532E+02  .7829E+02   .9999960 -.0023831  .0015081
T  980  1 .1923318E+07   5000171E-02  .9423E+02 -.2465E+02   .9999938 -.0030620 -.0017595
T  981  1 .1920843E+07   5000219E-02  .1875E+02 -.7584E+02   .9999885  .0046469 -.0012142
T  982  1 .1927037E+07   5000044E-02  .2325E+03  .6875E+02   .9999295  .0116887  .0020690
T  983  1 .1929053E+07   5000176E-02  .6962E+02  .6557E+02   .9999479  .0088487  .0050794
T  984  1 .1927122E+07   5000114E-02 -.4677E+01  .2019E+03   .9999891  .0008824  .0045776
T  985  1 .1926134E+07   5000056E-02 -.3794E+02 -.2758E+03   .9999776  .0007027 -.0066588
T  986  1 .1920844E+07   5000021E-02  .7228E+02  .2075E+03   .9998708 -.0133585  .0089424
T  987  1 .1923179E+07   5000054E-02  .2069E+03  .1676E+03   .9999241  .0107155  .0060726
T  988  1 .1926027E+07   5000012E-02  .1011E+03  .5151E+02   .9999923  .0030607  .0024547
T  989  1 .1919828E+07   5000187E-02 -.1532E+03 -.2122E+02   .9999683 -.0079573  .0001716
T  990  1 .1933341E+07   5000057E-02  .2182E+02  .7520E+02   .9999841  .0029135  .0048262
T  991  1 .1920985E+07   5000143E-02 -.1086E+03  .1049E+03   .9999912 -.0028720  .0030423
T  992  1 .1919180E+07   5000085E-02  .6788E+02 -.8881E+02   .9999974  .0019725  .0011015
T  993  1 .1914797E+07   5000050E-02 -.1288E+03 -.1218E+03   .9999900 -.0043666 -.0010131
T  994  1 .1921995E+07   5000136E-02 -.8312E+02 -.2978E+02   .9999777 -.0056274 -.0035895
T  995  1 .1917532E+07   5000129E-02  .9312E+02 -.5598E+02   .9999963  .0018282 -.0020006
T  996  1 .1918101E+07   5000210E-02  .4315E+02  .2406E+02   .9999991  .0008315  .0010149
T  997  1 .1911040E+07   5000154E-02 -.2232E+02 -.1400E+03   .9999973 -.0007862 -.0021989
T  998  1 .1914854E+07   5000108E-02  .6514E+02  .6690E+03   .9996312  .0034279  .0269390
T  999  1 .1931929E+07   5000013E-02 -.1646E+03  .1339E+03   .9999466 -.0056997  .0086164
T 1000  1 .1915509E+07   5000204E-02 -.3414E+02 -.3495E+02   .9999986  .0009815  .0013389
T 1001  1 .1925156E+07   5000088E-02 -.2432E+03 -.1726E+03   .9999076 -.0088249 -.0103444
T 1002  1 .1915248E+07   5000164E-02  .2873E+02  .1178E+02   .9999895  .0044354  .0011840
T 1003  1 .1920372E+07   5000017E-02  .6970E+02  .7404E+02   .9999664  .0040895  .0070984
T 1004  1 .1918169E+07   5000165E-02 -.6045E+02  .3304E+02   .9999837 -.0055182  .0014625
T 1005  1 .1910163E+07   5000036E-02  .1658E+03  .2742E+02   .9999412  .0108283  .0005292
T 1006  1 .1922473E+07   5000067E-02  .8740E+02  .2006E+03   .9999888  .0020962  .0042399
T 1007  1 .1931623E+07   5000017E-02 -.1547E+02  .1773E+03   .9999378 -.0028688  .0107791
T 1008  1 .1923596E+07   5000157E-02 -.3258E+02 -.5025E+01   .9999927 -.0037938  .0004440
T 1009  1 .1918511E+07   5000073E-02  .1875E+03 -.5205E+01   .9999695  .0078099 -.0000232
T 1010  1 .1917373E+07   5000140E-02  .1066E+03 -.4483E+02   .9999869  .0051037  .0004555
T 1011  1 .1926572E+07   5000190E-02  .1561E+03  .5838E+02   .9999888  .0041069  .0023477
T 1012  1 .1912288E+07   5000074E-02 -.1424E+03 -.6491E+02   .9999251 -.0114486 -.0043240
T 1013  1 .1932130E+07   5000083E-02 -.1985E+03  .2793E+02   .9999855 -.0046125  .0027805
T 1014  1 .1934424E+07   5000092E-02 -.3437E+03 -.9519E+02   .9998700 -.0155811 -.0041560
T 1015  1 .1911515E+07   5000156E-02 -.3717E+02 -.1782E+01   .9999737 -.0059600 -.0041326
T 1016  1 .1927143E+07   5000108E-02 -.9863E+00  .3496E+02   .9999699  .0022616  .0074168
T 1017  1 .1922657E+07   5000014E-02 -.5019E+02  .1277E+03   .9999630 -.0034740  .0078698
T 1018  1 .1916712E+07   5000188E-02  .1023E+03  .1525E+02   .9999873  .0021489  .0045553
T 1019  1 .1932350E+07   5000125E-02  .9843E+01 -.2677E+03   .9999477 -.0001514 -.0102246
T 1020  1 .1924364E+07   5000223E-02  .3700E+03 -.1646E+03   .9998886  .0134691 -.0064277
T 1021  1 .1931034E+07   5000143E-02  .2512E+00 -.5163E+02   .9999848  .0014821 -.0053179
T 1022  1 .1910592E+07   5000024E-02 -.3865E+02 -.2533E+02   .9999811 -.0048167 -.0038268
T 1023  1 .1918699E+07   5000219E-02  .1138E+03  .1800E+03   .9999408  .0018389  .0107261
T 1024  1 .1924260E+07   5000209E-02 -.8865E+00 -.2275E+02   .9999960  .0026834 -.0009105
T 1025  1 .1922486E+07   5000012E-02 -.3955E+03 -.1198E+03   .9999083 -.0131711 -.0031440
T 1026  1 .1914103E+07   5000199E-02 -.1118E+03 -.7852E+02   .9999838 -.0037961 -.0042486
T 1027  1 .1918103E+07   5000211E-02  .6921E+02  .1592E+02   .9999912  .0041961 -.0002034
T 1028  1 .1932350E+07   5000006E-02  .3594E+03 -.9685E+02   .9999177  .0124050 -.0032780
T 1029  1 .1917723E+07   5000096E-02  .3650E+00 -.1348E+02   .9999955  .0029400 -.0006250
T 1030  1 .1913994E+07   5000009E-02  .2328E+02  .8223E+02   .9999861  .0003199  .0052559
T 1031  1 .1923799E+07   5000159E-02 -.8376E+02 -.6239E+02   .9999940 -.0006617 -.0034098
T 1032  1 .1919680E+07   5000159E-02 -.1748E+02  .3719E+03   .9999545 -.0010639  .0094822
T 1033  1 .1925625E+07   5000109E-02 -.9609E+02  .1312E+02   .9999689 -.0069608  .0036941
T 1034  1 .1912769E+07   5000164E-02 -.1972E+02  .1035E+02   .9999406 -.0043124 -.0100052
T 1035  1 .1917273E+07   5000161E-02  .3208E+02  .1823E+02   .9999951 -.0019636  .0024559
T 1036  1 .1932048E+07   5000215E-02 -.3577E+02 -.1352E+02   .9999919 -.0040046 -.0004142
T 1037  1 .1917591E+07   5000129E-02 -.3809E+02  .9076E+02   .9999751 -.0042481  .0056287
T 1038  1 .1925304E+07   5000138E-02 -.5716E+02 -.3207E+02   .9999816 -.0055588 -.0024249
T 1039  1 .1929077E+07   5000155E-02 -.2123E+03 -.6819E+02   .9999625 -.0064325 -.0058005
T 1040  1 .1917827E+07   5000136E-02  .4358E+03 -.8968E+02   .9998330  .0128569 -.0129841
T 1041  1 .1909808E+07   5000192E-02  .3170E+02 -.5389E+01   .9999837  .0052064  .0023245
T 1042  1 .1921807E+07   5000182E-02 -.7161E+01 -.1321E+01   .9999994 -.0005177 -.0009227
T 1043  1 .1921292E+07   5000147E-02  .1458E+03 -.1317E+03   .9999769  .0021507 -.0064425
T 1044  1 .1914330E+07   5000125E-02 -.2904E+02 -.1926E+02   .9999989 -.0008878 -.0012093
T 1045  1 .1928433E+07   5000035E-02  .2190E+03  .2563E+02   .9999346  .0114321  .0000783
T 1046  1 .1927632E+07   5000133E-02  .7017E+02 -.1463E+03   .9999372  .0034342 -.0106684
T 1047  1 .1919852E+07   5000016E-02 -.6499E+02 -.3693E+01   .9999946 -.0026315 -.0019829
T 1048  1 .1912957E+07   5000038E-02  .2460E+03 -.5919E+02   .9997590  .0217261 -.0031549
T 1049  1 .1923654E+07   5000152E-02  .2339E+02  .4976E+02   .9999882  .0013088  .0046801
T 1050  1 .1927181E+07   5000224E-02 -.7846E+02  .3104E+02   .9999354 -.0107393  .0037170
T 1051  1 .1917721E+07   5000162E-02 -.9189E+02  .6525E+02   .9999572 -.0076119  .0052561
T 1052  1 .1930169E+07   5000215E-02  .1591E+03 -.7469E+02   .9999682  .0064476 -.0046865
T 1053  1 .1915034E+07   5000088E-02  .9311E+02  .9915E+02   .9999848  .0017744  .0052290
T 1054  1 .1919221E+07   5000174E-02 -.7621E+02 -.1403E+02   .9999962 -.0027200  .0005357
T 1055  1 .1913354E+07   5000184E-02  .4877E+03 -.2419E+02   .9999342  .0114704 -.0001839
T 1056  1 .1930859E+07   5000175E-02  .5509E+03  .2775E+02   .9970936  .0741065 -.0176821
T 1057  1 .1934823E+07   5000113E-02 -.4747E+02 -.1019E+02   .9999992 -.0000472 -.0012772
T 1058  1 .1911277E+07   5000134E-02 -.9649E+02  .2721E+02   .9999803 -.0056582  .0027083
T 1059  1 .1931167E+07   5000042E-02 -.4503E+02 -.1522E+03   .9999744 -.0015524 -.0069895
T 1060  1 .1913227E+07   5000068E-02  .1812E+03 -.1014E+03   .9999678  .0077476 -.0020780
T 1061  1 .1916081E+07   5000125E-02 -.4122E+02 -.1398E+03   .9999699 -.0058889 -.0050458
T 1062  1 .1928072E+07   5000130E-02  .7576E+01  .2374E+02   .9999920  .0010080  .0038647
T 1063  1 .1907043E+07   5000120E-02 -.5770E+02 -.7215E+02   .9999964 -.0006686 -.0026136
T 1064  1 .1920303E+07   5000117E-02 -.5874E+01  .2266E+02   .9999981  .0005200  .0018970
T 1065  1 .1920153E+07   5000179E-02 -.4150E+02  .1127E+02   .9999999  .0005316  .0000523
T 1066  1 .1941146E+07   5000003E-02 -.2052E+03  .1797E+03   .9998706 -.0110461  .0116961
T 1067  1 .1933197E+07   5000071E-02 -.1345E+02  .1996E+02   .9999783 -.0033218  .0056844
T 1068  1 .1927801E+07   5000192E-02  .2053E+03  .3459E+02   .9998807  .0154125  .0010580
T 1069  1 .1920689E+07   5000184E-02  .1228E+03  .4623E+02   .9999805  .0061210 -.0012775
T 1070  1 .1932638E+07   5000156E-02  .1540E+02  .3607E+01   .9999884 -.0002485 -.0048099
T 1071  1 .1927047E+07   5000109E-02 -.3975E+03 -.5791E+03   .9996558 -.0149554 -.0215545
T 1072  1 .1923839E+07   5000209E-02 -.5607E+02 -.7951E+02   .9999560 -.0084791 -.0040124
T 1073  1 .1921980E+07   5000126E-02  .1307E+03  .9886E+02   .9999611  .0060469  .0064216
T 1074  1 .1929125E+07   5000044E-02 -.2838E+02  .8242E+02   .9999953  .0009530  .0029293
T 1075  1 .1926316E+07   5000040E-02  .5110E+02  .8827E+02   .9999977  .0007268  .0020017
T 1076  1 .1915015E+07   5000142E-02  .1235E+03 -.8346E+02   .9999741  .0052742 -.0048994
T 1077  1 .1915672E+07   5000089E-02 -.6972E+02 -.1273E+03   .9999853 -.0041454 -.0034940
T 1078  1 .1925568E+07   5000186E-02  .2222E+03 -.1198E+02   .9999208  .0085078  .0092735
T 1079  1 .1937369E+07   5000140E-02  .1930E+02 -.1654E+02   .9999940 -.0008534 -.0033518
T 1080  1 .1912266E+07   5000032E-02  .1705E+03 -.2191E+03   .9999746  .0061506 -.0036024
T 1081  1 .1935238E+07   5000204E-02  .2484E+02 -.8031E+01   .9999968  .0021289 -.0013727
T 1082  1 .1928337E+07   5000126E-02 -.5710E+02 -.9092E+02   .9999976 -.0020884 -.0006399
T 1083  1 .1915787E+07   5000170E-02  .1927E+02 -.9208E+01   .9999803 -.0053068  .0033612
T 1084  1 .1918736E+07   5000214E-02  .3982E+02 -.6082E+02   .9999704 -.0034743  .0068583
T 1085  1 .1927856E+07   5000138E-02 -.8806E+02  .2528E+01   .9999861 -.0050382  .0015481
T 1086  1 .1920708E+07   5000103E-02  .8491E+03  .9013E+01   .9992291  .0391836  .0024234
T 1087  1 .1929893E+07   5000038E-02  .4014E+03 -.5155E+03   .9998653  .0104091 -.0126934
T 1088  1 .1915770E+07   5000112E-02 -.1532E+03  .1291E+03   .9999742 -.0048155  .0053248
T 1089  1 .1917787E+07   5000191E-02 -.8260E+01 -.1415E+03   .9999750 -.0013673 -.0069350
T 1090  1 .1918520E+07   5000208E-02 -.2181E+03  .8181E+02   .9999803 -.0042615  .0046060
T 1091  1 .1935451E+07   5000167E-02 -.9292E+02  .2069E+03   .9999602 -.0007046  .0088941
T 1092  1 .1920141E+07   5000093E-02 -.4486E+01 -.9612E+01   .9999990 -.0006446  .0012425
T 1093  1 .1924279E+07   5000040E-02 -.9755E+02 -.1335E+03   .9999968 -.0011286 -.0022557
T 1094  1 .1917030E+07   5000170E-02  .1906E+02  .2544E+02   .9999729 -.0063432  .0037267
T 1095  1 .1918052E+07   5000067E-02 -.3364E+03 -.3101E+02   .9998960 -.0142136 -.0024526
T 1096  1 .1912465E+07   5000130E-02  .8336E+02  .1803E+03   .9999321  .0102074  .0056156
T 1097  1 .1910845E+07   5000058E-02  .6627E+02 -.6230E+02   .9999730  .0059544 -.0043085
T 1098  1 .1908131E+07   5000158E-02 -.4365E+01 -.2830E+02   .9999995 -.0009305  .0002074
T 1099  1 .1914123E+07   5000147E-02 -.4538E+02 -.7805E+01   .9999746 -.0069590 -.0015123
T 1100  1 .1931587E+07   5000162E-02 -.5432E+01  .7905E+02   .9999903  .0012805  .0042147
T 1101  1 .1924375E+07   5000024E-02 -.5839E+02 -.4577E+02   .9999698 -.0053507 -.0056330
T 1102  1 .1912780E+07   5000221E-02 -.1067E+03 -.8550E+01   .9999841 -.0054095 -.0015727
T 1103  1 .1934385E+07   5000170E-02 -.2310E+03 -.6544E+02   .9999685 -.0079369 -.0002448
T 1104  1 .1916332E+07   5000182E-02  .4643E+02 -.8862E+02   .9999938  .0010284 -.0033821
T 1105  1 .1928120E+07   5000075E-02 -.1877E+02  .8578E+02   .9999937 -.0006683  .0034783
T 1106  1 .1914978E+07   5000150E-02 -.2048E+03 -.1849E+03   .9999764 -.0041184 -.0055058
T 1107  1 .1919036E+07   5000184E-02 -.1263E+02 -.5020E+02   .9999980  .0017407  .0010163
T 1108  1 .1929338E+07   5000192E-02  .1037E+03  .4499E+02   .9999946  .0025146  .0021259
T 1109  1 .1920546E+07   5000170E-02  .4350E+02 -.2096E+02   .9999797  .0062186 -.0014228
T 1110  1 .1925414E+07   5000015E-02  .7586E+02  .6770E+02   .9999815  .0059991  .0009919
T 1111  1 .1922882E+07   5000217E-02 -.1572E+03 -.1482E+03   .9999713 -.0062278 -.0043128
T 1112  1 .1929815E+07   5000173E-02  .1725E+02 -.2005E+02   .9999753  .0061782 -.0033582
T 1113  1 .1926651E+07   5000156E-02  .1343E+03 -.5613E+02   .9999897  .0040647 -.0019947
T 1114  1 .1927522E+07   5000074E-02  .7095E+02 -.4316E+02   .9999956  .0029555  .0001189
T 1115  1 .1916773E+07   5000032E-02  .1916E+03 -.1953E+03   .9999801  .0005628 -.0062867
T 1116  1 .1918177E+07   5000094E-02  .4681E+02 -.1049E+03   .9999919  .0038641 -.0011083
T 1117  1 .1930414E+07   5000214E-02  .9505E+01 -.1851E+02   .9999991  .0011485 -.0007186
T 1118  1 .1934209E+07   5000194E-02 -.2967E+03 -.4059E+02   .9999553 -.0082649 -.0045894
T 1119  1 .1924234E+07   5000185E-02 -.4876E+01  .2811E+02   .9999849  .0040920  .0036577
T 1120  1 .1923016E+07   5000072E-02 -.1256E+03  .5845E+00   .9999757 -.0043976 -.0054109
T 1121  1 .1936643E+07   5000109E-02  .1154E+02 -.4571E+02   .9999983 -.0002352 -.0018124
T 1122  1 .1927031E+07   5000095E-02  .5209E+02 -.1284E+03   .9999910  .0027747 -.0032009
T 1123  1 .1926510E+07   5000175E-02 -.1624E+02 -.2587E+02   .9999899 -.0034704 -.0028611
T 1124  1 .1922936E+07   5000049E-02  .2176E+02 -.2938E+03   .9999007  .0023883 -.0138906
T 1125  1 .1928681E+07   5000197E-02 -.4729E+02  .1258E+03   .9999711 -.0026779  .0071160
T 1126  1 .1923189E+07   5000033E-02  .2852E+02  .2021E+02   .9999986  .0010097  .0013054
T 1127  1 .1930782E+07   5000081E-02  .1313E+02 -.1152E+02   .9999949  .0026765  .0017560
T 1128  1 .1934956E+07   5000183E-02 -.7684E+00  .7757E+01   .9999968 -.0005369 -.0024746
T 1129  1 .1917227E+07   5000179E-02 -.6922E+02  .2159E+01   .9999919 -.0036904 -.0016281
T 1130  1 .1920325E+07   5000047E-02  .1387E+03  .3391E+03   .9998755  .0048201  .0150260
T 1131  1 .1919121E+07   5000067E-02  .5746E+01  .1529E+01   .9999998 -.0006117 -.0000855
T 1132  1 .1927259E+07   5000218E-02 -.1866E+03  .1185E+03   .9999291 -.0075858  .0091813
T 1133  1 .1913763E+07   5000098E-02  .2603E+02  .7163E+02   .9999939  .0013623  .0032317
T 1134  1 .1912986E+07   5000033E-02  .1047E+03  .8275E+02   .9999879  .0011680  .0047882
T 1135  1 .1933632E+07   5000211E-02  .2974E+02  .1017E+03   .9999857  .0038186  .0037388
T 1136  1 .1926159E+07   5000110E-02 -.1283E+02  .9576E+01   .9999966 -.0020408  .0015938
T 1137  1 .1926052E+07   5000004E-02 -.1137E+03  .2290E+02   .9999926 -.0027228  .0027155
T 1138  1 .1926148E+07   5000079E-02  .4643E+01 -.2701E+02   .9999960 -.0025319  .0012547
T 1139  1 .1923900E+07   5000222E-02  .1067E+03  .2504E+03   .9998132  .0135330  .0138009
T 1140  1 .1919487E+07   5000004E-02  .1077E+03  .5230E+01   .9999621  .0084692 -.0020124
T 1141  1 .1922200E+07   5000217E-02 -.5124E+02  .1099E+03   .9999183 -.0118896 -.0046886
T 1142  1 .1918843E+07   5000226E-02 -.8429E+02 -.2656E+03   .9999873  .0003128 -.0050241
T 1143  1 .1929744E+07   5000196E-02  .1619E+03  .4378E+02   .9999975  .0022349  .0002476
T 1144  1 .1924299E+07   5000122E-02  .9092E+02  .2587E+03   .9998254  .0032892  .0183950
T 1145  1 .1925958E+07   5000220E-02 -.1587E+03 -.9355E+02   .9999848 -.0034077 -.0043345
T 1146  1 .1915468E+07   5000107E-02  .1131E+03 -.5686E+02   .9999639  .0081090 -.0025504
T 1147  1 .1925474E+07   5000221E-02  .3839E+02 -.2358E+02   .9999876  .0048079 -.0013173
T 1148  1 .1925914E+07   5000211E-02 -.3643E+02 -.1353E+02   .9999840 -.0055831  .0008859
T 1149  1 .1914782E+07   5000038E-02  .1186E+03  .1189E+03   .9999713  .0029804  .0069597
T 1150  1 .1924019E+07   5000184E-02  .1500E+03  .1563E+03   .9999731  .0055916  .0047574
T 1151  1 .1911348E+07   5000132E-02 -.2831E+02  .8514E+01   .9999993 -.0006089 -.0010123
T 1152  1 .1926683E+07   5000004E-02  .1505E+03 -.2720E+01   .9999781  .0065018  .0012074
T 1153  1 .1914435E+07   5000165E-02  .1043E+03 -.5897E+02   .9999981  .0014185  .0013027
T 1154  1 .1920856E+07   5000162E-02 -.3468E+01  .2660E+02   .9999978 -.0012879  .0016439
T 1155  1 .1923945E+07   5000066E-02  .4223E+02 -.6510E+02   .9999876  .0043617 -.0024173
T 1156  1 .1916684E+07   5000133E-02 -.2364E+02  .6081E+02   .9999938 -.0034754 -.0006159
T 1157  1 .1920874E+07   5000092E-02  .1702E+02  .3415E+02   .9999974 -.0001568  .0022578
T 1158  1 .1936266E+07   5000045E-02 -.9549E+02 -.1144E+03   .9999199  .0109308 -.0063738
T 1159  1 .1918621E+07   5000173E-02  .5062E+02 -.3170E+02   .9999814  .0027186 -.0054611
T 1160  1 .1913673E+07   5000036E-02 -.9013E+01  .3506E+02   .9999908 -.0021161  .0037228
T 1161  1 .1920154E+07   5000204E-02  .2543E+03  .1567E+03   .9999778  .0052221  .0041484
T 1162  1 .1919610E+07   5000166E-02  .2315E+03 -.4755E+02   .9999509  .0099070  .0000232
T 1163  1 .1933117E+07   5000142E-02  .3332E+02 -.1927E+02   .9999948  .0025476 -.0019926
T 1164  1 .1922991E+07   5000224E-02  .2882E+02 -.3434E+01   .9999993  .0001805 -.0011352
T 1165  1 .1912555E+07   5000190E-02  .2461E+02 -.1278E+03   .9999731  .0057319 -.0045828
T 1166  1 .1936894E+07   5000048E-02 -.4678E+02 -.7711E+01   .9999917 -.0040524 -.0003433
T 1167  1 .1934459E+07   5000033E-02 -.6679E+02 -.3196E+02   .9999926 -.0038519 -.0002359
T 1168  1 .1935570E+07   5000128E-02  .2512E+02 -.9461E+01   .9999954 -.0029936  .0005318
T 1169  1 .1913419E+07   5000058E-02  .5679E+02  .2490E+02   .9999457  .0100463  .0027761
T 1170  1 .1910808E+07   5000207E-02  .5465E+03  .5033E+03   .9989878  .0340376  .0294083
T 1171  1 .1919857E+07   5000085E-02  .6118E+02  .2011E+03   .9999782 -.0044033  .0049302
T 1172  1 .1918923E+07   5000214E-02 -.1145E+03 -.3567E+03   .9999303 -.0058778 -.0102405
T 1173  1 .1928345E+07   5000146E-02  .7345E+02  .3507E+02   .9999971  .0023456 -.0005566
T 1174  1 .1915135E+07   5000175E-02  .2716E+03 -.2698E+02   .9999400  .0107308 -.0021875
T 1175  1 .1933101E+07   5000181E-02 -.2615E+03  .3357E+03   .9998637 -.0130128  .0101567
T 1176  1 .1921229E+07   5000066E-02  .1312E+03 -.3351E+02   .9999519  .0072103 -.0066535
T 1177  1 .1925902E+07   5000219E-02  .8442E+02 -.1596E+03   .9999117  .0057133 -.0119996
T 1178  1 .1923851E+07   5000203E-02 -.8318E+01  .1513E+03   .9999746  .0005827  .0071006
T 1179  1 .1919470E+07   5000083E-02 -.4371E+02 -.1295E+03   .9999058 -.0072203 -.0116714
T 1180  1 .1915009E+07   5000075E-02  .2829E+02 -.7661E+02   .9999776  .0048721 -.0045972
T 1181  1 .1920559E+07   5000201E-02 -.1177E+03  .3197E+02   .9999859 -.0030548 -.0043540
T 1182  1 .1918587E+07   5000025E-02  .3918E+03 -.7711E+03   .9995891  .0143022 -.0248420
T 1183  1 .1932988E+07   5000115E-02  .6424E+02  .1337E+02   .9999947  .0032135 -.0006040
T 1184  1 .1914182E+07   5000069E-02  .3441E+02 -.8566E+01   .9999973  .0017824 -.0014920
T 1185  1 .1924928E+07   5000113E-02  .9360E+02 -.2018E+02   .9999906  .0040290 -.0016050
T 1186  1 .1929287E+07   5000151E-02 -.1807E+03  .9314E+01   .9999900 -.0031320 -.0032059
T 1187  1 .1927650E+07   5000154E-02 -.3897E+03  .3542E+02   .9992054 -.0359026  .0173054
T 1188  1 .1921017E+07   5000050E-02 -.6038E+02  .9305E+02   .9999937 -.0025074  .0025124
T 1189  1 .1920332E+07   5000116E-02 -.7717E+02  .2985E+03   .9999636  .0019885  .0082989
T 1190  1 .1929858E+07   5000128E-02  .1228E+03  .1363E+02   .9999885 -.0018793  .0044075
T 1191  1 .1914319E+07   5000124E-02 -.1352E+03  .6458E+02   .9998886 -.0148574  .0014178
T 1192  1 .1923411E+07   5000216E-02 -.9753E+02  .2641E+02   .9999868 -.0046250 -.0022601
T 1193  1 .1919667E+07   5000155E-02  .2620E+02  .7377E+01   .9999998  .0005426 -.0002296
T 1194  1 .1928244E+07   5000132E-02  .1202E+03  .1930E+03   .9999666  .0025594  .0077650
T 1195  1 .1923505E+07   5000213E-02  .9012E+02  .1395E+03   .9999600  .0044381  .0077657
T 1196  1 .1926846E+07   5000071E-02 -.1869E+03 -.1214E+03   .9999786 -.0047001 -.0045543
T 1197  1 .1929254E+07   5000117E-02 -.7237E+02 -.1176E+01   .9999440 -.0090778  .0054488
T 1198  1 .1923456E+07   5000076E-02  .6329E+01  .7940E+02   .9999910 -.0013591  .0040269
T 1199  1 .1925660E+07   5000001E-02  .1102E+03  .4620E+02   .9999816  .0013843 -.0059119
T 1200  1 .1918960E+07   5000147E-02  .1656E+02 -.5867E+02   .9999774  .0009864 -.0066500
T 1201  1 .1927474E+07   5000035E-02 -.4704E+01 -.6215E+00   .9999999 -.0004334 -.0000983
T 1202  1 .1917047E+07   5000225E-02 -.1536E+03 -.2290E+02   .9999818 -.0058845 -.0013334
T 1203  1 .1927027E+07   5000171E-02 -.2431E+02  .4799E+01   .9999961 -.0028025  .0001973
T 1204  1 .1920282E+07   5000171E-02 -.2503E+01  .8865E+02   .9999873  .0014843  .0048253
T 1205  1 .1926245E+07   5000177E-02 -.6550E+02  .6557E+02   .9999971 -.0018200 -.0016080
T 1206  1 .1917449E+07   5000194E-02  .4661E+03 -.1909E+03   .9998801  .0142537 -.0060552
T 1207  1 .1932255E+07   5000033E-02  .2309E+02 -.1372E+02   .9999882 -.0001272 -.0048485
T 1208  1 .1925617E+07   5000196E-02  .1731E+02 -.1524E+02   .9999993  .0000018 -.0011630
T 1209  1 .1925376E+07   5000174E-02  .3314E+02  .3350E+02   .9999941  .0025455  .0022993
T 1210  1 .1926018E+07   5000002E-02 -.3417E+02 -.4252E+02   .9999958 -.0026743  .0010780
T 1211  1 .1916979E+07   5000029E-02  .9738E+02  .2401E+03   .9999251  .0066802  .0102549
T 1212  1 .1913922E+07   5000011E-02  .1841E+03  .2347E+03   .9998557  .0105202  .0133354
T 1213  1 .1926149E+07   5000054E-02 -.6618E+02 -.4136E+02   .9999953 -.0028376 -.0011688
T 1214  1 .1932342E+07   5000199E-02  .5636E+01 -.1963E+01   .9999900  .0016068  .0041713
T 1215  1 .1914736E+07   5000167E-02 -.1568E+02  .2667E+02   .9999998 -.0005003 -.0004839
T 1216  1 .1914309E+07   5000008E-02 -.2306E+03 -.4136E+02   .9999141 -.0118900 -.0055131
T 1217  1 .1918141E+07   5000060E-02  .2306E+02 -.2737E+02   .9999999  .0002143 -.0003364
T 1218  1 .1921159E+07   5000041E-02  .1143E+03 -.1985E+02   .9999898  .0035610 -.0027798
T 1219  1 .1921151E+07   5000223E-02 -.1937E+03 -.3844E+02   .9999479 -.0101635 -.0009458
T 1220  1 .1925582E+07   5000137E-02 -.3011E+03  .1484E+03   .9997697 -.0212249  .0031679
T 1221  1 .1922150E+07   5000019E-02  .3957E+03 -.6414E+01   .9999462  .0103703  .0003403
T 1222  1 .1913470E+07   5000099E-02  .3255E+02 -.1068E+03   .9999755  .0012357 -.0068932
T 1223  1 .1927511E+07   5000049E-02 -.8363E+02 -.1264E+03   .9999639 -.0060897 -.0059278
T 1224  1 .1924628E+07   5000191E-02  .3192E+02  .1819E+03   .9999715 -.0030298  .0069154
T 1225  1 .1935057E+07   5000061E-02 -.3340E+02  .2560E+02   .9999958 -.0021054  .0020161
T 1226  1 .1924071E+07   5000176E-02  .7399E+01 -.1427E+01   .9999973  .0017310 -.0015607
T 1227  1 .1921007E+07   5000209E-02 -.7263E+02  .9223E+02   .9999852  .0004137  .0054320
T 1228  1 .1913457E+07   5000183E-02  .3262E+02  .6428E+02   .9999919  .0021441  .0034192
T 1229  1 .1920849E+07   5000195E-02 -.3132E+01  .9007E+02   .9999958  .0021259 -.0019544
T 1230  1 .1928989E+07   5000171E-02  .2440E+03  .6159E+03   .9995487  .0032774  .0298590
T 1231  1 .1922052E+07   5000072E-02 -.1017E+02 -.1308E+02   .9999942 -.0034147  .0001630
T 1232  1 .1910997E+07   5000101E-02 -.2159E+01  .1859E+02   .9999887  .0015638  .0044923
T 1233  1 .1922375E+07   5000023E-02 -.2805E+02  .3946E+01   .9999994 -.0005858 -.0009319
T 1234  1 .1924499E+07   5000067E-02 -.4763E+01  .1463E+02   .9999995 -.0000136  .0010218
T 1235  1 .1921295E+07   5000047E-02  .3937E+02  .1082E+02   .9999994  .0011297 -.0001191
T 1236  1 .1920450E+07   5000167E-02  .1306E+03 -.4525E+02   .9999226  .0110153 -.0057798
T 1237  1 .1925821E+07   5000043E-02 -.1419E+02  .4560E+02   .9999915 -.0033490  .0023969
T 1238  1 .1921914E+07   5000140E-02 -.2033E+01 -.6015E+02   .9999796  .0009785 -.0063181
T 1239  1 .1930440E+07   5000173E-02  .1435E+03 -.4982E+02   .9999803  .0059656 -.0019773
T 1240  1 .1911744E+07   5000007E-02  .5425E+01 -.1720E+02   .9999995  .0008800  .0003847
T 1241  1 .1931558E+07   5000004E-02 -.3219E+02 -.1097E+03   .9999476 -.0064586 -.0079466
T 1242  1 .1930422E+07   5000211E-02  .9269E+02  .6922E+02   .9997072  .0064228  .0233285
T 1243  1 .1917989E+07   5000084E-02  .5546E+02  .3491E+01   .9999777  .0066761  .0001109
T 1244  1 .1916242E+07   5000084E-02 -.1584E+03 -.9951E+02   .9999728 -.0072172  .0015032
T 1245  1 .1909280E+07   5000215E-02  .6558E+00  .1004E+03   .9999803 -.0058581  .0022400
T 1246  1 .1911159E+07   5000150E-02  .2672E+02  .2311E+02   .9999966  .0022917  .0012523
T 1247  1 .1933282E+07   5000005E-02 -.9074E+01  .1966E+02   .9999989 -.0011405 -.0009611
T 1248  1 .1930734E+07   5000128E-02  .7755E+01  .1571E+03   .9996506 -.0049374  .0259667
T 1249  1 .1907560E+07   5000042E-02  .1134E+03 -.7722E+02   .9999762  .0060009 -.0034093
T 1250  1 .1923972E+07   5000123E-02 -.2931E+01 -.5428E+02   .9999953 -.0005486 -.0030289
T 1251  1 .1913819E+07   5000220E-02 -.1024E+03  .4047E+02   .9999905 -.0000370  .0043523
T 1252  1 .1926318E+07   5000125E-02  .1154E+03 -.2519E+03   .9999542 -.0000701 -.0095670
T 1253  1 .1913239E+07   5000127E-02  .1613E+02 -.4078E+02   .9999637  .0067346 -.0052261
T 1254  1 .1920980E+07   5000215E-02  .3204E+03  .1411E+03   .9998323  .0175300  .0052894
T 1255  1 .1911664E+07   5000001E-02 -.1526E+01 -.1694E+02   .9999989  .0001232 -.0014956
T 1256  1 .1925744E+07   5000159E-02 -.4326E+02 -.2669E+03   .9998141 -.0096580 -.0166908
T 1257  1 .1924384E+07   5000109E-02  .1137E+02 -.7712E+02   .9999941  .0028641  .0018886
T 1258  1 .1928475E+07   5000105E-02  .3280E+02  .1182E+03   .9999409  .0107826  .0013854
T 1259  1 .1931496E+07   5000177E-02  .1448E+02  .7048E+00   .9999998 -.0002450 -.0004984
T 1260  1 .1916437E+07   5000222E-02  .2242E+02 -.3838E+02   .9999892  .0037989 -.0026875
T 1261  1 .1921944E+07   5000204E-02 -.1238E+03  .9414E+01   .9999875 -.0049883  .0004296
T 1262  1 .1936486E+07   5000224E-02  .7391E+01  .1538E+02   .9999991 -.0009351  .0010105
T 1263  1 .1908996E+07   5000110E-02  .6825E+02  .1375E+02   .9999816  .0059641  .0010635
T 1264  1 .1913285E+07   5000006E-02  .1107E+02  .1135E+03   .9999884  .0031470 -.0036336
T 1265  1 .1926958E+07   5000115E-02 -.1583E+02  .1903E+02   .9999998  .0006210  .0000420
T 1266  1 .1922687E+07   5000147E-02  .7029E+02 -.1572E+03   .9999939  .0012616  .0032652
T 1267  1 .1932546E+07   5000184E-02 -.2653E+02 -.9792E+02   .9999857 -.0032449 -.0042610
T 1268  1 .1914422E+07   5000173E-02  .3629E+02 -.3342E+03   .9999096  .0034675 -.0129873
T 1269  1 .1920278E+07   5000029E-02  .4224E+02 -.3912E+02   .9999916  .0003429 -.0040802
T 1270  1 .1921879E+07   5000218E-02  .1218E+02 -.9592E+01   .9999915  .0034102 -.0023168
T 1271  1 .1922804E+07   5000171E-02  .2596E+01 -.1863E+02   .9999982  .0016524 -.0009011
T 1272  1 .1930225E+07   5000152E-02 -.4144E+02  .7214E+01   .9999999  .0001068 -.0001273
T 1273  1 .1929670E+07   5000041E-02 -.2341E+03 -.4778E+02   .9997858 -.0205506  .0024379
T 1274  1 .1923257E+07   5000025E-02 -.6125E+02  .2964E+02   .9999974 -.0021760  .0007412
T 1275  1 .1932046E+07   5000042E-02 -.7605E+02 -.2715E+02   .9999640 -.0084174 -.0010900
T 1276  1 .1910419E+07   5000214E-02 -.1238E+03 -.4377E+02   .9999911 -.0035412 -.0023053
T 1277  1 .1927678E+07   5000015E-02  .1661E+02 -.6845E+02   .9999774 -.0048325 -.0046786
T 1278  1 .1925401E+07   5000025E-02 -.1232E+03  .8836E+02   .9999513 -.0056441  .0080976
T 1279  1 .1920052E+07   5000203E-02 -.1304E+03  .1921E+02   .9999833 -.0057197 -.0007787
T 1280  1 .1921731E+07   5000003E-02  .6553E+02  .2352E+02   .9999580  .0061903  .0067603
T 1281  1 .1925503E+07   5000073E-02 -.7238E+02  .3842E+02   .9999792 -.0020462  .0061185
T 1282  1 .1932546E+07   5000204E-02 -.3041E+02  .9986E+02   .9999778 -.0009396  .0065967
T 1283  1 .1927441E+07   5000018E-02 -.5018E+02  .1524E+03   .9999861 -.0018202  .0049575
T 1284  1 .1912537E+07   5000003E-02 -.7883E+02 -.5460E+02   .9999884 -.0044389 -.0018560
T 1285  1 .1909176E+07   5000004E-02  .7457E+01 -.3523E+02   .9999844 -.0008420 -.0055297
T 1286  1 .1917009E+07   5000212E-02 -.2206E+02 -.1994E+02   .9999894  .0024139 -.0039141
T 1287  1 .1924746E+07   5000184E-02  .7160E+02 -.7199E+02   .9999888  .0024313 -.0040532
T 1288  1 .1923908E+07   5000214E-02  .9001E+01  .2881E+02   .9999968  .0012282  .0022112
T 1289  1 .1928727E+07   5000190E-02  .1268E+01 -.2843E+02   .9999937 -.0034931  .0006251
T 1290  1 .1934387E+07   5000156E-02  .1085E+02  .6566E+02   .9999996 -.0007564 -.0003774
T 1291  1 .1927800E+07   5000114E-02  .1026E+01 -.1090E+02   .9999975  .0010012 -.0020096
T 1292  1 .1923134E+07   5000002E-02 -.1261E+03  .4877E+02   .9998199 -.0189568  .0009494
T 1293  1 .1923084E+07   5000125E-02 -.1223E+03 -.1242E+03   .9999868 -.0022683 -.0046129
T 1294  1 .1926138E+07   5000164E-02  .6884E+02  .9635E+02   .9999950  .0000552  .0031575
T 1295  1 .1914994E+07   5000207E-02  .2339E+03 -.1104E+01   .9997559  .0216236 -.0045376
T 1296  1 .1921643E+07   5000054E-02 -.2332E+03 -.2012E+03   .9999590 -.0067171 -.0060760
T 1297  1 .1927783E+07   5000033E-02 -.2883E+02 -.3527E+02   .9999992 -.0008478 -.0009154
T 1298  1 .1917787E+07   5000193E-02  .4846E+01  .3344E+02   .9999937 -.0001423 -.0035526
T 1299  1 .1926939E+07   5000064E-02 -.1077E+02  .1057E+02   .9999824 -.0052547  .0027495
T 1300  1 .1932905E+07   5000223E-02 -.1199E+03 -.1132E+02   .9999550 -.0094766  .0003943
T 1301  1 .1925284E+07   5000081E-02  .1006E+02  .1991E+02   .9999848  .0030900  .0045671
T 1302  1 .1928129E+07   5000224E-02 -.4014E+02 -.2991E+02   .9999954 -.0013071 -.0027313
T 1303  1 .1915690E+07   5000176E-02 -.3631E+02 -.6757E+01   .9999949 -.0028603  .0014237
T 1304  1 .1923156E+07   5000219E-02  .3893E+02  .2151E+03   .9999648  .0006556  .0083694
T 1305  1 .1929845E+07   5000091E-02 -.2437E+02 -.3184E+01   .9999990  .0004676  .0012977
T 1306  1 .1918622E+07   5000213E-02 -.1378E+02  .2210E+03   .9999660  .0018853  .0080277
T 1307  1 .1926927E+07   5000218E-02  .1228E+03 -.1891E+02   .9999755  .0069622  .0007345
T 1308  1 .1913612E+07   5000007E-02  .1342E+03 -.7792E+01   .9999881  .0046371  .0015141
T 1309  1 .1934258E+07   5000204E-02  .2463E+03 -.3453E+02   .9999812  .0058365 -.0019038
T 1310  1 .1923778E+07   5000223E-02 -.2182E+03  .2055E+01   .9999639 -.0082739 -.0019518
T 1311  1 .1924130E+07   5000159E-02 -.1591E+02  .4825E+01   .9999970 -.0022892 -.0008310
T 1312  1 .1929529E+07   5000069E-02 -.2569E+03  .2300E+03   .9999431 -.0064701  .0084789
T 1313  1 .1916747E+07   5000222E-02  .3051E+02  .1900E+02   .9999973  .0017254  .0015309
T 1314  1 .1915032E+07   5000115E-02  .1185E+02  .1814E+02   .9999968  .0023850  .0008637
T 1315  1 .1925616E+07   5000192E-02 -.1380E+03  .1935E+03   .9999358 -.0106092  .0039925
T 1316  1 .1916175E+07   5000220E-02 -.4162E+02 -.6280E+01   .9999845 -.0029785 -.0046986
T 1317  1 .1916502E+07   5000032E-02 -.3360E+02 -.4106E+02   .9999972 -.0004823 -.0023347
T 1318  1 .1930710E+07   5000160E-02  .2886E+02 -.3051E+02   .9999852  .0029999 -.0045355
T 1319  1 .1929598E+07   5000197E-02  .6048E+02  .2804E+03   .9999730  .0008755  .0072893
T 1320  1 .1925963E+07   5000141E-02  .6659E+02  .8886E+02   .9999684  .0065395  .0045275
T 1321  1 .1933704E+07   5000215E-02  .1316E+03 -.1831E+02   .9999812  .0059921  .0013111
T 1322  1 .1928753E+07   5000103E-02 -.2352E+03 -.3710E+02   .9999521 -.0097833  .0001337
T 1323  1 .1924447E+07   5000201E-02 -.1001E+03 -.6443E+02   .9999972 -.0020968 -.0011144
T 1324  1 .1927726E+07   5000186E-02 -.1326E+03 -.5140E+02   .9999209 -.0107175 -.0065816
T 1325  1 .1923342E+07   5000148E-02 -.1021E+02  .7617E+02   .9999973 -.0003369  .0022966
T 1326  1 .1927250E+07   5000048E-02 -.3128E+03 -.5630E+03   .9998380 -.0081198 -.0160619
T 1327  1 .1934596E+07   5000142E-02  .5783E+02  .1738E+03   .9999939  .0026498  .0022793
T 1328  1 .1920540E+07   5000098E-02  .1803E+03  .9847E+02   .9999628  .0085732 -.0009370
T 1329  1 .1923608E+07   5000153E-02 -.1514E+03 -.8495E+01   .9999686 -.0077417 -.0016854
T 1330  1 .1926437E+07   5000167E-02 -.1006E+03 -.3244E+01   .9999881 -.0026011  .0041333
T 1331  1 .1923980E+07   5000005E-02  .2106E+02  .1386E+03   .9999821  .0019244  .0056674
T 1332  1 .1932142E+07   5000173E-02  .6291E+01 -.7377E+02   .9999928  .0003657 -.0037735
T 1333  1 .1920461E+07   5000010E-02  .9301E+02  .9458E+02   .9999852  .0028733  .0046211
T 1334  1 .1918126E+07   5000173E-02  .1766E+03  .1749E+03   .9998696  .0134217  .0089765
T 1335  1 .1926538E+07   5000041E-02  .4062E+00  .1021E+03   .9999870  .0033402  .0038422
T 1336  1 .1916834E+07   5000102E-02 -.2326E+02  .1783E+02   .9999733 -.0066617  .0029983
T 1337  1 .1940530E+07   5000212E-02 -.1532E+03  .5362E+02   .9999751 -.0067048  .0021866
T 1338  1 .1915260E+07   5000217E-02 -.1384E+03  .5570E+02   .9999727 -.0065259  .0034740
T 1339  1 .1934714E+07   5000084E-02 -.3910E+03  .2179E+03   .9997500 -.0206469  .0085799
T 1340  1 .1921739E+07   5000074E-02 -.1030E+03 -.6573E+02   .9999656 -.0056043 -.0061154
T 1341  1 .1936818E+07   5000189E-02 -.1920E+02 -.1500E+02   .9999994 -.0008747  .0007123
T 1342  1 .1918679E+07   5000155E-02  .1956E+02 -.9423E+02   .9999808  .0023096 -.0057494
T 1343  1 .1922166E+07   5000213E-02  .1141E+03  .2362E+03   .9999501  .0060897  .0079173
T 1344  1 .1933029E+07   5000072E-02  .7340E+02  .6719E+00   .9999927  .0037801  .0004763
T 1345  1 .1919810E+07   5000217E-02 -.5513E+01  .9961E+02   .9999860 -.0022007  .0048164
T 1346  1 .1919520E+07   5000155E-02 -.3916E+02 -.5860E+02   .9999183 -.0082723 -.0097466
T 1347  1 .1923350E+07   5000063E-02  .3955E+02  .1600E+03   .9999837  .0000926  .0057147
T 1348  1 .1929669E+07   5000158E-02  .7119E+02 -.1224E+03   .9999952  .0016888 -.0026101
T 1349  1 .1926550E+07   5000148E-02 -.2893E+02 -.1162E+03   .9999756 -.0004996 -.0069725
T 1350  1 .1918961E+07   5000156E-02  .4691E+02  .5660E+02   .9999775  .0014616  .0065539
T 1351  1 .1922803E+07   5000005E-02  .3799E+02 -.6246E+01   .9999718  .0071313 -.0023465
T 1352  1 .1913895E+07   5000060E-02 -.5585E+02 -.8491E+02   .9999917 -.0040732  .0002760
T 1353  1 .1914499E+07   5000104E-02  .2338E+02  .3942E+01   .9999983  .0017757  .0005186
T 1354  1 .1918656E+07   5000023E-02 -.1518E+03  .8712E+02   .9997843 -.0179930  .0103706
T 1355  1 .1928798E+07   5000022E-02 -.1240E+03 -.2737E+01   .9999650 -.0083455 -.0005897
T 1356  1 .1918666E+07   5000212E-02  .2642E+02  .6736E+02   .9999836  .0019372  .0053895
T 1357  1 .1919953E+07   5000214E-02 -.1432E+02  .2827E+03   .9998375 -.0044425  .0174685
T 1358  1 .1925224E+07   5000041E-02  .1539E+03  .2508E+03   .9999453  .0043474  .0095089
T 1359  1 .1928116E+07   5000069E-02  .1643E+03 -.8725E+02   .9999750  .0062098 -.0033752
T 1360  1 .1912541E+07   5000158E-02  .1118E+03  .2113E+01   .9999856  .0049802  .0019994
T 1361  1 .1930452E+07   5000053E-02 -.4987E+03  .5340E+03   .9993930 -.0243400  .0249235
T 1362  1 .1924731E+07   5000180E-02  .1184E+02  .5401E+02   .9999578  .0056134 -.0072736
T 1363  1 .1923341E+07   5000201E-02  .1590E+02  .3405E+02   .9999999  .0003848 -.0002241
T 1364  1 .1924881E+07   5000026E-02  .4209E+02  .2197E+02   .9999874 -.0002480  .0050123
T 1365  1 .1922113E+07   5000207E-02 -.1256E+02  .4228E+02   .9999586 -.0086889  .0026884
T 1366  1 .1914734E+07   5000213E-02 -.4729E+02 -.2643E+02   .9999942  .0003096 -.0033971
T 1367  1 .1927916E+07   5000160E-02  .3001E+02  .2527E+02   .9999781  .0054356 -.0037735
T 1368  1 .1923592E+07   5000164E-02  .1227E+03  .5903E+02   .9999839  .0048752  .0029182
T 1369  1 .1926831E+07   5000071E-02  .4647E+02  .3470E+03   .9999245  .0016868  .0121685
T 1370  1 .1923374E+07   5000217E-02  .4137E+03 -.6713E+02   .9998523  .0170803 -.0018974
T 1371  1 .1917970E+07   5000076E-02  .2005E+02  .1947E+01   .9999975  .0022196  .0003428
T 1372  1 .1919032E+07   5000164E-02  .6892E+02  .4926E+02   .9997134 -.0234103 -.0050019
T 1373  1 .1916418E+07   5000099E-02 -.8119E+01  .7315E+02   .9999958  .0028326 -.0006163
T 1374  1 .1928438E+07   5000202E-02 -.8506E+02 -.3098E+02   .9999743 -.0069210 -.0018569
T 1375  1 .1935154E+07   5000163E-02 -.4504E+01  .2331E+01   .9999666 -.0077616  .0025440
T 1376  1 .1914128E+07   5000121E-02  .1807E+03  .1522E+03   .9999753  .0061045  .0034705
T 1377  1 .1926501E+07   5000069E-02  .5647E+02  .1305E+03   .9999748  .0042117  .0057080
T 1378  1 .1921719E+07   5000188E-02 -.1210E+03 -.6839E+01   .9999629 -.0085701 -.0009150
T 1379  1 .1922923E+07   5000215E-02 -.6039E+01  .6024E+01   .9999978  .0016965 -.0012383
T 1380  1 .1924164E+07   5000187E-02  .2659E+02  .4330E+02   .9999935 -.0016366  .0032104
T 1381  1 .1923669E+07   5000003E-02  .2462E+02  .5823E+02   .9999550 -.0091008 -.0026895
T 1382  1 .1918666E+07   5000020E-02  .4830E+02  .2155E+02   .9999825 -.0005541 -.0058924
T 1383  1 .1920986E+07   5000151E-02  .1778E+03  .2414E+02   .9999463  .0077820  .0068488
T 1384  1 .1930050E+07   5000075E-02 -.3413E+03 -.4188E+03   .9999046 -.0117872 -.0071967
T 1385  1 .1939074E+07   5000057E-02  .3534E+02  .8890E+01   .9999987  .0012643 -.0010349
T 1386  1 .1912845E+07   5000068E-02  .1109E+01  .4866E+01   .9999995 -.0009634 -.0003135
T 1387  1 .1915254E+07   5000171E-02  .8484E+02 -.9589E+02   .9999815  .0034823 -.0049916
T 1388  1 .1918547E+07   5000192E-02 -.1503E+02 -.2415E+01   .9999928 -.0003235  .0037826
T 1389  1 .1923447E+07   5000176E-02 -.5235E+02  .1180E+03   .9999890 -.0016199  .0044119
T 1390  1 .1920694E+07   5000027E-02 -.2447E+03  .1183E+03   .9998015 -.0191288  .0055657
T 1391  1 .1923621E+07   5000178E-02 -.5415E+02 -.4366E+02   .9999979 -.0009241 -.0018220
T 1392  1 .1923337E+07   5000195E-02  .2145E+02 -.5663E+02   .9999831  .0006398 -.0057786
T 1393  1 .1912639E+07   5000004E-02  .6453E+02 -.2453E+02   .9999842  .0052106 -.0021174
T 1394  1 .1916052E+07   5000007E-02 -.1381E+03 -.2472E+03   .9999574 -.0051501 -.0076632
T 1395  1 .1915536E+07   5000059E-02  .6601E+00 -.1364E+03   .9999787 -.0026562 -.0059699
T 1396  1 .1915099E+07   5000152E-02 -.6190E+02  .1291E+02   .9999701 -.0048980  .0059866
T 1397  1 .1930392E+07   5000028E-02 -.6697E+02  .7711E+02   .9999954  .0010555  .0028439
T 1398  1 .1938175E+07   5000100E-02 -.1188E+04 -.1352E+03   .9994844 -.0320033 -.0025986
T 1399  1 .1923812E+07   5000213E-02  .4610E+01 -.2085E+02   .9999919  .0031889 -.0024619
T 1400  1 .1926722E+07   5000209E-02  .1262E+03 -.1197E+03   .9999745  .0015933 -.0069657
T 1401  1 .1925440E+07   5000167E-02  .1188E+03 -.1019E+03   .9999938  .0033943 -.0009435
T 1402  1 .1934424E+07   5000062E-02 -.1547E+02  .1475E+02   .9999888 -.0046780  .0006812
T 1403  1 .1935192E+07   5000214E-02  .4096E+02  .8671E+02   .9999988 -.0003254  .0015042
T 1404  1 .1934563E+07   5000165E-02 -.1108E+03 -.8063E+02   .9999794 -.0044193 -.0046629
T 1405  1 .1928993E+07   5000220E-02  .3609E+02 -.1463E+03   .9999949  .0011024 -.0029834
T 1406  1 .1936953E+07   5000062E-02 -.1234E+03  .9809E+02   .9999759 -.0055766  .0041290
T 1407  1 .1928595E+07   5000103E-02 -.2459E+02  .1513E+02   .9999995 -.0003201  .0009605
T 1408  1 .1920547E+07   5000200E-02  .3413E+02  .7697E+02   .9999906  .0042248  .0009981
T 1409  1 .1925691E+07   5000094E-02 -.8935E+02 -.1607E+03   .9999871 -.0004043 -.0050700
T 1410  1 .1912668E+07   5000156E-02  .1857E+01 -.6948E+01   .9999967 -.0003146 -.0025454
T 1411  1 .1919536E+07   5000060E-02  .8032E+02 -.2791E+02   .9999472  .0052217 -.0088500
T 1412  1 .1917354E+07   5000164E-02  .9922E+02 -.1071E+03   .9999853  .0050915 -.0018543
T 1413  1 .1925183E+07   5000192E-02  .4350E+02 -.1572E+03   .9999899  .0009559 -.0043955
T 1414  1 .1913970E+07   5000119E-02  .4813E+02  .4124E+02   .9999258  .0073772  .0096976
T 1415  1 .1920507E+07   5000051E-02  .1414E+03  .1036E+03   .9999926  .0032131  .0021300
T 1416  1 .1915598E+07   5000015E-02 -.1390E+03 -.1405E+03   .9998804 -.0074929 -.0135266
T 1417  1 .1926890E+07   5000138E-02  .4827E+02  .7061E+02   .9999959  .0028132  .0004329
T 1418  1 .1916284E+07   5000165E-02  .4939E+02 -.1410E+03   .9999060  .0109278 -.0082834
T 1419  1 .1914862E+07   5000056E-02 -.8490E+02 -.4176E+02   .9999596 -.0077603 -.0045465
T 1420  1 .1925705E+07   5000127E-02 -.3519E+02 -.8383E+02   .9999399 -.0009507 -.0109226
T 1421  1 .1918334E+07   5000076E-02 -.1121E+03  .2186E+03   .9999808 -.0036996  .0049657
T 1422  1 .1929485E+07   5000101E-02 -.4971E+02  .4744E+02   .9999814 -.0048978  .0036357
T 1423  1 .1931491E+07   5000002E-02 -.8533E+01 -.8925E+01   .9999988  .0009545 -.0012412
T 1424  1 .1918589E+07   5000181E-02  .4596E+02  .4937E+02   .9999938  .0028029  .0021385
T 1425  1 .1907771E+07   5000168E-02 -.7313E+01  .2732E+02   .9999971 -.0021549 -.0010521
T 1426  1 .1925177E+07   5000081E-02  .2150E+03 -.5537E+02   .9999216  .0121526 -.0030342
T 1427  1 .1925411E+07   5000148E-02  .5333E+00  .1602E+01   .9999977 -.0003738 -.0021012
T 1428  1 .1928951E+07   5000151E-02 -.2152E+03  .1166E+03   .9999772 -.0056873  .0036318
T 1429  1 .1926789E+07   5000058E-02  .3696E+02 -.1008E+03   .9999958  .0023269 -.0017003
T 1430  1 .1928545E+07   5000011E-02 -.1260E+03  .1456E+02   .9999869 -.0048309 -.0017014
T 1431  1 .1926058E+07   5000077E-02 -.5431E+02  .4825E+01   .9999953 -.0028232  .0011725
T 1432  1 .1931026E+07   5000225E-02  .3101E+03  .1584E+03   .9999467  .0099676  .0026902
T 1433  1 .1911645E+07   5000127E-02 -.3547E+02 -.1038E+03   .9999653 -.0019591 -.0080992
T 1434  1 .1919961E+07   5000039E-02  .1188E+03 -.1924E+02   .9999911  .0004595 -.0041969
T 1435  1 .1921596E+07   5000191E-02 -.4076E+01  .1395E+02   .9999999 -.0002815  .0004345
T 1436  1 .1912573E+07   5000168E-02  .5651E+02  .1756E+03   .9999795 -.0021239  .0060436
T 1437  1 .1922927E+07   5000088E-02  .5666E+02 -.1844E+03   .9999415  .0101061 -.0038640
T 1438  1 .1911518E+07   5000192E-02 -.1004E+03 -.1168E+03   .9999033 -.0104272 -.0092036
T 1439  1 .1917465E+07   5000114E-02 -.4612E+02  .5553E+02   .9999955 -.0017783  .0024342
T 1440  1 .1919320E+07   5000170E-02 -.1460E+03  .6718E+01   .9999801 -.0062070  .0011698
T 1441  1 .1922979E+07   5000011E-02 -.1100E+02 -.1232E+02   .9999888 -.0013175 -.0045487
T 1442  1 .1930325E+07   5000209E-02 -.6743E+02 -.1851E+03   .9999523 -.0069086 -.0069030
T 1443  1 .1915668E+07   5000074E-02 -.4388E+02 -.1219E+03   .9999803 -.0053332 -.0033125
T 1444  1 .1934942E+07   5000171E-02  .9034E+02 -.6446E+02   .9999689 -.0052597 -.0058758
T 1445  1 .1921307E+07   5000206E-02 -.3957E+02  .4575E+02   .9999961 -.0024089  .0013784
T 1446  1 .1922792E+07   5000102E-02  .6897E+02 -.1847E+03   .9999551 -.0019094 -.0092826
T 1447  1 .1912064E+07   5000218E-02  .1404E+03  .4131E+02   .9999512  .0098810 -.0001797
T 1448  1 .1918479E+07   5000064E-02  .6613E+02 -.2117E+03   .9999196  .0000002 -.0126787
T 1449  1 .1919169E+07   5000207E-02  .3045E+02  .5989E+02   .9999324  .0094250  .0068077
T 1450  1 .1912097E+07   5000072E-02 -.3404E+03 -.3153E+03   .9999728 -.0066379 -.0032084
T 1451  1 .1922749E+07   5000196E-02  .4090E+03  .1889E+03   .9998986  .0129360  .0059587
T 1452  1 .1927858E+07   5000220E-02  .4678E+02  .9200E+02   .9999740 -.0010761  .0071339
T 1453  1 .1922072E+07   5000151E-02  .1318E+03 -.3452E+03   .9999261  .0028656 -.0118151
T 1454  1 .1931339E+07   5000113E-02 -.3165E+02  .1197E+02   .9999981 -.0011279  .0015791
T 1455  1 .1919985E+07   5000087E-02  .8353E+02 -.1062E+03   .9999995 -.0007783 -.0006350
T 1456  1 .1914077E+07   5000094E-02  .1309E+03 -.2134E+03   .9999548  .0046410 -.0082974
T 1457  1 .1919942E+07   5000196E-02 -.4226E+02 -.4150E+01   .9999765 -.0045020  .0051668
T 1458  1 .1927226E+07   5000102E-02 -.6915E+02 -.3765E+03   .9999260 -.0024107 -.0119220
T 1459  1 .1916840E+07   5000100E-02 -.3834E+01 -.6390E+01   .9999895  .0003120 -.0045742
T 1460  1 .1931097E+07   5000197E-02  .9330E+02 -.5902E+02   .9999832  .0010617 -.0057072
T 1461  1 .1916011E+07   5000096E-02 -.9417E+02  .4345E+02   .9999929 -.0029739  .0023239
T 1462  1 .1932235E+07   5000052E-02 -.9071E+02  .1807E+02   .9999983  .0016685 -.0007657
T 1463  1 .1917011E+07   5000107E-02  .1347E+03  .3246E+02   .9999801  .0062892 -.0004256
T 1464  1 .1923806E+07   5000101E-02 -.5726E+02 -.8550E+02   .9999839 -.0015654 -.0054521
T 1465  1 .1920414E+07   5000025E-02  .2135E+02 -.1831E+02   .9999985 -.0005581 -.0016267
T 1466  1 .1925871E+07   5000220E-02 -.1672E+03  .7371E+02   .9999935 -.0022790  .0028010
T 1467  1 .1922794E+07   5000195E-02 -.4107E+02  .5621E+02   .9999920  .0000678 -.0039944
T 1468  1 .1933854E+07   5000223E-02 -.3794E+02  .8343E+02   .9999459 -.0084143  .0061124
T 1469  1 .1926310E+07   5000165E-02  .2152E+01 -.1064E+02   .9999998 -.0005507 -.0004399
T 1470  1 .1920161E+07   5000003E-02  .1342E+02 -.7589E+02   .9999976 -.0005548 -.0021401
T 1471  1 .1920500E+07   5000093E-02 -.5490E+02 -.1887E+02   .9999818 -.0053036 -.0028722
T 1472  1 .1932606E+07   5000048E-02  .3949E+02  .1109E+03   .9999225  .0106924  .0063783
T 1473  1 .1914181E+07   5000102E-02 -.7205E+02  .1048E+03   .9999745 -.0020416  .0068368
T 1474  1 .1916142E+07   5000206E-02 -.4804E+02  .4179E+02   .9999806 -.0040989  .0046871
T 1475  1 .1928401E+07   5000058E-02 -.4286E+02 -.7120E+02   .9999814 -.0022673 -.0056576
T 1476  1 .1924243E+07   5000080E-02 -.3391E+02 -.1584E+01   .9999996 -.0004988  .0007691
T 1477  1 .1918446E+07   5000091E-02 -.5373E+02 -.3550E+02   .9999846 -.0055525  .0002240
T 1478  1 .1924640E+07   5000123E-02  .3430E+02  .3224E+02   .9999798  .0058030 -.0025951
T 1479  1 .1927157E+07   5000085E-02  .9964E+02 -.2114E+02   .9999956  .0029367 -.0004279
T 1480  1 .1920684E+07   5000013E-02  .1709E+03  .1263E+03   .9999540  .0071908  .0063536
T 1481  1 .1928683E+07   5000211E-02  .4843E+02  .1088E+03   .9999966  .0011997  .0022948
T 1482  1 .1913372E+07   5000148E-02  .2908E+02 -.1192E+00   .9999998  .0001935 -.0006229
T 1483  1 .1915062E+07   5000218E-02 -.6135E+01 -.1999E+02   .9999972 -.0022778 -.0006247
T 1484  1 .1928596E+07   5000056E-02  .5824E+02 -.2621E+02   .9999641  .0082153 -.0020798
T 1485  1 .1922055E+07   5000112E-02 -.3765E+02  .1404E+03   .9999886 -.0032399  .0034969
T 1486  1 .1933855E+07   5000192E-02 -.2211E+02  .1174E+02   .9999796 -.0060553  .0020094
T 1487  1 .1927686E+07   5000163E-02  .1385E+03  .1386E+02   .9999780  .0046198 -.0047660
T 1488  1 .1924425E+07   5000003E-02 -.6870E+02  .1751E+03   .9999663 -.0045031  .0068665
T 1489  1 .1924913E+07   5000088E-02  .1628E+03 -.8477E+01   .9999982  .0018709 -.0002037
T 1490  1 .1929710E+07   5000201E-02  .3509E+02  .1788E+03   .9999333  .0034437  .0110240
T 1491  1 .1915977E+07   5000154E-02  .4898E+02 -.2274E+03   .9999700  .0035649 -.0068758
T 1492  1 .1937039E+07   5000212E-02 -.1109E+03 -.2669E+02   .9999897 -.0041521 -.0018159
T 1493  1 .1926468E+07   5000144E-02 -.9369E+02  .3768E+02   .9999780 -.0061966  .0023586
T 1494  1 .1920632E+07   5000209E-02 -.1286E+02  .1208E+03   .9999729 -.0068865  .0025956
T 1495  1 .1912678E+07   5000007E-02  .4260E+02  .3621E+02   .9999654  .0042268  .0071697
T 1496  1 .1927965E+07   5000143E-02  .5144E+02  .8778E+02   .9999967  .0021448  .0013931
T 1497  1 .1923675E+07   5000199E-02 -.2005E+02 -.5105E+02   .9999944 -.0018681 -.0027697
T 1498  1 .1935954E+07   5000199E-02 -.9372E+02  .4286E+02   .9999895 -.0012955  .0043909
T 1499  1 .1927042E+07   5000018E-02 -.8993E+01 -.1171E+03   .9999970 -.0002767 -.0024504
T 1500  1 .1926051E+07   5000210E-02 -.5780E+02  .7182E+02   .9999609 -.0066575 -.0058288
T 1501  1 .1924593E+07   5000223E-02 -.1065E+02 -.1196E+03   .9999828 -.0036451 -.0046020
T 1502  1 .1926645E+07   5000175E-02 -.2236E+03  .8860E+02   .9999586 -.0089987  .0013598
T 1503  1 .1920547E+07   5000208E-02  .1561E+03 -.7062E+02   .9999632  .0078607 -.0034468
T 1504  1 .1929058E+07   5000109E-02 -.1711E+02 -.8811E+02   .9999984 -.0015199 -.0009040
T 1505  1 .1912579E+07   5000155E-02  .2825E+02  .2411E+03   .9999804 -.0021075  .0058901
T 1506  1 .1922901E+07   5000159E-02  .4353E+02 -.2910E+02   .9999958  .0019262 -.0021706
T 1507  1 .1914176E+07   5000113E-02  .1422E+03 -.2915E+03   .9999620 -.0039881 -.0077469
T 1508  1 .1926544E+07   5000143E-02 -.2403E+03 -.4558E+03   .9996474 -.0144029 -.0223093
T 1509  1 .1929424E+07   5000072E-02  .1192E+02  .4123E+01   .9999962  .0022303 -.0015925
T 1510  1 .1919903E+07   5000149E-02  .5066E+02 -.1142E+03   .9999934 -.0001467 -.0036439
T 1511  1 .1924530E+07   5000195E-02 -.1828E+02  .7736E+01   .9999927 -.0035683  .0013449
T 1512  1 .1925553E+07   5000126E-02  .2781E+02  .2387E+02   .9999940  .0034211  .0005465
T 1513  1 .1931689E+07   5000220E-02 -.8709E+02 -.4619E+02   .9999745 -.0040928 -.0058566
T 1514  1 .1918766E+07   5000033E-02  .9363E+01  .2377E+02   .9997230 -.0156753 -.0175546
T 1515  1 .1936237E+07   5000194E-02  .1241E+03 -.2033E+03   .9999327  .0081094 -.0082968
T 1516  1 .1926912E+07   5000212E-02  .2246E+03  .2245E+03   .9998293  .0124406  .0136620
T 1517  1 .1912691E+07   5000199E-02 -.2097E+03  .6726E+02   .9999690 -.0078717  .0000474
T 1518  1 .1934248E+07   5000114E-02 -.3997E+03  .8866E+03   .9985376 -.0208160  .0498930
T 1519  1 .1921780E+07   5000083E-02  .1945E+02  .3492E+02   .9999663  .0072247  .0038944
T 1520  1 .1907591E+07   5000025E-02  .3736E+02 -.9396E+02   .9999977  .0020631 -.0006429
T 1521  1 .1912518E+07   5000038E-02  .3613E+01 -.2483E+02   .9999831 -.0051407 -.0027185
T 1522  1 .1915659E+07   5000049E-02  .5519E+02 -.4462E+02   .9999931  .0035036  .0012250
T 1523  1 .1926452E+07   5000027E-02  .1363E+03  .3296E+02   .9999442  .0049362  .0093450
T 1524  1 .1914592E+07   5000111E-02 -.2973E+02  .1328E+02   .9999988 -.0009161 -.0012826
T 1525  1 .1919550E+07   5000082E-02 -.2790E+02 -.4693E+02   .9999960 -.0017962 -.0021747
T 1526  1 .1927897E+07   5000216E-02 -.2764E+03  .5245E+02   .9999084 -.0118122  .0066101
T 1527  1 .1918945E+07   5000010E-02 -.1399E+02  .1516E+02   .9999811 -.0061465 -.0001059
T 1528  1 .1923142E+07   5000172E-02 -.6291E+02  .1591E+03   .9997384 -.0096951  .0207163
T 1529  1 .1933126E+07   5000162E-02 -.1748E+02  .1585E+02   .9999870 -.0044298  .0025206
T 1530  1 .1928475E+07   5000185E-02  .9982E+01  .7465E+02   .9999980  .0004338  .0019284
T 1531  1 .1916944E+07   5000151E-02 -.3350E+02 -.2944E+02   .9999963 -.0011374 -.0024853
T 1532  1 .1924294E+07   5000111E-02  .7394E+02 -.8202E+02   .9999922  .0030653  .0024786
T 1533  1 .1911101E+07   5000200E-02 -.4752E+02  .8195E+02   .9999932 -.0021310  .0030183
T 1534  1 .1933984E+07   5000128E-02  .1163E+03 -.3764E+02   .9999492  .0063949 -.0077857
T 1535  1 .1926724E+07   5000109E-02  .9282E+01  .2581E+02   .9999904  .0008594  .0042868
T 1536  1 .1927114E+07   5000220E-02  .1307E+03  .3434E+02   .9999930  .0035922 -.0010041
T 1537  1 .1923948E+07   5000061E-02 -.1924E+02  .1825E+03   .9999349  .0027559  .0110742
T 1538  1 .1931302E+07   5000161E-02  .4732E+02 -.4300E+02   .9999911 -.0018977 -.0037581
T 1539  1 .1925930E+07   5000071E-02 -.1385E+03  .1363E+03   .9998979 -.0098301  .0103716
T 1540  1 .1929648E+07   5000044E-02 -.1082E+03 -.1509E+03   .9999482 -.0085420 -.0055342
T 1541  1 .1921699E+07   5000164E-02 -.4093E+02  .1777E+03   .9999740 -.0022346  .0068612
T 1542  1 .1921439E+07   5000220E-02  .6182E+02 -.2117E+03   .9999229  .0012136 -.0123551
T 1543  1 .1910640E+07   5000151E-02  .5408E+01 -.2521E+02   .9999885 -.0024960 -.0041050
T 1544  1 .1924526E+07   5000224E-02  .9863E+02  .2825E+02   .9998957  .0125601  .0071313
T 1545  1 .1913610E+07   5000218E-02 -.1467E+02  .1135E+03   .9999927  .0020833  .0032112
T 1546  1 .1915165E+07   5000203E-02  .4202E+02 -.4795E+02   .9999864  .0034767 -.0038777
T 1547  1 .1918361E+07   5000076E-02 -.1804E+03 -.1165E+03   .9999903 -.0040304  .0017968
T 1548  1 .1914553E+07   5000199E-02  .2383E+02  .5891E+02   .9999283  .0072003  .0095684
T 1549  1 .1920157E+07   5000175E-02  .1115E+03 -.3622E+03   .9998387  .0058114 -.0169964
T 1550  1 .1902945E+07   5000023E-02 -.1347E+03  .1337E+03   .9999775 -.0038075  .0055200
T 1551  1 .1924342E+07   5000037E-02 -.3696E+02  .1777E+03   .9999828 -.0024444  .0053354
T 1552  1 .1935956E+07   5000146E-02 -.1959E+03 -.1325E+03   .9999718 -.0065158 -.0037292
T 1553  1 .1917927E+07   5000006E-02  .5009E+02  .1276E+03   .9999819  .0052521  .0029459
T 1554  1 .1932719E+07   5000135E-02  .5226E+02 -.1773E+03   .9999555  .0011810 -.0093626
T 1555  1 .1933614E+07   5000222E-02  .1408E+02 -.7129E+02   .9999861  .0047776  .0022077
T 1556  1 .1926587E+07   5000209E-02  .1300E+02 -.1651E+02   .9999978  .0020798 -.0003159
T 1557  1 .1925694E+07   5000052E-02  .1452E+02  .1430E+02   .9999872  .0030754  .0040073
T 1558  1 .1916635E+07   5000049E-02  .1237E+03  .1448E+03   .9999701  .0043392  .0063946
T 1559  1 .1919744E+07   5000123E-02 -.1635E+03 -.4104E+02   .9999674 -.0070179  .0039910
T 1560  1 .1923021E+07   5000181E-02  .1442E+03 -.9823E+02   .9999807  .0054035 -.0030620
T 1561  1 .1923176E+07   5000089E-02 -.2768E+02  .1713E+03   .9999884 -.0002898  .0048074
T 1562  1 .1913276E+07   5000196E-02  .1636E+02  .3225E+02   .9999919  .0021952  .0033604
T 1563  1 .1926869E+07   5000048E-02  .4242E+02 -.3653E+01   .9999968  .0009454  .0023604
T 1564  1 .1927358E+07   5000172E-02 -.2711E+02  .2971E+02   .9999914 -.0022457  .0034769
T 1565  1 .1926347E+07   5000199E-02  .1496E+02  .4542E+02   .9999882 -.0003339  .0048440
T 1566  1 .1922323E+07   5000224E-02 -.1280E+03  .2221E+01   .9999848 -.0053427  .0013336
T 1567  1 .1913404E+07   5000044E-02  .1858E+03  .4818E+02   .9998529  .0047452  .0164822
T 1568  1 .1925174E+07   5000212E-02  .6477E+01 -.1044E+03   .9999718 -.0015781 -.0073432
T 1569  1 .1938081E+07   5000105E-02 -.1344E+03 -.6267E+02   .9999690 -.0063874 -.0046045
T 1570  1 .1926123E+07   5000023E-02  .1237E+03 -.9246E+01   .9999746  .0070803  .0007563
T 1571  1 .1928478E+07   5000049E-02 -.1351E+03  .5282E+02   .9999317 -.0106668 -.0047726
T 1572  1 .1910587E+07   5000075E-02  .7940E+02  .1733E+03   .9999482  .0060570  .0081755
T 1573  1 .1919711E+07   5000204E-02 -.6983E+02  .1198E+03   .9999853  .0001127  .0054263
T 1574  1 .1918703E+07   5000102E-02 -.6281E+02  .3364E+02   .9999633 -.0074177  .0042915
T 1575  1 .1911109E+07   5000171E-02  .5328E+02  .6558E+02   .9999678  .0033750  .0072794
T 1576  1 .1926934E+07   5000119E-02  .8012E+02 -.4138E+02   .9999977  .0020125  .0007678
T 1577  1 .1920222E+07   5000112E-02  .5492E+02 -.6680E+02   .9999912  .0025596 -.0033126
T 1578  1 .1925306E+07   5000023E-02  .6827E+02 -.8819E+02   .9999868 -.0043782 -.0026789
T 1579  1 .1921503E+07   5000062E-02 -.1393E+02  .1637E+02   .9999766 -.0068050 -.0007157
T 1580  1 .1924573E+07   5000030E-02 -.3242E+03  .1873E+03   .9998384 -.0160167  .0081689
T 1581  1 .1923256E+07   5000224E-02  .6742E+02  .1381E+03   .9999802  .0009186  .0062292
T 1582  1 .1933969E+07   5000106E-02 -.3596E+02 -.1711E+02   .9999935 -.0034275 -.0010759
T 1583  1 .1921633E+07   5000171E-02  .4363E+01 -.3275E+02   .9999964  .0015125 -.0022000
T 1584  1 .1930510E+07   5000217E-02  .1584E+03  .7038E+02   .9999952  .0023757  .0019731
T 1585  1 .1927964E+07   5000122E-02 -.5415E+02  .1455E+03   .9999680 -.0057067  .0056146
T 1586  1 .1922427E+07   5000119E-02  .2749E+01 -.2757E+02   .9999807  .0032910  .0052645
T 1587  1 .1928535E+07   5000091E-02  .6732E+02 -.1240E+02   .9999889  .0029092 -.0036997
T 1588  1 .1920074E+07   5000065E-02  .1470E+02  .2727E+02   .9999754  .0053131  .0045711
T 1589  1 .1922807E+07   5000120E-02 -.9314E+02 -.5780E+02   .9999980 -.0018447 -.0008195
T 1590  1 .1934110E+07   5000123E-02 -.1343E+03  .1837E+03   .9999149 -.0068652  .0110943
T 1591  1 .1927454E+07   5000044E-02 -.1459E+03  .1745E+02   .9999940 -.0024380  .0024758
T 1592  1 .1930481E+07   5000079E-02  .1599E+03 -.1033E+03   .9999586  .0090875  .0005402
T 1593  1 .1919454E+07   5000181E-02  .1394E+03  .7270E+01   .9999901  .0044482 -.0000570
T 1594  1 .1933891E+07   5000174E-02 -.2638E+02  .1886E+01   .9999897 -.0003253  .0045264
T 1595  1 .1922262E+07   5000195E-02 -.2633E+02  .4401E+02   .9999911 -.0004595  .0041976
T 1596  1 .1934087E+07   5000083E-02 -.5423E+02  .4365E+01   .9999736 -.0071026  .0015235
T 1597  1 .1919200E+07   5000205E-02 -.2818E+02 -.3024E+01   .9999846 -.0039680  .0038820
T 1598  1 .1932671E+07   5000224E-02  .1187E+03 -.3189E+02   .9999991  .0012976 -.0003460
T 1599  1 .1926866E+07   5000202E-02  .1177E+03  .4937E+02   .9999886  .0001687  .0047819
T 1600  1 .1935756E+07   5000169E-02  .2891E+02 -.8007E+02   .9999956  .0025160 -.0015855
T 1601  1 .1913943E+07   5000047E-02 -.5098E+02  .2175E+03   .9998749 -.0125455  .0096345
T 1602  1 .1916953E+07   5000164E-02 -.3623E+03 -.4243E+02   .9998370 -.0180562  .0001563
T 1603  1 .1927988E+07   5000010E-02  .1713E+03 -.5022E+02   .9999843  .0048318 -.0028236
T 1604  1 .1922946E+07   5000008E-02  .6856E+02  .5235E+02   .9999958  .0020931 -.0020191
T 1605  1 .1922820E+07   5000088E-02  .1488E+03 -.1770E+02   .9999840  .0056524  .0003797
T 1606  1 .1921904E+07   5000008E-02  .7596E+02 -.7028E+02   .9999771  .0062028  .0026985
T 1607  1 .1927889E+07   5000045E-02  .6994E+01  .1012E+02   .9999787 -.0039046  .0052267
T 1608  1 .1929746E+07   5000156E-02 -.9959E+02 -.3634E+03   .9998992 -.0044511 -.0134847
T 1609  1 .1923650E+07   5000089E-02  .4589E+02  .3860E+02   .9999831 -.0031192  .0049023
T 1610  1 .1921430E+07   5000092E-02  .4936E+00  .4024E+02   .9999909 -.0032765 -.0027246
T 1611  1 .1921459E+07   5000151E-02 -.4902E+02 -.1977E+03   .9999611 -.0019187 -.0086101
T 1612  1 .1929801E+07   5000142E-02  .2327E+02  .2541E+02   .9999852  .0052374  .0014707
T 1613  1 .1919854E+07   5000187E-02  .1225E+02 -.3746E+01   .9999991  .0004294 -.0012658
T 1614  1 .1933964E+07   5000160E-02  .3119E+01 -.3180E+02   .9999882 -.0046229  .0014612
T 1615  1 .1926300E+07   5000002E-02  .3678E+02 -.7671E+02   .9997011  .0026966 -.0242981
T 1616  1 .1916366E+07   5000144E-02 -.1784E+03 -.4408E+02   .9999410 -.0100786  .0040598
T 1617  1 .1936378E+07   5000134E-02  .1321E+03  .1187E+03   .9999724  .0052938  .0052202
T 1618  1 .1924186E+07   5000187E-02  .1428E+02  .2542E+02   .9999959  .0008039  .0027467
T 1619  1 .1931012E+07   5000042E-02  .1951E+03  .1139E+03   .9999450  .0091077  .0052020
T 1620  1 .1923258E+07   5000121E-02  .8630E+02  .5056E+02   .9999952  .0030882 -.0002620
T 1621  1 .1918842E+07   5000069E-02 -.4574E+02 -.4159E+02   .9999921 -.0026127 -.0029792
T 1622  1 .1919510E+07   5000146E-02  .2936E+03 -.3145E+03   .9991641  .0389481 -.0124125
T 1623  1 .1926587E+07   5000149E-02 -.6363E+02 -.8580E+02   .9999908 -.0037425  .0021004
T 1624  1 .1918319E+07   5000087E-02 -.2695E+02  .1080E+02   .9999923 -.0030880 -.0024249
T 1625  1 .1925517E+07   5000219E-02 -.1201E+03  .8681E+02   .9999988 -.0008297 -.0013336
T 1626  1 .1929518E+07   5000158E-02 -.1363E+03 -.3494E+02   .9999990 -.0013491 -.0004388
T 1627  1 .1918830E+07   5000010E-02  .3525E+02  .3688E+02   .9999979  .0014612 -.0014416
T 1628  1 .1919781E+07   5000033E-02 -.1726E+02 -.1348E+03   .9999849  .0014911 -.0052827
T 1629  1 .1914732E+07   5000205E-02  .1108E+03 -.4786E+02   .9999951 -.0004804 -.0031044
T 1630  1 .1919683E+07   5000018E-02  .9772E+00 -.2708E+03   .9999084  .0009082 -.0135023
T 1631  1 .1930324E+07   5000076E-02 -.8564E+02  .2755E+01   .9999975 -.0022072  .0002716
T 1632  1 .1929834E+07   5000205E-02  .1628E+03 -.2154E+03   .9999713  .0062329 -.0043179
T 1633  1 .1922533E+07   5000169E-02  .1731E+03  .1717E+03   .9998855  .0147145  .0035200
T 1634  1 .1922507E+07   5000223E-02  .2047E+03  .1691E+03   .9998993  .0094335  .0106033
T 1635  1 .1922409E+07   5000171E-02 -.1831E+03 -.1455E+02   .9950090 -.0907953 -.0413931
T 1636  1 .1913905E+07   5000171E-02 -.2282E+03 -.1692E+03   .9999709 -.0054125 -.0053739
T 1637  1 .1920787E+07   5000188E-02 -.2197E+03  .6598E+02   .9998931 -.0127464  .0071618
T 1638  1 .1924817E+07   5000001E-02 -.6797E+01  .1454E+02   .9999997  .0001551  .0007377
T 1639  1 .1907920E+07   5000165E-02 -.4360E+02  .9926E+02   .9999919 -.0013097  .0038159
T 1640  1 .1916420E+07   5000159E-02  .3626E+02 -.2349E+02   .9999951 -.0007706  .0030458
T 1641  1 .1923123E+07   5000214E-02  .8571E+01  .6401E+01   .9999961  .0023097 -.0015900
T 1642  1 .1923689E+07   5000053E-02 -.6238E+02 -.1748E+03   .9999442 -.0015679 -.0104466
T 1643  1 .1922055E+07   5000148E-02 -.3420E+03 -.3900E+03   .9997767 -.0144471 -.0154242
T 1644  1 .1913522E+07   5000098E-02  .2776E+03  .2839E+02   .9998629  .0164387 -.0019774
T 1645  1 .1920524E+07   5000076E-02  .1608E+03  .1807E+03   .9999308  .0022144  .0115556
T 1646  1 .1922737E+07   5000002E-02 -.2661E+02 -.6763E+02   .9999847 -.0019222 -.0051955
T 1647  1 .1931025E+07   5000119E-02 -.4412E+02 -.1963E+02   .9999884 -.0045552 -.0015553
T 1648  1 .1925886E+07   5000016E-02 -.1292E+02  .2776E+03   .9999488 -.0018760  .0099405
T 1649  1 .1928941E+07   5000204E-02  .3818E+02 -.1229E+03   .9999298 -.0002719 -.0118422
T 1650  1 .1913812E+07   5000207E-02 -.2453E+02  .6085E+02   .9999779 -.0029749  .0059536
T 1651  1 .1931419E+07   5000121E-02  .5599E+02 -.7317E+02   .9999886  .0014942 -.0045460
T 1652  1 .1918668E+07   5000059E-02  .1691E+02  .3138E+02   .9999422 -.0073273 -.0078726
T 1653  1 .1932970E+07   5000227E-02  .2071E+02 -.4282E+02   .9999735  .0038536 -.0061735
T 1654  1 .1926624E+07   5000102E-02 -.1219E+03 -.4125E+02   .9999907 -.0031666  .0029353
T 1655  1 .1930309E+07   5000090E-02 -.2135E+03 -.3021E+03   .9999423 -.0042485 -.0098639
T 1656  1 .1930007E+07   5000211E-02 -.1193E+03 -.1202E+03   .9999810 -.0031920 -.0052662
T 1657  1 .1921272E+07   5000052E-02  .6308E+02 -.1084E+02   .9999675  .0080672  .0000425
T 1658  1 .1929101E+07   5000025E-02 -.8763E+02  .2477E+02   .9999601 -.0088826 -.0009284
T 1659  1 .1922435E+07   5000191E-02  .6284E+00  .1131E+03   .9999791 -.0016413  .0062597
T 1660  1 .1921487E+07   5000101E-02  .6181E+02 -.2417E+02   .9999830  .0056080  .0015755
T 1661  1 .1926007E+07   5000208E-02  .7626E+02  .1008E+03   .9999903  .0012276  .0042264
T 1662  1 .1930069E+07   5000187E-02 -.1737E+02  .6510E+01   .9999950  .0007363  .0030878
T 1663  1 .1924703E+07   5000163E-02 -.1433E+03 -.1032E+03   .9999625 -.0068761 -.0052611
T 1664  1 .1924779E+07   5000124E-02  .5708E+01 -.4135E+02   .9999924  .0001883 -.0038880
T 1665  1 .1905754E+07   5000208E-02 -.8352E+02 -.1124E+03   .9999941 -.0022252 -.0026265
T 1666  1 .1922479E+07   5000207E-02 -.7616E+02  .2172E+03   .9999813 -.0019845  .0057893
T 1667  1 .1921456E+07   5000224E-02 -.1080E+03 -.8219E+01   .9999876 -.0041585  .0027333
T 1668  1 .1922720E+07   5000101E-02  .5311E+02 -.1578E+02   .9999904 -.0035097  .0026264
T 1669  1 .1914138E+07   5000161E-02 -.5229E+01 -.1333E+02   .9999943  .0001411 -.0033688
T 1670  1 .1920639E+07   5000042E-02  .4844E+02  .1339E+03   .9999847  .0005131  .0055069
T 1671  1 .1918534E+07   5000123E-02  .4586E+02 -.4884E+02   .9999828  .0048886 -.0032548
T 1672  1 .1917499E+07   5000172E-02  .9537E+02  .2228E+03   .9991548  .0218561  .0348126
T 1673  1 .1926437E+07   5000170E-02  .5694E+02 -.1494E+02   .9999893  .0045168  .0010129
T 1674  1 .1908263E+07   5000128E-02  .1192E+02  .1459E+02   .9999776 -.0001829  .0066855
T 1675  1 .1936782E+07   5000227E-02 -.5702E+02  .2176E+03   .9999339 -.0033410  .0110048
T 1676  1 .1915213E+07   5000163E-02  .1194E+03  .1186E+03   .9999702  .0073422  .0023968
T 1677  1 .1906335E+07   5000096E-02 -.8952E+02 -.1954E+03   .9999513 -.0023437 -.0095873
T 1678  1 .1930593E+07   5000225E-02  .4663E+01  .3367E+02   .9999891  .0025552  .0038966
T 1679  1 .1923715E+07   5000122E-02  .7364E+02  .3318E+02   .9999767  .0056928  .0037543
T 1680  1 .1919196E+07   5000139E-02  .1281E+03  .7586E+02   .9999713  .0067159  .0035135
T 1681  1 .1915309E+07   5000225E-02 -.5996E+02  .3619E+03   .9999291 -.0109589  .0046533
T 1682  1 .1924017E+07   5000226E-02 -.1120E+03  .7099E+01   .9999819 -.0032563  .0050652
T 1683  1 .1912643E+07   5000190E-02  .9781E+02 -.3583E+02   .9999693  .0072467 -.0029929
T 1684  1 .1928475E+07   5000152E-02  .4936E+02 -.4116E+02   .9999284 -.0119577  .0005346
T 1685  1 .1919502E+07   5000218E-02 -.1772E+03 -.2618E+03   .9999444 -.0009760 -.0105030
T 1686  1 .1925869E+07   5000187E-02 -.1426E+02  .3317E+02   .9999902 -.0031801  .0030756
T 1687  1 .1933705E+07   5000023E-02  .6121E+02  .8856E+01   .9999897  .0045250  .0002277
T 1688  1 .1927694E+07   5000118E-02  .3459E+03  .2732E+03   .9998977  .0035042  .0138684
T 1689  1 .1935315E+07   5000146E-02  .2599E+02 -.1888E+02   .9999975 -.0006787 -.0021373
T 1690  1 .1925545E+07   5000155E-02  .1359E+03 -.2396E+02   .9999622  .0085566 -.0015348
T 1691  1 .1916476E+07   5000154E-02  .1591E+02 -.2614E+02   .9999330 -.0035741 -.0110132
T 1692  1 .1906486E+07   5000176E-02 -.1654E+02 -.5108E+01   .9999928  .0026207  .0027336
T 1693  1 .1931141E+07   5000148E-02  .5067E+03  .3950E+03   .9998201  .0183318  .0048661
T 1694  1 .1913528E+07   5000104E-02 -.1319E+02  .1843E+02   .9999956  .0024545  .0016916
T 1695  1 .1910998E+07   5000209E-02  .1985E+02  .7881E+01   .9999963 -.0004862 -.0026670
T 1696  1 .1926125E+07   5000051E-02  .1109E+03  .9882E+02   .9999567  .0043731  .0082147
T 1697  1 .1929429E+07   5000089E-02  .6765E+02 -.1507E+03   .9999922  .0003014 -.0039342
T 1698  1 .1928065E+07   5000014E-02  .1226E+02 -.1609E+03   .9999256  .0050797 -.0110887
T 1699  1 .1924137E+07   5000128E-02  .7485E+02 -.9846E+02   .9999176  .0067673 -.0109080
T 1700  1 .1924796E+07   5000030E-02  .2485E+02 -.2354E+02   .9999919  .0040177  .0001279
T 1701  1 .1916581E+07   5000223E-02 -.5369E+02  .1184E+03   .9999744 -.0064022  .0032046
T 1702  1 .1926062E+07   5000171E-02  .1011E+02 -.5433E+01   .9969356 -.0378655 -.0684514
T 1703  1 .1928351E+07   5000040E-02 -.2009E+02 -.2998E+02   .9999968 -.0016120 -.0019584
T 1704  1 .1924444E+07   5000176E-02  .1093E+02  .2621E+02   .9999877 -.0039322  .0030123
T 1705  1 .1918304E+07   5000005E-02  .7309E+02 -.5921E+01   .9999986  .0015901  .0005024
T 1706  1 .1936908E+07   5000101E-02 -.1941E+02 -.1209E+03   .9998641 -.0049571 -.0157233
T 1707  1 .1932759E+07   5000007E-02 -.5015E+01 -.3051E+03   .9998946 -.0018095 -.0144064
T 1708  1 .1918419E+07   5000213E-02 -.6543E+02  .5810E+02   .9999605 -.0041733  .0078510
T 1709  1 .1929277E+07   5000037E-02  .9632E+02  .3112E+02   .9999977  .0017311 -.0012967
T 1710  1 .1920540E+07   5000072E-02  .8926E+01  .8831E+02   .9999943 -.0016550  .0029320
T 1711  1 .1921711E+07   5000138E-02 -.1942E+02  .7061E+02   .9999720 -.0023096  .0071225
T 1712  1 .1925262E+07   5000104E-02 -.1293E+03  .1367E+03   .9999586 -.0035962  .0083571
T 1713  1 .1935351E+07   5000201E-02  .1749E+02  .3760E+02   .9999518  .0062452  .0075743
T 1714  1 .1924811E+07   5000124E-02 -.1656E+02  .1131E+03   .9999902 -.0016136  .0041159
T 1715  1 .1922246E+07   5000196E-02 -.1801E+02 -.1060E+03   .9999764 -.0019641 -.0065882
T 1716  1 .1930852E+07   5000082E-02 -.5860E+02 -.6040E+01   .9999934 -.0034492  .0011538
T 1717  1 .1919560E+07   5000102E-02 -.5015E+01 -.5230E+01   .9999996  .0006463 -.0005796
T 1718  1 .1917310E+07   5000006E-02 -.7827E+02  .1987E+02   .9999922 -.0036990 -.0013558
T 1719  1 .1912919E+07   5000065E-02  .4772E+02 -.4200E+02   .9999865  .0044266 -.0027287
T 1720  1 .1925794E+07   5000201E-02 -.3200E+02 -.1217E+03   .9999394 -.0039055 -.0102901
T 1721  1 .1931195E+07   5000112E-02 -.4201E+03  .1197E+03   .9999197 -.0107368  .0067382
T 1722  1 .1928819E+07   5000134E-02 -.1297E+02  .3503E+02   .9999884 -.0011660  .0046668
T 1723  1 .1933578E+07   5000057E-02 -.3921E+02 -.3834E+02   .9999874 -.0048878 -.0011549
T 1724  1 .1919373E+07   5000217E-02 -.5168E+02  .3402E+02   .9999632 -.0056647  .0064457
T 1725  1 .1920551E+07   5000024E-02  .5700E+01  .2096E+03   .9999298 -.0015490  .0117476
T 1726  1 .1924414E+07   5000211E-02  .9650E+02 -.2128E+02   .9999783  .0065890 -.0001595
T 1727  1 .1926485E+07   5000101E-02 -.4420E+02  .5303E+02   .9999720 -.0048102  .0057284
T 1728  1 .1918608E+07   5000143E-02  .3322E+02 -.1020E+02   .9999933  .0035060 -.0010881
T 1729  1 .1926539E+07   5000074E-02 -.2436E+03  .9735E+02   .9999854  .0051011  .0017716
T 1730  1 .1917984E+07   5000132E-02  .3049E+02  .2088E+02   .9999936 -.0033226 -.0013250
T 1731  1 .1930877E+07   5000163E-02 -.4724E+02 -.7894E+02   .9999967 -.0021690 -.0013571
T 1732  1 .1915070E+07   5000125E-02  .7605E+02 -.6605E+02   .9999848  .0033904 -.0043384
T 1733  1 .1924683E+07   5000158E-02  .6722E+02 -.4420E+01   .9999980  .0000724 -.0020101
T 1734  1 .1921009E+07   5000116E-02 -.4840E+02 -.4745E+02   .9999931 -.0032047 -.0018874
T 1735  1 .1929672E+07   5000218E-02  .1791E+02  .5688E+00   .9999994 -.0008611  .0006820
T 1736  1 .1926964E+07   5000143E-02 -.2492E+02  .1005E+02   .9999995 -.0006800  .0006853
T 1737  1 .1926970E+07   5000217E-02  .1761E+03 -.1649E+03   .9997836  .0165678 -.0125839
T 1738  1 .1928096E+07   5000042E-02 -.4834E+02 -.4130E+02   .9999826 -.0021422  .0055054
T 1739  1 .1910758E+07   5000169E-02 -.6374E+02  .1576E+03   .9999775  .0005291  .0066874
T 1740  1 .1917241E+07   5000134E-02  .7392E+03  .2983E+03   .9998755  .0147698  .0055591
T 1741  1 .1934706E+07   5000148E-02  .4216E+02 -.5620E+01   .9999952  .0030694 -.0003337
T 1742  1 .1918498E+07   5000087E-02 -.7475E+02 -.9883E+02   .9999766 -.0001149 -.0068453
T 1743  1 .1917792E+07   5000187E-02  .1457E+01 -.6100E+02   .9999920  .0010600 -.0038606
T 1744  1 .1934241E+07   5000204E-02  .1244E+02 -.4376E+02   .9999628 -.0082211 -.0026061
T 1745  1 .1929344E+07   5000091E-02 -.1564E+02  .8757E+01   .9999936 -.0032343 -.0015024
T 1746  1 .1925834E+07   5000036E-02 -.1679E+02  .1436E+03   .9999921  .0014255  .0037200
T 1747  1 .1923209E+07   5000126E-02 -.1382E+03  .3339E+02   .9999607 -.0082683 -.0032107
T 1748  1 .1929739E+07   5000086E-02 -.1801E+03  .5554E+02   .9999654 -.0079281  .0025336
T 1749  1 .1919155E+07   5000033E-02 -.1327E+03 -.3922E+02   .9999664 -.0081140 -.0011910
T 1750  1 .1914476E+07   5000170E-02  .2450E+02 -.5745E+01   .9999976 -.0004734 -.0021390
T 1751  1 .1919527E+07   5000008E-02  .4930E+02 -.9748E+01   .9999757  .0067751  .0016436
T 1752  1 .1926439E+07   5000144E-02 -.2228E+02 -.5429E+02   .9999840 -.0015280 -.0054403
T 1753  1 .1936947E+07   5000191E-02 -.1358E+02  .2531E+02   .9999888 -.0047303  .0003271
T 1754  1 .1935959E+07   5000189E-02  .1049E+03  .5151E+02   .9999877  .0049398 -.0003456
T 1755  1 .1925748E+07   5000186E-02 -.1213E+03 -.5440E+02   .9999882 -.0043992 -.0020493
T 1756  1 .1926496E+07   5000199E-02  .5168E+01 -.1333E+03   .9999909  .0007572 -.0041999
T 1757  1 .1932550E+07   5000137E-02  .4673E+02  .7120E+02   .9999771 -.0004389  .0067573
T 1758  1 .1914249E+07   5000106E-02 -.1099E+02  .1606E+03   .9999325  .0026647  .0113049
T 1759  1 .1914218E+07   5000006E-02 -.2228E+03 -.3563E+03   .9999623 -.0079566 -.0034893
T 1760  1 .1927279E+07   5000151E-02 -.6154E+03  .2882E+03   .9968596 -.0731513  .0303277
T 1761  1 .1918935E+07   5000171E-02 -.5934E+03  .4775E+02   .9999260 -.0121362  .0008924
T 1762  1 .1918479E+07   5000136E-02 -.5368E+01  .7946E+02   .9998134 -.0017140  .0192417
T 1763  1 .1933808E+07   5000103E-02 -.4914E+02 -.2223E+03   .9998914  .0046644 -.0139773
T 1764  1 .1924670E+07   5000222E-02 -.2918E+02 -.2507E+02   .9999957 -.0029226 -.0000332
T 1765  1 .1926147E+07   5000199E-02  .2847E+03 -.1579E+03   .9998238  .0181764 -.0046907
T 1766  1 .1922828E+07   5000083E-02  .2593E+02 -.7413E+03   .9994171  .0037328 -.0339350
T 1767  1 .1923829E+07   5000029E-02 -.7667E+02 -.2224E+02   .9999962 -.0022476 -.0016181
T 1768  1 .1917903E+07   5000201E-02 -.1981E+03  .8825E+02   .9999070 -.0118829  .0066940
T 1769  1 .1915754E+07   5000199E-02 -.1611E+03 -.6742E+02   .9999646 -.0077625 -.0032570
T 1770  1 .1925938E+07   5000135E-02  .2323E+02 -.3802E+02   .9999998  .0002761 -.0005106
T 1771  1 .1922316E+07   5000021E-02 -.4749E+02 -.5238E+02   .9999854  .0002079 -.0054039
T 1772  1 .1923239E+07   5000054E-02 -.9594E+02 -.6669E+02   .9999690 -.0061602 -.0049087
T 1773  1 .1925096E+07   5000004E-02  .3370E+03  .4276E+03   .9998479  .0142425  .0100639
T 1774  1 .1916845E+07   5000185E-02  .6607E+02  .4173E+02   .9999949  .0020402  .0024747
T 1775  1 .1920294E+07   5000117E-02  .1565E+03 -.2828E+02   .9999088  .0127041 -.0045815
T 1776  1 .1919932E+07   5000158E-02  .2773E+03  .2541E+03   .9999097  .0104019  .0085040
T 1777  1 .1916892E+07   5000006E-02 -.1108E+03 -.3423E+02   .9999997  .0005951  .0004377
T 1778  1 .1931958E+07   5000042E-02 -.9623E+02 -.7583E+02   .9999852 -.0054295  .0001929
T 1779  1 .1916986E+07   5000169E-02 -.4992E+02  .2704E+02   .9998503 -.0109225 -.0134218
T 1780  1 .1918209E+07   5000167E-02  .1704E+02 -.1638E+03   .9999658  .0014594 -.0081357
T 1781  1 .1927853E+07   5000137E-02  .1182E+03 -.3041E+02   .9999844  .0055798  .0002496
T 1782  1 .1921515E+07   5000017E-02  .4190E+02 -.3292E+02   .9999235  .0102232 -.0069648
T 1783  1 .1921902E+07   5000197E-02  .9856E+02  .9098E+02   .9999888 -.0000524  .0047256
T 1784  1 .1931632E+07   5000111E-02 -.1513E+02 -.1478E+03   .9999889 -.0034638 -.0031906
T 1785  1 .1927700E+07   5000172E-02 -.2582E+02  .2362E+01   .9999874 -.0043994  .0023987
T 1786  1 .1924686E+07   5000195E-02 -.1981E+03 -.4619E+03   .9997392 -.0096068 -.0207168
T 1787  1 .1914202E+07   5000079E-02  .7044E+01 -.4172E+02   .9999852 -.0014533 -.0052345
T 1788  1 .1918114E+07   5000042E-02  .1385E+02  .2322E+02   .9999892  .0003550  .0046389
T 1789  1 .1906990E+07   5000086E-02  .3947E+02 -.3046E+02   .9999839 -.0007088 -.0056258
T 1790  1 .1926160E+07   5000125E-02 -.9513E+02 -.4445E+02   .9999922 -.0027668 -.0028062
T 1791  1 .1934052E+07   5000202E-02  .5616E+00  .1406E+03   .9999941 -.0017830  .0029474
T 1792  1 .1914926E+07   5000061E-02 -.2138E+02 -.4764E+01   .9999862 -.0051068  .0012385
T 1793  1 .1923910E+07   5000061E-02  .3944E+02 -.5686E+00   .9999989  .0007233  .0012663
T 1794  1 .1905141E+07   5000131E-02 -.2549E+02  .1645E+02   .9999993 -.0009039  .0007579
T 1795  1 .1917014E+07   5000221E-02 -.1036E+03 -.2118E+03   .9999171 -.0044062 -.0121019
T 1796  1 .1926406E+07   5000098E-02 -.3549E+02 -.4621E+02   .9999930  .0028833  .0023900
T 1797  1 .1927595E+07   5000078E-02  .1736E+02  .5976E+02   .9999843 -.0007670  .0055485
T 1798  1 .1915496E+07   5000185E-02  .1817E+03 -.2086E+03   .9999609  .0057691 -.0067079
T 1799  1 .1915839E+07   5000097E-02  .4106E+02  .2929E+02   .9999943  .0028440  .0018464
T 1800  1 .1933686E+07   5000215E-02  .3762E+02  .9142E+02   .9999824  .0021834  .0055250
T 1801  1 .1925411E+07   5000187E-02  .5295E+02 -.9236E+02   .9999660  .0056397 -.0060158
T 1802  1 .1936119E+07   5000128E-02  .1151E+02  .9285E+01   .9999988  .0012475  .0008997
T 1803  1 .1909838E+07   5000131E-02 -.3532E+02 -.3204E+02   .9999837 -.0018498 -.0054028
T 1804  1 .1933686E+07   5000024E-02 -.1228E+02 -.3370E+02   .9999892 -.0035021 -.0030651
T 1805  1 .1918532E+07   5000210E-02  .5978E+01  .1385E+03   .9999643  .0061226  .0058200
T 1806  1 .1920679E+07   5000199E-02  .1660E+03  .9007E+02   .9999645  .0082105  .0018862
T 1807  1 .1921655E+07   5000093E-02 -.4133E+02 -.9912E+01   .9999954 -.0005807 -.0029636
T 1808  1 .1927821E+07   5000213E-02 -.4521E+02  .6521E+01   .9999992 -.0008533  .0009449
T 1809  1 .1929253E+07   5000223E-02  .2832E+02 -.8450E+01   .9999923 -.0039240  .0000491
T 1810  1 .1921689E+07   5000173E-02  .2028E+03  .5827E+02   .9999886  .0046845  .0008786
T 1811  1 .1920406E+07   5000198E-02  .1251E+03  .1860E+03   .9999914 -.0006560  .0040859
T 1812  1 .1929185E+07   5000052E-02  .1075E+01  .6355E+02   .9999999 -.0001506 -.0002594
T 1813  1 .1905603E+07   5000141E-02 -.2153E+02 -.1108E+03   .9999965 -.0018047 -.0019536
T 1814  1 .1923601E+07   5000173E-02  .2309E+03 -.9400E+02   .9999533  .0090696 -.0033425
T 1815  1 .1938181E+07   5000179E-02 -.2431E+02  .3070E+03   .9998907 -.0075042  .0127390
T 1816  1 .1927763E+07   5000084E-02  .1612E+03 -.1162E+03   .9999456  .0079792 -.0067193
T 1817  1 .1920958E+07   5000040E-02  .3923E+00 -.2353E+02   .9999999  .0002672 -.0003827
T 1818  1 .1925103E+07   5000104E-02 -.3371E+03 -.4894E+03   .9997741 -.0138202 -.0161468
T 1819  1 .1932964E+07   5000029E-02 -.1198E+03  .1434E+03   .9999269 -.0070202  .0098407
T 1820  1 .1920604E+07   5000161E-02 -.4316E+02 -.2466E+02   .9999971 -.0023687 -.0003596
T 1821  1 .1921520E+07   5000215E-02  .4727E+01  .1951E+03   .9999856 -.0047244  .0025382
T 1822  1 .1931430E+07   5000100E-02  .2401E+03  .1703E+03   .9999736  .0033320  .0064647
T 1823  1 .1929311E+07   5000078E-02 -.9356E+02 -.5845E+01   .9999695 -.0068618 -.0037242
T 1824  1 .1913627E+07   5000035E-02 -.2561E+02 -.5644E+01   .9999988 -.0011735  .0010523
T 1825  1 .1908693E+07   5000207E-02  .7567E+01  .6586E+02   .9999700  .0008445  .0076935
T 1826  1 .1923652E+07   5000196E-02  .8929E+01 -.8336E+00   .9999962  .0022633 -.0015838
T 1827  1 .1924742E+07   5000043E-02  .1016E+03  .9897E+02   .9999725  .0055585  .0049038
T 1828  1 .1924903E+07   5000079E-02 -.1694E+02 -.5962E+01   .9999843 -.0050804 -.0023660
T 1829  1 .1920153E+07   5000197E-02 -.9962E+02 -.2487E+02   .9999870 -.0037689 -.0034390
T 1830  1 .1922942E+07   5000107E-02  .5801E+02 -.5607E+02   .9999907  .0010956 -.0041691
T 1831  1 .1923376E+07   5000020E-02  .1661E+03 -.2613E+02   .9999806  .0061985 -.0006727
T 1832  1 .1924113E+07   5000130E-02 -.2654E+02 -.1475E+03   .9999803 -.0000114 -.0062823
T 1833  1 .1936081E+07   5000138E-02 -.3406E+03 -.2790E+03   .9998754 -.0115243 -.0107897
T 1834  1 .1916603E+07   5000162E-02 -.4693E+02  .1083E+03   .9999851 -.0038514  .0038557
T 1835  1 .1916269E+07   5000182E-02 -.1864E+02  .5488E+02   .9999899 -.0004783  .0044643
T 1836  1 .1923490E+07   5000112E-02 -.5475E+02  .7896E+02   .9999924 -.0010981  .0037530
T 1837  1 .1912088E+07   5000218E-02 -.2132E+02  .1117E+03   .9999826 -.0010407  .0058005
T 1838  1 .1916401E+07   5000136E-02 -.3723E+03  .7817E+02   .9998921 -.0143347  .0031973
T 1839  1 .1912480E+07   5000032E-02 -.1441E+02  .6418E+02   .9999996 -.0004234 -.0007914
T 1840  1 .1925839E+07   5000081E-02  .6026E+01  .5178E+01   .9999984  .0016484 -.0006965
T 1841  1 .1915517E+07   5000203E-02 -.4575E+03  .3224E+03   .9998640 -.0123455  .0109373
T 1842  1 .1927879E+07   5000055E-02  .1860E+03 -.6266E+02   .9999813  .0025783 -.0055485
T 1843  1 .1933231E+07   5000134E-02 -.3163E+03  .7580E+02   .9996017 -.0277310  .0052419
T 1844  1 .1931234E+07   5000207E-02 -.6007E+02 -.9503E+02   .9999944  .0001636 -.0033414
T 1845  1 .1928753E+07   5000163E-02 -.2435E+00  .7796E+01   .9999935  .0034700 -.0010084
T 1846  1 .1922956E+07   5000107E-02  .1769E+02 -.7361E+02   .9999874  .0020959 -.0045631
T 1847  1 .1930003E+07   5000142E-02  .6443E+01 -.1135E+03   .9999999 -.0003216 -.0001636
T 1848  1 .1910524E+07   5000180E-02  .7420E+02  .1730E+03   .9999795  .0023205  .0059607
T 1849  1 .1921729E+07   5000223E-02 -.6754E+02 -.1679E+03   .9999224 -.0082774 -.0093069
T 1850  1 .1926867E+07   5000181E-02 -.1679E+02  .2258E+01   .9999350 -.0005553 -.0113891
T 1851  1 .1924582E+07   5000002E-02  .2803E+02 -.4206E+02   .9999995 -.0004389 -.0009157
T 1852  1 .1929349E+07   5000174E-02  .4534E+02 -.2987E+02   .9999985 -.0015693  .0006750
T 1853  1 .1925696E+07   5000044E-02 -.6197E+02 -.2103E+03   .9999161 -.0028561 -.0126382
T 1854  1 .1915116E+07   5000127E-02 -.1405E+02  .2199E+02   .9999996  .0000891  .0009261
T 1855  1 .1922640E+07   5000181E-02 -.1289E+02  .9541E+01   .9999813  .0046251  .0039967
T 1856  1 .1916085E+07   5000195E-02 -.1109E+02 -.6826E+01   .9999886 -.0018810 -.0043922
T 1857  1 .1918128E+07   5000205E-02 -.1098E+03  .2787E+02   .9999794 -.0051358  .0038594
T 1858  1 .1922501E+07   5000114E-02 -.6218E+02  .4864E+01   .9999595 -.0078202  .0044478
T 1859  1 .1929136E+07   5000128E-02 -.2752E+02  .1506E+00   .9999863 -.0009768  .0051499
T 1860  1 .1932259E+07   5000123E-02  .1090E+03  .2280E+03   .9999479  .0049233  .0089374
T 1861  1 .1940544E+07   5000071E-02 -.2393E+02 -.1523E+03   .9999652 -.0040798 -.0072824
T 1862  1 .1932191E+07   5000204E-02 -.2477E+03 -.2890E+03   .9999466 -.0080691 -.0064511
T 1863  1 .1922110E+07   5000060E-02 -.1131E+03 -.3410E+02   .9999784 -.0062180 -.0021387
T 1864  1 .1912572E+07   5000019E-02 -.5931E+02  .6240E+02   .9999923 -.0036121  .0015587
T 1865  1 .1916646E+07   5000058E-02 -.2425E+03  .1134E+02   .9999806 -.0061918  .0007475
T 1866  1 .1925685E+07   5000188E-02 -.2609E+01 -.7474E+02   .9999915 -.0024258 -.0033248
T 1867  1 .1928285E+07   5000106E-02 -.2853E+03  .2713E+03   .9998908 -.0060849  .0134695
T 1868  1 .1934228E+07   5000184E-02 -.4724E+01  .3783E+02   .9999923  .0039263  .0002105
T 1869  1 .1918775E+07   5000164E-02 -.4288E+02 -.3041E+02   .9999861 -.0031569 -.0042259
T 1870  1 .1926290E+07   5000074E-02  .3117E+02 -.4370E+02   .9999567  .0038164 -.0084867
T 1871  1 .1921468E+07   5000042E-02  .1910E+02  .2399E+02   .9999990  .0001155  .0014276
T 1872  1 .1931351E+07   5000026E-02 -.6828E+02  .2490E+03   .9999689 -.0036550  .0069935
T 1873  1 .1927105E+07   5000159E-02  .6447E+02  .9407E+02   .9999893  .0035788  .0029455
T 1874  1 .1925220E+07   5000226E-02 -.2905E+02 -.1625E+03   .9999419  .0060585 -.0089190
T 1875  1 .1931410E+07   5000085E-02 -.3260E+02  .2267E+02   .9999854 -.0013476  .0052259
T 1876  1 .1916103E+07   5000205E-02  .1197E+02  .1314E+03   .9999876 -.0001389  .0049753
T 1877  1 .1924493E+07   5000133E-02 -.1746E+02  .9401E+02   .9999939 -.0002438  .0034910
T 1878  1 .1915541E+07   5000223E-02 -.5799E+02  .1404E+03   .9999827 -.0013270  .0057347
T 1879  1 .1918845E+07   5000144E-02 -.4530E+02  .1643E+03   .9999647 -.0030317  .0078317
T 1880  1 .1930490E+07   5000193E-02 -.9814E+00  .3716E+02   .9999892  .0036812 -.0028427
T 1881  1 .1934590E+07   5000130E-02 -.1866E+02  .2555E+01   .9999797 -.0059136 -.0023554
T 1882  1 .1923803E+07   5000173E-02  .3130E+02 -.2590E+02   .9999955 -.0018434 -.0023641
T 1883  1 .1915018E+07   5000136E-02 -.1545E+03 -.1694E+03   .9999298 -.0107533 -.0049848
T 1884  1 .1924237E+07   5000138E-02  .6310E+02  .8609E+02   .9999984 -.0012287  .0013287
T 1885  1 .1939596E+07   5000055E-02  .3304E+01 -.4555E+01   .9999936  .0035755  .0001520
T 1886  1 .1916494E+07   5000186E-02  .4221E+02  .3146E+02   .9999449  .0085356  .0061041
T 1887  1 .1919414E+07   5000004E-02  .5040E+01 -.8851E+02   .9999692 -.0019030 -.0076189
T 1888  1 .1921423E+07   5000208E-02 -.4296E+02  .1195E+03   .9999683 -.0014273  .0078374
T 1889  1 .1921126E+07   5000181E-02  .1186E+02 -.8005E+02   .9999924  .0019299 -.0033906
T 1890  1 .1923816E+07   5000199E-02  .4253E+02 -.1321E+03   .9999801 -.0016021 -.0060952
T 1891  1 .1914118E+07   5000165E-02  .2294E+02 -.1108E+02   .9999969  .0024912 -.0002114
T 1892  1 .1927825E+07   5000187E-02 -.1530E+03 -.1058E+03   .9999670 -.0073179 -.0035274
T 1893  1 .1924955E+07   5000138E-02  .2265E+02 -.1153E+02   .9999998  .0004167  .0004351
T 1894  1 .1925362E+07   5000069E-02 -.6657E+02 -.6425E+01   .9999835 -.0057454 -.0000018
T 1895  1 .1922915E+07   5000213E-02  .7496E+02  .9404E+02   .9999265  .0086649  .0084793
T 1896  1 .1922892E+07   5000052E-02 -.1208E+03 -.1019E+03   .9999890 -.0015468 -.0044322
T 1897  1 .1926579E+07   5000060E-02 -.9935E+02 -.1448E+03   .9999961  .0006899 -.0026966
T 1898  1 .1926584E+07   5000173E-02 -.4624E+01 -.1377E+02   .9999853  .0051476  .0017274
T 1899  1 .1920817E+07   5000204E-02 -.2117E+03 -.1970E+03   .9997427 -.0196379 -.0113560
T 1900  1 .1913586E+07   5000137E-02 -.1601E+03 -.6497E+02   .9999852 -.0048404 -.0024977
T 1901  1 .1926315E+07   5000006E-02  .2377E+03 -.4091E+02   .9999520  .0097470 -.0009710
T 1902  1 .1908679E+07   5000022E-02  .8409E+01 -.3692E+02   .9999956  .0004568 -.0029464
T 1903  1 .1932875E+07   5000174E-02  .5705E+02  .1436E+03   .9999895  .0028236  .0036125
T 1904  1 .1924231E+07   5000034E-02 -.2251E+01  .3528E+02   .9999859  .0023602  .0047513
T 1905  1 .1928413E+07   5000180E-02  .1595E+03  .3060E+02   .9999774  .0066853  .0007408
T 1906  1 .1915853E+07   5000194E-02  .7059E+02 -.1688E+03   .9999842 -.0006548 -.0055808
T 1907  1 .1914182E+07   5000218E-02  .7120E+02  .6359E+02   .9999737  .0028091  .0066832
T 1908  1 .1925071E+07   5000078E-02 -.1236E+03 -.3005E+02   .9999654 -.0081862  .0014665
T 1909  1 .1929703E+07   5000134E-02  .2658E+02 -.2210E+02   .9999966 -.0021619  .0014687
T 1910  1 .1933983E+07   5000021E-02  .9936E+02  .5361E+02   .9999957  .0028794  .0006077
T 1911  1 .1930391E+07   5000013E-02 -.3435E+02 -.4053E+02   .9999940  .0008025 -.0033606
T 1912  1 .1909014E+07   5000166E-02  .2417E+02  .1353E+02   .9999896  .0039905  .0022004
T 1913  1 .1927296E+07   5000129E-02  .1661E+03  .1953E+03   .9999605  .0059275  .0066260
T 1914  1 .1927288E+07   5000201E-02 -.9482E+02 -.1297E+03   .9999486 -.0077509 -.0065406
T 1915  1 .1922080E+07   5000145E-02  .8218E+02 -.7930E+02   .9999859  .0049564  .0019027
T 1916  1 .1913734E+07   5000221E-02 -.7460E+00  .5401E+02   .9999974  .0013892  .0018302
T 1917  1 .1915235E+07   5000069E-02  .5215E+01 -.8468E+01   .9999967 -.0024437 -.0008172
T 1918  1 .1921935E+07   5000191E-02 -.1023E+03  .2897E+03   .9999807 -.0030516  .0054190
T 1919  1 .1907987E+07   5000096E-02  .2182E+03 -.4926E+03   .9996841  .0106853 -.0227481
T 1920  1 .1913129E+07   5000091E-02 -.3357E+02 -.4895E+02   .9999864  .0010167 -.0051213
T 1921  1 .1929813E+07   5000041E-02 -.1478E+02  .1910E+02   .9999986 -.0016789 -.0000995
T 1922  1 .1927789E+07   5000005E-02 -.1006E+03 -.1800E+03   .9999766 -.0024155 -.0063976
T 1923  1 .1934092E+07   5000189E-02  .2987E+02 -.5703E+00   .9999915  .0041070  .0004106
T 1924  1 .1924732E+07   5000078E-02 -.9012E+01 -.7397E+01   .9999908  .0019935  .0037877
T 1925  1 .1926707E+07   5000130E-02 -.1008E+03 -.3986E+00   .9999910 -.0039280 -.0016129
T 1926  1 .1925577E+07   5000157E-02 -.4282E+02 -.4298E+02   .9999836 -.0022246 -.0052792
T 1927  1 .1929145E+07   5000032E-02  .1456E+03 -.2032E+02   .9999706  .0076624  .0000433
T 1928  1 .1925105E+07   5000197E-02  .5239E+01 -.2773E+02   .9999894  .0039086 -.0024307
T 1929  1 .1925589E+07   5000226E-02 -.1894E+02 -.1620E+03   .9999855 -.0018126 -.0050758
T 1930  1 .1929960E+07   5000218E-02 -.5569E+02 -.5678E+01   .9999966 -.0022803  .0012738
T 1931  1 .1930925E+07   5000180E-02 -.7636E+02  .1751E+03   .9999921 -.0006924  .0039213
T 1932  1 .1918504E+07   5000169E-02  .1404E+02 -.1105E+03   .9999980  .0008376 -.0017887
T 1933  1 .1926237E+07   5000171E-02 -.6757E+02 -.8800E+02   .9999617 -.0024994 -.0083896
T 1934  1 .1932122E+07   5000136E-02 -.2745E+02  .4233E+02   .9999990  .0013623 -.0003289
T 1935  1 .1923672E+07   5000056E-02  .2409E+02  .1934E+02   .9999817  .0057153  .0019612
T 1936  1 .1924122E+07   5000124E-02 -.5092E+02 -.6156E+02   .9999833 -.0014185 -.0056009
T 1937  1 .1912275E+07   5000037E-02 -.4108E+02  .3095E+02   .9999969 -.0018804  .0016373
T 1938  1 .1926511E+07   5000054E-02 -.1474E+03 -.1554E+02   .9999703 -.0075330 -.0016114
T 1939  1 .1921208E+07   5000007E-02 -.8770E+02  .6746E+02   .9999388 -.0096380  .0054243
T 1940  1 .1923783E+07   5000225E-02 -.2032E+02 -.2158E+02   .9999987  .0015171  .0006271
T 1941  1 .1924229E+07   5000212E-02  .1501E+03  .2833E+03   .9997879  .0093820  .0183347
T 1942  1 .1916966E+07   5000131E-02 -.8735E+01 -.1671E+03   .9999669  .0005245 -.0081181
T 1943  1 .1924687E+07   5000022E-02 -.2129E+03  .5734E+02   .9999392 -.0108989  .0016926
T 1944  1 .1916560E+07   5000176E-02 -.9052E+01  .3712E+02   .9999973 -.0011312  .0020410
T 1945  1 .1933318E+07   5000039E-02 -.2061E+02 -.4647E+02   .9999959  .0014011 -.0024803
T 1946  1 .1925509E+07   5000010E-02  .2793E+02 -.2799E+02   .9999980  .0000374 -.0020040
T 1947  1 .1927900E+07   5000202E-02 -.3054E+02  .2075E+02   .9999818 -.0060265  .0003448
T 1948  1 .1928645E+07   5000189E-02 -.2473E+02 -.6037E+01   .9999911 -.0040788  .0010530
T 1949  1 .1917240E+07   5000016E-02 -.1072E+03  .8688E+02   .9999398 -.0057386  .0093495
T 1950  1 .1917687E+07   5000156E-02 -.6242E+02  .1652E+03   .9999528 -.0044456  .0086397
T 1951  1 .1925209E+07   5000139E-02  .8322E+02  .1885E+00   .9999849  .0052594  .0016122
T 1952  1 .1920353E+07   5000185E-02  .9161E+02 -.1131E+03   .9999873  .0043091 -.0026318
T 1953  1 .1927972E+07   5000044E-02 -.9965E+02 -.9211E+02   .9999726 -.0048125 -.0056227
T 1954  1 .1922342E+07   5000140E-02  .6258E+02  .1779E+02   .9999896  .0043250  .0014130
T 1955  1 .1916035E+07   5000226E-02 -.3299E+02 -.3491E+02   .9999729 -.0071037 -.0019522
T 1956  1 .1918320E+07   5000224E-02 -.1656E+03  .2294E+02   .9999748 -.0023451  .0066984
T 1957  1 .1915446E+07   5000039E-02  .6555E+02  .1234E+03   .9999687  .0024079  .0075339
T 1958  1 .1927894E+07   5000108E-02 -.1038E+03 -.1820E+03   .9999453 -.0070155 -.0077565
T 1959  1 .1928087E+07   5000025E-02  .4699E+02 -.6317E+02   .9999686  .0071022 -.0035134
T 1960  1 .1915020E+07   5000024E-02  .1914E+02 -.4398E+01   .9999985  .0002183 -.0017410
T 1961  1 .1927285E+07   5000219E-02  .1255E+02  .4125E+02   .9999382 -.0063429  .0091294
T 1962  1 .1930016E+07   5000114E-02  .6414E+02 -.1291E+02   .9999940  .0029407 -.0018491
T 1963  1 .1930070E+07   5000225E-02  .1188E+03 -.8477E+02   .9999644  .0053548 -.0065225
T 1964  1 .1921324E+07   5000006E-02  .3272E+02  .2629E+02   .9999964  .0025322  .0008522
T 1965  1 .1926633E+07   5000061E-02  .7268E+02 -.9886E+02   .9999880  .0048774 -.0004480
T 1966  1 .1927179E+07   5000185E-02 -.1240E+02 -.1488E+03   .9999996 -.0007484  .0004443
T 1967  1 .1917809E+07   5000139E-02  .4135E+02 -.4268E+02   .9999848  .0012066 -.0053826
T 1968  1 .1916213E+07   5000188E-02  .7889E+01  .3410E+02   .9999875 -.0003798  .0049787
T 1969  1 .1925468E+07   5000191E-02  .6083E+02  .1436E+03   .9999746  .0008026  .0070809
T 1970  1 .1930902E+07   5000074E-02 -.1214E+03  .1307E+03   .9998219 -.0157421  .0104112
T 1971  1 .1924414E+07   5000200E-02 -.7404E+01 -.9680E+01   .9999986 -.0014679  .0007891
T 1972  1 .1927334E+07   5000023E-02  .8805E+02 -.6753E+02   .9999897 -.0031020 -.0033016
T 1973  1 .1912675E+07   5000211E-02  .7205E+02 -.6973E+01   .9999871  .0048197  .0015868
T 1974  1 .1922466E+07   5000001E-02 -.4148E+02  .1482E+02   .9999912 -.0015124  .0039020
T 1975  1 .1929219E+07   5000032E-02  .3599E+02  .4267E+02   .9999976  .0021748  .0003443
T 1976  1 .1910746E+07   5000214E-02 -.5507E+02  .7185E+02   .9999927 -.0038114  .0004049
T 1977  1 .1935104E+07   5000019E-02 -.1968E+02  .1760E+02   .9999932 -.0031751  .0018609
T 1978  1 .1928089E+07   5000151E-02 -.5796E+02  .2406E+02   .9998950 -.0131664  .0060480
T 1979  1 .1927400E+07   5000002E-02 -.1308E+02 -.9721E+02   .9999918 -.0036279 -.0018080
T 1980  1 .1921085E+07   5000108E-02 -.3788E+02  .7046E+02   .9999890 -.0043546  .0017455
T 1981  1 .1921773E+07   5000100E-02 -.5559E+01 -.2978E+02   .9999980  .0015792 -.0012231
T 1982  1 .1915696E+07   5000135E-02  .8519E+02 -.4567E+02   .9999985  .0017100 -.0002375
T 1983  1 .1912659E+07   5000029E-02 -.2756E+02 -.5043E+01   .9999990 -.0007108 -.0011986
T 1984  1 .1936499E+07   5000194E-02  .3335E+02  .5477E+02   .9999885  .0043039  .0021347
T 1985  1 .1919678E+07   5000211E-02  .1247E+03 -.2889E+03   .9999199  .0024015 -.0124280
T 1986  1 .1917589E+07   5000183E-02 -.8742E+02 -.7700E+02   .9999998 -.0000518 -.0006625
T 1987  1 .1923052E+07   5000035E-02  .1637E+02  .9227E+02   .9999953 -.0026464  .0015416
T 1988  1 .1922906E+07   5000010E-02 -.1001E+03 -.1391E+03   .9998872 -.0116257 -.0095123
T 1989  1 .1930448E+07   5000173E-02 -.1779E+02 -.4697E+02   .9999968 -.0004196 -.0025039
T 1990  1 .1915681E+07   5000067E-02 -.1511E+03 -.2431E+03   .9999438 -.0033065 -.0100733
T 1991  1 .1931263E+07   5000206E-02  .1005E+02 -.5853E+02   .9999926  .0026450 -.0027800
T 1992  1 .1917393E+07   5000144E-02  .8431E+02  .4235E+02   .9999955  .0025572 -.0015374
T 1993  1 .1930625E+07   5000209E-02  .6504E+02 -.1579E+03   .9999725  .0023465 -.0070376
T 1994  1 .1935791E+07   5000213E-02 -.3133E+02 -.3661E+02   .9999933 -.0035038  .0010183
T 1995  1 .1925228E+07   5000070E-02 -.1870E+02 -.7007E+02   .9999828 -.0019183 -.0055481
T 1996  1 .1914347E+07   5000186E-02 -.1606E+03 -.5044E+02   .9998621 -.0152564 -.0065654
T 1997  1 .1923714E+07   5000140E-02 -.1392E+01 -.7358E+02   .9999625 -.0017811 -.0084794
T 1998  1 .1920415E+07   5000100E-02  .1193E+03 -.1690E+02   .9999354  .0107534 -.0036835
T 1999  1 .1927627E+07   5000103E-02  .2256E+03 -.1725E+03   .9999571  .0080788 -.0045240
T 2000  1 .1934561E+07   5000034E-02  .1234E+03 -.8127E+02   .9999493  .0079701 -.0061508
T 2001  1 .1925262E+07   5000208E-02 -.1194E+03  .1505E+03   .9999430 -.0061668  .0087198
T 2002  1 .1908176E+07   5000175E-02 -.1310E+02  .1510E+02   .9999966  .0007466  .0025176
T 2003  1 .1931550E+07   5000004E-02 -.8728E+02  .1345E+03   .9999936 -.0007228  .0035093
T 2004  1 .1924692E+07   5000066E-02  .9675E+02  .9906E+02   .9999861  .0036737  .0037762
T 2005  1 .1920605E+07   5000218E-02  .2323E+02  .1405E+02   .9999976  .0021650  .0003249
T 2006  1 .1924870E+07   5000073E-02 -.4282E+02  .1065E+03   .9999601 -.0069276  .0056374
T 2007  1 .1928557E+07   5000117E-02 -.1226E+03 -.8192E+01   .9999736 -.0065271  .0031994
T 2008  1 .1913937E+07   5000022E-02 -.1591E+02 -.1474E+02   .9999746 -.0046045  .0054467
T 2009  1 .1934675E+07   5000140E-02  .8860E+02 -.2072E+03   .9999777  .0022103 -.0063025
T 2010  1 .1929382E+07   5000176E-02  .5174E+02  .6754E+01   .9999979  .0010335  .0017473
T 2011  1 .1916879E+07   5000162E-02 -.1027E+03  .1905E+02   .9999992 -.0012553 -.0000587
T 2012  1 .1922212E+07   5000065E-02 -.3387E+02  .7276E+02   .9999988 -.0004788  .0014863
T 2013  1 .1917974E+07   5000028E-02  .7001E+02  .1015E+02   .9999654  .0076915  .0031541
T 2014  1 .1933715E+07   5000149E-02  .1439E+00 -.2019E+02   .9999802 -.0035826  .0051734
T 2015  1 .1920426E+07   5000126E-02 -.1442E+03  .6889E+02   .9998825 -.0130858  .0079883
T 2016  1 .1926671E+07   5000064E-02 -.4790E+01 -.3309E+02   .9999980  .0013987 -.0014543
T 2017  1 .1927756E+07   5000016E-02 -.8643E+02  .8758E+00   .9999955 -.0029896  .0002259
T 2018  1 .1928053E+07   5000214E-02  .1566E+02 -.5008E+02   .9999947  .0014460 -.0029070
T 2019  1 .1914557E+07   5000043E-02 -.2300E+03  .3382E+02   .9999833 -.0057695  .0002976
T 2020  1 .1914968E+07   5000072E-02 -.5902E+02 -.1115E+03   .9999889 -.0001319 -.0047105
T 2021  1 .1924210E+07   5000029E-02 -.4692E+02  .1174E+02   .9999794 -.0040846 -.0049578
T 2022  1 .1921573E+07   5000171E-02  .6218E+02  .1332E+03   .9999751  .0031163  .0063237
T 2023  1 .1923539E+07   5000179E-02 -.7753E+02 -.8111E+02   .9999765 -.0033486 -.0059761
T 2024  1 .1924638E+07   5000225E-02  .2241E+02  .3983E+02   .9999804  .0029299  .0055321
T 2025  1 .1918666E+07   5000136E-02  .1128E+02  .3014E+02   .9999765  .0060051  .0033052
T 2026  1 .1918102E+07   5000058E-02  .1057E+03  .1832E+03   .9999812  .0059164  .0015804
T 2027  1 .1932959E+07   5000185E-02  .4540E+02 -.1755E+02   .9999981 -.0005100  .0018691
T 2028  1 .1928203E+07   5000186E-02  .1126E+02  .2829E+02   .9999916  .0008882  .0039973
T 2029  1 .1928577E+07   5000149E-02 -.7086E+02  .6750E+02   .9999943 -.0012010  .0031415
T 2030  1 .1936107E+07   5000220E-02  .1246E+03 -.5851E+02   .9999919  .0037496 -.0014476
T 2031  1 .1915745E+07   5000025E-02 -.5399E+02 -.6339E-01   .9999933 -.0031158 -.0019417
T 2032  1 .1931679E+07   5000110E-02  .2583E+02 -.5832E+02   .9999816  .0029717 -.0052892
T 2033  1 .1925709E+07   5000022E-02  .1083E+03 -.1133E+03   .9999890  .0046813  .0000966
T 2034  1 .1920065E+07   5000071E-02 -.4045E+02 -.1391E+02   .9999851 -.0051325 -.0018391
T 2035  1 .1932013E+07   5000088E-02  .1350E+02  .2143E+02   .9999736 -.0023269  .0068904
T 2036  1 .1934042E+07   5000079E-02  .7177E+02  .8666E+00   .9999914  .0014226  .0038879
T 2037  1 .1932349E+07   5000086E-02  .4509E+03  .2003E+03   .9998231  .0172278  .0075525
T 2038  1 .1923965E+07   5000195E-02  .9613E+02 -.1057E+02   .9999287  .0119262 -.0006448
T 2039  1 .1919259E+07   5000006E-02 -.1831E+03  .3504E+02   .9999872 -.0044963 -.0023259
T 2040  1 .1932381E+07   5000133E-02 -.6908E+02  .2862E+03   .9999152 -.0013448  .0129496
T 2041  1 .1938738E+07   5000062E-02 -.3797E+01  .1037E+02   .9999942  .0028484  .0018860
T 2042  1 .1914365E+07   5000084E-02 -.6656E+02 -.1635E+03   .9999544 -.0055035 -.0078005
T 2043  1 .1926386E+07   5000129E-02  .3405E+02 -.2214E+03   .9998880 -.0000765 -.0149654
T 2044  1 .1925596E+07   5000038E-02  .2565E+03  .2143E+03   .9999663  .0030423  .0076202
T 2045  1 .1929118E+07   5000002E-02  .5803E+02 -.3869E+02   .9999936  .0033009 -.0013564
T 2046  1 .1929497E+07   5000184E-02  .2549E+02 -.1930E+02   .9999998 -.0006396  .0002385
T 2047  1 .1911826E+07   5000218E-02  .6919E+02 -.2937E+02   .9999991  .0012787  .0003551
T 2048  1 .1923549E+07   5000169E-02 -.1003E+02  .4270E+02   .9999771 -.0035379  .0057718
T 2049  1 .1924689E+07   5000027E-02 -.1569E+02  .6444E+02   .9999989 -.0014528 -.0001639
T 2050  1 .1924276E+07   5000161E-02  .2305E+02 -.3184E+02   .9999982  .0017978  .0005869
T 2051  1 .1920121E+07   5000205E-02 -.3977E+02  .2828E+02   .9999911 -.0030337  .0029233
T 2052  1 .1915192E+07   5000163E-02  .2039E+03  .4115E+02   .9999149  .0087904  .0096433
T 2053  1 .1911078E+07   5000216E-02  .2931E+02 -.1231E+02   .9999964  .0023110  .0013558
T 2054  1 .1936534E+07   5000097E-02 -.1144E+03 -.6265E+02   .9999977 -.0005312 -.0020550
T 2055  1 .1921756E+07   5000152E-02  .6166E+02  .5577E+02   .9999920  .0016350  .0036471
T 2056  1 .1918682E+07   5000029E-02 -.1270E+03 -.2969E+03   .9999456 -.0035990 -.0097903
T 2057  1 .1917689E+07   5000016E-02  .4777E+02 -.8033E+02   .9999874  .0049583 -.0007493
T 2058  1 .1919957E+07   5000014E-02 -.1069E+02  .2383E+02   .9999876  .0008562  .0049082
T 2059  1 .1918458E+07   5000216E-02  .9989E+01  .2273E+01   .9999993 -.0006318  .0009839
T 2060  1 .1935048E+07   5000145E-02  .1479E+02 -.7707E+02   .9999785  .0025694 -.0060409
T 2061  1 .1914387E+07   5000120E-02  .4222E+01  .1986E+02   .9999895 -.0037437  .0026320
T 2062  1 .1923512E+07   5000028E-02  .4569E+02 -.6259E+02   .9999964  .0016866 -.0020872
T 2063  1 .1928667E+07   5000171E-02  .2914E+02  .6788E+02   .9999798  .0061230  .0017157
T 2064  1 .1911546E+07   5000060E-02  .3407E+02  .5345E+02   .9999907  .0027143  .0033436
T 2065  1 .1923682E+07   5000033E-02  .4019E+02  .5218E+02   .9999831  .0050440  .0028763
T 2066  1 .1939914E+07   5000071E-02  .4582E+02 -.2528E+02   .9999959  .0025851 -.0012688
T 2067  1 .1927195E+07   5000021E-02 -.7558E+02 -.1315E+03   .9999599 -.0056312 -.0069648
T 2068  1 .1930968E+07   5000220E-02 -.2720E+00 -.4975E+02   .9999932  .0016778  .0032753
T 2069  1 .1941195E+07   5000100E-02  .4950E+01  .9029E+02   .9999575  .0020176  .0089988
T 2070  1 .1926210E+07   5000225E-02  .1509E+03  .4747E+02   .9999906  .0042967  .0005771
T 2071  1 .1922580E+07   5000082E-02  .3762E+02  .1154E+03   .9999904 -.0008386  .0042935
T 2072  1 .1911403E+07   5000112E-02 -.6316E+02  .1092E+03   .9999733 -.0045528  .0057095
T 2073  1 .1929454E+07   5000056E-02  .1984E+03  .5404E+02   .9998640  .0151450  .0065289
T 2074  1 .1929490E+07   5000153E-02  .8979E+02  .9872E+02   .9999855 -.0002374  .0053739
T 2075  1 .1919808E+07   5000209E-02  .6208E+02 -.7695E+02   .9999914  .0037150 -.0018355
T 2076  1 .1924284E+07   5000220E-02 -.3066E+02 -.3037E+02   .9999983 -.0017603  .0005601
T 2077  1 .1930715E+07   5000151E-02  .3901E+02  .7185E+02   .9999757  .0045407  .0052895
T 2078  1 .1923337E+07   5000063E-02 -.5846E+02 -.1367E+03   .9999757  .0037721 -.0058587
T 2079  1 .1927416E+07   5000077E-02  .4061E+02  .9331E+02   .9999823  .0041052  .0043039
T 2080  1 .1915548E+07   5000031E-02 -.8718E+02  .1178E+03   .9999871 -.0050261  .0007807
T 2081  1 .1932056E+07   5000006E-02 -.1003E+03  .2331E+03   .9999729  .0005682  .0073370
T 2082  1 .1915983E+07   5000097E-02 -.5530E+02 -.5957E+01   .9999931 -.0035945  .0009332
T 2083  1 .1913312E+07   5000074E-02  .2469E+03 -.3710E+03   .9999489  .0067397 -.0075345
T 2084  1 .1933236E+07   5000139E-02  .4104E+02  .2981E+02   .9999987 -.0014838 -.0006770
T 2085  1 .1915537E+07   5000036E-02  .3060E+02  .2271E+02   .9999876  .0047456  .0015105
T 2086  1 .1935960E+07   5000180E-02  .3315E+02 -.3206E+02   .9999770  .0044726 -.0050969
T 2087  1 .1923390E+07   5000099E-02  .7012E+01  .1363E+03   .9999929 -.0010722  .0036082
T 2088  1 .1927832E+07   5000186E-02  .1036E+03 -.5492E+02   .9999898  .0042465 -.0015167
T 2089  1 .1913361E+07   5000180E-02 -.9439E+02 -.1974E+03   .9999393 -.0053013 -.0096564
T 2090  1 .1915058E+07   5000002E-02 -.8288E+02  .3690E+02   .9999999  .0000576 -.0000171
T 2091  1 .1915063E+07   5000081E-02  .1788E+02 -.3545E+01   .9999885  .0045518  .0014783
T 2092  1 .1915805E+07   5000008E-02 -.1056E+03  .1459E+03   .9998952 -.0095879  .0108447
T 2093  1 .1924508E+07   5000150E-02  .2703E+02 -.2150E+03   .9999502  .0008643 -.0099386
T 2094  1 .1912420E+07   5000023E-02  .1263E+03 -.2016E+03   .9999819  .0049428 -.0034383
T 2095  1 .1918369E+07   5000122E-02  .1087E+03 -.2824E+02   .9999787  .0063420 -.0015126
T 2096  1 .1925093E+07   5000188E-02 -.3889E+02  .2792E+02   .9999349 -.0104665  .0045387
T 2097  1 .1927856E+07   5000099E-02  .2880E+02  .5507E+02   .9999981 -.0018380 -.0006837
T 2098  1 .1924608E+07   5000018E-02 -.4226E+02 -.1769E+02   .9998416  .0043285 -.0172633
T 2099  1 .1919524E+07   5000013E-02 -.3498E+02  .4429E+01   .9999819 -.0018644 -.0057219
T 2100  1 .1926146E+07   5000031E-02 -.1110E+03 -.5775E+02   .9999946 -.0032293 -.0006749
T 2101  1 .1922963E+07   5000094E-02  .5736E+03 -.3583E+03   .9996773  .0235805 -.0094476
T 2102  1 .1917261E+07   5000219E-02  .1514E+02 -.1079E+02   .9999990 -.0000108 -.0014043
T 2103  1 .1923600E+07   5000214E-02 -.1029E+03  .1153E+03   .9999728  .0029443  .0067691
T 2104  1 .1932057E+07   5000094E-02  .1135E+03  .6085E+02   .9999960  .0027672 -.0005105
T 2105  1 .1912992E+07   5000152E-02 -.5282E+02  .2726E+02   .9999700 -.0043805 -.0063891
T 2106  1 .1917327E+07   5000114E-02 -.4692E+02  .1870E+02   .9999841 -.0053830 -.0016554
T 2107  1 .1920264E+07   5000196E-02  .3594E+03 -.4139E+03   .9996780  .0168831 -.0189413
T 2108  1 .1909517E+07   5000001E-02  .2218E+02  .1171E+02   .9999957  .0028113 -.0008238
T 2109  1 .1916716E+07   5000043E-02  .3626E+02 -.6219E+02   .9999946  .0012834 -.0030309
T 2110  1 .1911612E+07   5000140E-02 -.6848E+02  .5693E+02   .9999708 -.0062485  .0044065
T 2111  1 .1931530E+07   5000046E-02  .1018E+03  .8436E+02   .9999925  .0021105  .0032344
T 2112  1 .1917948E+07   5000022E-02 -.2076E+02  .1016E+03   .9999931 -.0019641  .0031453
T 2113  1 .1922237E+07   5000190E-02 -.1237E+02 -.1660E+03   .9999483  .0014440 -.0100660
T 2114  1 .1918179E+07   5000066E-02  .1861E+02 -.1700E+02   .9999967 -.0025821  .0000985
T 2115  1 .1922605E+07   5000205E-02 -.1351E+03 -.1314E+03   .9999798 -.0041475 -.0048123
T 2116  1 .1923775E+07   5000140E-02 -.1059E+02 -.1995E+02   .9999977  .0003479 -.0021235
T 2117  1 .1912231E+07   5000213E-02  .1649E+02  .1390E+02   .9999983  .0008691  .0016305
T 2118  1 .1917710E+07   5000114E-02 -.5288E+02 -.2531E+02   .9999939 -.0033572 -.0009857
T 2119  1 .1916462E+07   5000147E-02  .1441E+02  .1948E+02   .9999905  .0030379 -.0031200
T 2120  1 .1937068E+07   5000129E-02 -.1280E+02 -.5592E+02   .9999821 -.0012148 -.0058539
T 2121  1 .1926494E+07   5000036E-02  .2605E+02 -.1878E+03   .9999737  .0016315 -.0070680
T 2122  1 .1917818E+07   5000202E-02 -.5761E+02 -.9149E+02   .9999694 -.0036880 -.0069009
T 2123  1 .1931026E+07   5000196E-02 -.3544E+03 -.3721E+03   .9997970 -.0175417 -.0099111
T 2124  1 .1917647E+07   5000095E-02 -.4535E+02 -.1075E+03   .9999370 -.0065770 -.0090941
T 2125  1 .1932414E+07   5000070E-02 -.2174E+02 -.1068E+03   .9999864  .0010312 -.0051191
T 2126  1 .1924464E+07   5000211E-02 -.7157E+02  .4202E+02   .9998522 -.0139923  .0099924
T 2127  1 .1910253E+07   5000177E-02 -.1335E+03  .6450E+02   .9999891 -.0046433 -.0004502
T 2128  1 .1928794E+07   5000209E-02  .1443E+03  .1047E+03   .9999914  .0033279  .0024609
T 2129  1 .1923070E+07   5000008E-02 -.1049E+02 -.1496E+02   .9999983 -.0010804 -.0015155
T 2130  1 .1911448E+07   5000119E-02 -.8857E+02 -.6022E+01   .9999937 -.0035395 -.0000560
T 2131  1 .1918470E+07   5000141E-02  .1674E+02  .1625E+03   .9999835  .0054101 -.0019325
T 2132  1 .1925718E+07   5000146E-02  .7739E+02  .2413E+02   .9999504 -.0010815  .0099014
T 2133  1 .1921792E+07   5000051E-02  .3924E+01  .1839E+02   .9999948 -.0031062  .0008223
T 2134  1 .1928263E+07   5000172E-02  .5537E+02  .4411E+02   .9999949  .0003992 -.0031706
T 2135  1 .1927377E+07   5000128E-02  .3666E+01  .5133E+02   .9999838 -.0036013  .0044011
T 2136  1 .1925668E+07   5000168E-02 -.3252E+02 -.2074E+03   .9998212 -.0034321 -.0185937
T 2137  1 .1924456E+07   5000061E-02 -.1166E+03  .1263E+03   .9999941  .0009566  .0032965
T 2138  1 .1915583E+07   5000200E-02 -.1257E+03 -.3479E+03   .9999609 -.0039323 -.0079231
T 2139  1 .1935219E+07   5000134E-02 -.4462E+02 -.8483E+02   .9999901  .0037721 -.0023569
T 2140  1 .1916275E+07   5000225E-02  .1022E+03  .5312E+02   .9999919  .0035248  .0019444
T 2141  1 .1922326E+07   5000227E-02  .4299E+02  .1701E+03   .9999475  .0021564  .0100134
T 2142  1 .1929516E+07   5000128E-02  .2086E+03 -.1710E+03   .9999321  .0011837 -.0115934
T 2143  1 .1928219E+07   5000210E-02 -.1463E+03  .5125E+02   .9999848 -.0054609  .0007147
T 2144  1 .1917008E+07   5000092E-02  .2200E+02  .1411E+03   .9999817  .0011503  .0059355
T 2145  1 .1921263E+07   5000139E-02 -.1497E+02 -.3620E+02   .9999999 -.0003552  .0001706
T 2146  1 .1921177E+07   5000177E-02 -.8212E+01  .6529E+02   .9999984 -.0008773  .0015593
T 2147  1 .1923330E+07   5000111E-02 -.1264E+03 -.1124E+03   .9999676 -.0045928 -.0066074
T 2148  1 .1915119E+07   5000176E-02  .3999E+02 -.4401E+02   .9999917 -.0010549 -.0039347
T 2149  1 .1926369E+07   5000108E-02 -.5827E+02  .2468E+01   .9999957 -.0028426 -.0007590
T 2150  1 .1921709E+07   5000169E-02  .1190E+03 -.4559E+01   .9999986 -.0009400  .0013934
T 2151  1 .1927445E+07   5000205E-02  .9755E+02  .1099E+03   .9999909  .0034905  .0024548
T 2152  1 .1911209E+07   5000072E-02  .3237E+02  .6994E+02   .9999907  .0023122 -.0036399
T 2153  1 .1916965E+07   5000080E-02 -.2765E+02 -.3374E+02   .9999971 -.0018410 -.0015488
T 2154  1 .1920837E+07   5000122E-02  .1007E+01 -.3599E+02   .9999990 -.0006307  .0012315
T 2155  1 .1935312E+07   5000195E-02  .1211E+03  .8410E+02   .9998916  .0125320  .0077226
T 2156  1 .1924634E+07   5000110E-02 -.2170E+02 -.3738E+02   .9999924 -.0009526 -.0037750
T 2157  1 .1918293E+07   5000202E-02 -.4692E+02 -.4699E+02   .9999950 -.0011405 -.0029582
T 2158  1 .1916919E+07   5000033E-02  .2002E+02  .1382E+03   .9999944  .0010643  .0031845
T 2159  1 .1927901E+07   5000011E-02  .8375E+02 -.2422E+02   .9999213  .0121367 -.0031709
T 2160  1 .1919856E+07   5000153E-02  .3237E+02  .2310E+02   .9999932  .0024966  .0027164
T 2161  1 .1911788E+07   5000067E-02 -.1020E+03  .3767E+02   .9999739 -.0070765 -.0014511
T 2162  1 .1921586E+07   5000207E-02  .1894E+02  .2951E+02   .9999997  .0002839  .0006963
T 2163  1 .1906916E+07   5000221E-02 -.1775E+03  .2972E+02   .9999944 -.0033389  .0000609
T 2164  1 .1933866E+07   5000028E-02  .6497E+02  .5938E+01   .9999996  .0001552 -.0009037
T 2165  1 .1915834E+07   5000008E-02 -.8443E+02 -.8185E+02   .9999821 -.0035072 -.0048546
T 2166  1 .1916532E+07   5000227E-02 -.1932E+02  .4384E+01   .9999972 -.0013978 -.0018984
T 2167  1 .1930778E+07   5000130E-02 -.6691E+02 -.2553E+03   .9999334 -.0027978 -.0111936
T 2168  1 .1921020E+07   5000154E-02 -.2487E+00  .1048E+03   .9999888 -.0018347  .0043527
T 2169  1 .1914906E+07   5000008E-02  .4610E+02 -.7468E+01   .9999854  .0054114  .0000587
T 2170  1 .1913919E+07   5000179E-02  .1103E+03  .9779E+01   .9999342  .0102297  .0051889
T 2171  1 .1916511E+07   5000212E-02 -.8010E+02  .1074E+03   .9999946 -.0014718  .0029325
T 2172  1 .1933862E+07   5000223E-02 -.1115E+03 -.1344E+03   .9999630 -.0004293 -.0085901
T 2173  1 .1919051E+07   5000116E-02  .7559E+00 -.4547E+02   .9999978  .0009398 -.0019008
T 2174  1 .1925144E+07   5000028E-02  .1008E+03 -.5483E+02   .9999914  .0034634 -.0022897
T 2175  1 .1925221E+07   5000198E-02  .3296E+02  .8886E+02   .9999599  .0035096  .0082406
T 2176  1 .1922788E+07   5000199E-02 -.1400E+03 -.9820E+01   .9997037  .0095823 -.0223782
T 2177  1 .1921604E+07   5000198E-02 -.1024E+03 -.2735E+02   .9987158 -.0501938  .0068816
T 2178  1 .1930861E+07   5000059E-02 -.5349E+02  .6065E+01   .9999405 -.0102098 -.0038527
T 2179  1 .1930381E+07   5000174E-02  .1802E+03  .8262E+02   .9999546  .0094407 -.0012758
T 2180  1 .1926970E+07   5000054E-02  .8959E+01  .2416E+02   .9999951 -.0021908  .0022572
T 2181  1 .1910812E+07   5000184E-02 -.3293E+02 -.2163E+02   .9999896  .0044509  .0009979
T 2182  1 .1937677E+07   5000061E-02  .7596E+02  .3198E+02   .9999919  .0029697  .0027241
T 2183  1 .1915336E+07   5000008E-02 -.8424E+02  .2680E+03   .9999482 -.0032726  .0096388
T 2184  1 .1926211E+07   5000015E-02  .1430E+02  .4096E+02   .9999873  .0016928  .0047448
T 2185  1 .1918892E+07   5000113E-02  .1129E+03 -.5393E+02   .9999890  .0043200 -.0018103
T 2186  1 .1924293E+07   5000090E-02  .4061E+02 -.1469E+03   .9999437  .0065257 -.0083716
T 2187  1 .1929308E+07   5000116E-02 -.2000E+02  .2984E+02   .9999922 -.0036593  .0014737
T 2188  1 .1924361E+07   5000083E-02 -.9331E+02 -.2087E+03   .9995876 -.0118885 -.0261400
T 2189  1 .1926323E+07   5000057E-02 -.1525E+03 -.1443E+03   .9999675 -.0059734 -.0054105
T 2190  1 .1916485E+07   5000056E-02 -.6173E+02  .1079E+03   .9999968  .0015276  .0020155
T 2191  1 .1929746E+07   5000004E-02  .3446E+01 -.3433E+02   .9999991 -.0003289 -.0013229
T 2192  1 .1923499E+07   5000138E-02  .1404E+02  .1362E+02   .9999991 -.0004887  .0012780
T 2193  1 .1917332E+07   5000160E-02 -.5347E+03  .2336E+03   .9996496 -.0241449  .0108484
T 2194  1 .1916728E+07   5000201E-02  .1663E+02 -.7761E+01   .9999917  .0036165  .0018500
T 2195  1 .1925348E+07   5000216E-02 -.2542E+03 -.9603E+02   .9999428 -.0104713 -.0021781
T 2196  1 .1915818E+07   5000051E-02 -.2793E+03 -.1896E+03   .9997971 -.0173042 -.0103078
T 2197  1 .1920823E+07   5000075E-02 -.1040E+02 -.1553E+02   .9999996  .0006480 -.0006705
T 2198  1 .1924481E+07   5000182E-02 -.1873E+03 -.6676E+02   .9999836 -.0055269 -.0014762
T 2199  1 .1919653E+07   5000033E-02 -.6001E+02  .6588E+01   .9999969 -.0018516 -.0016427
T 2200  1 .1922803E+07   5000220E-02 -.1962E+02  .9148E+02   .9999895  .0000521  .0045714
T 2201  1 .1928543E+07   5000124E-02  .1156E+03  .5471E+02   .9999949  .0025496  .0019191
T 2202  1 .1913848E+07   5000122E-02 -.1280E+03  .3345E+03   .9999619 -.0007312  .0086953
T 2203  1 .1917347E+07   5000194E-02 -.1051E+02  .8624E+02   .9999900 -.0038191  .0023199
T 2204  1 .1929336E+07   5000184E-02  .8139E+02  .4508E+02   .9999953  .0030537 -.0003916
T 2205  1 .1926868E+07   5000045E-02  .2436E+02  .1353E+03   .9999543 -.0015834  .0094277
T 2206  1 .1920790E+07   5000009E-02  .1081E+03 -.1176E+03   .9999938  .0032513 -.0013436
T 2207  1 .1931159E+07   5000211E-02  .1026E+03 -.2288E+01   .9998733  .0159021  .0006803
T 2208  1 .1922140E+07   5000220E-02 -.1041E+02 -.9625E+02   .9999486 -.0066573 -.0076494
T 2209  1 .1909942E+07   5000125E-02  .4603E+02  .9667E+02   .9999919  .0015720  .0036981
T 2210  1 .1927882E+07   5000212E-02  .1040E+03 -.1456E+03   .9996804  .0026706  .0251403
T 2211  1 .1914153E+07   5000137E-02 -.1152E+03 -.1680E+03   .9999821 -.0047305 -.0036669
T 2212  1 .1926676E+07   5000169E-02  .1471E+02  .9475E+02   .9999970 -.0004877  .0024094
T 2213  1 .1915299E+07   5000012E-02  .2900E+03 -.1036E+02   .9999352  .0113387 -.0010490
T 2214  1 .1933332E+07   5000027E-02 -.1047E+03  .7292E+02   .9999854 -.0041052  .0035124
T 2215  1 .1923735E+07   5000023E-02 -.3635E+02  .3107E+01   .9999933  .0019445  .0031146
T 2216  1 .1918065E+07   5000207E-02 -.5053E+02 -.5174E+02   .9999950  .0021879 -.0022813
T 2217  1 .1911249E+07   5000220E-02 -.3220E+02  .1443E+03   .9999764 -.0065650  .0020027
T 2218  1 .1917308E+07   5000180E-02 -.1554E+03  .9485E+02   .9999852 -.0046795  .0027602
T 2219  1 .1919089E+07   5000171E-02  .9500E+01  .9269E+02   .9999942 -.0009973  .0032585
T 2220  1 .1922793E+07   5000205E-02 -.2129E+03  .1031E+03   .9999708 -.0070338  .0029836
T 2221  1 .1945025E+07   5000186E-02 -.7676E+01 -.7788E+02   .9999928  .0038042  .0000777
T 2222  1 .1923621E+07   5000097E-02  .7487E+02  .1157E+02   .9999874  .0036956  .0033906
T 2223  1 .1936239E+07   5000209E-02  .7447E+02 -.1113E+03   .9999599  .0058934 -.0067380
T 2224  1 .1927759E+07   5000002E-02  .1241E+02 -.6996E+02   .9999985  .0015956 -.0006568
T 2225  1 .1923199E+07   5000173E-02 -.1502E+03 -.6578E+02   .9999845 -.0048781 -.0026823
T 2226  1 .1923564E+07   5000078E-02  .1122E+02  .1004E+03   .9999786  .0012218  .0064299
T 2227  1 .1921524E+07   5000169E-02  .2781E+03  .9731E+02   .9999723  .0067631 -.0031209
T 2228  1 .1918039E+07   5000193E-02  .7983E+02 -.7444E+01   .9999905  .0040951 -.0014667
T 2229  1 .1909538E+07   5000055E-02  .8409E+02 -.1669E+03   .9999247  .0036730 -.0117057
T 2230  1 .1929307E+07   5000225E-02  .1568E+02 -.1047E+02   .9999927 -.0004075 -.0037998
T 2231  1 .1935298E+07   5000016E-02 -.1146E+03  .4287E+02   .9999841 -.0056004 -.0007056
T 2232  1 .1924002E+07   5000157E-02  .2032E+03  .3731E+02   .9999667  .0077927 -.0024332
T 2233  1 .1933171E+07   5000004E-02 -.1233E+03 -.8757E+02   .9999656 -.0057721 -.0059548
T 2234  1 .1911267E+07   5000179E-02 -.2660E+02 -.1922E+02   .9999928 -.0023039 -.0030131
T 2235  1 .1923666E+07   5000133E-02  .1840E+01 -.6246E+02   .9999573  .0044323 -.0081145
T 2236  1 .1917635E+07   5000024E-02  .8412E+02 -.2674E+02   .9999957  .0027278 -.0010446
T 2237  1 .1922361E+07   5000177E-02  .1347E+03  .2877E+03   .9999683  .0031063  .0073317
T 2238  1 .1911727E+07   5000135E-02  .1757E+02 -.1394E+03   .9999892  .0007147 -.0046012
T 2239  1 .1930883E+07   5000226E-02 -.1198E+03  .1078E+03   .9999887 -.0040894 -.0024063
T 2240  1 .1922504E+07   5000132E-02  .4542E+02  .9656E+01   .9999872  .0049148 -.0012336
T 2241  1 .1917318E+07   5000219E-02  .7707E+02  .9944E+02   .9999864  .0035707  .0038130
T 2242  1 .1927716E+07   5000155E-02 -.9721E+01 -.1524E+03   .9999981 -.0012474 -.0015287
T 2243  1 .1935358E+07   5000098E-02  .2411E+02 -.4809E+02   .9999998 -.0000504  .0006303
T 2244  1 .1911348E+07   5000027E-02 -.1748E+02 -.2997E+02   .9999875  .0021658 -.0045028
T 2245  1 .1920415E+07   5000183E-02 -.1004E+03 -.1863E+00   .9999879 -.0046877 -.0014649
T 2246  1 .1920221E+07   5000210E-02  .2995E+03 -.6373E+03   .9998252  .0114080 -.0148147
T 2247  1 .1932520E+07   5000079E-02  .5346E+02 -.2723E+02   .9997807  .0204602 -.0044747
T 2248  1 .1924585E+07   5000214E-02 -.7163E+00  .2188E+02   .9999962 -.0027087  .0004909
T 2249  1 .1925292E+07   5000063E-02 -.2900E+02 -.1373E+02   .9999976 -.0021761 -.0001569
T 2250  1 .1913626E+07   5000191E-02 -.1407E+03  .2944E+02   .9999645 -.0080041  .0026390
T 2251  1 .1932592E+07   5000083E-02  .2297E+02 -.1101E+02   .9999716  .0072604 -.0020196
T 2252  1 .1921141E+07   5000156E-02  .2822E+02 -.4815E+02   .9999714  .0075494 -.0003748
T 2253  1 .1920696E+07   5000202E-02 -.2465E+02  .1061E+02   .9999996 -.0007474  .0005734
T 2254  1 .1929940E+07   5000102E-02 -.7382E+02 -.6412E+02   .9999788  .0001779 -.0065090
T 2255  1 .1930975E+07   5000188E-02 -.4137E+02  .2332E+02   .9999818 -.0041793  .0043464
T 2256  1 .1916793E+07   5000146E-02  .1847E+03 -.1843E+03   .9999185  .0098464 -.0081323
T 2257  1 .1915319E+07   5000033E-02 -.1470E+03 -.2956E+03   .9999645 -.0019680 -.0081966
T 2258  1 .1929142E+07   5000151E-02 -.1301E+03  .5831E+02   .9999502 -.0092527 -.0037380
T 2259  1 .1918712E+07   5000050E-02  .1283E+03  .3762E+03   .9998784  .0073001  .0137820
T 2260  1 .1917124E+07   5000150E-02  .2042E+03  .1436E+03   .9999235  .0089478  .0085353
T 2261  1 .1915965E+07   5000175E-02 -.6949E+02  .3057E+02   .9999827 -.0045645  .0036974
T 2262  1 .1923350E+07   5000079E-02  .6102E+02  .6429E+02   .9999983 -.0016996 -.0007503
T 2263  1 .1914108E+07   5000082E-02 -.1370E+02 -.1018E+02   .9999710 -.0074423  .0016195
T 2264  1 .1924831E+07   5000137E-02 -.1850E+02  .2158E+02   .9999996 -.0008623  .0000446
T 2265  1 .1918324E+07   5000126E-02  .1411E+02 -.2718E+02   .9999996 -.0000501 -.0008843
T 2266  1 .1913535E+07   5000133E-02 -.3539E+02 -.1141E+03   .9999795 -.0011257 -.0062963
T 2267  1 .1923236E+07   5000078E-02  .3340E+02 -.4131E+01   .9999801  .0062827  .0005885
T 2268  1 .1928109E+07   5000142E-02 -.1152E+02 -.1085E+02   .9999962  .0012056  .0024875
T 2269  1 .1934758E+07   5000209E-02  .5009E+02  .7960E+01   .9999989 -.0014002 -.0004560
T 2270  1 .1916538E+07   5000078E-02  .3478E+02  .2518E+03   .9999254 -.0016847  .0120947
T 2271  1 .1932203E+07   5000038E-02 -.3780E+02  .6615E+01   .9999742 -.0021203  .0068690
T 2272  1 .1919161E+07   5000083E-02  .6445E+02 -.5911E+02   .9999761  .0063306 -.0027823
T 2273  1 .1908640E+07   5000041E-02 -.8107E+01 -.4062E+02   .9999982 -.0017168 -.0007861
T 2274  1 .1922529E+07   5000196E-02  .3250E+02  .3286E+02   .9999927  .0037788  .0005588
T 2275  1 .1925671E+07   5000195E-02  .3743E+01 -.2846E+02   .9999994 -.0010294  .0004672
T 2276  1 .1924675E+07   5000183E-02 -.5853E+03  .9047E+02   .9998765 -.0155881 -.0020120
T 2277  1 .1918102E+07   5000096E-02 -.3283E+02  .4813E+02   .9999903 -.0002474  .0043915
T 2278  1 .1913684E+07   5000185E-02 -.5271E+01  .4342E+02   .9999860  .0048785 -.0020269
T 2279  1 .1922906E+07   5000085E-02  .1199E+03  .3273E+02   .9999862  .0049101 -.0018480
T 2280  1 .1924473E+07   5000054E-02  .1259E+03 -.2464E+03   .9999361  .0030322 -.0108887
T 2281  1 .1927846E+07   5000039E-02  .9854E+01 -.5143E+02   .9999855 -.0007618 -.0053288
T 2282  1 .1910030E+07   5000086E-02  .8697E+02  .1220E+02   .9999838  .0053951  .0018391
T 2283  1 .1918158E+07   5000164E-02  .1481E+03  .4103E+02   .9999585  .0083309  .0036940
T 2284  1 .1929486E+07   5000109E-02  .5534E+01  .9365E+02   .9999899 -.0007016  .0044444
T 2285  1 .1919744E+07   5000222E-02  .6406E+02 -.9291E+02   .9999213  .0125219 -.0007924
T 2286  1 .1928389E+07   5000113E-02 -.3111E+03  .1492E+03   .9999529 -.0089536  .0037566
T 2287  1 .1923639E+07   5000065E-02  .1386E+02 -.1614E+02   .9999992  .0009434 -.0008195
T 2288  1 .1925243E+07   5000005E-02 -.2289E+02 -.9865E+02   .9999982 -.0010713 -.0015755
T 2289  1 .1908088E+07   5000211E-02  .3679E+02 -.1812E+02   .9999916  .0029984 -.0028095
T 2290  1 .1934649E+07   5000191E-02  .1745E+03  .5019E+01   .9999724  .0058310  .0046028
T 2291  1 .1939955E+07   5000167E-02 -.5785E+02  .5651E+01   .9999901 -.0040987  .0017148
T 2292  1 .1926638E+07   5000098E-02  .6096E+02  .1058E+02   .9999937  .0028086  .0021910
T 2293  1 .1924436E+07   5000131E-02  .8951E+02  .1559E+03   .9998378  .0093076  .0154171
T 2294  1 .1930252E+07   5000105E-02  .6025E+02 -.8137E+02   .9999667 -.0056126 -.0059305
T 2295  1 .1920520E+07   5000217E-02 -.2024E+02  .1393E+03   .9999795 -.0021556  .0060349
T 2296  1 .1923873E+07   5000081E-02 -.4397E+02 -.1653E+03   .9999611 -.0040100 -.0078570
T 2297  1 .1911786E+07   5000010E-02 -.1005E+03  .7585E+02   .9999974 -.0007530  .0021503
T 2298  1 .1931604E+07   5000191E-02 -.5789E+02  .3221E+02   .9999862 -.0039655  .0034569
T 2299  1 .1925664E+07   5000036E-02  .3221E+02 -.1685E+03   .9999653  .0035307 -.0075428
T 2300  1 .1922709E+07   5000016E-02  .1008E+03  .8001E+02   .9999718  .0058450  .0047152
T 2301  1 .1921408E+07   5000063E-02  .8190E+02  .1207E+02   .9999981 -.0015535 -.0011969
T 2302  1 .1918894E+07   5000181E-02 -.5280E+02  .7080E+02   .9999606  .0003292  .0088681
T 2303  1 .1924631E+07   5000157E-02  .2070E+02  .4934E+01   .9999912  .0027911 -.0031265
T 2304  1 .1919730E+07   5000182E-02 -.1473E+02 -.9486E+02   .9999965 -.0006637 -.0025773
T 2305  1 .1918113E+07   5000176E-02  .7246E+01  .1152E+02   .9999988  .0015186  .0001484
T 2306  1 .1933744E+07   5000211E-02  .9745E+02 -.7467E+02   .9999562  .0085983 -.0037064
T 2307  1 .1925679E+07   5000006E-02  .4438E+02 -.8311E+02   .9999852 -.0027321 -.0047075
T 2308  1 .1923382E+07   5000132E-02 -.8300E+01  .5559E+02   .9999630 -.0035151  .0078481
T 2309  1 .1927117E+07   5000055E-02  .1377E+02  .1352E+02   .9999938  .0032199  .0013920
T 2310  1 .1932598E+07   5000172E-02 -.3164E+02  .2605E+02   .9999799 -.0024622  .0058358
T 2311  1 .1911076E+07   5000016E-02  .3733E+02 -.2477E+02   .9999996  .0008867 -.0001824
T 2312  1 .1913199E+07   5000011E-02  .1880E+03  .3440E+03   .9998107  .0086338  .0174386
T 2313  1 .1931319E+07   5000176E-02  .1423E+02  .1133E+03   .9999756 -.0005574  .0069609
T 2314  1 .1924587E+07   5000008E-02 -.1560E+03 -.3304E+02   .9999845 -.0043072 -.0035179
T 2315  1 .1930727E+07   5000049E-02 -.2476E+02  .5346E+02   .9999989 -.0010565  .0010864
T 2316  1 .1926893E+07   5000049E-02  .1029E+03  .3614E+02   .9999846  .0040656  .0037801
T 2317  1 .1916559E+07   5000026E-02 -.8386E+02 -.6186E+02   .9999734 -.0069980 -.0020561
T 2318  1 .1915121E+07   5000053E-02 -.1573E+02  .3022E+02   .9999678 -.0058287  .0055200
T 2319  1 .1924666E+07   5000224E-02 -.4095E+02  .6588E+02   .9999918 -.0009804  .0039222
T 2320  1 .1910507E+07   5000170E-02 -.1365E+03  .1409E+03   .9999548 -.0080190  .0050987
T 2321  1 .1924797E+07   5000189E-02  .5787E+02 -.2989E+02   .9999930  .0014971 -.0034327
T 2322  1 .1913641E+07   5000137E-02  .5596E+01  .3742E+02   .9999999 -.0000261  .0001447
T 2323  1 .1926667E+07   5000103E-02 -.4990E+02 -.4061E+02   .9999863 -.0036291 -.0037790
T 2324  1 .1930171E+07   5000138E-02  .1917E+02  .1123E+03   .9999417 -.0016508  .0106690
T 2325  1 .1921299E+07   5000101E-02 -.1627E+02  .8293E+00   .9999984  .0007447  .0016093
T 2326  1 .1928652E+07   5000178E-02 -.2087E+02  .6029E+02   .9999728 -.0036963  .0063801
T 2327  1 .1921023E+07   5000197E-02 -.2635E+03  .3638E+03   .9998120 -.0124956  .0148283
T 2328  1 .1925990E+07   5000093E-02 -.3160E+02  .2870E+00   .9999975 -.0018701  .0012236
T 2329  1 .1935415E+07   5000145E-02  .1144E+03  .6108E+02   .9998843  .0136610  .0066843
T 2330  1 .1917775E+07   5000225E-02 -.1941E+03 -.6771E+01   .9999696 -.0073246 -.0026889
T 2331  1 .1924637E+07   5000145E-02 -.3966E+02  .2742E+02   .9999991 -.0013601  .0000671
T 2332  1 .1912980E+07   5000140E-02  .1153E+03  .6489E+02   .9999572  .0062635  .0068024
T 2333  1 .1927365E+07   5000167E-02  .2961E+02 -.9545E+01   .9999919  .0039518 -.0007497
T 2334  1 .1926503E+07   5000003E-02  .1979E+03 -.2681E+03   .9999275  .0072091 -.0096428
T 2335  1 .1922881E+07   5000210E-02  .1106E+03 -.7840E+02   .9999806  .0049208 -.0038301
T 2336  1 .1923656E+07   5000138E-02 -.7999E+02 -.3677E+01   .9999940 -.0030060  .0017064
T 2337  1 .1923208E+07   5000064E-02 -.3319E+02 -.4637E+02   .9999956 -.0009436 -.0028078
T 2338  1 .1917961E+07   5000204E-02  .8711E+02  .9941E+02   .9999815  .0035970  .0049083
T 2339  1 .1916177E+07   5000205E-02  .1802E+02  .1916E+03   .9999266  .0107172 -.0056500
T 2340  1 .1936447E+07   5000009E-02  .5840E+02 -.2966E+02   .9999968  .0020697 -.0014609
T 2341  1 .1930328E+07   5000118E-02 -.1491E+03 -.1885E+02   .9999803 -.0062813 -.0001138
T 2342  1 .1919992E+07   5000127E-02  .2784E+03 -.1014E+03   .9999235  .0119305 -.0032697
T 2343  1 .1922257E+07   5000213E-02  .1454E+03  .7665E+02   .9999825  .0024974  .0053604
T 2344  1 .1914990E+07   5000091E-02  .5279E+02 -.1143E+03   .9999978  .0007105 -.0019616
T 2345  1 .1923845E+07   5000165E-02 -.4779E+02 -.3525E+02   .9999867 -.0028611 -.0042833
T 2346  1 .1930890E+07   5000152E-02  .1025E+02  .1228E+02   .9999968  .0025369  .0000182
T 2347  1 .1917315E+07   5000048E-02  .3794E+00 -.5409E+02   .9999961  .0000429 -.0027940
T 2348  1 .1922626E+07   5000047E-02  .3923E+03  .7574E+02   .9998199  .0189235 -.0014125
T 2349  1 .1926735E+07   5000209E-02 -.1452E+02  .3739E+02   .9999900 -.0027976  .0034802
T 2350  1 .1918621E+07   5000173E-02  .2656E+02  .1283E+03   .9999535  .0000199  .0096470
T 2351  1 .1908573E+07   5000025E-02  .3811E+02  .2189E+02   .9999915 -.0032151 -.0025852
T 2352  1 .1920625E+07   5000063E-02  .2494E+02  .1905E+02   .9999936  .0035396 -.0004927
T 2353  1 .1912959E+07   5000029E-02 -.1159E+03 -.1043E+03   .9999811 -.0009803 -.0060635
T 2354  1 .1928362E+07   5000080E-02 -.3724E+03 -.3898E+03   .9999041 -.0092547 -.0102983
T 2355  1 .1933874E+07   5000188E-02  .1070E+02 -.7555E+02   .9999847  .0013894 -.0053497
T 2356  1 .1919320E+07   5000123E-02 -.1685E+01 -.3105E+01   .9999999  .0004441  .0002769
T 2357  1 .1930491E+07   5000213E-02 -.1398E+03 -.3650E+02   .9999959 -.0022936 -.0017142
T 2358  1 .1921124E+07   5000001E-02 -.5368E+02  .1041E+03   .9999717 -.0003948  .0075066
T 2359  1 .1922127E+07   5000137E-02 -.2979E+03  .3549E+02   .9998193 -.0184739  .0044799
T 2360  1 .1924517E+07   5000003E-02  .1897E+03 -.1736E+03   .9999871  .0008710 -.0050003
T 2361  1 .1917720E+07   5000213E-02  .2973E+02  .3347E+01   .9999983  .0018461 -.0000410
T 2362  1 .1928697E+07   5000086E-02 -.1392E+03 -.2915E+02   .9999679 -.0079706 -.0008679
T 2363  1 .1918876E+07   5000215E-02 -.1506E+03  .1790E+03   .9999555 -.0076119  .0055806
T 2364  1 .1912426E+07   5000066E-02  .1270E+03  .6901E+02   .9999944  .0008358 -.0032487
T 2365  1 .1917416E+07   5000007E-02  .3920E+02 -.8281E+02   .9999954  .0003536 -.0030033
T 2366  1 .1925172E+07   5000115E-02  .2232E+03  .1127E+02   .9999570  .0092062 -.0011293
T 2367  1 .1920016E+07   5000181E-02  .1464E+02  .1004E+03   .9999636  .0010751  .0084591
T 2368  1 .1921367E+07   5000199E-02 -.1216E+03 -.9625E+02   .9999738 -.0049358 -.0052908
T 2369  1 .1909998E+07   5000201E-02 -.5790E+02  .1082E+03   .9999913  .0000458  .0041594
T 2370  1 .1920179E+07   5000156E-02  .9300E+02 -.2702E+03   .9998790  .0148551 -.0046247
T 2371  1 .1931734E+07   5000188E-02  .4672E+02 -.3090E+03   .9998312  .0033453 -.0180676
T 2372  1 .1918164E+07   5000062E-02 -.1398E+03  .8244E+02   .9999821 -.0059902  .0000426
T 2373  1 .1938172E+07   5000202E-02  .2644E+03  .5013E+01   .9999820  .0020166  .0056535
T 2374  1 .1919168E+07   5000008E-02 -.4145E+03  .2889E+02   .9998694 -.0159886  .0023363
T 2375  1 .1935362E+07   5000227E-02  .1211E+03 -.1742E+02   .9999503  .0099541  .0005164
T 2376  1 .1924307E+07   5000016E-02  .2245E+03 -.2975E+03   .9999507  .0073201 -.0067018
T 2377  1 .1929411E+07   5000085E-02 -.1405E+03  .3549E+02   .9997981 -.0200279 -.0016564
T 2378  1 .1932863E+07   5000218E-02 -.5250E+02  .2385E+02   .9999918  .0029516  .0027593
T 2379  1 .1910539E+07   5000141E-02 -.5774E+02 -.3935E+01   .9999989 -.0013194  .0006622
T 2380  1 .1916116E+07   5000082E-02  .1140E+03  .1441E+03   .9999642  .0043777  .0072435
T 2381  1 .1928744E+07   5000035E-02  .5633E+02 -.1084E+03   .9999864  .0049193 -.0017394
T 2382  1 .1925934E+07   5000004E-02 -.1134E+03 -.7079E+02   .9999779 -.0064432 -.0016452
T 2383  1 .1925880E+07   5000181E-02  .2259E+02  .4936E+02   .9999775  .0004257  .0066938
T 2384  1 .1915089E+07   5000124E-02 -.2196E+02 -.1789E+02   .9999927  .0017728 -.0033702
T 2385  1 .1926900E+07   5000031E-02  .2979E+02 -.3725E+02   .9999206  .0079626  .0097694
T 2386  1 .1925763E+07   5000223E-02  .1644E+02  .6906E+01   .9999999  .0004568 -.0000918
T 2387  1 .1923753E+07   5000101E-02 -.1773E+02  .9502E+02   .9999846 -.0025154  .0049487
T 2388  1 .1915606E+07   5000210E-02 -.1141E+02 -.3940E+02   .9999980 -.0001661 -.0019754
T 2389  1 .1917566E+07   5000038E-02 -.1351E+02  .2868E+02   .9999978  .0020850 -.0001911
T 2390  1 .1926424E+07   5000063E-02 -.8396E+01 -.1469E+02   .9999995 -.0009396  .0004597
T 2391  1 .1916040E+07   5000219E-02 -.1848E+02 -.2425E+02   .9999808  .0056061 -.0026235
T 2392  1 .1921924E+07   5000106E-02  .5953E+02 -.1745E+03   .9998512  .0127533 -.0116178
T 2393  1 .1926434E+07   5000077E-02  .3671E+02  .7297E+02   .9999919  .0030130 -.0026601
T 2394  1 .1923544E+07   5000159E-02 -.9627E+02 -.4331E+01   .9999668 -.0081422 -.0003358
T 2395  1 .1929786E+07   5000045E-02 -.2160E+02 -.1970E+03   .9999209 -.0032172 -.0121626
T 2396  1 .1930855E+07   5000216E-02 -.2751E+02  .1486E+02   .9999984  .0015591  .0008259
T 2397  1 .1927755E+07   5000163E-02  .1939E+03 -.7689E+02   .9999916  .0033727 -.0023327
T 2398  1 .1913054E+07   5000117E-02 -.5260E+01  .7989E+01   .9999976  .0015852 -.0014818
T 2399  1 .1921098E+07   5000058E-02 -.2007E+02  .2035E+02   .9999915 -.0031314  .0026769
T 2400  1 .1911781E+07   5000113E-02  .2588E+02  .1965E+02   .9999942  .0024373  .0023817
T 2401  1 .1931704E+07   5000079E-02  .1308E+03 -.1526E+03   .9999827  .0035512 -.0046807
T 2402  1 .1913731E+07   5000048E-02  .1633E+02  .1139E+02   .9999967 -.0008722  .0024016
T 2403  1 .1916880E+07   5000090E-02  .7478E+02 -.6874E+02   .9999876 -.0047842  .0014112
T 2404  1 .1936368E+07   5000041E-02 -.2139E+02 -.2360E+02   .9999996  .0000690 -.0008359
T 2405  1 .1920746E+07   5000016E-02 -.2470E+03 -.8448E+01   .9999604 -.0088904 -.0004502
T 2406  1 .1941211E+07   5000108E-02  .3555E+02 -.3757E+02   .9999814  .0042966 -.0043180
T 2407  1 .1928839E+07   5000163E-02  .1184E+02  .1025E+02   .9999993 -.0011422 -.0000062
T 2408  1 .1910893E+07   5000212E-02  .5127E+02 -.2617E+02   .9999960  .0021026 -.0019043
T 2409  1 .1929581E+07   5000052E-02 -.1131E+03 -.4412E+02   .9999019 -.0122421 -.0068122
T 2410  1 .1914896E+07   5000215E-02  .7602E+02 -.6573E+01   .9999965  .0026202 -.0004742
T 2411  1 .1916658E+07   5000012E-02 -.6476E+02  .1243E+03   .9999871 -.0018778  .0047233
T 2412  1 .1927746E+07   5000017E-02 -.1322E+03  .2090E+01   .9999652 -.0083422 -.0000416
T 2413  1 .1922315E+07   5000199E-02 -.3204E+02 -.4493E+01   .9999990 -.0006136 -.0013093
T 2414  1 .1924008E+07   5000007E-02 -.6520E+02  .4344E+02   .9999846 -.0052348 -.0018290
T 2415  1 .1931490E+07   5000052E-02 -.9464E+02 -.9493E+02   .9999689 -.0077983 -.0012027
T 2416  1 .1921996E+07   5000110E-02  .1236E+03 -.1378E+03   .9999431  .0034103 -.0101090
T 2417  1 .1915153E+07   5000111E-02 -.1582E+03 -.4993E+01   .9999928 -.0036819 -.0009449
T 2418  1 .1928688E+07   5000161E-02  .1087E+02 -.2211E+02   .9999946  .0032714  .0001484
T 2419  1 .1920034E+07   5000226E-02 -.2691E+02  .4962E+02   .9999888 -.0020011  .0043005
T 2420  1 .1929668E+07   5000198E-02  .1722E+03 -.1606E+03   .9998885  .0086397 -.0121773
T 2421  1 .1918281E+07   5000131E-02  .2260E+02 -.1112E+02   .9999988 -.0007648 -.0013605
T 2422  1 .1917523E+07   5000112E-02 -.2149E+03  .1418E+03   .9999137 -.0083873  .0101130
T 2423  1 .1928069E+07   5000182E-02  .1491E+03 -.1221E+03   .9999498  .0085891 -.0051533
T 2424  1 .1915961E+07   5000119E-02 -.2008E+01 -.8342E+02   .9999926 -.0027497 -.0026844
T 2425  1 .1925424E+07   5000137E-02 -.3929E+02 -.8167E+01   .9999983 -.0018637  .0000424
T 2426  1 .1919907E+07   5000143E-02 -.7071E+02 -.1126E+03   .9999766 -.0029737 -.0061562
T 2427  1 .1921979E+07   5000159E-02 -.1127E+03  .2352E+03   .9999040 -.0041163  .0132304
T 2428  1 .1927646E+07   5000035E-02  .8344E+02 -.6809E+02   .9999993  .0009999 -.0006739
T 2429  1 .1918757E+07   5000203E-02  .1737E+03 -.1788E+02   .9999771  .0063903 -.0022266
T 2430  1 .1922755E+07   5000128E-02  .1226E+03 -.1458E+03   .9999270  .0112970 -.0042764
T 2431  1 .1920513E+07   5000224E-02  .7377E+02 -.3163E+02   .9999900  .0044696 -.0002609
T 2432  1 .1928717E+07   5000042E-02 -.6011E+02 -.1016E+03   .9999800 -.0038425 -.0050286
T 2433  1 .1929649E+07   5000179E-02  .5879E+02 -.2813E+02   .9999700  .0076802 -.0010371
T 2434  1 .1914353E+07   5000003E-02 -.1094E+04  .1721E+04   .9959220 -.0489900  .0757585
T 2435  1 .1925115E+07   5000097E-02  .1750E+03 -.4180E+01   .9999972  .0022220  .0007777
T 2436  1 .1922089E+07   5000222E-02  .3458E+03  .2743E+03   .9992282  .0313026  .0237290
T 2437  1 .1937274E+07   5000112E-02  .7374E+02  .2638E+02   .9999654  .0080048  .0022447
T 2438  1 .1923954E+07   5000109E-02  .5283E+02  .2729E+02   .9999834  .0057477 -.0002764
T 2439  1 .1926965E+07   5000101E-02 -.6777E+02  .1127E+02   .9999768 -.0067798  .0006974
T 2440  1 .1932088E+07   5000219E-02  .8977E+02 -.1092E+02   .9999929  .0036620  .0008889
T 2441  1 .1919335E+07   5000217E-02 -.2392E+03  .1734E+03   .9994819 -.0252419  .0199700
T 2442  1 .1929404E+07   5000148E-02  .4996E+02  .1141E+02   .9999729  .0062788  .0038375
T 2443  1 .1926149E+07   5000146E-02 -.1893E+03 -.8302E+03   .9996803 -.0039114 -.0249808
T 2444  1 .1930335E+07   5000025E-02  .4630E+02  .3537E+02   .9999727  .0073645  .0006162
T 2445  1 .1922532E+07   5000050E-02 -.1395E+03 -.1052E+03   .9999733 -.0058581 -.0043766
T 2446  1 .1935579E+07   5000217E-02  .4633E+01  .4027E+02   .9999956 -.0006343  .0029076
T 2447  1 .1932417E+07   5000059E-02  .1021E+02  .9752E+02   .9999955 -.0027785 -.0010936
T 2448  1 .1925173E+07   5000029E-02 -.2672E+03 -.6226E+02   .9994933 -.0314565 -.0048579
T 2449  1 .1927104E+07   5000174E-02  .8258E+02  .8221E+02   .9999860  .0027980  .0045015
T 2450  1 .1929649E+07   5000147E-02  .9445E+02 -.1131E+03   .9997830  .0120236 -.0170103
T 2451  1 .1929664E+07   5000035E-02  .6175E+02  .4571E+02   .9999958  .0022919  .0017711
T 2452  1 .1935156E+07   5000028E-02 -.1320E+03 -.3096E+02   .9999853 -.0032065 -.0043708
T 2453  1 .1917699E+07   5000105E-02 -.1695E+03 -.5842E+02   .9999702 -.0067353 -.0037815
T 2454  1 .1920967E+07   5000174E-02 -.2411E+02 -.7105E+02   .9999821 -.0015655 -.0057708
T 2455  1 .1913179E+07   5000091E-02  .2181E+03 -.1473E+03   .9999522  .0082704 -.0052075
T 2456  1 .1916286E+07   5000174E-02 -.1287E+02  .3322E+02   .9999992 -.0003714  .0011691
T 2457  1 .1915950E+07   5000171E-02  .1785E+03  .5760E+01   .9999733  .0070488  .0019115
T 2458  1 .1923600E+07   5000123E-02 -.5778E+02  .5608E+01   .9999935 -.0001879  .0036012
T 2459  1 .1924205E+07   5000222E-02 -.1224E+02  .4162E+02   .9999961  .0022910 -.0015960
T 2460  1 .1926772E+07   5000075E-02  .1301E+03  .1165E+03   .9999531  .0070340  .0066522
T 2461  1 .1926915E+07   5000136E-02  .2081E+02 -.5974E+01   .9999865  .0007130 -.0051542
T 2462  1 .1934780E+07   5000184E-02 -.7711E+02 -.1521E+03   .9999957 -.0022076  .0019074
T 2463  1 .1917067E+07   5000107E-02  .7135E+02  .5090E+02   .9999749  .0065819  .0026131
T 2464  1 .1920511E+07   5000144E-02  .1112E+03  .3048E+03   .9999572  .0046028  .0080295
T 2465  1 .1925137E+07   5000226E-02 -.1519E+02  .1991E+02   .9999844 -.0008990  .0055072
T 2466  1 .1923928E+07   5000003E-02  .6328E+02  .5051E+02   .9998775  .0156430 -.0004739
T 2467  1 .1930340E+07   5000206E-02 -.7502E+02 -.5029E+02   .9999412 -.0076471 -.0076937
T 2468  1 .1918308E+07   5000225E-02 -.2010E+03  .8109E+02   .9999538 -.0096102  .0000760
T 2469  1 .1918293E+07   5000224E-02 -.9878E+01 -.5691E+01   .9999973 -.0021886  .0007573
T 2470  1 .1917853E+07   5000206E-02 -.9456E+02  .6973E+02   .9999932 -.0028697  .0023262
T 2471  1 .1917155E+07   5000031E-02 -.4261E+02 -.9171E+00   .9999959  .0025690  .0012816
T 2472  1 .1913262E+07   5000194E-02 -.1951E+03 -.6881E+02   .9999536 -.0066803 -.0069456
T 2473  1 .1907118E+07   5000172E-02  .4840E+02 -.5048E+02   .9999803  .0036368 -.0051118
T 2474  1 .1910343E+07   5000167E-02  .3069E+01  .5420E+01   .9999953 -.0026762 -.0015290
T 2475  1 .1934189E+07   5000027E-02  .8413E+01 -.8038E+02   .9999927 -.0011136 -.0036601
T 2476  1 .1929319E+07   5000203E-02  .1121E+02 -.5273E+01   .9999912  .0022740  .0035271
T 2477  1 .1924185E+07   5000113E-02 -.7846E+02  .1622E+03   .9999849 -.0018036  .0051975
T 2478  1 .1929124E+07   5000151E-02 -.1872E+03  .5365E+02   .9999784 -.0054211  .0037114
T 2479  1 .1926820E+07   5000112E-02  .7783E+02 -.9708E+02   .9999922  .0037911 -.0011375
T 2480  1 .1926929E+07   5000165E-02  .1495E+02  .8051E+02   .9999881 -.0032830  .0036071
T 2481  1 .1926690E+07   5000160E-02 -.2964E+03 -.1804E+03   .9996585 -.0225110 -.0132744
T 2482  1 .1916241E+07   5000025E-02  .7150E+03 -.2822E+03   .9994403  .0315272 -.0111899
T 2483  1 .1921134E+07   5000165E-02  .8920E+01  .2406E+02   .9999968 -.0010631  .0023133
T 2484  1 .1918643E+07   5000073E-02  .6726E+02 -.1977E+03   .9999746  .0022179 -.0067665
T 2485  1 .1927172E+07   5000139E-02 -.1203E+03  .2809E+02   .9999420 -.0094341  .0051954
T 2486  1 .1919330E+07   5000206E-02 -.9863E+02 -.4934E+02   .9999607 -.0088345 -.0007827
T 2487  1 .1918011E+07   5000084E-02 -.3796E+01  .2059E+02   .9999995  .0009518  .0000845
T 2488  1 .1913254E+07   5000188E-02  .1259E+03 -.2739E+03   .9999938  .0012041 -.0033050
T 2489  1 .1934915E+07   5000211E-02 -.9085E+01 -.4042E+02   .9999879 -.0043699 -.0022790
T 2490  1 .1924041E+07   5000035E-02  .1108E+03 -.6400E+02   .9999948  .0011705 -.0030211
T 2491  1 .1916674E+07   5000107E-02 -.1241E+00 -.1572E+02   .9999932 -.0029259 -.0022580
T 2492  1 .1939306E+07   5000004E-02  .1335E+02  .1530E+03   .9999763 -.0018362  .0066329
T 2493  1 .1932140E+07   5000128E-02 -.8346E+02  .4731E+02   .9999816 -.0050378  .0033759
T 2494  1 .1924448E+07   5000033E-02  .1735E+03  .2102E+03   .9999296  .0058892  .0102966
T 2495  1 .1922507E+07   5000169E-02  .1427E+02 -.1191E+03   .9999902 -.0019591 -.0039672
T 2496  1 .1928725E+07   5000195E-02 -.7965E+01  .5225E+02   .9998074 -.0192278 -.0039354
T 2497  1 .1919490E+07   5000211E-02  .5682E+02 -.1311E+03   .9999328  .0110882  .0033796
T 2498  1 .1920837E+07   5000077E-02 -.4449E+02 -.7153E+02   .9999860 -.0047273 -.0023731
T 2499  1 .1928925E+07   5000015E-02 -.1158E+02 -.6015E+01   .9999817 -.0006656  .0060179
T 2500  1 .1916511E+07   5000042E-02 -.5043E+02  .3327E+02   .9999862 -.0035803  .0038441
T 2501  1 .1922716E+07   5000138E-02  .5626E+02  .5822E+02   .9999861  .0045251  .0027152
T 2502  1 .1925799E+07   5000155E-02 -.1645E+02 -.1051E+02   .9999998 -.0002180 -.0006144
T 2503  1 .1930044E+07   5000121E-02 -.3864E+02  .2321E+03   .9998434 -.0120550  .0129596
T 2504  1 .1929757E+07   5000001E-02 -.1289E+03 -.1563E+03   .9999609 -.0062585 -.0062427
T 2505  1 .1908164E+07   5000125E-02  .8055E+02 -.6715E+02   .9999966  .0016306 -.0020556
T 2506  1 .1927988E+07   5000220E-02  .1190E+03  .1075E+03   .9999097  .0086945  .0102498
T 2507  1 .1926795E+07   5000005E-02  .5533E+02 -.4331E+02   .9999902  .0040278 -.0018306
T 2508  1 .1915235E+07   5000213E-02  .2998E+02  .6471E+02   .9999968 -.0012973  .0021773
T 2509  1 .1921562E+07   5000198E-02  .1601E+01  .1535E+01   .9999994 -.0002389  .0010594
T 2510  1 .1920874E+07   5000022E-02 -.1282E+03 -.8156E+02   .9999783 -.0060366 -.0026449
T 2511  1 .1926018E+07   5000029E-02  .7326E+02 -.1698E+02   .9999770  .0067087  .0010140
T 2512  1 .1922697E+07   5000094E-02 -.4286E+02 -.6014E+02   .9999972 -.0023359  .0002489
T 2513  1 .1922875E+07   5000059E-02  .8114E+01  .4177E+02   .9999529  .0094778 -.0021129
T 2514  1 .1935682E+07   5000211E-02 -.1114E+03 -.2722E+03   .9998390 -.0061545 -.0168555
T 2515  1 .1928614E+07   5000123E-02  .1737E+03 -.1686E+03   .9999626  .0073153 -.0046180
T 2516  1 .1937124E+07   5000120E-02 -.8844E+03 -.4444E+03   .9994343 -.0320358 -.0102396
T 2517  1 .1922866E+07   5000227E-02  .1853E+03  .8916E+02   .9999769  .0051578  .0044338
T 2518  1 .1910020E+07   5000177E-02  .3008E+02  .3496E+02   .9999990  .0005341  .0012852
T 2519  1 .1917737E+07   5000180E-02 -.6973E+02 -.3695E+02   .9999624 -.0066610 -.0055566
T 2520  1 .1929892E+07   5000008E-02  .1377E+03  .1238E+03   .9999540  .0079595  .0053483
T 2521  1 .1926618E+07   5000101E-02 -.2489E+02  .3749E+01   .9999951 -.0029256 -.0011267
T 2522  1 .1938287E+07   5000095E-02 -.9006E+03 -.6865E+03   .9994732 -.0240458 -.0217992
T 2523  1 .1909454E+07   5000171E-02 -.7187E+01  .3146E+03   .9993806  .0005768  .0351878
T 2524  1 .1922168E+07   5000175E-02  .9159E+02  .1580E+03   .9999885  .0016805  .0045003
T 2525  1 .1932451E+07   5000202E-02  .1534E+02  .2168E+02   .9999931  .0036219  .0008272
T 2526  1 .1916941E+07   5000195E-02  .3238E+01 -.2038E+03   .9998948  .0037486 -.0140099
T 2527  1 .1927769E+07   5000157E-02 -.9456E+02 -.6578E+02   .9999920 -.0025225 -.0030949
T 2528  1 .1917134E+07   5000212E-02 -.1030E+03 -.4829E+02   .9999631 -.0083171 -.0021407
T 2529  1 .1927649E+07   5000103E-02  .7034E+02 -.1201E+03   .9998998  .0061799 -.0127325
T 2530  1 .1921727E+07   5000146E-02  .5197E+02  .7185E+02   .9999814  .0051945  .0031839
T 2531  1 .1919695E+07   5000078E-02  .3436E+02 -.1071E+03   .9999544  .0021841 -.0092931
T 2532  1 .1920101E+07   5000154E-02  .1743E+03  .2193E+03   .9998731  .0094363  .0128342
T 2533  1 .1926687E+07   5000141E-02  .9665E+02  .3343E+01   .9999792  .0056555  .0031045
T 2534  1 .1928047E+07   5000137E-02 -.1024E+02 -.8298E+02   .9999837  .0008402 -.0056442
T 2535  1 .1924212E+07   5000154E-02  .1763E+03 -.2082E+03   .9999447  .0062489 -.0084558
T 2536  1 .1925840E+07   5000119E-02  .8588E+01  .1173E+03   .9999856 -.0017249  .0050797
T 2537  1 .1921568E+07   5000206E-02  .1496E+03 -.4260E+03   .9998144  .0063285 -.0181979
T 2538  1 .1916494E+07   5000126E-02  .8572E+02  .9534E+02   .9999715  .0059845  .0046074
T 2539  1 .1926155E+07   5000034E-02 -.2524E+02  .1208E+02   .9999956  .0003262  .0029474
T 2540  1 .1926768E+07   5000186E-02 -.1310E+03  .1702E+03   .9999570 -.0055384  .0074419
T 2541  1 .1929819E+07   5000121E-02  .6267E+02  .8973E+02   .9999876  .0010200  .0048670
T 2542  1 .1916274E+07   5000193E-02  .7901E+02  .2410E+03   .9993555  .0108649  .0342140
T 2543  1 .1928609E+07   5000224E-02  .7796E+01 -.1565E+02   .9999965  .0000708 -.0026573
T 2544  1 .1916471E+07   5000157E-02 -.2227E+02 -.1859E+02   .9999989 -.0014260 -.0003579
T 2545  1 .1921238E+07   5000217E-02  .3590E+02 -.2177E+02   .9999474  .0032809  .0097228
T 2546  1 .1926496E+07   5000168E-02  .1067E+03 -.1404E+02   .9999970  .0006729  .0023626
T 2547  1 .1921490E+07   5000213E-02  .8407E+02  .9997E+02   .9999880  .0041322  .0026178
T 2548  1 .1920942E+07   5000226E-02  .1208E+03 -.6981E+01   .9999676  .0073675 -.0032553
T 2549  1 .1915325E+07   5000034E-02  .4616E+02  .5011E+02   .9999973  .0020274  .0011569
T 2550  1 .1921268E+07   5000135E-02  .6033E+00  .1401E+02   .9999947 -.0000752  .0032455
T 2551  1 .1923913E+07   5000114E-02 -.1367E+02 -.8266E+02   .9999945 -.0011662 -.0031119
T 2552  1 .1925872E+07   5000043E-02  .2652E+03 -.1848E+03   .9997667  .0169772 -.0133555
T 2553  1 .1942702E+07   5000096E-02 -.1574E+02  .7812E+02   .9999950  .0000786  .0031613
T 2554  1 .1927589E+07   5000145E-02  .7690E+01 -.4162E+02   .9999967 -.0011970 -.0022552
T 2555  1 .1927453E+07   5000109E-02  .1098E+03  .1703E+03   .9999608  .0033144  .0082123
T 2556  1 .1918919E+07   5000220E-02 -.1825E+02  .1956E+02   .9999999 -.0002848  .0004411
T 2557  1 .1922196E+07   5000184E-02 -.3345E+02  .1083E+03   .9999997 -.0006869  .0002163
T 2558  1 .1923763E+07   5000006E-02 -.1833E+03  .1373E+03   .9999008 -.0115091  .0081178
T 2559  1 .1911682E+07   5000208E-02 -.1202E+03 -.1781E+02   .9999661 -.0080838 -.0015570
T 2560  1 .1912705E+07   5000201E-02 -.6277E+02  .8094E+02   .9999975 -.0021298  .0006243
T 2561  1 .1930234E+07   5000164E-02  .3178E+01 -.2074E+02   .9999977  .0007711 -.0020207
T 2562  1 .1910039E+07   5000047E-02  .2066E+03  .1681E+03   .9998957  .0133917  .0054057
T 2563  1 .1919361E+07   5000212E-02 -.5564E+02  .4996E+01   .9999780 -.0065382 -.0011519
T 2564  1 .1919692E+07   5000130E-02 -.5819E+03 -.5154E+03   .9997081 -.0133637 -.0201269
T 2565  1 .1925940E+07   5000105E-02 -.2560E+02 -.1875E+03   .9999056 -.0087658 -.0105844
T 2566  1 .1921465E+07   5000222E-02  .8288E+01  .3952E+02   .9999890  .0019007  .0042928
T 2567  1 .1915804E+07   5000209E-02  .1982E+03 -.7459E+01   .9999824  .0013985  .0057736
T 2568  1 .1931633E+07   5000198E-02 -.5308E+02  .1087E+03   .9999689  .0023541  .0075220
T 2569  1 .1919994E+07   5000131E-02 -.5424E+02 -.9949E+01   .9999997 -.0007738  .0001746
T 2570  1 .1927623E+07   5000165E-02 -.7651E+01  .3480E+02   .9999998  .0005541 -.0003705
T 2571  1 .1932019E+07   5000043E-02 -.3556E+01 -.5519E+02   .9999970 -.0018602  .0016139
T 2572  1 .1920348E+07   5000169E-02 -.8601E+03  .3189E+02   .9961906 -.0869653  .0064289
T 2573  1 .1909797E+07   5000168E-02  .4167E+02 -.4303E+02   .9997706  .0204100 -.0064900
T 2574  1 .1916116E+07   5000222E-02  .1378E+03 -.6068E+02   .9999497  .0089493 -.0045187
T 2575  1 .1914177E+07   5000223E-02 -.1174E+03 -.7939E+02   .9999553 -.0079611 -.0051013
T 2576  1 .1925572E+07   5000104E-02 -.3168E+02 -.8728E+01   .9999591  .0030051 -.0085263
T 2577  1 .1928474E+07   5000154E-02  .1558E+02  .3031E+01   .9999969 -.0019304 -.0016035
T 2578  1 .1920054E+07   5000171E-02 -.1365E+02 -.5092E+01   .9999984  .0009562 -.0015333
T 2579  1 .1930251E+07   5000206E-02  .1420E+02 -.4412E+01   .9999922 -.0039533  .0000248
T 2580  1 .1931905E+07   5000041E-02 -.9553E+02 -.7854E+02   .9999759 -.0060613 -.0033889
T 2581  1 .1919617E+07   5000162E-02 -.5547E+02 -.2776E+02   .9999988  .0013672 -.0007443
T 2582  1 .1913004E+07   5000176E-02  .4096E+02  .4159E+02   .9999975  .0008906  .0020663
T 2583  1 .1924788E+07   5000155E-02  .2575E+03 -.1159E+03   .9999406  .0098892 -.0045752
T 2584  1 .1920964E+07   5000153E-02  .2706E+01 -.4080E+02   .9999948 -.0007560 -.0031474
T 2585  1 .1922121E+07   5000047E-02  .9865E+02 -.5087E+02   .9999875  .0049984  .0000879
T 2586  1 .1934817E+07   5000093E-02  .1680E+03 -.7563E+02   .9999510  .0078409 -.0060393
T 2587  1 .1916812E+07   5000157E-02  .1800E+03 -.9277E+02   .9999426  .0103241 -.0028692
T 2588  1 .1909430E+07   5000072E-02 -.9226E+02  .4954E+02   .9999931 -.0037091  .0000644
T 2589  1 .1927302E+07   5000017E-02 -.5463E+02  .4660E+02   .9999983 -.0014908 -.0011240
T 2590  1 .1929231E+07   5000150E-02 -.1330E+03  .2891E+02   .9999495 -.0080499  .0060163
T 2591  1 .1919663E+07   5000141E-02  .1845E+03 -.2963E+03   .9998878  .0092363 -.0117902
T 2592  1 .1921860E+07   5000169E-02 -.9412E+02  .7457E+02   .9999710 -.0061294  .0045285
T 2593  1 .1932108E+07   5000196E-02  .1645E+02 -.2852E+02   .9999795  .0055190 -.0032343
T 2594  1 .1924365E+07   5000080E-02  .2934E+02  .5304E+02   .9999974  .0013112  .0018450
T 2595  1 .1919621E+07   5000153E-02  .1197E+03 -.1294E+03   .9999946  .0011713 -.0030574
T 2596  1 .1923785E+07   5000027E-02 -.5441E+02 -.2993E+03   .9999661  .0024620  .0078536
T 2597  1 .1919591E+07   5000220E-02  .1137E+03 -.1023E+03   .9999649  .0061982 -.0056444
T 2598  1 .1917161E+07   5000210E-02  .5103E+01 -.2468E+02   .9999969  .0007302 -.0024009
T 2599  1 .1912014E+07   5000215E-02  .2656E+02 -.2369E+00   .9999916  .0033243 -.0024034
T 2600  1 .1921028E+07   5000031E-02 -.1451E+02 -.2506E+03   .9999762 -.0014230 -.0067515
T 2601  1 .1931281E+07   5000017E-02 -.1520E+02 -.3309E+01   .9999957  .0002562  .0029128
T 2602  1 .1923779E+07   5000121E-02  .1314E+03 -.1737E+03   .9999844  .0033975 -.0044389
T 2603  1 .1932434E+07   5000223E-02 -.2286E+02  .5540E+02   .9999550 -.0020896  .0092503
T 2604  1 .1920311E+07   5000195E-02 -.7615E+02  .6650E+01   .9999953 -.0022565  .0020875
T 2605  1 .1910517E+07   5000029E-02  .4159E+02  .4851E+01   .9999902 -.0030951  .0031546
T 2606  1 .1922287E+07   5000096E-02  .2101E+03  .1209E+03   .9999628  .0067668  .0053477
T 2607  1 .1923596E+07   5000161E-02  .1129E+03 -.2791E+03   .9999347  .0080243 -.0081377
T 2608  1 .1930715E+07   5000207E-02  .3672E+02 -.8350E+02   .9999968 -.0024469 -.0006343
T 2609  1 .1924210E+07   5000105E-02 -.1672E+03  .2747E+02   .9999603 -.0088641  .0009161
T 2610  1 .1922349E+07   5000035E-02 -.6216E+02 -.4608E+02   .9999967  .0014319 -.0021218
T 2611  1 .1922729E+07   5000118E-02 -.8574E+01 -.1497E+02   .9999972  .0018601 -.0014401
T 2612  1 .1910451E+07   5000005E-02  .6808E+02  .7988E+02   .9999970  .0021080  .0012273
T 2613  1 .1939459E+07   5000047E-02 -.3887E+02 -.2339E+01   .9999873 -.0028347  .0041707
T 2614  1 .1928379E+07   5000113E-02 -.1524E+03  .1813E+03   .9999595 -.0049968  .0074879
T 2615  1 .1935612E+07   5000071E-02  .1052E+03  .3662E+02   .9999931  .0037080 -.0002947
T 2616  1 .1917845E+07   5000212E-02 -.5829E+02  .1346E+03   .9999775 -.0042223  .0052178
T 2617  1 .1928726E+07   5000026E-02  .1008E+02 -.4752E+02   .9999922  .0022787 -.0032197
T 2618  1 .1926084E+07   5000006E-02 -.1889E+02 -.1013E+03   .9999487 -.0068920 -.0074204
T 2619  1 .1933505E+07   5000195E-02 -.3736E+02  .9606E+02   .9999247 -.0045485  .0113971
T 2620  1 .1924113E+07   5000167E-02 -.3112E+02 -.2955E+02   .9999887 -.0045531 -.0013526
T 2621  1 .1926653E+07   5000096E-02  .9961E+01 -.2030E+02   .9999970  .0020334 -.0013402
T 2622  1 .1940537E+07   5000039E-02  .5922E+02  .2302E+01   .9999767  .0058634 -.0035012
T 2623  1 .1927975E+07   5000101E-02 -.1795E+02 -.2115E+01   .9999957 -.0019371  .0022027
T 2624  1 .1924414E+07   5000104E-02 -.1205E+03 -.1685E+03   .9999743 -.0031947 -.0064245
T 2625  1 .1911211E+07   5000198E-02  .4426E+02 -.4733E+02   .9999609  .0073986 -.0048355
T 2626  1 .1924149E+07   5000138E-02 -.2407E+02  .5420E+02   .9999922 -.0018426  .0034880
T 2627  1 .1919706E+07   5000040E-02  .2262E+03 -.1692E+03   .9999539  .0059335 -.0075460
T 2628  1 .1923939E+07   5000183E-02 -.8065E+02 -.3493E+02   .9999944 -.0031545 -.0010873
T 2629  1 .1929044E+07   5000089E-02 -.7123E+02  .2047E+02   .9999815 -.0037932  .0047531
T 2630  1 .1931216E+07   5000141E-02  .2568E+01 -.1257E+02   .9999976 -.0021939  .0000109
T 2631  1 .1914377E+07   5000213E-02  .8038E+02 -.1311E+03   .9999842  .0027623 -.0049031
T 2632  1 .1930552E+07   5000118E-02  .3168E+03  .1474E+03   .9997689  .0171276  .0129897
T 2633  1 .1930009E+07   5000076E-02  .8668E+02 -.6969E+02   .9999386  .0088027 -.0067384
T 2634  1 .1912922E+07   5000039E-02 -.4449E+02 -.1149E+03   .9999912 -.0000019 -.0042022
T 2635  1 .1920855E+07   5000214E-02  .1499E+03  .7713E+02   .9999910  .0036222  .0022075
T 2636  1 .1931659E+07   5000171E-02  .2934E+02 -.6279E+02   .9999981  .0019604  .0001641
T 2637  1 .1929479E+07   5000211E-02  .1169E+03  .7920E+02   .9999809  .0051748  .0033815
T 2638  1 .1919182E+07   5000007E-02 -.7207E+02  .7584E+01   .9999904 -.0033654 -.0028113
T 2639  1 .1923436E+07   5000100E-02  .4169E+02 -.1429E+03   .9999964  .0026550 -.0003031
T 2640  1 .1930303E+07   5000081E-02  .1691E+03 -.2243E+03   .9998716  .0093883 -.0129852
T 2641  1 .1931563E+07   5000211E-02  .1369E+03  .1861E+03   .9999900  .0042397  .0014425
T 2642  1 .1910635E+07   5000058E-02 -.7673E+02 -.4021E+03   .9998027 -.0052657 -.0191503
T 2643  1 .1929828E+07   5000078E-02  .7044E+02  .4365E+02   .9999838  .0029927  .0048401
T 2644  1 .1929264E+07   5000194E-02 -.6630E+02 -.4176E+02   .9999873 -.0049512  .0009417
T 2645  1 .1924346E+07   5000208E-02  .5553E+02  .2847E+03   .9999202  .0083849  .0094467
T 2646  1 .1917606E+07   5000031E-02  .1105E+03 -.1482E+03   .9999754  .0048708 -.0050546
T 2647  1 .1918497E+07   5000193E-02 -.2044E+02  .9263E+02   .9999951  .0026494  .0016750
T 2648  1 .1914128E+07   5000110E-02 -.1655E+02  .2111E+03   .9999350  .0031479  .0109586
T 2649  1 .1919206E+07   5000038E-02  .7390E+02 -.3492E+03   .9998948  .0014438 -.0144349
T 2650  1 .1926042E+07   5000224E-02 -.3907E+02 -.1095E+03   .9999307 -.0007157 -.0117493
T 2651  1 .1931697E+07   5000153E-02 -.4848E+02  .6229E+01   .9999854 -.0053034  .0009963
T 2652  1 .1916957E+07   5000104E-02 -.1002E+03  .2436E+02   .9999675 -.0066541  .0045582
T 2653  1 .1923062E+07   5000140E-02 -.7576E+02  .1280E+03   .9999846 -.0007326  .0055017
T 2654  1 .1938066E+07   5000160E-02  .1889E+03 -.7212E+02   .9999534  .0093343 -.0024471
T 2655  1 .1924452E+07   5000187E-02 -.3681E+03 -.2184E+02   .9999311 -.0116501  .0014462
T 2656  1 .1919322E+07   5000221E-02  .1582E+03  .2089E+02   .9999530  .0096480 -.0009933
T 2657  1 .1922526E+07   5000076E-02 -.1307E+03  .9675E+02   .9999528 -.0055137  .0079970
T 2658  1 .1921364E+07   5000223E-02 -.8674E+01 -.5376E+02   .9999847 -.0045447 -.0031383
T 2659  1 .1919406E+07   5000136E-02 -.1025E+03 -.2386E+02   .9999987  .0011308 -.0011091
T 2660  1 .1922962E+07   5000026E-02  .6052E+02  .3407E+02   .9999999  .0000159 -.0001791
T 2661  1 .1925479E+07   5000210E-02 -.6781E+02 -.7717E+02   .9999706 -.0050166 -.0057960
T 2662  1 .1914566E+07   5000056E-02  .2669E+02  .1295E+02   .9999949  .0031696 -.0003590
T 2663  1 .1931457E+07   5000176E-02  .1822E+02  .3460E+02   .9999968  .0008907  .0023869
T 2664  1 .1917413E+07   5000145E-02 -.6437E+02 -.2617E+02   .9999998  .0005459  .0002840
T 2665  1 .1916853E+07   5000148E-02  .1762E+02  .9849E+02   .9999567 -.0004787  .0092979
T 2666  1 .1921585E+07   5000004E-02 -.2565E+02 -.3243E+02   .9999886 -.0042770 -.0021104
T 2667  1 .1928623E+07   5000104E-02 -.1244E+03  .5428E+02   .9999453 -.0103228  .0017009
T 2668  1 .1917236E+07   5000200E-02 -.4742E+02 -.1011E+03   .9999851  .0023418 -.0049380
T 2669  1 .1917260E+07   5000214E-02  .4711E+02 -.2922E+02   .9999711  .0028465 -.0070545
T 2670  1 .1927320E+07   5000032E-02  .4818E+02 -.1050E+03   .9999971  .0016122 -.0017694
T 2671  1 .1924460E+07   5000184E-02 -.4408E+02  .8755E+02   .9999800 -.0028387  .0056529
T 2672  1 .1910276E+07   5000148E-02 -.1440E+03 -.1042E+03   .9997271 -.0191029 -.0134430
T 2673  1 .1924242E+07   5000022E-02  .5253E+02 -.3682E+02   .9999874 -.0042846  .0026313
T 2674  1 .1923293E+07   5000110E-02 -.6738E+02  .9987E+02   .9999939 -.0006666  .0034369
T 2675  1 .1920579E+07   5000115E-02 -.1948E+03  .3558E+02   .9999633 -.0085309  .0007892
T 2676  1 .1926746E+07   5000010E-02  .2900E+02 -.2163E+02   .9999998 -.0003354  .0005391
T 2677  1 .1919057E+07   5000080E-02  .1503E+03 -.3541E+03   .9998531  .0056208 -.0161943
T 2678  1 .1928235E+07   5000144E-02 -.7366E+02  .5405E+01   .9999955 -.0021625  .0020704
T 2679  1 .1926568E+07   5000006E-02  .3021E+02 -.2032E+01   .9999991  .0003001  .0013263
T 2680  1 .1925605E+07   5000143E-02 -.1517E+02 -.6452E+02   .9999972 -.0021055 -.0010699
T 2681  1 .1928719E+07   5000012E-02  .3518E+02  .9350E+01   .9999994  .0010069 -.0005161
T 2682  1 .1926200E+07   5000080E-02  .9445E+02 -.1161E+03   .9999875 -.0018555 -.0046487
T 2683  1 .1926462E+07   5000143E-02 -.7676E+02 -.6123E+02   .9999867 -.0039176 -.0033448
T 2684  1 .1923049E+07   5000219E-02  .5700E+01 -.1208E+03   .9999483  .0056868 -.0084349
T 2685  1 .1912151E+07   5000199E-02 -.1986E+03 -.7439E+02   .9999606 -.0082562 -.0032526
T 2686  1 .1931922E+07   5000063E-02  .1060E+03  .6369E+02   .9999611  .0088095  .0003936
T 2687  1 .1917422E+07   5000172E-02 -.6569E+01 -.6763E+02   .9999900 -.0017096 -.0041341
T 2688  1 .1915949E+07   5000134E-02  .3098E+02 -.1010E+03   .9999943  .0029777 -.0015964
T 2689  1 .1926633E+07   5000205E-02  .1611E+02 -.3217E+01   .9999929  .0037191 -.0006394
T 2690  1 .1914819E+07   5000038E-02 -.2029E+03 -.8046E+01   .9999501 -.0090773 -.0041712
T 2691  1 .1917286E+07   5000124E-02 -.1725E+02  .4519E+02   .9999850 -.0001142  .0054685
T 2692  1 .1923174E+07   5000202E-02  .6340E+02 -.6650E+02   .9999566  .0086677 -.0034116
T 2693  1 .1917547E+07   5000168E-02 -.2616E+02  .1094E+03   .9999740 -.0063230  .0034638
T 2694  1 .1930398E+07   5000032E-02  .1597E+02 -.3745E+02   .9999890  .0017248 -.0043516
T 2695  1 .1933796E+07   5000195E-02 -.9039E+02  .1984E+02   .9999913 -.0041800 -.0000947
T 2696  1 .1924566E+07   5000159E-02 -.6177E+00 -.2261E+03   .9998958  .0009879 -.0144016
T 2697  1 .1923037E+07   5000030E-02  .2112E+02  .6859E+02   .9999909 -.0027512  .0032510
T 2698  1 .1922290E+07   5000190E-02 -.1634E+03  .7180E+02   .9999632 -.0079788  .0031440
T 2699  1 .1910764E+07   5000158E-02  .9142E+02 -.6905E+02   .9999909  .0042614 -.0001998
T 2700  1 .1922190E+07   5000077E-02 -.3592E+02 -.3922E+02   .9999971  .0005206 -.0023504
T 2701  1 .1917032E+07   5000068E-02 -.6938E+02  .3540E+03   .9999011 -.0021019  .0139078
T 2702  1 .1913332E+07   5000094E-02  .1489E+02 -.5706E+02   .9999744 -.0004341 -.0071443
T 2703  1 .1926240E+07   5000126E-02  .1429E+03  .1884E+02   .9999982 -.0015368  .0010847
T 2704  1 .1918206E+07   5000223E-02  .9725E+02  .4049E+01   .9999617  .0076908  .0041800
T 2705  1 .1930874E+07   5000218E-02 -.1469E+02 -.3200E+02   .9999919  .0017233 -.0036433
T 2706  1 .1931247E+07   5000223E-02  .1819E+03 -.5635E+02   .9999487  .0098807  .0022176
T 2707  1 .1917627E+07   5000019E-02  .2080E+03 -.2513E+03   .9998631  .0117803 -.0116158
T 2708  1 .1925334E+07   5000177E-02 -.3324E+02  .1896E+03   .9999365 -.0029018  .0108872
T 2709  1 .1928161E+07   5000026E-02  .2075E+03  .1396E+03   .9998603  .0144200  .0084530
T 2710  1 .1924879E+07   5000143E-02 -.3092E+02  .2577E+01   .9999956 -.0024037 -.0017103
T 2711  1 .1916566E+07   5000180E-02 -.1987E+03 -.1114E+03   .9999526 -.0095856 -.0016859
T 2712  1 .1922767E+07   5000166E-02  .4234E+02  .8874E+01   .9999940  .0034401 -.0004641
T 2713  1 .1928077E+07   5000165E-02  .5592E+02  .1927E+02   .9999715  .0036938  .0065804
T 2714  1 .1936739E+07   5000200E-02 -.4299E+03 -.6717E+02   .9999000 -.0120114 -.0074599
T 2715  1 .1912296E+07   5000009E-02 -.1867E+02 -.8667E+02   .9999710  .0069191 -.0031895
T 2716  1 .1916539E+07   5000148E-02  .1099E+03 -.7667E+02   .9998165  .0173222 -.0081783
T 2717  1 .1933520E+07   5000212E-02 -.2072E+03  .2167E+03   .9999297 -.0062243  .0100925
T 2718  1 .1916409E+07   5000072E-02  .2230E+03  .6416E+02   .9980332  .0295317 -.0552965
T 2719  1 .1932574E+07   5000048E-02  .7843E+02  .3306E+02   .9999520  .0097624  .0008592
T 2720  1 .1925494E+07   5000215E-02 -.8837E+02 -.9875E+01   .9999935 -.0013572  .0033271
T 2721  1 .1929770E+07   5000185E-02  .2388E+02  .9390E+01   .9999792  .0063577  .0010391
T 2722  1 .1933471E+07   5000059E-02  .4326E+02  .3594E+02   .9999967  .0002353  .0025777
T 2723  1 .1926995E+07   5000187E-02  .1721E+02 -.5618E+01   .9999986 -.0015387  .0006790
T 2724  1 .1927256E+07   5000080E-02  .1823E+02  .3264E+02   .9999976  .0017659  .0013117
T 2725  1 .1916677E+07   5000167E-02  .3184E+02 -.1474E+02   .9999947  .0032009 -.0006089
T 2726  1 .1918990E+07   5000213E-02  .7480E+02 -.1829E+03   .9999928  .0009209 -.0036836
T 2727  1 .1925938E+07   5000139E-02  .1004E+02 -.4386E+02   .9999950  .0012162 -.0029191
T 2728  1 .1916739E+07   5000014E-02 -.2079E+02 -.1831E+03   .9999710 -.0041377 -.0063860
T 2729  1 .1921177E+07   5000170E-02 -.2024E+03  .9307E+01   .9999600 -.0086105  .0024317
T 2730  1 .1919553E+07   5000184E-02  .2865E+03  .2860E+03   .9998806  .0077784  .0133507
T 2731  1 .1916728E+07   5000060E-02  .4166E+02 -.2887E+02   .9999840  .0055554 -.0010320
T 2732  1 .1924098E+07   5000102E-02  .5363E+01 -.1896E+02   .9999995 -.0006790 -.0007450
T 2733  1 .1921700E+07   5000001E-02 -.8438E+02 -.6167E+02   .9999876 -.0013673 -.0047908
T 2734  1 .1935560E+07   5000111E-02  .1226E+03 -.1213E+03   .9999737  .0068181 -.0024661
T 2735  1 .1922806E+07   5000175E-02  .2835E+02  .1486E+02   .9999957  .0028802 -.0006112
T 2736  1 .1922428E+07   5000067E-02  .2284E+02 -.1713E+02   .9999936 -.0033004  .0013531
T 2737  1 .1919681E+07   5000169E-02  .7084E+02 -.9514E+02   .9999764  .0013453 -.0067351
T 2738  1 .1915828E+07   5000199E-02  .9213E+01  .1021E+02   .9999953  .0004598 -.0030283
T 2739  1 .1928853E+07   5000199E-02  .8018E+01 -.4246E+02   .9999981  .0011016 -.0015938
T 2740  1 .1922349E+07   5000063E-02  .1478E+02 -.2108E+02   .9999977  .0002577 -.0021511
T 2741  1 .1917616E+07   5000110E-02  .4048E+02 -.4303E+02   .9999908  .0029094 -.0031517
T 2742  1 .1915552E+07   5000128E-02  .1861E+01 -.4307E+01   .9999966 -.0018505 -.0018557
T 2743  1 .1935610E+07   5000143E-02 -.1048E+02  .2172E+01   .9999947  .0032015  .0005108
T 2744  1 .1928065E+07   5000179E-02  .5509E+02  .7215E+02   .9999106  .0080775  .0106584
T 2745  1 .1927277E+07   5000124E-02 -.2490E+02 -.7762E+02   .9999945  .0022785 -.0024244
T 2746  1 .1925308E+07   5000173E-02 -.5017E+02  .1895E+02   .9999964  .0009671  .0025085
T 2747  1 .1932262E+07   5000146E-02 -.1170E+03 -.9630E+02   .9999699 -.0052186 -.0057396
T 2748  1 .1927639E+07   5000172E-02  .9590E+02 -.4882E+02   .9999840  .0010546 -.0055517
T 2749  1 .1924420E+07   5000217E-02  .3328E+01 -.1534E+03   .9999871  .0017323 -.0047780
T 2750  1 .1922890E+07   5000123E-02 -.4479E+02  .4812E+02   .9999888  .0041094  .0023468
T 2751  1 .1926709E+07   5000009E-02 -.4790E+02  .4708E+02   .9999921 -.0028535  .0027530
T 2752  1 .1925186E+07   5000143E-02  .1862E+01 -.3319E+02   .9999939  .0000796 -.0034979
T 2753  1 .1915311E+07   5000089E-02 -.3880E+03  .2737E+04   .9949043 -.0096912  .1003568
T 2754  1 .1921380E+07   5000141E-02  .4883E+02  .2370E+02   .9999813  .0046747  .0039372
T 2755  1 .1919937E+07   5000016E-02 -.9298E+02 -.2466E+02   .9999464 -.0077039 -.0069139
T 2756  1 .1927065E+07   5000008E-02  .1127E+03 -.2215E+03   .9998917  .0064220 -.0132421
T 2757  1 .1918036E+07   5000198E-02 -.1533E+03 -.6435E+02   .9999591 -.0080955 -.0040241
T 2758  1 .1919476E+07   5000175E-02 -.2468E+02 -.2720E+02   .9999974 -.0017370 -.0014825
T 2759  1 .1920805E+07   5000017E-02  .1148E+02 -.4973E+01   .9999991 -.0006585  .0011917
T 2760  1 .1928383E+07   5000080E-02  .1102E+03  .7849E+02   .9999873  .0025952  .0043148
T 2761  1 .1918622E+07   5000050E-02  .8889E+02  .5482E+02   .9999447  .0002643  .0105109
T 2762  1 .1932842E+07   5000049E-02 -.6633E+02  .2407E+02   .9999804 -.0053393 -.0032822
T 2763  1 .1926821E+07   5000182E-02 -.1053E+03  .4826E+02   .9999854 -.0048297  .0024137
T 2764  1 .1918260E+07   5000163E-02 -.9582E+02 -.5764E+02   .9999860 -.0051621 -.0011802
T 2765  1 .1920688E+07   5000175E-02  .9089E+02  .1194E+03   .9999878  .0024447  .0042850
T 2766  1 .1924436E+07   5000108E-02 -.3400E+03  .1730E+02   .9998654 -.0163458  .0014043
T 2767  1 .1921373E+07   5000016E-02 -.5633E+02 -.8102E+02   .9999840 -.0037942 -.0041955
T 2768  1 .1930351E+07   5000175E-02  .2485E+02  .1187E+01   .9999986  .0016236  .0004673
T 2769  1 .1916781E+07   5000057E-02 -.1029E+03  .5481E+02   .9999190 -.0066123  .0108745
T 2770  1 .1917502E+07   5000084E-02  .2977E+01  .3585E+01   .9999954  .0017002 -.0025165
T 2771  1 .1921757E+07   5000187E-02 -.5311E+02  .1217E+03   .9999700 -.0008930  .0077004
T 2772  1 .1920914E+07   5000127E-02 -.4730E+02 -.2923E+02   .9999990 -.0013264  .0004186
T 2773  1 .1915026E+07   5000139E-02 -.1336E+03 -.1009E+03   .9999661 -.0038636 -.0072758
T 2774  1 .1921332E+07   5000214E-02  .1578E+02  .1024E+03   .9999763  .0062640  .0028431
T 2775  1 .1937842E+07   5000021E-02  .1152E+02 -.5566E+02   .9999926  .0037929  .0005713
T 2776  1 .1924998E+07   5000095E-02 -.3292E+02  .2133E+01   .9999876  .0033613  .0036763
T 2777  1 .1917975E+07   5000186E-02 -.8974E+02 -.4090E+02   .9999798 -.0063113  .0007219
T 2778  1 .1912324E+07   5000193E-02 -.2102E+03  .2710E+01   .9999080 -.0133725 -.0022655
T 2779  1 .1928295E+07   5000175E-02  .2563E+03 -.1869E+03   .9999707  .0057135 -.0050983
T 2780  1 .1923740E+07   5000024E-02  .2761E+01  .2225E+02   .9999631 -.0010633  .0085303
T 2781  1 .1922375E+07   5000206E-02 -.1175E+03  .1533E+02   .9999992  .0007553  .0010357
T 2782  1 .1919390E+07   5000084E-02  .9614E+01  .1048E+02   .9999986 -.0000147  .0017011
T 2783  1 .1929517E+07   5000205E-02 -.8221E+01  .1216E+03   .9999869  .0006691  .0050813
T 2784  1 .1912357E+07   5000089E-02  .3152E+02  .1678E+03   .9999826  .0005469  .0058814
T 2785  1 .1921091E+07   5000138E-02 -.1211E+03 -.1516E+03   .9999803 -.0045471 -.0043182
T 2786  1 .1935240E+07   5000158E-02 -.6126E+02  .8464E+02   .9999961 -.0023134  .0015652
T 2787  1 .1909480E+07   5000173E-02  .3554E+02  .1562E+03   .9999864  .0031692  .0041465
T 2788  1 .1923946E+07   5000070E-02  .5525E+02  .4269E+03   .9999358  .0044686  .0104136
T 2789  1 .1924137E+07   5000176E-02 -.2277E+02 -.1031E+02   .9999996 -.0005362  .0007515
T 2790  1 .1913313E+07   5000065E-02 -.2039E+02  .1143E+03   .9999916 -.0019933  .0035897
T 2791  1 .1926850E+07   5000123E-02 -.6899E+03  .2178E+03   .9995870 -.0276207  .0079291
T 2792  1 .1919534E+07   5000068E-02 -.6713E+03 -.4014E+03   .9998209 -.0149297 -.0116325
T 2793  1 .1910377E+07   5000215E-02  .8236E+02 -.1203E+03   .9999682  .0037745 -.0070252
T 2794  1 .1921374E+07   5000035E-02  .1148E+03  .2883E+02   .9999698  .0076582  .0013010
T 2795  1 .1911912E+07   5000207E-02 -.1267E+03 -.8567E+02   .9999871 -.0030861 -.0040456
T 2796  1 .1916617E+07   5000071E-02 -.7085E+02  .1071E+02   .9999960 -.0027175 -.0007835
T 2797  1 .1925380E+07   5000200E-02 -.1014E+02 -.2610E+02   .9999986 -.0015721 -.0006494
T 2798  1 .1917871E+07   5000226E-02 -.3676E+02  .7221E+01   .9999802 -.0040138 -.0048424
T 2799  1 .1926065E+07   5000185E-02 -.1609E+02 -.4411E+02   .9999990  .0009940  .0009934
T 2800  1 .1910859E+07   5000010E-02  .4155E+02 -.1878E+02   .9999691  .0045089 -.0064328
T 2801  1 .1920396E+07   5000127E-02 -.1137E+03  .2756E+03   .9998056 -.0143563  .0135188
T 2802  1 .1920966E+07   5000025E-02 -.9228E+01 -.2014E+03   .9999384 -.0045769 -.0101159
T 2803  1 .1925207E+07   5000123E-02  .4501E+02 -.6774E+02   .9999097  .0133344  .0016953
T 2804  1 .1911952E+07   5000091E-02  .3896E+02  .7646E+02   .9999955  .0018777 -.0023239
T 2805  1 .1903044E+07   5000049E-02 -.2646E+03  .4554E+02   .9999477 -.0095876  .0035649
T 2806  1 .1914721E+07   5000169E-02 -.1610E+02  .3657E+02   .9999989  .0000807  .0014842
T 2807  1 .1924936E+07   5000054E-02  .8687E+02  .7851E+02   .9999466 -.0033489  .0097785
T 2808  1 .1914543E+07   5000054E-02 -.1608E+02  .4137E+02   .9999739  .0047139  .0054785
T 2809  1 .1929507E+07   5000205E-02  .1384E+03 -.5206E+02   .9999819  .0047595 -.0036872
T 2810  1 .1923594E+07   5000174E-02  .2279E+02  .1785E+02   .9999846 -.0037340  .0040942
T 2811  1 .1940335E+07   5000209E-02  .1713E+02  .2305E+02   .9999854 -.0052703 -.0011630
T 2812  1 .1921169E+07   5000162E-02 -.8618E+02  .1302E+03   .9999884 -.0009757  .0047238
T 2813  1 .1922467E+07   5000101E-02 -.1180E+02 -.2770E+02   .9999928 -.0010398  .0036624
T 2814  1 .1920312E+07   5000200E-02  .1298E+02  .1473E+03   .9999692  .0020042  .0075916
T 2815  1 .1920870E+07   5000054E-02  .1853E+02 -.1493E+02   .9999998 -.0000645  .0006780
T 2816  1 .1918156E+07   5000183E-02  .1342E+03  .2138E+02   .9999391  .0102749  .0040395
T 2817  1 .1923472E+07   5000021E-02  .1995E+01 -.3875E+01   .9999975  .0005680  .0021590
T 2818  1 .1914818E+07   5000071E-02  .5509E+02 -.4747E+01   .9999831  .0056890 -.0012117
T 2819  1 .1918515E+07   5000190E-02 -.6896E+01  .1827E+03   .9999964  .0026209 -.0005233
T 2820  1 .1936301E+07   5000021E-02 -.6786E+01 -.4788E+02   .9999625 -.0061291 -.0061156
T 2821  1 .1918319E+07   5000056E-02  .5033E+02 -.4885E+02   .9999900  .0020694 -.0039634
T 2822  1 .1925349E+07   5000017E-02 -.9463E+02 -.1190E+02   .9999536 -.0087960 -.0039334
T 2823  1 .1931737E+07   5000060E-02  .5773E+02  .1352E+03   .9999909  .0002007  .0042633
T 2824  1 .1931850E+07   5000218E-02 -.5026E+02 -.8382E+02   .9999936 -.0031355 -.0017259
T 2825  1 .1936847E+07   5000205E-02  .1684E+02  .2066E+02   .9999912 -.0038197  .0017573
T 2826  1 .1914123E+07   5000187E-02 -.5160E+02  .6861E+01   .9999898 -.0036185  .0026870
T 2827  1 .1921010E+07   5000194E-02  .1703E+02 -.8158E+02   .9999935  .0005563 -.0035608
T 2828  1 .1918719E+07   5000161E-02 -.3483E+02 -.9144E+02   .9999931  .0013253 -.0034812
T 2829  1 .1923006E+07   5000019E-02  .5153E+02  .1874E+02   .9999980 -.0009452  .0017399
T 2830  1 .1923264E+07   5000143E-02 -.7893E+02  .4277E+01   .9999700 -.0069208 -.0034673
T 2831  1 .1910567E+07   5000048E-02  .8313E+02 -.3751E+03   .9999353  .0003063 -.0113704
T 2832  1 .1925606E+07   5000165E-02  .6374E+02 -.1461E+02   .9999987  .0012433  .0010580
T 2833  1 .1913948E+07   5000022E-02  .1276E+02  .1802E+02   .9999963 -.0006523 -.0026308
T 2834  1 .1925681E+07   5000165E-02 -.1517E+02 -.4980E+02   .9999968 -.0025305 -.0002184
T 2835  1 .1919111E+07   5000152E-02 -.1120E+03  .3309E+02   .9999799 -.0047097  .0042404
T 2836  1 .1930517E+07   5000215E-02  .1296E+03  .1976E+03   .9999729  .0036808  .0063774
T 2837  1 .1926065E+07   5000175E-02  .3903E+02  .9119E+02   .9999790 -.0051846  .0038804
T 2838  1 .1929124E+07   5000088E-02  .5010E+02  .4417E+02   .9999961  .0024336  .0014001
T 2839  1 .1927267E+07   5000189E-02 -.2766E+02  .6998E+02   .9999272 -.0044861  .0112021
T 2840  1 .1923762E+07   5000009E-02 -.2110E+03  .1117E+03   .9997049 -.0232285  .0071052
T 2841  1 .1929084E+07   5000226E-02 -.3126E+02 -.9008E+02   .9999957  .0004740 -.0028918
T 2842  1 .1920428E+07   5000044E-02 -.3462E+02 -.5888E+02   .9999875  .0003647 -.0049825
T 2843  1 .1932650E+07   5000008E-02  .1177E+03 -.6855E+02   .9999708  .0061674 -.0045142
T 2844  1 .1916659E+07   5000211E-02  .6115E+02  .1194E+03   .9999755  .0019367  .0067203
T 2845  1 .1912086E+07   5000114E-02 -.1825E+02  .2076E+03   .9999812 -.0022233  .0057144
T 2846  1 .1935594E+07   5000219E-02  .2609E+02  .5550E+02   .9999670  .0038923  .0071340
T 2847  1 .1923446E+07   5000169E-02 -.1643E+03 -.2359E+03   .9999474 -.0047673 -.0090849
T 2848  1 .1924365E+07   5000006E-02 -.9539E+01 -.2193E+02   .9999950 -.0008016 -.0030665
T 2849  1 .1921942E+07   5000086E-02 -.9395E+02 -.2720E+02   .9999869 -.0049829  .0011280
T 2850  1 .1915941E+07   5000218E-02  .4811E+02 -.4095E+02   .9999975  .0014906 -.0016588
T 2851  1 .1916240E+07   5000060E-02  .5028E+02 -.9008E+01   .9999961  .0023748  .0014445
T 2852  1 .1918580E+07   5000209E-02 -.1852E+01  .1005E+03   .9999880 -.0000453  .0048986
T 2853  1 .1913433E+07   5000021E-02 -.1906E+02  .5504E+02   .9999936 -.0005645  .0035338
T 2854  1 .1922218E+07   5000166E-02 -.9516E+02 -.3560E+02   .9999949 -.0005672 -.0031476
T 2855  1 .1917943E+07   5000005E-02  .1262E+03 -.1901E+03   .9999720  .0029804 -.0068697
T 2856  1 .1916908E+07   5000137E-02 -.3101E+01 -.3326E+02   .9999537 -.0005987 -.0096089
T 2857  1 .1921769E+07   5000180E-02 -.5509E+02  .8558E+02   .9999966  .0015015  .0021377
T 2858  1 .1929875E+07   5000114E-02 -.1849E+03  .5802E+03   .9998064 -.0094252  .0172727
T 2859  1 .1936141E+07   5000076E-02  .5485E+02 -.3221E+02   .9999902  .0038197 -.0022439
T 2860  1 .1935553E+07   5000021E-02 -.1692E+02  .1930E+02   .9999759  .0012529  .0068267
T 2861  1 .1912154E+07   5000070E-02  .5692E+01 -.2358E+02   .9999929 -.0006338 -.0037114
T 2862  1 .1912958E+07   5000079E-02  .1346E+02  .2030E+02   .9999969  .0024501  .0004172
T 2863  1 .1936634E+07   5000187E-02  .5060E+02  .4315E+01   .9999829  .0058425  .0000350
T 2864  1 .1920378E+07   5000002E-02  .6821E+02 -.5115E+02   .9999838  .0056851 -.0000121
T 2865  1 .1920992E+07   5000160E-02  .7152E+03  .3204E+03   .9997095  .0207030  .0123377
T 2866  1 .1915327E+07   5000191E-02  .2672E+02  .1070E+03   .9999956 -.0003353  .0029386
T 2867  1 .1916336E+07   5000196E-02 -.1610E+03  .1939E+03   .9999525 -.0030373  .0092564
T 2868  1 .1917925E+07   5000162E-02 -.1699E+02 -.1026E+02   .9999887 -.0042975  .0020427
T 2869  1 .1927703E+07   5000116E-02  .2066E+03 -.1280E+03   .9999007  .0073795 -.0120035
T 2870  1 .1924467E+07   5000123E-02 -.6037E+02 -.1272E+02   .9999694 -.0076448  .0016424
T 2871  1 .1930000E+07   5000053E-02 -.6366E+02  .2271E+03   .9999417 -.0018548  .0106343
T 2872  1 .1925268E+07   5000181E-02  .9966E+02 -.1061E+03   .9999776  .0016724 -.0064839
T 2873  1 .1922253E+07   5000149E-02  .2723E+02  .1345E+03   .9999399  .0041374  .0101555
T 2874  1 .1910982E+07   5000116E-02 -.6801E+02 -.1851E+02   .9999924 -.0037189  .0011634
T 2875  1 .1915483E+07   5000144E-02 -.7855E+02  .1166E+03   .9999824 -.0029116  .0051650
T 2876  1 .1920136E+07   5000100E-02  .8373E+00  .1282E+02   .9999947 -.0030611 -.0011080
T 2877  1 .1913925E+07   5000220E-02  .1534E+03 -.1042E+03   .9999362  .0094457 -.0061991
T 2878  1 .1914972E+07   5000043E-02  .1712E+03 -.7337E+02   .9999141  .0119616 -.0053511
T 2879  1 .1924993E+07   5000177E-02 -.1302E+02  .4352E+02   .9999958 -.0020169 -.0020814
T 2880  1 .1918451E+07   5000172E-02  .1631E+03  .9546E+02   .9999670  .0052016  .0062413
T 2881  1 .1920079E+07   5000114E-02  .1148E+03  .3833E+02   .9999840  .0052438  .0021101
T 2882  1 .1922958E+07   5000226E-02  .6729E+02  .3115E+02   .9999967  .0012336 -.0022345
T 2883  1 .1930630E+07   5000159E-02  .7632E+01 -.9759E+01   .9999998 -.0002717 -.0004765
T 2884  1 .1925004E+07   5000023E-02  .2150E+02  .3575E+02   .9999953  .0022607  .0020818
T 2885  1 .1928200E+07   5000100E-02  .2449E+02  .6292E+02   .9999840  .0028927  .0048705
T 2886  1 .1937238E+07   5000211E-02 -.6867E+01  .6304E+02   .9999999  .0002624 -.0004238
T 2887  1 .1922218E+07   5000064E-02 -.9133E+02  .8442E+02   .9999773 -.0051524  .0043446
T 2888  1 .1917047E+07   5000186E-02  .4888E+02  .3923E+00   .9999898  .0045097  .0000699
T 2889  1 .1923848E+07   5000137E-02  .6794E+02 -.1651E+03   .9999778  .0017697 -.0064275
T 2890  1 .1924318E+07   5000020E-02  .5242E+02 -.1421E+03   .9999980 -.0009966 -.0017064
T 2891  1 .1920877E+07   5000001E-02  .4548E+02  .1584E+03   .9999887  .0032324  .0034725
T 2892  1 .1918728E+07   5000197E-02  .2834E+02 -.1627E+03   .9999426 -.0036614 -.0100734
T 2893  1 .1923159E+07   5000082E-02  .1649E+02 -.1412E+03   .9999815 -.0017337 -.0058362
T 2894  1 .1926176E+07   5000012E-02  .8411E+02  .6179E+02   .9997551  .0138477  .0172620
T 2895  1 .1931758E+07   5000133E-02  .3716E+02 -.7919E+02   .9999846 -.0021925 -.0050944
T 2896  1 .1932904E+07   5000096E-02  .2270E+03  .1024E+03   .9999698  .0077651  .0000916
T 2897  1 .1923503E+07   5000145E-02 -.3476E+02  .1287E+03   .9998975  .0102621  .0099850
T 2898  1 .1910777E+07   5000124E-02  .2038E+03  .3694E+02   .9999100  .0001597  .0134188
T 2899  1 .1933355E+07   5000032E-02 -.2453E+02  .5065E+02   .9999972 -.0021276  .0010536
T 2900  1 .1932794E+07   5000031E-02  .2835E+01 -.6574E+01   .9999996 -.0003557 -.0007959
T 2901  1 .1924650E+07   5000200E-02  .7939E+02  .8528E+02   .9999829  .0055290  .0019018
T 2902  1 .1919725E+07   5000091E-02 -.1424E+03  .2413E+03   .9999733 -.0029683  .0066778
T 2903  1 .1927873E+07   5000088E-02  .1781E+02  .9233E+02   .9999804  .0016003  .0060592
T 2904  1 .1911183E+07   5000177E-02 -.2506E+03 -.1378E+03   .9998936 -.0119543 -.0083597
T 2905  1 .1918834E+07   5000124E-02 -.1263E+03 -.1310E+03   .9999926 -.0028867 -.0025393
T 2906  1 .1928543E+07   5000083E-02  .5691E+02  .3418E+02   .9999751  .0057534  .0040785
T 2907  1 .1932260E+07   5000164E-02  .1064E+03  .2704E+02   .9999807  .0058530  .0020932
T 2908  1 .1917739E+07   5000160E-02 -.2510E+03 -.5172E+02   .9998102 -.0188991 -.0047275
T 2909  1 .1918619E+07   5000166E-02  .3630E+02  .6087E+01   .9999977  .0021036  .0004951
T 2910  1 .1936861E+07   5000082E-02  .1187E+03 -.1812E+02   .9999959  .0028584  .0000833
T 2911  1 .1923615E+07   5000079E-02 -.5777E+02  .8671E+02   .9999922 -.0029208  .0026672
T 2912  1 .1917689E+07   5000003E-02 -.1519E+03 -.1931E+03   .9999432 -.0064849 -.0084574
T 2913  1 .1921954E+07   5000103E-02  .1730E+03  .8284E+02   .9999622  .0053143  .0068766
T 2914  1 .1921993E+07   5000196E-02  .6376E+02  .1118E+03   .9999702  .0032703  .0069978
T 2915  1 .1917391E+07   5000156E-02 -.2852E+02 -.9889E+02   .9999056  .0040387  .0131298
T 2916  1 .1925572E+07   5000042E-02 -.3706E+02 -.9064E+02   .9999852 -.0002575 -.0054279
T 2917  1 .1912608E+07   5000191E-02 -.1085E+03  .4620E+02   .9999778 -.0058760  .0031408
T 2918  1 .1916954E+07   5000208E-02  .1074E+03 -.4617E+02   .9999960  .0025651 -.0012115
T 2919  1 .1933276E+07   5000070E-02  .2166E+02 -.3299E+03   .9998859  .0015259 -.0150264
T 2920  1 .1935396E+07   5000129E-02 -.4811E+02 -.6453E+02   .9999928 -.0021378 -.0031304
T 2921  1 .1924013E+07   5000036E-02  .3216E+03 -.5957E+03   .9997428  .0124795 -.0189370
T 2922  1 .1916377E+07   5000085E-02 -.1323E+03  .6425E+02   .9999716 -.0075181  .0004538
T 2923  1 .1920247E+07   5000162E-02  .2987E+02 -.2900E+02   .9999920  .0018272 -.0035717
T 2924  1 .1929475E+07   5000112E-02 -.1485E+02 -.5839E+02   .9999999  .0000845 -.0003281
T 2925  1 .1924386E+07   5000202E-02 -.3486E+02  .1313E+03   .9999162  .0003447  .0129426
T 2926  1 .1930354E+07   5000007E-02 -.2163E+03  .6722E+02   .9999311 -.0084197  .0081773
T 2927  1 .1912350E+07   5000137E-02  .4107E+02 -.1449E+03   .9999696  .0056508 -.0053800
T 2928  1 .1923424E+07   5000044E-02 -.4798E+02  .3741E+01   .9999869 -.0051068  .0002649
T 2929  1 .1923007E+07   5000179E-02 -.1317E+02  .7703E+02   .9999706 -.0038393  .0066407
T 2930  1 .1919041E+07   5000223E-02  .9872E+02  .5172E+02   .9999649 -.0002512  .0083739
T 2931  1 .1925311E+07   5000223E-02  .3740E+02 -.5200E+01   .9999949  .0030494  .0009610
T 2932  1 .1918356E+07   5000190E-02  .4001E+02 -.5498E+02   .9999961  .0012377 -.0025224
T 2933  1 .1927825E+07   5000204E-02  .6675E+02  .1055E+03   .9999760  .0003968  .0069162
T 2934  1 .1922607E+07   5000162E-02 -.1744E+03 -.1661E+03   .9997581 -.0178532 -.0128419
T 2935  1 .1922458E+07   5000115E-02  .7682E+02  .1139E+03   .9999472  .0059369  .0083899
T 2936  1 .1934379E+07   5000033E-02 -.1068E+02 -.2818E+02   .9999894  .0042973 -.0016232
T 2937  1 .1927975E+07   5000032E-02  .1478E+03  .5293E+02   .9999281  .0119596 -.0008736
T 2938  1 .1928491E+07   5000209E-02  .2205E+02  .9216E+01   .9999994  .0001884  .0011009
T 2939  1 .1934320E+07   5000148E-02 -.1381E+02  .1891E+02   .9999998  .0003357  .0005643
T 2940  1 .1912484E+07   5000193E-02 -.2536E+02 -.1144E+03   .9999957 -.0021467 -.0020043
T 2941  1 .1914306E+07   5000177E-02  .1648E+03 -.1218E+03   .9999774  .0065900 -.0013137
T 2942  1 .1930990E+07   5000208E-02 -.7799E+02 -.6977E+02   .9999986 -.0007196 -.0014820
T 2943  1 .1910938E+07   5000054E-02  .8327E+02 -.2159E+02   .9999476  .0098113  .0029100
T 2944  1 .1915885E+07   5000222E-02 -.3834E+02 -.5497E+03   .9997787 -.0053432 -.0203472
T 2945  1 .1918490E+07   5000216E-02  .5591E+02  .3230E+02   .9999976  .0015553  .0015277
T 2946  1 .1919905E+07   5000116E-02  .3151E+02  .9323E+02   .9999887  .0018219  .0043844
T 2947  1 .1918276E+07   5000108E-02 -.1245E+03  .2264E+02   .9999739 -.0072139  .0002529
T 2948  1 .1915802E+07   5000189E-02  .2369E+02  .1712E+03   .9999852 -.0043959  .0031937
T 2949  1 .1927630E+07   5000183E-02  .2231E+03 -.4496E+03   .9999842 -.0039279 -.0040172
T 2950  1 .1922677E+07   5000087E-02  .3597E+00  .2542E+02   .9998175  .0015452 -.0190420
T 2951  1 .1930131E+07   5000136E-02  .1487E+03 -.1324E+03   .9997512  .0169866 -.0144562
T 2952  1 .1917700E+07   5000198E-02 -.1869E+02  .2428E+03   .9999887 -.0035141  .0032164
T 2953  1 .1924256E+07   5000072E-02  .3402E+02 -.7303E+01   .9999885  .0046610  .0011598
T 2954  1 .1920294E+07   5000170E-02  .6753E+02  .2098E+03   .9999770  .0050817  .0044814
T 2955  1 .1926567E+07   5000129E-02  .2785E+01 -.6983E+02   .9999714  .0025958 -.0071038
T 2956  1 .1924625E+07   5000193E-02 -.1175E+03 -.2852E+02   .9999936 -.0035771  .0002399
T 2957  1 .1927378E+07   5000019E-02  .1751E+03  .7350E+02   .9999457  .0079010  .0067947
T 2958  1 .1914527E+07   5000117E-02  .1287E+03 -.1760E+03   .9999897  .0028306 -.0035432
T 2959  1 .1926825E+07   5000058E-02 -.2777E+02 -.9373E+02   .9999976 -.0014228 -.0016403
T 2960  1 .1908877E+07   5000146E-02 -.1420E+03 -.2600E+03   .9999707 -.0037903 -.0066548
T 2961  1 .1924008E+07   5000027E-02 -.8135E+02 -.3301E+02   .9999979 -.0012439  .0016549
T 2962  1 .1933330E+07   5000227E-02  .5143E+02 -.7120E+02   .9999922  .0015390  .0036374
T 2963  1 .1913868E+07   5000219E-02  .1079E+03  .6423E+02   .9999932  .0036629 -.0004383
T 2964  1 .1920124E+07   5000201E-02  .1150E+02  .1010E+01   .9999973  .0003524  .0022781
T 2965  1 .1933530E+07   5000111E-02  .4756E+02 -.5673E+01   .9999845  .0051090 -.0021993
T 2966  1 .1921022E+07   5000196E-02  .3340E+03 -.2720E+03   .9965748  .0683938 -.0464866
T 2967  1 .1920041E+07   5000087E-02  .3813E+02 -.8313E+00   .9999810  .0041184  .0045835
T 2968  1 .1919837E+07   5000029E-02  .4911E+02 -.1488E+02   .9999695  .0078041  .0002139
T 2969  1 .1932854E+07   5000140E-02 -.4231E+03  .2841E+03   .9998252 -.0156337  .0102592
T 2970  1 .1918237E+07   5000033E-02  .2130E+03 -.2189E+03   .9999809  .0051378 -.0034457
T 2971  1 .1909397E+07   5000141E-02  .2770E+02 -.8477E+01   .9999930  .0006799 -.0036735
T 2972  1 .1919447E+07   5000115E-02 -.5151E+02  .1357E+01   .9999934 -.0036374  .0000041
T 2973  1 .1917443E+07   5000107E-02  .6758E+02  .7041E+02   .9999941  .0032041  .0012296
T 2974  1 .1923286E+07   5000143E-02 -.1301E+03 -.2634E+02   .9999707 -.0076271 -.0006043
T 2975  1 .1918763E+07   5000198E-02  .2056E+03  .2765E+00   .9999515  .0098096  .0008476
T 2976  1 .1926206E+07   5000211E-02  .8510E+02 -.2962E+02   .9999921  .0037092 -.0013988
T 2977  1 .1911858E+07   5000174E-02 -.9455E+01 -.1862E+03   .9999582 -.0020445 -.0089138
T 2978  1 .1917057E+07   5000139E-02 -.2030E+03  .2542E+03   .9997324 -.0141761  .0182828
T 2979  1 .1914116E+07   5000006E-02 -.2547E+02 -.6575E+01   .9999973 -.0016645 -.0016342
T 2980  1 .1932648E+07   5000093E-02  .7145E+02  .8133E+02   .9999935 -.0005691  .0035664
T 2981  1 .1916816E+07   5000208E-02 -.1824E+03  .5237E+03   .9985143 -.0220560  .0498260
T 2982  1 .1920975E+07   5000014E-02 -.1555E+02  .7677E+02   .9999901  .0001002  .0044578
T 2983  1 .1930145E+07   5000193E-02 -.2467E+02 -.1957E+02   .9999934 -.0032043 -.0017121
T 2984  1 .1923782E+07   5000095E-02  .1482E+02  .1182E+02   .9998543  .0154244  .0073101
T 2985  1 .1928425E+07   5000058E-02 -.1812E+02 -.2479E+02   .9999990  .0004251  .0013682
T 2986  1 .1927390E+07   5000127E-02 -.7180E+02  .1498E+02   .9999060 -.0122069  .0062368
T 2987  1 .1929960E+07   5000206E-02 -.2773E+03  .2115E+03   .9998915 -.0092484  .0114646
T 2988  1 .1932446E+07   5000022E-02 -.2310E+02  .1973E+02   .9999969 -.0015752  .0019042
T 2989  1 .1924594E+07   5000112E-02  .7321E+02  .2616E+02   .9999681  .0078274  .0015663
T 2990  1 .1923798E+07   5000023E-02  .4862E+02  .9379E+02   .9999894  .0021827  .0040554
T 2991  1 .1940043E+07   5000003E-02 -.4644E+02  .1883E+03   .9999831 -.0029622  .0050015
T 2992  1 .1927962E+07   5000164E-02  .8504E+02  .1095E+03   .9999588  .0019813  .0088564
T 2993  1 .1928071E+07   5000165E-02 -.1502E+03  .1205E+02   .9999619 -.0084940 -.0019921
T 2994  1 .1923708E+07   5000222E-02 -.5309E+02 -.1424E+03   .9999713 -.0055935 -.0051029
T 2995  1 .1914325E+07   5000102E-02 -.1025E+03  .1819E+01   .9999883 -.0044460  .0019148
T 2996  1 .1915817E+07   5000137E-02  .1186E+03 -.3847E+02   .9999473  .0101149 -.0017784
T 2997  1 .1923541E+07   5000210E-02  .4861E+02  .2882E+02   .9999967  .0021029  .0014591
T 2998  1 .1922641E+07   5000194E-02 -.4454E+02  .6353E+00   .9999942 -.0025996  .0022067
T 2999  1 .1930332E+07   5000099E-02 -.6480E+02 -.3255E+01   .9999668 -.0080830 -.0009983
T 3000  1 .1934533E+07   5000056E-02  .5957E+01 -.5725E+02   .9999971  .0003106 -.0023907
T 3001  1 .1918294E+07   5000221E-02 -.3156E+02  .5688E+02   .9999872 -.0013342  .0048856
T 3002  1 .1927999E+07   5000094E-02  .9224E+02 -.9542E+02   .9999874  .0039233 -.0031245
T 3003  1 .1925852E+07   5000083E-02  .3090E+03 -.2778E+03   .9997604  .0171856 -.0135571
T 3004  1 .1917549E+07   5000074E-02  .1370E+03  .3308E+02   .9999916  .0039658 -.0010371
T 3005  1 .1927967E+07   5000074E-02 -.3706E+01  .2029E+02   .9999937 -.0018912  .0030126
T 3006  1 .1926554E+07   5000187E-02 -.1745E+02  .1674E+02   .9999981 -.0007022  .0018014
T 3007  1 .1920336E+07   5000155E-02  .7062E+01 -.2289E+02   .9999963 -.0001401 -.0027182
T 3008  1 .1924436E+07   5000203E-02  .1977E+02 -.5751E+01   .9999995  .0007400 -.0007400
T 3009  1 .1922120E+07   5000164E-02  .4320E+03  .1715E+03   .9997963  .0192459  .0060864
T 3010  1 .1926905E+07   5000211E-02  .2110E+03  .5685E+03   .9998180  .0052291  .0183487
T 3011  1 .1920931E+07   5000171E-02 -.3095E+01 -.6383E+02   .9999902  .0029579 -.0032873
T 3012  1 .1919521E+07   5000199E-02  .1656E+02 -.1711E+02   .9999970  .0005546 -.0023745
T 3013  1 .1924501E+07   5000156E-02 -.8036E-01 -.1454E+02   .9999979  .0019191 -.0007555
T 3014  1 .1921811E+07   5000210E-02  .9337E+02 -.1287E+03   .9999445  .0077030 -.0071816
T 3015  1 .1939938E+07   5000224E-02  .1022E+03  .1757E+03   .9999631  .0035864  .0078013
T 3016  1 .1928133E+07   5000109E-02  .4036E+02 -.4238E+02   .9999818  .0053685 -.0027591
T 3017  1 .1910580E+07   5000000E-02 -.6955E+01  .5568E+02   .9999398  .0029126  .0105814
T 3018  1 .1922371E+07   5000068E-02  .2703E+03  .4226E+03   .9999517  .0056096  .0080683
T 3019  1 .1921974E+07   5000112E-02 -.7416E+01  .5144E+02   .9999962 -.0008149  .0026264
T 3020  1 .1925284E+07   5000190E-02  .5968E+02 -.3333E+02   .9999826  .0050686 -.0030202
T 3021  1 .1911631E+07   5000170E-02  .1025E+03  .1873E+03   .9998907  .0077984  .0125639
T 3022  1 .1913098E+07   5000173E-02 -.2444E+03  .5669E+02   .9999528 -.0097107  .0002984
T 3023  1 .1923004E+07   5000110E-02  .1148E+03  .1107E+03   .9999826  .0027988  .0051944
T 3024  1 .1928466E+07   5000221E-02 -.3691E+02  .5381E+01   .9999974 -.0004500 -.0022341
T 3025  1 .1932590E+07   5000050E-02 -.6149E+02 -.4208E+02   .9999948  .0002100 -.0032334
T 3026  1 .1930119E+07   5000224E-02  .9339E+02 -.1142E+03   .9999740  .0010084 -.0071379
T 3027  1 .1928867E+07   5000096E-02  .4126E+03 -.2359E+03   .9998556  .0161766 -.0052103
T 3028  1 .1922341E+07   5000118E-02  .4878E+02  .7771E+02   .9999774  .0040879  .0053444
T 3029  1 .1927277E+07   5000071E-02  .3088E+03 -.1898E+03   .9998897  .0143911 -.0036707
T 3030  1 .1930968E+07   5000125E-02 -.6256E+02  .9833E+02   .9999886 -.0030538  .0036719
T 3031  1 .1929535E+07   5000147E-02 -.3897E+02 -.3109E+02   .9999971 -.0023625  .0003657
T 3032  1 .1922092E+07   5000163E-02 -.1498E+02 -.2390E+01   .9999999  .0001943 -.0004713
T 3033  1 .1918714E+07   5000211E-02 -.2561E+00  .1778E+02   .9999845  .0026058 -.0049247
T 3034  1 .1919732E+07   5000107E-02 -.1960E+03 -.1584E+03   .9999924 -.0038604  .0004835
T 3035  1 .1926480E+07   5000221E-02  .1550E+02 -.2798E+02   .9999887 -.0004768 -.0047280
T 3036  1 .1915891E+07   5000194E-02 -.3019E+02 -.1932E+02   .9999983  .0012689  .0013602
T 3037  1 .1922795E+07   5000127E-02 -.5914E+02 -.1116E+03   .9999187 -.0071779 -.0105397
T 3038  1 .1917834E+07   5000179E-02 -.3529E+02  .1493E+02   .9999982 -.0018708  .0002023
T 3039  1 .1929058E+07   5000104E-02 -.4109E+01  .1251E+03   .9999923  .0020290  .0033720
T 3040  1 .1926233E+07   5000204E-02 -.4969E+02  .2383E+03   .9999590 -.0028555  .0085910
T 3041  1 .1921476E+07   5000002E-02  .4754E+01 -.6979E+02   .9999892  .0002871 -.0046323
T 3042  1 .1912176E+07   5000161E-02 -.1066E+03  .1373E+02   .9999923 -.0037291 -.0012186
T 3043  1 .1924854E+07   5000066E-02  .2887E+02 -.1717E+02   .9999892  .0045832 -.0007076
T 3044  1 .1918109E+07   5000120E-02  .5651E+02 -.2326E+02   .9999804  .0047789 -.0040510
T 3045  1 .1916230E+07   5000179E-02 -.4595E+02 -.2104E+02   .9999992 -.0012568  .0002681
T 3046  1 .1929355E+07   5000155E-02  .5048E+02  .3610E+03   .9998761  .0004355  .0157379
T 3047  1 .1915298E+07   5000172E-02 -.5653E+02  .1701E+02   .9999688 -.0078833  .0005819
T 3048  1 .1914088E+07   5000201E-02  .6417E+02  .1095E+03   .9999890  .0022251  .0041229
T 3049  1 .1917430E+07   5000008E-02  .2672E+02 -.1930E+02   .9999991  .0010622 -.0008401
T 3050  1 .1935967E+07   5000078E-02 -.2688E+01  .9271E+02   .9999931 -.0026751  .0025926
T 3051  1 .1920368E+07   5000122E-02 -.2479E+02 -.2635E+01   .9999744 -.0044539 -.0055981
T 3052  1 .1920170E+07   5000032E-02 -.4483E+02  .8905E+02   .9999934 -.0022913  .0028193
T 3053  1 .1929157E+07   5000123E-02 -.7458E+02 -.7422E+02   .9999957 -.0027903 -.0008681
T 3054  1 .1925741E+07   5000193E-02  .2927E+02  .3201E+02   .9999784  .0065577  .0004949
T 3055  1 .1918926E+07   5000017E-02 -.5919E+02  .5629E+02   .9999713  .0026742  .0070817
T 3056  1 .1920950E+07   5000146E-02  .6364E+02 -.8116E+02   .9999931  .0022478 -.0029488
T 3057  1 .1919378E+07   5000169E-02 -.1813E+03  .1993E+03   .9999676 -.0068963  .0041498
T 3058  1 .1927352E+07   5000128E-02  .2984E+02  .8184E+02   .9999442  .0105140  .0010701
T 3059  1 .1923515E+07   5000203E-02  .2014E+03  .8713E+02   .9999523  .0087357  .0043604
T 3060  1 .1912852E+07   5000200E-02 -.1221E+03 -.7088E+02   .9999989  .0014542 -.0000653
T 3061  1 .1935938E+07   5000076E-02  .1755E+03  .1791E+03   .9999039  .0085447  .0109183
T 3062  1 .1920923E+07   5000000E-02  .1378E+02 -.3589E+02   .9999995 -.0006432 -.0007505
T 3063  1 .1927688E+07   5000067E-02 -.1321E+03  .5047E+03   .9997427 -.0062626  .0218038
T 3064  1 .1914231E+07   5000145E-02  .4987E+01  .7963E+02   .9999856  .0014533  .0051610
T 3065  1 .1913033E+07   5000183E-02  .5017E+01  .9050E+01   .9999995  .0010134  .0001927
T 3066  1 .1928457E+07   5000122E-02  .9593E+02  .1102E+03   .9999113  .0079206  .0107040
T 3067  1 .1935816E+07   5000127E-02 -.3414E+03 -.1861E+03   .9999678 -.0069356 -.0040263
T 3068  1 .1927887E+07   5000161E-02  .2999E+02  .2869E+02   .9999998 -.0005370  .0002504
T 3069  1 .1932618E+07   5000017E-02  .1374E+03  .1521E+03   .9999550  .0056113  .0076488
T 3070  1 .1914033E+07   5000192E-02 -.1707E+03  .1025E+01   .9999765 -.0068165 -.0007121
T 3071  1 .1918404E+07   5000146E-02  .3117E+02  .3466E+01   .9999918  .0039567  .0008126
T 3072  1 .1919961E+07   5000003E-02  .1417E+01 -.6265E+02   .9999759 -.0030873 -.0062148
T 3073  1 .1915730E+07   5000048E-02  .1732E+02  .1352E+02   .9999990  .0014010  .0001027
T 3074  1 .1917002E+07   5000008E-02 -.1274E+03  .1262E+03   .9999652 -.0066815  .0049903
T 3075  1 .1912006E+07   5000151E-02 -.5802E+02  .1563E+01   .9999978 -.0002450  .0020818
T 3076  1 .1922242E+07   5000224E-02  .9733E+02 -.3615E+01   .9999535  .0090417  .0033611
T 3077  1 .1922032E+07   5000069E-02 -.8148E+02 -.1438E+03   .9999888 -.0022840 -.0041506
T 3078  1 .1924742E+07   5000002E-02 -.1626E+02 -.2659E+02   .9999841 -.0056412 -.0000894
T 3079  1 .1920185E+07   5000164E-02 -.3669E+02 -.1868E+02   .9999566 -.0057386 -.0073330
T 3080  1 .1926351E+07   5000073E-02 -.7287E+01 -.2509E+02   .9999999 -.0002049  .0002700
T 3081  1 .1923908E+07   5000199E-02  .4642E+02  .1029E+01   .9999977 -.0011584 -.0018277
T 3082  1 .1929902E+07   5000035E-02 -.1539E+03 -.1060E+03   .9999410 -.0094319 -.0053817
T 3083  1 .1923681E+07   5000127E-02 -.1251E+02 -.1459E+03   .9999655 -.0038721 -.0073429
T 3084  1 .1928059E+07   5000193E-02 -.2049E+03 -.9648E+02   .9999188 -.0118849  .0046057
T 3085  1 .1931547E+07   5000004E-02  .7965E+01 -.3391E+02   .9999994 -.0001252 -.0010463
T 3086  1 .1921523E+07   5000202E-02 -.2155E+02  .1574E+02   .9999995 -.0009789  .0000525
T 3087  1 .1920006E+07   5000098E-02  .1631E+01 -.2704E+02   .9999603 -.0083746  .0030479
T 3088  1 .1926087E+07   5000209E-02 -.1172E+02  .2459E+01   .9999909 -.0036252  .0022389
T 3089  1 .1921444E+07   5000128E-02 -.1108E+03 -.6289E+02   .9999937 -.0034764 -.0007016
T 3090  1 .1924810E+07   5000154E-02  .2108E+02  .5955E+02   .9999984 -.0017569  .0001839
T 3091  1 .1917116E+07   5000180E-02  .1280E+03 -.6788E+02   .9999330  .0085367 -.0078225
T 3092  1 .1930771E+07   5000028E-02 -.4264E+01 -.4545E+02   .9999986  .0003753 -.0016286
T 3093  1 .1916637E+07   5000069E-02  .1560E+02  .1006E+03   .9999929  .0017929  .0033190
T 3094  1 .1932059E+07   5000034E-02 -.7384E+02  .1214E+03   .9999646 -.0049091  .0068390
T 3095  1 .1920217E+07   5000186E-02 -.9828E+02 -.1348E+03   .9999741 -.0008680 -.0071421
T 3096  1 .1920233E+07   5000120E-02 -.1031E+03  .1445E+03   .9999791 -.0048031  .0043209
T 3097  1 .1924993E+07   5000136E-02  .3962E+02  .4905E+02   .9999961 -.0018753  .0020759
T 3098  1 .1914403E+07   5000187E-02 -.1424E+02 -.5775E+02   .9999870  .0013002 -.0049309
T 3099  1 .1926755E+07   5000014E-02 -.1313E+03 -.2596E+03   .9999284 -.0023805 -.0117265
T 3100  1 .1920906E+07   5000219E-02 -.4443E+03  .1211E+03   .9999116 -.0115765  .0065413
T 3101  1 .1909960E+07   5000009E-02  .1362E+03 -.2242E+03   .9998245  .0052283 -.0179901
T 3102  1 .1915444E+07   5000218E-02 -.1509E+03 -.8565E+02   .9999662 -.0031977 -.0075704
T 3103  1 .1916525E+07   5000045E-02 -.2402E+02  .1175E+01   .9999999 -.0004258 -.0000629
T 3104  1 .1935564E+07   5000179E-02  .1355E+03  .5575E+02   .9999322  .0042441  .0108426
T 3105  1 .1925986E+07   5000013E-02  .6187E+03  .2499E+03   .9994675  .0318148  .0072479
T 3106  1 .1922196E+07   5000165E-02  .2409E+02 -.8694E+02   .9999797 -.0003246 -.0063648
T 3107  1 .1913472E+07   5000109E-02 -.1235E+03 -.1117E+02   .9999830 -.0053089 -.0023908
T 3108  1 .1928499E+07   5000157E-02  .4815E+02 -.7558E+02   .9999989 -.0014112  .0003498
T 3109  1 .1928429E+07   5000150E-02 -.1414E+03  .1572E+03   .9999198 -.0068567  .0106492
T 3110  1 .1921178E+07   5000218E-02 -.1034E+02  .3340E+02   .9999964 -.0005800  .0026373
T 3111  1 .1912800E+07   5000126E-02  .2566E+02  .3572E+02   .9999989 -.0012741 -.0007982
T 3112  1 .1922321E+07   5000084E-02  .1112E+03 -.2629E+03   .9998389  .0069312 -.0165572
T 3113  1 .1924061E+07   5000206E-02 -.2849E+02  .3657E+02   .9999963  .0009954  .0025194
T 3114  1 .1911485E+07   5000185E-02  .7490E+02 -.2285E+02   .9999828  .0057540 -.0011694
T 3115  1 .1921456E+07   5000028E-02 -.1235E+03 -.1542E+03   .9999409 -.0069095 -.0083987
T 3116  1 .1930847E+07   5000218E-02 -.1948E+03  .1178E+03   .9999992 -.0005340  .0011505
T 3117  1 .1921405E+07   5000141E-02  .1309E+03 -.7935E+02   .9999847  .0046776 -.0029517
T 3118  1 .1916905E+07   5000043E-02  .1158E+03  .1201E+03   .9999848  .0034293  .0043108
T 3119  1 .1929981E+07   5000226E-02 -.5199E+02  .2265E+03   .9999696 -.0022363  .0074761
T 3120  1 .1930727E+07   5000047E-02  .1205E+02 -.1631E+03   .9999079 -.0020645 -.0134169
T 3121  1 .1940522E+07   5000181E-02  .2172E+01 -.4693E+01   .9999932  .0027684 -.0024373
T 3122  1 .1915925E+07   5000146E-02 -.1314E+03 -.1110E+03   .9999536 -.0096195  .0005208
T 3123  1 .1925304E+07   5000198E-02  .5373E+02  .1515E+01   .9999927  .0037757 -.0006169
T 3124  1 .1921079E+07   5000060E-02 -.3317E+02  .1480E+02   .9999919 -.0030381 -.0026338
T 3125  1 .1924180E+07   5000059E-02 -.6317E+02  .1970E+02   .9999988  .0001658 -.0015273
T 3126  1 .1920716E+07   5000203E-02  .3499E+02  .1475E+03   .9999689  .0008731  .0078370
T 3127  1 .1932550E+07   5000221E-02 -.6532E+02  .1294E+03   .9999878 -.0025042  .0042610
T 3128  1 .1934054E+07   5000022E-02 -.2306E+02 -.1028E+03   .9999949 -.0003668 -.0031674
T 3129  1 .1920514E+07   5000058E-02  .3509E+02 -.6348E+01   .9999958  .0028765  .0004533
T 3130  1 .1934618E+07   5000161E-02  .7798E+02  .2319E+03   .9999886 -.0044113  .0018433
T 3131  1 .1920965E+07   5000119E-02 -.6916E+03  .6323E+02   .9997539 -.0221462  .0013326
T 3132  1 .1918770E+07   5000069E-02 -.6248E+01  .3327E+02   .9999987 -.0002260  .0016164
T 3133  1 .1919537E+07   5000090E-02 -.8717E+02 -.3560E+02   .9999898 -.0045025  .0002229
T 3134  1 .1925053E+07   5000075E-02  .1262E+03  .1011E+03   .9999616  .0062142  .0061819
T 3135  1 .1920377E+07   5000141E-02  .3642E+02  .1947E+03   .9999612  .0030538  .0082675
T 3136  1 .1927895E+07   5000006E-02  .4087E+02  .2196E+02   .9999975  .0022446 -.0001436
T 3137  1 .1916401E+07   5000119E-02  .9841E+02 -.2685E+03   .9999263  .0049216 -.0110960
T 3138  1 .1926455E+07   5000014E-02  .4668E+02 -.2447E+02   .9999749  .0065217 -.0027640
T 3139  1 .1918811E+07   5000188E-02 -.5188E+03  .9933E+02   .9998336 -.0178847  .0035799
T 3140  1 .1926574E+07   5000080E-02 -.8091E+02 -.7047E+02   .9999977 -.0021046 -.0003080
T 3141  1 .1920035E+07   5000023E-02  .8396E+02  .1166E+03   .9999864  .0052127 -.0000269
T 3142  1 .1923474E+07   5000039E-02  .4683E+02  .4369E+02   .9999646  .0067006  .0050820
T 3143  1 .1928862E+07   5000036E-02 -.4681E+02  .1018E+03   .9999111 -.0078934  .0107498
T 3144  1 .1917235E+07   5000159E-02  .7862E+02  .9628E+01   .9999946  .0032786  .0000776
T 3145  1 .1923795E+07   5000009E-02  .1329E+03 -.1880E+01   .9999695  .0060167 -.0049775
T 3146  1 .1922150E+07   5000124E-02 -.4254E+02  .7697E+02   .9999770 -.0021600  .0064362
T 3147  1 .1927323E+07   5000123E-02 -.1869E+02 -.6719E+01   .9999993 -.0006024  .0009778
T 3148  1 .1921516E+07   5000180E-02  .2895E+02 -.1528E+01   .9999896  .0040375  .0021044
T 3149  1 .1929216E+07   5000163E-02 -.7433E+01  .1185E+02   .9999990 -.0006606  .0012610
T 3150  1 .1931875E+07   5000137E-02 -.4734E+02  .7237E+02   .9999870 -.0046642  .0020505
T 3151  1 .1920633E+07   5000125E-02 -.6125E+02 -.3810E+02   .9999955 -.0027483  .0012340
T 3152  1 .1916130E+07   5000123E-02  .1589E+02 -.2177E+02   .9999956 -.0001376 -.0029526
T 3153  1 .1930720E+07   5000124E-02  .5504E+01  .2380E+02   .9999989  .0011219  .0009967
T 3154  1 .1917522E+07   5000176E-02 -.1113E+03 -.8482E+02   .9999749 -.0052599 -.0047498
T 3155  1 .1930304E+07   5000154E-02 -.8111E+02  .3296E+02   .9999921 -.0032939  .0022197
T 3156  1 .1924318E+07   5000219E-02 -.2623E+02  .7701E+02   .9999767 -.0029017  .0061764
T 3157  1 .1923734E+07   5000193E-02  .4590E+02  .4665E+00   .9999932  .0035835  .0008627
T 3158  1 .1920666E+07   5000113E-02  .8756E+03  .9149E+02   .9996218  .0274890 -.0008403
T 3159  1 .1934430E+07   5000178E-02 -.1167E+02  .1330E+03   .9999556  .0009116  .0093760
T 3160  1 .1929059E+07   5000177E-02  .3207E+02 -.1226E+02   .9999970  .0023993  .0004933
T 3161  1 .1938322E+07   5000180E-02 -.2808E+01  .1032E+02   .9999964  .0004932  .0026372
T 3162  1 .1927241E+07   5000001E-02  .2306E+02 -.1165E+02   .9999924  .0015246 -.0035876
T 3163  1 .1917130E+07   5000165E-02  .2735E+02 -.8314E+02   .9999898 -.0037364 -.0025226
T 3164  1 .1925769E+07   5000163E-02 -.4259E+02 -.2986E+02   .9999240  .0048198 -.0113460
T 3165  1 .1919573E+07   5000156E-02  .2606E+00 -.8727E+02   .9999964  .0011039 -.0024597
T 3166  1 .1913365E+07   5000168E-02  .3946E+02  .2516E+03   .9999693  .0003806  .0078233
T 3167  1 .1918616E+07   5000218E-02  .5662E+01 -.1256E+02   .9999991 -.0008823 -.0009867
T 3168  1 .1928489E+07   5000219E-02  .1528E+03  .4747E+02   .9999782  .0064879  .0012535
T 3169  1 .1924289E+07   5000070E-02 -.5559E+02  .3016E+02   .9999417 -.0094665  .0051933
T 3170  1 .1910389E+07   5000092E-02  .1161E+03  .4764E+02   .9999740  .0064366  .0032362
T 3171  1 .1915834E+07   5000205E-02  .4610E+02  .3311E+01   .9999655  .0067048  .0049064
T 3172  1 .1926080E+07   5000051E-02 -.1465E+03 -.2492E+03   .9997975 -.0175302 -.0098832
T 3173  1 .1915008E+07   5000079E-02  .8003E+02 -.1752E+02   .9999625  .0081909 -.0027975
T 3174  1 .1918921E+07   5000016E-02 -.2321E+03 -.9300E+02   .9999722 -.0042325 -.0061375
T 3175  1 .1919265E+07   5000127E-02 -.3870E+02 -.2894E+03   .9999242 -.0011589 -.0122590
T 3176  1 .1916099E+07   5000090E-02  .3157E+02 -.9253E+02   .9999164  .0022721 -.0127330
T 3177  1 .1923299E+07   5000213E-02  .2758E+02  .1842E+03   .9999387  .0062063  .0091687
T 3178  1 .1928943E+07   5000163E-02 -.1176E+03 -.3642E+02   .9999399 -.0106360  .0026546
T 3179  1 .1923327E+07   5000179E-02  .6381E+02 -.3171E+02   .9999985  .0012837  .0011359
T 3180  1 .1917028E+07   5000165E-02 -.6795E+02 -.1775E+03   .9999725 -.0042287 -.0060881
T 3181  1 .1913569E+07   5000160E-02 -.2840E+03  .1565E+03   .9998458 -.0161095  .0069963
T 3182  1 .1911623E+07   5000179E-02  .2347E+02 -.8864E+02   .9999972 -.0002901 -.0023558
T 3183  1 .1916390E+07   5000113E-02  .1076E+02  .1947E+02   .9999994 -.0008300  .0007551
T 3184  1 .1920456E+07   5000177E-02 -.2073E+03 -.1945E+03   .9999112 -.0079233 -.0107171
T 3185  1 .1923311E+07   5000048E-02 -.2458E+01 -.1225E+03   .9999770 -.0000210 -.0067890
T 3186  1 .1932871E+07   5000199E-02 -.1110E+03  .1201E+03   .9999885 -.0038968  .0027816
T 3187  1 .1923049E+07   5000024E-02  .2125E+03 -.2576E+03   .9998349  .0142201 -.0113136
T 3188  1 .1923432E+07   5000075E-02  .2019E+03  .1307E+03   .9999508  .0091174  .0038982
T 3189  1 .1923601E+07   5000127E-02 -.3490E+02  .2747E+03   .9999073 -.0073148  .0114879
T 3190  1 .1926266E+07   5000062E-02 -.9908E+02  .4792E+02   .9999944 -.0002328 -.0033267
T 3191  1 .1924061E+07   5000073E-02 -.4149E+02  .3175E+02   .9999829 -.0053865  .0022897
T 3192  1 .1912841E+07   5000185E-02 -.4372E+01 -.2967E+01   .9999996  .0004569  .0007277
T 3193  1 .1916601E+07   5000082E-02  .4262E+02 -.3925E+02   .9999858  .0049682 -.0019179
T 3194  1 .1935987E+07   5000164E-02 -.1320E+02 -.2342E+03   .9999117  .0011130 -.0132430
T 3195  1 .1917614E+07   5000194E-02  .4476E+02 -.6858E+02   .9999886  .0026172 -.0040045
T 3196  1 .1916331E+07   5000186E-02 -.7440E+02  .1212E+02   .9999900 -.0044387 -.0004580
T 3197  1 .1924877E+07   5000204E-02 -.2755E+01  .4877E+02   .9999929 -.0008321  .0036831
T 3198  1 .1922766E+07   5000160E-02 -.2209E+02  .1982E+02   .9999894 -.0045579 -.0006546
T 3199  1 .1936280E+07   5000067E-02  .4177E+01  .2479E+02   .9999782  .0059310 -.0028934
T 3200  1 .1920174E+07   5000119E-02  .5448E+02  .1216E+03   .9999574  .0022852  .0089395
T 3201  1 .1930703E+07   5000225E-02  .3809E+02 -.1580E+02   .9999855 -.0001300  .0053838
T 3202  1 .1936166E+07   5000201E-02 -.4614E+02  .6189E+02   .9999933 -.0034452  .0012117
T 3203  1 .1925778E+07   5000163E-02 -.4186E+02  .7622E+02   .9999878 -.0023899  .0043155
T 3204  1 .1932473E+07   5000217E-02  .2800E+03 -.2280E+03   .9998370  .0150087 -.0100400
T 3205  1 .1925391E+07   5000163E-02 -.1290E+03  .4197E+03   .9999640  .0006819  .0084572
T 3206  1 .1929243E+07   5000029E-02  .2594E+02 -.4738E+02   .9999979 -.0007969 -.0018630
T 3207  1 .1927886E+07   5000010E-02  .3008E+02  .3342E+01   .9999997  .0002674  .0007886
T 3208  1 .1921293E+07   5000040E-02  .2713E+03 -.5843E+02   .9999800  .0034577 -.0053016
T 3209  1 .1913244E+07   5000193E-02  .3622E+02  .7748E+02   .9999797 -.0058582  .0025077
T 3210  1 .1916376E+07   5000023E-02 -.1470E+03  .4736E+02   .9999858 -.0051709  .0012502
T 3211  1 .1924483E+07   5000222E-02  .1586E+03  .4867E+02   .9999388  .0110473  .0006354
T 3212  1 .1916634E+07   5000210E-02  .1745E+02  .1846E+02   .9999938  .0008464  .0034190
T 3213  1 .1917947E+07   5000193E-02  .4846E+02 -.6274E+02   .9999934  .0034530 -.0011128
T 3214  1 .1923760E+07   5000137E-02  .1093E+03 -.7809E+02   .9999940  .0031803 -.0013768
T 3215  1 .1923642E+07   5000077E-02 -.5659E+02  .2605E+02   .9999873 -.0017261  .0047251
T 3216  1 .1917913E+07   5000059E-02 -.7162E+02 -.3580E+02   .9999953 -.0028313 -.0011838
T 3217  1 .1908500E+07   5000159E-02 -.2339E+03 -.2930E+03   .9997800 -.0082488 -.0192847
T 3218  1 .1925793E+07   5000162E-02  .1814E+01 -.2464E+02   .9999924  .0010005 -.0037586
T 3219  1 .1913423E+07   5000010E-02  .1253E+03 -.7745E+01   .9999851  .0042508 -.0034139
T 3220  1 .1916202E+07   5000019E-02  .9084E+02 -.8792E+03   .9996974  .0048527 -.0241153
T 3221  1 .1915471E+07   5000066E-02  .4112E+01  .8494E+02   .9999946 -.0002140  .0032741
T 3222  1 .1927647E+07   5000208E-02  .1751E+02  .3782E+02   .9999981 -.0001252  .0019650
T 3223  1 .1921290E+07   5000088E-02 -.3711E+02 -.4731E+01   .9999789  .0054156 -.0035883
T 3224  1 .1923815E+07   5000121E-02 -.2188E+02 -.1025E+02   .9999966 -.0025933 -.0001825
T 3225  1 .1925574E+07   5000062E-02  .2242E+02 -.1502E+02   .9999977  .0001256 -.0021246
T 3226  1 .1935733E+07   5000151E-02  .1711E+03 -.1137E+03   .9999618  .0079002 -.0037371
T 3227  1 .1916857E+07   5000006E-02  .6389E+02 -.1097E+02   .9999241  .0122870 -.0008840
T 3228  1 .1918816E+07   5000197E-02 -.2831E+02  .3571E+02   .9999511 -.0072569  .0067202
T 3229  1 .1926215E+07   5000150E-02 -.1428E+02 -.9984E+02   .9999969 -.0010796 -.0022332
T 3230  1 .1912114E+07   5000029E-02 -.8025E+01 -.2366E+02   .9999890 -.0009079 -.0045949
T 3231  1 .1916360E+07   5000125E-02 -.1395E+03  .2085E+03   .9995996 -.0186203  .0213065
T 3232  1 .1931455E+07   5000191E-02 -.1429E+02 -.8948E+02   .9999712  .0030918 -.0069367
T 3233  1 .1928318E+07   5000205E-02 -.1472E+03  .1599E+03   .9999605 -.0087236 -.0016934
T 3234  1 .1910068E+07   5000211E-02  .1988E+02  .1440E+03   .9999956  .0028122  .0009576
T 3235  1 .1918252E+07   5000052E-02 -.1415E+03 -.2678E+02   .9999584 -.0090974 -.0007273
T 3236  1 .1927073E+07   5000009E-02 -.3747E+01 -.4942E+02   .9999869  .0016093 -.0048628
T 3237  1 .1920181E+07   5000145E-02 -.4574E+02  .2152E+03   .9999516 -.0045656  .0087183
T 3238  1 .1926154E+07   5000076E-02  .1038E+03 -.3233E+02   .9999700  .0076101  .0014134
T 3239  1 .1918161E+07   5000010E-02  .5669E+01  .2957E+00   .9999988 -.0001946  .0015306
T 3240  1 .1927012E+07   5000217E-02 -.4123E+02  .3038E+02   .9999919  .0031559  .0024826
T 3241  1 .1916469E+07   5000203E-02  .5455E+02  .3994E+01   .9999645  .0081612 -.0020868
T 3242  1 .1932254E+07   5000053E-02 -.4168E+02  .7935E+02   .9999630 -.0034266  .0078840
T 3243  1 .1915566E+07   5000215E-02 -.1362E+02  .2632E+02   .9999288 -.0096210  .0070597
T 3244  1 .1915445E+07   5000044E-02 -.1508E+02  .6039E+02   .9999928  .0027940  .0025544
T 3245  1 .1912351E+07   5000133E-02 -.1367E+02  .3139E+02   .9999974  .0006836  .0021710
T 3246  1 .1930814E+07   5000198E-02  .1141E+03  .6042E+02   .9999735  .0061408  .0039076
T 3247  1 .1927948E+07   5000075E-02 -.3902E+02  .5584E+01   .9999895 -.0037377 -.0026548
T 3248  1 .1914358E+07   5000119E-02 -.6924E+01 -.9641E+02   .9999947 -.0029902 -.0012709
T 3249  1 .1914010E+07   5000048E-02  .4494E+01 -.7725E+01   .9999841  .0016865 -.0053845
T 3250  1 .1933586E+07   5000095E-02 -.9802E+02  .3283E+02   .9999916 -.0038706 -.0013282
T 3251  1 .1928764E+07   5000084E-02 -.1252E+02 -.7992E+02   .9999718 -.0009506 -.0074450
T 3252  1 .1915280E+07   5000202E-02  .2390E+02  .4776E+02   .9999982  .0011011  .0015707
T 3253  1 .1926157E+07   5000215E-02 -.1440E+03  .1272E+03   .9999318 -.0093812  .0069526
T 3254  1 .1927652E+07   5000072E-02  .1338E+02 -.1494E+03   .9999445  .0051019 -.0092176
T 3255  1 .1928462E+07   5000091E-02  .2750E+02 -.1617E+02   .9999837  .0054855  .0016018
T 3256  1 .1907066E+07   5000132E-02  .1665E+01 -.1360E+02   .9999995 -.0006026 -.0007379
T 3257  1 .1925801E+07   5000053E-02 -.2032E+02  .1483E+03   .9999902 -.0009361  .0043242
T 3258  1 .1918992E+07   5000055E-02  .2089E+03  .6532E+01   .9999492  .0090477  .0044410
T 3259  1 .1913968E+07   5000222E-02  .9214E+02 -.2883E+02   .9999898  .0031869  .0032144
T 3260  1 .1913387E+07   5000111E-02  .2157E+02  .5297E+02   .9999988 -.0006912  .0014185
T 3261  1 .1920584E+07   5000149E-02  .9568E+02 -.7049E+02   .9999496  .0065699 -.0075946
T 3262  1 .1920628E+07   5000152E-02 -.4561E+02 -.1298E+03   .9999998  .0000334 -.0006060
T 3263  1 .1912523E+07   5000095E-02 -.6458E+02  .6040E+02   .9999953 -.0029604  .0008091
T 3264  1 .1927350E+07   5000119E-02 -.2894E+02  .1601E+03   .9999634 -.0074815  .0041444
T 3265  1 .1911416E+07   5000166E-02  .1708E+03  .1923E+02   .9999832  .0041112 -.0040791
T 3266  1 .1921927E+07   5000199E-02 -.9747E+02 -.5296E+02   .9999921 -.0011003 -.0038182
T 3267  1 .1925043E+07   5000202E-02 -.3860E+02 -.7388E+02   .9999987 -.0004657 -.0015611
T 3268  1 .1915727E+07   5000176E-02 -.1783E+02 -.1128E+02   .9999985 -.0016580  .0005257
T 3269  1 .1916318E+07   5000165E-02  .1148E+03  .9310E+02   .9999576  .0079268  .0046836
T 3270  1 .1919520E+07   5000186E-02  .1242E+03 -.2247E+03   .9999534  .0042829 -.0086500
T 3271  1 .1929018E+07   5000007E-02 -.2270E+03 -.1041E+03   .9999177 -.0118770 -.0048548
T 3272  1 .1930716E+07   5000051E-02 -.3372E+03  .2592E+02   .9998778 -.0111589 -.0109462
T 3273  1 .1921233E+07   5000218E-02 -.9837E+02  .1057E+03   .9999682 -.0071736  .0034954
T 3274  1 .1922431E+07   5000199E-02  .7314E+00  .1858E+03   .9999691  .0006005  .0078413
T 3275  1 .1921762E+07   5000226E-02 -.3823E+02  .3022E+02   .9999892 -.0046468  .0000465
T 3276  1 .1915600E+07   5000180E-02  .6820E+02 -.7513E+02   .9999938  .0025923 -.0023840
T 3277  1 .1930317E+07   5000219E-02 -.5906E+02 -.4620E+02   .9999741 -.0061642 -.0037173
T 3278  1 .1933465E+07   5000108E-02  .1459E+02 -.7074E+02   .9999998 -.0005415 -.0002686
T 3279  1 .1929844E+07   5000077E-02 -.3539E+03 -.1552E+03   .9997932 -.0185141 -.0084163
T 3280  1 .1915614E+07   5000214E-02 -.1316E+03  .1226E+02   .9999781 -.0066254  .0000570
T 3281  1 .1921198E+07   5000205E-02 -.3186E+02 -.7499E+02   .9999834 -.0018143 -.0054672
T 3282  1 .1928538E+07   5000111E-02 -.7300E+02  .6577E+02   .9999643 -.0070341  .0046793
T 3283  1 .1926821E+07   5000213E-02 -.1820E+02  .2276E+02   .9999953 -.0027176  .0014322
T 3284  1 .1908274E+07   5000180E-02 -.9443E+02 -.1187E+02   .9999839 -.0037332 -.0042778
T 3285  1 .1932773E+07   5000159E-02 -.9875E+01 -.1303E+02   .9999961 -.0027803  .0003831
T 3286  1 .1925768E+07   5000041E-02  .1258E+02  .4325E+01   .9999633 -.0039075  .0076247
T 3287  1 .1933538E+07   5000214E-02 -.6011E+02 -.5513E+02   .9999937 -.0022743  .0027404
T 3288  1 .1925929E+07   5000191E-02 -.5577E+01  .2276E+02   .9999901  .0018297  .0040597
T 3289  1 .1923271E+07   5000222E-02  .2340E+02 -.1355E+03   .9999263  .0028030 -.0118094
T 3290  1 .1923772E+07   5000067E-02  .1068E+03 -.9760E+01   .9999867  .0051317 -.0004296
T 3291  1 .1924989E+07   5000214E-02  .4006E+02 -.3664E+02   .9999877 -.0006249 -.0049205
T 3292  1 .1917433E+07   5000042E-02 -.3113E+01 -.2214E+03   .9999820 -.0006315 -.0059745
T 3293  1 .1932848E+07   5000084E-02  .3907E+02  .3162E+01   .9999813  .0060942  .0004946
T 3294  1 .1928415E+07   5000123E-02  .9627E+02 -.7572E+01   .9999998 -.0003079 -.0005641
T 3295  1 .1932517E+07   5000131E-02 -.1083E+02  .7818E+02   .9999997  .0006867 -.0003129
T 3296  1 .1933086E+07   5000154E-02  .2365E+02 -.3611E+02   .9999871  .0049457 -.0011978
T 3297  1 .1925532E+07   5000029E-02 -.3246E+02 -.1573E+02   .9999878 -.0046751 -.0015889
T 3298  1 .1924611E+07   5000118E-02  .1192E+03  .6054E+02   .9999873  .0037302  .0033780
T 3299  1 .1919542E+07   5000060E-02 -.9644E+02  .6352E+02   .9999976 -.0017503  .0013182
T 3300  1 .1929565E+07   5000158E-02 -.2051E+03 -.2402E+03   .9999432 -.0050137 -.0094007
T 3301  1 .1915293E+07   5000120E-02  .1286E+03 -.1251E+03   .9999617  .0082858 -.0028017
T 3302  1 .1913560E+07   5000094E-02 -.3318E+02  .1164E+03   .9999993 -.0009838  .0006387
T 3303  1 .1916564E+07   5000069E-02  .2111E+03 -.2373E+02   .9998895  .0147771  .0016133
T 3304  1 .1931924E+07   5000160E-02 -.3262E+02  .6627E+02   .9999892 -.0031339  .0034334
T 3305  1 .1921322E+07   5000159E-02  .1097E+03  .4631E+02   .9999998  .0004012  .0004716
T 3306  1 .1923568E+07   5000110E-02 -.3992E+03  .5254E+03   .9995481 -.0225048  .0199296
T 3307  1 .1929648E+07   5000124E-02 -.5359E+02  .2182E+03   .9998124 -.0004754  .0193613
T 3308  1 .1924664E+07   5000196E-02  .6521E+02  .3212E+03   .9998852  .0002527  .0151497
T 3309  1 .1925784E+07   5000040E-02  .1244E+03 -.1451E+03   .9999900  .0032522 -.0030848
T 3310  1 .1917347E+07   5000190E-02  .2600E+02  .1636E+03   .9999546 -.0010203  .0094714
T 3311  1 .1916868E+07   5000147E-02 -.1031E+03  .1028E+02   .9999707 -.0067815  .0035427
T 3312  1 .1921748E+07   5000080E-02 -.1587E+01 -.1704E+03   .9999824 -.0001227 -.0059302
T 3313  1 .1940523E+07   5000111E-02 -.1410E+02  .4188E+02   .9999873  .0012761  .0048673
T 3314  1 .1917413E+07   5000168E-02 -.1598E+02  .6436E+01   .9999944  .0015170  .0029664
T 3315  1 .1925005E+07   5000209E-02 -.1134E+02  .1769E+03   .9999770 -.0012383  .0066611
T 3316  1 .1921457E+07   5000150E-02 -.5681E+02  .2836E+02   .9999989 -.0011798 -.0009300
T 3317  1 .1924619E+07   5000205E-02  .6629E+02  .1507E+03   .9999773  .0029361  .0060570
T 3318  1 .1927639E+07   5000224E-02  .2641E+02  .1311E+03   .9999883  .0005661  .0048134
T 3319  1 .1936503E+07   5000041E-02 -.2960E+02 -.9348E+01   .9999917 -.0028724 -.0029056
T 3320  1 .1928883E+07   5000109E-02  .1352E+03  .2052E+03   .9999724  .0032912  .0066613
T 3321  1 .1916378E+07   5000014E-02  .3538E+01 -.1754E+03   .9999880  .0015982 -.0046327
T 3322  1 .1918660E+07   5000198E-02  .1354E+03 -.1661E+03   .9999448  .0094092 -.0046847
T 3323  1 .1919118E+07   5000006E-02  .6618E+01  .1611E+02   .9999940 -.0018212  .0029469
T 3324  1 .1916372E+07   5000201E-02 -.9286E+02  .3569E+02   .9999958 -.0014093  .0025239
T 3325  1 .1923318E+07   5000070E-02  .7723E+01  .1233E+02   .9999341 -.0044456  .0105853
T 3326  1 .1919769E+07   5000162E-02 -.5495E+02 -.2509E+01   .9999939 -.0015795  .0030996
T 3327  1 .1923237E+07   5000082E-02  .4874E+02 -.6774E+02   .9999973 -.0009306  .0021382
T 3328  1 .1918923E+07   5000221E-02  .3814E+02 -.3570E+02   .9999739  .0071879 -.0007642
T 3329  1 .1923772E+07   5000167E-02 -.5967E+02  .2069E+02   .9999825 -.0049755  .0031973
T 3330  1 .1920334E+07   5000006E-02 -.3318E+02  .3572E+02   .9999828 -.0051510  .0027914
T 3331  1 .1930359E+07   5000218E-02  .3218E+03 -.2172E+03   .9998890  .0132481 -.0068155
T 3332  1 .1932092E+07   5000157E-02  .2479E+02 -.6200E+01   .9999971  .0008632 -.0022550
T 3333  1 .1927807E+07   5000071E-02  .1191E+02 -.3019E+01   .9999993  .0011426 -.0000361
T 3334  1 .1930794E+07   5000129E-02  .8079E+03  .2146E+03   .9958691  .0888900  .0185292
T 3335  1 .1926934E+07   5000134E-02  .1765E+02 -.1446E+03   .9999444  .0072522 -.0076577
T 3336  1 .1921494E+07   5000219E-02  .1026E+02  .1903E+02   .9999993  .0008437  .0007802
T 3337  1 .1914028E+07   5000013E-02 -.3771E+02 -.1155E+02   .9999954 -.0019854  .0022803
T 3338  1 .1922526E+07   5000010E-02  .4354E+02 -.1589E+02   .9999902  .0040423  .0017929
T 3339  1 .1932058E+07   5000195E-02  .6529E+02  .1730E+02   .9999832  .0055511  .0016526
T 3340  1 .1920869E+07   5000006E-02  .6904E+01 -.1731E+02   .9999992  .0012452  .0003736
T 3341  1 .1917961E+07   5000018E-02 -.3042E+03 -.8643E+00   .9999574 -.0092343  .0000104
T 3342  1 .1922704E+07   5000049E-02  .1361E+03  .1168E+03   .9999615  .0077093  .0041991
T 3343  1 .1922901E+07   5000045E-02 -.4178E+01  .9560E+00   .9999969 -.0007519  .0023606
T 3344  1 .1931391E+07   5000005E-02 -.1719E+02  .2702E+02   .9999890 -.0046596  .0004776
T 3345  1 .1933537E+07   5000054E-02 -.7974E+02 -.3268E+02   .9999957 -.0018061 -.0023204
T 3346  1 .1928577E+07   5000160E-02 -.3625E+02 -.3835E+01   .9999987 -.0009679  .0012959
T 3347  1 .1925965E+07   5000004E-02 -.4351E+02 -.1040E+03   .9999946 -.0014682 -.0029418
T 3348  1 .1918242E+07   5000115E-02  .5136E+02  .2142E+03   .9999622  .0074417  .0044963
T 3349  1 .1917381E+07   5000195E-02 -.6522E+01 -.1210E+02   .9997523 -.0078373  .0208312
T 3350  1 .1917469E+07   5000176E-02 -.5008E+00  .2758E+02   .9999938  .0017810  .0030296
T 3351  1 .1920487E+07   5000026E-02  .8370E-01  .1306E+02   .9999994 -.0007422 -.0008211
T 3352  1 .1920656E+07   5000083E-02  .5645E+02 -.1160E+03   .9999653  .0047845 -.0068152
T 3353  1 .1934152E+07   5000208E-02  .2685E+02  .3043E+01   .9999912  .0002566  .0041990
T 3354  1 .1932214E+07   5000100E-02  .1581E+01 -.3843E+00   .9999971 -.0006248 -.0023348
T 3355  1 .1924852E+07   5000205E-02  .5847E+02  .3221E+02   .9999585  .0090587  .0009948
T 3356  1 .1930966E+07   5000196E-02  .2695E+02  .4316E+03   .9999165  .0001586  .0129234
T 3357  1 .1924996E+07   5000165E-02  .6955E+02  .1334E+01   .9999720  .0074780  .0000558
T 3358  1 .1933739E+07   5000114E-02 -.7451E+02 -.1997E+02   .9999965  .0015709  .0021257
T 3359  1 .1908384E+07   5000069E-02  .4073E+02  .2064E+02   .9999926  .0037971 -.0005435
T 3360  1 .1932309E+07   5000184E-02 -.1573E+03  .9179E+02   .9999659 -.0078015  .0027187
T 3361  1 .1931836E+07   5000162E-02 -.7823E+02  .7156E+02   .9999830 -.0055942 -.0016566
T 3362  1 .1919225E+07   5000109E-02  .9750E+02  .3133E+02   .9999744  .0069499 -.0016958
T 3363  1 .1941618E+07   5000212E-02  .1379E+03 -.4489E+02   .9999814  .0058194 -.0018223
T 3364  1 .1930085E+07   5000081E-02 -.3921E+02  .5755E+02   .9999974 -.0022253  .0005019
T 3365  1 .1927116E+07   5000004E-02  .1004E+03 -.1916E+01   .9999764  .0067101  .0014681
T 3366  1 .1932737E+07   5000181E-02 -.2483E+03 -.4218E+02   .9999258 -.0118010 -.0030064
T 3367  1 .1927056E+07   5000176E-02  .1789E+02  .2845E+02   .9999901  .0037703  .0023783
T 3368  1 .1927592E+07   5000179E-02 -.2809E+03 -.8184E+02   .9999581 -.0090053 -.0016720
T 3369  1 .1931781E+07   5000076E-02  .1652E+02  .2286E+03   .9999611  .0005885  .0087983
T 3370  1 .1914998E+07   5000066E-02  .2833E+04  .3200E+03   .9947349  .1016599  .0129481
T 3371  1 .1925294E+07   5000080E-02  .1941E+03 -.4812E+02   .9996892  .0220950 -.0115462
T 3372  1 .1931660E+07   5000066E-02  .1942E+03  .7999E+02   .9999665  .0079616  .0018748
T 3373  1 .1916571E+07   5000015E-02  .2934E+03 -.3153E+02   .9998878  .0147311 -.0027187
T 3374  1 .1926499E+07   5000081E-02 -.1023E+03  .1284E+03   .9999264 -.0069766  .0099285
T 3375  1 .1924378E+07   5000027E-02  .3068E+03  .8702E+02   .9999185  .0103680  .0074456
T 3376  1 .1923687E+07   5000088E-02  .5970E+02 -.1050E+02   .9999870  .0050091  .0009638
T 3377  1 .1918135E+07   5000029E-02  .2397E+02  .2185E+02   .9999953  .0011624  .0028290
T 3378  1 .1918550E+07   5000174E-02 -.2581E+02  .3108E+02   .9999981 -.0007925  .0018057
T 3379  1 .1924637E+07   5000223E-02 -.1119E+01  .1782E+03   .9998845 -.0151914 -.0003933
T 3380  1 .1919658E+07   5000138E-02 -.2277E+02  .9446E+02   .9999999  .0001216  .0002261
T 3381  1 .1932406E+07   5000170E-02  .3607E+01 -.9595E+02   .9999926  .0038287  .0003644
T 3382  1 .1919617E+07   5000179E-02  .1025E+03 -.1017E+03   .9999317  .0080101 -.0085164
T 3383  1 .1936495E+07   5000127E-02 -.9652E+02  .2357E+02   .9999800 -.0052179 -.0035813
T 3384  1 .1931069E+07   5000208E-02 -.2711E+03 -.2353E+03   .9997374 -.0203012 -.0106304
T 3385  1 .1930022E+07   5000220E-02 -.8732E+02 -.7451E+02   .9999927 -.0031417 -.0021751
T 3386  1 .1922890E+07   5000097E-02 -.5461E+02  .6330E+01   .9999999  .0002840 -.0000820
T 3387  1 .1918810E+07   5000115E-02  .6384E+02  .2746E+02   .9999873  .0024701  .0043822
T 3388  1 .1922666E+07   5000161E-02  .2124E+02 -.1332E+03   .9999574 -.0052934 -.0075587
T 3389  1 .1923318E+07   5000203E-02 -.5213E+02  .8568E+02   .9999707 -.0016784  .0074652
T 3390  1 .1926587E+07   5000097E-02 -.4097E+02 -.1107E+03   .9999838  .0006181 -.0056586
T 3391  1 .1921364E+07   5000198E-02 -.2067E+01 -.8805E+02   .9999491 -.0014555 -.0099803
T 3392  1 .1931449E+07   5000116E-02  .9543E+02 -.2739E+03   .9999665  .0056606 -.0059148
T 3393  1 .1928666E+07   5000208E-02 -.7525E+02 -.6121E+02   .9999747  .0036652 -.0060915
T 3394  1 .1923221E+07   5000009E-02  .9449E+02  .6378E+02   .9999697  .0066911  .0039882
T 3395  1 .1930536E+07   5000195E-02  .1926E+02  .1572E+03   .9998992  .0015579  .0141101
T 3396  1 .1911046E+07   5000087E-02  .1526E+03 -.3206E+01   .9997938  .0185725 -.0082140
T 3397  1 .1916195E+07   5000172E-02 -.4608E+02 -.9119E+02   .9999940 -.0032774 -.0011110
T 3398  1 .1919929E+07   5000056E-02 -.2113E+02  .1960E+03   .9999902  .0009770  .0043249
T 3399  1 .1910766E+07   5000137E-02 -.2195E+02  .4854E+02   .9999933 -.0033360  .0014795
T 3400  1 .1928407E+07   5000159E-02  .4061E+02  .3628E+02   .9999979 -.0012856  .0015809
T 3401  1 .1920296E+07   5000102E-02  .2420E+01 -.6586E+01   .9999887  .0029182  .0037466
T 3402  1 .1928802E+07   5000166E-02 -.2129E+02 -.3677E+02   .9999994  .0007437 -.0007450
T 3403  1 .1927827E+07   5000021E-02  .4696E+02  .5831E+02   .9999953 -.0014876  .0026814
T 3404  1 .1911635E+07   5000091E-02  .8237E+02  .7258E+02   .9998925  .0114236  .0091897
T 3405  1 .1913308E+07   5000150E-02 -.1781E+03  .8634E+01   .9999154 -.0091336  .0092629
T 3406  1 .1929173E+07   5000125E-02  .1276E+02  .4658E+02   .9999986  .0004569  .0016269
T 3407  1 .1915728E+07   5000177E-02 -.5012E+02 -.7187E+02   .9999908 -.0039771 -.0015892
T 3408  1 .1920688E+07   5000125E-02  .1308E+03  .4405E+02   .9999609  .0072858  .0050053
T 3409  1 .1924573E+07   5000204E-02 -.2283E+02  .2519E+02   .9999895 -.0036673  .0027539
T 3410  1 .1921544E+07   5000169E-02  .1820E+02  .2001E+03   .9999870  .0008373  .0050292
T 3411  1 .1913539E+07   5000024E-02  .4578E+02  .3112E+02   .9999965  .0012426 -.0023396
T 3412  1 .1912793E+07   5000114E-02  .1530E+03 -.1973E+03   .9999515  .0071757 -.0067453
T 3413  1 .1918820E+07   5000007E-02  .1190E+03 -.5624E+03   .9997868 -.0026494 -.0204801
T 3414  1 .1924127E+07   5000092E-02 -.7294E+02 -.7537E+02   .9999777  .0003103 -.0066773
T 3415  1 .1922007E+07   5000037E-02 -.3786E+02  .1046E+03   .9999681 -.0052016  .0060647
T 3416  1 .1921652E+07   5000078E-02 -.2523E+02  .1461E+02   .9999900 -.0041579  .0016590
T 3417  1 .1926751E+07   5000176E-02 -.2218E+02 -.5418E+02   .9999816 -.0035747 -.0048989
T 3418  1 .1919441E+07   5000218E-02  .1252E+03 -.1363E+03   .9999910  .0030758 -.0029298
T 3419  1 .1934150E+07   5000091E-02  .1015E+03 -.8957E+02   .9999927  .0033730 -.0018170
T 3420  1 .1924870E+07   5000097E-02 -.2946E+01  .3381E+03   .9999534  .0019481  .0094538
T 3421  1 .1930922E+07   5000153E-02  .6632E+02 -.5951E+02   .9999992 -.0006844 -.0010570
T 3422  1 .1911575E+07   5000183E-02  .3553E+02 -.2317E+03   .9999711  .0008566 -.0075599
T 3423  1 .1929841E+07   5000171E-02 -.8248E+01  .9100E+01   .9999986 -.0010272 -.0013093
T 3424  1 .1926146E+07   5000096E-02  .1231E+03 -.9218E+02   .9999409  .0108712  .0003013
T 3425  1 .1930898E+07   5000061E-02 -.9357E+01  .2435E+02   .9999523 -.0077006  .0060083
T 3426  1 .1929552E+07   5000196E-02 -.4571E+01  .2671E+03   .9997084 -.0079338  .0228085
T 3427  1 .1929834E+07   5000164E-02  .9873E+02 -.1583E+02   .9999920  .0039614 -.0006019
T 3428  1 .1935208E+07   5000050E-02 -.6839E+02  .8863E+02   .9999901  .0005636  .0044074
T 3429  1 .1918178E+07   5000062E-02 -.1757E+03 -.1097E+03   .9999257 -.0115682 -.0038310
T 3430  1 .1914447E+07   5000101E-02  .2071E+03 -.5210E+02   .9999377  .0110182  .0017947
T 3431  1 .1923206E+07   5000082E-02  .1542E+01 -.4249E+01   .9999997 -.0002742 -.0006765
T 3432  1 .1918924E+07   5000075E-02  .1361E+03  .5534E+01   .9999220  .0115406 -.0047762
T 3433  1 .1920328E+07   5000146E-02 -.9125E+02 -.8343E+02   .9999352 -.0104801 -.0044500
T 3434  1 .1929316E+07   5000035E-02  .8028E+02  .1963E+03   .9999765  .0029344  .0061994
T 3435  1 .1919429E+07   5000045E-02  .1093E+03  .5969E+02   .9999624  .0086597  .0005299
T 3436  1 .1919223E+07   5000070E-02  .3415E+01 -.3855E+01   .9999994  .0010201  .0003736
T 3437  1 .1921597E+07   5000206E-02  .4840E+02 -.3262E+02   .9999589  .0065035 -.0063129
T 3438  1 .1933355E+07   5000190E-02  .5386E+02 -.4651E+02   .9999991 -.0001938 -.0013543
T 3439  1 .1923874E+07   5000217E-02  .4599E+02  .4862E+01   .9999930  .0032682  .0018143
T 3440  1 .1923049E+07   5000165E-02  .4060E+03 -.1685E+03   .9998922  .0119182 -.0085750
T 3441  1 .1933627E+07   5000087E-02 -.1354E+03 -.1188E+01   .9999713 -.0068619  .0032126
T 3442  1 .1919668E+07   5000068E-02  .7561E+02  .1644E+03   .9999909  .0018631  .0038333
T 3443  1 .1928657E+07   5000005E-02 -.5374E+02  .1325E+02   .9999847 -.0029017  .0047093
T 3444  1 .1918506E+07   5000035E-02  .9422E+01 -.8820E+02   .9999941  .0003506 -.0034070
T 3445  1 .1911158E+07   5000205E-02 -.6535E+02  .2293E+03   .9999706 -.0000717  .0076615
T 3446  1 .1930149E+07   5000224E-02 -.1092E+03 -.1702E+03   .9999236 -.0076158 -.0097372
T 3447  1 .1918964E+07   5000158E-02  .1235E+03 -.4257E+02   .9999982  .0015755 -.0010980
T 3448  1 .1928095E+07   5000139E-02 -.5063E+02  .9479E+00   .9999698 -.0058027  .0051674
T 3449  1 .1918489E+07   5000158E-02  .6500E+02 -.1004E+03   .9999653  .0036686 -.0074730
T 3450  1 .1924362E+07   5000021E-02 -.2708E+02  .6206E+02   .9999963 -.0021198  .0016767
T 3451  1 .1923667E+07   5000161E-02  .1220E+03 -.4051E+02   .9999945  .0032636  .0006386
T 3452  1 .1932974E+07   5000036E-02  .1194E+03 -.1249E+03   .9999876 -.0017330 -.0046660
T 3453  1 .1927382E+07   5000075E-02  .8437E+02 -.1067E+02   .9999025  .0137295  .0025313
T 3454  1 .1917665E+07   5000184E-02 -.3600E+02 -.4638E+02   .9999994 -.0010746  .0002558
T 3455  1 .1917623E+07   5000090E-02 -.3294E+02  .1631E+03   .9999767 -.0018883  .0065614
T 3456  1 .1929334E+07   5000176E-02 -.2393E+02 -.3682E+02   .9999918 -.0028641 -.0028708
T 3457  1 .1918954E+07   5000158E-02  .2302E+02  .4867E+01   .9999948  .0029929  .0012413
T 3458  1 .1917466E+07   5000190E-02  .4258E+02 -.1129E+03   .9999867  .0007579 -.0050996
T 3459  1 .1931954E+07   5000103E-02  .8625E+01 -.2747E+02   .9999999  .0001365  .0002052
T 3460  1 .1907850E+07   5000108E-02  .2947E+02  .8383E+02   .9999798  .0029429  .0056362
T 3461  1 .1921831E+07   5000201E-02  .1547E+03  .1678E+02   .9999688  .0000861  .0078976
T 3462  1 .1922193E+07   5000163E-02  .3999E+02  .1649E+01   .9999779  .0065181 -.0013185
T 3463  1 .1923331E+07   5000203E-02  .8799E+02  .7863E+02   .9999928  .0032165  .0020214
T 3464  1 .1932540E+07   5000122E-02  .1678E+02 -.7999E+01   .9999950  .0013711 -.0028632
T 3465  1 .1924364E+07   5000180E-02  .4202E+02 -.6870E+02   .9999976 -.0012670 -.0017598
T 3466  1 .1925141E+07   5000096E-02  .8111E+02  .2006E+02   .9999837  .0054460 -.0017217
T 3467  1 .1923478E+07   5000183E-02  .5044E+02  .4192E+01   .9999911  .0039404  .0015323
T 3468  1 .1924806E+07   5000208E-02 -.5055E+02  .1238E+03   .9999900 -.0014795  .0042090
T 3469  1 .1930238E+07   5000112E-02 -.3916E+02 -.1120E+02   .9999976 -.0016422  .0014557
T 3470  1 .1927261E+07   5000137E-02  .3152E+02  .1420E+03   .9998100  .0035322  .0191679
T 3471  1 .1931655E+07   5000025E-02 -.5826E+01 -.2123E+03   .9999756  .0003571 -.0069789
T 3472  1 .1918438E+07   5000163E-02 -.1545E+02 -.1072E+02   .9999994 -.0011097 -.0000521
T 3473  1 .1915884E+07   5000225E-02 -.2044E+02 -.1279E+03   .9999908  .0040386 -.0014368
T 3474  1 .1919579E+07   5000126E-02 -.7802E+02 -.2062E+03   .9998968 -.0085292 -.0115620
T 3475  1 .1926580E+07   5000086E-02  .5964E+02 -.9108E+02   .9999578  .0033433 -.0085591
T 3476  1 .1919570E+07   5000007E-02 -.4081E+02  .8461E+00   .9999950 -.0029716 -.0010960
T 3477  1 .1927042E+07   5000192E-02  .1216E+02  .1277E+02   .9999978  .0010073  .0018431
T 3478  1 .1914668E+07   5000040E-02 -.8696E+02 -.1118E+03   .9999943 -.0033317 -.0005304
T 3479  1 .1923725E+07   5000118E-02 -.2482E+02  .2818E+02   .9999976 -.0005270  .0021353
T 3480  1 .1919006E+07   5000202E-02  .3822E+02  .1505E+03   .9999910  .0012165  .0040659
T 3481  1 .1935304E+07   5000140E-02 -.1805E+03  .5629E+02   .9999633 -.0082069  .0024597
T 3482  1 .1917552E+07   5000022E-02  .5617E+02 -.1864E+03   .9999784  .0027999 -.0059543
T 3483  1 .1923001E+07   5000060E-02 -.5941E+02  .1287E+02   .9999908 -.0041856 -.0008984
T 3484  1 .1917190E+07   5000190E-02 -.9819E+02  .1718E+03   .9999558 -.0060102  .0072322
T 3485  1 .1923149E+07   5000206E-02  .4122E+02 -.1109E+02   .9999920  .0039248 -.0007126
T 3486  1 .1919144E+07   5000053E-02 -.4119E+02  .1494E+02   .9999566 -.0027193  .0089097
T 3487  1 .1932469E+07   5000182E-02 -.1994E+03  .1687E+03   .9999626 -.0060482  .0061812
T 3488  1 .1928651E+07   5000040E-02 -.8705E+02  .1215E+02   .9999952 -.0026378  .0016319
T 3489  1 .1917636E+07   5000211E-02 -.5901E+02  .5128E+02   .9999915  .0016818  .0037718
T 3490  1 .1920098E+07   5000123E-02 -.4535E+02  .1523E+02   .9999923 -.0025977  .0029434
T 3491  1 .1929222E+07   5000156E-02 -.1170E+02  .6688E+02   .9999671 -.0029622  .0075453
T 3492  1 .1928742E+07   5000003E-02  .1202E+02 -.1174E+01   .9999965  .0012429  .0023569
T 3493  1 .1933679E+07   5000107E-02  .3731E+02 -.2811E+02   .9999881  .0048819  .0000844
T 3494  1 .1935829E+07   5000191E-02 -.1019E+02  .2229E+01   .9999937  .0011505 -.0033545
T 3495  1 .1926792E+07   5000212E-02 -.1570E+02  .4148E+02   .9999938 -.0020382  .0028727
T 3496  1 .1923955E+07   5000180E-02  .3633E+02  .8209E+02   .9999948 -.0012622  .0029710
T 3497  1 .1932780E+07   5000060E-02 -.4920E+01  .1124E+02   .9999987  .0014994 -.0005542
T 3498  1 .1916966E+07   5000080E-02 -.4238E+02  .4505E+02   .9999913 -.0013108  .0039651
T 3499  1 .1923955E+07   5000092E-02 -.3054E+02  .2687E+03   .9998832 -.0044923  .0146115
T 3500  1 .1916902E+07   5000174E-02 -.2089E+02  .7799E+02   .9999982 -.0016758  .0009167
T 3501  1 .1918235E+07   5000004E-02  .1463E+02  .1449E+03   .9999942  .0012708  .0031679
T 3502  1 .1928051E+07   5000178E-02 -.3830E+02  .1025E+03   .9999715 -.0017007  .0073559
T 3503  1 .1912307E+07   5000145E-02  .9463E+01  .1634E+03   .9999820  .0024720  .0054751
T 3504  1 .1914091E+07   5000077E-02 -.1716E+03  .6617E+02   .9999854 -.0050729 -.0018580
T 3505  1 .1920345E+07   5000225E-02  .3367E+02  .4438E+01   .9999717  .0057640  .0048405
T 3506  1 .1918878E+07   5000117E-02 -.4887E+02  .2312E+02   .9999686  .0067077 -.0042103
T 3507  1 .1933674E+07   5000095E-02 -.1284E+02 -.5048E+01   .9999924 -.0015089 -.0036007
T 3508  1 .1934268E+07   5000078E-02 -.1308E+02  .4882E+02   .9999732 -.0010096  .0072519
T 3509  1 .1925475E+07   5000179E-02 -.1974E+03 -.1737E+02   .9999084 -.0132548 -.0027489
T 3510  1 .1925703E+07   5000026E-02  .1422E+02 -.1857E+02   .9999944  .0033247  .0002803
T 3511  1 .1920056E+07   5000013E-02 -.1544E+02  .9056E+01   .9999902 -.0002923  .0044070
T 3512  1 .1914882E+07   5000000E-02 -.1266E+02 -.1729E+02   .9999758 -.0067147  .0017949
T 3513  1 .1934261E+07   5000007E-02  .3186E+02  .8657E+01   .9999691  .0034300  .0070765
T 3514  1 .1912962E+07   5000200E-02  .7293E+02 -.8622E+02   .9999976  .0020495 -.0007516
T 3515  1 .1927373E+07   5000202E-02 -.4325E+02  .1751E+02   .9999911  .0006542  .0041742
T 3516  1 .1916994E+07   5000058E-02 -.4221E+02  .4444E+02   .9999409 -.0044959  .0099011
T 3517  1 .1924975E+07   5000218E-02 -.2190E+02  .6693E+02   .9999946 -.0032863  .0001895
T 3518  1 .1935248E+07   5000083E-02 -.8849E+02 -.7230E+02   .9999872 -.0017375 -.0047500
T 3519  1 .1922073E+07   5000129E-02 -.4086E+02  .1205E+03   .9999424 -.0050770  .0094519
T 3520  1 .1917199E+07   5000098E-02 -.9438E+02  .1417E+02   .9999935 -.0035234 -.0007999
T 3521  1 .1914908E+07   5000118E-02 -.2566E+02 -.1274E+03   .9999968 -.0002369 -.0025160
T 3522  1 .1921061E+07   5000190E-02  .8149E+02 -.8207E+02   .9999927  .0035218 -.0015093
T 3523  1 .1930891E+07   5000048E-02 -.1833E+02  .1485E+02   .9999974  .0004938  .0022468
T 3524  1 .1927265E+07   5000004E-02  .4712E+02  .1757E+02   .9999900 -.0033169 -.0029914
T 3525  1 .1936948E+07   5000107E-02 -.1556E+02  .1226E+03   .9999841 -.0006956  .0055904
T 3526  1 .1934761E+07   5000180E-02 -.1194E+03 -.6917E+02   .9999865 -.0036118 -.0037479
T 3527  1 .1927512E+07   5000074E-02 -.8805E+02 -.1976E+03   .9999865 -.0025811 -.0045066
T 3528  1 .1933594E+07   5000179E-02 -.1318E+02 -.5907E+02   .9999726 -.0073971  .0002192
T 3529  1 .1914014E+07   5000096E-02 -.1917E+03 -.3788E+01   .9998508 -.0172280 -.0012260
T 3530  1 .1932812E+07   5000197E-02 -.2270E+02  .1279E+02   .9999861 -.0036083  .0038421
T 3531  1 .1929841E+07   5000180E-02 -.4462E+02 -.4463E+02   .9999929 -.0028049 -.0025017
T 3532  1 .1909692E+07   5000176E-02 -.6556E+02 -.1280E+02   .9998265 -.0183837 -.0029885
T 3533  1 .1914319E+07   5000118E-02  .6358E+02  .3576E+03   .9999061  .0030812  .0133495
T 3534  1 .1917145E+07   5000164E-02 -.5143E+01  .3825E+02   .9999983 -.0006058  .0017193
T 3535  1 .1919940E+07   5000185E-02  .2001E+02 -.1687E+03   .9999583  .0019544 -.0089211
T 3536  1 .1928777E+07   5000216E-02 -.6975E+02 -.3484E+03   .9981184 -.0049168 -.0611194
T 3537  1 .1916930E+07   5000187E-02 -.9446E+02  .1443E+03   .9999883 -.0034675  .0033736
T 3538  1 .1927840E+07   5000216E-02  .7246E+02  .1231E+03   .9999855  .0025524  .0047330
T 3539  1 .1925889E+07   5000095E-02  .1441E+03 -.3272E+02   .9999552  .0094045 -.0011140
T 3540  1 .1928635E+07   5000158E-02  .4005E+02 -.3306E+02   .9999602  .0057710 -.0068012
T 3541  1 .1919126E+07   5000164E-02  .3146E+02 -.6709E+02   .9999701 -.0053398 -.0055872
T 3542  1 .1923300E+07   5000159E-02  .1938E+03 -.1412E+03   .9999611  .0075947 -.0044781
T 3543  1 .1922085E+07   5000042E-02  .2409E+02 -.1929E+02   .9999898  .0029057 -.0034694
T 3544  1 .1923877E+07   5000202E-02 -.4938E+02 -.4767E+02   .9999903 -.0030090 -.0032113
T 3545  1 .1922942E+07   5000071E-02  .1515E+03  .2290E+02   .9999740  .0071703 -.0007199
T 3546  1 .1923603E+07   5000093E-02 -.1124E+02  .3830E+02   .9999965  .0025587 -.0006151
T 3547  1 .1922193E+07   5000042E-02  .2340E+02  .3960E+01   .9999988  .0013228  .0007630
T 3548  1 .1934990E+07   5000091E-02  .2900E+03  .1215E+03   .9998887  .0148155  .0017790
T 3549  1 .1923346E+07   5000197E-02  .3323E-01 -.5042E+02   .9999961 -.0004634 -.0027585
T 3550  1 .1911233E+07   5000168E-02 -.4885E+03 -.2662E+02   .9965856 -.0823868 -.0054408
T 3551  1 .1924822E+07   5000025E-02  .1937E+02 -.1782E+02   .9999757  .0051888  .0046653
T 3552  1 .1931916E+07   5000075E-02 -.1157E+03  .1884E+02   .9999788 -.0064691  .0007731
T 3553  1 .1932905E+07   5000172E-02  .1589E+03  .4680E+02   .9999661  .0070286  .0042779
T 3554  1 .1916635E+07   5000024E-02 -.1011E+03  .5033E+02   .9999752 -.0070409  .0000455
T 3555  1 .1928793E+07   5000186E-02  .2040E+02  .4059E+02   .9999965  .0018041  .0019201
T 3556  1 .1919675E+07   5000044E-02  .4471E+02  .6632E+02   .9999975  .0022339  .0003116
T 3557  1 .1930301E+07   5000111E-02 -.7623E+02 -.3272E+02   .9999687 -.0064862 -.0045333
T 3558  1 .1922825E+07   5000159E-02 -.2293E+01 -.3095E+01   .9999950 -.0027884  .0015136
T 3559  1 .1925868E+07   5000030E-02  .1688E+03 -.2299E+03   .9998963  .0060246 -.0130832
T 3560  1 .1916948E+07   5000137E-02  .4419E+02 -.7979E+02   .9999939  .0031715 -.0014631
T 3561  1 .1911297E+07   5000058E-02 -.4242E+02 -.1049E+02   .9999869 -.0051227 -.0001015
T 3562  1 .1919780E+07   5000070E-02 -.2080E+02  .4605E+01   .9999912 -.0015433 -.0038975
T 3563  1 .1925294E+07   5000133E-02 -.3353E+03 -.8420E+02   .9999722 -.0074231  .0006885
T 3564  1 .1927997E+07   5000150E-02  .7142E+02  .8623E+02   .9999923  .0027411  .0028029
T 3565  1 .1922576E+07   5000113E-02 -.1189E+03  .1896E+03   .9999762 -.0032407  .0060828
T 3566  1 .1923011E+07   5000022E-02 -.1097E+03  .3445E+03   .9997960 -.0080501  .0185233
T 3567  1 .1933588E+07   5000022E-02 -.6552E+02 -.7104E+02   .9999973  .0014829 -.0018030
T 3568  1 .1917488E+07   5000101E-02 -.1895E+03 -.1808E+03   .9999652 -.0073210 -.0039969
T 3569  1 .1913429E+07   5000052E-02 -.1259E+03  .1472E+02   .9999807 -.0049745 -.0037120
T 3570  1 .1935791E+07   5000219E-02 -.6314E+02 -.1002E+03   .9999831 -.0039749 -.0042404
T 3571  1 .1920954E+07   5000171E-02 -.8583E+02 -.8300E+02   .9999968 -.0019905 -.0015419
T 3572  1 .1921643E+07   5000142E-02  .9230E+01 -.5818E+01   .9999958 -.0012266 -.0026419
T 3573  1 .1927953E+07   5000085E-02  .1180E+02 -.1299E+02   .9999992 -.0012324 -.0001556
T 3574  1 .1923333E+07   5000076E-02 -.1163E+02  .2412E+02   .9999991 -.0006055  .0011958
T 3575  1 .1933384E+07   5000016E-02 -.5853E+02 -.8810E+02   .9999759 -.0039126 -.0057289
T 3576  1 .1928373E+07   5000184E-02  .6418E+01  .9821E+02   .9999981  .0004326  .0019089
T 3577  1 .1928468E+07   5000075E-02 -.4384E+02  .1750E+02   .9999704 -.0045197  .0062235
T 3578  1 .1932485E+07   5000199E-02  .1629E+03 -.8580E+02   .9999586  .0088670 -.0020463
T 3579  1 .1916267E+07   5000136E-02  .1212E+03 -.1520E+02   .9999655  .0051032  .0065593
T 3580  1 .1918581E+07   5000184E-02 -.2529E+02  .1090E+03   .9999732 -.0006796  .0072925
T 3581  1 .1932037E+07   5000002E-02 -.4205E+02 -.5868E+02   .9999978 -.0015748 -.0013874
T 3582  1 .1918067E+07   5000157E-02 -.7087E+02  .1294E+03   .9999569 -.0002495  .0092851
T 3583  1 .1920081E+07   5000081E-02 -.3775E+01 -.1749E+02   .9999893 -.0031485  .0033766
T 3584  1 .1922778E+07   5000038E-02  .2015E+02 -.9780E+02   .9999956 -.0025427  .0015113
T 3585  1 .1926364E+07   5000182E-02  .5875E+02  .7684E+02   .9999932  .0032119  .0017966
T 3586  1 .1936313E+07   5000143E-02 -.9438E+02  .4006E+02   .9999953 -.0028518 -.0010880
T 3587  1 .1923178E+07   5000187E-02 -.5906E+01 -.6467E+01   .9999926 -.0015154 -.0035236
T 3588  1 .1923957E+07   5000199E-02 -.5560E+01 -.7488E+01   .9999880 -.0013439  .0047019
T 3589  1 .1932811E+07   5000193E-02  .2355E+03  .5977E+01   .9999804  .0061568 -.0011635
T 3590  1 .1929282E+07   5000130E-02  .2334E+03 -.2603E+03   .9999440  .0059533 -.0087456
T 3591  1 .1920292E+07   5000216E-02 -.4700E+02  .6109E+02   .9999957  .0013293  .0026224
T 3592  1 .1923511E+07   5000089E-02  .7566E+02 -.7033E+02   .9999836  .0037365 -.0043376
T 3593  1 .1919871E+07   5000170E-02  .1094E+03 -.2188E+02   .9999243  .0112129 -.0050751
T 3594  1 .1919291E+07   5000054E-02  .2686E+02  .5493E+02   .9999989  .0014860  .0001743
T 3595  1 .1914991E+07   5000205E-02 -.1304E+02 -.6094E+02   .9999944  .0017048 -.0028787
T 3596  1 .1917341E+07   5000187E-02 -.1451E+03  .2865E+02   .9999850 -.0054017 -.0009005
T 3597  1 .1915742E+07   5000175E-02  .1123E+03  .7695E+01   .9999517  .0095746 -.0022334
T 3598  1 .1912916E+07   5000046E-02 -.1080E+03  .3989E+02   .9999916 -.0022429  .0034351
T 3599  1 .1927985E+07   5000142E-02 -.5093E+01 -.2873E+02   .9999986  .0008975 -.0013863
T 3600  1 .1917670E+07   5000186E-02  .1909E+02  .6387E+02   .9999658  .0020027  .0080276
T 3601  1 .1927156E+07   5000168E-02 -.2128E+03 -.1137E+03   .9999512 -.0090523 -.0039591
T 3602  1 .1933002E+07   5000215E-02 -.1375E+03 -.2760E+03   .9999456  .0046432 -.0093392
T 3603  1 .1916323E+07   5000112E-02  .3776E+02 -.8645E+02   .9999948 -.0007816 -.0031277
T 3604  1 .1923903E+07   5000196E-02  .1211E+02  .2705E+02   .9999956  .0025843  .0014728
T 3605  1 .1922216E+07   5000116E-02 -.4193E+02  .1598E+03   .9999623 -.0041025  .0076559
T 3606  1 .1923727E+07   5000205E-02 -.1128E+03 -.3542E+03   .9999547 -.0046093 -.0083307
T 3607  1 .1922639E+07   5000162E-02  .6738E+03 -.2175E+02   .9994689  .0325461  .0016607
T 3608  1 .1907825E+07   5000138E-02  .7826E+02 -.4982E+02   .9999911  .0017818  .0038122
T 3609  1 .1921557E+07   5000065E-02 -.1353E+02 -.9692E+01   .9999994 -.0009134 -.0005554
T 3610  1 .1927918E+07   5000088E-02 -.1754E+03  .7368E+02   .9999975  .0017158  .0014215
T 3611  1 .1921086E+07   5000209E-02  .3568E+02 -.2444E+03   .9999270  .0000014 -.0120806
T 3612  1 .1939236E+07   5000222E-02 -.1151E+02  .2344E+02   .9999916 -.0024952  .0032454
T 3613  1 .1919458E+07   5000168E-02 -.3944E+02  .1022E+03   .9999807  .0051247  .0035007
T 3614  1 .1923840E+07   5000075E-02 -.1241E+02 -.1237E+02   .9999980 -.0005478 -.0019285
T 3615  1 .1919738E+07   5000004E-02 -.9463E+01 -.1436E+03   .9999744 -.0000792 -.0071526
T 3616  1 .1921785E+07   5000009E-02  .1776E+03 -.1266E+03   .9999320  .0116484  .0004952
T 3617  1 .1915006E+07   5000016E-02  .1894E+03 -.3940E+01   .9998537  .0163469 -.0050425
T 3618  1 .1931048E+07   5000184E-02 -.2124E+03  .4424E+02   .9999913 -.0041427  .0003779
T 3619  1 .1921863E+07   5000160E-02  .8602E+01 -.3320E+02   .9999826  .0028672 -.0051524
T 3620  1 .1921741E+07   5000159E-02  .2613E+02 -.5104E+02   .9999989  .0012186 -.0008972
T 3621  1 .1924207E+07   5000097E-02 -.3066E+02 -.2689E+02   .9999950 -.0024445 -.0020286
T 3622  1 .1924634E+07   5000170E-02 -.3334E+01 -.3732E+02   .9999886 -.0022663 -.0041931
T 3623  1 .1920469E+07   5000138E-02  .1663E+02  .5469E+02   .9999539  .0046231  .0084129
T 3624  1 .1916809E+07   5000011E-02  .8365E+02  .1059E+03   .9999864 -.0030893  .0042125
T 3625  1 .1924475E+07   5000129E-02 -.2046E+02  .1024E+02   .9999994 -.0006129  .0009504
T 3626  1 .1918844E+07   5000154E-02  .5760E+02  .2744E+02   .9998247  .0034086  .0184080
T 3627  1 .1920432E+07   5000082E-02 -.8589E+03  .8243E+03   .9954241 -.0655085  .0695672
T 3628  1 .1931443E+07   5000099E-02 -.1250E+03 -.3529E+02   .9999653 -.0079191 -.0025884
T 3629  1 .1920358E+07   5000174E-02 -.1561E+03  .2345E+03   .9999144 -.0073052  .0108566
T 3630  1 .1931442E+07   5000021E-02 -.1661E+02  .2618E+02   .9999995 -.0009159  .0004663
T 3631  1 .1929118E+07   5000018E-02 -.2384E+02 -.8317E+01   .9999841  .0056304  .0003257
T 3632  1 .1929421E+07   5000065E-02 -.1628E+03 -.1624E+03   .9999865 -.0038588 -.0034914
T 3633  1 .1912288E+07   5000019E-02  .2329E+02  .8709E+01   .9999997  .0004350 -.0006482
T 3634  1 .1931787E+07   5000016E-02 -.6762E+02  .1268E+03   .9999921 -.0022157  .0033012
T 3635  1 .1932206E+07   5000153E-02 -.1462E+00 -.3441E+02   .9999921  .0020689 -.0034036
T 3636  1 .1922832E+07   5000049E-02 -.1186E+03  .2354E+02   .9998425 -.0176865  .0014752
T 3637  1 .1918298E+07   5000127E-02  .9588E+02  .8011E+02   .9999976 -.0005702 -.0021366
T 3638  1 .1923681E+07   5000075E-02  .1618E+02  .1719E+02   .9999789  .0051744  .0039277
T 3639  1 .1924006E+07   5000206E-02  .1511E+03  .2299E+02   .9999701 -.0042761 -.0064450
T 3640  1 .1926260E+07   5000072E-02 -.3682E+02 -.1491E+03   .9999900  .0006093 -.0044342
T 3641  1 .1921825E+07   5000227E-02  .1008E+03 -.1363E+02   .9999856  .0047443 -.0025253
T 3642  1 .1915478E+07   5000190E-02 -.5367E+02  .2535E+02   .9999901 -.0030932  .0032068
T 3643  1 .1914049E+07   5000188E-02 -.2076E+03 -.9713E+02   .9998344 -.0161314 -.0084222
T 3644  1 .1933648E+07   5000050E-02 -.1709E+03  .6852E+01   .9999113 -.0131073  .0023744
T 3645  1 .1917263E+07   5000202E-02  .1231E+03  .1858E+03   .9999496  .0069544  .0072366
T 3646  1 .1920125E+07   5000205E-02  .1303E+02  .2126E+02   .9999979  .0007318  .0019284
T 3647  1 .1929125E+07   5000003E-02 -.3512E+01  .6432E+02   .9999836 -.0006857  .0056861
T 3648  1 .1925574E+07   5000030E-02  .1684E+03 -.8243E+02   .9999760  .0047791 -.0050097
T 3649  1 .1917103E+07   5000104E-02 -.1674E+02  .9057E+02   .9999958 -.0008067  .0027985
T 3650  1 .1913203E+07   5000123E-02 -.2559E+02  .4947E+02   .9999974  .0022628  .0002637
T 3651  1 .1912305E+07   5000048E-02  .3717E+02 -.1777E+03   .9999712  .0033222 -.0068213
T 3652  1 .1918471E+07   5000134E-02 -.4040E+03 -.4171E+03   .9997011 -.0159390 -.0185395
T 3653  1 .1920800E+07   5000137E-02 -.1196E+02  .9392E+01   .9999966  .0001862  .0026115
T 3654  1 .1931670E+07   5000195E-02 -.2520E+02 -.1029E+03   .9999779 -.0000982 -.0066421
T 3655  1 .1932178E+07   5000009E-02 -.1171E+03 -.1728E+03   .9999804 -.0020109 -.0059358
T 3656  1 .1920857E+07   5000003E-02 -.1274E+03 -.9820E+02   .9999755 -.0061754 -.0032878
T 3657  1 .1918438E+07   5000033E-02 -.1832E+03  .8149E+02   .9999528 -.0076218  .0060270
T 3658  1 .1927620E+07   5000002E-02 -.1035E+03 -.1172E+03   .9999680 -.0061758 -.0050824
T 3659  1 .1932627E+07   5000008E-02  .1773E+03 -.2222E+03   .9999264  .0054757 -.0108301
T 3660  1 .1917968E+07   5000019E-02 -.1583E+02  .1661E+03   .9999630  .0036500  .0077915
T 3661  1 .1917892E+07   5000180E-02 -.1540E+03  .2468E+03   .9999441 -.0039985  .0097853
T 3662  1 .1918565E+07   5000124E-02 -.2359E+02 -.3835E+02   .9999904 -.0036033 -.0025093
T 3663  1 .1932939E+07   5000179E-02 -.7360E+02 -.4285E+01   .9999981 -.0012971  .0014839
T 3664  1 .1913308E+07   5000101E-02  .4097E+02  .2321E+02   .9999950  .0026015  .0017729
T 3665  1 .1926215E+07   5000099E-02  .8771E+02 -.5787E+02   .9999982  .0014100 -.0012450
T 3666  1 .1934021E+07   5000014E-02 -.3123E+02  .6333E+02   .9999841 -.0013217  .0054898
T 3667  1 .1914524E+07   5000081E-02  .5222E+02 -.8289E+02   .9999924  .0014189 -.0036436
T 3668  1 .1932924E+07   5000006E-02 -.7402E+02  .5561E+02   .9999958 -.0024776  .0015214
T 3669  1 .1926144E+07   5000066E-02  .5742E+02  .7427E+02   .9999907 -.0027996 -.0032911
T 3670  1 .1930156E+07   5000116E-02  .5684E+02 -.7328E+02   .9999699  .0001770 -.0077569
T 3671  1 .1916420E+07   5000088E-02 -.8331E+01  .4249E+02   .9999906  .0031110 -.0030043
T 3672  1 .1923144E+07   5000020E-02  .1908E+03  .1046E+03   .9999096  .0108918  .0078830
T 3673  1 .1928843E+07   5000031E-02  .3487E+03 -.2813E+03   .9966824  .0652197 -.0486885
T 3674  1 .1922374E+07   5000222E-02  .2571E+03 -.1523E+03   .9999583  .0084836  .0033929
T 3675  1 .1934281E+07   5000073E-02 -.1136E+03 -.7319E+02   .9999895 -.0034563 -.0030058
T 3676  1 .1926684E+07   5000147E-02  .6190E+02  .4636E+02   .9999947  .0025202  .0020718
T 3677  1 .1933287E+07   5000206E-02  .2145E+02 -.1215E+02   .9998974  .0018930 -.0141974
T 3678  1 .1906776E+07   5000150E-02  .4239E+02  .1055E+03   .9999372  .0051504  .0099486
T 3679  1 .1920644E+07   5000144E-02 -.2012E+03  .1077E+03   .9998846 -.0078828  .0129901
T 3680  1 .1926366E+07   5000070E-02  .9221E+02 -.8311E+02   .9999408 -.0069493 -.0083774
T 3681  1 .1924578E+07   5000132E-02 -.2985E+02  .2689E+02   .9999667 -.0058152  .0057187
T 3682  1 .1926276E+07   5000014E-02  .3844E+02 -.1151E+03   .9999964  .0004367 -.0026503
T 3683  1 .1919496E+07   5000159E-02  .3246E+02 -.8309E+02   .9999884  .0035677 -.0032370
T 3684  1 .1907429E+07   5000093E-02  .3704E+02  .1115E+02   .9999995  .0000203  .0009506
T 3685  1 .1928074E+07   5000064E-02 -.2424E+03  .1934E+03   .9999869 -.0040497  .0031360
T 3686  1 .1917050E+07   5000036E-02  .2862E+01 -.8778E+02   .9999581  .0037288 -.0083558
T 3687  1 .1926191E+07   5000128E-02  .9989E+01 -.6453E+02   .9999142  .0124838 -.0039806
T 3688  1 .1928159E+07   5000115E-02  .8363E+02 -.1889E+03   .9999621  .0041515 -.0076583
T 3689  1 .1914336E+07   5000225E-02 -.1303E+03 -.4508E+02   .9999990 -.0008590 -.0011284
T 3690  1 .1929929E+07   5000130E-02 -.1008E+03 -.1473E+03   .9999867 -.0027709 -.0043558
T 3691  1 .1920793E+07   5000168E-02  .1538E+03  .8697E+01   .9999760  .0068948 -.0007280
T 3692  1 .1927741E+07   5000221E-02 -.8102E+02 -.1084E+03   .9999259 -.0062215 -.0104625
T 3693  1 .1932973E+07   5000137E-02 -.9662E+01  .1862E+02   .9999570 -.0063229  .0067808
T 3694  1 .1928875E+07   5000164E-02 -.9126E+02  .8597E+02   .9999752 -.0031268  .0063086
T 3695  1 .1920626E+07   5000104E-02  .2831E+02 -.1309E+02   .9999837  .0057038  .0000469
T 3696  1 .1929510E+07   5000169E-02 -.6447E+02  .1385E+03   .9999363 -.0032611  .0108025
T 3697  1 .1925405E+07   5000091E-02  .6371E+02 -.3105E+01   .9999868  .0036075 -.0036598
T 3698  1 .1920674E+07   5000073E-02 -.1282E+03 -.2080E+03   .9999859 -.0024649 -.0047024
T 3699  1 .1920681E+07   5000037E-02 -.2006E+02  .1805E+02   .9999982  .0019130  .0001367
T 3700  1 .1915550E+07   5000070E-02 -.2633E+02 -.1702E+03   .9999896 -.0015421 -.0042872
T 3701  1 .1912148E+07   5000113E-02 -.5795E+02 -.8570E+01   .9999943 -.0023294  .0024626
T 3702  1 .1930110E+07   5000173E-02 -.4300E+01  .1397E+03   .9999913 -.0012288  .0039962
T 3703  1 .1922568E+07   5000140E-02  .9089E+02  .1658E+01   .9999990 -.0008473  .0011318
T 3704  1 .1932603E+07   5000084E-02  .1835E+03 -.1705E+02   .9999814  .0060937 -.0004021
T 3705  1 .1927254E+07   5000191E-02  .1807E+02 -.2760E+02   .9999931  .0030693 -.0021111
T 3706  1 .1920588E+07   5000124E-02  .6020E+02 -.7784E+02   .9999866  .0032226 -.0040582
T 3707  1 .1915737E+07   5000086E-02 -.4138E+02  .1739E+03   .9999738 -.0000044  .0072411
T 3708  1 .1924578E+07   5000113E-02 -.9891E+02 -.2052E+02   .9999761 -.0056710 -.0039583
T 3709  1 .1919007E+07   5000142E-02 -.2262E+02  .2048E+03   .9999597 -.0026325  .0085886
T 3710  1 .1934121E+07   5000014E-02 -.1093E+03  .1152E+03   .9999654 -.0050591  .0065972
T 3711  1 .1915607E+07   5000055E-02 -.8922E+02 -.5614E+02   .9999885 -.0043800 -.0019733
T 3712  1 .1922704E+07   5000068E-02  .7853E+02 -.2921E+02   .9999941  .0024709 -.0024031
T 3713  1 .1926031E+07   5000184E-02 -.5812E+02 -.6837E+02   .9999674  .0013102 -.0079657
T 3714  1 .1916511E+07   5000158E-02 -.7047E+02 -.4633E+02   .9999832 -.0050051 -.0029177
T 3715  1 .1913386E+07   5000185E-02 -.2273E+02  .1246E+03   .9999617 -.0080164  .0035124
T 3716  1 .1915341E+07   5000193E-02 -.1946E+03  .1488E+03   .9998582 -.0140498  .0092845
T 3717  1 .1922284E+07   5000190E-02 -.2817E+03  .2818E+03   .9998565 -.0125339  .0113945
T 3718  1 .1930901E+07   5000089E-02 -.2408E+02  .1065E+02   .9999995 -.0002125  .0009435
T 3719  1 .1917133E+07   5000146E-02 -.1030E+03 -.7229E+02   .9999870 -.0024359 -.0044903
T 3720  1 .1924045E+07   5000209E-02 -.2513E+00  .1466E+02   .9999967  .0025592  .0000577
T 3721  1 .1933404E+07   5000165E-02 -.2212E+03  .2875E+02   .9998765 -.0157069  .0006120
T 3722  1 .1923757E+07   5000195E-02 -.5067E+02 -.8835E+01   .9999880 -.0047652 -.0011769
T 3723  1 .1925823E+07   5000047E-02 -.5053E+02  .6972E+02   .9999772 -.0049915  .0045523
T 3724  1 .1911262E+07   5000109E-02 -.9551E+01  .1496E+02   .9999944  .0025034 -.0022262
T 3725  1 .1939348E+07   5000199E-02  .7986E+02  .1108E+02   .9999941  .0034162  .0004064
T 3726  1 .1916789E+07   5000160E-02 -.9718E+02 -.1973E+03   .9999766 -.0043873 -.0052530
T 3727  1 .1919978E+07   5000025E-02  .2443E+00 -.1058E+03   .9999954  .0000620 -.0030344
T 3728  1 .1924632E+07   5000221E-02  .7394E+02  .1070E+03   .9999381  .0035063  .0105634
T 3729  1 .1921959E+07   5000218E-02 -.2329E+02  .1101E+00   .9999815 -.0059825  .0010639
T 3730  1 .1922502E+07   5000124E-02 -.1769E+03 -.1489E+03   .9999329 -.0079994 -.0083815
T 3731  1 .1929015E+07   5000160E-02  .2975E+03 -.2889E+02   .9996651  .0258689 -.0007076
T 3732  1 .1931978E+07   5000001E-02  .1164E+03 -.3984E+02   .9999858  .0048023  .0023052
T 3733  1 .1911082E+07   5000069E-02  .1387E+02 -.4041E+02   .9999814  .0041516 -.0044636
T 3734  1 .1921645E+07   5000220E-02 -.1059E+03 -.3296E+02   .9999978 -.0021036 -.0000680
T 3735  1 .1913336E+07   5000099E-02  .8953E+02  .5300E+02   .9999551  .0094331  .0008610
T 3736  1 .1920679E+07   5000183E-02 -.1515E+03 -.1602E+03   .9999420 -.0100850 -.0037697
T 3737  1 .1919853E+07   5000170E-02 -.2629E+02 -.3128E+02   .9999842 -.0035020 -.0043876
T 3738  1 .1937180E+07   5000212E-02 -.1320E+03  .4703E+02   .9999895  .0019889 -.0041327
T 3739  1 .1921174E+07   5000213E-02  .5041E+02  .1227E+03   .9999075  .0015524  .0135092
T 3740  1 .1915179E+07   5000154E-02 -.4294E+02 -.8114E+01   .9999845 -.0055016  .0008231
T 3741  1 .1920814E+07   5000135E-02  .1566E+03 -.9238E+02   .9998494  .0140104 -.0102412
T 3742  1 .1926569E+07   5000114E-02  .5046E+02 -.5162E+01   .9999960  .0010903 -.0026280
T 3743  1 .1920685E+07   5000047E-02  .1289E+02  .1201E+02   .9999926 -.0004254  .0038296
T 3744  1 .1924585E+07   5000002E-02 -.1150E+02  .3995E+01   .9999988 -.0014701 -.0004836
T 3745  1 .1924738E+07   5000201E-02 -.2789E+03  .9826E+02   .9998419 -.0171558  .0046772
T 3746  1 .1911001E+07   5000213E-02 -.1891E+03 -.7807E+02   .9999655 -.0079655 -.0023532
T 3747  1 .1928947E+07   5000224E-02 -.2371E+02 -.1823E+02   .9999859  .0006750 -.0052658
T 3748  1 .1916294E+07   5000060E-02  .1985E+01  .2794E+02   .9999986 -.0008962  .0014277
T 3749  1 .1925845E+07   5000006E-02 -.1190E+01 -.8379E+02   .9999880 -.0016844 -.0046095
T 3750  1 .1927024E+07   5000223E-02 -.1109E+02 -.8392E+02   .9999988 -.0004672 -.0014631
T 3751  1 .1922412E+07   5000114E-02 -.5407E+02  .8194E+02   .9999953 -.0029679  .0008223
T 3752  1 .1933146E+07   5000206E-02 -.9277E+02 -.1254E+03   .9999729 -.0065598 -.0033485
T 3753  1 .1920805E+07   5000226E-02 -.5597E+02  .1056E+03   .9999739 -.0066314  .0028815
T 3754  1 .1922163E+07   5000203E-02 -.3061E+03 -.1148E+03   .9999430 -.0100125 -.0037008
T 3755  1 .1935157E+07   5000214E-02 -.9807E+01  .2867E+02   .9999887 -.0022893  .0041665
T 3756  1 .1915436E+07   5000059E-02  .7366E+01 -.8714E+02   .9999895  .0011204 -.0044489
T 3757  1 .1927264E+07   5000081E-02 -.6961E+01  .1314E+03   .9999768 -.0030473  .0060845
T 3758  1 .1930435E+07   5000126E-02  .8725E+02 -.4140E+01   .9999704  .0074693  .0018647
T 3759  1 .1906583E+07   5000187E-02  .7742E+02  .1732E+03   .9999443  .0068192  .0080570
T 3760  1 .1930609E+07   5000176E-02 -.6213E+02 -.4440E+01   .9999685 -.0078007  .0014727
T 3761  1 .1932495E+07   5000129E-02  .4948E+02 -.1012E+03   .9999532  .0042262 -.0087065
T 3762  1 .1912703E+07   5000196E-02 -.1432E+02 -.1646E+03   .9999951 -.0013569  .0028326
T 3763  1 .1929532E+07   5000163E-02 -.4954E+02  .3202E+02   .9999998 -.0003544  .0005683
T 3764  1 .1919470E+07   5000080E-02 -.1623E+03  .1976E+03   .9998673 -.0100545  .0128181
T 3765  1 .1922088E+07   5000134E-02 -.1195E+03  .4742E+01   .9999550 -.0094885  .0000453
T 3766  1 .1926668E+07   5000062E-02  .5535E+02 -.4485E+01   .9999687  .0078847 -.0006964
T 3767  1 .1921385E+07   5000129E-02 -.4888E+03  .6452E+03   .9995869 -.0148367  .0246159
T 3768  1 .1918732E+07   5000196E-02 -.4086E+01 -.1050E+02   .9999991 -.0008995  .0010338
T 3769  1 .1931335E+07   5000060E-02  .2515E+02 -.1942E+02   .9999868  .0038520 -.0034013
T 3770  1 .1914591E+07   5000081E-02  .2829E+03  .2571E+03   .9998853  .0120956  .0091145
T 3771  1 .1928205E+07   5000100E-02 -.2563E+03 -.1817E+03   .9999909 -.0034053 -.0025764
T 3772  1 .1917576E+07   5000221E-02 -.1163E+02  .1522E+03   .9999863  .0000971  .0052338
T 3773  1 .1925104E+07   5000207E-02 -.3390E+02  .2147E+03   .9999861 -.0044258  .0028500
T 3774  1 .1922552E+07   5000158E-02  .2891E+02 -.3956E+01   .9999897  .0045357 -.0003273
T 3775  1 .1913894E+07   5000048E-02  .2630E+01 -.2884E+02   .9999828 -.0035088 -.0046948
T 3776  1 .1930885E+07   5000005E-02 -.1169E+02 -.1119E+02   .9999988  .0012802 -.0008483
T 3777  1 .1929001E+07   5000114E-02  .2337E+03 -.1382E+03   .9999292  .0100654 -.0063445
T 3778  1 .1929568E+07   5000120E-02  .3373E+02  .5168E+02   .9999813  .0050803  .0034104
T 3779  1 .1923183E+07   5000147E-02  .2435E+04 -.1721E+04   .9949935  .0824159 -.0565302
T 3780  1 .1933361E+07   5000076E-02 -.1175E+03  .3242E+02   .9999743 -.0070784  .0011628
T 3781  1 .1926355E+07   5000223E-02  .1508E+02 -.4415E+02   .9999978  .0011490 -.0017499
T 3782  1 .1922208E+07   5000223E-02  .7418E+02  .3330E+02   .9999750  .0069943  .0010795
T 3783  1 .1924139E+07   5000198E-02 -.1049E+03 -.4370E+02   .9999834 -.0056088 -.0013504
T 3784  1 .1923812E+07   5000111E-02 -.6380E+03  .2305E+03   .9998739 -.0152016  .0045958
T 3785  1 .1914651E+07   5000215E-02  .4442E+02  .3093E+02   .9999996  .0008158 -.0004032
T 3786  1 .1927557E+07   5000157E-02  .1627E+03  .1426E+03   .9999443  .0063335  .0084466
T 3787  1 .1907020E+07   5000162E-02 -.1946E+03 -.1111E+03   .9999533 -.0074396 -.0061698
T 3788  1 .1925361E+07   5000004E-02 -.8036E+02 -.4951E+02   .9999985 -.0013075 -.0011443
T 3789  1 .1908877E+07   5000189E-02  .3045E+02  .2138E+02   .9999979  .0017692  .0010211
T 3790  1 .1936236E+07   5000108E-02  .3726E+02 -.1041E+02   .9999779  .0061307 -.0025583
T 3791  1 .1924093E+07   5000117E-02 -.1084E+02 -.1740E+02   .9999985 -.0013651 -.0010699
T 3792  1 .1929521E+07   5000189E-02  .6872E+02 -.3290E+02   .9999984  .0017663 -.0000914
T 3793  1 .1911946E+07   5000032E-02  .3907E+03 -.8724E+02   .9999132  .0119158 -.0056217
T 3794  1 .1918863E+07   5000162E-02 -.1429E+03 -.3090E+02   .9999352 -.0113853 -.0002567
T 3795  1 .1920169E+07   5000189E-02 -.3189E+01  .9594E+02   .9999949 -.0006916  .0031327
T 3796  1 .1922240E+07   5000080E-02  .7831E+02 -.1001E+03   .9999112  .0063129 -.0117351
T 3797  1 .1927629E+07   5000158E-02 -.1420E+02  .1668E+02   .9999961 -.0025645  .0011288
T 3798  1 .1929428E+07   5000168E-02  .8461E+02  .1017E+03   .9999618  .0066157  .0057051
T 3799  1 .1919422E+07   5000197E-02 -.1485E+02  .1278E+02   .9999996 -.0007683 -.0004235
T 3800  1 .1908418E+07   5000002E-02  .2529E+02  .6376E+02   .9999899  .0032271  .0031355
T 3801  1 .1921345E+07   5000049E-02  .1400E+03  .1901E+02   .9999165  .0089011  .0093650
T 3802  1 .1933124E+07   5000143E-02  .1102E+02  .2006E+03   .9998917 -.0032421  .0143574
T 3803  1 .1922742E+07   5000157E-02 -.1699E+03  .2857E+02   .9999703 -.0075862  .0013745
T 3804  1 .1927287E+07   5000147E-02 -.2079E+03 -.4158E+02   .9999701 -.0074573 -.0020524
T 3805  1 .1924169E+07   5000193E-02 -.2719E+01 -.2284E+03   .9999313 -.0026309 -.0114255
T 3806  1 .1927834E+07   5000048E-02 -.2264E+02 -.5671E+02   .9999821  .0000474 -.0059813
T 3807  1 .1916202E+07   5000063E-02 -.1768E+03 -.1911E+03   .9999298 -.0106024 -.0052899
T 3808  1 .1925999E+07   5000193E-02  .3912E+02  .8890E+02   .9998492  .0100803  .0141398
T 3809  1 .1928117E+07   5000222E-02 -.4229E+02  .1004E+01   .9999873 -.0041883 -.0027890
T 3810  1 .1918229E+07   5000064E-02  .4630E+01  .1943E+03   .9999633  .0022460  .0082694
T 3811  1 .1930777E+07   5000155E-02  .1324E+03  .1993E+03   .9999746  .0049826  .0051012
T 3812  1 .1916126E+07   5000014E-02  .7885E+02  .1083E+03   .9999551  .0041920  .0085003
T 3813  1 .1917230E+07   5000035E-02 -.7518E+02  .1042E+03   .9999883 -.0046114  .0014501
T 3814  1 .1941543E+07   5000055E-02 -.3006E+02 -.9570E+02   .9999983 -.0005027 -.0017699
T 3815  1 .1922877E+07   5000001E-02 -.1939E+02  .6250E+02   .9999954  .0002815  .0030081
T 3816  1 .1927551E+07   5000201E-02 -.1350E+03  .7902E+02   .9999767 -.0059700  .0033223
T 3817  1 .1916298E+07   5000170E-02  .6246E+02 -.1196E+03   .9999997 -.0006007 -.0004238
T 3818  1 .1926957E+07   5000094E-02 -.5645E+02  .2046E+02   .9999762 -.0035779  .0058951
T 3819  1 .1918138E+07   5000101E-02 -.4539E+02 -.1815E+02   .9999664 -.0075381 -.0032169
T 3820  1 .1925275E+07   5000100E-02 -.8263E+02  .7387E+02   .9999688 -.0015244  .0077543
T 3821  1 .1922792E+07   5000156E-02 -.8822E+02 -.1426E+03   .9999870 -.0012212 -.0049524
T 3822  1 .1926192E+07   5000219E-02 -.6128E+03 -.4370E+03   .9997577 -.0189312 -.0112299
T 3823  1 .1919346E+07   5000206E-02 -.3252E+02  .1843E+02   .9999931 -.0036070  .0008750
T 3824  1 .1929699E+07   5000136E-02  .3669E+02 -.1710E+01   .9999956 -.0022156 -.0019887
T 3825  1 .1915454E+07   5000224E-02 -.2911E+02 -.5197E+02   .9999414 -.0083463 -.0068988
T 3826  1 .1921682E+07   5000171E-02 -.1391E+02  .1195E+03   .9999658 -.0014151  .0081543
T 3827  1 .1934583E+07   5000226E-02 -.1530E+03 -.3235E+03   .9999009 -.0040169 -.0134946
T 3828  1 .1917168E+07   5000141E-02  .6573E+02 -.3069E+02   .9999932 -.0005403 -.0036616
T 3829  1 .1930229E+07   5000013E-02  .8717E+02  .3774E+02   .9999908  .0040960  .0012560
T 3830  1 .1924294E+07   5000083E-02 -.2313E+03 -.2383E+03   .9998902 -.0068571 -.0131333
T 3831  1 .1923055E+07   5000139E-02  .7663E+02 -.5767E+02   .9999963  .0027032 -.0000319
T 3832  1 .1926062E+07   5000212E-02  .7575E+02 -.4318E+02   .9999665  .0074783 -.0033305
T 3833  1 .1927994E+07   5000218E-02  .1698E+03  .1670E+03   .9999768  .0058445  .0034947
T 3834  1 .1918243E+07   5000044E-02  .2619E+03  .1352E+03   .9999330  .0102236  .0054269
T 3835  1 .1919264E+07   5000066E-02 -.1584E+03 -.9888E+02   .9999796 -.0061086 -.0018930
T 3836  1 .1925947E+07   5000056E-02  .2428E+02 -.1349E+02   .9999946  .0027718  .0017931
T 3837  1 .1920236E+07   5000124E-02  .2242E+02  .1149E+02   .9999914  .0034428  .0023076
T 3838  1 .1928053E+07   5000226E-02 -.3619E+03 -.9544E+02   .9999185 -.0118536 -.0047505
T 3839  1 .1940798E+07   5000129E-02 -.8445E+02 -.1226E+02   .9999332 -.0056029 -.0101059
T 3840  1 .1914876E+07   5000094E-02  .9810E+00  .2399E+02   .9999990  .0009731  .0010126
T 3841  1 .1921513E+07   5000159E-02  .2814E+02 -.2034E+03   .9999609  .0022627 -.0085525
T 3842  1 .1938878E+07   5000071E-02 -.1284E+03 -.1405E+03   .9999706 -.0068442 -.0034474
T 3843  1 .1929700E+07   5000000E-02 -.1925E+03 -.1299E+03   .9999442 -.0057420 -.0088654
T 3844  1 .1930781E+07   5000220E-02  .2598E+03  .1259E+03   .9999254  .0096595  .0074779
T 3845  1 .1923206E+07   5000154E-02 -.4065E+02 -.9947E+02   .9999556 -.0028304 -.0089832
T 3846  1 .1929832E+07   5000071E-02 -.9990E+02  .7425E+02   .9999847 -.0049879  .0024069
T 3847  1 .1926637E+07   5000156E-02 -.2277E+02  .6362E+01   .9999994 -.0010525  .0001079
T 3848  1 .1919081E+07   5000105E-02  .3030E+02  .2037E+02   .9999913  .0029757  .0029097
T 3849  1 .1927546E+07   5000025E-02  .1874E+02 -.5479E+01   .9999998 -.0004931  .0004017
T 3850  1 .1937699E+07   5000210E-02 -.1589E+03 -.2438E+03   .9999259 -.0023119 -.0119522
T 3851  1 .1924971E+07   5000220E-02  .1791E+03  .1386E+03   .9999331  .0105393  .0047576
T 3852  1 .1932982E+07   5000092E-02  .3911E+02 -.4419E+02   .9999940  .0020851 -.0027579
T 3853  1 .1925134E+07   5000219E-02  .2778E+01 -.2045E+03   .9999298  .0016534 -.0117302
T 3854  1 .1917063E+07   5000049E-02 -.1143E+02  .4973E+02   .9999924 -.0001683  .0039000
T 3855  1 .1912643E+07   5000018E-02  .1032E+03 -.1013E+02   .9999989  .0010072 -.0010427
T 3856  1 .1925964E+07   5000069E-02 -.1207E+02 -.1117E+03   .9999748  .0018152 -.0068645
T 3857  1 .1922641E+07   5000153E-02 -.1650E+02 -.3849E+02   .9999798 -.0045364 -.0044486
T 3858  1 .1915689E+07   5000040E-02 -.2041E+03  .4507E+02   .9999717 -.0070698  .0025781
T 3859  1 .1932167E+07   5000090E-02  .7756E+02  .8357E+02   .9999824  .0034203  .0048526
T 3860  1 .1920832E+07   5000202E-02  .2868E+02 -.2204E+02   .9999869  .0043422 -.0027179
T 3861  1 .1927121E+07   5000103E-02 -.1257E+02  .3593E+02   .9999911 -.0041972  .0004051
T 3862  1 .1928950E+07   5000136E-02 -.3284E+02 -.7061E+01   .9999645 -.0080241 -.0025727
T 3863  1 .1924611E+07   5000151E-02 -.1164E+03  .2988E+02   .9999646 -.0080917 -.0023175
T 3864  1 .1931521E+07   5000224E-02 -.1309E+02  .1228E+02   .9999998  .0004504 -.0005284
T 3865  1 .1927656E+07   5000106E-02  .5529E+02  .3055E+02   .9999987  .0015432  .0005255
T 3866  1 .1926655E+07   5000021E-02  .1924E+03  .6160E+02   .9999633  .0078802  .0033711
T 3867  1 .1919338E+07   5000060E-02  .1129E+03 -.2385E+03   .9999196  .0040164 -.0120305
T 3868  1 .1929997E+07   5000221E-02 -.2178E+03 -.1784E+03   .9999418 -.0098816 -.0043374
T 3869  1 .1935241E+07   5000164E-02  .7778E+02  .8935E-01   .9999853 -.0002254  .0054224
T 3870  1 .1914558E+07   5000110E-02 -.1204E+03  .1093E+03   .9999785 -.0059296  .0028069
T 3871  1 .1911034E+07   5000153E-02  .6962E+02 -.1250E+01   .9999741 -.0004605 -.0071853
T 3872  1 .1921671E+07   5000126E-02  .3156E+03 -.5781E+02   .9999238  .0072327 -.0100068
T 3873  1 .1919167E+07   5000054E-02  .9610E+02  .1836E+03   .9996445  .0140635  .0226529
T 3874  1 .1933629E+07   5000174E-02 -.1344E+03 -.2908E+02   .9999871 -.0048625 -.0014822
T 3875  1 .1919305E+07   5000187E-02  .1027E+02  .3304E+02   .9999952  .0030774 -.0002629
T 3876  1 .1924572E+07   5000074E-02  .6802E+02 -.6339E+02   .9999942  .0015347 -.0030527
T 3877  1 .1917944E+07   5000144E-02 -.1404E+03  .1433E+03   .9999831 -.0037152  .0044759
T 3878  1 .1919359E+07   5000219E-02  .1393E+03  .1519E+03   .9999739  .0022567  .0068638
T 3879  1 .1922373E+07   5000119E-02  .1680E+03 -.4381E+02   .9999903  .0043616  .0006320
T 3880  1 .1912580E+07   5000225E-02  .1231E+03  .8691E+01   .9999917  .0040687 -.0002567
T 3881  1 .1912503E+07   5000031E-02  .2234E+03  .1961E+02   .9999745  .0059580  .0039278
T 3882  1 .1931934E+07   5000224E-02 -.8394E+02  .4567E+02   .9999495 -.0008867  .0100073
T 3883  1 .1922180E+07   5000087E-02  .1476E+01  .2600E+02   .9999974 -.0020277  .0009978
T 3884  1 .1922764E+07   5000189E-02 -.1689E+03 -.2585E+02   .9999721 -.0072471 -.0018326
T 3885  1 .1925738E+07   5000176E-02  .4212E+02  .3687E+02   .9999955  .0027285  .0012245
T 3886  1 .1920927E+07   5000218E-02 -.1004E+03 -.2535E+03   .9998769 -.0029477 -.0154093
T 3887  1 .1928978E+07   5000047E-02 -.1970E+03  .3506E+02   .9999600 -.0082811 -.0033899
T 3888  1 .1920842E+07   5000002E-02 -.1959E+02  .2928E+02   .9999981 -.0000249  .0019676
T 3889  1 .1924115E+07   5000174E-02 -.9063E+02 -.3165E+02   .9999949 -.0001226 -.0031949
T 3890  1 .1907299E+07   5000042E-02 -.1682E+02 -.9541E+02   .9999811 -.0059122 -.0016767
T 3891  1 .1910536E+07   5000104E-02  .5934E+02 -.1710E+03   .9999944  .0029389 -.0015774
T 3892  1 .1928770E+07   5000156E-02  .7381E+02  .6898E+02   .9999944  .0029431  .0015882
T 3893  1 .1919834E+07   5000075E-02  .3273E+02  .7678E+02   .9999521  .0035656  .0091177
T 3894  1 .1936164E+07   5000163E-02  .8619E+02 -.1111E+03   .9999760  .0029949 -.0062549
T 3895  1 .1924121E+07   5000218E-02  .9781E+02  .1020E+02   .9999546  .0088591  .0035120
T 3896  1 .1927397E+07   5000053E-02  .2206E+02  .6035E+02   .9999937  .0024585  .0025434
T 3897  1 .1913505E+07   5000001E-02 -.1507E+03 -.7541E+02   .9999744 -.0064980 -.0030097
T 3898  1 .1930694E+07   5000055E-02 -.1271E+02  .1316E+03   .9999980  .0019857  .0003796
T 3899  1 .1927135E+07   5000143E-02  .1151E+03  .5560E+02   .9999849  .0053943  .0010296
T 3900  1 .1932322E+07   5000006E-02 -.7587E+02  .8610E+02   .9999395 -.0071601  .0083503
T 3901  1 .1935823E+07   5000109E-02  .5754E+02 -.4495E+02   .9999877  .0019097 -.0045668
T 3902  1 .1915277E+07   5000059E-02 -.1762E+02  .1505E+02   .9999879 -.0029151 -.0039579
T 3903  1 .1923501E+07   5000177E-02  .2901E+00  .4056E+01   .9999995  .0002519  .0010158
T 3904  1 .1927345E+07   5000167E-02  .9752E+02 -.1682E+03   .9999368  .0066024 -.0090957
T 3905  1 .1917805E+07   5000173E-02 -.8295E+02 -.1312E+03   .9999732 -.0028619 -.0067314
T 3906  1 .1919693E+07   5000195E-02  .7876E+02  .9180E+01   .9999918  .0039379 -.0009812
T 3907  1 .1922927E+07   5000080E-02  .2380E+03 -.3821E+03   .9974115  .0352939 -.0626469
T 3908  1 .1911675E+07   5000219E-02 -.8188E+02 -.4815E+03   .9999426 -.0041048 -.0098929
T 3909  1 .1920763E+07   5000093E-02 -.4748E+01 -.1049E+02   .9999735  .0041316  .0059871
T 3910  1 .1915947E+07   5000179E-02  .7161E+01  .8307E+01   .9999950  .0030436 -.0008472
T 3911  1 .1923961E+07   5000069E-02 -.8123E+02 -.1583E+02   .9999539  .0044575 -.0085045
T 3912  1 .1922875E+07   5000166E-02  .1213E+03 -.1147E+02   .9999237  .0080419 -.0093802
T 3913  1 .1929998E+07   5000068E-02 -.2215E+02  .6035E+02   .9999505 -.0095510 -.0027723
T 3914  1 .1928382E+07   5000108E-02  .2581E+02 -.3349E+02   .9999996  .0000370 -.0008802
T 3915  1 .1918155E+07   5000176E-02 -.1802E+03 -.1059E+03   .9999725 -.0071191 -.0020928
T 3916  1 .1925789E+07   5000087E-02  .2819E+02 -.2615E+03   .9998791  .0072099 -.0137783
T 3917  1 .1943956E+07   5000130E-02  .8770E+02  .1864E+03   .9999837  .0014851  .0055087
T 3918  1 .1936955E+07   5000122E-02  .9836E+01  .9356E+01   .9999991  .0012144  .0006132
T 3919  1 .1932780E+07   5000013E-02 -.5363E+02  .8139E+02   .9999954 -.0027266 -.0012926
T 3920  1 .1923838E+07   5000155E-02  .1065E+03 -.9568E+01   .9999846  .0055460  .0001921
T 3921  1 .1929469E+07   5000025E-02  .3764E+02 -.2520E+03   .9998992 -.0004059 -.0141903
T 3922  1 .1912957E+07   5000014E-02 -.1571E+03 -.1632E+03   .9993128 -.0265635 -.0258501
T 3923  1 .1915509E+07   5000104E-02 -.2573E+02  .5195E+02   .9999646 -.0057059 -.0061867
T 3924  1 .1916512E+07   5000097E-02  .1126E+02 -.2070E+02   .9999972 -.0004177 -.0023384
T 3925  1 .1916147E+07   5000210E-02 -.1043E+03 -.2321E+03   .9795684 -.0117912 -.2007651
T 3926  1 .1916263E+07   5000003E-02  .1527E+03 -.2379E+03   .9999140  .0051614 -.0120598
T 3927  1 .1928350E+07   5000163E-02  .3877E+02 -.9824E+02   .9999889  .0028205 -.0037718
T 3928  1 .1920154E+07   5000031E-02 -.1236E+02  .1971E+02   .9999996 -.0006721  .0005869
T 3929  1 .1907311E+07   5000106E-02 -.2948E+02 -.7330E+02   .9986996 -.0368939  .0351833
T 3930  1 .1917699E+07   5000145E-02  .6054E+02  .8089E+01   .9999771  .0055195 -.0039097
T 3931  1 .1923178E+07   5000136E-02 -.4816E+02 -.1265E+02   .9999701 -.0062376  .0045647
T 3932  1 .1929512E+07   5000173E-02 -.9094E+02  .3093E+02   .9999842 -.0044858  .0033986
T 3933  1 .1933578E+07   5000105E-02 -.5901E+02  .3009E+02   .9999787 -.0047145  .0045056
T 3934  1 .1919610E+07   5000008E-02 -.1310E+03 -.1080E+03   .9999725 -.0055817 -.0048882
T 3935  1 .1930969E+07   5000026E-02  .3662E+02 -.1790E+02   .9999962 -.0024090 -.0013445
T 3936  1 .1922499E+07   5000141E-02 -.2636E+02  .2986E+02   .9999909 -.0013928  .0040233
T 3937  1 .1917546E+07   5000016E-02 -.5345E+02  .1331E+03   .9999814 -.0051942  .0032061
T 3938  1 .1930145E+07   5000065E-02  .3463E+02 -.1434E+03   .9999843  .0051110  .0022955
T 3939  1 .1926215E+07   5000155E-02 -.1153E+03  .5529E+02   .9999579 -.0091637  .0004636
T 3940  1 .1916288E+07   5000188E-02  .3271E+02 -.2186E+02   .9999998 -.0005114 -.0004768
T 3941  1 .1930230E+07   5000209E-02  .1850E+02  .1121E+03   .9999454  .0003454  .0104422
T 3942  1 .1929872E+07   5000139E-02 -.1033E+03  .8692E+02   .9999609 -.0079128  .0039408
T 3943  1 .1924228E+07   5000141E-02  .6970E+02 -.6070E+02   .9999768  .0062518 -.0026945
T 3944  1 .1930989E+07   5000160E-02  .8246E+02  .2700E+02   .9999834  .0050743  .0027335
T 3945  1 .1918297E+07   5000135E-02 -.1127E+03  .4025E+02   .9999841 -.0053561  .0017687
T 3946  1 .1918347E+07   5000198E-02  .5230E+01  .1989E+02   .9999986  .0006747  .0015418
T 3947  1 .1933398E+07   5000107E-02  .2339E+03 -.9623E+02   .9999425  .0087148 -.0062439
T 3948  1 .1928169E+07   5000075E-02 -.3179E+02  .9520E+00   .9999602 -.0074729  .0048671
T 3949  1 .1915982E+07   5000027E-02 -.5232E+03  .3868E+03   .9993762 -.0291614  .0199220
T 3950  1 .1919331E+07   5000003E-02  .4148E+02 -.1015E+03   .9999793 -.0012033 -.0063270
T 3951  1 .1915944E+07   5000213E-02  .2703E+02 -.4915E+02   .9999823 -.0017626 -.0056776
T 3952  1 .1929294E+07   5000106E-02 -.8200E+02  .8621E+02   .9999807 -.0038943  .0048430
T 3953  1 .1935455E+07   5000175E-02  .3244E+02 -.5366E+02   .9999656  .0050703  .0065669
T 3954  1 .1922575E+07   5000189E-02  .1756E+02  .1934E+03   .9999832  .0010439  .0057029
T 3955  1 .1925524E+07   5000115E-02  .2057E+02  .4675E+02   .9999995  .0000937  .0009693
T 3956  1 .1918235E+07   5000023E-02 -.8535E+02 -.1186E+02   .9999994  .0007307  .0007639
T 3957  1 .1916413E+07   5000091E-02 -.6912E+01 -.4039E+01   .9999978  .0018793  .0008817
T 3958  1 .1911240E+07   5000226E-02  .3582E+02  .3073E+02   .9999977 -.0000653  .0021350
T 3959  1 .1927497E+07   5000064E-02  .2624E+03 -.1139E+03   .9999557  .0079395 -.0050485
T 3960  1 .1931861E+07   5000208E-02  .2484E+03  .4969E+02   .9999639  .0076766  .0036335
T 3961  1 .1931988E+07   5000114E-02  .6567E+02  .6839E+02   .9999663  .0068014  .0045894
T 3962  1 .1923711E+07   5000221E-02  .4384E+02 -.2023E+02   .9999925  .0023335 -.0030834
T 3963  1 .1911599E+07   5000139E-02  .5024E+02  .7857E+02   .9999904  .0027054  .0034515
T 3964  1 .1932070E+07   5000032E-02  .2244E+03  .1172E+03   .9999624  .0055204  .0066948
T 3965  1 .1910051E+07   5000123E-02  .5752E+02  .1587E+03   .9998585 -.0001413  .0168233
T 3966  1 .1917075E+07   5000151E-02  .7456E+02  .1685E+02   .9999972 -.0018432  .0014985
T 3967  1 .1926020E+07   5000035E-02  .9768E+02  .2355E+02   .9999692  .0037403  .0068977
T 3968  1 .1919521E+07   5000142E-02 -.8109E+02 -.1650E+02   .9999553 -.0092878 -.0017925
T 3969  1 .1931143E+07   5000111E-02  .4362E+02 -.1596E+02   .9999920  .0016843 -.0036375
T 3970  1 .1919648E+07   5000139E-02  .6227E+02 -.8236E+02   .9999749  .0032190 -.0063080
T 3971  1 .1915517E+07   5000183E-02 -.3339E+02 -.2811E+02   .9999749 -.0068245 -.0018924
T 3972  1 .1923879E+07   5000043E-02 -.4736E+02 -.2651E+02   .9999997 -.0008145 -.0001207
T 3973  1 .1924566E+07   5000181E-02  .3976E+02  .7648E+02   .9999949  .0011871  .0029695
T 3974  1 .1931907E+07   5000014E-02  .2566E+03  .2586E+03   .9999301  .0068266  .0096586
T 3975  1 .1917882E+07   5000180E-02 -.7916E+02 -.2991E+02   .9999761 -.0029326 -.0062593
T 3976  1 .1932575E+07   5000220E-02  .8404E+02 -.4910E+02   .9999946  .0031738  .0009019
T 3977  1 .1929408E+07   5000143E-02 -.1147E+03  .1040E+02   .9999899 -.0041968  .0015816
T 3978  1 .1919861E+07   5000137E-02 -.3309E+03  .3733E+03   .9997133 -.0161371  .0176876
T 3979  1 .1916397E+07   5000215E-02 -.9991E+02  .6987E+02   .9999773 -.0055852  .0037691
T 3980  1 .1918436E+07   5000186E-02  .1289E+03 -.5379E+01   .9999811  .0061052 -.0006920
T 3981  1 .1934598E+07   5000099E-02 -.3720E+02 -.1863E+02   .9999830 -.0052501 -.0025511
T 3982  1 .1932396E+07   5000145E-02 -.3807E+03  .4087E+02   .9999391 -.0107812 -.0023719
T 3983  1 .1924486E+07   5000218E-02  .2519E+03  .2084E+03   .9999159  .0066153  .0111591
T 3984  1 .1926482E+07   5000182E-02 -.2343E+02 -.2370E+02   .9999891 -.0020986 -.0041696
T 3985  1 .1919311E+07   5000171E-02 -.1290E+03  .4084E+02   .9999950 -.0030309  .0009205
T 3986  1 .1915230E+07   5000140E-02 -.1082E+03 -.1027E+03   .9999928 -.0035923 -.0012621
T 3987  1 .1915907E+07   5000074E-02 -.4539E+01  .5332E+02   .9999873  .0003919  .0050266
T 3988  1 .1916612E+07   5000112E-02 -.6397E+02  .1145E+03   .9999868 -.0012546  .0049855
T 3989  1 .1922704E+07   5000192E-02 -.5508E+02  .6814E+01   .9999688 -.0060260  .0051062
T 3990  1 .1917000E+07   5000198E-02  .3866E+02  .1374E+03   .9999822  .0055383  .0022045
T 3991  1 .1926594E+07   5000149E-02  .5933E+02 -.8671E+02   .9999724  .0045991 -.0058280
T 3992  1 .1930639E+07   5000004E-02 -.7992E+02 -.2280E+02   .9999992 -.0009468 -.0008142
T 3993  1 .1909480E+07   5000196E-02 -.2705E+02  .2110E+01   .9999916 -.0040763 -.0003164
T 3994  1 .1938332E+07   5000010E-02  .9726E+01  .3407E+02   .9999879 -.0014139  .0047187
T 3995  1 .1925199E+07   5000143E-02 -.8231E+02 -.8768E+02   .9999942 -.0024955 -.0023114
T 3996  1 .1902097E+07   5000027E-02  .4463E+02 -.4491E+02   .9999775  .0056125 -.0036805
T 3997  1 .1924561E+07   5000006E-02  .1788E+02  .2522E+02   .9999748  .0028680  .0064885
T 3998  1 .1913371E+07   5000074E-02  .2680E+02 -.1208E+02   .9999999 -.0000549 -.0005309
T 3999  1 .1916222E+07   5000009E-02  .4648E+02 -.1442E+02   .9998873  .0123674 -.0085153
T 4000  1 .1911278E+07   5000208E-02  .7036E+03 -.1274E+03   .9984728  .0552378  .0009052
T 4001  1 .1926816E+07   5000014E-02  .1186E+02 -.1081E+03   .9999938  .0005335 -.0034809
T 4002  1 .1921872E+07   5000181E-02  .4693E+02 -.4732E+01   .9999911  .0014936 -.0039436
T 4003  1 .1925298E+07   5000106E-02  .3444E+02 -.1810E+03   .9999377  .0018856 -.0109985
T 4004  1 .1923246E+07   5000157E-02  .7381E+02  .1373E+03   .9999861  .0021668  .0048059
T 4005  1 .1929467E+07   5000004E-02 -.2065E+02  .6228E+01   .9999981 -.0009207  .0017203
T 4006  1 .1933886E+07   5000074E-02 -.1996E+02 -.6661E+02   .9999912 -.0020342 -.0036816
T 4007  1 .1922832E+07   5000204E-02 -.1256E+02 -.5340E+02   .9999805 -.0030510 -.0054413
T 4008  1 .1912848E+07   5000213E-02  .1018E+03  .1476E+03   .9999870  .0043899  .0025843
T 4009  1 .1934127E+07   5000003E-02  .1187E+03  .1166E+03   .9999638  .0059093  .0061206
T 4010  1 .1927476E+07   5000125E-02  .1327E+03 -.3519E+03   .9999772  .0031160 -.0059960
T 4011  1 .1924390E+07   5000008E-02  .4510E+02 -.3097E+02   .9999920  .0012015 -.0038112
T 4012  1 .1928968E+07   5000155E-02 -.8707E+02 -.2994E+02   .9999758 -.0067838  .0015331
T 4013  1 .1933818E+07   5000091E-02  .1035E+02 -.1029E+02   .9999979  .0018820 -.0008703
T 4014  1 .1902504E+07   5000060E-02 -.8980E+02 -.1767E+03   .9999863 -.0017465 -.0049343
T 4015  1 .1929368E+07   5000030E-02 -.4713E+02 -.1045E+03   .9999813  .0021031 -.0057456
T 4016  1 .1933861E+07   5000218E-02  .9692E+02  .5878E+02   .9999615  .0070569  .0052174
T 4017  1 .1936505E+07   5000021E-02  .4802E+02 -.1912E+03   .9999185  .0083752 -.0096334
T 4018  1 .1924908E+07   5000192E-02  .6698E+02 -.6661E+02   .9999885  .0027406 -.0039293
T 4019  1 .1923322E+07   5000099E-02  .1370E+03 -.4773E+02   .9999900  .0043761  .0008949
T 4020  1 .1926633E+07   5000184E-02  .2206E+02 -.9828E+02   .9999442  .0101174  .0030276
T 4021  1 .1923120E+07   5000098E-02 -.2042E+02 -.2032E+01   .9999996 -.0001797 -.0009109
T 4022  1 .1936877E+07   5000166E-02  .2378E+03  .2566E+03   .9999329  .0039683  .0108796
T 4023  1 .1918460E+07   5000086E-02 -.4693E+03 -.2262E+03   .9996591 -.0232529 -.0118746
T 4024  1 .1931298E+07   5000126E-02 -.4798E+02  .9490E+02   .9999497 -.0024599  .0097281
T 4025  1 .1912821E+07   5000160E-02  .1654E+03  .5147E+02   .9999841  .0055909  .0007356
T 4026  1 .1925108E+07   5000146E-02 -.1481E+03  .2155E+03   .9999843 -.0045093  .0033234
T 4027  1 .1926054E+07   5000182E-02  .5595E+02  .4681E+02   .9999967  .0019684  .0016557
T 4028  1 .1915239E+07   5000202E-02 -.4647E+02  .3530E+02   .9997842 -.0003379  .0207719
T 4029  1 .1914170E+07   5000152E-02  .2809E+02  .3543E+02   .9999950  .0019388  .0024814
T 4030  1 .1928771E+07   5000090E-02 -.1387E+03 -.6830E+02   .9998850 -.0143054 -.0050374
T 4031  1 .1926566E+07   5000042E-02  .5864E+02  .1271E+02   .9999674  .0068214  .0043245
T 4032  1 .1935565E+07   5000208E-02  .4035E+02 -.5045E+02   .9999817  .0031463 -.0051717
T 4033  1 .1920687E+07   5000124E-02  .1986E+02 -.5555E+02   .9999991 -.0002548  .0013137
T 4034  1 .1928407E+07   5000195E-02  .2856E+02  .1395E+03   .9999676  .0022632  .0077305
T 4035  1 .1930036E+07   5000027E-02  .1120E+03 -.9163E+01   .9999566  .0092905 -.0006539
T 4036  1 .1922129E+07   5000002E-02  .5527E+01 -.4866E+02   .9999934 -.0007350 -.0035497
T 4037  1 .1933891E+07   5000071E-02  .1409E+03  .2543E+01   .9999760  .0067256  .0016664
T 4038  1 .1918915E+07   5000189E-02 -.1454E+03 -.6853E+02   .9999422 -.0106693 -.0013064
T 4039  1 .1917787E+07   5000223E-02  .5190E+02 -.3242E+02   .9999816  .0051861  .0031470
T 4040  1 .1919707E+07   5000172E-02  .5447E+02  .8836E+02   .9999791  .0029271  .0057619
T 4041  1 .1921881E+07   5000144E-02 -.1000E+03  .5194E+02   .9999605 -.0088623 -.0006859
T 4042  1 .1925210E+07   5000061E-02  .2748E+02 -.6793E+02   .9999899  .0036845 -.0025556
T 4043  1 .1927334E+07   5000220E-02  .4649E+02  .1182E+03   .9999983  .0017172 -.0005988
T 4044  1 .1920543E+07   5000077E-02  .2547E+02 -.1823E+02   .9999669  .0073845 -.0034078
T 4045  1 .1917683E+07   5000155E-02  .3354E+02 -.2577E+03   .9999606  .0042471 -.0077986
T 4046  1 .1928682E+07   5000004E-02 -.1962E+03 -.1799E+03   .9999306 -.0067075 -.0096803
T 4047  1 .1915940E+07   5000166E-02  .2254E+02 -.1280E+03   .9999939  .0034801 -.0001757
T 4048  1 .1926256E+07   5000196E-02  .9470E+01 -.2588E+02   .9999955  .0024346  .0017551
T 4049  1 .1932583E+07   5000112E-02 -.7927E+02 -.1538E+03   .9999797 -.0063000 -.0009669
T 4050  1 .1921778E+07   5000053E-02  .8084E+02 -.3239E+00   .9999814  .0026130 -.0055056
T 4051  1 .1938934E+07   5000221E-02 -.4618E+02  .1327E+03   .9999491 -.0058290  .0082413
T 4052  1 .1923607E+07   5000136E-02 -.9298E+02  .2997E+02   .9999953 -.0018407  .0024540
T 4053  1 .1930955E+07   5000093E-02 -.2281E+03 -.2914E+03   .9999657 -.0054942 -.0062047
T 4054  1 .1920293E+07   5000053E-02 -.2826E+02 -.1109E+02   .9999998 -.0001371 -.0005818
T 4055  1 .1921947E+07   5000093E-02  .5417E+02 -.4196E+02   .9999661 -.0036207 -.0073887
T 4056  1 .1929294E+07   5000208E-02  .1641E+03  .1431E+02   .9999398  .0108285  .0017604
T 4057  1 .1926724E+07   5000185E-02 -.4148E+02  .1063E+01   .9999473 -.0095197  .0038453
T 4058  1 .1921463E+07   5000133E-02  .7668E+01  .5780E+01   .9999829  .0004212  .0058389
T 4059  1 .1932084E+07   5000157E-02 -.6560E+03  .3314E+03   .9997560 -.0208326  .0073443
T 4060  1 .1921765E+07   5000227E-02 -.1423E+03  .4889E+02   .9999890 -.0032064 -.0034093
T 4061  1 .1922745E+07   5000187E-02  .5135E+02  .1981E+02   .9999984  .0017059 -.0004941
T 4062  1 .1915251E+07   5000159E-02  .1829E+02  .1108E+03   .9999436  .0012898  .0105444
T 4063  1 .1920162E+07   5000176E-02 -.3024E+03  .5949E+01   .9998845 -.0151547  .0011611
T 4064  1 .1925933E+07   5000158E-02  .1127E+03 -.1856E+03   .9999925  .0028168 -.0026763
T 4065  1 .1912382E+07   5000149E-02  .7622E+02  .2508E+02   .9999991  .0005330  .0012011
T 4066  1 .1926977E+07   5000063E-02  .1226E+03  .1429E+03   .9998909  .0048182  .0139647
T 4067  1 .1928583E+07   5000218E-02 -.8019E+01 -.2722E+01   .9999938 -.0033708  .0009766
T 4068  1 .1930002E+07   5000191E-02  .1808E+02 -.9488E+02   .9999559 -.0061957 -.0070600
T 4069  1 .1923895E+07   5000130E-02 -.1573E+03 -.9855E+01   .9999888 -.0046673  .0007622
T 4070  1 .1929361E+07   5000006E-02 -.3063E+03 -.2666E+03   .9996611 -.0198928 -.0167945
T 4071  1 .1913834E+07   5000157E-02  .1039E+03  .4652E+02   .9999872  .0039709  .0031393
T 4072  1 .1929074E+07   5000105E-02 -.1344E+03  .6027E+02   .9999735 -.0072058 -.0010627
T 4073  1 .1928666E+07   5000019E-02  .3455E+02  .7144E+02   .9999983  .0018112 -.0002895
T 4074  1 .1916566E+07   5000019E-02 -.6558E+02 -.1003E+03   .9999935 -.0008284 -.0035072
T 4075  1 .1927341E+07   5000151E-02 -.1709E+03  .4485E+02   .9999926  .0000899  .0038541
T 4076  1 .1917499E+07   5000014E-02 -.2592E+02  .9046E+01   .9999884  .0040770 -.0025474
T 4077  1 .1930552E+07   5000083E-02 -.3744E+02  .2121E+02   .9999810 -.0029572 -.0054169
T 4078  1 .1925309E+07   5000089E-02 -.1376E+02  .1659E+02   .9999975 -.0017682 -.0013970
T 4079  1 .1932866E+07   5000166E-02 -.2654E+01  .3611E+02   .9999884 -.0016667  .0045137
T 4080  1 .1919481E+07   5000212E-02  .1245E+02 -.9941E+02   .9999755  .0039491 -.0057733
T 4081  1 .1928836E+07   5000042E-02 -.1396E+03  .3163E+03   .9999256 -.0054890  .0108913
T 4082  1 .1930379E+07   5000214E-02  .5806E+02  .1365E+03   .9999880 -.0009745  .0048083
T 4083  1 .1927995E+07   5000091E-02 -.2581E+03 -.2756E+03   .9998975 -.0078516 -.0119695
T 4084  1 .1917476E+07   5000223E-02  .1952E+03  .4773E+02   .9998983  .0140654  .0023426
T 4085  1 .1921068E+07   5000158E-02  .1216E+02 -.2367E+02   .9999990 -.0006098 -.0012854
T 4086  1 .1920764E+07   5000007E-02 -.2278E+00  .2796E+02   .9999967  .0016853  .0019200
T 4087  1 .1915448E+07   5000068E-02  .3009E+02  .5511E+00   .9999849  .0053200  .0014107
T 4088  1 .1922035E+07   5000127E-02 -.1016E+02  .2011E+02   .9999914 -.0039561 -.0012221
T 4089  1 .1916738E+07   5000160E-02 -.3104E+02 -.3295E+03   .9999442 -.0021427 -.0103423
T 4090  1 .1940918E+07   5000008E-02  .5611E+02 -.2383E+02   .9999866  .0047178 -.0021318
T 4091  1 .1913443E+07   5000113E-02  .9995E+02  .1835E+02   .9999860  .0048268  .0021814
T 4092  1 .1917267E+07   5000008E-02 -.5110E+02 -.6907E+02   .9999657 -.0047266 -.0068071
T 4093  1 .1930107E+07   5000163E-02  .1092E+02  .3367E+02   .9999983  .0000708  .0018565
T 4094  1 .1927512E+07   5000039E-02 -.4955E+01  .2393E+02   .9999948  .0012618  .0029527
T 4095  1 .1928435E+07   5000036E-02 -.8512E+02 -.2523E+02   .9999725 -.0070006 -.0024575
T 4096  1 .1919265E+07   5000173E-02 -.6325E+02  .2792E+02   .9999919  .0008231  .0039317
T 4097  1 .1926403E+07   5000156E-02  .1308E+03 -.1065E+03   .9999689  .0051663 -.0059665
T 4098  1 .1926787E+07   5000162E-02  .2156E+02  .8918E+02   .9999757 -.0036875  .0059111
T 4099  1 .1921510E+07   5000205E-02  .3489E+02 -.4389E+03   .9996647 -.0023850 -.0257830
T 4100  1 .1917944E+07   5000221E-02 -.4256E+02  .1341E+03   .9999305 -.0065729  .0097900
T 4101  1 .1922313E+07   5000174E-02 -.7794E+02 -.1343E+03   .9999534 -.0020462 -.0094293
T 4102  1 .1923764E+07   5000030E-02  .2714E+02  .2396E+02   .9999961  .0015395  .0023108
T 4103  1 .1935597E+07   5000226E-02  .6739E+02  .3589E+01   .9999386  .0108208 -.0023944
T 4104  1 .1913223E+07   5000191E-02 -.1148E+03 -.7251E+01   .9999677 -.0080307  .0003857
T 4105  1 .1916396E+07   5000127E-02  .2550E+03  .2180E+03   .9999388  .0092882  .0060183
T 4106  1 .1913986E+07   5000070E-02  .5744E+01 -.2794E+02   .9999913 -.0021073 -.0035875
T 4107  1 .1921089E+07   5000051E-02 -.6517E+03  .9950E+03   .9989586 -.0328441  .0316690
T 4108  1 .1934895E+07   5000086E-02  .1655E+03  .6557E+02   .9999876  .0044285  .0022941
T 4109  1 .1929527E+07   5000004E-02 -.2117E+02 -.1438E+02   .9999992  .0000032  .0012316
T 4110  1 .1919489E+07   5000085E-02 -.2713E+02 -.5518E+01   .9999968 -.0025299 -.0000207
T 4111  1 .1912051E+07   5000019E-02 -.1259E+03  .2175E+03   .9997890 -.0139260  .0151029
T 4112  1 .1918468E+07   5000075E-02 -.6657E+02  .1785E+03   .9999464 -.0058482  .0085420
T 4113  1 .1922007E+07   5000109E-02  .2657E+01  .5386E+02   .9999857 -.0000036  .0053549
T 4114  1 .1929174E+07   5000144E-02 -.6225E+01  .3595E+02   .9999997  .0003833  .0006332
T 4115  1 .1915753E+07   5000134E-02 -.4747E+02  .2361E+02   .9999991 -.0013362  .0000764
T 4116  1 .1923686E+07   5000154E-02  .5053E+02  .3422E+02   .9999958  .0028862  .0003772
T 4117  1 .1935001E+07   5000120E-02  .2277E+02 -.6752E+01   .9999994  .0008517 -.0007394
T 4118  1 .1921033E+07   5000130E-02 -.1187E+03 -.7395E+01   .9999747 -.0058462 -.0040447
T 4119  1 .1920549E+07   5000212E-02  .1988E+02  .5545E+01   .9999993 -.0011506  .0000242
T 4120  1 .1917334E+07   5000145E-02 -.1343E+03  .9007E+02   .9999939 -.0034625  .0003742
T 4121  1 .1917770E+07   5000037E-02 -.5575E+01  .1601E+02   .9999992  .0010381  .0007419
T 4122  1 .1916928E+07   5000113E-02 -.2455E+02 -.4516E+03   .9998364 -.0006566 -.0180774
T 4123  1 .1918984E+07   5000184E-02 -.1366E+02  .6324E+01   .9999976  .0003548 -.0021407
T 4124  1 .1921718E+07   5000120E-02 -.9607E+01 -.1787E+02   .9999996  .0008473  .0000096
T 4125  1 .1916743E+07   5000138E-02  .2118E+02 -.2080E+01   .9999997  .0000788 -.0007667
T 4126  1 .1931854E+07   5000109E-02  .1345E+02 -.1818E+01   .9999820  .0058870 -.0011835
T 4127  1 .1922234E+07   5000137E-02 -.1670E+02 -.3955E+02   .9999733 -.0067478 -.0027934
T 4128  1 .1914192E+07   5000209E-02 -.1355E+03  .7175E+02   .9999785 -.0049689  .0042768
T 4129  1 .1922591E+07   5000139E-02  .3458E+02  .1303E+02   .9999978  .0000635  .0020892
T 4130  1 .1932620E+07   5000206E-02 -.1564E+02 -.9710E+02   .9999949 -.0018513 -.0025881
T 4131  1 .1926910E+07   5000083E-02  .1348E+02  .6214E+02   .9999992  .0008401  .0009578
T 4132  1 .1919036E+07   5000062E-02 -.2733E+02 -.1188E+02   .9999987  .0014745 -.0006548
T 4133  1 .1919328E+07   5000144E-02 -.1648E+02  .1348E+02   .9999991 -.0011198  .0007652
T 4134  1 .1925069E+07   5000125E-02  .2282E+02 -.5364E+01   .9999875  .0025171 -.0043305
T 4135  1 .1919602E+07   5000111E-02  .2436E+02 -.4439E+03   .9999749 -.0015511 -.0069182
T 4136  1 .1916339E+07   5000077E-02 -.2062E+03  .4995E+02   .9999665 -.0061010  .0054641
T 4137  1 .1929095E+07   5000073E-02  .8629E+02  .2587E+02   .9999910  .0042363  .0001837
T 4138  1 .1919627E+07   5000189E-02  .2578E+02  .4931E+02   .9999945  .0019776  .0026810
T 4139  1 .1913284E+07   5000221E-02 -.4209E+03 -.1389E+01   .9999024 -.0127885  .0056305
T 4140  1 .1916191E+07   5000210E-02  .1694E+03  .2484E+03   .9998276  .0136603  .0125733
T 4141  1 .1905659E+07   5000028E-02  .1300E+03 -.6849E+02   .9999875  .0046106  .0019098
T 4142  1 .1931805E+07   5000195E-02 -.1412E+02 -.3367E+02   .9999953 -.0020962 -.0022224
T 4143  1 .1920283E+07   5000009E-02 -.2360E+02  .6576E+02   .9999954 -.0029438 -.0006613
T 4144  1 .1918064E+07   5000200E-02  .2324E+02  .1402E+03   .9999909  .0035091  .0024326
T 4145  1 .1921922E+07   5000168E-02  .8451E+02  .2744E+03   .9999111  .0046720  .0124912
T 4146  1 .1918919E+07   5000131E-02  .1155E+03 -.5543E+02   .9999648  .0035512 -.0076013
T 4147  1 .1924798E+07   5000123E-02 -.7997E+02  .8264E+02   .9999937 -.0019850  .0029358
T 4148  1 .1935304E+07   5000029E-02 -.3835E+01 -.2245E+02   .9999985  .0009159 -.0014754
T 4149  1 .1932514E+07   5000048E-02 -.5358E+02  .4220E+02   .9999949  .0031260  .0006402
T 4150  1 .1929957E+07   5000166E-02 -.1682E+04  .1905E+03   .9964481 -.0836994  .0092472
T 4151  1 .1932236E+07   5000132E-02 -.6464E+01  .4987E+03   .9998881  .0000979  .0149560
T 4152  1 .1910380E+07   5000138E-02 -.6839E+02  .9395E+02   .9999954 -.0028847  .0008915
T 4153  1 .1932640E+07   5000168E-02  .1494E+03  .1168E+02   .9999828  .0057964  .0008721
T 4154  1 .1932589E+07   5000063E-02 -.7075E+01 -.1076E+03   .9999751  .0027459 -.0065050
T 4155  1 .1924028E+07   5000142E-02  .1260E+03 -.5662E+02   .9999878  .0049159 -.0004323
T 4156  1 .1930187E+07   5000167E-02  .1434E+02  .7098E+02   .9999994  .0008908  .0005978
T 4157  1 .1917749E+07   5000017E-02 -.1297E+02 -.2249E+03   .9999327 -.0009442 -.0115592
T 4158  1 .1912752E+07   5000198E-02 -.1643E+02 -.2918E+02   .9999877 -.0037883 -.0031955
T 4159  1 .1921263E+07   5000223E-02  .2159E+02 -.9883E+02   .9999968 -.0010182 -.0023360
T 4160  1 .1923512E+07   5000214E-02 -.2296E+03 -.9821E+02   .9999661 -.0082315 -.0001122
T 4161  1 .1928983E+07   5000199E-02 -.1278E+03 -.4275E+02   .9999744 -.0064856 -.0030081
T 4162  1 .1920204E+07   5000223E-02 -.2316E+03 -.8952E+02   .9998652 -.0144096 -.0078663
T 4163  1 .1915794E+07   5000213E-02 -.2217E+02 -.7948E+02   .9999064 -.0094492  .0098972
T 4164  1 .1932055E+07   5000080E-02  .5080E+02 -.3758E+01   .9999881  .0038156 -.0030244
T 4165  1 .1925670E+07   5000152E-02  .1275E+02 -.9038E+02   .9999898 -.0008430 -.0044450
T 4166  1 .1920136E+07   5000055E-02  .2410E+02 -.1254E+03   .9999723 -.0001403 -.0074425
T 4167  1 .1915913E+07   5000047E-02 -.1741E+03 -.1505E+02   .9999392 -.0092332 -.0060245
T 4168  1 .1925276E+07   5000186E-02 -.1229E+03  .2086E+02   .9999827 -.0053564 -.0024509
T 4169  1 .1923931E+07   5000092E-02  .1898E+03 -.2200E+02   .9999281  .0098288 -.0068705
T 4170  1 .1926365E+07   5000070E-02  .1249E+03 -.1073E+02   .9999983  .0017645 -.0004652
T 4171  1 .1909497E+07   5000109E-02 -.3165E+01  .2766E+01   .9999984  .0016208 -.0006991
T 4172  1 .1932519E+07   5000123E-02  .7196E+02  .6020E+02   .9999681  .0077675 -.0018415
T 4173  1 .1933652E+07   5000060E-02  .4516E+02  .6576E+01   .9999752 -.0049259  .0050286
T 4174  1 .1930177E+07   5000073E-02 -.1638E+03 -.2449E+03   .9999671 -.0063351 -.0050757
T 4175  1 .1922058E+07   5000168E-02 -.8505E+02  .6109E+02   .9999928 -.0022143  .0030937
T 4176  1 .1920519E+07   5000220E-02  .2263E+02  .5752E+01   .9999996 -.0007214  .0005636
T 4177  1 .1934473E+07   5000164E-02  .5019E+02  .7296E+02   .9999916  .0033015  .0024285
T 4178  1 .1927236E+07   5000219E-02 -.4049E+02  .2385E+02   .9999793 -.0063797  .0008207
T 4179  1 .1932421E+07   5000149E-02 -.5974E+02 -.2517E+02   .9999457 -.0083098  .0062898
T 4180  1 .1927577E+07   5000132E-02 -.8628E+02  .1231E+03   .9999632 -.0052813  .0067577
T 4181  1 .1926708E+07   5000090E-02  .5138E+02  .2459E+02   .9999914  .0001201  .0041520
T 4182  1 .1918913E+07   5000051E-02 -.4502E+02 -.1700E+03   .9999551 -.0025170 -.0091383
T 4183  1 .1934522E+07   5000088E-02  .1108E+02 -.1611E+02   .9999992  .0002992 -.0012220
T 4184  1 .1921584E+07   5000198E-02  .6688E+02  .1698E+02   .9999663  .0071019  .0041271
T 4185  1 .1922947E+07   5000220E-02  .1473E+02  .4880E+02   .9999729 -.0018822  .0071215
T 4186  1 .1922475E+07   5000107E-02 -.6563E+02  .8079E+02   .9999800 -.0037854  .0050741
T 4187  1 .1912488E+07   5000124E-02  .4592E+02  .5619E+02   .9998531  .0109170  .0132141
T 4188  1 .1921299E+07   5000110E-02  .3595E+02 -.3557E+03   .9997625  .0004070 -.0217915
T 4189  1 .1921484E+07   5000147E-02 -.9507E+02 -.4383E+00   .9999777 -.0066551  .0004613
T 4190  1 .1930572E+07   5000164E-02 -.1591E+03 -.1179E+03   .9999441 -.0094616 -.0047217
T 4191  1 .1916925E+07   5000005E-02 -.2171E+03 -.1666E+02   .9999680 -.0079868  .0004588
T 4192  1 .1925888E+07   5000072E-02  .6086E+02  .2793E+03   .9999492  .0036867  .0093776
T 4193  1 .1916547E+07   5000222E-02  .3901E+02 -.1746E+02   .9999658  .0081407 -.0014330
T 4194  1 .1923286E+07   5000223E-02  .2930E+03 -.1500E+03   .9999060  .0124387 -.0057678
T 4195  1 .1930027E+07   5000166E-02  .4524E+02  .2149E+02   .9999880  .0039608  .0028962
T 4196  1 .1919839E+07   5000212E-02  .1919E+03  .1918E+03   .9999713  .0039808  .0064535
T 4197  1 .1913077E+07   5000171E-02 -.1036E+03 -.7431E+02   .9999979 -.0018545  .0008547
T 4198  1 .1925233E+07   5000064E-02  .3032E+02  .2779E+01   .9999919  .0039646  .0007334
T 4199  1 .1918336E+07   5000036E-02  .1439E+02  .2003E+03   .9999390  .0025872  .0107364
T 4200  1 .1921193E+07   5000146E-02 -.1345E+03 -.6747E+02   .9999804 -.0061606 -.0010859
T 4201  1 .1907642E+07   5000114E-02  .3750E+01 -.7731E+02   .9999848  .0001137 -.0055041
T 4202  1 .1917387E+07   5000062E-02  .2557E+02  .3084E+01   .9999993 -.0004465 -.0011210
T 4203  1 .1918935E+07   5000072E-02  .4513E+02 -.5364E+01   .9999966  .0025623  .0004515
T 4204  1 .1925609E+07   5000086E-02 -.6140E+02  .8949E+02   .9999887  .0003642  .0047471
T 4205  1 .1920514E+07   5000067E-02 -.4698E+02 -.1238E+03   .9999916  .0027184 -.0030800
T 4206  1 .1910895E+07   5000142E-02  .4053E+02 -.5741E+02   .9999896  .0045519 -.0002476
T 4207  1 .1920670E+07   5000220E-02 -.9613E+02 -.7794E+00   .9999871 -.0047919  .0016915
T 4208  1 .1918327E+07   5000205E-02  .7021E+03 -.3984E+02   .9998683  .0159846 -.0027950
T 4209  1 .1929219E+07   5000151E-02 -.3551E+02  .1123E+03   .9999838 -.0047139  .0032002
T 4210  1 .1915065E+07   5000167E-02 -.1824E+02  .2046E+02   .9999943 -.0023186  .0024653
T 4211  1 .1924451E+07   5000120E-02 -.2396E+02 -.1828E+03   .9998873  .0062962 -.0136295
T 4212  1 .1939763E+07   5000126E-02  .3214E+02  .1146E+03   .9999906 -.0002621  .0043217
T 4213  1 .1926889E+07   5000134E-02  .6957E+01 -.3651E+01   .9999999  .0002241  .0001589
T 4214  1 .1926180E+07   5000100E-02 -.2053E+03  .2751E+03   .9999512 -.0065727  .0073740
T 4215  1 .1918455E+07   5000013E-02 -.1308E+03  .1361E+03   .9999050 -.0119966  .0067914
T 4216  1 .1918742E+07   5000002E-02  .4820E+02 -.1039E+03   .9999907  .0030454 -.0030492
T 4217  1 .1921449E+07   5000144E-02 -.3061E+03  .8861E+02   .9999063 -.0119166  .0067339
T 4218  1 .1924967E+07   5000074E-02 -.1660E+03 -.7044E+02   .9998754 -.0157237  .0013694
T 4219  1 .1925514E+07   5000197E-02 -.5406E+02 -.6512E+02   .9999648 -.0065975 -.0051934
T 4220  1 .1921199E+07   5000188E-02  .1083E+03  .2864E+02   .9999962  .0027086  .0005114
T 4221  1 .1917954E+07   5000220E-02 -.5715E+01 -.3782E+00   .9999995 -.0008503  .0005095
T 4222  1 .1916510E+07   5000209E-02 -.3429E+02  .1578E+02   .9999942 -.0030380  .0015211
T 4223  1 .1919040E+07   5000018E-02  .2114E+03 -.2799E+02   .9999081  .0120666 -.0061815
T 4224  1 .1933635E+07   5000002E-02 -.2646E+03  .3353E+03   .9998596 -.0122066  .0114756
T 4225  1 .1919223E+07   5000161E-02  .4376E+02  .2035E+03   .9999849 -.0035128  .0042285
T 4226  1 .1917549E+07   5000162E-02 -.5377E+02  .8064E+02   .9999878 -.0042897  .0024688
T 4227  1 .1940293E+07   5000146E-02 -.1924E+02 -.1365E+03   .9999933 -.0007893 -.0035614
T 4228  1 .1916560E+07   5000118E-02  .4711E+01 -.1009E+01   .9999874  .0003568 -.0050053
T 4229  1 .1915208E+07   5000054E-02  .1583E+03  .1019E+03   .9999629  .0075220  .0042011
T 4230  1 .1926021E+07   5000217E-02 -.1735E+03  .7006E+02   .9999779 -.0065657  .0010631
T 4231  1 .1925440E+07   5000008E-02 -.3084E+03  .1295E+03   .9999611 -.0078494  .0040275
T 4232  1 .1937682E+07   5000054E-02 -.2713E+02  .4387E+02   .9999666 -.0065305 -.0049081
T 4233  1 .1918970E+07   5000106E-02 -.8549E+02  .6754E+02   .9999973 -.0018561  .0014258
T 4234  1 .1917044E+07   5000104E-02 -.2302E+03  .2226E+01   .9999575 -.0061552  .0068631
T 4235  1 .1917974E+07   5000204E-02 -.1970E+03  .3496E+02   .9999927 -.0033069  .0019012
T 4236  1 .1929678E+07   5000170E-02 -.9531E+02 -.1382E+02   .9999960 -.0023509 -.0015823
T 4237  1 .1926177E+07   5000073E-02 -.8404E+01  .1896E+02   .9999958  .0018157  .0022608
T 4238  1 .1932486E+07   5000134E-02 -.2637E+02  .1332E+03   .9999865 -.0045555  .0025157
T 4239  1 .1927874E+07   5000084E-02  .8935E+02 -.1566E+03   .9999619  .0084376 -.0022452
T 4240  1 .1918568E+07   5000219E-02 -.1137E+03 -.2263E+02   .9999802 -.0062034  .0010221
T 4241  1 .1929569E+07   5000054E-02  .8115E+01  .3321E+02   .9999986  .0006357  .0015232
T 4242  1 .1912835E+07   5000190E-02 -.9555E+02 -.4309E+02   .9999361 -.0111306 -.0019876
T 4243  1 .1925629E+07   5000061E-02 -.4579E+02 -.5657E+02   .9999797 -.0026865 -.0057806
T 4244  1 .1917106E+07   5000155E-02  .7898E+01 -.4107E+02   .9999971 -.0014053 -.0019699
T 4245  1 .1928595E+07   5000177E-02  .3899E+02 -.1068E+02   .9999986  .0014966 -.0007208
T 4246  1 .1922638E+07   5000190E-02 -.4519E+02 -.3433E+02   .9999840 -.0038185 -.0041768
T 4247  1 .1916572E+07   5000173E-02  .1674E+02 -.9714E+01   .9999885  .0028645 -.0038539
T 4248  1 .1922632E+07   5000198E-02 -.3484E+02  .4151E+02   .9999882  .0000760  .0048668
T 4249  1 .1924915E+07   5000025E-02  .2219E+03  .1070E+03   .9998766  .0143939  .0062920
T 4250  1 .1918975E+07   5000219E-02 -.2750E+01  .1488E+02   .9999987 -.0007219  .0014118
T 4251  1 .1921617E+07   5000072E-02  .1998E+03 -.7740E+02   .9999559  .0082531 -.0044769
T 4252  1 .1927996E+07   5000091E-02 -.2472E+02  .3203E+02   .9999954 -.0013219  .0027369
T 4253  1 .1917490E+07   5000172E-02  .2761E+03 -.5310E+03   .9998938  .0056792 -.0134197
T 4254  1 .1931563E+07   5000047E-02 -.4924E+02  .3668E+02   .9999962 -.0021570 -.0017011
T 4255  1 .1922214E+07   5000221E-02  .1852E+02 -.1247E+01   .9999981  .0006327  .0018524
T 4256  1 .1927628E+07   5000215E-02 -.4778E+02  .4655E+02   .9999980 -.0013562  .0014917
T 4257  1 .1928861E+07   5000118E-02 -.1818E+02  .6312E+02   .9999859 -.0049418  .0019382
T 4258  1 .1937013E+07   5000191E-02  .7023E+02 -.1291E+03   .9999393  .0100572 -.0044903
T 4259  1 .1921494E+07   5000203E-02 -.2933E+03  .2526E+02   .9998901 -.0142950  .0039257
T 4260  1 .1927253E+07   5000206E-02  .9533E+02 -.1616E+02   .9999648  .0078853 -.0028833
T 4261  1 .1924920E+07   5000206E-02  .6757E+01  .2655E+02   .9999996  .0004449  .0008230
T 4262  1 .1919262E+07   5000053E-02 -.3880E+03 -.4191E+03   .9998288 -.0102190 -.0154227
T 4263  1 .1931317E+07   5000170E-02  .8484E+02 -.1379E+03   .9999251  .0051254 -.0111169
T 4264  1 .1930592E+07   5000006E-02 -.2409E+01  .4385E+02   .9999971  .0002805  .0023936
T 4265  1 .1924558E+07   5000101E-02  .5823E+02  .2379E+02   .9999627  .0084645  .0016941
T 4266  1 .1910072E+07   5000211E-02 -.3141E+02 -.3020E+03   .9999099 -.0022490 -.0132354
T 4267  1 .1914721E+07   5000161E-02 -.1717E+02  .6433E+02   .9999852 -.0011595  .0053172
T 4268  1 .1926275E+07   5000135E-02 -.1120E+02 -.1488E+02   .9999853  .0038447 -.0038315
T 4269  1 .1925746E+07   5000002E-02  .5024E+03 -.3084E+03   .9994914  .0312705 -.0062563
T 4270  1 .1919589E+07   5000194E-02 -.1576E+02  .1035E+02   .9999925 -.0038807 -.0001131
T 4271  1 .1913407E+07   5000055E-02  .7021E+02 -.2060E+03   .9999875  .0016883 -.0046975
T 4272  1 .1929928E+07   5000004E-02  .2251E+03  .4125E+01   .9999590  .0082475 -.0037357
T 4273  1 .1911889E+07   5000188E-02  .7131E+01  .7988E+02   .9999540  .0027442  .0091866
T 4274  1 .1910416E+07   5000003E-02  .1106E+03  .1916E+03   .9997463  .0117732  .0192038
T 4275  1 .1930309E+07   5000211E-02 -.9257E+02  .7302E+02   .9999962 -.0019629  .0019470
T 4276  1 .1924790E+07   5000217E-02 -.1570E+03 -.2183E+03   .9999272 -.0083423 -.0087185
T 4277  1 .1927814E+07   5000085E-02 -.1569E+03  .2335E+02   .9999966 -.0025606  .0004142
T 4278  1 .1917430E+07   5000156E-02  .4994E+02 -.6816E+02   .9999780  .0041456 -.0051712
T 4279  1 .1925499E+07   5000196E-02  .2305E+03 -.8772E+02   .9999643  .0073316 -.0041978
T 4280  1 .1921515E+07   5000120E-02  .4286E+03 -.6768E+02   .9999183  .0123545 -.0032933
T 4281  1 .1922919E+07   5000198E-02  .2733E+02 -.6724E+02   .9999940  .0005166 -.0034236
T 4282  1 .1915405E+07   5000051E-02 -.1144E+03 -.2627E+02   .9999752 -.0068861 -.0014719
T 4283  1 .1932291E+07   5000034E-02  .1553E+02  .2408E+02   .9999969 -.0018913  .0016035
T 4284  1 .1930150E+07   5000170E-02  .1215E+03 -.8539E+01   .9999862  .0052263  .0004661
T 4285  1 .1932115E+07   5000192E-02 -.1638E+02  .1529E+01   .9999957 -.0004256 -.0029037
T 4286  1 .1923638E+07   5000025E-02  .2427E+02 -.9797E+01   .9999951  .0028511 -.0013070
T 4287  1 .1917942E+07   5000108E-02 -.2600E+02 -.1241E+02   .9999933 -.0024235 -.0027529
T 4288  1 .1917724E+07   5000100E-02 -.1007E+03  .4055E+02   .9999887 -.0042342  .0021733
T 4289  1 .1915860E+07   5000091E-02 -.2082E+02 -.4927E+02   .9999779  .0004965 -.0066367
T 4290  1 .1922440E+07   5000047E-02  .9709E+02  .6078E+02   .9999944  .0032832 -.0005702
T 4291  1 .1920720E+07   5000154E-02 -.3628E+01 -.1755E+02   .9999975  .0022180  .0002775
T 4292  1 .1923591E+07   5000143E-02 -.5640E+02 -.2002E+02   .9999965 -.0022179 -.0014444
T 4293  1 .1923709E+07   5000064E-02  .3016E+03  .2124E+03   .9999389 -.0001459  .0110513
T 4294  1 .1914090E+07   5000199E-02  .2168E+02  .1862E+02   .9999886 -.0005408  .0047380
T 4295  1 .1925305E+07   5000113E-02  .2121E+02  .1034E+03   .9999558  .0004205  .0093927
T 4296  1 .1921676E+07   5000113E-02 -.1382E+02 -.3057E+02   .9999973 -.0009767 -.0021277
T 4297  1 .1933515E+07   5000191E-02 -.2121E+02 -.2390E+02   .9999752  .0069065 -.0013457
T 4298  1 .1914362E+07   5000220E-02  .3465E+02  .5681E+02   .9999779  .0038456 -.0054195
T 4299  1 .1931207E+07   5000223E-02  .1305E+03  .2904E+02   .9999809  .0058854 -.0018748
T 4300  1 .1919722E+07   5000144E-02 -.3651E+02  .1082E+03   .9999969 -.0014181  .0020462
T 4301  1 .1928856E+07   5000210E-02  .3512E+02 -.9914E+02   .9999945  .0006218 -.0032497
T 4302  1 .1930638E+07   5000225E-02 -.2048E+03 -.4156E+02   .9999449 -.0104614 -.0008525
T 4303  1 .1925349E+07   5000108E-02  .4754E+02  .1544E+03   .9998946  .0051152  .0135853
T 4304  1 .1929673E+07   5000133E-02 -.1022E+03 -.1032E+03   .9999290 -.0101065 -.0063103
T 4305  1 .1929810E+07   5000173E-02  .1611E+03  .1078E+03   .9999811  .0036077  .0049716
T 4306  1 .1928030E+07   5000185E-02 -.6870E+02  .3411E+02   .9999912 -.0023807  .0034669
T 4307  1 .1925251E+07   5000142E-02 -.1137E+02 -.2515E+02   .9999910 -.0009938 -.0041323
T 4308  1 .1932388E+07   5000200E-02  .7169E+02 -.3053E+02   .9999950  .0024789 -.0019646
T 4309  1 .1914017E+07   5000114E-02  .1336E+02  .1186E+03   .9999619  .0025423  .0083553
T 4310  1 .1912394E+07   5000122E-02 -.7446E+02  .2243E+03   .9999816 -.0050595  .0033616
T 4311  1 .1926925E+07   5000051E-02  .7133E+02 -.1868E+03   .9999947  .0032169  .0005716
T 4312  1 .1916923E+07   5000208E-02 -.3621E+02 -.5135E+02   .9999948 -.0025452 -.0019859
T 4313  1 .1929567E+07   5000077E-02  .5742E+02 -.1763E+03   .9999840  .0017440 -.0053758
T 4314  1 .1926648E+07   5000101E-02  .2872E+01 -.1348E+03   .9999899 -.0005501 -.0044701
T 4315  1 .1925728E+07   5000166E-02  .4302E+02 -.2941E+02   .9999411  .0078943 -.0074523
T 4316  1 .1919835E+07   5000144E-02  .1747E+03 -.5925E+02   .9999762  .0065891 -.0020243
T 4317  1 .1937601E+07   5000199E-02 -.3584E+02  .5510E+01   .9999830 -.0024149 -.0053055
T 4318  1 .1918767E+07   5000221E-02 -.3544E+02 -.4260E+02   .9999915 -.0013507 -.0038996
T 4319  1 .1933757E+07   5000139E-02 -.1431E+03 -.6772E+02   .9999703 -.0043871 -.0063370
T 4320  1 .1918891E+07   5000098E-02  .1662E+01  .1454E+02   .9999904  .0012770  .0041892
T 4321  1 .1927953E+07   5000048E-02 -.8697E+01  .1382E+02   .9999956 -.0029554  .0001698
T 4322  1 .1927620E+07   5000210E-02  .3536E+02 -.7904E+02   .9999994  .0005135 -.0009556
T 4323  1 .1930040E+07   5000110E-02  .8669E+02  .8711E+01   .9999958  .0017850 -.0022765
T 4324  1 .1931114E+07   5000182E-02  .1259E+01  .5247E+01   .9999985  .0015190 -.0008584
T 4325  1 .1927308E+07   5000170E-02  .1848E+01 -.1497E+02   .9999974  .0022757  .0003071
T 4326  1 .1921788E+07   5000020E-02 -.3894E+02  .1161E+03   .9999934 -.0005542  .0036030
T 4327  1 .1921744E+07   5000145E-02  .1797E+02  .7323E+01   .9999999 -.0002454 -.0002995
T 4328  1 .1922511E+07   5000101E-02 -.1513E+02 -.4547E+02   .9998798 -.0082631 -.0131200
T 4329  1 .1911506E+07   5000046E-02  .4131E+02  .2387E+02   .9999976 -.0021233  .0004662
T 4330  1 .1928836E+07   5000176E-02 -.7134E+02  .1993E+02   .9999923 -.0039267  .0002222
T 4331  1 .1912168E+07   5000080E-02 -.1081E+03  .1254E+03   .9999746 -.0058280  .0041039
T 4332  1 .1923848E+07   5000196E-02  .4009E+02  .8059E+02   .9999742  .0006521  .0071589
T 4333  1 .1921102E+07   5000075E-02  .1570E+03 -.2105E+03   .9999825  .0039385 -.0044074
T 4334  1 .1925542E+07   5000150E-02 -.2639E+03  .2305E+02   .9999298 -.0117199 -.0017158
T 4335  1 .1927333E+07   5000141E-02 -.9526E+03  .9017E+03   .9985651 -.0401173  .0354745
T 4336  1 .1933766E+07   5000205E-02 -.7645E+02  .4498E+01   .9999908 -.0042821  .0000194
T 4337  1 .1917293E+07   5000184E-02  .5969E+02  .1441E+03   .9999760 -.0027961  .0063422
T 4338  1 .1908264E+07   5000143E-02  .4725E+03 -.8534E+03   .9720255  .1131294 -.2058352
T 4339  1 .1928126E+07   5000016E-02  .7536E+02  .3620E+02   .9999959  .0021330  .0019006
T 4340  1 .1926829E+07   5000083E-02  .8753E+02 -.4774E+01   .9999980  .0015661  .0012212
T 4341  1 .1933635E+07   5000007E-02 -.3068E+02 -.4331E+02   .9999794 -.0027293  .0058139
T 4342  1 .1920585E+07   5000100E-02  .2564E+01  .4944E+02   .9999802 -.0008464  .0062321
T 4343  1 .1929394E+07   5000163E-02 -.3697E+02  .7948E+01   .9999958 -.0028563  .0004081
T 4344  1 .1928949E+07   5000206E-02  .4983E+02 -.3012E+02   .9999972  .0005773  .0022803
T 4345  1 .1925721E+07   5000144E-02 -.9646E+01  .3764E+02   .9999697 -.0047344  .0061720
T 4346  1 .1931579E+07   5000220E-02 -.1448E+03 -.2497E+02   .9998867 -.0145148 -.0039862
T 4347  1 .1913189E+07   5000188E-02  .6929E+02  .1812E+02   .9999925  .0024303  .0030229
T 4348  1 .1935205E+07   5000000E-02 -.5267E+01  .2333E+03   .9999970 -.0023768  .0006679
T 4349  1 .1911357E+07   5000205E-02 -.4664E+02 -.3245E+02   .9999922 -.0037169 -.0013586
T 4350  1 .1929186E+07   5000166E-02 -.2389E+02 -.7563E+02   .9999949  .0000506 -.0031980
T 4351  1 .1922995E+07   5000120E-02 -.3806E+02 -.1213E+02   .9999981 -.0011507  .0015526
T 4352  1 .1910495E+07   5000150E-02 -.1689E+02  .3425E+02   .9999858 -.0008834  .0052497
T 4353  1 .1928658E+07   5000147E-02 -.9584E+02  .1115E+03   .9999348 -.0051659  .0101883
T 4354  1 .1926425E+07   5000193E-02 -.2846E+00 -.8547E+01   .9999971  .0022252  .0009045
T 4355  1 .1922873E+07   5000137E-02 -.3151E+02 -.5611E+02   .9999826 -.0014751 -.0057152
T 4356  1 .1928998E+07   5000225E-02 -.2016E+02 -.1643E+03   .9999359  .0086202 -.0073390
T 4357  1 .1919356E+07   5000196E-02 -.5681E+02  .8188E+01   .9999912 -.0032286  .0026866
T 4358  1 .1904049E+07   5000059E-02  .9243E+02 -.1250E+03   .9999959  .0012727 -.0025484
T 4359  1 .1928407E+07   5000037E-02 -.1736E+03  .2787E+02   .9999218 -.0119343  .0037309
T 4360  1 .1922054E+07   5000089E-02  .4314E+02 -.6959E+02   .9999695  .0049586 -.0060365
T 4361  1 .1920629E+07   5000204E-02  .2802E+02 -.3499E+02   .9999044  .0087008  .0107477
T 4362  1 .1933573E+07   5000134E-02  .2823E+02  .9009E+02   .9999181  .0081711  .0098454
T 4363  1 .1925102E+07   5000152E-02 -.1823E+03  .8333E+02   .9999950 -.0031262  .0004323
T 4364  1 .1923915E+07   5000214E-02 -.1810E+03  .3388E+02   .9999597 -.0089769 -.0000773
T 4365  1 .1919343E+07   5000021E-02  .1095E+03  .8969E+02   .9999785  .0039915  .0052060
T 4366  1 .1914244E+07   5000102E-02 -.1900E+01  .2000E+01   .9999957  .0021341  .0020284
T 4367  1 .1918988E+07   5000021E-02 -.1873E+03 -.6674E+02   .9999059 -.0114140 -.0076124
T 4368  1 .1924659E+07   5000103E-02 -.1186E+03 -.2161E+02   .9999912 -.0033244  .0025749
T 4369  1 .1937781E+07   5000077E-02  .3194E+01  .6207E+02   .9999995 -.0003428  .0009560
T 4370  1 .1920996E+07   5000171E-02  .3099E+03  .1178E+03   .9999511  .0087682  .0045711
T 4371  1 .1902534E+07   5000043E-02 -.1510E+02 -.2156E+02   .9999983  .0014365 -.0011415
T 4372  1 .1912911E+07   5000213E-02 -.5526E+02  .5917E+02   .9999896 -.0026485  .0037047
T 4373  1 .1934258E+07   5000006E-02 -.8341E+02  .5298E+02   .9999964 -.0023446  .0013378
T 4374  1 .1913088E+07   5000205E-02 -.6714E+02 -.3994E+02   .9999980 -.0019646 -.0003355
T 4375  1 .1924035E+07   5000035E-02 -.7027E+02 -.1144E+03   .9999841 -.0045541 -.0033134
T 4376  1 .1928604E+07   5000183E-02 -.6282E+02  .1145E+03   .9999860  .0009556  .0051989
T 4377  1 .1914362E+07   5000035E-02 -.1241E+02  .3716E+02   .9999940 -.0008307  .0033503
T 4378  1 .1926797E+07   5000074E-02 -.7227E+02  .5943E+02   .9999735 -.0064284  .0034138
T 4379  1 .1923369E+07   5000150E-02 -.2451E+02 -.1247E+03   .9999769  .0041738 -.0053670
T 4380  1 .1932078E+07   5000102E-02 -.1542E+02  .1809E+02   .9999979 -.0001162  .0020342
T 4381  1 .1915461E+07   5000050E-02  .1082E+03 -.2172E+02   .9999801  .0063063 -.0001743
T 4382  1 .1912725E+07   5000160E-02  .8218E+01 -.7357E+01   .9999983  .0014477 -.0011387
T 4383  1 .1922657E+07   5000205E-02  .3130E+03  .3118E+02   .9999549  .0088456  .0034586
T 4384  1 .1912103E+07   5000196E-02  .7240E+02 -.1343E+03   .9999028  .0026378 -.0136933
T 4385  1 .1929310E+07   5000037E-02  .3454E+02 -.5033E+02   .9999909  .0027457 -.0032543
T 4386  1 .1918478E+07   5000015E-02 -.8540E+02  .8468E+02   .9999705 -.0068025  .0035572
T 4387  1 .1924167E+07   5000219E-02  .5754E+02 -.1969E+03   .9999785  .0060115 -.0026357
T 4388  1 .1928179E+07   5000187E-02  .5278E+02 -.9526E+01   .9999986  .0016459 -.0001312
T 4389  1 .1918142E+07   5000183E-02  .5537E+00  .1161E+03   .9999735 -.0008776  .0072287
T 4390  1 .1917552E+07   5000199E-02 -.6637E+02 -.3938E+00   .9999861 -.0048649 -.0020314
T 4391  1 .1920218E+07   5000079E-02 -.1243E+03 -.9038E+02   .9999874 -.0046007 -.0019983
T 4392  1 .1926686E+07   5000115E-02  .2679E+02  .1296E+03   .9999866  .0014359  .0049706
T 4393  1 .1915359E+07   5000139E-02  .3099E+03  .2273E+02   .9999652  .0083384  .0002783
T 4394  1 .1907997E+07   5000030E-02  .4709E+02  .2088E+02   .9999962  .0023972  .0013743
T 4395  1 .1926993E+07   5000221E-02 -.1783E+02  .3167E+02   .9999340 -.0096489  .0062372
T 4396  1 .1926639E+07   5000214E-02  .2661E+02  .5689E+02   .9999804 -.0023745  .0057943
T 4397  1 .1937548E+07   5000090E-02 -.5361E+02  .9397E+01   .9999924 -.0025785  .0029290
T 4398  1 .1929885E+07   5000156E-02 -.9895E+02 -.1813E+02   .9999918 -.0040296  .0003507
T 4399  1 .1921953E+07   5000127E-02  .1640E+02  .2016E+02   .9999999 -.0001039  .0000826
T 4400  1 .1927397E+07   5000210E-02  .8733E+02 -.3713E+02   .9999716  .0054490  .0052016
T 4401  1 .1924754E+07   5000189E-02  .1087E+03  .1481E+03   .9999680  .0076218  .0024457
T 4402  1 .1909515E+07   5000157E-02  .1083E+03  .1878E+02   .9999747  .0070864 -.0005635
T 4403  1 .1914131E+07   5000064E-02  .9204E+01 -.1470E+02   .9999915  .0015545 -.0038294
T 4404  1 .1920892E+07   5000225E-02 -.1301E+03 -.1734E+03   .9999222 -.0017336 -.0123512
T 4405  1 .1927316E+07   5000003E-02 -.7983E+02 -.5235E+02   .9999928 -.0029209 -.0024207
T 4406  1 .1926640E+07   5000118E-02  .4653E+02 -.6251E+02   .9998783  .0138173 -.0072473
T 4407  1 .1916208E+07   5000219E-02 -.8283E+02 -.2019E+03   .9999562 -.0039241 -.0084957
T 4408  1 .1920123E+07   5000093E-02 -.3148E+03  .5212E+02   .9999593 -.0089003 -.0015036
T 4409  1 .1923927E+07   5000163E-02  .8073E+02  .1497E+03   .9999527  .0018843  .0095386
T 4410  1 .1918201E+07   5000135E-02  .2403E+01  .8622E+01   .9999979  .0009637  .0017968
T 4411  1 .1921071E+07   5000154E-02 -.1893E+02 -.7877E+02   .9999680  .0006218 -.0079784
T 4412  1 .1924893E+07   5000177E-02 -.1296E+02  .2943E+01   .9999997 -.0003213 -.0007556
T 4413  1 .1934976E+07   5000209E-02  .9120E+02  .1077E+03   .9999514  .0052891  .0083181
T 4414  1 .1920565E+07   5000060E-02 -.1584E+03 -.5722E+02   .9999466 -.0091374 -.0048301
T 4415  1 .1913532E+07   5000166E-02  .4413E+03  .5140E+02   .9998842  .0151641  .0012496
T 4416  1 .1916675E+07   5000008E-02  .1030E+03 -.1648E+02   .9999945  .0032094  .0008929
T 4417  1 .1918419E+07   5000075E-02 -.9679E+02 -.1641E+03   .9998502 -.0093048 -.0145929
T 4418  1 .1931862E+07   5000044E-02 -.7867E+02  .1180E+03   .9999610 -.0008358  .0087900
T 4419  1 .1932795E+07   5000047E-02  .5241E+01 -.5355E+02   .9999640 -.0046793 -.0070808
T 4420  1 .1934607E+07   5000184E-02  .3413E+02  .3666E+02   .9999946 -.0018691  .0027176
T 4421  1 .1918479E+07   5000057E-02  .2531E+02 -.1852E+02   .9999979 -.0005133 -.0019719
T 4422  1 .1932051E+07   5000218E-02  .1286E+02  .3054E+02   .9999993 -.0000887  .0011634
T 4423  1 .1935392E+07   5000033E-02 -.6181E+01  .9847E+01   .9999978 -.0020654 -.0002112
T 4424  1 .1924450E+07   5000223E-02  .1977E+02  .4897E+01   .9999971  .0000124 -.0024242
T 4425  1 .1922747E+07   5000186E-02  .2200E+03  .2187E+03   .9994000  .0288144  .0192206
T 4426  1 .1929949E+07   5000132E-02 -.5536E+02  .2751E+02   .9999662  .0018473  .0080165
T 4427  1 .1927687E+07   5000161E-02 -.4721E+02  .1298E+03   .9999538 -.0015111  .0094951
T 4428  1 .1917529E+07   5000184E-02  .5548E+02  .6081E+01   .9999890  .0033975 -.0032384
T 4429  1 .1914819E+07   5000219E-02 -.3671E+02 -.5909E+02   .9999937  .0010268 -.0033909
T 4430  1 .1929929E+07   5000097E-02  .9835E+01  .3888E+02   .9999866  .0015271  .0049423
T 4431  1 .1929356E+07   5000082E-02 -.9673E+02 -.1065E+03   .9998822 -.0027663 -.0150962
T 4432  1 .1929819E+07   5000183E-02  .4093E+01 -.1307E+03   .9999748 -.0033614 -.0062552
T 4433  1 .1913714E+07   5000050E-02  .4585E+02 -.2691E+02   .9999866  .0047539 -.0020721
T 4434  1 .1931638E+07   5000095E-02  .3325E+03 -.9700E+01   .9998934  .0128453 -.0069476
T 4435  1 .1911226E+07   5000199E-02  .3321E+02  .1880E+02   .9999996  .0008431 -.0002293
T 4436  1 .1922744E+07   5000176E-02  .4603E+02  .3369E+02   .9999981 -.0014960 -.0012437
T 4437  1 .1926163E+07   5000024E-02  .9917E+01 -.2644E+02   .9999980 -.0012962 -.0015216
T 4438  1 .1931452E+07   5000094E-02  .2193E+02 -.8317E+02   .9999913  .0028853 -.0029983
T 4439  1 .1922405E+07   5000123E-02  .4037E+02  .3492E+01   .9999606  .0084505  .0027088
T 4440  1 .1917634E+07   5000219E-02 -.1302E+02  .1090E+03   .9999313 -.0070073  .0093935
T 4441  1 .1923171E+07   5000222E-02  .2122E+02 -.8177E+02   .9999846  .0021465 -.0051120
T 4442  1 .1926490E+07   5000143E-02  .2648E+03 -.2586E+03   .9990871  .0293612 -.0310320
T 4443  1 .1919818E+07   5000204E-02  .1948E+00 -.2919E+02   .9999973 -.0022442  .0006706
T 4444  1 .1926162E+07   5000161E-02  .2738E+02 -.3996E+02   .9999956 -.0012216 -.0026856
T 4445  1 .1915529E+07   5000184E-02 -.8383E+02  .6289E+02   .9999717 -.0014166  .0073923
T 4446  1 .1918157E+07   5000133E-02  .1045E+01  .7145E+01   .9999994  .0004890 -.0009962
T 4447  1 .1925326E+07   5000200E-02  .4720E+03  .1361E+03   .9995048  .0306675  .0070506
T 4448  1 .1914702E+07   5000200E-02  .1119E+02 -.5895E+01   .9999988  .0000597  .0015536
T 4449  1 .1917702E+07   5000137E-02  .7677E+01 -.6553E+00   .9999991 -.0009805 -.0009183
T 4450  1 .1920286E+07   5000187E-02  .7631E+02 -.6967E+02   .9999957  .0017866 -.0023297
T 4451  1 .1927444E+07   5000025E-02  .2204E+02 -.3955E+02   .9999844  .0034481 -.0043942
T 4452  1 .1927636E+07   5000000E-02 -.1292E+02  .1286E+03   .9999790 -.0005111  .0064658
T 4453  1 .1925747E+07   5000224E-02 -.7792E+02  .7325E+01   .9999960 -.0028006 -.0003576
T 4454  1 .1924107E+07   5000199E-02  .1501E+03  .6068E+02   .9999333  .0050627  .0103807
T 4455  1 .1921616E+07   5000177E-02  .1340E+03 -.7759E+01   .9999735  .0072755  .0000842
T 4456  1 .1911561E+07   5000037E-02  .1358E+03  .6788E+02   .9999549  .0084419  .0043473
T 4457  1 .1925594E+07   5000057E-02 -.1806E+02  .1042E+03   .9999917 -.0002230  .0040737
T 4458  1 .1925358E+07   5000033E-02  .1247E+03  .4334E+02   .9999851  .0052819  .0013652
T 4459  1 .1924698E+07   5000209E-02 -.7549E+01 -.3180E+01   .9999995 -.0000390 -.0010058
T 4460  1 .1927729E+07   5000038E-02  .9520E+01 -.5720E+02   .9999990 -.0012483 -.0006993
T 4461  1 .1912621E+07   5000219E-02 -.9652E+02 -.1706E+02   .9999967 -.0023024 -.0011578
T 4462  1 .1930469E+07   5000107E-02 -.6460E+02  .1216E+03   .9999856 -.0021737  .0049096
T 4463  1 .1920119E+07   5000216E-02  .5907E+02 -.1113E+03   .9999862  .0011404 -.0051297
T 4464  1 .1930732E+07   5000179E-02 -.1458E+03  .2700E+03   .9991535 -.0002178  .0411368
T 4465  1 .1934354E+07   5000176E-02 -.1320E+02  .2568E+02   .9999995  .0005528  .0008284
T 4466  1 .1920333E+07   5000173E-02 -.9321E+02  .6027E+03   .9996582 -.0025146  .0260210
T 4467  1 .1923701E+07   5000018E-02 -.1350E+03  .1107E+03   .9999684  .0008591  .0079040
T 4468  1 .1921450E+07   5000140E-02 -.4253E+02  .2405E+02   .9999915 -.0034433  .0022659
T 4469  1 .1927678E+07   5000065E-02 -.8707E+01 -.3445E+02   .9999946 -.0013518 -.0029884
T 4470  1 .1914817E+07   5000180E-02  .6051E+01  .3881E+02   .9999915  .0037359  .0017559
T 4471  1 .1909572E+07   5000103E-02 -.1843E+03 -.1832E+03   .9999867 -.0050808 -.0008904
T 4472  1 .1924149E+07   5000131E-02  .1057E+03 -.1049E+03   .9999733 -.0003372 -.0072957
T 4473  1 .1920032E+07   5000141E-02 -.1301E+03 -.2416E+02   .9999973 -.0022815 -.0004580
T 4474  1 .1918541E+07   5000148E-02 -.5862E+02 -.9467E+02   .9999530 -.0024460 -.0093821
T 4475  1 .1920829E+07   5000225E-02 -.4417E+02  .1510E+03   .9999553 -.0042205  .0084627
T 4476  1 .1921185E+07   5000178E-02  .9409E+02  .3438E+03   .9998637  .0058693  .0154343
T 4477  1 .1923056E+07   5000224E-02  .2057E+03  .1784E+03   .9997238  .0229336  .0051315
T 4478  1 .1923082E+07   5000050E-02  .8329E+02  .1864E+03   .9999732 -.0016637  .0071336
T 4479  1 .1924824E+07   5000029E-02  .7438E+02 -.1062E+03   .9999976  .0021797  .0003738
T 4480  1 .1906433E+07   5000224E-02  .1190E+03 -.1156E+03   .9999479  .0092614 -.0043002
T 4481  1 .1922592E+07   5000184E-02 -.7734E+02  .8446E+01   .9999794 -.0059722 -.0023719
T 4482  1 .1923041E+07   5000192E-02  .6093E+01  .8326E+02   .9999813 -.0015176  .0059293
T 4483  1 .1917174E+07   5000218E-02 -.1586E+02 -.1524E+02   .9999911 -.0038633  .0016733
T 4484  1 .1926017E+07   5000187E-02 -.2385E+02 -.3053E+02   .9999959  .0010189 -.0026855
T 4485  1 .1931923E+07   5000095E-02  .1190E+02 -.4634E+02   .9999721 -.0068507  .0029842
T 4486  1 .1913705E+07   5000004E-02  .2087E+03  .1256E+03   .9999096  .0124740  .0050231
T 4487  1 .1921185E+07   5000220E-02 -.4122E+02 -.6211E+02   .9999941 -.0024432 -.0024237
T 4488  1 .1920328E+07   5000144E-02  .3499E+02  .6133E+02   .9999857  .0006400  .0053035
T 4489  1 .1932374E+07   5000005E-02  .2501E+02 -.5506E+02   .9999785  .0041673 -.0050649
T 4490  1 .1918077E+07   5000032E-02 -.2731E+03  .2085E+03   .9999110 -.0095143  .0093509
T 4491  1 .1922363E+07   5000041E-02 -.4093E+02  .4706E+03   .9998021 -.0014632  .0198398
T 4492  1 .1924367E+07   5000205E-02 -.4825E+02  .7185E+02   .9999557 -.0079074 -.0050977
T 4493  1 .1916100E+07   5000059E-02  .2646E+02 -.7574E+02   .9999969 -.0017372 -.0017635
T 4494  1 .1922626E+07   5000017E-02  .5623E+03  .1613E+03   .9998515  .0166059  .0046148
T 4495  1 .1921223E+07   5000167E-02 -.5682E+02 -.1096E+03   .9999937 -.0019309 -.0029719
T 4496  1 .1926166E+07   5000217E-02 -.3196E+02 -.4469E+02   .9999968 -.0022700 -.0011587
T 4497  1 .1934129E+07   5000056E-02  .8037E+01 -.9593E+01   .9999928 -.0036153 -.0011758
T 4498  1 .1933383E+07   5000094E-02  .3262E+02  .4799E+02   .9999863  .0012841  .0050820
T 4499  1 .1913149E+07   5000115E-02 -.1052E+03  .4680E+02   .9999850 -.0039329  .0038220
T 4500  1 .1926859E+07   5000080E-02  .9833E+02  .8721E+02   .9999657  .0076701 -.0031312
T 4501  1 .1928075E+07   5000207E-02 -.2402E+02 -.6802E+01   .9999958 -.0026576 -.0011674
T 4502  1 .1934662E+07   5000061E-02  .1543E+03 -.1082E+03   .9999267  .0096104 -.0073582
T 4503  1 .1924565E+07   5000045E-02  .2831E+01  .1749E+02   .9999928  .0037812  .0002285
T 4504  1 .1914365E+07   5000092E-02 -.4260E+02  .1295E+03   .9999924 -.0015348  .0035727
T 4505  1 .1923116E+07   5000008E-02 -.6347E+02  .9761E+02   .9999901  .0002063  .0044517
T 4506  1 .1911484E+07   5000073E-02  .4421E+01 -.1738E+02   .9999914  .0033761 -.0024184
T 4507  1 .1922086E+07   5000190E-02 -.3128E+02 -.5004E+02   .9999937 -.0020634 -.0028988
T 4508  1 .1928269E+07   5000002E-02  .1185E+03  .7420E+02   .9999856  .0053398 -.0005347
T 4509  1 .1927645E+07   5000060E-02  .9944E+01  .2715E+01   .9999963 -.0004426  .0026685
T 4510  1 .1918018E+07   5000098E-02  .3293E+02 -.4563E+02   .9999985 -.0008263  .0015231
T 4511  1 .1916140E+07   5000221E-02 -.2681E+03  .4001E+02   .9998952 -.0144065  .0014428
T 4512  1 .1937047E+07   5000222E-02 -.6111E+01  .1317E+03   .9999585  .0018481  .0089235
T 4513  1 .1934219E+07   5000099E-02  .2147E+02  .6384E+01   .9999994  .0010082 -.0005263
T 4514  1 .1927247E+07   5000082E-02  .5021E+02  .1462E+03   .9999821  .0013748  .0058235
T 4515  1 .1935204E+07   5000174E-02  .1043E+02 -.1165E+02   .9999657  .0079736 -.0022599
T 4516  1 .1920769E+07   5000227E-02  .9487E+01 -.3190E+02   .9999918 -.0012762 -.0038346
T 4517  1 .1917436E+07   5000008E-02 -.1879E+02  .1310E+03   .9999911 -.0006663  .0041611
T 4518  1 .1917779E+07   5000158E-02  .9722E+02 -.2231E+02   .9999661  .0082292 -.0002678
T 4519  1 .1924651E+07   5000014E-02 -.3949E+02 -.1563E+02   .9999693 -.0052921 -.0057817
T 4520  1 .1932509E+07   5000068E-02  .6202E+02  .5538E+02   .9999604  .0055208  .0069842
T 4521  1 .1915556E+07   5000130E-02  .8799E+01  .1295E+01   .9999999  .0001268  .0000504
T 4522  1 .1927426E+07   5000090E-02 -.1439E+02  .1635E+02   .9999947 -.0018087 -.0026969
T 4523  1 .1913983E+07   5000093E-02 -.4224E+02  .8057E+03   .9997245  .0039543  .0231356
T 4524  1 .1928590E+07   5000115E-02 -.2565E+02  .4693E+00   .9999973 -.0022530 -.0005378
T 4525  1 .1917732E+07   5000192E-02 -.1292E+02 -.1019E+03   .9999922 -.0003661 -.0039267
T 4526  1 .1925576E+07   5000148E-02  .9373E+02  .1266E+03   .9999591  .0012213  .0089591
T 4527  1 .1927983E+07   5000005E-02  .2205E+03  .1787E+03   .9999685  .0053491  .0058714
T 4528  1 .1931321E+07   5000092E-02 -.1999E+01 -.5244E+02   .9999974  .0003856 -.0022623
T 4529  1 .1917842E+07   5000068E-02  .1719E+02  .9984E+02   .9999652  .0070473  .0044567
T 4530  1 .1921972E+07   5000186E-02 -.5774E+02 -.3736E+02   .9999831  .0050529 -.0028784
T 4531  1 .1914587E+07   5000144E-02  .9640E+02 -.8913E+02   .9999699  .0027516 -.0072524
T 4532  1 .1918742E+07   5000097E-02 -.4547E+02  .2124E+03   .9999338 -.0027783  .0111675
T 4533  1 .1917481E+07   5000183E-02 -.1946E+02  .4069E+01   .9999991 -.0008662  .0010499
T 4534  1 .1917517E+07   5000190E-02  .6684E+02  .6159E+02   .9999538  .0079239 -.0054400
T 4535  1 .1932034E+07   5000127E-02 -.5962E+03  .5532E+03   .9991718 -.0290202  .0285217
T 4536  1 .1923183E+07   5000077E-02 -.6885E+02 -.6885E+02   .9999942  .0006160 -.0033591
T 4537  1 .1912811E+07   5000134E-02  .1500E+03 -.1533E+03   .9999686  .0048832 -.0062477
T 4538  1 .1911444E+07   5000190E-02  .1655E+03 -.1980E+03   .9999987 -.0011696 -.0010654
T 4539  1 .1910006E+07   5000154E-02 -.7972E+01 -.9544E+01   .9999999 -.0000490  .0001819
T 4540  1 .1913675E+07   5000009E-02  .7562E+02 -.1579E+03   .9999475  .0027244 -.0098744
T 4541  1 .1925088E+07   5000211E-02 -.8897E+01  .5310E+02   .9999881 -.0025173  .0041699
T 4542  1 .1919989E+07   5000172E-02 -.1382E+03  .2634E+02   .9998746 -.0157157  .0019730
T 4543  1 .1917059E+07   5000136E-02 -.1872E+03  .4165E+02   .9999672 -.0078527 -.0019981
T 4544  1 .1928665E+07   5000074E-02 -.2590E+02 -.1525E+02   .9999999 -.0002991  .0000324
T 4545  1 .1913321E+07   5000128E-02  .4826E+02  .2579E+02   .9999110  .0102220 -.0085721
T 4546  1 .1924173E+07   5000203E-02  .4072E+02 -.5345E+02   .9999492  .0100112 -.0011965
T 4547  1 .1919463E+07   5000101E-02 -.2005E+03  .1293E+03   .9999273 -.0114217  .0038767
T 4548  1 .1912121E+07   5000007E-02  .4476E+02  .2867E+01   .9999809  .0059655  .0015987
T 4549  1 .1917926E+07   5000224E-02 -.4473E+02 -.9839E+01   .9999960 -.0026559 -.0009754
T 4550  1 .1920388E+07   5000089E-02 -.8371E+02  .7267E+02   .9999852 -.0042091  .0034447
T 4551  1 .1914785E+07   5000169E-02 -.3260E+02  .1489E+03   .9999729 -.0018112  .0071369
T 4552  1 .1916653E+07   5000141E-02 -.4030E+02  .4156E+02   .9999983 -.0004244 -.0017747
T 4553  1 .1939530E+07   5000176E-02 -.7905E+02  .4547E+02   .9999894 -.0042516 -.0017892
T 4554  1 .1910016E+07   5000175E-02 -.1998E+02 -.2353E+03   .9999200 -.0121053 -.0036747
T 4555  1 .1923901E+07   5000129E-02 -.3420E+02 -.1162E+03   .9999890 -.0032405 -.0033975
T 4556  1 .1925661E+07   5000005E-02  .8277E+02  .5856E+02   .9999983  .0018388 -.0000032
T 4557  1 .1932688E+07   5000087E-02 -.1341E+01  .1931E+02   .9999914 -.0036473  .0019549
T 4558  1 .1924477E+07   5000190E-02 -.9027E+02 -.8537E+02   .9999629 -.0067191 -.0053868
T 4559  1 .1928986E+07   5000182E-02  .2086E+02  .1823E+02   .9999941 -.0011757 -.0032291
T 4560  1 .1921692E+07   5000210E-02 -.1414E+03 -.8035E+02   .9999838 -.0052150 -.0022925
T 4561  1 .1925807E+07   5000192E-02  .1626E+03 -.1054E+03   .9999304  .0099740 -.0062996
T 4562  1 .1922047E+07   5000162E-02 -.1328E+03 -.2668E+02   .9999700 -.0075836 -.0015490
T 4563  1 .1920161E+07   5000037E-02 -.3457E+02  .9467E+02   .9999846 -.0013540  .0053805
T 4564  1 .1924735E+07   5000029E-02  .2303E+02  .5964E+01   .9999965  .0026302  .0004171
T 4565  1 .1932268E+07   5000042E-02 -.1649E+02 -.1136E+03   .9999970 -.0021165 -.0012079
T 4566  1 .1917739E+07   5000176E-02  .2389E+02  .3864E+02   .9999933  .0026518  .0025272
T 4567  1 .1922361E+07   5000097E-02 -.5647E+01  .9757E+01   .9999972 -.0016086  .0017482
T 4568  1 .1933335E+07   5000181E-02 -.6300E+02  .1199E+02   .9999800 -.0061982  .0012556
T 4569  1 .1919752E+07   5000011E-02 -.7424E+02  .8066E+02   .9999850 -.0054593 -.0004228
T 4570  1 .1916797E+07   5000040E-02  .1466E+02  .6051E+02   .9999580  .0028875  .0086988
T 4571  1 .1926599E+07   5000097E-02  .1546E+03 -.9722E+02   .9999660  .0032075 -.0075978
T 4572  1 .1918475E+07   5000215E-02  .9578E+02  .1419E+03   .9999695  .0029783  .0072246
T 4573  1 .1918490E+07   5000135E-02 -.1492E+02  .2489E+03   .9999243 -.0040703  .0116103
T 4574  1 .1923510E+07   5000001E-02 -.1804E+02  .1987E+02   .9999949 -.0030138  .0010362
T 4575  1 .1912960E+07   5000033E-02 -.2030E+03 -.1887E+02   .9998801 -.0153596 -.0019486
T 4576  1 .1920170E+07   5000115E-02  .1161E+03  .5466E+02   .9999945  .0029100  .0015656
T 4577  1 .1911864E+07   5000217E-02  .1021E+01  .8806E+02   .9999594 -.0040538  .0080525
T 4578  1 .1928700E+07   5000123E-02  .1858E+02  .7320E+02   .9999837 -.0049914 -.0027711
T 4579  1 .1921619E+07   5000167E-02  .6316E+02  .5789E+02   .9999649 -.0023914  .0080358
T 4580  1 .1925041E+07   5000033E-02 -.9492E+01 -.5135E+02   .9999869  .0015451 -.0048813
T 4581  1 .1932843E+07   5000223E-02  .7237E+02 -.1378E+03   .9999156  .0129183 -.0013961
T 4582  1 .1928376E+07   5000213E-02  .7113E+02  .1042E+03   .9999907  .0028874  .0031964
T 4583  1 .1922068E+07   5000070E-02 -.2124E+03 -.1311E+03   .9999722 -.0056782 -.0048244
T 4584  1 .1923092E+07   5000040E-02 -.4401E+02 -.4109E+02   .9999818 -.0044511 -.0040805
T 4585  1 .1918546E+07   5000137E-02 -.2190E+01 -.4946E+01   .9999999 -.0004296  .0002803
T 4586  1 .1935597E+07   5000180E-02  .8333E+01 -.2100E+02   .9999976  .0008350 -.0020288
T 4587  1 .1921575E+07   5000117E-02  .8355E+02  .1193E+02   .9999946 -.0029510  .0014774
T 4588  1 .1936397E+07   5000221E-02 -.2932E+02  .3808E+02   .9999991 -.0013449 -.0002007
T 4589  1 .1921602E+07   5000027E-02 -.9049E+01  .1366E+03   .9999560  .0002183  .0093744
T 4590  1 .1913019E+07   5000194E-02  .1172E+03 -.1433E+03   .9999453  .0058632 -.0086669
T 4591  1 .1925795E+07   5000129E-02 -.2376E+02 -.1976E+03   .9995430  .0012099 -.0302057
T 4592  1 .1923537E+07   5000169E-02 -.2426E+02 -.7131E+01   .9999894 -.0045685  .0005225
T 4593  1 .1926121E+07   5000160E-02 -.4632E+02 -.2357E+03   .9999757  .0000078 -.0069674
T 4594  1 .1921324E+07   5000029E-02  .8327E+02 -.7097E+02   .9999737  .0050848 -.0051668
T 4595  1 .1927357E+07   5000219E-02  .4997E+02 -.6365E+00   .9999928 -.0021444 -.0031239
T 4596  1 .1924673E+07   5000065E-02  .1559E+03  .6337E+02   .9999937  .0035355  .0003777
T 4597  1 .1925363E+07   5000123E-02  .4384E+02  .4601E+02   .9999846  .0045654  .0031677
T 4598  1 .1918045E+07   5000224E-02 -.1773E+03 -.6541E+02   .9999264 -.0120978 -.0009022
T 4599  1 .1921882E+07   5000001E-02  .3257E+02  .4279E+02   .9999979 -.0011226  .0017043
T 4600  1 .1915291E+07   5000195E-02  .5300E+01 -.7517E+02   .9999867  .0013161 -.0049814
T 4601  1 .1919705E+07   5000185E-02 -.1983E+02  .8100E+02   .9999923 -.0012503  .0037104
T 4602  1 .1916994E+07   5000129E-02  .2868E+02  .4889E+02   .9999941 -.0016213  .0030377
T 4603  1 .1923489E+07   5000008E-02  .3794E+03  .5737E+03   .9996878  .0130121  .0213314
T 4604  1 .1907314E+07   5000217E-02 -.1057E+03 -.6675E+02   .9999291 -.0053710 -.0106311
T 4605  1 .1927768E+07   5000011E-02  .6647E+02 -.2065E+03   .9999948  .0009407 -.0030947
T 4606  1 .1931005E+07   5000002E-02 -.2142E+02 -.2016E+02   .9999966 -.0017733 -.0019146
T 4607  1 .1937658E+07   5000212E-02 -.2429E+03  .1369E+03   .9999510 -.0094795  .0028372
T 4608  1 .1931327E+07   5000163E-02  .2868E+02  .7060E+02   .9999997 -.0003502  .0006590
T 4609  1 .1919975E+07   5000218E-02 -.3476E+02 -.4374E-01   .9999837 -.0055234  .0014674
T 4610  1 .1926114E+07   5000092E-02  .3825E+02 -.1852E+03   .9999780 -.0014315 -.0064760
T 4611  1 .1930977E+07   5000112E-02 -.5519E+01 -.4588E+02   .9999851 -.0043684 -.0032782
T 4612  1 .1921274E+07   5000065E-02  .8585E+01  .5512E+01   .9999967  .0007470  .0024637
T 4613  1 .1930266E+07   5000008E-02  .3015E+02 -.6921E+02   .9999793  .0021206 -.0060740
T 4614  1 .1929985E+07   5000121E-02 -.2200E+01 -.4944E+02   .9999787  .0062931 -.0017440
T 4615  1 .1923785E+07   5000139E-02  .1189E+03  .4243E+02   .9999907  .0043077  .0003091
T 4616  1 .1935655E+07   5000035E-02 -.3364E+02  .7653E+02   .9999909 -.0011921  .0041028
T 4617  1 .1918660E+07   5000218E-02  .1906E+03  .9040E+02   .9999919  .0022573  .0033294
T 4618  1 .1921473E+07   5000188E-02  .1847E+02 -.1124E+03   .9999928  .0031325 -.0021400
T 4619  1 .1913877E+07   5000181E-02  .1002E+03 -.7637E+02   .9999768  .0056923  .0037430
T 4620  1 .1922865E+07   5000185E-02  .1511E+02 -.4285E+01   .9999999  .0001587  .0002249
T 4621  1 .1908421E+07   5000218E-02 -.1390E+03  .1229E+01   .9999657 -.0069622  .0044932
T 4622  1 .1924801E+07   5000155E-02 -.9471E+02 -.6393E+02   .9999185  .0000976 -.0127647
T 4623  1 .1900406E+07   5000059E-02 -.7483E+01 -.5890E+02   .9999919  .0014077 -.0037577
T 4624  1 .1924982E+07   5000151E-02 -.3489E+02  .1320E+03   .9999761 -.0020179  .0066162
T 4625  1 .1930479E+07   5000149E-02 -.1010E+03 -.1648E+02   .9999858 -.0049155 -.0020602
T 4626  1 .1925631E+07   5000045E-02  .1151E+03 -.1059E+02   .9999938  .0035056  .0003107
T 4627  1 .1932064E+07   5000225E-02 -.6123E+02 -.7225E+02   .9999993 -.0007287 -.0009039
T 4628  1 .1926542E+07   5000168E-02  .6129E+02 -.5275E+02   .9999905 -.0043274 -.0005888
T 4629  1 .1920320E+07   5000142E-02  .3115E+02  .3037E+02   .9999964  .0022512  .0014261
T 4630  1 .1929459E+07   5000010E-02 -.1646E+03 -.1941E+03   .9998906 -.0071373 -.0129549
T 4631  1 .1928867E+07   5000064E-02  .1257E+03  .1071E+03   .9999620  .0061742  .0061494
T 4632  1 .1913306E+07   5000207E-02  .1645E+03  .1526E+03   .9999256  .0089922  .0082453
T 4633  1 .1934601E+07   5000130E-02 -.1164E+03  .1010E+03   .9999728 -.0053761  .0050406
T 4634  1 .1912788E+07   5000185E-02  .9004E+02  .7988E+02   .9999896  .0040172  .0021653
T 4635  1 .1931028E+07   5000052E-02 -.2227E+01 -.1023E+03   .9999883 -.0048350  .0003357
T 4636  1 .1928011E+07   5000115E-02  .2455E+02 -.5391E+02   .9999943  .0011463 -.0031841
T 4637  1 .1912834E+07   5000124E-02  .1922E+02 -.8048E+01   .9999997 -.0006964 -.0004328
T 4638  1 .1920209E+07   5000091E-02  .1068E+03  .7867E+02   .9999672 -.0001678  .0080970
T 4639  1 .1920150E+07   5000080E-02  .4660E+02  .4959E+03   .9998598  .0008654  .0167248
T 4640  1 .1930718E+07   5000184E-02  .2331E+03 -.2959E+02   .9999747  .0071069  .0002863
T 4641  1 .1928071E+07   5000065E-02 -.1377E+03 -.4525E+02   .9999702 -.0069285 -.0034135
T 4642  1 .1924739E+07   5000115E-02  .2367E+03 -.1369E+03   .9999758  .0025851 -.0064529
T 4643  1 .1914639E+07   5000194E-02  .1010E+03 -.2114E+03   .9999074  .0070705 -.0116310
T 4644  1 .1922630E+07   5000052E-02  .3723E+02  .1490E+02   .9999820  .0028992  .0052448
T 4645  1 .1908243E+07   5000049E-02 -.1187E+03 -.1196E+03   .9999686 -.0049424 -.0061995
T 4646  1 .1933197E+07   5000008E-02 -.7750E+02 -.6287E+02   .9999959 -.0024862 -.0014538
T 4647  1 .1928499E+07   5000075E-02  .4974E+02  .2968E+02   .9999972  .0022463  .0008086
T 4648  1 .1911612E+07   5000138E-02 -.1266E+03 -.1544E+03   .9998708 -.0158882 -.0024537
T 4649  1 .1904023E+07   5000006E-02  .1122E+02  .1512E+03   .9999923  .0031360  .0023779
T 4650  1 .1938424E+07   5000052E-02  .2069E+02  .3453E+02   .9999893  .0021399  .0040914
T 4651  1 .1924118E+07   5000171E-02 -.1006E+03  .2723E+03   .9999438 -.0012655  .0105281
T 4652  1 .1917074E+07   5000201E-02 -.1662E+03 -.1105E+03   .9999903 -.0028714 -.0033411
T 4653  1 .1935287E+07   5000073E-02 -.1878E+02  .4675E+02   .9999967  .0006283  .0024821
T 4654  1 .1927985E+07   5000224E-02  .7531E+02 -.1917E+03   .9999889  .0003237 -.0047105
T 4655  1 .1923377E+07   5000133E-02  .6435E+01  .2393E+03   .9999627  .0007938  .0085949
T 4656  1 .1924697E+07   5000094E-02  .2970E+02 -.4490E+01   .9999995  .0000863 -.0009923
T 4657  1 .1913684E+07   5000135E-02 -.3218E+02  .9169E+02   .9999839 -.0016566  .0054199
T 4658  1 .1935107E+07   5000100E-02  .1206E+02 -.8355E+02   .9998711  .0056983 -.0150075
T 4659  1 .1907986E+07   5000091E-02  .1195E+03 -.7161E+02   .9999795  .0048899 -.0041299
T 4660  1 .1922772E+07   5000039E-02  .4060E+02  .1063E+03   .9999932 -.0011130  .0035217
T 4661  1 .1923545E+07   5000221E-02 -.3319E+01  .1888E+02   .9999959 -.0025486 -.0013060
T 4662  1 .1923751E+07   5000043E-02 -.3126E+02 -.1212E+03   .9999350  .0034841 -.0108582
T 4663  1 .1929010E+07   5000063E-02  .6676E+02 -.4176E+02   .9999708  .0046166 -.0060968
T 4664  1 .1923380E+07   5000051E-02 -.1218E+02  .7204E+02   .9999924 -.0038983  .0000611
T 4665  1 .1921571E+07   5000128E-02 -.1128E+03  .1712E+02   .9999945 -.0029155  .0015952
T 4666  1 .1926863E+07   5000020E-02  .1138E+03  .3613E+02   .9999724  .0048082  .0056576
T 4667  1 .1915049E+07   5000210E-02  .2622E+04  .1416E+04   .9908800  .1177586  .0654957
T 4668  1 .1924873E+07   5000142E-02 -.6684E+02 -.5823E+02   .9999934 -.0025509 -.0025741
T 4669  1 .1921969E+07   5000179E-02 -.1018E+03 -.1416E+03   .9999475 -.0062615 -.0081083
T 4670  1 .1930707E+07   5000115E-02  .1004E+02 -.7437E+01   .9999920  .0025192  .0031048
T 4671  1 .1908742E+07   5000012E-02 -.7853E+02 -.1236E+03   .9998600 -.0099691 -.0134369
T 4672  1 .1920552E+07   5000221E-02 -.1357E+03  .1548E+03   .9999853 -.0046728  .0027543
T 4673  1 .1934994E+07   5000090E-02 -.1252E+04 -.9128E+03   .9994480 -.0270792 -.0192444
T 4674  1 .1909866E+07   5000203E-02  .4197E+02  .1884E+02   .9999938 -.0004255  .0035013
T 4675  1 .1914751E+07   5000017E-02 -.1573E+03  .6492E+02   .9999523 -.0086826  .0044736
T 4676  1 .1916466E+07   5000179E-02 -.1032E+03 -.2913E+02   .9999997 -.0003600 -.0007065
T 4677  1 .1921861E+07   5000148E-02 -.1238E+02  .1435E+03   .9999944 -.0006263  .0033009
T 4678  1 .1929745E+07   5000108E-02  .8776E+02 -.1065E+02   .9999726  .0069379  .0025787
T 4679  1 .1922483E+07   5000226E-02 -.5286E+01 -.5671E+02   .9999765 -.0022770 -.0064727
T 4680  1 .1926517E+07   5000204E-02  .7502E+01  .1643E+02   .9999937  .0034977 -.0005558
T 4681  1 .1927832E+07   5000166E-02  .4810E+02  .5638E+02   .9999780  .0045046  .0048664
T 4682  1 .1916112E+07   5000138E-02  .1416E+02 -.1799E+02   .9999990 -.0008565  .0010865
T 4683  1 .1933485E+07   5000010E-02 -.1736E+03 -.5982E+02   .9999618 -.0071340 -.0050489
T 4684  1 .1916027E+07   5000122E-02  .1031E+03 -.3938E+02   .9999892  .0038728 -.0025734
T 4685  1 .1917132E+07   5000027E-02  .6950E+02  .1421E+03   .9999722  .0052014  .0053411
T 4686  1 .1926380E+07   5000195E-02 -.5515E+02  .7146E+02   .9999313 -.0043242  .0108978
T 4687  1 .1922976E+07   5000216E-02 -.5019E+02 -.5990E+02   .9999154 -.0091190 -.0092769
T 4688  1 .1917043E+07   5000166E-02 -.5068E+02 -.2279E+01   .9999961 -.0020212 -.0019394
T 4689  1 .1919037E+07   5000050E-02 -.2744E+03 -.4501E+02   .9998962 -.0144098  .0002060
T 4690  1 .1932122E+07   5000132E-02 -.9490E+02  .6198E+02   .9999502 -.0086364  .0049950
T 4691  1 .1937294E+07   5000131E-02 -.8378E+02 -.2653E+02   .9999604 -.0076285 -.0045801
T 4692  1 .1929129E+07   5000158E-02 -.5291E+01 -.3271E+02   .9999783 -.0026392 -.0060298
T 4693  1 .1922695E+07   5000046E-02 -.2890E+02 -.2425E+02   .9999856 -.0026337 -.0046843
T 4694  1 .1912320E+07   5000090E-02  .1409E+03  .1005E+03   .9999910 -.0005530 -.0042087
T 4695  1 .1918069E+07   5000139E-02  .6071E+02  .4994E+02   .9999126  .0115778  .0063909
T 4696  1 .1918389E+07   5000103E-02 -.8030E+02 -.1244E+03   .9999714  .0020951 -.0072721
T 4697  1 .1929742E+07   5000168E-02 -.6787E+02  .3938E+02   .9999923  .0024521  .0030624
T 4698  1 .1924617E+07   5000191E-02  .4832E+02  .1033E+03   .9999763  .0039481  .0056337
T 4699  1 .1929937E+07   5000021E-02 -.1395E+03  .1709E+03   .9999669 -.0009362  .0080765
T 4700  1 .1917218E+07   5000157E-02 -.3026E+03  .7031E+03   .9998635 -.0061614  .0153300
T 4701  1 .1924738E+07   5000203E-02  .1815E+03 -.1907E+02   .9999925  .0037204 -.0010908
T 4702  1 .1937082E+07   5000087E-02 -.1702E+03  .1327E+03   .9999681 -.0062787  .0049302
T 4703  1 .1924797E+07   5000148E-02  .4322E+01 -.2622E+02   .9999992 -.0005580 -.0011204
T 4704  1 .1927539E+07   5000139E-02 -.5334E+03 -.4301E+02   .9997716 -.0212937 -.0018230
T 4705  1 .1915855E+07   5000040E-02  .1886E+03 -.1773E+02   .9998860  .0141891 -.0051709
T 4706  1 .1925734E+07   5000123E-02  .1171E+03  .5768E+02   .9999968  .0025195  .0003799
T 4707  1 .1925249E+07   5000204E-02 -.3085E+03  .1924E+03   .9999732 -.0064671  .0034289
T 4708  1 .1908915E+07   5000082E-02  .4737E+00  .6328E+01   .9999927 -.0038122 -.0000621
T 4709  1 .1909627E+07   5000002E-02 -.3341E+02 -.2366E+02   .9999953 -.0013581 -.0027325
T 4710  1 .1908121E+07   5000165E-02 -.2444E+01  .4208E+02   .9999934 -.0029156  .0021510
T 4711  1 .1928407E+07   5000170E-02 -.1223E+03  .3305E+02   .9999520 -.0091146  .0035948
T 4712  1 .1926124E+07   5000154E-02 -.3070E+03  .2289E+03   .9998832 -.0072857  .0134362
T 4713  1 .1924727E+07   5000154E-02  .8344E+00  .2428E+02   .9999927 -.0025956  .0028179
T 4714  1 .1935810E+07   5000111E-02 -.2952E+02 -.1058E+02   .9999905  .0021445  .0037928
T 4715  1 .1928110E+07   5000064E-02 -.1394E+03 -.2636E+02   .9999992 -.0000099 -.0012778
T 4716  1 .1926860E+07   5000225E-02 -.2050E+03  .9651E+02   .9999419 -.0096747  .0047598
T 4717  1 .1921168E+07   5000135E-02  .1771E+03 -.1740E+03   .9999664  .0016181 -.0080385
T 4718  1 .1920068E+07   5000135E-02  .1646E+02 -.2202E+01   .9999909  .0024398 -.0034932
T 4719  1 .1914775E+07   5000191E-02 -.1146E+03  .2493E+03   .9999981  .0011279  .0016183
T 4720  1 .1929570E+07   5000150E-02 -.2842E+00 -.3731E+02   .9999979  .0020502  .0002642
T 4721  1 .1932778E+07   5000035E-02 -.1708E+01  .3519E+02   .9999999 -.0000876  .0000541
T 4722  1 .1909883E+07   5000082E-02 -.5970E+02 -.9002E+02   .9999953 -.0016168 -.0026107
T 4723  1 .1919510E+07   5000130E-02  .3691E+02 -.8302E+02   .9999961  .0013633 -.0024232
T 4724  1 .1932969E+07   5000072E-02  .1451E+02  .5826E+01   .9999940  .0004541 -.0034334
T 4725  1 .1915439E+07   5000003E-02 -.1411E+03  .6795E+02   .9999796 -.0054616  .0033192
T 4726  1 .1914353E+07   5000082E-02  .7066E+01  .3167E+02   .9999925 -.0031983  .0021863
T 4727  1 .1928317E+07   5000199E-02  .1562E+02 -.1312E+02   .9999910  .0039455 -.0015835
T 4728  1 .1918319E+07   5000197E-02  .1269E+01 -.2284E+02   .9999954  .0030302  .0002770
T 4729  1 .1928165E+07   5000221E-02 -.4008E+02  .2437E+00   .9999956 -.0029727 -.0000749
T 4730  1 .1918944E+07   5000204E-02 -.2947E+02 -.1079E+03   .9999911 -.0014073 -.0039663
T 4731  1 .1919580E+07   5000172E-02  .7484E+02 -.1774E+03   .9999728  .0024700 -.0069460
T 4732  1 .1923151E+07   5000094E-02  .2501E+03 -.9008E+02   .9999951  .0014066 -.0027788
T 4733  1 .1936692E+07   5000013E-02 -.9675E+02  .4004E+01   .9999158 -.0115412  .0059324
T 4734  1 .1920676E+07   5000149E-02  .2494E+02  .1230E+03   .9999794  .0027595 -.0057933
T 4735  1 .1926949E+07   5000155E-02  .2326E+03 -.1071E+03   .9998656  .0160321 -.0034318
T 4736  1 .1930499E+07   5000093E-02 -.6499E+01  .5533E+02   .9999959 -.0006522  .0027722
T 4737  1 .1917233E+07   5000004E-02  .2278E+03 -.1317E+04   .9992406  .0016717 -.0389287
T 4738  1 .1930539E+07   5000021E-02  .2608E+03  .5989E+03   .9996289  .0114597  .0247121
T 4739  1 .1930735E+07   5000193E-02  .4975E+02 -.1087E+03   .9999764  .0020372 -.0065653
T 4740  1 .1934440E+07   5000150E-02  .4497E+02 -.7012E+01   .9999980  .0019083  .0006224
T 4741  1 .1911423E+07   5000217E-02  .5966E+01  .3899E+02   .9999997 -.0005666  .0005855
T 4742  1 .1919544E+07   5000073E-02 -.4339E+02 -.7242E+02   .9999967 -.0024252 -.0009000
T 4743  1 .1913308E+07   5000212E-02 -.3566E+02 -.4894E+02   .9999868 -.0027139 -.0043549
T 4744  1 .1927820E+07   5000199E-02  .5785E+00  .1503E+02   .9999927  .0007540  .0037475
T 4745  1 .1917401E+07   5000121E-02  .1624E+03 -.5412E+02   .9999715  .0075370  .0004244
T 4746  1 .1918385E+07   5000218E-02 -.4640E+03  .3498E+03   .9997546 -.0146741  .0165976
T 4747  1 .1915974E+07   5000192E-02 -.6298E+02 -.1459E+02   .9999968 -.0008428  .0023703
T 4748  1 .1922349E+07   5000046E-02 -.2544E+02 -.2473E+03   .9999757  .0012377 -.0068570
T 4749  1 .1919420E+07   5000138E-02 -.4513E+01 -.3801E+02   .9999924 -.0011745 -.0037207
T 4750  1 .1914555E+07   5000075E-02 -.1471E+03  .3981E+02   .9999924 -.0034609 -.0017841
T 4751  1 .1921554E+07   5000123E-02 -.1124E+02 -.2716E+02   .9999992  .0004250 -.0012134
T 4752  1 .1926761E+07   5000054E-02  .5714E+02 -.5736E+02   .9999857  .0031975 -.0042893
T 4753  1 .1928346E+07   5000122E-02  .1325E+03  .7375E+02   .9999858  .0053207  .0002619
T 4754  1 .1919478E+07   5000147E-02  .4309E+01  .2141E+02   .9999947 -.0006306  .0032096
T 4755  1 .1924923E+07   5000011E-02  .6048E+02 -.1806E+02   .9999953  .0026382 -.0015921
T 4756  1 .1929052E+07   5000158E-02 -.8219E+01  .1868E+02   .9999972  .0023414 -.0002765
T 4757  1 .1929762E+07   5000024E-02  .1138E+04 -.3850E+04   .9937835  .0327348 -.1064084
T 4758  1 .1922775E+07   5000110E-02 -.1383E+03 -.5914E+02   .9999996 -.0005399 -.0007659
T 4759  1 .1920696E+07   5000112E-02 -.1983E+02 -.1161E+02   .9999938 -.0032998 -.0012217
T 4760  1 .1926002E+07   5000050E-02  .5211E+02 -.6903E+02   .9999878  .0029424 -.0039628
T 4761  1 .1922502E+07   5000026E-02  .6260E+02  .7791E+02   .9999986  .0003651  .0016055
T 4762  1 .1925208E+07   5000104E-02 -.7682E+02 -.6344E+01   .9999723 -.0073954 -.0007867
T 4763  1 .1926250E+07   5000089E-02 -.3024E+02 -.7115E+00   .9999877 -.0044088  .0022771
T 4764  1 .1927131E+07   5000089E-02 -.1301E+02 -.5737E+01   .9999694 -.0062751 -.0046706
T 4765  1 .1921908E+07   5000108E-02  .7353E+02 -.6115E+02   .9999966  .0010880  .0023774
T 4766  1 .1920907E+07   5000161E-02 -.2967E+01 -.5785E+02   .9999985 -.0012373 -.0012444
T 4767  1 .1927822E+07   5000018E-02 -.2983E+03 -.1130E+03   .9998598 -.0139076 -.0093200
T 4768  1 .1915287E+07   5000211E-02 -.8165E+02 -.5749E+02   .9999953 -.0025890 -.0016242
T 4769  1 .1920544E+07   5000050E-02  .1467E+03 -.1055E+03   .9999521  .0073819 -.0064302
T 4770  1 .1914681E+07   5000062E-02  .1360E+02  .2934E+02   .9999896 -.0027720  .0036165
T 4771  1 .1932635E+07   5000054E-02 -.1095E+02  .2294E+02   .9999982 -.0018628  .0002175
T 4772  1 .1911620E+07   5000198E-02 -.5473E+01  .3485E+01   .9999989 -.0000756  .0014665
T 4773  1 .1914673E+07   5000177E-02  .6069E+02  .1288E+03   .9999864  .0023269  .0046649
T 4774  1 .1929273E+07   5000177E-02 -.3439E+02  .1047E+03   .9999842 -.0006058  .0055839
T 4775  1 .1925214E+07   5000065E-02  .3408E+02 -.5943E+02   .9999968  .0021308 -.0013730
T 4776  1 .1919157E+07   5000199E-02  .2634E+01 -.2183E+02   .9999990 -.0001783 -.0014274
T 4777  1 .1923585E+07   5000185E-02  .1993E+03 -.7844E+02   .9999422  .0048305 -.0096053
T 4778  1 .1913683E+07   5000005E-02  .4269E+02 -.1369E+02   .9999969  .0023804 -.0007240
T 4779  1 .1923605E+07   5000087E-02  .1907E+02 -.2499E+02   .9999983  .0018248 -.0001865
T 4780  1 .1929148E+07   5000203E-02 -.9352E+02 -.1985E+02   .9999955  .0024779 -.0016922
T 4781  1 .1918606E+07   5000142E-02  .2152E+02 -.3309E+02   .9999994 -.0007173 -.0008408
T 4782  1 .1924579E+07   5000153E-02 -.5048E+02  .9343E+02   .9999419  .0097175 -.0046699
T 4783  1 .1927265E+07   5000017E-02  .1628E+02 -.3027E+02   .9999969  .0018973 -.0016041
T 4784  1 .1932386E+07   5000029E-02  .1336E+02  .1843E+02   .9999922 -.0006036  .0039077
T 4785  1 .1922974E+07   5000167E-02 -.1053E+03  .9560E+02   .9999897 -.0035450  .0028414
T 4786  1 .1923135E+07   5000168E-02 -.7204E+02  .2106E+02   .9999537 -.0095506 -.0012111
T 4787  1 .1915087E+07   5000110E-02 -.2053E+02  .2266E+02   .9999956  .0013852  .0026076
T 4788  1 .1929378E+07   5000085E-02  .1146E+03 -.3635E+03   .9999073  .0047279 -.0127704
T 4789  1 .1915997E+07   5000022E-02 -.9451E+01 -.2694E+02   .9999980  .0007656 -.0018545
T 4790  1 .1917673E+07   5000127E-02  .2318E+02  .9358E+00   .9999904  .0043399  .0005687
T 4791  1 .1921030E+07   5000210E-02  .6007E+02  .8407E+02   .9999900  .0012538  .0042834
T 4792  1 .1917044E+07   5000205E-02 -.3042E+02  .1731E+03   .9998854 -.0013523  .0150801
T 4793  1 .1925045E+07   5000169E-02 -.5807E+03 -.7475E+03   .9993718 -.0270716 -.0228728
T 4794  1 .1933551E+07   5000174E-02  .7138E+01 -.9168E+02   .9999871 -.0048277 -.0015713
T 4795  1 .1916318E+07   5000163E-02 -.1131E+03 -.1500E+02   .9999249 -.0122046  .0011007
T 4796  1 .1924230E+07   5000163E-02 -.1125E+03  .2053E+03   .9992709 -.0202608  .0323586
T 4797  1 .1919357E+07   5000150E-02  .1999E+02  .1679E+01   .9999966  .0023187 -.0012179
T 4798  1 .1927668E+07   5000129E-02 -.1301E+02  .1078E+02   .9999935 -.0033226 -.0013878
T 4799  1 .1933095E+07   5000098E-02 -.6407E+02 -.5913E+02   .9999825 -.0048202 -.0034184
T 4800  1 .1923248E+07   5000011E-02  .2295E+03  .2917E+02   .9999617  .0085063 -.0020826
T 4801  1 .1928623E+07   5000084E-02  .4985E+01 -.3995E+02   .9999921 -.0007854 -.0038883
T 4802  1 .1920343E+07   5000207E-02 -.1484E+03 -.9204E+02   .9999890 -.0042004 -.0020664
T 4803  1 .1930088E+07   5000037E-02  .7466E+01  .2851E+02   .9999931  .0014031  .0034406
T 4804  1 .1922107E+07   5000159E-02  .9663E+02  .4419E+02   .9999996  .0007140 -.0005352
T 4805  1 .1925793E+07   5000101E-02 -.3326E+02  .8634E+02   .9999900  .0037676  .0024000
T 4806  1 .1905321E+07   5000162E-02 -.1755E+02 -.2674E+02   .9999961 -.0013688 -.0024277
T 4807  1 .1926253E+07   5000162E-02  .6352E+02 -.4515E+02   .9999811  .0024264 -.0056449
T 4808  1 .1910234E+07   5000153E-02 -.5494E+02 -.2446E+02   .9999994  .0006077 -.0008698
T 4809  1 .1923460E+07   5000083E-02 -.4233E+01  .1587E+03   .9999673  .0018027  .0078803
T 4810  1 .1915497E+07   5000027E-02 -.1464E+02  .4549E+02   .9999842 -.0027016  .0049208
T 4811  1 .1928205E+07   5000203E-02  .5187E+02 -.3649E+02   .9999569  .0085089 -.0037203
T 4812  1 .1931399E+07   5000174E-02  .1335E+02 -.6794E+02   .9999977  .0004299 -.0021044
T 4813  1 .1920900E+07   5000093E-02 -.5042E+01 -.2116E+02   .9999985 -.0014679 -.0009277
T 4814  1 .1911190E+07   5000220E-02  .7777E+02  .6861E+02   .9999963  .0025765  .0008349
T 4815  1 .1933434E+07   5000223E-02 -.1330E+03 -.1020E+03   .9999773 -.0062670  .0024912
T 4816  1 .1914923E+07   5000076E-02 -.5527E+01 -.1752E+02   .9999898  .0014610 -.0042669
T 4817  1 .1916219E+07   5000030E-02  .8410E+02  .2034E+03   .9999535  .0050427  .0082176
T 4818  1 .1923656E+07   5000187E-02 -.9974E+02  .8094E+02   .9999882 -.0036661  .0031777
T 4819  1 .1921116E+07   5000009E-02  .4815E+02 -.8698E+01   .9999988  .0011822 -.0010127
T 4820  1 .1917671E+07   5000073E-02 -.2139E+01  .9247E+01   .9999969 -.0024229 -.0006302
T 4821  1 .1920394E+07   5000155E-02 -.2063E+03 -.9569E+02   .9999345 -.0043731 -.0105755
T 4822  1 .1926174E+07   5000062E-02 -.2976E+03 -.2553E+03   .9999141 -.0084999 -.0099758
T 4823  1 .1921449E+07   5000183E-02 -.6054E+02 -.1633E+03   .9999695 -.0035251 -.0069692
T 4824  1 .1926403E+07   5000076E-02 -.7030E+01 -.1958E+02   .9999947  .0021090 -.0025004
T 4825  1 .1930814E+07   5000170E-02 -.1748E+02 -.1031E+02   .9999982  .0018411 -.0004941
T 4826  1 .1938123E+07   5000094E-02  .7654E+02  .2011E+02   .9999934  .0021314  .0029520
T 4827  1 .1921943E+07   5000090E-02 -.5995E+02 -.1073E+03   .9999918 -.0022161 -.0033818
T 4828  1 .1919409E+07   5000159E-02  .4897E+02 -.6795E+02   .9999643  .0058246 -.0061194
T 4829  1 .1924285E+07   5000072E-02 -.5782E+02 -.1093E+03   .9999948 -.0032246  .0000644
T 4830  1 .1924705E+07   5000220E-02 -.1604E+02 -.1496E+02   .9999988 -.0010451 -.0011508
T 4831  1 .1924608E+07   5000088E-02  .2255E+03 -.8282E+02   .9999144  .0060903 -.0115804
T 4832  1 .1914196E+07   5000220E-02  .1307E+03  .9591E+02   .9999864  .0048144  .0020046
T 4833  1 .1932557E+07   5000109E-02 -.1632E+02  .4273E+02   .9999907 -.0004723  .0042944
T 4834  1 .1912833E+07   5000178E-02 -.2303E+03  .1106E+03   .9999441 -.0075499  .0074028
T 4835  1 .1919640E+07   5000145E-02 -.7749E+02 -.1162E+03   .9999856 -.0033422 -.0041934
T 4836  1 .1913562E+07   5000022E-02 -.6834E+02  .1199E+03   .9999933 -.0019477  .0030982
T 4837  1 .1918148E+07   5000154E-02  .5667E+02  .8738E+02   .9999859  .0027380  .0045423
T 4838  1 .1915100E+07   5000226E-02  .8762E+00  .4051E+02   .9999957 -.0006870  .0028542
T 4839  1 .1933765E+07   5000176E-02  .2034E+02 -.1760E+02   .9999850  .0001240 -.0054836
T 4840  1 .1917808E+07   5000153E-02 -.9427E+01 -.9599E+01   .9999986  .0016159  .0003538
T 4841  1 .1917798E+07   5000006E-02  .2983E+02  .3467E+02   .9999934  .0033675  .0013518
T 4842  1 .1932501E+07   5000220E-02  .3954E+02 -.1041E+03   .9999924  .0006941 -.0038409
T 4843  1 .1917780E+07   5000209E-02  .2059E+03  .5736E+02   .9999917  .0024651  .0032361
T 4844  1 .1929964E+07   5000133E-02  .3199E+03  .4174E+03   .9998907  .0074868  .0127478
T 4845  1 .1932097E+07   5000112E-02  .5934E+02  .6485E+02   .9999649  .0083803  .0002309
T 4846  1 .1917991E+07   5000192E-02  .2504E+02  .8887E+02   .9999842 -.0012937  .0054648
T 4847  1 .1918316E+07   5000139E-02 -.3082E+01  .2373E+02   .9999977  .0017260 -.0013080
T 4848  1 .1932342E+07   5000168E-02  .4596E+02  .8501E+01   .9999409 -.0012532  .0107983
T 4849  1 .1920259E+07   5000174E-02 -.8117E+02  .1031E+02   .9999952 -.0030760 -.0002128
T 4850  1 .1936433E+07   5000153E-02 -.8067E+02  .1422E+03   .9999747  .0018148  .0068709
T 4851  1 .1912666E+07   5000117E-02  .5273E+02 -.1405E+03   .9999838  .0020480 -.0053181
T 4852  1 .1922785E+07   5000197E-02 -.3253E+02  .6265E+02   .9999867 -.0037149  .0035748
T 4853  1 .1935483E+07   5000185E-02 -.6516E+02  .1118E+03   .9999688 -.0046532  .0063787
T 4854  1 .1921528E+07   5000197E-02  .1267E+02 -.1189E+03   .9999968 -.0002049 -.0025336
T 4855  1 .1935705E+07   5000009E-02  .1085E+03  .4778E+02   .9999770  .0063515 -.0023630
T 4856  1 .1924473E+07   5000136E-02  .3221E+02  .1266E+02   .9999861  .0047107  .0023497
T 4857  1 .1932648E+07   5000226E-02 -.7727E+02  .8793E+02   .9999941 -.0026895  .0021464
T 4858  1 .1926728E+07   5000187E-02  .1764E+03  .1325E+03   .9999755  .0055536  .0042615
T 4859  1 .1931995E+07   5000005E-02 -.5199E+02  .8244E+02   .9999772 -.0032470  .0059174
T 4860  1 .1924549E+07   5000173E-02 -.8593E+00 -.5676E+02   .9999237 -.0047316 -.0114083
T 4861  1 .1916987E+07   5000176E-02  .1831E+03 -.9689E+02   .9999532  .0079160 -.0055597
T 4862  1 .1911762E+07   5000126E-02 -.9740E+01 -.7970E+01   .9999952 -.0023633  .0019830
T 4863  1 .1933814E+07   5000186E-02  .1158E+03 -.1210E+03   .9999762  .0031990 -.0061080
T 4864  1 .1932234E+07   5000165E-02 -.1653E+03 -.2794E+02   .9999625 -.0086352 -.0006877
T 4865  1 .1925797E+07   5000171E-02  .1331E+03  .1805E+02   .9999822  .0058392 -.0012214
T 4866  1 .1926766E+07   5000007E-02  .3352E+02 -.2606E+03   .9999748  .0002396 -.0070900
T 4867  1 .1918556E+07   5000214E-02 -.5705E+02 -.3865E+03   .9998205 -.0016517 -.0188746
T 4868  1 .1915880E+07   5000117E-02  .5658E+02  .2337E+02   .9999935  .0013024  .0033582
T 4869  1 .1919339E+07   5000092E-02 -.1375E+03 -.3792E+03   .9998330 -.0028941 -.0180442
T 4870  1 .1914338E+07   5000174E-02  .6028E+02  .8555E+02   .9999768  .0027844  .0062177
T 4871  1 .1923650E+07   5000216E-02 -.9587E+02  .1749E+03   .9999514 -.0052751  .0083284
T 4872  1 .1915939E+07   5000075E-02  .1626E+03 -.1102E+03   .9999841  .0039050 -.0040584
T 4873  1 .1931715E+07   5000139E-02 -.4773E+02  .7569E+01   .9999764 -.0053522  .0042974
T 4874  1 .1932372E+07   5000192E-02 -.2059E+03  .8732E+02   .9999146 -.0094507  .0090250
T 4875  1 .1943775E+07   5000158E-02 -.1262E+02  .3888E+02   .9999996 -.0005203 -.0007005
T 4876  1 .1918585E+07   5000048E-02 -.2187E+02 -.5945E+02   .9998936 -.0117750 -.0086108
T 4877  1 .1916573E+07   5000180E-02 -.7366E+02  .9728E+02   .9999991 -.0012232  .0005835
T 4878  1 .1923455E+07   5000035E-02 -.3735E+02  .3229E+02   .9999989  .0013590 -.0005055
T 4879  1 .1924966E+07   5000145E-02  .5077E+02 -.7678E+01   .9999823  .0059374 -.0003952
T 4880  1 .1928822E+07   5000160E-02 -.5622E+02  .2379E+02   .9999893 -.0042372  .0018420
T 4881  1 .1910578E+07   5000216E-02 -.6461E+03 -.1332E+03   .9996262 -.0272464 -.0022553
T 4882  1 .1926710E+07   5000041E-02  .5947E+02 -.6207E+02   .9999796  .0034919 -.0053524
T 4883  1 .1928403E+07   5000171E-02  .5697E+02  .1148E+03   .9999789  .0018391  .0062303
T 4884  1 .1910545E+07   5000216E-02 -.5203E+02  .5675E+02   .9999994 -.0002815  .0010494
T 4885  1 .1923596E+07   5000092E-02 -.6372E+02 -.2940E+02   .9999782 -.0065971 -.0000354
T 4886  1 .1911727E+07   5000000E-02 -.3259E+02  .7147E+01   .9999984 -.0010332 -.0014941
T 4887  1 .1922482E+07   5000217E-02  .6314E+03  .1478E+03   .9996457  .0264151  .0032636
T 4888  1 .1910976E+07   5000175E-02  .1046E+03 -.2890E+02   .9999242  .0094607 -.0078825
T 4889  1 .1934114E+07   5000184E-02 -.2343E+02 -.2391E+02   .9999905 -.0038370 -.0020764
T 4890  1 .1923918E+07   5000144E-02 -.3506E+02 -.4287E+02   .9999731  .0065054 -.0033903
T 4891  1 .1925714E+07   5000187E-02  .2166E+02 -.2399E+02   .9999980  .0019608  .0004904
T 4892  1 .1911267E+07   5000188E-02  .5644E+02  .2591E+02   .9999905  .0035840  .0024837
T 4893  1 .1920647E+07   5000212E-02 -.1549E+02  .2054E+02   .9999998 -.0001383  .0006074
T 4894  1 .1917966E+07   5000162E-02  .2967E+02 -.2948E+03   .9999774 -.0003778 -.0067107
T 4895  1 .1930778E+07   5000006E-02 -.1068E+03 -.2958E+03   .9998328 -.0108789 -.0147010
T 4896  1 .1922171E+07   5000106E-02 -.3963E+01 -.8246E+02   .9999928  .0018088 -.0033396
T 4897  1 .1924051E+07   5000129E-02 -.1167E+03 -.3529E+03   .9998774 -.0021863 -.0155029
T 4898  1 .1917190E+07   5000180E-02  .1813E+03  .1593E+03   .9999582  .0057897  .0070723
T 4899  1 .1929480E+07   5000177E-02  .2054E+02 -.8128E+02   .9999770  .0007399 -.0067358
T 4900  1 .1913752E+07   5000199E-02 -.1748E+02  .8647E+01   .9999985 -.0016677  .0005454
T 4901  1 .1918336E+07   5000225E-02 -.9360E+02 -.3452E+02   .9999932 -.0033188 -.0015872
T 4902  1 .1909609E+07   5000142E-02 -.1284E+02 -.1326E+01   .9999969 -.0010141  .0022752
T 4903  1 .1917712E+07   5000035E-02 -.1279E+02 -.6701E+02   .9999956 -.0000488 -.0029708
T 4904  1 .1916705E+07   5000164E-02  .5445E+02  .7400E+02   .9999919  .0010906 -.0038691
T 4905  1 .1927671E+07   5000152E-02  .6512E+02 -.4818E+02   .9999687  .0045591 -.0064677
T 4906  1 .1918980E+07   5000123E-02 -.2260E+02  .8699E+02   .9999984 -.0005287  .0016819
T 4907  1 .1914375E+07   5000205E-02 -.3031E+01  .8706E+02   .9999863  .0009660  .0051506
T 4908  1 .1925735E+07   5000047E-02  .1371E+03 -.4234E+02   .9999849  .0052728 -.0015257
T 4909  1 .1916327E+07   5000081E-02  .2303E+02 -.7168E+02   .9998697  .0086410 -.0136342
T 4910  1 .1929063E+07   5000020E-02 -.2172E+03 -.2425E+02   .9999868 -.0048851 -.0015971
T 4911  1 .1923384E+07   5000119E-02  .5676E+01  .3902E+02   .9999873 -.0014757 -.0048124
T 4912  1 .1921878E+07   5000102E-02  .5263E+01 -.1511E+03   .9999731 -.0037259 -.0063239
T 4913  1 .1923683E+07   5000188E-02 -.3699E+02 -.1231E+03   .9999615 -.0005648 -.0087512
T 4914  1 .1923890E+07   5000174E-02  .6990E+02  .8956E+01   .9999800  .0060584  .0018275
T 4915  1 .1921685E+07   5000159E-02  .2417E+03  .1360E+03   .9999343  .0092822  .0067282
T 4916  1 .1922142E+07   5000019E-02  .8038E+02  .1601E+03   .9999427 -.0017871  .0105565
T 4917  1 .1923668E+07   5000074E-02  .5108E+02 -.2611E+02   .9999962  .0008282 -.0026261
T 4918  1 .1924656E+07   5000074E-02  .1951E+02  .2893E+02   .9999955 -.0030087  .0000208
T 4919  1 .1929024E+07   5000059E-02  .1109E+02 -.5032E+01   .9999928  .0024565 -.0029065
T 4920  1 .1918901E+07   5000086E-02 -.7434E+02 -.1068E+02   .9999988  .0009243  .0012705
T 4921  1 .1926501E+07   5000052E-02 -.2601E+02 -.2282E+02   .9999904 -.0040425 -.0017031
T 4922  1 .1925277E+07   5000097E-02 -.3235E+02  .2304E+02   .9999999 -.0000287  .0002669
T 4923  1 .1924294E+07   5000215E-02 -.3918E+03  .2965E+03   .9998283 -.0145766  .0114423
T 4924  1 .1919321E+07   5000130E-02 -.4271E+01 -.1683E+01   .9999997 -.0005895 -.0004506
T 4925  1 .1931158E+07   5000059E-02  .9481E+01  .7933E+02   .9999898  .0045129  .0001677
T 4926  1 .1931415E+07   5000005E-02  .1788E+02  .6670E+02   .9999952 -.0009589  .0029433
T 4927  1 .1921494E+07   5000179E-02 -.1561E+02  .3339E+01   .9999975 -.0004918  .0021629
T 4928  1 .1914880E+07   5000060E-02  .3214E+02 -.4921E+02   .9999603  .0016230 -.0087668
T 4929  1 .1914076E+07   5000010E-02 -.2805E+03 -.1686E+03   .9998229 -.0159605 -.0099676
T 4930  1 .1924046E+07   5000188E-02  .7020E+01 -.4248E+02   .9999912 -.0013810 -.0039606
T 4931  1 .1915137E+07   5000066E-02 -.1204E+02  .1520E+03   .9999644  .0038879  .0074932
T 4932  1 .1926550E+07   5000133E-02  .1133E+03 -.1302E+03   .9999118  .0126683  .0039819
T 4933  1 .1926417E+07   5000142E-02 -.6524E+02 -.4846E+03   .9995602 -.0018794 -.0295964
T 4934  1 .1921083E+07   5000163E-02 -.4416E+02  .4539E+00   .9998972 -.0143028 -.0009959
T 4935  1 .1924357E+07   5000002E-02 -.9409E+02 -.7395E+00   .9999937 -.0014107  .0032586
T 4936  1 .1916648E+07   5000149E-02 -.8851E+02 -.2354E+02   .9999965 -.0026388  .0002688
T 4937  1 .1923885E+07   5000054E-02  .7005E+02 -.7291E+02   .9999771  .0026710 -.0062129
T 4938  1 .1927647E+07   5000063E-02  .1914E+02 -.3191E+02   .9999977  .0014545  .0015893
T 4939  1 .1919171E+07   5000128E-02  .1122E+03 -.3969E+02   .9999432  .0106329 -.0006681
T 4940  1 .1926442E+07   5000193E-02  .4861E+02  .7091E+01   .9999879  .0049189 -.0002588
T 4941  1 .1922573E+07   5000012E-02  .6729E+02 -.7701E+01   .9999746  .0015598 -.0069513
T 4942  1 .1920157E+07   5000093E-02 -.5422E+02 -.7177E+02   .9999968 -.0020049 -.0015520
T 4943  1 .1907520E+07   5000110E-02 -.5362E+01 -.1504E+03   .9999934  .0009261 -.0035107
T 4944  1 .1931736E+07   5000101E-02  .1666E+03 -.1789E+03   .9999519  .0078928 -.0058290
T 4945  1 .1919928E+07   5000152E-02  .1951E+03 -.4428E+02   .9999677  .0079902 -.0008595
T 4946  1 .1921070E+07   5000119E-02 -.8038E+02 -.1788E+02   .9999702 -.0067888 -.0036853
T 4947  1 .1931049E+07   5000038E-02  .1181E+02  .1211E+03   .9999282  .0072674  .0095284
T 4948  1 .1917602E+07   5000038E-02  .6875E+02  .1691E+03   .9999840  .0023466  .0051566
T 4949  1 .1923880E+07   5000119E-02 -.3697E+02 -.5214E+02   .9999817 -.0017821  .0057813
T 4950  1 .1921968E+07   5000206E-02 -.2313E+01 -.2936E+02   .9999931 -.0035545 -.0010657
T 4951  1 .1926924E+07   5000216E-02 -.1598E+01  .1002E+01   .9999967  .0021187 -.0014831
T 4952  1 .1925937E+07   5000211E-02  .2044E+02 -.7903E+02   .9999977 -.0020084  .0007765
T 4953  1 .1923607E+07   5000067E-02 -.8352E+01 -.2263E+02   .9999866 -.0020794 -.0047331
T 4954  1 .1931156E+07   5000005E-02  .6183E+02 -.5636E+02   .9999658 -.0059880 -.0057004
T 4955  1 .1921900E+07   5000216E-02 -.2684E+02  .1993E+02   .9999871 -.0010337  .0049807
T 4956  1 .1934792E+07   5000179E-02 -.9669E+02 -.1190E+03   .9999723 -.0028207 -.0068858
T 4957  1 .1912909E+07   5000223E-02 -.1814E+03  .8150E+02   .9999855 -.0050113  .0019773
T 4958  1 .1918820E+07   5000116E-02 -.1878E+03  .4969E+02   .9999149 -.0129255  .0017532
T 4959  1 .1930961E+07   5000195E-02 -.5017E+02 -.3488E+02   .9999968 -.0020895 -.0014154
T 4960  1 .1921468E+07   5000008E-02  .4493E+02  .5222E+02   .9999944  .0024197  .0022945
T 4961  1 .1924412E+07   5000096E-02 -.1159E+03  .6324E+01   .9999048 -.0135564  .0025688
T 4962  1 .1922412E+07   5000220E-02  .2251E+02 -.1180E+02   .9999921  .0023893  .0031922
T 4963  1 .1925302E+07   5000127E-02 -.3313E+03  .2029E+03   .9998765 -.0136639  .0077656
T 4964  1 .1921911E+07   5000218E-02 -.1549E+03 -.1313E+03   .9999553 -.0090086 -.0028729
T 4965  1 .1924465E+07   5000114E-02  .8734E+02  .7823E+02   .9999831  .0036007  .0045654
T 4966  1 .1914862E+07   5000100E-02 -.1732E+03 -.2179E+02   .9999596 -.0075001 -.0049536
T 4967  1 .1930464E+07   5000020E-02 -.1631E+03 -.1027E+03   .9999692 -.0073256 -.0028308
T 4968  1 .1911275E+07   5000222E-02  .2149E+01  .1164E+02   .9999954  .0019388  .0023214
T 4969  1 .1930350E+07   5000088E-02  .1348E+03  .1645E+03   .9999733  .0031213  .0066148
T 4970  1 .1933902E+07   5000040E-02  .1669E+02 -.1191E+02   .9999992 -.0002302  .0012098
T 4971  1 .1930562E+07   5000198E-02  .1137E+03 -.2789E+02   .9999910  .0038079  .0018924
T 4972  1 .1922983E+07   5000147E-02  .2335E+02  .4213E+02   .9999873 -.0020128  .0046256
T 4973  1 .1909179E+07   5000092E-02 -.8535E+02  .5686E+02   .9999934  .0003702  .0036227
T 4974  1 .1921317E+07   5000040E-02  .1984E+03 -.7657E+02   .9999641  .0082871 -.0017695
T 4975  1 .1916908E+07   5000041E-02  .1018E+03  .7529E+02   .9999823  .0052907  .0027399
T 4976  1 .1929848E+07   5000224E-02  .3347E+02  .1162E+03   .9999992  .0011845  .0003242
T 4977  1 .1910593E+07   5000117E-02 -.4283E+01  .2229E+02   .9999746 -.0051548  .0049176
T 4978  1 .1932423E+07   5000165E-02 -.2307E+02  .1130E+02   .9999986 -.0016543 -.0002735
T 4979  1 .1933925E+07   5000116E-02  .9436E+01  .6873E+01   .9999976  .0017261  .0013756
T 4980  1 .1923064E+07   5000073E-02 -.3517E+02 -.8918E+02   .9999973 -.0018046 -.0014841
T 4981  1 .1931780E+07   5000220E-02  .1105E+03 -.4489E+02   .9999958 -.0014041  .0025316
T 4982  1 .1922206E+07   5000218E-02 -.1265E+03 -.1333E+03   .9999868 -.0041058  .0030818
T 4983  1 .1915794E+07   5000184E-02  .3256E+02  .2140E+02   .9999914  .0040362  .0009309
T 4984  1 .1913788E+07   5000085E-02 -.1611E+03  .2141E+01   .9999614 -.0087890 -.0001708
T 4985  1 .1922933E+07   5000050E-02 -.1205E+02 -.1112E+02   .9999964 -.0020974 -.0016946
T 4986  1 .1912717E+07   5000174E-02 -.3749E+02 -.5207E+01   .9999953 -.0030693  .0001221
T 4987  1 .1919054E+07   5000021E-02 -.4754E+02  .4594E+02   .9999867 -.0003384  .0051442
T 4988  1 .1922299E+07   5000125E-02  .1149E+03  .6778E+02   .9999954  .0030171 -.0003511
T 4989  1 .1921906E+07   5000046E-02  .1228E+03  .3066E+02   .9999724  .0047173  .0057391
T 4990  1 .1910418E+07   5000146E-02 -.4058E+03  .1844E+03   .9998720 -.0132031  .0090390
T 4991  1 .1927996E+07   5000147E-02  .1679E+03  .1048E+02   .9999597  .0080261 -.0040130
T 4992  1 .1932651E+07   5000053E-02  .1067E+03  .9281E+02   .9999625  .0086588 -.0001248
T 4993  1 .1923798E+07   5000175E-02 -.1564E+02  .2343E+02   .9999585 -.0009829  .0090552
T 4994  1 .1914141E+07   5000157E-02 -.5985E+02  .1306E+02   .9999023 -.0139681  .0006163
T 4995  1 .1916848E+07   5000114E-02  .6043E+03  .3057E+03   .9991747  .0363837  .0180578
T 4996  1 .1924075E+07   5000068E-02  .2943E+03 -.2034E+03   .9999051  .0116469 -.0073547
T 4997  1 .1932280E+07   5000140E-02  .2212E+02  .4769E+02   .9999875  .003832