============================== SRIM-2013.00 ==============================
==============================================================================
=================  TRANSMIT.txt : File of Transmitted Ions  ==================
=  This file tabulates the kinetics of ions or atoms leaving the target.     =
=  Column #1: S= Sputtered Atom, B= Backscattered Ion, T= Transmitted Ion.   =
=  Col.#2: Ion Number, Col.#3: Z of atom leaving, Col.#4: Atom energy (eV).  =
=  Col.#5-7: Last location:  X= Depth into target, Y,Z= Transverse axes.     =
=  Col.#8-10: Cosines of final trajectory.                                   =
= *** This data file is in the same format as TRIM.DAT (see manual for uses).=
====== TRIM Calc.=  H(2 MeV) ==> PMMA(  1 um) ================================
 Ion  Atom   Energy        Depth       Lateral-Position        Atom Direction      
 Numb Numb    (eV)          X(A)        Y(A)       Z(A)      Cos(X)  Cos(Y) Cos(Z) 
T    1  1 .1980631E+07   1000111E-02  .8091E+01  .2974E+01   .9999954  .0025293  .0016988
T    2  1 .1984570E+07   1000125E-02  .4824E+01 -.7169E+01   .9999580  .0010811 -.0091063
T    3  1 .1982733E+07   1000156E-02  .1526E+02 -.3827E+01   .9999955  .0021784 -.0020825
T    4  1 .1981219E+07   1000031E-02  .7910E+00  .7202E+01   .9999882 -.0017112  .0045529
T    5  1 .1990961E+07   1000167E-02  .4534E+02 -.1192E+02   .9999702  .0068823 -.0034910
T    6  1 .1981145E+07   1000068E-02 -.4271E+01  .7810E+01   .9999983 -.0000546  .0018419
T    7  1 .1991287E+07   1000200E-02  .1326E+01 -.1269E+01   .9999988  .0002726 -.0014937
T    8  1 .1982443E+07   1000185E-02  .1393E+01  .1839E+02   .9999945  .0002854  .0033113
T    9  1 .1982876E+07   1000219E-02  .8424E+01  .5970E+01   .9999993  .0005806  .0010615
T   10  1 .1983526E+07   1000213E-02 -.1964E+02 -.2583E+02   .9999916 -.0023841 -.0033206
T   11  1 .1987169E+07   1000096E-02  .2902E+01  .2230E+01   .9999999  .0000938 -.0001037
T   12  1 .1981660E+07   1000202E-02  .9749E+00  .1647E+02   .9999957 -.0015989  .0024406
T   13  1 .1985170E+07   1000203E-02 -.1156E+02  .1211E+02   .9999952 -.0017378  .0025697
T   14  1 .1986709E+07   1000180E-02  .1161E+01  .2310E+02   .9999972  .0011644  .0020664
T   15  1 .1986503E+07   1000174E-02  .1540E+02 -.1898E+02   .9999937  .0017924 -.0030688
T   16  1 .1989698E+07   1000151E-02  .1810E+01 -.1384E+02   .9999826  .0033334 -.0048692
T   17  1 .1982565E+07   1000226E-02  .5058E+00  .1050E+02   .9999986  .0001111  .0016665
T   18  1 .1984862E+07   1000080E-02 -.4518E+02 -.4756E+02   .9999703 -.0068517 -.0035353
T   19  1 .1989059E+07   1000063E-02  .6424E+00 -.1776E+00   .9999998  .0006211 -.0002653
T   20  1 .1982557E+07   1000105E-02  .7185E+01  .3849E+01   .9999880  .0045312  .0018650
T   21  1 .1986268E+07   1000072E-02  .4828E+00  .1117E+02   .9999908  .0003318  .0042867
T   22  1 .1982773E+07   1000123E-02 -.2246E+01  .1020E+02   .9999990 -.0005410  .0013323
T   23  1 .1987404E+07   1000086E-02 -.6218E+01 -.1065E+02   .9999977 -.0009864 -.0018865
T   24  1 .1988382E+07   1000223E-02  .5945E+02  .4453E+02   .9999380  .0089391  .0066389
T   25  1 .1985310E+07   1000075E-02  .4270E+01  .2930E+01   .9999999  .0002774  .0001764
T   26  1 .1990425E+07   1000036E-02  .1284E+02  .9994E+01   .9999973  .0015485  .0017390
T   27  1 .1985830E+07   1000078E-02  .1026E+02 -.7110E+01   .9999898  .0020915 -.0040048
T   28  1 .1988773E+07   1000090E-02 -.1365E+00  .5938E+01   .9999992 -.0004561  .0011580
T   29  1 .1986258E+07   1000119E-02  .1062E+02  .7233E+01   .9999989  .0000537  .0015072
T   30  1 .1985098E+07   1000073E-02  .4489E+01  .5577E+00   .9999998  .0006799 -.0000457
T   31  1 .1984891E+07   1000133E-02 -.1543E+02 -.3176E+01   .9999893 -.0046213  .0001988
T   32  1 .1985962E+07   1000107E-02 -.9619E+01  .4909E+01   .9999989 -.0013863  .0005733
T   33  1 .1983818E+07   1000184E-02  .1183E+02 -.5695E+01   .9999939  .0034381 -.0006339
T   34  1 .1985251E+07   1000086E-02  .5873E+01 -.3306E+01   .9999995  .0005121 -.0008692
T   35  1 .1990842E+07   1000016E-02 -.5670E+01  .5789E+01   .9999995 -.0007618  .0006845
T   36  1 .1988393E+07   1000027E-02 -.5014E+01 -.1569E+01   .9999994 -.0007399  .0008479
T   37  1 .1982224E+07   1000063E-02  .1998E+00  .1171E+01   .9999994  .0010446 -.0002622
T   38  1 .1988579E+07   1000036E-02 -.6482E+00  .1726E+01   .9999999  .0000820  .0004322
T   39  1 .1988178E+07   1000044E-02  .8280E+01 -.1448E+02   .9999994  .0009661 -.0004569
T   40  1 .1987910E+07   1000098E-02  .3008E+00  .1101E+01   .9999996  .0002362  .0008169
T   41  1 .1985832E+07   1000109E-02  .5415E+01 -.1562E+02   .9999960  .0008947 -.0026908
T   42  1 .1981946E+07   1000217E-02 -.5147E+01  .3793E+01   .9999960 -.0019885  .0020221
T   43  1 .1987604E+07   1000080E-02 -.6052E+01 -.4567E+01   .9999995 -.0003778 -.0008905
T   44  1 .1985978E+07   1000059E-02 -.2432E+01 -.1765E+01   .9999679  .0048817 -.0063588
T   45  1 .1986678E+07   1000155E-02 -.5968E+01  .5418E+02   .9999663 -.0025950  .0077934
T   46  1 .1986586E+07   1000216E-02  .3663E+01  .1746E+01   .9999992  .0012425  .0002395
T   47  1 .1984774E+07   1000195E-02  .5765E+00 -.1195E+02   .9999961  .0010324 -.0025964
T   48  1 .1983709E+07   1000157E-02 -.6626E+01 -.9178E+01   .9999971 -.0015001 -.0018691
T   49  1 .1984581E+07   1000038E-02  .2494E+01  .1168E+01   .9999999 -.0000263  .0004526
T   50  1 .1984406E+07   1000034E-02  .9485E+00  .6440E+01   .9999983 -.0005787  .0017505
T   51  1 .1980879E+07   1000075E-02 -.7360E+01 -.7811E+00   .9999999  .0000740 -.0002507
T   52  1 .1986444E+07   1000134E-02  .2256E+01  .2035E+01   .9999979 -.0014356  .0014628
T   53  1 .1988619E+07   1000211E-02  .3628E+01  .6813E+00   .9999939  .0034811  .0002386
T   54  1 .1984504E+07   1000134E-02 -.4579E+01  .7390E+01   .9999834 -.0028304  .0050107
T   55  1 .1983089E+07   1000098E-02 -.3389E+00  .1795E+01   .9999994  .0010734 -.0002691
T   56  1 .1982546E+07   1000179E-02 -.1836E+02  .4715E+02   .9999905 -.0010540  .0042345
T   57  1 .1982608E+07   1000132E-02  .3901E+01 -.4840E+01   .9999967  .0016280 -.0019781
T   58  1 .1985272E+07   1000085E-02 -.2399E+01 -.2021E+01   .9999987 -.0012040 -.0011047
T   59  1 .1982753E+07   1000100E-02  .2214E+02 -.1642E+02   .9999724  .0060237 -.0043447
T   60  1 .1988285E+07   1000022E-02  .7197E+01 -.4206E+01   .9999982  .0019159  .0001458
T   61  1 .1987237E+07   1000199E-02 -.2158E+01  .1827E+02   .9999961 -.0002749  .0027895
T   62  1 .1980524E+07   1000087E-02  .9464E+01  .2596E+01   .9999990  .0009774  .0010682
T   63  1 .1990225E+07   1000184E-02 -.7325E+00  .1343E+02   .9999992 -.0002634  .0012443
T   64  1 .1985405E+07   1000119E-02 -.9700E+01 -.3732E+02   .9999862 -.0022563 -.0047445
T   65  1 .1984674E+07   1000164E-02  .7163E+01 -.7553E+01   .9999900  .0023596 -.0037888
T   66  1 .1982615E+07   1000219E-02 -.4337E+02 -.8092E+01   .9999867 -.0051458  .0004584
T   67  1 .1987399E+07   1000204E-02  .7585E+01 -.9743E+01   .9999917  .0038804 -.0012753
T   68  1 .1981213E+07   1000063E-02  .8751E+01  .2009E+01   .9999984  .0018007  .0002317
T   69  1 .1989164E+07   1000030E-02 -.2587E+00 -.1009E+01   .9999995  .0004410 -.0008900
T   70  1 .1982733E+07   1000123E-02 -.4818E+01 -.3107E+01   .9999984 -.0017081 -.0004380
T   71  1 .1985831E+07   1000052E-02  .7095E+01  .4756E+01   .9999971 -.0002165  .0024037
T   72  1 .1982113E+07   1000088E-02 -.1578E+01 -.1523E+01   .9999987 -.0008044 -.0014265
T   73  1 .1982960E+07   1000163E-02  .1788E+02  .1103E+02   .9999864  .0041323  .0031782
T   74  1 .1985497E+07   1000010E-02 -.1339E+02 -.7575E+01   .9999936 -.0031636 -.0016926
T   75  1 .1981580E+07   1000209E-02  .7782E+01  .4154E+00   .9999902  .0026476 -.0035435
T   76  1 .1976540E+07   1000091E-02  .3076E+02 -.3126E+00   .9999759  .0068708  .0009537
T   77  1 .1982026E+07   1000078E-02 -.2138E+01 -.1957E+01   .9999959 -.0025156 -.0013649
T   78  1 .1988803E+07   1000089E-02 -.4536E+00  .2443E+00   .9999996 -.0008881  .0000442
T   79  1 .1980568E+07   1000038E-02  .8273E+00  .3244E+00   .9999998 -.0001360  .0006719
T   80  1 .1980518E+07   1000058E-02  .1470E+01  .1917E+01   .9999971  .0018545  .0015485
T   81  1 .1985732E+07   1000139E-02 -.1259E+01 -.1006E+02   .9999913 -.0019938 -.0036550
T   82  1 .1982221E+07   1000110E-02 -.2047E+01  .9949E+00   .9999996 -.0006470 -.0005492
T   83  1 .1992281E+07   1000168E-02  .5286E+01 -.1424E+02   .9999977  .0011019 -.0018166
T   84  1 .1981157E+07   1000026E-02  .6028E+01  .8709E+01   .9999996  .0007923  .0004383
T   85  1 .1987090E+07   1000033E-02 -.1936E+00 -.6074E+01   .9999997 -.0007014 -.0001491
T   86  1 .1982106E+07   1000113E-02  .1246E+02 -.3344E+01   .9999969  .0020362  .0014279
T   87  1 .1980212E+07   1000183E-02  .6205E+01  .5995E+01   .9999939  .0029132  .0019204
T   88  1 .1982427E+07   1000063E-02 -.1441E+02  .4655E+00   .9999958 -.0028872 -.0000948
T   89  1 .1982266E+07   1000195E-02  .1509E+02  .1653E+00   .9999961  .0021389  .0017996
T   90  1 .1985812E+07   1000031E-02 -.7371E+01  .2702E+01   .9999921 -.0039283  .0006772
T   91  1 .1979123E+07   1000222E-02  .3683E+01 -.1954E+01   .9999964  .0026516 -.0003694
T   92  1 .1982881E+07   1000125E-02 -.1759E+01  .5243E+00   .9999996 -.0008395  .0003524
T   93  1 .1985671E+07   1000110E-02 -.2471E+01  .8803E+01   .9999951 -.0004302  .0031106
T   94  1 .1982824E+07   1000102E-02  .5535E+00 -.6852E+00   .9999994  .0010663 -.0001718
T   95  1 .1987835E+07   1000176E-02  .4908E+01  .7353E+01   .9999990  .0005602  .0013182
T   96  1 .1984675E+07   1000158E-02 -.1155E+02 -.1448E+00   .9999955 -.0029156  .0006846
T   97  1 .1985451E+07   1000006E-02  .5590E+01 -.8039E+00   .9999999  .0004204 -.0000655
T   98  1 .1980928E+07   1000108E-02 -.8715E+00  .2732E+02   .9999952  .0030133  .0007435
T   99  1 .1985402E+07   1000101E-02  .2717E+01  .2422E+01   .9999988 -.0009798  .0012328
T  100  1 .1987427E+07   1000021E-02 -.1341E+01 -.3742E+01   .9999972 -.0022670 -.0006029
T  101  1 .1983852E+07   1000033E-02 -.2266E+01 -.3822E+01   .9999967 -.0010037 -.0023733
T  102  1 .1987712E+07   1000190E-02 -.7232E+01  .1351E+02   .9999931 -.0016244  .0033370
T  103  1 .1984682E+07   1000024E-02  .7695E+01 -.2998E+02   .9999596  .0023398 -.0086842
T  104  1 .1984467E+07   1000096E-02 -.6576E+01  .4171E+01   .9999934 -.0023643  .0027580
T  105  1 .1987153E+07   1000149E-02  .7470E+00 -.1460E+01   .9999970 -.0023332  .0007146
T  106  1 .1983151E+07   1000203E-02 -.5335E+01 -.9309E+01   .9999973 -.0011175 -.0020382
T  107  1 .1985446E+07   1000181E-02  .1571E+02  .2808E+01   .9999928  .0037843 -.0003847
T  108  1 .1984638E+07   1000105E-02  .5340E+01 -.6842E+00   .9999968  .0017097 -.0018434
T  109  1 .1984655E+07   1000159E-02  .1868E+01  .6812E+00   .9999980  .0020039 -.0000957
T  110  1 .1984324E+07   1000159E-02  .4694E+01 -.3628E+02   .9999800  .0008512 -.0062739
T  111  1 .1979493E+07   1000209E-02 -.8816E+00 -.1709E+02   .9999935 -.0000978 -.0036082
T  112  1 .1985923E+07   1000108E-02  .3912E+01 -.3445E+01   .9999966  .0023932 -.0010427
T  113  1 .1983933E+07   1000097E-02  .4695E+01  .1054E+02   .9999901  .0021376  .0039044
T  114  1 .1984223E+07   1000223E-02  .8818E+01 -.7999E+01   .9999989  .0011949 -.0008411
T  115  1 .1987370E+07   1000089E-02  .2583E+01 -.2742E+01   .9999978  .0016754 -.0012375
T  116  1 .1982567E+07   1000085E-02  .4909E+01  .4352E+01   .9999995  .0008440  .0005032
T  117  1 .1985212E+07   1000151E-02 -.1249E+01 -.5243E+01   .9999981  .0018261 -.0006160
T  118  1 .1984781E+07   1000123E-02 -.1700E+01  .3989E+01   .9999961 -.0013412  .0024369
T  119  1 .1981174E+07   1000165E-02  .1716E+01 -.4043E+00   .9999999  .0001476  .0003367
T  120  1 .1988106E+07   1000186E-02  .2032E+01  .9910E+01   .9999984  .0013054  .0012462
T  121  1 .1986715E+07   1000116E-02  .4776E+02  .1828E+03   .9937790  .0301914  .1071993
T  122  1 .1982382E+07   1000195E-02  .4448E+01  .1908E+02   .9999903 -.0004649  .0043713
T  123  1 .1986966E+07   1000190E-02 -.1129E+01  .1834E+01   .9999989 -.0011246  .0010099
T  124  1 .1981630E+07   1000139E-02  .5062E+01 -.3185E+01   .9999972 -.0003002 -.0023551
T  125  1 .1983340E+07   1000203E-02 -.1333E+01 -.9708E+01   .9999893 -.0028346 -.0036673
T  126  1 .1985854E+07   1000099E-02 -.2743E+01  .1158E+01   .9999979 -.0019861  .0005586
T  127  1 .1980814E+07   1000035E-02  .1014E+02 -.6438E+01   .9999976  .0020456 -.0007874
T  128  1 .1983054E+07   1000222E-02 -.2708E+01 -.1378E+02   .9999961 -.0020064 -.0019239
T  129  1 .1985363E+07   1000184E-02  .9025E+01  .1370E+02   .9999946  .0010312  .0031245
T  130  1 .1984997E+07   1000154E-02  .1894E+02  .6825E+01   .9999745  .0069176  .0017533
T  131  1 .1985602E+07   1000084E-02 -.7984E+01 -.4992E+01   .9999969 -.0023056 -.0009729
T  132  1 .1988321E+07   1000173E-02  .1205E+01  .8534E+00   .9999994  .0009750  .0004904
T  133  1 .1985612E+07   1000199E-02  .6491E+01  .6188E+01   .9999996 -.0005292  .0007502
T  134  1 .1983857E+07   1000167E-02  .2235E+00 -.3084E+00   .9999999  .0003795 -.0002859
T  135  1 .1985962E+07   1000207E-02 -.5329E+01 -.8951E+01   .9999992 -.0012021 -.0002475
T  136  1 .1983192E+07   1000223E-02  .3987E+01 -.1061E+02   .9999973 -.0006206 -.0022533
T  137  1 .1985867E+07   1000225E-02 -.3477E+02  .5566E+01   .9999902 -.0044160 -.0000628
T  138  1 .1979078E+07   1000223E-02  .1139E+02 -.3449E+02   .9999711  .0026525 -.0071244
T  139  1 .1982419E+07   1000165E-02  .5126E+01 -.1130E+02   .9999846  .0047153 -.0029384
T  140  1 .1984988E+07   1000203E-02  .1362E+02  .5751E+01   .9999995  .0009431  .0002450
T  141  1 .1982534E+07   1000134E-02  .2048E+02  .2773E+01   .9999825  .0057860  .0012140
T  142  1 .1983481E+07   1000213E-02 -.2841E+01 -.5929E+01   .9999972 -.0012118 -.0020468
T  143  1 .1985178E+07   1000125E-02  .1284E+02 -.1700E+02   .9999955  .0014173 -.0026584
T  144  1 .1984576E+07   1000170E-02  .9422E+01  .6673E+01   .9999953  .0028675  .0010874
T  145  1 .1982112E+07   1000094E-02 -.8148E+01  .1841E+01   .9999974 -.0021020  .0008743
T  146  1 .1987227E+07   1000168E-02 -.1504E+02 -.3423E+01   .9999899 -.0044287 -.0007878
T  147  1 .1988038E+07   1000178E-02  .9504E+00 -.5530E+01   .9999984 -.0007101 -.0016339
T  148  1 .1983364E+07   1000162E-02 -.7377E+01  .3747E+01   .9999990 -.0011055  .0009359
T  149  1 .1982368E+07   1000161E-02  .4682E+00 -.9765E+01   .9999762 -.0055199 -.0041323
T  150  1 .1984920E+07   1000082E-02 -.1168E+01  .4318E+01   .9999997  .0007076  .0003144
T  151  1 .1986311E+07   1000026E-02 -.5060E+00 -.3803E+00   .9999988  .0011980  .0010045
T  152  1 .1981004E+07   1000182E-02  .1699E+01 -.8078E+01   .9999972  .0004392 -.0023245
T  153  1 .1985691E+07   1000171E-02 -.1033E+02 -.2606E+01   .9999989 -.0004276 -.0014478
T  154  1 .1982351E+07   1000208E-02  .4498E+01  .4909E+01   .9999973 -.0001217  .0023209
T  155  1 .1988869E+07   1000162E-02 -.1459E+01 -.8381E+00   .9999999 -.0004473  .0000140
T  156  1 .1984185E+07   1000089E-02 -.7581E+01 -.2544E+01   .9999947 -.0016768  .0027944
T  157  1 .1984425E+07   1000136E-02 -.9818E+01 -.2040E+02   .9999857 -.0019705 -.0049713
T  158  1 .1986332E+07   1000194E-02 -.5049E+01  .1013E+02   .9999998 -.0004421  .0004793
T  159  1 .1985112E+07   1000080E-02  .2298E+02 -.3228E+02   .9999814  .0033721 -.0050793
T  160  1 .1986452E+07   1000094E-02  .1710E+01  .3333E+01   .9999992  .0004252  .0011580
T  161  1 .1985014E+07   1000200E-02 -.1693E+02  .4343E+00   .9999803 -.0062744 -.0001188
T  162  1 .1981018E+07   1000148E-02  .7717E+01 -.5541E+01   .9999996  .0008432 -.0002012
T  163  1 .1983931E+07   1000033E-02  .3476E+01  .1107E+01   .9999999  .0001268 -.0004319
T  164  1 .1987541E+07   1000079E-02  .2782E+01 -.3583E+00   .9999987  .0009570  .0013004
T  165  1 .1986991E+07   1000172E-02 -.6053E+01 -.5260E+01   .9999995 -.0009928  .0001930
T  166  1 .1980267E+07   1000002E-02 -.6442E+00 -.2470E+01   .9999995  .0005861 -.0007913
T  167  1 .1981994E+07   1000150E-02 -.4781E+01  .5472E+01   .9999994  .0006489  .0008578
T  168  1 .1988734E+07   1000032E-02  .6649E+01 -.2338E+01   .9999983 -.0006679 -.0016990
T  169  1 .1990842E+07   1000171E-02  .3930E+01 -.7076E+01   .9999987  .0011117 -.0011302
T  170  1 .1984216E+07   1000226E-02 -.4514E+02 -.2692E+02   .9999582 -.0075219 -.0052064
T  171  1 .1984440E+07   1000132E-02 -.1175E+01  .1302E+01   .9999999 -.0003150  .0004256
T  172  1 .1986049E+07   1000034E-02 -.4771E+01 -.1133E+02   .9999911 -.0029371 -.0030162
T  173  1 .1982638E+07   1000041E-02 -.3187E+01  .1116E+01   .9999960 -.0016400 -.0023241
T  174  1 .1988512E+07   1000088E-02 -.1526E+00 -.7397E+00   .9999997  .0007124  .0004060
T  175  1 .1988444E+07   1000082E-02 -.1299E+02 -.2569E+01   .9999968 -.0022537 -.0011513
T  176  1 .1980659E+07   1000115E-02 -.6257E+00 -.4461E+01   .9999986  .0000853 -.0016931
T  177  1 .1988898E+07   1000020E-02  .1419E+01  .9887E+00   .9999979  .0009936 -.0017826
T  178  1 .1981056E+07   1000045E-02  .1509E+01  .8153E+01   .9999989 -.0003847  .0014534
T  179  1 .1988608E+07   1000223E-02 -.1571E+01  .8558E+01   .9999956 -.0001540  .0029479
T  180  1 .1982408E+07   1000160E-02  .2057E+02 -.9104E+01   .9999844  .0052737 -.0018611
T  181  1 .1985949E+07   1000167E-02  .9939E+01 -.5979E+01   .9999862  .0047052 -.0023275
T  182  1 .1988711E+07   1000079E-02  .7424E+01  .2874E+01   .9999971 -.0002608  .0023872
T  183  1 .1979662E+07   1000163E-02  .5841E+00  .2923E+01   .9999999  .0001830  .0004859
T  184  1 .1983910E+07   1000225E-02  .2480E+01 -.1846E+01   .9999980  .0014292 -.0013910
T  185  1 .1986915E+07   1000192E-02  .5180E+01 -.1825E+01   .9999976  .0014501  .0016296
T  186  1 .1982479E+07   1000150E-02 -.1202E+02  .5550E+00   .9999990 -.0007099 -.0012331
T  187  1 .1981474E+07   1000195E-02  .3158E+01 -.5871E+01   .9999902  .0016598 -.0041112
T  188  1 .1982592E+07   1000125E-02 -.4463E+02  .1227E+00   .9999580 -.0091536  .0004062
T  189  1 .1985604E+07   1000048E-02 -.2192E+02  .6880E+01   .9999896 -.0044843  .0008429
T  190  1 .1982959E+07   1000220E-02 -.4432E+01 -.1575E+01   .9999982 -.0015225 -.0010935
T  191  1 .1983231E+07   1000191E-02  .5580E+01 -.1358E+02   .9999896 -.0013417 -.0043564
T  192  1 .1989661E+07   1000011E-02 -.6640E+01  .2305E+01   .9999969 -.0024644 -.0004600
T  193  1 .1984721E+07   1000161E-02 -.3621E+01  .8209E+00   .9999952 -.0027035  .0014843
T  194  1 .1987161E+07   1000218E-02 -.1230E+02  .4982E+02   .9999908 -.0010278  .0041663
T  195  1 .1985577E+07   1000141E-02 -.8690E+01 -.1040E+02   .9999992 -.0012649  .0001796
T  196  1 .1986283E+07   1000199E-02 -.2734E+01 -.1236E+01   .9999977 -.0013347 -.0016946
T  197  1 .1985899E+07   1000090E-02  .4340E+01  .6772E+01   .9999981  .0017344  .0009345
T  198  1 .1985927E+07   1000197E-02 -.1877E+02  .1072E+01   .9999989 -.0014598  .0000207
T  199  1 .1985796E+07   1000001E-02  .3640E+01  .9220E+00   .9999997  .0008043  .0001412
T  200  1 .1989203E+07   1000219E-02  .2314E+01  .1320E+02   .9999976  .0001418  .0021889
T  201  1 .1979226E+07   1000096E-02 -.3821E+01  .1124E+02   .9999933 -.0002662  .0036626
T  202  1 .1986518E+07   1000208E-02 -.9040E+00 -.4134E+00   .9999884 -.0039942 -.0026842
T  203  1 .1986745E+07   1000162E-02  .9486E+01 -.1394E+01   .9999991  .0010162 -.0009312
T  204  1 .1984853E+07   1000170E-02 -.8644E+01 -.1811E+01   .9999999  .0000378  .0003957
T  205  1 .1988115E+07   1000172E-02  .1514E+02  .8032E+01   .9999917  .0040798  .0000091
T  206  1 .1985894E+07   1000040E-02 -.3773E+01  .8589E+00   .9999999 -.0003516 -.0001673
T  207  1 .1986021E+07   1000216E-02  .8547E+00 -.1161E+01   .9999966  .0010974 -.0023489
T  208  1 .1982609E+07   1000106E-02 -.4336E+01  .1109E+01   .9999943 -.0024062  .0023725
T  209  1 .1983003E+07   1000160E-02 -.3865E+01 -.1118E+02   .9999999 -.0002267 -.0004350
T  210  1 .1983375E+07   1000078E-02 -.3525E-01  .1518E+01   .9999999  .0003935  .0001468
T  211  1 .1985134E+07   1000150E-02  .1236E+02 -.1279E+02   .9999962  .0017417 -.0021220
T  212  1 .1982136E+07   1000175E-02 -.5732E+01 -.8497E+01   .9999979 -.0012943 -.0016148
T  213  1 .1985767E+07   1000058E-02  .4897E+01  .4264E+01   .9999996 -.0000084  .0008747
T  214  1 .1987305E+07   1000226E-02  .3523E+00  .9874E-01   .9999993  .0010967 -.0005016
T  215  1 .1983290E+07   1000016E-02 -.1234E+01  .2486E+01   .9999997 -.0002526  .0006935
T  216  1 .1986413E+07   1000156E-02 -.6978E+00 -.5922E+01   .9999987 -.0009767 -.0012895
T  217  1 .1992699E+07   1000045E-02  .9853E+01  .6224E+00   .9999958  .0007032 -.0028118
T  218  1 .1982251E+07   1000222E-02 -.1382E+02 -.3256E+01   .9999910 -.0037410 -.0020232
T  219  1 .1985002E+07   1000161E-02 -.1400E+02  .8366E+01   .9999938 -.0033363  .0011305
T  220  1 .1981613E+07   1000079E-02 -.8177E+01  .4106E+01   .9999974 -.0021832 -.0006896
T  221  1 .1981987E+07   1000058E-02  .2293E+01  .1553E+01   .9999995  .0006724  .0007506
T  222  1 .1987020E+07   1000138E-02 -.2610E+02  .3455E+02   .9999965 -.0002888  .0026165
T  223  1 .1988067E+07   1000135E-02  .2021E+02 -.5631E+01   .9999915  .0038222 -.0015453
T  224  1 .1988685E+07   1000212E-02  .3159E+02 -.3553E+01   .9999833  .0045674  .0035349
T  225  1 .1983441E+07   1000184E-02 -.2604E+02  .1587E+02   .9999906 -.0035155  .0025454
T  226  1 .1985620E+07   1000169E-02 -.4727E+01 -.3658E+01   .9999996 -.0006813 -.0005341
T  227  1 .1988424E+07   1000002E-02 -.1449E+01 -.5300E+01   .9999972  .0023650  .0002284
T  228  1 .1989622E+07   1000184E-02  .5140E+01  .7789E+01   .9999938  .0011292  .0033209
T  229  1 .1985152E+07   1000063E-02 -.1967E+01  .1083E+02   .9999935 -.0010069  .0034675
T  230  1 .1986665E+07   1000074E-02 -.6494E+00 -.1607E+02   .9999959 -.0001846 -.0028702
T  231  1 .1981688E+07   1000082E-02  .3237E+01 -.9121E+01   .9999867 -.0004824 -.0051428
T  232  1 .1980753E+07   1000031E-02 -.1044E+02 -.4632E+01   .9999934 -.0027204 -.0023919
T  233  1 .1985209E+07   1000030E-02  .1412E+02 -.2116E+02   .9999611  .0083825 -.0027362
T  234  1 .1986055E+07   1000131E-02 -.2392E+01 -.5007E+00   .9999984 -.0017744  .0003487
T  235  1 .1983707E+07   1000158E-02 -.1578E+02  .4610E+01   .9999907 -.0041801  .0010544
T  236  1 .1984096E+07   1000163E-02  .5745E+01 -.3234E+01   .9999990 -.0000722 -.0014159
T  237  1 .1982169E+07   1000091E-02  .1316E+02  .1577E+01   .9999976  .0022017  .0000142
T  238  1 .1984136E+07   1000198E-02  .1579E+01 -.1323E+02   .9999772 -.0065005 -.0018060
T  239  1 .1982893E+07   1000216E-02 -.1352E+01  .2571E+01   .9999980 -.0013419  .0014531
T  240  1 .1985234E+07   1000015E-02 -.1273E+01 -.1087E+02   .9999947 -.0032313 -.0003636
T  241  1 .1985925E+07   1000191E-02 -.6740E+01 -.3404E+01   .9999971 -.0017462 -.0016508
T  242  1 .1987810E+07   1000200E-02  .2166E+02  .1852E+02   .9999004  .0125396  .0064813
T  243  1 .1986757E+07   1000027E-02 -.2143E+01 -.9891E+00   .9999945 -.0028382 -.0017354
T  244  1 .1985814E+07   1000008E-02  .3354E+01 -.9487E+01   .9999995  .0009910 -.0000268
T  245  1 .1983373E+07   1000210E-02 -.9713E+00  .4256E+01   .9999996 -.0009069  .0002656
T  246  1 .1988880E+07   1000222E-02 -.2292E+00  .8551E+01   .9999954  .0002498  .0030356
T  247  1 .1985718E+07   1000160E-02 -.1520E+02  .7115E+01   .9999734 -.0068689  .0024661
T  248  1 .1981713E+07   1000181E-02 -.1374E+02  .1574E+01   .9999956 -.0029708 -.0001717
T  249  1 .1980504E+07   1000086E-02 -.1534E+02  .6374E+01   .9999935 -.0034512  .0010231
T  250  1 .1983815E+07   1000139E-02  .1964E+01  .4137E+00   .9999987  .0016396 -.0000146
T  251  1 .1987937E+07   1000124E-02  .7541E+01 -.1349E+01   .9999963  .0004421 -.0027027
T  252  1 .1987644E+07   1000142E-02  .2878E+02  .3312E+02   .9998704  .0098229  .0127564
T  253  1 .1979056E+07   1000061E-02 -.1813E+01 -.3169E+00   .9999976 -.0021770 -.0000791
T  254  1 .1983970E+07   1000001E-02 -.5713E+01 -.5525E+01   .9999996  .0006543 -.0005850
T  255  1 .1984640E+07   1000134E-02 -.2224E+01 -.3980E+01   .9999980  .0017242 -.0009819
T  256  1 .1984092E+07   1000041E-02  .3214E+01  .2281E+00   .9999986  .0014865  .0007723
T  257  1 .1986689E+07   1000062E-02  .4542E+02  .6939E+02   .9996682  .0150742  .0208870
T  258  1 .1985818E+07   1000040E-02  .1939E+02 -.1540E+02   .9999871  .0021296 -.0046162
T  259  1 .1981444E+07   1000130E-02 -.2747E+01 -.5537E+01   .9999991 -.0013124  .0001913
T  260  1 .1986460E+07   1000084E-02  .1670E+01 -.3326E+01   .9999970 -.0007565 -.0023166
T  261  1 .1986376E+07   1000125E-02 -.6362E+01  .3973E+01   .9999991  .0009765  .0008661
T  262  1 .1979372E+07   1000204E-02 -.1064E+02  .1421E+01   .9999994 -.0011031  .0001904
T  263  1 .1989269E+07   1000206E-02  .1338E+02  .3305E+01   .9999897  .0045247  .0002944
T  264  1 .1982849E+07   1000030E-02  .2266E+01  .1010E+02   .9999980  .0001606  .0019914
T  265  1 .1983003E+07   1000029E-02 -.1449E+02  .8276E+01   .9999811 -.0061224  .0005311
T  266  1 .1981600E+07   1000097E-02 -.7243E+01  .1098E+02   .9999594  .0001545  .0090134
T  267  1 .1987899E+07   1000008E-02 -.3138E+02  .3075E+01   .9999889 -.0043475  .0018192
T  268  1 .1981646E+07   1000226E-02 -.1150E+02 -.4872E+00   .9999951 -.0030914  .0004553
T  269  1 .1982822E+07   1000168E-02  .2378E+02  .8343E+00   .9999140  .0128211 -.0027707
T  270  1 .1985336E+07   1000226E-02 -.1285E+02 -.9159E+01   .9999977 -.0020117  .0006879
T  271  1 .1989053E+07   1000138E-02  .4281E+01  .3574E+01   .9999995 -.0007079  .0007265
T  272  1 .1982383E+07   1000009E-02  .1196E+02 -.5997E+01   .9999933  .0033278 -.0015059
T  273  1 .1985361E+07   1000060E-02 -.7566E+01  .9271E+01   .9999961 -.0019547  .0019810
T  274  1 .1989565E+07   1000170E-02  .3967E+01 -.5642E+01   .9999962  .0010453 -.0025430
T  275  1 .1985010E+07   1000043E-02  .7784E+01 -.7466E+01   .9999990  .0005889 -.0012565
T  276  1 .1981617E+07   1000040E-02 -.1080E+02  .6467E+01   .9999965 -.0021448  .0015267
T  277  1 .1980011E+07   1000152E-02  .7208E+01 -.1332E+02   .9999881  .0019504 -.0044808
T  278  1 .1982298E+07   1000204E-02  .1297E+02 -.2530E+01   .9999906  .0042950 -.0005987
T  279  1 .1986902E+07   1000206E-02  .1119E+02  .3767E+01   .9999972  .0019446  .0013627
T  280  1 .1984144E+07   1000008E-02 -.3650E+01 -.4465E+01   .9999979 -.0012062 -.0016825
T  281  1 .1989212E+07   1000133E-02 -.7187E+01 -.1117E+02   .9999826 -.0020250 -.0055321
T  282  1 .1985682E+07   1000176E-02  .9110E+01  .6681E+01   .9999975  .0017822 -.0013680
T  283  1 .1986647E+07   1000109E-02 -.1319E+02  .5207E+01   .9999998  .0006156  .0001074
T  284  1 .1980753E+07   1000012E-02  .8755E+00 -.2369E+01   .9999994  .0010094 -.0005085
T  285  1 .1988145E+07   1000035E-02  .3312E+01  .2550E+01   .9999992  .0012316  .0002023
T  286  1 .1984640E+07   1000030E-02  .2051E+02  .9343E+01   .9999955  .0029904 -.0000955
T  287  1 .1983827E+07   1000181E-02  .5133E+01 -.5946E+01   .9999957  .0010329 -.0027281
T  288  1 .1986373E+07   1000054E-02 -.2634E+01 -.8120E+01   .9999994 -.0009235 -.0006668
T  289  1 .1981301E+07   1000204E-02 -.4657E+02  .1830E+02   .9999668 -.0080943 -.0009650
T  290  1 .1982282E+07   1000193E-02  .4727E+00  .3858E+00   .9999988 -.0015369  .0001466
T  291  1 .1980987E+07   1000139E-02  .1648E+01  .6170E+01   .9999983 -.0000384  .0018383
T  292  1 .1987846E+07   1000113E-02 -.2172E+00 -.3954E+01   .9999975  .0000843 -.0022318
T  293  1 .1982925E+07   1000207E-02  .3128E+01  .6498E+00   .9999967  .0010416  .0023372
T  294  1 .1985463E+07   1000128E-02  .6578E+01  .7688E+01   .9999979  .0007565  .0018827
T  295  1 .1981632E+07   1000069E-02 -.1073E+02 -.1280E+02   .9999958 -.0024384 -.0015375
T  296  1 .1988250E+07   1000148E-02  .5872E+01  .1264E+02   .9999989  .0010570  .0010832
T  297  1 .1983356E+07   1000073E-02 -.1498E+02  .1245E+01   .9999724 -.0071002  .0021931
T  298  1 .1981038E+07   1000223E-02  .6827E+01  .1157E+02   .9999960 -.0002167  .0028167
T  299  1 .1985648E+07   1000211E-02 -.4924E+01 -.1094E+01   .9999996 -.0004108 -.0007598
T  300  1 .1982513E+07   1000057E-02 -.1547E+01 -.1506E+02   .9999949 -.0005756 -.0031445
T  301  1 .1984441E+07   1000161E-02  .6117E+01 -.8235E+01   .9999995  .0003455 -.0009698
T  302  1 .1987250E+07   1000052E-02 -.4525E+01 -.2271E+01   .9999940 -.0026558 -.0022155
T  303  1 .1979290E+07   1000219E-02  .2763E+01 -.1647E+01   .9999996  .0007152 -.0005197
T  304  1 .1982578E+07   1000030E-02 -.1082E+02  .2990E+01   .9999962 -.0025727 -.0009580
T  305  1 .1989600E+07   1000068E-02  .8343E+01 -.5178E+01   .9999813  .0044846 -.0041565
T  306  1 .1980935E+07   1000115E-02 -.1508E+01 -.1030E+02   .9999952 -.0005994 -.0030422
T  307  1 .1983285E+07   1000106E-02 -.1214E+01  .5645E+00   .9999998 -.0003942  .0004443
T  308  1 .1986450E+07   1000070E-02  .2158E+02 -.2748E+02   .9999750  .0037540 -.0059966
T  309  1 .1985031E+07   1000223E-02 -.7319E+01  .1425E+02   .9999790 -.0030569  .0057085
T  310  1 .1982387E+07   1000007E-02  .4790E+01 -.3934E+01   .9999991  .0004680 -.0012200
T  311  1 .1983670E+07   1000183E-02  .4339E+01  .9357E+00   .9999879 -.0006906  .0048759
T  312  1 .1982406E+07   1000190E-02  .8127E+01 -.2640E+01   .9999974  .0004668 -.0022318
T  313  1 .1980608E+07   1000166E-02  .1004E+01  .2935E+01   .9999955  .0006993  .0029141
T  314  1 .1989566E+07   1000139E-02  .3384E+01  .1094E+01   .9999974  .0022868  .0000925
T  315  1 .1979607E+07   1000005E-02 -.9180E+01  .6123E+01   .9999956 -.0015336  .0025315
T  316  1 .1984144E+07   1000089E-02  .4280E+01 -.7467E+00   .9999952  .0030910 -.0000606
T  317  1 .1983523E+07   1000113E-02 -.6384E+01  .4758E+00   .9998351 -.0159299  .0087160
T  318  1 .1982189E+07   1000226E-02  .2905E+01 -.2242E+01   .9999912  .0035610 -.0022073
T  319  1 .1988435E+07   1000176E-02 -.2615E+01  .3564E+01   .9999990 -.0002044  .0014079
T  320  1 .1986124E+07   1000212E-02 -.8777E+00  .4189E+01   .9999974 -.0004221  .0022331
T  321  1 .1987368E+07   1000041E-02  .1901E+01 -.8149E+01   .9999993 -.0000885 -.0011397
T  322  1 .1983656E+07   1000010E-02  .5769E+01  .9204E+01   .9999907  .0017506  .0039302
T  323  1 .1987496E+07   1000046E-02  .1168E+02 -.3586E+00   .9999897  .0045137  .0004877
T  324  1 .1984252E+07   1000220E-02 -.5117E+01  .1924E+02   .9999942 -.0005888  .0033510
T  325  1 .1980869E+07   1000021E-02 -.1474E+01  .3277E+01   .9999997  .0006879  .0002081
T  326  1 .1985359E+07   1000054E-02  .5027E+01 -.4529E+01   .9999995  .0010114  .0000076
T  327  1 .1984719E+07   1000068E-02 -.8710E+01  .2818E+01   .9999968 -.0025202  .0002228
T  328  1 .1985273E+07   1000091E-02  .7887E-01  .3320E+00   .9999999  .0000068  .0004338
T  329  1 .1986981E+07   1000087E-02  .1063E+02  .8949E+01   .9999916  .0040915  .0000457
T  330  1 .1981458E+07   1000014E-02 -.1064E+02  .7826E+01   .9999949 -.0030293  .0009938
T  331  1 .1980411E+07   1000207E-02  .1287E+01 -.1048E+00   .9999994  .0009553  .0004642
T  332  1 .1982901E+07   1000125E-02  .7142E+01 -.3171E+01   .9999968  .0018149 -.0017355
T  333  1 .1991429E+07   1000134E-02  .2614E+02  .1477E+01   .9999893  .0046293  .0002138
T  334  1 .1984311E+07   1000031E-02  .1141E+01  .1183E+02   .9999965  .0012932  .0023236
T  335  1 .1983845E+07   1000117E-02  .4809E+01  .2634E+01   .9999996  .0007688  .0004313
T  336  1 .1984798E+07   1000202E-02  .1488E+02 -.1613E+02   .9999933  .0035260 -.0010005
T  337  1 .1980786E+07   1000087E-02 -.1589E+01 -.5486E+00   .9999994 -.0009389 -.0005490
T  338  1 .1985169E+07   1000006E-02  .1293E+02 -.3383E+01   .9999970  .0023998 -.0004877
T  339  1 .1985369E+07   1000197E-02  .3195E+02  .1554E+02   .9999110  .0122243  .0053522
T  340  1 .1989579E+07   1000211E-02 -.7612E+01  .9700E+01   .9999968 -.0018699  .0016766
T  341  1 .1983975E+07   1000044E-02 -.2008E+01  .1501E+02   .9999871 -.0035689  .0036161
T  342  1 .1984464E+07   1000117E-02  .1458E+02  .5797E+01   .9999899  .0031952  .0031738
T  343  1 .1986037E+07   1000217E-02 -.4179E+01 -.4623E+01   .9999993 -.0011589 -.0001443
T  344  1 .1984320E+07   1000212E-02 -.7995E+01  .1354E+01   .9999989 -.0003212  .0014532
T  345  1 .1982608E+07   1000210E-02  .2015E+02  .5104E+01   .9999925  .0035872 -.0014353
T  346  1 .1983616E+07   1000068E-02 -.4041E+01  .8975E+01   .9999952 -.0023104  .0020404
T  347  1 .1983635E+07   1000219E-02 -.4994E+01  .4506E+01   .9999978 -.0014104  .0015822
T  348  1 .1987754E+07   1000103E-02 -.2056E+02 -.2391E+02   .9999948 -.0025547 -.0019750
T  349  1 .1986270E+07   1000121E-02  .1067E+02 -.9383E+00   .9999986  .0016535  .0003935
T  350  1 .1984084E+07   1000075E-02  .9951E-02  .9594E+01   .9999943  .0005526  .0033313
T  351  1 .1982030E+07   1000215E-02 -.2345E+02  .1061E+02   .9999771 -.0059066  .0033171
T  352  1 .1984123E+07   1000011E-02  .6224E+01  .3414E+01   .9999997  .0006351 -.0003636
T  353  1 .1980131E+07   1000012E-02 -.2579E+02  .9548E+01   .9999828 -.0056610  .0015221
T  354  1 .1987364E+07   1000208E-02  .5378E+01 -.3982E+01   .9999877  .0038384 -.0031368
T  355  1 .1984933E+07   1000100E-02 -.8282E+01 -.1748E+01   .9999976 -.0021846 -.0001146
T  356  1 .1987438E+07   1000118E-02  .6692E+01  .4900E+01   .9999866 -.0007934  .0051202
T  357  1 .1987765E+07   1000096E-02  .2899E+02 -.1114E+02   .9999885  .0044499 -.0017772
T  358  1 .1982765E+07   1000155E-02 -.3118E+01 -.2392E+01   .9999995 -.0007264  .0007087
T  359  1 .1986297E+07   1000088E-02  .1753E+01 -.4933E-01   .9999998  .0005378 -.0001866
T  360  1 .1986140E+07   1000131E-02  .2208E+01 -.4966E+01   .9999999 -.0002196  .0001812
T  361  1 .1982598E+07   1000200E-02 -.3989E+00  .1876E+01   .9999996  .0008801  .0002456
T  362  1 .1985894E+07   1000103E-02 -.2143E+01 -.1055E+02   .9999994  .0003419 -.0010154
T  363  1 .1982278E+07   1000036E-02  .9500E+01  .4126E+01   .9999978  .0016997  .0012045
T  364  1 .1988398E+07   1000167E-02  .1013E+02  .1048E+02   .9999004  .0132505 -.0048694
T  365  1 .1983519E+07   1000206E-02  .3956E+01 -.7593E+00   .9999982  .0018256  .0004673
T  366  1 .1987226E+07   1000047E-02  .4906E+01 -.5770E+01   .9999985  .0017534  .0000475
T  367  1 .1984506E+07   1000112E-02 -.4525E+01  .7601E+00   .9999963 -.0026047  .0008072
T  368  1 .1984687E+07   1000226E-02  .4400E+01  .1801E+02   .9999986 -.0014096  .0008952
T  369  1 .1987423E+07   1000138E-02 -.1216E+02 -.1811E+02   .9999788 -.0058473 -.0028676
T  370  1 .1981379E+07   1000055E-02 -.7457E+01  .1978E+01   .9999979 -.0020098 -.0003638
T  371  1 .1984367E+07   1000189E-02  .4296E+01  .6765E+00   .9999989 -.0004603  .0013949
T  372  1 .1985268E+07   1000198E-02 -.1081E+01  .3789E+00   .9999999 -.0003094  .0002999
T  373  1 .1984947E+07   1000010E-02  .7226E+01 -.3832E+01   .9999961  .0008417 -.0026549
T  374  1 .1984822E+07   1000203E-02 -.2853E+00  .2945E+01   .9999997 -.0001558 -.0007292
T  375  1 .1986839E+07   1000197E-02  .2813E+02 -.7390E+01   .9999987  .0015689 -.0002373
T  376  1 .1989021E+07   1000096E-02  .5051E+00 -.3105E+01   .9999998  .0001208  .0006169
T  377  1 .1989309E+07   1000143E-02  .2271E+00 -.3513E+01   .9999986  .0010113  .0013588
T  378  1 .1979319E+07   1000196E-02  .5746E+01  .3345E+01   .9999993  .0011457  .0002995
T  379  1 .1984763E+07   1000164E-02 -.2547E+01 -.6474E+01   .9999977 -.0002697 -.0021080
T  380  1 .1980413E+07   1000098E-02  .5795E+00 -.7570E+00   .9999997  .0004702 -.0006274
T  381  1 .1984655E+07   1000207E-02 -.1808E+02 -.1788E+02   .9999649 -.0056696 -.0061726
T  382  1 .1986072E+07   1000195E-02  .6127E+01 -.7619E+01   .9999943  .0033123 -.0006473
T  383  1 .1985164E+07   1000191E-02  .4139E+01  .8052E+01   .9999999  .0004518  .0001861
T  384  1 .1983624E+07   1000143E-02  .3002E+01  .2501E+01   .9999988  .0012875  .0008410
T  385  1 .1984741E+07   1000114E-02  .6031E+01 -.2866E+01   .9999996  .0006981  .0005285
T  386  1 .1989093E+07   1000218E-02 -.2811E+02 -.2607E+02   .9999538 -.0071989 -.0063712
T  387  1 .1984850E+07   1000071E-02  .6943E+01 -.1115E+01   .9999982 -.0012756 -.0013886
T  388  1 .1983009E+07   1000215E-02  .1536E+02  .2922E+01   .9999921  .0039230  .0007127
T  389  1 .1985346E+07   1000119E-02 -.6520E+01  .1581E+01   .9999995 -.0006972 -.0007491
T  390  1 .1988012E+07   1000191E-02 -.1408E+02  .7245E+01   .9999977 -.0018944  .0010155
T  391  1 .1982980E+07   1000083E-02 -.6286E-01 -.7752E+01   .9999972 -.0002754 -.0023334
T  392  1 .1984006E+07   1000136E-02 -.2588E+01  .3042E+01   .9999943 -.0009630  .0032208
T  393  1 .1978442E+07   1000065E-02  .2406E+01 -.1259E+01   .9999991  .0012740  .0003251
T  394  1 .1984788E+07   1000206E-02  .1772E+02  .1113E+02   .9999915  .0032904  .0024750
T  395  1 .1986134E+07   1000089E-02  .2236E+00 -.4255E+01   .9999990 -.0000566 -.0014155
T  396  1 .1986590E+07   1000179E-02  .2510E+01 -.3079E+01   .9999972  .0019673 -.0012858
T  397  1 .1985305E+07   1000220E-02 -.2196E+01 -.1146E+01   .9999999 -.0004597 -.0002110
T  398  1 .1985900E+07   1000211E-02 -.5168E+01  .2611E+01   .9999992  .0005237  .0011084
T  399  1 .1982154E+07   1000143E-02  .1135E+01 -.7869E+00   .9999995 -.0000167  .0010308
T  400  1 .1985945E+07   1000005E-02  .6179E+02 -.1761E+02   .9999133  .0125338 -.0040440
T  401  1 .1987466E+07   1000120E-02 -.8656E-01 -.4956E+00   .9999999  .0002875  .0002550
T  402  1 .1984276E+07   1000180E-02  .6890E+01  .4616E+01   .9999987  .0015599  .0002838
T  403  1 .1985178E+07   1000098E-02  .2946E+01  .9577E+01   .9999946  .0016337  .0028449
T  404  1 .1980238E+07   1000142E-02  .1097E+02  .2072E+01   .9999935  .0035719 -.0004915
T  405  1 .1987263E+07   1000205E-02  .5152E+02  .4447E+02   .9999706  .0058921  .0048994
T  406  1 .1983344E+07   1000008E-02  .8010E+00 -.2655E+01   .9999969  .0011596 -.0022144
T  407  1 .1989134E+07   1000071E-02 -.1840E+00  .1011E+02   .9999996 -.0008217  .0003707
T  408  1 .1988633E+07   1000099E-02 -.4367E+01  .5426E+01   .9999979 -.0017267  .0011420
T  409  1 .1983368E+07   1000087E-02 -.5817E+01 -.6583E+01   .9999983 -.0011342  .0014624
T  410  1 .1984705E+07   1000034E-02 -.4626E+01  .1939E+02   .9999947  .0008651  .0031251
T  411  1 .1978230E+07   1000130E-02 -.2400E+01  .5967E+01   .9999990 -.0010477  .0009731
T  412  1 .1981775E+07   1000153E-02  .1263E+02  .6344E+01   .9999997  .0005988  .0004500
T  413  1 .1989345E+07   1000197E-02  .2679E+02  .1727E+02   .9998950  .0116204  .0086593
T  414  1 .1986031E+07   1000122E-02 -.1430E+01  .5859E+01   .9999976 -.0010147  .0019584
T  415  1 .1985185E+07   1000168E-02  .2256E+00  .8615E+01   .9999956 -.0005130  .0029147
T  416  1 .1983378E+07   1000204E-02  .3636E+02  .6001E+02   .9999334  .0060067  .0098577
T  417  1 .1982939E+07   1000127E-02 -.3569E+01  .1583E+01   .9999999 -.0000491  .0004507
T  418  1 .1980979E+07   1000059E-02 -.6838E+01 -.1026E+02   .9999962 -.0007471 -.0026547
T  419  1 .1987708E+07   1000224E-02  .9011E+01 -.1127E+02   .9999984  .0006281 -.0016672
T  420  1 .1988365E+07   1000154E-02 -.2095E+02 -.1430E+02   .9999872 -.0045852 -.0021241
T  421  1 .1984026E+07   1000213E-02 -.3729E+01 -.8483E+00   .9999986 -.0015894  .0004419
T  422  1 .1984422E+07   1000104E-02 -.1834E+01  .4802E+00   .9999999 -.0001145  .0003118
T  423  1 .1984532E+07   1000116E-02 -.4808E+00  .1761E+01   .9999999 -.0003211  .0003242
T  424  1 .1985602E+07   1000138E-02 -.1029E+02  .1201E+02   .9999947 -.0023131  .0022761
T  425  1 .1986377E+07   1000066E-02 -.3462E+00  .1344E+02   .9999981  .0004613  .0019076
T  426  1 .1982181E+07   1000122E-02  .8492E+01 -.1176E+01   .9999960  .0025601 -.0012326
T  427  1 .1983593E+07   1000167E-02 -.1205E+01 -.3420E+00   .9999999 -.0005176  .0001138
T  428  1 .1980400E+07   1000217E-02 -.6867E+00  .8474E+00   .9999995  .0004521  .0009116
T  429  1 .1987284E+07   1000029E-02  .1143E+00 -.8490E+00   .9999997  .0003221 -.0006718
T  430  1 .1989625E+07   1000222E-02  .7519E+01 -.4725E+02   .9999585  .0012370 -.0090271
T  431  1 .1988139E+07   1000030E-02  .2477E+01 -.1762E+01   .9999999  .0002216 -.0002760
T  432  1 .1986995E+07   1000049E-02  .2578E+01  .1802E+01   .9999976  .0021447  .0003621
T  433  1 .1984432E+07   1000092E-02  .1267E+00 -.6087E+00   .9999999 -.0000951  .0004373
T  434  1 .1986000E+07   1000004E-02 -.1743E+00  .3843E+02   .9999900  .0000389  .0044759
T  435  1 .1988563E+07   1000129E-02 -.2415E+02  .7603E+01   .9999951 -.0030996 -.0004174
T  436  1 .1985223E+07   1000012E-02 -.4610E+00 -.1761E+00   .9999999 -.0001041 -.0004429
T  437  1 .1983539E+07   1000219E-02  .1727E+02  .3043E+01   .9999969  .0024929 -.0002735
T  438  1 .1986561E+07   1000072E-02 -.1031E+02 -.5770E+01   .9999979 -.0011108 -.0017185
T  439  1 .1980762E+07   1000014E-02  .6481E+02  .4302E+02   .9999093  .0099414  .0090898
T  440  1 .1984250E+07   1000084E-02  .5861E+00  .1209E+02   .9999972  .0000865  .0023708
T  441  1 .1981042E+07   1000227E-02  .9646E+01 -.5262E+01   .9999891  .0042060 -.0020468
T  442  1 .1986836E+07   1000126E-02  .2114E+00 -.1132E+01   .9999996  .0001840 -.0009251
T  443  1 .1980560E+07   1000139E-02  .8535E+00 -.4489E+01   .9999987 -.0002688 -.0015711
T  444  1 .1988371E+07   1000165E-02  .1633E+01  .2471E+01   .9999990 -.0007284  .0012525
T  445  1 .1990364E+07   1000186E-02 -.7234E+01  .3847E+01   .9999967 -.0023818  .0009319
T  446  1 .1983636E+07   1000208E-02 -.1861E+01 -.4137E+02   .9999767 -.0010500 -.0067426
T  447  1 .1985100E+07   1000116E-02  .2497E+01  .1695E+01   .9999997  .0007713  .0001000
T  448  1 .1985317E+07   1000072E-02 -.1233E+01 -.4011E+01   .9999995 -.0010304 -.0000955
T  449  1 .1985625E+07   1000109E-02 -.8781E+01 -.5760E+01   .9999986 -.0015272  .0006182
T  450  1 .1985944E+07   1000080E-02 -.1080E+02  .1475E+02   .9999956 -.0025639  .0015018
T  451  1 .1987409E+07   1000038E-02 -.8353E+01 -.3113E+01   .9999975 -.0022473 -.0000915
T  452  1 .1987299E+07   1000003E-02  .3105E+01 -.8869E+01   .9999960  .0001868 -.0028189
T  453  1 .1984069E+07   1000189E-02 -.5037E+01  .4975E+01   .9999964 -.0024639  .0011020
T  454  1 .1982208E+07   1000151E-02 -.4397E+01  .3070E+01   .9999998  .0002692  .0005202
T  455  1 .1983329E+07   1000081E-02 -.9709E+01  .6830E+01   .9999999 -.0005416  .0000013
T  456  1 .1986042E+07   1000181E-02 -.2218E+01  .6153E-01   .9999996 -.0009233 -.0000408
T  457  1 .1984915E+07   1000174E-02 -.5421E+01  .2308E+02   .9999925 -.0034253  .0017855
T  458  1 .1983824E+07   1000045E-02 -.9074E-01 -.9342E+01   .9999962  .0012557 -.0024574
T  459  1 .1980252E+07   1000010E-02  .3499E+00 -.2358E+01   .9999981 -.0000528 -.0019284
T  460  1 .1992998E+07   1000183E-02  .5274E+01 -.7573E+01   .9999979  .0017821 -.0010479
T  461  1 .1985831E+07   1000203E-02  .2549E+02  .1608E+02   .9999589  .0075966  .0049475
T  462  1 .1986304E+07   1000034E-02 -.1854E+02  .5009E+01   .9999805 -.0060044  .0017298
T  463  1 .1984973E+07   1000191E-02  .2939E+00  .1032E+01   .9999999  .0004133  .0001541
T  464  1 .1984192E+07   1000095E-02  .8915E+01 -.1565E+02   .9999859  .0031417 -.0042809
T  465  1 .1985068E+07   1000172E-02  .2146E+01  .8862E+01   .9999973  .0021400  .0008600
T  466  1 .1983319E+07   1000191E-02 -.8186E+02 -.2212E+01   .9999189 -.0127115 -.0007943
T  467  1 .1990535E+07   1000031E-02 -.2497E+01  .1582E+01   .9999920  .0004845  .0039765
T  468  1 .1982051E+07   1000194E-02 -.1780E+02 -.3080E+01   .9999953 -.0030101 -.0006259
T  469  1 .1988366E+07   1000166E-02  .1330E+01  .2482E+01   .9999994  .0007860 -.0007611
T  470  1 .1984650E+07   1000174E-02 -.4904E+01  .5006E+01   .9999966 -.0006926 -.0025278
T  471  1 .1980675E+07   1000039E-02 -.1278E+02 -.4569E+01   .9999984 -.0011579 -.0013494
T  472  1 .1985001E+07   1000203E-02 -.3926E+02 -.2383E+02   .9999847 -.0040018 -.0038319
T  473  1 .1990851E+07   1000140E-02  .7315E+01 -.2881E+02   .9999059  .0051920 -.0127009
T  474  1 .1989028E+07   1000082E-02 -.1911E+01  .2490E+01   .9999965 -.0013677  .0022791
T  475  1 .1988432E+07   1000193E-02 -.5367E+01 -.1104E+02   .9999977 -.0015762 -.0014781
T  476  1 .1985917E+07   1000220E-02  .1588E+01  .2324E+01   .9999995  .0005451  .0008655
T  477  1 .1980486E+07   1000222E-02 -.3311E+01 -.1332E+01   .9999995 -.0010324 -.0000632
T  478  1 .1983833E+07   1000184E-02 -.4374E+01 -.8882E+01   .9999927 -.0030944 -.0022332
T  479  1 .1985964E+07   1000109E-02 -.2724E+01 -.2398E+01   .9999942 -.0034071  .0000288
T  480  1 .1989967E+07   1000197E-02 -.5803E+01  .1404E+01   .9999968 -.0021406  .0013724
T  481  1 .1981504E+07   1000212E-02  .6165E+01  .1967E+02   .9999961  .0011348  .0025623
T  482  1 .1983671E+07   1000131E-02  .4098E+01  .2855E+01   .9999951  .0030459  .0007143
T  483  1 .1988028E+07   1000111E-02 -.2096E+01 -.3682E+01   .9999959 -.0011955 -.0025962
T  484  1 .1982571E+07   1000204E-02  .1204E+01  .4566E+01   .9999992 -.0003871  .0012388
T  485  1 .1983543E+07   1000153E-02  .2209E+02 -.2639E+02   .9999809  .0037105 -.0049524
T  486  1 .1982789E+07   1000006E-02  .2245E+01  .7163E+00   .9999928  .0035602 -.0013451
T  487  1 .1981492E+07   1000096E-02 -.5816E+01  .2649E+01   .9999953 -.0028272  .0011952
T  488  1 .1980603E+07   1000032E-02 -.1914E+02  .2055E+02   .9999867 -.0028461  .0043092
T  489  1 .1986344E+07   1000130E-02 -.8692E+01  .2496E+01   .9999968 -.0024719  .0005096
T  490  1 .1987633E+07   1000159E-02  .8983E+01  .5673E+01   .9999971  .0003975  .0023794
T  491  1 .1981585E+07   1000034E-02  .1024E+01  .1948E+01   .9999999  .0000110 -.0001936
T  492  1 .1986484E+07   1000106E-02  .4291E+01 -.2677E+01   .9999985  .0014131 -.0010299
T  493  1 .1986356E+07   1000085E-02 -.1038E+02 -.7752E+01   .9999957 -.0027025 -.0011305
T  494  1 .1982160E+07   1000152E-02 -.1844E+00  .2530E+01   .9999988  .0005997  .0014564
T  495  1 .1984629E+07   1000149E-02 -.4227E+01 -.3169E+00   .9999998 -.0005770 -.0003059
T  496  1 .1989876E+07   1000019E-02 -.3164E+02  .2897E+01   .9999798 -.0058174  .0025768
T  497  1 .1989537E+07   1000007E-02  .1107E+02  .3424E+01   .9999987  .0008686  .0013255
T  498  1 .1979729E+07   1000167E-02 -.2103E+02  .6728E+00   .9999829 -.0058490  .0002412
T  499  1 .1989540E+07   1000178E-02 -.2880E+01  .1067E+01   .9999999 -.0001772 -.0001213
T  500  1 .1987926E+07   1000151E-02 -.2716E+01  .4135E+01   .9999997 -.0004969  .0006021
T  501  1 .1986040E+07   1000171E-02  .1184E+02 -.8927E+01   .9999957  .0024056 -.0016985
T  502  1 .1979817E+07   1000066E-02 -.7273E+00 -.3284E+01   .9999995  .0009245  .0002838
T  503  1 .1982917E+07   1000227E-02  .2040E+01  .2170E+01   .9999992  .0011785 -.0004264
T  504  1 .1984605E+07   1000218E-02 -.1264E+01 -.3808E+01   .9999982 -.0014204 -.0012394
T  505  1 .1981669E+07   1000176E-02  .1062E+02 -.7117E+01   .9999981  .0011578 -.0015669
T  506  1 .1984394E+07   1000219E-02 -.3624E+01  .2925E+01   .9999992 -.0011990  .0002545
T  507  1 .1985297E+07   1000078E-02 -.2079E+02  .5464E+01   .9999926 -.0038291  .0004414
T  508  1 .1984852E+07   1000137E-02  .5540E+00 -.1581E+02   .9999840  .0022787 -.0051709
T  509  1 .1984638E+07   1000190E-02  .4305E+01  .4165E+01   .9999964  .0016241  .0021551
T  510  1 .1984192E+07   1000218E-02  .1609E+00 -.2558E+01   .9999997 -.0007000 -.0002845
T  511  1 .1983311E+07   1000174E-02  .6193E-01  .3427E+01   .9999998 -.0005789 -.0002389
T  512  1 .1983371E+07   1000205E-02  .4693E+01  .6458E+00   .9999998  .0006571 -.0001081
T  513  1 .1984511E+07   1000214E-02 -.1070E+02  .1006E+02   .9999981  .0005506  .0018790
T  514  1 .1986224E+07   1000061E-02 -.6395E+01 -.8442E+01   .9999999 -.0000125 -.0004777
T  515  1 .1984865E+07   1000098E-02  .6302E+01  .1385E+02   .9999908  .0027239  .0033154
T  516  1 .1985099E+07   1000095E-02  .9546E+00  .1539E+02   .9999929 -.0001223  .0037628
T  517  1 .1983466E+07   1000117E-02 -.1667E+01  .4397E+01   .9999991 -.0006372 -.0011752
T  518  1 .1978419E+07   1000047E-02 -.5112E+01  .6440E+01   .9999975 -.0019713  .0010361
T  519  1 .1987092E+07   1000208E-02  .4901E+00  .1026E+01   .9999999 -.0001620 -.0001492
T  520  1 .1984300E+07   1000170E-02  .4499E+01 -.5182E+01   .9999978  .0019717 -.0006542
T  521  1 .1988223E+07   1000168E-02  .2132E+01 -.3688E+01   .9999986 -.0016557 -.0003909
T  522  1 .1985073E+07   1000119E-02  .6603E+01 -.1132E+02   .9999860  .0033623 -.0040778
T  523  1 .1982800E+07   1000199E-02 -.1511E+02  .3626E+01   .9999966 -.0022815  .0012344
T  524  1 .1980406E+07   1000171E-02  .1966E+01  .5330E+00   .9999941  .0027072  .0021272
T  525  1 .1982496E+07   1000195E-02  .1034E+02 -.5941E+01   .9999931  .0034615 -.0013818
T  526  1 .1982814E+07   1000167E-02  .1953E+03  .7535E+02   .9994007  .0326630  .0114593
T  527  1 .1978658E+07   1000220E-02  .1091E+02  .1602E+01   .9999873  .0049774 -.0008290
T  528  1 .1981783E+07   1000095E-02  .7119E+01 -.5630E+00   .9999991  .0009967  .0008424
T  529  1 .1986148E+07   1000209E-02  .6341E+00  .7711E+00   .9999967  .0012389  .0022406
T  530  1 .1985606E+07   1000013E-02  .4257E+01  .2844E+01   .9999994  .0006656  .0008608
T  531  1 .1983398E+07   1000069E-02 -.1089E+02 -.1475E+02   .9999963 -.0018957 -.0019368
T  532  1 .1983259E+07   1000222E-02  .9014E+00 -.4614E+01   .9999997 -.0001664 -.0007706
T  533  1 .1986097E+07   1000050E-02  .4305E+02 -.2034E+02   .9999783  .0064936 -.0011204
T  534  1 .1984292E+07   1000059E-02 -.1552E+02 -.1303E+02   .9999899 -.0024854 -.0037513
T  535  1 .1986589E+07   1000149E-02 -.5748E+01 -.1526E+02   .9999968 -.0008082 -.0023915
T  536  1 .1984777E+07   1000164E-02  .1068E+01 -.2433E+01   .9999779  .0047899 -.0046165
T  537  1 .1984834E+07   1000032E-02 -.1162E+02  .6918E+01   .9999995 -.0004799  .0008476
T  538  1 .1981607E+07   1000098E-02  .6026E+01  .2148E+02   .9999968  .0020520  .0014953
T  539  1 .1985317E+07   1000047E-02  .7512E+01  .1962E+01   .9999969  .0024751  .0001516
T  540  1 .1983999E+07   1000108E-02 -.4338E+01  .9982E-01   .9999988 -.0014295 -.0005121
T  541  1 .1981014E+07   1000219E-02  .1562E+01 -.4722E+00   .9999996 -.0005722  .0007560
T  542  1 .1984778E+07   1000073E-02  .3613E+01  .6607E+01   .9999983 -.0007621  .0016941
T  543  1 .1986726E+07   1000001E-02 -.6653E+01  .5280E+01   .9999966 -.0017677  .0019399
T  544  1 .1984618E+07   1000153E-02 -.1182E+01  .2030E+00   .9999988 -.0015699 -.0000464
T  545  1 .1986457E+07   1000047E-02 -.1912E+02 -.2065E+02   .9999765  .0001949 -.0068585
T  546  1 .1987146E+07   1000195E-02  .3078E+01 -.4832E+00   .9999966  .0022865 -.0012448
T  547  1 .1984599E+07   1000186E-02 -.1701E+01  .6748E+01   .9999998 -.0005915 -.0000572
T  548  1 .1983736E+07   1000211E-02  .1261E+02 -.1536E+02   .9999922  .0028717 -.0027114
T  549  1 .1985346E+07   1000166E-02 -.6720E+01  .1030E+02   .9999912 -.0000870  .0041825
T  550  1 .1987600E+07   1000190E-02  .2594E+01 -.2680E+01   .9999983  .0014377 -.0011919
T  551  1 .1977581E+07   1000159E-02 -.3463E+02  .2557E+02   .9997672 -.0167014  .0136584
T  552  1 .1985998E+07   1000128E-02  .2988E+01 -.4480E+01   .9999984  .0016250 -.0008072
T  553  1 .1979189E+07   1000051E-02 -.7276E+00 -.1494E+01   .9999992  .0010716 -.0007405
T  554  1 .1981005E+07   1000217E-02 -.4156E+01 -.6177E+00   .9999997  .0002892 -.0007828
T  555  1 .1985359E+07   1000083E-02  .1023E+01  .2306E+01   .9999997  .0004352  .0006358
T  556  1 .1980992E+07   1000196E-02 -.1427E+02 -.5482E+01   .9999993 -.0011387  .0003681
T  557  1 .1982550E+07   1000032E-02 -.1628E+02  .9309E+00   .9999962 -.0026835  .0005719
T  558  1 .1984539E+07   1000054E-02  .1422E+02 -.1060E+02   .9999947  .0031447  .0008704
T  559  1 .1984109E+07   1000096E-02 -.6803E+01 -.1140E+02   .9999984  .0015291 -.0009417
T  560  1 .1985891E+07   1000174E-02 -.1570E+01  .2174E+01   .9999995 -.0006799  .0007584
T  561  1 .1985003E+07   1000147E-02  .5321E+00 -.6687E+01   .9999987  .0002912 -.0015950
T  562  1 .1980025E+07   1000048E-02 -.5355E+01  .4253E+00   .9999890 -.0035445  .0030577
T  563  1 .1981573E+07   1000084E-02  .7537E+01  .3722E+02   .9997904  .0043667  .0200041
T  564  1 .1984440E+07   1000183E-02 -.5775E+01 -.7949E+01   .9999997 -.0001867 -.0007951
T  565  1 .1982118E+07   1000156E-02 -.5783E+01  .3184E+01   .9999989 -.0014145  .0005037
T  566  1 .1986363E+07   1000171E-02  .1605E+02  .2614E+02   .9999793  .0034756  .0054085
T  567  1 .1987714E+07   1000090E-02  .2199E+01  .5163E+01   .9999979  .0003769  .0020181
T  568  1 .1987604E+07   1000075E-02  .1552E+02 -.7709E+01   .9999961  .0022319 -.0016580
T  569  1 .1987492E+07   1000004E-02  .2916E+01  .3254E+01   .9999975  .0022573  .0000602
T  570  1 .1982235E+07   1000067E-02  .3398E+01 -.3102E+01   .9999983  .0014094 -.0011627
T  571  1 .1981187E+07   1000072E-02 -.1771E+02 -.7916E+01   .9999968 -.0024458  .0005720
T  572  1 .1987646E+07   1000078E-02 -.4302E+01 -.5735E+01   .9999992 -.0009461 -.0008752
T  573  1 .1988875E+07   1000215E-02 -.7735E+01  .1164E+02   .9999926 -.0033881  .0018003
T  574  1 .1979818E+07   1000202E-02 -.5369E+01  .3311E+02   .9999772 -.0006309  .0067164
T  575  1 .1991627E+07   1000209E-02 -.3790E+01 -.1280E+02   .9999933 -.0022505 -.0028753
T  576  1 .1990402E+07   1000164E-02  .1702E+01  .3373E+01   .9999966 -.0000596  .0026099
T  577  1 .1978342E+07   1000191E-02 -.2620E+01 -.8745E+01   .9999923  .0029597 -.0025578
T  578  1 .1983350E+07   1000070E-02 -.9014E+01 -.1260E+02   .9999993 -.0009928  .0005988
T  579  1 .1988809E+07   1000194E-02  .1129E+03  .6896E+02   .9997891  .0165331  .0121801
T  580  1 .1985194E+07   1000201E-02 -.2047E-01  .1791E+01   .9999999 -.0002159  .0004278
T  581  1 .1984054E+07   1000217E-02 -.7233E+01 -.1941E+02   .9999903 -.0016792 -.0040638
T  582  1 .1984944E+07   1000213E-02  .1076E+02 -.1731E+01   .9999968  .0025225 -.0000310
T  583  1 .1983149E+07   1000092E-02  .1380E+01 -.1367E-01   .9999996  .0008665 -.0003220
T  584  1 .1986224E+07   1000077E-02  .7350E+01  .7007E+01   .9999879  .0027110  .0041030
T  585  1 .1983958E+07   1000190E-02 -.1785E+02  .3340E+01   .9999969 -.0023208 -.0008455
T  586  1 .1986054E+07   1000006E-02 -.1854E+00 -.2820E+00   .9999998  .0004408 -.0005317
T  587  1 .1980863E+07   1000193E-02  .6366E+01  .5554E+01   .9999970  .0013001  .0020746
T  588  1 .1981391E+07   1000223E-02 -.5547E+01  .1351E+02   .9999825 -.0052983  .0026460
T  589  1 .1985459E+07   1000187E-02 -.5455E+01 -.8931E+01   .9999997  .0000229 -.0008198
T  590  1 .1983402E+07   1000053E-02 -.3917E+01 -.1091E+01   .9999996  .0004460  .0007415
T  591  1 .1986359E+07   1000159E-02  .1333E+02  .1782E+02   .9999975  .0017640  .0013431
T  592  1 .1985509E+07   1000188E-02 -.1178E+02  .1035E+02   .9999984  .0000333 -.0017653
T  593  1 .1982239E+07   1000220E-02 -.9967E+01 -.4803E+01   .9999895 -.0045754  .0000367
T  594  1 .1982825E+07   1000050E-02  .1814E+02 -.3770E+00   .9999968  .0024406 -.0005891
T  595  1 .1989146E+07   1000148E-02  .7121E+01 -.1429E+01   .9999970  .0024070 -.0005308
T  596  1 .1985214E+07   1000092E-02  .3774E+01  .1506E+02   .9999974  .0003783  .0022411
T  597  1 .1983215E+07   1000129E-02  .5631E+01 -.6724E+01   .9999986  .0012430 -.0011302
T  598  1 .1989502E+07   1000170E-02  .4768E+01 -.7104E+01   .9999996 -.0000144 -.0009006
T  599  1 .1983634E+07   1000212E-02  .8925E+01 -.1169E+01   .9999929  .0035528 -.0012214
T  600  1 .1990704E+07   1000188E-02 -.3770E+01  .1387E+02   .9999954 -.0005739  .0029651
T  601  1 .1981419E+07   1000070E-02 -.4848E+01 -.1045E+02   .9999886 -.0012237 -.0046116
T  602  1 .1987452E+07   1000060E-02  .1518E+02  .2506E+01   .9999932  .0036501  .0004954
T  603  1 .1982650E+07   1000135E-02 -.6164E+01  .1301E+01   .9999995 -.0006501  .0006931
T  604  1 .1987472E+07   1000223E-02  .2472E+01 -.2898E+01   .9999989  .0014153 -.0005306
T  605  1 .1985027E+07   1000215E-02 -.3221E+01  .2303E+02   .9999879 -.0021212  .0044426
T  606  1 .1990788E+07   1000217E-02 -.1610E+01  .8818E+01   .9999990 -.0011174  .0008816
T  607  1 .1984823E+07   1000008E-02  .5682E+02  .3758E+02   .9998720  .0136423  .0083546
T  608  1 .1983383E+07   1000188E-02 -.9882E+01  .2511E+01   .9999933 -.0034723  .0011837
T  609  1 .1981690E+07   1000146E-02 -.1232E+02 -.1872E+02   .9999965 -.0014516 -.0022185
T  610  1 .1989371E+07   1000147E-02 -.3544E+01  .3566E+01   .9999990  .0007104  .0012418
T  611  1 .1982074E+07   1000164E-02 -.1173E+02  .3577E+01   .9999979 -.0017871  .0009742
T  612  1 .1987713E+07   1000223E-02 -.1221E+02  .1075E+02   .9999958 -.0009072  .0027435
T  613  1 .1983333E+07   1000165E-02 -.2881E+02 -.5570E+02   .9999568 -.0053244 -.0076231
T  614  1 .1977751E+07   1000116E-02  .9279E+01 -.6229E+01   .9999993  .0005495  .0010905
T  615  1 .1989766E+07   1000178E-02  .3382E-01  .2140E+00   .9999999 -.0003245 -.0002004
T  616  1 .1983167E+07   1000048E-02 -.5254E+01  .9547E+01   .9999906 -.0005754  .0043008
T  617  1 .1982093E+07   1000005E-02 -.7920E+01  .6674E+00   .9999942 -.0033557  .0005522
T  618  1 .1987370E+07   1000206E-02 -.2955E+01 -.2207E+00   .9999628  .0003978  .0086134
T  619  1 .1989945E+07   1000215E-02  .1673E+02  .3659E+02   .9999636  .0007633  .0085037
T  620  1 .1985302E+07   1000196E-02 -.6803E+01 -.3358E+01   .9999999  .0000052 -.0000935
T  621  1 .1982147E+07   1000031E-02  .1351E+01  .5957E+01   .9999998  .0003534  .0004548
T  622  1 .1985385E+07   1000223E-02  .2554E+00 -.1153E+01   .9999995 -.0002886 -.0009554
T  623  1 .1983687E+07   1000109E-02 -.6766E+01  .3215E+01   .9999575 -.0076778  .0051021
T  624  1 .1983957E+07   1000180E-02  .5673E+01 -.9544E+01   .9999979  .0009142 -.0018255
T  625  1 .1987168E+07   1000019E-02 -.7783E+01 -.4268E+01   .9999964 -.0024992 -.0009740
T  626  1 .1985015E+07   1000099E-02  .2606E+01  .2627E+01   .9999997  .0007083 -.0001197
T  627  1 .1983136E+07   1000026E-02 -.1355E+01  .1656E+00   .9999991 -.0013500  .0000565
T  628  1 .1988608E+07   1000192E-02 -.2519E+02 -.1418E+02   .9999840 -.0047248 -.0031164
T  629  1 .1983470E+07   1000077E-02  .2636E+01  .5022E+01   .9999989  .0003193  .0014310
T  630  1 .1986578E+07   1000153E-02  .2472E+01 -.2213E+01   .9999996 -.0001063 -.0009330
T  631  1 .1984273E+07   1000049E-02 -.1567E+01  .2631E+01   .9999995  .0007120  .0007624
T  632  1 .1983601E+07   1000060E-02  .6457E+01 -.1854E+02   .9999942  .0017766 -.0028936
T  633  1 .1983812E+07   1000020E-02  .1207E+01  .3760E+01   .9999992  .0007453  .0009963
T  634  1 .1983839E+07   1000146E-02 -.1152E+01  .1372E+01   .9999986 -.0000361  .0016495
T  635  1 .1980131E+07   1000165E-02  .1959E+00  .6713E+00   .9999993 -.0001715  .0011738
T  636  1 .1988574E+07   1000194E-02  .1019E+01  .4986E+01   .9999941  .0022193 -.0026294
T  637  1 .1982299E+07   1000059E-02 -.2057E+01  .1217E+02   .9999980 -.0003261  .0019531
T  638  1 .1988771E+07   1000163E-02 -.5415E+01 -.9124E+01   .9999969 -.0014803 -.0019835
T  639  1 .1982138E+07   1000131E-02  .8489E+01 -.6567E+01   .9999983  .0017925 -.0005299
T  640  1 .1986724E+07   1000131E-02  .4998E+01 -.1444E+01   .9999996  .0008284  .0001556
T  641  1 .1986917E+07   1000031E-02 -.3193E+02  .3706E+02   .9999566 -.0063039  .0068631
T  642  1 .1985193E+07   1000069E-02 -.8251E+00  .1046E+02   .9999995  .0003486  .0009699
T  643  1 .1988338E+07   1000208E-02 -.1116E+02 -.4995E+01   .9999778 -.0029068 -.0059897
T  644  1 .1985265E+07   1000134E-02 -.4441E+01  .2319E+02   .9997180 -.0007410  .0237352
T  645  1 .1983571E+07   1000166E-02  .7186E+01 -.2907E+01   .9999979  .0018993  .0007237
T  646  1 .1985606E+07   1000189E-02  .9066E+01 -.4364E+00   .9999973  .0023117 -.0001948
T  647  1 .1988294E+07   1000033E-02 -.9290E+01 -.8100E+00   .9999874 -.0049998 -.0003605
T  648  1 .1982532E+07   1000079E-02  .1185E+02 -.4361E+01   .9999992  .0010621 -.0006782
T  649  1 .1979217E+07   1000214E-02  .8170E+01  .9004E+01   .9999985  .0017245  .0003217
T  650  1 .1990086E+07   1000051E-02  .2078E+01  .5316E+01   .9999996  .0008548  .0003681
T  651  1 .1989816E+07   1000123E-02 -.2419E+01 -.4393E+01   .9999987 -.0008950 -.0013652
T  652  1 .1978818E+07   1000134E-02  .3488E+01  .6706E+01   .9999978  .0008212  .0019234
T  653  1 .1985632E+07   1000089E-02  .9346E+01 -.6039E+01   .9999969  .0005667  .0024188
T  654  1 .1980954E+07   1000147E-02  .8394E+01  .2506E+02   .9999708  .0016879  .0074516
T  655  1 .1987076E+07   1000153E-02  .7824E+01 -.5318E+01   .9999983  .0012239 -.0014146
T  656  1 .1983652E+07   1000083E-02  .2736E+01 -.2906E+01   .9999994  .0008745 -.0007202
T  657  1 .1980788E+07   1000207E-02 -.4584E+01 -.2206E+02   .9999928  .0005996 -.0037588
T  658  1 .1983134E+07   1000161E-02 -.4378E+01  .7023E+01   .9999926 -.0037777  .0007590
T  659  1 .1988359E+07   1000038E-02  .8021E+01 -.8040E+01   .9999949  .0027138 -.0016848
T  660  1 .1986698E+07   1000067E-02 -.1033E+01 -.5013E+01   .9999978  .0004815 -.0020376
T  661  1 .1988425E+07   1000120E-02 -.5046E+00  .3724E+01   .9999988  .0015094 -.0001980
T  662  1 .1990266E+07   1000187E-02 -.1089E+02  .1569E+02   .9999956 -.0019710  .0022132
T  663  1 .1986233E+07   1000015E-02  .8462E+01 -.3513E+01   .9999936  .0033771 -.0012029
T  664  1 .1983747E+07   1000097E-02 -.1341E+02  .1081E+02   .9999889 -.0037294  .0028686
T  665  1 .1987032E+07   1000224E-02  .1474E+02 -.2143E+01   .9999989  .0009592 -.0011272
T  666  1 .1986493E+07   1000213E-02  .1467E+02  .3554E+01   .9999966  .0023689  .0010938
T  667  1 .1986428E+07   1000108E-02 -.7671E+01 -.2777E+01   .9999993 -.0010807 -.0004160
T  668  1 .1986428E+07   1000047E-02 -.2912E+02 -.3216E+01   .9999891 -.0014828  .0044211
T  669  1 .1987186E+07   1000100E-02  .7983E+01 -.2761E+01   .9999931  .0034322 -.0014029
T  670  1 .1984664E+07   1000083E-02  .2976E+01 -.3647E+01   .9999982  .0018244 -.0006063
T  671  1 .1987249E+07   1000079E-02 -.1929E+01 -.2480E+01   .9999965 -.0017441 -.0019876
T  672  1 .1986630E+07   1000093E-02  .7078E+01 -.7939E+01   .9999987  .0014491 -.0006573
T  673  1 .1984923E+07   1000155E-02 -.1449E+02  .3717E+00   .9999923 -.0037576 -.0011008
T  674  1 .1987697E+07   1000224E-02 -.9626E+01 -.1069E+02   .9999945 -.0019426 -.0027056
T  675  1 .1985443E+07   1000170E-02  .6797E+01  .6700E+01   .9999968  .0020873  .0014512
T  676  1 .1987153E+07   1000100E-02 -.3691E+01  .8349E+00   .9999997  .0004671 -.0006334
T  677  1 .1986611E+07   1000139E-02 -.3389E+01  .1890E+01   .9999992 -.0011551  .0004937
T  678  1 .1984725E+07   1000036E-02  .1648E+02  .7626E+01   .9999956  .0026117  .0013774
T  679  1 .1987238E+07   1000217E-02  .2544E+01  .9747E+01   .9999941 -.0015918  .0030454
T  680  1 .1984228E+07   1000186E-02  .1641E+02  .5539E+01   .9999838 -.0016363  .0054600
T  681  1 .1986721E+07   1000191E-02 -.8747E+00 -.4905E+01   .9999982 -.0009746 -.0016215
T  682  1 .1981929E+07   1000004E-02 -.2791E+01  .2330E+01   .9999989 -.0013573  .0005269
T  683  1 .1988797E+07   1000185E-02 -.1116E+02  .2067E+01   .9999991  .0012762  .0004563
T  684  1 .1989202E+07   1000213E-02 -.1069E+02  .5806E+01   .9999955 -.0019524  .0022742
T  685  1 .1980631E+07   1000112E-02  .1312E+02 -.1436E+01   .9999939  .0033682 -.0009413
T  686  1 .1987377E+07   1000159E-02  .1555E+01  .2535E+02   .9999952 -.0016593  .0026070
T  687  1 .1984887E+07   1000160E-02 -.9754E+01  .4678E+01   .9999971 -.0023395 -.0004960
T  688  1 .1987933E+07   1000221E-02  .5604E+01  .1022E+02   .9999968  .0018576  .0016904
T  689  1 .1987535E+07   1000193E-02 -.9983E+01  .2829E+02   .9999915 -.0022264  .0034839
T  690  1 .1987402E+07   1000134E-02  .4040E+01  .7186E+01   .9999921  .0012553  .0037833
T  691  1 .1984568E+07   1000220E-02  .1427E+01  .3948E+00   .9999962 -.0018522 -.0020532
T  692  1 .1984324E+07   1000125E-02  .1230E+01 -.3539E+01   .9999994  .0009205 -.0005418
T  693  1 .1986486E+07   1000029E-02  .2774E+01  .6166E+01   .9999945  .0028870  .0016469
T  694  1 .1982515E+07   1000020E-02 -.2679E+01 -.1029E+02   .9999971 -.0004098 -.0023580
T  695  1 .1989205E+07   1000135E-02 -.1140E+02 -.2690E+01   .9999985 -.0014827 -.0008456
T  696  1 .1985867E+07   1000117E-02 -.3446E+01  .1855E+01   .9999987 -.0000371  .0016035
T  697  1 .1987684E+07   1000027E-02  .2872E+02 -.1558E+02   .9999958  .0026254 -.0012215
T  698  1 .1985415E+07   1000036E-02 -.2635E+01 -.5936E+01   .9999937 -.0015272 -.0032143
T  699  1 .1982992E+07   1000085E-02 -.3386E+01  .1222E+02   .9999907 -.0018258  .0039085
T  700  1 .1986418E+07   1000030E-02 -.5305E+00  .3940E+01   .9999993  .0004209  .0011273
T  701  1 .1987567E+07   1000038E-02  .2385E+01  .4721E+01   .9999932  .0013449  .0034270
T  702  1 .1979554E+07   1000068E-02  .8273E+01  .5367E+00   .9999960  .0028024  .0004076
T  703  1 .1982017E+07   1000111E-02 -.2916E+01  .1403E+00   .9999998 -.0005757  .0001936
T  704  1 .1988359E+07   1000110E-02  .4734E+01  .5563E+01   .9999967  .0020198  .0016108
T  705  1 .1991325E+07   1000068E-02 -.2353E+01  .3349E+01   .9999994 -.0010254 -.0003126
T  706  1 .1988289E+07   1000182E-02 -.2708E+01  .8372E+01   .9999990  .0009621  .0010622
T  707  1 .1984897E+07   1000003E-02  .8549E+01 -.4194E+01   .9999988  .0015180 -.0003489
T  708  1 .1985509E+07   1000221E-02  .1197E+02  .6723E+00   .9999908  .0042751 -.0003298
T  709  1 .1987404E+07   1000111E-02  .1145E+02  .1332E+01   .9999983  .0014974  .0010869
T  710  1 .1985203E+07   1000143E-02 -.8804E+01  .1145E+02   .9999903 -.0032694  .0029457
T  711  1 .1982985E+07   1000144E-02  .2323E+01  .1098E+01   .9999995  .0009893  .0000928
T  712  1 .1985140E+07   1000173E-02 -.4460E+01 -.3476E+01   .9999989 -.0002645 -.0014848
T  713  1 .1983409E+07   1000154E-02 -.3640E+00  .2920E+01   .9999994  .0004343  .0009800
T  714  1 .1986568E+07   1000105E-02 -.2655E+01 -.1093E+01   .9999997  .0004148  .0006163
T  715  1 .1987652E+07   1000129E-02 -.2593E+02 -.2349E+02   .9999987 -.0013856 -.0007875
T  716  1 .1979834E+07   1000086E-02  .2038E+00  .1200E+01   .9999999  .0001345 -.0004932
T  717  1 .1989105E+07   1000147E-02 -.1317E+02  .1906E+02   .9999909 -.0030669  .0029819
T  718  1 .1981000E+07   1000187E-02  .8722E+02 -.5249E+03   .9899655  .0225075 -.1395054
T  719  1 .1987338E+07   1000215E-02  .1150E+02  .6495E+00   .9999940  .0024925  .0023937
T  720  1 .1983421E+07   1000193E-02 -.5598E+01 -.7836E+01   .9999927 -.0023291 -.0030389
T  721  1 .1986248E+07   1000218E-02 -.1522E+02 -.7331E+01   .9999964 -.0019495 -.0018385
T  722  1 .1986817E+07   1000119E-02  .2069E+01 -.1465E+00   .9999990  .0014220 -.0001709
T  723  1 .1984458E+07   1000188E-02  .1756E+01 -.5771E+01   .9999995 -.0001238 -.0009971
T  724  1 .1988787E+07   1000154E-02  .5518E+01 -.1066E+01   .9999992  .0009918 -.0007264
T  725  1 .1988316E+07   1000210E-02  .6092E+01  .6152E+01   .9999963  .0016886  .0021102
T  726  1 .1981564E+07   1000210E-02 -.1048E+01  .1188E+00   .9999999 -.0000756  .0003824
T  727  1 .1981755E+07   1000004E-02 -.7413E+01  .5801E+02   .9999298  .0012173  .0117896
T  728  1 .1986560E+07   1000080E-02 -.7494E+01 -.1590E+02   .9999912 -.0024353 -.0034299
T  729  1 .1981447E+07   1000103E-02  .4796E+01  .3021E+01   .9999996  .0007189 -.0004429
T  730  1 .1988797E+07   1000186E-02  .4958E+01  .1237E+02   .9999748  .0013858  .0069564
T  731  1 .1985369E+07   1000066E-02 -.9187E+01 -.7242E+01   .9999832 -.0045156 -.0036315
T  732  1 .1986674E+07   1000091E-02 -.2055E+01 -.2359E+01   .9999976 -.0009005 -.0020079
T  733  1 .1990212E+07   1000207E-02 -.3176E+00  .3455E+00   .9999976 -.0021264  .0004672
T  734  1 .1982317E+07   1000165E-02  .4239E+01  .7614E+01   .9999988  .0012086  .0010047
T  735  1 .1986203E+07   1000148E-02 -.7725E+01 -.1111E+02   .9999995 -.0008832 -.0004269
T  736  1 .1982882E+07   1000141E-02  .1052E+01  .1218E+02   .9999993 -.0010246  .0005606
T  737  1 .1982608E+07   1000196E-02 -.2075E+02 -.1182E+02   .9999887 -.0038249 -.0028241
T  738  1 .1984615E+07   1000211E-02  .4802E+01 -.1041E+01   .9999994  .0009904  .0004664
T  739  1 .1983306E+07   1000198E-02  .2061E+01 -.2974E+01   .9999975  .0010743 -.0019485
T  740  1 .1985627E+07   1000121E-02 -.1325E+01  .1459E+02   .9999934 -.0011932  .0034283
T  741  1 .1982194E+07   1000077E-02  .2404E+02 -.8567E+02   .9998684  .0060507 -.0150519
T  742  1 .1985664E+07   1000100E-02  .4965E+01 -.8553E+01   .9999947  .0022642 -.0023400
T  743  1 .1983667E+07   1000001E-02  .8974E+00  .1772E+01   .9999996 -.0002507  .0008049
T  744  1 .1981585E+07   1000014E-02 -.3224E+01  .8788E+01   .9999918 -.0040226  .0004927
T  745  1 .1984320E+07   1000106E-02 -.1002E+02 -.1591E+01   .9999983 -.0018532 -.0000907
T  746  1 .1985262E+07   1000016E-02 -.4237E+01  .7816E+00   .9999954 -.0026136  .0015145
T  747  1 .1979907E+07   1000097E-02  .1806E+01  .8316E+01   .9999950  .0002687  .0031492
T  748  1 .1982395E+07   1000023E-02 -.2368E+02  .1068E+01   .9999894 -.0045988  .0002886
T  749  1 .1986179E+07   1000091E-02 -.8379E+01  .2829E-01   .9999999 -.0001474 -.0004657
T  750  1 .1989750E+07   1000172E-02  .2748E+01 -.2036E+02   .9999959  .0010431 -.0026671
T  751  1 .1984069E+07   1000205E-02  .4100E+01  .1622E+02   .9999988 -.0000907  .0015232
T  752  1 .1990364E+07   1000058E-02  .2472E+01 -.2670E+02   .9999796 -.0006428 -.0063612
T  753  1 .1980628E+07   1000021E-02 -.5589E+01 -.4274E+01   .9999964 -.0004449 -.0026513
T  754  1 .1984564E+07   1000180E-02 -.1459E+01  .3912E+01   .9999994  .0011383 -.0000051
T  755  1 .1984596E+07   1000098E-02 -.1471E+01  .1308E+01   .9999988 -.0008896  .0012591
T  756  1 .1983157E+07   1000100E-02 -.1641E+02  .5809E+00   .9999983 -.0017553  .0005419
T  757  1 .1985121E+07   1000142E-02  .1380E+01 -.9625E+01   .9999886  .0003140 -.0047627
T  758  1 .1978633E+07   1000045E-02 -.3276E+01 -.6645E+01   .9999996 -.0004478 -.0007349
T  759  1 .1979260E+07   1000009E-02 -.4365E+02 -.4284E+02   .9999625 -.0039193 -.0077217
T  760  1 .1985979E+07   1000121E-02 -.3636E+01 -.1172E+01   .9999977 -.0012532  .0017665
T  761  1 .1982962E+07   1000113E-02  .5440E+00  .2650E+00   .9999991 -.0008228 -.0010259
T  762  1 .1981816E+07   1000007E-02  .8008E+01  .5978E+01   .9999993  .0011678 -.0000791
T  763  1 .1983295E+07   1000144E-02  .1497E+02  .3360E+02   .9999069  .0008359  .0136223
T  764  1 .1983750E+07   1000037E-02 -.6320E+01 -.2254E+02   .9999887 -.0014936 -.0045201
T  765  1 .1985359E+07   1000180E-02 -.2418E+02  .1674E+03   .9998174 -.0042442  .0186339
T  766  1 .1991445E+07   1000032E-02  .4608E+01  .1974E+01   .9999996  .0005054  .0007766
T  767  1 .1985919E+07   1000056E-02 -.3904E+01 -.2167E+01   .9999988 -.0010475 -.0011585
T  768  1 .1981281E+07   1000195E-02  .3373E+01 -.2178E+01   .9999981  .0016460  .0010099
T  769  1 .1983880E+07   1000141E-02  .6694E+01 -.8658E+00   .9999995 -.0002730 -.0009848
T  770  1 .1986309E+07   1000126E-02  .2482E+01 -.5792E+01   .9999995  .0002731 -.0009741
T  771  1 .1983194E+07   1000201E-02 -.4836E+01  .3865E+00   .9999952 -.0029784 -.0008167
T  772  1 .1987759E+07   1000204E-02  .9101E+01 -.2121E+02   .9999909  .0028791 -.0031586
T  773  1 .1980888E+07   1000225E-02 -.1767E+02  .1316E+02   .9999952 -.0021019  .0022721
T  774  1 .1986486E+07   1000095E-02 -.1845E+02 -.1948E+02   .9999733 -.0052729 -.0050682
T  775  1 .1981562E+07   1000081E-02 -.1065E+02  .1603E+02   .9999929 -.0016988  .0033513
T  776  1 .1983680E+07   1000183E-02 -.1446E+01 -.7324E+00   .9999999  .0001814 -.0004398
T  777  1 .1984173E+07   1000105E-02  .1262E+02  .9417E+00   .9999995  .0007717 -.0005847
T  778  1 .1987789E+07   1000218E-02 -.4751E+00  .6055E+01   .9999997  .0007194  .0003648
T  779  1 .1980732E+07   1000211E-02  .4524E+01  .3730E+01   .9999937  .0006961  .0034938
T  780  1 .1985267E+07   1000222E-02  .4125E+01  .5417E+01   .9999925  .0018994  .0033758
T  781  1 .1987048E+07   1000062E-02  .1444E+01  .7385E+00   .9999998 -.0003095 -.0005702
T  782  1 .1990619E+07   1000046E-02 -.7460E+01  .1043E+02   .9999984 -.0012388  .0012699
T  783  1 .1984357E+07   1000225E-02 -.4894E+00 -.6221E+01   .9999991 -.0012940 -.0003431
T  784  1 .1987854E+07   1000121E-02 -.7472E+01  .9538E+01   .9999894  .0000450  .0046087
T  785  1 .1985874E+07   1000185E-02  .1162E+02  .3006E+02   .9999830  .0020955  .0054497
T  786  1 .1983286E+07   1000147E-02 -.3194E+00  .6514E-01   .9999999 -.0000703  .0000119
T  787  1 .1987485E+07   1000221E-02  .1695E+01 -.4444E+01   .9999964  .0008673 -.0025246
T  788  1 .1985594E+07   1000132E-02  .2268E+01  .4430E+01   .9999996 -.0008642  .0000772
T  789  1 .1989629E+07   1000014E-02 -.2156E+02  .4834E+00   .9999788 -.0064116  .0011582
T  790  1 .1982735E+07   1000157E-02  .8473E+01  .8788E+01   .9999970  .0022015  .0011067
T  791  1 .1978826E+07   1000128E-02 -.6284E+00 -.2277E+02   .9999933  .0002819 -.0036468
T  792  1 .1984828E+07   1000208E-02  .6963E+00 -.1661E+01   .9999999  .0004190  .0003002
T  793  1 .1989625E+07   1000088E-02  .1093E+02 -.7978E+01   .9999989  .0015063 -.0000621
T  794  1 .1981394E+07   1000205E-02  .1312E+02  .9806E+01   .9999924  .0026501  .0028577
T  795  1 .1987003E+07   1000132E-02 -.1848E+01  .1582E+01   .9999997 -.0000058  .0007679
T  796  1 .1981231E+07   1000178E-02 -.1369E+01  .9632E+00   .9999993 -.0011895 -.0002907
T  797  1 .1984314E+07   1000205E-02  .1646E+02 -.7237E+01   .9999973  .0022957 -.0001988
T  798  1 .1981226E+07   1000088E-02  .8675E+01  .3626E+01   .9999999 -.0000252  .0000490
T  799  1 .1987155E+07   1000216E-02  .1370E+01 -.3060E+01   .9999992  .0010353 -.0007614
T  800  1 .1985222E+07   1000111E-02  .3045E+02  .2015E+01   .9999893  .0046287 -.0002266
T  801  1 .1984060E+07   1000164E-02  .2059E+02 -.7291E+01   .9999107  .0133550 -.0004777
T  802  1 .1984324E+07   1000092E-02 -.1888E+02 -.1101E+02   .9999769 -.0062149 -.0027660
T  803  1 .1983791E+07   1000173E-02 -.1321E+02  .9920E+01   .9999946 -.0030509  .0012102
T  804  1 .1981502E+07   1000190E-02  .1487E+02 -.2079E+02   .9999950  .0020467 -.0023996
T  805  1 .1985409E+07   1000106E-02  .3795E+01 -.8966E+01   .9999962  .0010305 -.0025376
T  806  1 .1988641E+07   1000178E-02 -.1019E+01 -.6683E+01   .9999987  .0008324 -.0013476
T  807  1 .1986234E+07   1000207E-02  .1922E+02 -.1475E+02   .9999831  .0051671 -.0026722
T  808  1 .1984999E+07   1000187E-02 -.2332E+02  .7657E+01   .9999914 -.0038010  .0016354
T  809  1 .1987372E+07   1000117E-02  .2340E+00 -.3009E+01   .9999999 -.0002362 -.0000065
T  810  1 .1985647E+07   1000015E-02  .6788E+01  .2212E+02   .9999183  .0037399  .0122260
T  811  1 .1979275E+07   1000152E-02  .5339E+01 -.7783E+01   .9999946  .0010510 -.0031186
T  812  1 .1984694E+07   1000172E-02 -.1209E+00  .7543E+01   .9999985 -.0005520  .0016438
T  813  1 .1984518E+07   1000181E-02  .1205E+02  .4900E+01   .9999892  .0030729  .0034762
T  814  1 .1986120E+07   1000125E-02 -.2459E+01  .4103E+01   .9999983 -.0007741  .0016493
T  815  1 .1989567E+07   1000126E-02  .3229E+00 -.2872E+01   .9999989  .0001365 -.0014534
T  816  1 .1983410E+07   1000036E-02  .3670E+01 -.8133E+01   .9999966  .0014117 -.0022011
T  817  1 .1987355E+07   1000036E-02 -.2565E+00 -.5074E+01   .9999998  .0002578 -.0005633
T  818  1 .1984320E+07   1000062E-02 -.5121E+01  .6793E+01   .9999982 -.0018631 -.0003829
T  819  1 .1989132E+07   1000209E-02 -.1116E+02 -.3111E+02   .9999858 -.0023232 -.0047993
T  820  1 .1982089E+07   1000020E-02  .6012E+01  .4677E+01   .9999939  .0019131  .0029288
T  821  1 .1984638E+07   1000193E-02 -.4218E+01 -.2214E+00   .9999977 -.0021314 -.0000452
T  822  1 .1986874E+07   1000204E-02  .6441E+01  .9477E+01   .9999961  .0013107  .0024813
T  823  1 .1987826E+07   1000180E-02  .1192E+02  .2174E+02   .9999850  .0034958  .0042156
T  824  1 .1984064E+07   1000029E-02  .2558E+01  .6747E+00   .9999998  .0004930 -.0004323
T  825  1 .1980936E+07   1000109E-02  .1600E+02  .1860E+01   .9999958  .0026172 -.0012439
T  826  1 .1987896E+07   1000110E-02  .4241E+00 -.1451E+01   .9999999  .0001713 -.0002370
T  827  1 .1988941E+07   1000049E-02 -.1822E+02  .5013E+01   .9999912 -.0037670  .0018594
T  828  1 .1989692E+07   1000111E-02  .3030E+01  .3798E+01   .9999978  .0017075  .0012021
T  829  1 .1985047E+07   1000013E-02 -.9006E+01 -.3683E+01   .9999962 -.0010357 -.0025735
T  830  1 .1985909E+07   1000088E-02 -.2658E+01 -.3313E+02   .9999856 -.0004954 -.0053358
T  831  1 .1985453E+07   1000191E-02  .2262E+01  .3246E+01   .9999995 -.0000460  .0009484
T  832  1 .1982004E+07   1000173E-02 -.4487E+01  .2796E+01   .9999919 -.0034361  .0020838
T  833  1 .1986586E+07   1000203E-02  .2828E+01  .5325E+01   .9999987  .0015303  .0004394
T  834  1 .1986872E+07   1000135E-02  .1164E+01 -.3878E+01   .9999993  .0007861 -.0008961
T  835  1 .1985949E+07   1000213E-02 -.4691E+01 -.1979E+01   .9999995 -.0010268 -.0002071
T  836  1 .1984924E+07   1000036E-02  .5980E+01 -.7341E+01   .9999964  .0014756 -.0022190
T  837  1 .1980731E+07   1000002E-02 -.9945E+01 -.1545E+01   .9999820 -.0059085 -.0010485
T  838  1 .1985421E+07   1000066E-02  .1087E+02 -.8144E+01   .9999946  .0030509 -.0012179
T  839  1 .1979990E+07   1000094E-02  .6429E+00 -.4458E+01   .9999994  .0000771 -.0010512
T  840  1 .1985892E+07   1000074E-02  .1544E+01  .7311E+01   .9999993 -.0006855  .0009739
T  841  1 .1986301E+07   1000069E-02 -.4432E+01  .1166E+01   .9999798 -.0060735 -.0018499
T  842  1 .1986881E+07   1000109E-02  .9142E+00  .4193E+01   .9999982  .0018958 -.0001280
T  843  1 .1981558E+07   1000144E-02  .4401E-02 -.4136E+00   .9999998 -.0005591 -.0003852
T  844  1 .1982889E+07   1000222E-02  .8152E+01 -.1543E+02   .9999823  .0027550 -.0052668
T  845  1 .1983895E+07   1000038E-02  .1318E+02 -.1262E+02   .9999985  .0017024 -.0001350
T  846  1 .1980146E+07   1000198E-02 -.3058E+00  .9777E+01   .9999972  .0005270  .0023099
T  847  1 .1980764E+07   1000080E-02 -.7157E+01 -.9603E+01   .9999968 -.0015080 -.0020388
T  848  1 .1988660E+07   1000119E-02 -.2872E+01  .6241E+01   .9999977  .0007514  .0020120
T  849  1 .1985690E+07   1000114E-02  .3596E+01 -.1203E+01   .9999998  .0003907 -.0004624
T  850  1 .1988428E+07   1000088E-02  .1516E+01  .9217E-02   .9999979  .0019303 -.0007564
T  851  1 .1978734E+07   1000198E-02 -.8758E+01 -.2242E+02   .9999855 -.0014039 -.0052035
T  852  1 .1980926E+07   1000029E-02  .1751E+00  .1987E+01   .9999936 -.0018503  .0030677
T  853  1 .1985080E+07   1000049E-02 -.4431E+01  .4285E+01   .9999988  .0004897  .0014901
T  854  1 .1984478E+07   1000214E-02  .3135E+01 -.6271E+01   .9999972  .0012658 -.0020020
T  855  1 .1989539E+07   1000157E-02  .4178E+01  .1080E+02   .9999990 -.0004151  .0013732
T  856  1 .1983384E+07   1000156E-02 -.2946E+01  .3634E+01   .9999959 -.0009338  .0027063
T  857  1 .1988302E+07   1000012E-02 -.3990E+01 -.7279E+00   .9999985 -.0008655 -.0015241
T  858  1 .1984215E+07   1000216E-02 -.8559E+01 -.8292E-01   .9999981 -.0018362 -.0006161
T  859  1 .1980712E+07   1000150E-02 -.1358E+02 -.2841E+01   .9999931 -.0035490 -.0010888
T  860  1 .1988338E+07   1000027E-02  .7774E+01  .2777E+02   .9999900  .0022454  .0038678
T  861  1 .1982045E+07   1000144E-02  .8908E+01  .1198E+02   .9999975  .0016777  .0014620
T  862  1 .1988677E+07   1000202E-02  .7631E+01 -.2721E+01   .9999834  .0054179 -.0019760
T  863  1 .1984486E+07   1000085E-02  .7342E+01  .8272E+01   .9999956  .0029746 -.0000483
T  864  1 .1984813E+07   1000192E-02  .4809E+01  .8054E+01   .9999919  .0013259  .0038106
T  865  1 .1986480E+07   1000158E-02 -.4162E+00 -.2854E+01   .9999928  .0035814 -.0012251
T  866  1 .1987106E+07   1000185E-02 -.4301E+01 -.2784E+01   .9999992 -.0011565 -.0004776
T  867  1 .1984568E+07   1000222E-02  .1439E+02 -.8065E+01   .9999856  .0049249 -.0021253
T  868  1 .1985499E+07   1000143E-02  .2107E+01 -.3440E+00   .9999994  .0009421  .0005226
T  869  1 .1983817E+07   1000154E-02 -.1306E+01 -.2638E+01   .9999997 -.0007083 -.0001578
T  870  1 .1984962E+07   1000172E-02  .6413E+00 -.9852E+00   .9999999 -.0002356  .0002569
T  871  1 .1986796E+07   1000111E-02 -.4319E+00 -.3440E+00   .9999999  .0000253  .0000082
T  872  1 .1981860E+07   1000007E-02  .7869E+01 -.3355E+01   .9999978  .0016038 -.0013676
T  873  1 .1989373E+07   1000120E-02 -.5816E+00  .8487E+01   .9999972  .0016198  .0017441
T  874  1 .1986637E+07   1000160E-02 -.1848E+01  .7044E-01   .9999997 -.0007123 -.0004171
T  875  1 .1983160E+07   1000199E-02  .3855E+01  .3682E+01   .9999984  .0011071  .0013793
T  876  1 .1988786E+07   1000215E-02 -.5390E+01  .9824E+01   .9999954 -.0013420  .0027183
T  877  1 .1980198E+07   1000165E-02  .1635E+01  .3847E+01   .9999983  .0008324  .0016742
T  878  1 .1984131E+07   1000049E-02  .6455E+01  .9055E+01   .9999976  .0017537  .0013358
T  879  1 .1988164E+07   1000191E-02 -.2917E+01  .2453E+01   .9999994 -.0003498  .0010602
T  880  1 .1984474E+07   1000143E-02  .1458E+01  .3682E+00   .9999990  .0014296  .0001939
T  881  1 .1981107E+07   1000175E-02  .3622E+01 -.2361E+01   .9999995  .0009883 -.0003377
T  882  1 .1983603E+07   1000170E-02  .1047E+02  .2120E+01   .9999951  .0030147  .0008144
T  883  1 .1989031E+07   1000062E-02 -.1398E+02 -.5550E+00   .9999938 -.0034376 -.0008120
T  884  1 .1987853E+07   1000224E-02 -.1549E+02 -.1982E+01   .9999979 -.0018518  .0008632
T  885  1 .1981870E+07   1000014E-02  .7584E+02 -.5278E+02   .9999268  .0093329 -.0076980
T  886  1 .1982405E+07   1000172E-02 -.8597E+00  .4493E+01   .9999972 -.0014064  .0018857
T  887  1 .1982324E+07   1000029E-02  .4283E+01 -.3046E+01   .9999982  .0018135 -.0004807
T  888  1 .1984989E+07   1000165E-02 -.7192E+01  .9899E+01   .9999998 -.0001025  .0006582
T  889  1 .1984208E+07   1000222E-02  .9046E+01  .6316E+01   .9999963  .0017756  .0020538
T  890  1 .1983187E+07   1000120E-02 -.3898E+00 -.2658E+02   .9999975  .0005391 -.0021653
T  891  1 .1978809E+07   1000099E-02 -.2119E+01 -.2719E+00   .9999995 -.0005962  .0008624
T  892  1 .1985307E+07   1000098E-02 -.6829E+00 -.9934E+01   .9999966  .0005575 -.0025489
T  893  1 .1991027E+07   1000224E-02 -.1061E+01  .1889E+02   .9999985  .0001064  .0017533
T  894  1 .1987748E+07   1000020E-02  .3986E+01 -.3280E+01   .9999992  .0010632 -.0007445
T  895  1 .1983755E+07   1000167E-02  .1500E+02  .2862E+01   .9999954  .0028291 -.0010560
T  896  1 .1988166E+07   1000164E-02 -.3174E+01  .8833E+00   .9999984 -.0016905 -.0006572
T  897  1 .1982848E+07   1000103E-02 -.2036E+02 -.7661E+01   .9999970 -.0023947  .0004869
T  898  1 .1986770E+07   1000095E-02 -.1742E+01 -.4413E+01   .9999981  .0009360 -.0017062
T  899  1 .1985185E+07   1000117E-02  .1303E+02  .7225E+01   .9999980  .0019248  .0005344
T  900  1 .1985273E+07   1000006E-02 -.3611E+00 -.9425E+01   .9999944  .0032723 -.0007548
T  901  1 .1985055E+07   1000202E-02 -.4558E+01  .6807E+00   .9999971 -.0023955 -.0002265
T  902  1 .1985836E+07   1000084E-02 -.1050E+02  .2536E+02   .9999942 -.0014621  .0030818
T  903  1 .1979723E+07   1000154E-02 -.1527E+02 -.1571E+01   .9999908 -.0042905 -.0001638
T  904  1 .1982181E+07   1000045E-02  .4916E+01  .1749E+01   .9999998  .0005599  .0003033
T  905  1 .1985227E+07   1000136E-02  .1593E+01  .5762E+00   .9999995  .0007959  .0005945
T  906  1 .1986925E+07   1000144E-02 -.6813E+01 -.6023E+00   .9999973 -.0019630 -.0012534
T  907  1 .1980036E+07   1000217E-02 -.2043E+02 -.8754E+01   .9999141 -.0122445 -.0046799
T  908  1 .1983095E+07   1000084E-02  .1598E+02  .6997E+01   .9999755 -.0011020 -.0069134
T  909  1 .1983103E+07   1000031E-02 -.3810E+01 -.3788E+01   .9999970 -.0020779 -.0013010
T  910  1 .1988207E+07   1000164E-02  .2447E+01  .9623E+00   .9999991  .0012215  .0005525
T  911  1 .1979792E+07   1000006E-02 -.1832E+02  .4291E+01   .9999955 -.0025102 -.0016690
T  912  1 .1988163E+07   1000108E-02 -.3644E+01  .1131E+00   .9999994  .0005514 -.0009381
T  913  1 .1982475E+07   1000057E-02 -.1443E+02 -.3165E+01   .9999980 -.0019367  .0004074
T  914  1 .1984214E+07   1000145E-02  .1623E+02  .4756E+01   .9999897  .0044673 -.0007398
T  915  1 .1986684E+07   1000089E-02  .1731E+02 -.7869E+00   .9999251  .0122417  .0001226
T  916  1 .1981189E+07   1000167E-02 -.6276E+01  .2401E+01   .9999956  .0015246 -.0025504
T  917  1 .1987771E+07   1000177E-02 -.8419E+01  .1141E+02   .9999961 -.0026805  .0008028
T  918  1 .1982041E+07   1000149E-02 -.4669E+01 -.2253E+01   .9999991 -.0013264  .0003732
T  919  1 .1986321E+07   1000002E-02 -.8337E+00  .1113E+01   .9999995 -.0003784  .0008942
T  920  1 .1985921E+07   1000217E-02  .1261E+02 -.1138E+02   .9999997  .0006198 -.0003839
T  921  1 .1985445E+07   1000006E-02  .2876E+01 -.5946E+02   .9999731 -.0000033 -.0073342
T  922  1 .1988937E+07   1000167E-02 -.4103E+00  .2411E+01   .9999994  .0009984  .0005417
T  923  1 .1982075E+07   1000092E-02  .4583E+01 -.7351E+02   .9999724  .0030074 -.0067909
T  924  1 .1983673E+07   1000153E-02 -.8170E+02 -.5029E+01   .9998906 -.0147656  .0008788
T  925  1 .1983497E+07   1000015E-02  .1527E+01  .5254E+01   .9999975  .0021741  .0005575
T  926  1 .1983724E+07   1000104E-02 -.2033E+02  .2573E+02   .9999693 -.0044091  .0064842
T  927  1 .1979828E+07   1000191E-02  .1509E+01  .4646E+01   .9999991 -.0006743  .0011889
T  928  1 .1985386E+07   1000162E-02  .1119E+02 -.7849E+01   .9999961  .0027485  .0005333
T  929  1 .1979602E+07   1000179E-02 -.1196E+01  .8802E+00   .9999987  .0008512  .0013750
T  930  1 .1989435E+07   1000174E-02  .9838E+01 -.2259E+01   .9999905 -.0028227  .0033147
T  931  1 .1981096E+07   1000144E-02  .2870E+02 -.8684E+01   .9999638  .0079312 -.0030732
T  932  1 .1982340E+07   1000151E-02 -.1280E+02  .2790E+01   .9999985 -.0001257 -.0017514
T  933  1 .1984353E+07   1000099E-02  .8991E+01 -.2430E+01   .9999969  .0024276  .0005407
T  934  1 .1983545E+07   1000141E-02  .2842E+02 -.1575E+02   .9999910  .0037230 -.0020438
T  935  1 .1984358E+07   1000096E-02  .4342E+01 -.1968E+02   .9999849  .0003860 -.0054904
T  936  1 .1989094E+07   1000132E-02 -.1676E+01 -.2474E+01   .9999999 -.0002398 -.0004838
T  937  1 .1979585E+07   1000178E-02  .3175E+01  .6255E-01   .9999988 -.0001183 -.0015178
T  938  1 .1982940E+07   1000066E-02  .6470E+01 -.6168E+01   .9999973  .0020678 -.0010787
T  939  1 .1989768E+07   1000060E-02  .2429E+01 -.4024E+00   .9999986  .0013539 -.0009386
T  940  1 .1989339E+07   1000015E-02 -.3251E+01  .4453E+02   .9999702 -.0015091  .0075740
T  941  1 .1983318E+07   1000170E-02  .1948E+02  .7874E+01   .9999724  .0066467  .0033168
T  942  1 .1985498E+07   1000225E-02 -.2313E+01 -.2284E+01   .9999966 -.0024519 -.0009328
T  943  1 .1984750E+07   1000219E-02 -.1174E+01 -.1490E+01   .9999995 -.0003297 -.0009636
T  944  1 .1984417E+07   1000043E-02  .2859E+00 -.4697E+01   .9999980  .0001563 -.0019749
T  945  1 .1981564E+07   1000079E-02 -.6502E+00  .3187E+01   .9999984  .0000441  .0018009
T  946  1 .1985703E+07   1000216E-02  .3517E+00  .3483E+00   .9999997 -.0007249  .0001096
T  947  1 .1984291E+07   1000200E-02  .3954E+01 -.1186E+02   .9999911  .0025459 -.0033750
T  948  1 .1985403E+07   1000019E-02 -.1263E+02  .1930E+01   .9999953 -.0030452 -.0004446
T  949  1 .1986470E+07   1000192E-02 -.5411E+01 -.2935E+01   .9999967  .0025584 -.0003342
T  950  1 .1983384E+07   1000109E-02 -.1024E+02 -.6616E+01   .9999957 -.0012932 -.0026400
T  951  1 .1986216E+07   1000104E-02  .3321E+01 -.9919E+01   .9999939  .0024180 -.0025315
T  952  1 .1981830E+07   1000090E-02  .1755E+01  .5120E+00   .9999997  .0007226  .0000293
T  953  1 .1986015E+07   1000028E-02 -.5642E+00 -.3611E+01   .9999928  .0016662 -.0034129
T  954  1 .1979871E+07   1000108E-02 -.1493E+01  .3023E+00   .9999970 -.0010750  .0022135
T  955  1 .1990003E+07   1000109E-02 -.1176E+02  .6297E+01   .9999991 -.0007684  .0011091
T  956  1 .1985456E+07   1000209E-02 -.1604E+02  .1534E+02   .9999781 -.0039930  .0052796
T  957  1 .1982219E+07   1000107E-02 -.1152E+02 -.1070E+02   .9999959 -.0009554 -.0027056
T  958  1 .1986486E+07   1000178E-02 -.7286E+01 -.8993E+01   .9999965 -.0019742 -.0017538
T  959  1 .1989592E+07   1000109E-02 -.1148E+02  .8760E+01   .9999737 -.0055851  .0046176
T  960  1 .1989710E+07   1000206E-02 -.6697E+00 -.6081E+01   .9999989  .0002545 -.0014672
T  961  1 .1985975E+07   1000018E-02  .6578E+01  .1858E+02   .9999958 -.0004737  .0028583
T  962  1 .1991260E+07   1000119E-02 -.1093E+02  .4637E+01   .9999988 -.0012622  .0009503
T  963  1 .1983735E+07   1000189E-02  .4984E+01 -.1208E+01   .9999997  .0007662  .0001986
T  964  1 .1983523E+07   1000216E-02  .1083E+02  .1045E+02   .9999784  .0040748  .0051558
T  965  1 .1981183E+07   1000111E-02  .1185E+02 -.1359E+02   .9999930  .0027168 -.0025847
T  966  1 .1987993E+07   1000216E-02  .1284E+02 -.3736E+01   .9999937  .0035229  .0003481
T  967  1 .1988365E+07   1000068E-02  .8169E+00 -.3980E+00   .9999958  .0027153 -.0010261
T  968  1 .1985184E+07   1000112E-02  .7182E+01 -.1165E+01   .9999995  .0009989 -.0000824
T  969  1 .1982603E+07   1000016E-02  .1378E+02 -.1071E+02   .9999943  .0026493 -.0020839
T  970  1 .1983570E+07   1000000E-02 -.7329E+01  .1321E+02   .9999983 -.0007145  .0016905
T  971  1 .1986203E+07   1000153E-02 -.1099E+02 -.1529E+02   .9999942 -.0030404 -.0015376
T  972  1 .1989355E+07   1000146E-02 -.1447E+01 -.3584E+01   .9999991  .0008862 -.0010077
T  973  1 .1985234E+07   1000198E-02 -.5367E+01  .1255E+02   .9999936 -.0008988  .0034553
T  974  1 .1984694E+07   1000067E-02 -.2402E+02  .9031E+01   .9999881 -.0042552  .0023889
T  975  1 .1981076E+07   1000006E-02 -.2412E+02  .5001E+01   .9999599 -.0083585  .0032140
T  976  1 .1988399E+07   1000156E-02  .5051E+01  .2947E+02   .9999883  .0008236  .0047676
T  977  1 .1983164E+07   1000003E-02  .4171E+01  .3297E+01   .9999994  .0008881  .0005983
T  978  1 .1980194E+07   1000001E-02 -.1772E+01 -.2887E+00   .9999996 -.0008439 -.0002800
T  979  1 .1983120E+07   1000101E-02 -.7715E+02  .8661E+02   .9997995 -.0132545  .0150112
T  980  1 .1983241E+07   1000001E-02 -.1029E+02 -.6281E+01   .9999972 -.0020501 -.0012232
T  981  1 .1987620E+07   1000041E-02  .2404E+02 -.9274E+01   .9999966  .0025802  .0003256
T  982  1 .1984222E+07   1000212E-02 -.6444E+01  .3239E+01   .9999984 -.0015377  .0008775
T  983  1 .1985245E+07   1000088E-02 -.2717E+02  .1958E+02   .9999810 -.0055089  .0027501
T  984  1 .1987080E+07   1000178E-02 -.5547E+01  .3056E+01   .9999988 -.0013211  .0007503
T  985  1 .1988410E+07   1000183E-02 -.2873E+02 -.4412E+01   .9999902 -.0037412 -.0023564
T  986  1 .1987981E+07   1000092E-02 -.5945E+00 -.5102E+01   .9999992 -.0000596 -.0012798
T  987  1 .1986502E+07   1000225E-02 -.5641E+01 -.1059E+02   .9999956 -.0016621 -.0024617
T  988  1 .1988904E+07   1000177E-02 -.1105E+01 -.4097E+01   .9999993 -.0008011 -.0009086
T  989  1 .1986020E+07   1000012E-02 -.3257E+01  .1056E+02   .9999978 -.0009507  .0018543
T  990  1 .1986590E+07   1000169E-02 -.5556E+01 -.3051E+01   .9999935 -.0023984 -.0027041
T  991  1 .1982002E+07   1000045E-02  .5963E+01  .1777E+00   .9999972  .0023249  .0005041
T  992  1 .1989457E+07   1000111E-02  .2189E+00  .4394E-02   .9999998  .0004248  .0005465
T  993  1 .1983943E+07   1000083E-02  .9857E+01 -.4727E+01   .9999968  .0025026 -.0004010
T  994  1 .1992783E+07   1000054E-02  .4899E+01 -.1447E+01   .9999991  .0013538 -.0001637
T  995  1 .1984399E+07   1000015E-02 -.1353E+01  .2765E+01   .9999993 -.0001735  .0011847
T  996  1 .1984567E+07   1000194E-02  .5362E+00 -.3992E+00   .9999986  .0014923  .0007166
T  997  1 .1982491E+07   1000171E-02  .6539E+00  .7245E+01   .9999984  .0016893 -.0005388
T  998  1 .1985455E+07   1000020E-02 -.1617E+01 -.9041E+00   .9999999 -.0001984  .0001892
T  999  1 .1985477E+07   1000182E-02 -.8903E+01 -.5713E+01   .9999966 -.0022407 -.0013448
T 1000  1 .1984135E+07   1000015E-02  .2685E+01 -.2393E+01   .9999968  .0014871 -.0020582
T 1001  1 .1990999E+07   1000225E-02 -.3259E+01 -.1271E+02   .9999972 -.0013442 -.0019642
T 1002  1 .1986599E+07   1000065E-02  .7355E+01 -.2160E+00   .9999973  .0023424  .0000075
T 1003  1 .1985821E+07   1000087E-02  .2687E+02 -.5123E+02   .9999366  .0041137 -.0104812
T 1004  1 .1980650E+07   1000016E-02 -.8249E+00  .1170E+02   .9999977  .0007083  .0020298
T 1005  1 .1985537E+07   1000044E-02 -.1822E+00 -.1528E+01   .9999993 -.0006524 -.0010290
T 1006  1 .1983593E+07   1000134E-02 -.6359E+01 -.1230E+02   .9999957 -.0014075 -.0025776
T 1007  1 .1981108E+07   1000108E-02 -.7631E+01  .8406E+00   .9999961 -.0027405 -.0005218
T 1008  1 .1985203E+07   1000001E-02  .7121E+01 -.9512E+01   .9999953  .0020924 -.0022290
T 1009  1 .1986369E+07   1000210E-02  .9113E+01  .8770E+01   .9999998  .0005494 -.0001258
T 1010  1 .1985731E+07   1000048E-02  .5596E+01  .1713E+02   .9999917 -.0011032  .0039110
T 1011  1 .1983173E+07   1000047E-02 -.1024E+02  .2103E+02   .9999899 -.0032512  .0030943
T 1012  1 .1987113E+07   1000151E-02  .1886E+02 -.1116E+02   .9999929  .0035303 -.0012910
T 1013  1 .1986373E+07   1000000E-02 -.4614E+01 -.8528E+01   .9999817  .0026125 -.0054607
T 1014  1 .1985542E+07   1000013E-02 -.1474E+02  .2048E+02   .9999843 -.0030150  .0047191
T 1015  1 .1982086E+07   1000164E-02  .9255E+01 -.5450E+01   .9999956  .0018721 -.0023114
T 1016  1 .1985461E+07   1000152E-02  .1537E+02 -.1181E+02   .9999974  .0022858  .0002082
T 1017  1 .1986521E+07   1000174E-02  .8863E+01 -.7445E+01   .9999911  .0037717 -.0018715
T 1018  1 .1987434E+07   1000213E-02 -.4714E+02 -.1088E+02   .9999408 -.0108587 -.0006671
T 1019  1 .1979218E+07   1000173E-02 -.3307E+01  .1400E+02   .9999996 -.0008174  .0003302
T 1020  1 .1986351E+07   1000129E-02 -.1270E+01 -.4053E+00   .9999995 -.0003435  .0009434
T 1021  1 .1982220E+07   1000222E-02 -.2711E+02 -.1787E+01   .9999890 -.0044592 -.0014635
T 1022  1 .1985998E+07   1000165E-02  .1278E+01  .9786E+00   .9999990  .0004388 -.0013582
T 1023  1 .1984539E+07   1000195E-02 -.2172E+02  .6586E+02   .9995362 -.0093801  .0289715
T 1024  1 .1985528E+07   1000200E-02 -.3461E-01 -.9854E+01   .9999971  .0018765 -.0015168
T 1025  1 .1985527E+07   1000205E-02 -.4309E+01  .1803E+01   .9997787 -.0135379 -.0161004
T 1026  1 .1983202E+07   1000179E-02 -.1532E+02 -.1543E+01   .9999984 -.0017324  .0004759
T 1027  1 .1984633E+07   1000094E-02 -.1172E+02  .1498E+02   .9999915 -.0021479  .0035334
T 1028  1 .1987793E+07   1000146E-02 -.2813E+02  .1320E+01   .9999843 -.0034742  .0043929
T 1029  1 .1982964E+07   1000155E-02 -.4656E+01  .1285E+02   .9999942 -.0006073  .0033427
T 1030  1 .1980410E+07   1000212E-02 -.5215E+01  .1308E+02   .9999960 -.0006248  .0027689
T 1031  1 .1987084E+07   1000106E-02  .2534E+02  .9964E+00   .9999531  .0096836  .0002563
T 1032  1 .1982986E+07   1000165E-02  .7858E+00  .1905E+01   .9999994  .0010379 -.0002151
T 1033  1 .1988651E+07   1000183E-02  .8514E+00  .1327E+02   .9999988 -.0001191  .0015471
T 1034  1 .1988606E+07   1000094E-02 -.6215E+01  .5468E+01   .9999990 -.0009786  .0010166
T 1035  1 .1982100E+07   1000094E-02  .1941E+01  .2510E+01   .9999998  .0005101  .0002948
T 1036  1 .1986279E+07   1000084E-02  .5822E+01 -.3236E+02   .9999287  .0027782 -.0116110
T 1037  1 .1985814E+07   1000194E-02  .1042E+02 -.2620E+01   .9999964  .0025874  .0007350
T 1038  1 .1983293E+07   1000026E-02  .3578E+02  .3211E+02   .9999671  .0061126  .0053240
T 1039  1 .1986911E+07   1000118E-02 -.1291E+02  .3894E+01   .9999965 -.0025523  .0007474
T 1040  1 .1987097E+07   1000055E-02 -.1033E+01 -.2330E+01   .9999987 -.0014063 -.0007229
T 1041  1 .1981511E+07   1000025E-02  .1013E+02 -.1671E+01   .9999978  .0020566  .0004048
T 1042  1 .1985940E+07   1000088E-02 -.1172E+02  .1958E+02   .9999855 -.0041704  .0033971
T 1043  1 .1982585E+07   1000222E-02  .4635E+02  .6066E+01   .9999901  .0044484 -.0001112
T 1044  1 .1979901E+07   1000123E-02 -.9955E+01 -.1322E+01   .9999280 -.0113237  .0039834
T 1045  1 .1980296E+07   1000192E-02 -.1098E+01 -.7903E+00   .9999984 -.0006894 -.0016250
T 1046  1 .1980397E+07   1000225E-02  .2765E+01 -.2172E+01   .9999991  .0013570  .0000212
T 1047  1 .1985891E+07   1000152E-02  .1290E+02  .1132E+02   .9999991  .0002843  .0012736
T 1048  1 .1984795E+07   1000064E-02 -.4545E+01 -.1119E+02   .9999981  .0000370 -.0019688
T 1049  1 .1979256E+07   1000211E-02  .3052E+02 -.2913E+02   .9999595  .0075165 -.0049481
T 1050  1 .1987721E+07   1000138E-02  .3055E+01  .8463E+01   .9999984  .0011969  .0013248
T 1051  1 .1983850E+07   1000054E-02 -.7462E+01 -.2968E+01   .9999992 -.0009023 -.0008284
T 1052  1 .1980554E+07   1000179E-02  .5404E+01 -.3251E+02   .9999829  .0020287 -.0054788
T 1053  1 .1980297E+07   1000097E-02 -.9373E+01  .8665E+00   .9999992 -.0009116  .0008276
T 1054  1 .1983704E+07   1000013E-02 -.2601E+01 -.1300E+01   .9999989 -.0014249  .0004083
T 1055  1 .1988713E+07   1000202E-02 -.2141E+01  .2672E+02   .9999792  .0017728  .0062034
T 1056  1 .1982723E+07   1000193E-02 -.3092E+02 -.1269E+02   .9999795 -.0062434 -.0014293
T 1057  1 .1983898E+07   1000171E-02  .3472E+01  .7473E+01   .9999988 -.0005479  .0014471
T 1058  1 .1984865E+07   1000132E-02 -.9973E+01 -.1067E+02   .9999665 -.0042530 -.0069981
T 1059  1 .1987311E+07   1000196E-02 -.1174E+01  .1402E+01   .9999998 -.0005474  .0003437
T 1060  1 .1980305E+07   1000153E-02  .7604E+00  .1266E+02   .9999899  .0025784  .0036730
T 1061  1 .1984173E+07   1000197E-02  .9207E+01  .1058E+02   .9999918  .0006764  .0039862
T 1062  1 .1987601E+07   1000108E-02  .4282E+01  .4266E+01   .9999987  .0011232  .0011855
T 1063  1 .1982058E+07   1000226E-02  .8498E+01 -.1037E+01   .9999957  .0029008 -.0004758
T 1064  1 .1981364E+07   1000212E-02  .2795E+02 -.1717E+02   .9999864  .0049089 -.0017750
T 1065  1 .1981790E+07   1000025E-02  .8756E+01  .9068E+01   .9999919  .0034567  .0020725
T 1066  1 .1984720E+07   1000217E-02  .7735E+00 -.1685E+01   .9999944 -.0011184 -.0031575
T 1067  1 .1985388E+07   1000161E-02  .1364E+02  .6544E+01   .9999983  .0011019  .0014603
T 1068  1 .1980058E+07   1000188E-02  .6513E-01  .2134E+01   .9999993  .0004143  .0011492
T 1069  1 .1979724E+07   1000095E-02  .1869E+01 -.3648E+01   .9999996 -.0001943 -.0008919
T 1070  1 .1984117E+07   1000117E-02 -.1933E+02  .9494E+01   .9999937 -.0030695  .0017571
T 1071  1 .1985569E+07   1000182E-02 -.9080E+01 -.7226E+01   .9999941 -.0020808 -.0027504
T 1072  1 .1990615E+07   1000112E-02 -.2684E+01 -.5236E+01   .9999947 -.0018098 -.0027126
T 1073  1 .1981215E+07   1000095E-02 -.1777E+02 -.3725E+01   .9999925 -.0038081 -.0006833
T 1074  1 .1986886E+07   1000053E-02  .1646E+02  .2320E+02   .9999749  .0051862  .0048216
T 1075  1 .1982001E+07   1000002E-02  .5681E+01 -.6338E-01   .9999981  .0017628  .0008207
T 1076  1 .1981510E+07   1000076E-02  .4518E+00  .4780E+01   .9999998  .0006805 -.0001597
T 1077  1 .1985893E+07   1000030E-02  .2684E+01 -.7683E+01   .9999988 -.0006355 -.0014199
T 1078  1 .1983316E+07   1000035E-02 -.4218E+01 -.1280E+02   .9999937  .0004705 -.0035263
T 1079  1 .1988218E+07   1000129E-02 -.1205E+01 -.5517E+01   .9999980 -.0005990 -.0019140
T 1080  1 .1986727E+07   1000219E-02 -.7378E+01 -.7631E+01   .9999991 -.0012903 -.0002925
T 1081  1 .1982404E+07   1000200E-02  .5434E+01 -.6181E+00   .9999976  .0020746 -.0006938
T 1082  1 .1987095E+07   1000166E-02  .1026E+01 -.2442E+01   .9999993  .0009212 -.0006955
T 1083  1 .1983766E+07   1000220E-02  .3563E+02  .9605E+02   .9999169  .0042696  .0121678
T 1084  1 .1981487E+07   1000212E-02  .4836E+01 -.1708E+02   .9999929 -.0018279 -.0032802
T 1085  1 .1981535E+07   1000104E-02  .4554E+02 -.4090E+02   .9999163  .0096541 -.0086110
T 1086  1 .1981102E+07   1000008E-02  .2625E+00 -.7086E+01   .9999987  .0006018  .0014827
T 1087  1 .1981367E+07   1000104E-02 -.1921E+02  .1711E+02   .9999972 -.0012593  .0020002
T 1088  1 .1982055E+07   1000219E-02 -.6168E+01  .1004E+01   .9999969 -.0024661  .0004471
T 1089  1 .1981159E+07   1000091E-02 -.2443E+02  .4732E+01   .9999899 -.0043236  .0012124
T 1090  1 .1980344E+07   1000171E-02 -.2008E+01  .7691E+01   .9999981  .0014965  .0012304
T 1091  1 .1984936E+07   1000000E-02 -.9395E+00  .6053E+00   .9999992 -.0011466  .0005245
T 1092  1 .1985063E+07   1000036E-02 -.1037E+02 -.3497E+01   .9999820 -.0060051 -.0000242
T 1093  1 .1987533E+07   1000045E-02 -.3925E+01 -.7293E+01   .9999944 -.0029183 -.0016355
T 1094  1 .1989739E+07   1000058E-02  .1085E+02 -.1179E+02   .9999970  .0012193 -.0021033
T 1095  1 .1984681E+07   1000126E-02 -.1166E+00 -.1948E+01   .9999972  .0008215 -.0022149
T 1096  1 .1981363E+07   1000027E-02  .3637E+00 -.6973E+01   .9999989  .0012707 -.0007201
T 1097  1 .1987696E+07   1000213E-02  .1384E+02 -.5775E+01   .9999914  .0030341  .0028242
T 1098  1 .1985489E+07   1000168E-02 -.7831E+01  .3652E+01   .9999983 -.0009776  .0015609
T 1099  1 .1988216E+07   1000017E-02 -.6417E+01 -.5125E+00   .9999957 -.0029202 -.0002068
T 1100  1 .1981015E+07   1000102E-02 -.3155E+00  .1248E+00   .9999999 -.0000672 -.0003407
T 1101  1 .1985132E+07   1000165E-02  .1518E+02 -.4021E+01   .9999823  .0056384 -.0018986
T 1102  1 .1985380E+07   1000060E-02  .2239E+01 -.1465E+01   .9999994 -.0001988 -.0010973
T 1103  1 .1985159E+07   1000177E-02 -.8997E+01 -.1709E+00   .9999940 -.0027063  .0021458
T 1104  1 .1981587E+07   1000088E-02  .1528E+01 -.7304E-01   .9999994  .0008244 -.0006859
T 1105  1 .1983582E+07   1000177E-02  .4272E+01 -.4053E+01   .9999968  .0015252 -.0020352
T 1106  1 .1988151E+07   1000176E-02  .7784E+01  .6345E+01   .9999842  .0052385  .0020444
T 1107  1 .1983188E+07   1000210E-02  .9994E+01 -.8213E+00   .9999944  .0033351  .0002753
T 1108  1 .1979144E+07   1000080E-02  .2663E+01  .2355E+00   .9999901  .0030826  .0032218
T 1109  1 .1984246E+07   1000205E-02  .1962E+02 -.1727E+01   .9999818  .0060300  .0003250
T 1110  1 .1986457E+07   1000142E-02  .1662E+01 -.1352E-01   .9999994 -.0010625  .0001292
T 1111  1 .1983215E+07   1000184E-02  .1754E+01 -.1406E+02   .9999895  .0026772 -.0037280
T 1112  1 .1986559E+07   1000124E-02 -.4979E+02 -.4501E+02   .9999325 -.0088843 -.0074872
T 1113  1 .1983839E+07   1000077E-02 -.1266E+02 -.8604E+01   .9999987 -.0001821 -.0016115
T 1114  1 .1980827E+07   1000174E-02 -.2065E+01 -.2406E+01   .9999995 -.0007626 -.0005964
T 1115  1 .1985801E+07   1000002E-02  .3919E+01  .6119E+00   .9999975  .0008056  .0020779
T 1116  1 .1987936E+07   1000148E-02 -.4318E+00  .2619E+01   .9999986  .0007088  .0014983
T 1117  1 .1980620E+07   1000163E-02 -.1047E+01  .7463E+00   .9999998 -.0005672  .0002181
T 1118  1 .1986352E+07   1000170E-02 -.1641E+02 -.1612E+02   .9999988 -.0014505  .0006080
T 1119  1 .1988110E+07   1000049E-02 -.1501E+01 -.2332E+01   .9999968 -.0014362 -.0020589
T 1120  1 .1984191E+07   1000003E-02 -.5427E+01 -.1675E+02   .9999916 -.0008271 -.0040174
T 1121  1 .1986836E+07   1000003E-02 -.7763E+00 -.3190E+01   .9999996 -.0000450 -.0008489
T 1122  1 .1986492E+07   1000008E-02 -.3689E+01 -.7080E+01   .9999972 -.0016866 -.0016320
T 1123  1 .1984106E+07   1000040E-02 -.3334E+01  .7408E+01   .9999986 -.0009375 -.0013942
T 1124  1 .1983729E+07   1000139E-02  .2135E+01 -.2071E+01   .9999977  .0014952 -.0015692
T 1125  1 .1984960E+07   1000221E-02  .3204E+01 -.6519E+01   .9999973  .0018741 -.0013846
T 1126  1 .1983502E+07   1000166E-02  .6922E+01 -.3451E+01   .9999987  .0011206 -.0011394
T 1127  1 .1986397E+07   1000202E-02 -.2330E+02 -.8882E+01   .9999949 -.0026766 -.0017477
T 1128  1 .1987842E+07   1000159E-02  .2220E+01  .2248E+01   .9999965  .0026508  .0000605
T 1129  1 .1986972E+07   1000192E-02 -.4330E+01  .6799E+00   .9999979 -.0020549 -.0002426
T 1130  1 .1985248E+07   1000203E-02 -.4467E+01 -.5258E+01   .9999988 -.0005235 -.0014450
T 1131  1 .1981823E+07   1000216E-02 -.6159E+01 -.9574E+01   .9999979 -.0018428 -.0009246
T 1132  1 .1986344E+07   1000187E-02  .4560E+01  .8751E+01   .9999952  .0011673  .0028616
T 1133  1 .1980994E+07   1000070E-02  .4162E-01 -.1097E+02   .9999931  .0013451 -.0034517
T 1134  1 .1983701E+07   1000127E-02  .1239E+02  .1167E+02   .9999981  .0017916  .0007304
T 1135  1 .1985092E+07   1000007E-02 -.3300E+01  .1072E+01   .9999914 -.0040042 -.0011021
T 1136  1 .1989017E+07   1000008E-02 -.1096E+02  .6002E+00   .9999949 -.0015093  .0028127
T 1137  1 .1986295E+07   1000075E-02  .1258E+02  .5175E+01   .9999913  .0040784  .0008338
T 1138  1 .1983891E+07   1000146E-02  .4854E+01  .1506E+02   .9999917  .0020162  .0035489
T 1139  1 .1982812E+07   1000182E-02  .7267E+01  .1670E+02   .9999852  .0014556  .0052331
T 1140  1 .1979420E+07   1000144E-02  .1112E+02  .5511E+01   .9999972  .0021199  .0010033
T 1141  1 .1984644E+07   1000110E-02 -.3007E+01 -.4533E+01   .9999994  .0001672 -.0010660
T 1142  1 .1983892E+07   1000224E-02 -.2549E+02 -.1799E+02   .9999535 -.0079774 -.0054237
T 1143  1 .1986936E+07   1000197E-02  .7916E+00 -.8124E+00   .9999999 -.0002532 -.0001437
T 1144  1 .1981354E+07   1000050E-02  .1789E+01 -.7847E+01   .9999965  .0018648 -.0018678
T 1145  1 .1981803E+07   1000007E-02  .1063E+01 -.1124E+01   .9999999  .0002581 -.0000268
T 1146  1 .1985078E+07   1000178E-02  .3508E+01  .4704E+01   .9999989  .0012019 -.0009169
T 1147  1 .1985332E+07   1000020E-02 -.1078E+00 -.2556E+00   .9999992  .0011680  .0005613
T 1148  1 .1985778E+07   1000045E-02 -.2273E+01  .1948E+02   .9999889 -.0012989  .0045308
T 1149  1 .1983130E+07   1000142E-02  .1259E+01 -.6437E+00   .9999983 -.0014016 -.0012047
T 1150  1 .1981061E+07   1000047E-02 -.1550E+01  .7332E+01   .9999962 -.0009037  .0026097
T 1151  1 .1986620E+07   1000039E-02 -.2234E+02  .4116E+00   .9999563 -.0093501  .0001503
T 1152  1 .1989734E+07   1000086E-02  .1839E+01  .1614E+01   .9999997  .0005011  .0005568
T 1153  1 .1984434E+07   1000224E-02  .4832E+00 -.9937E+01   .9999986 -.0005452 -.0016038
T 1154  1 .1982588E+07   1000101E-02  .1599E+01 -.5688E+01   .9999954  .0014391 -.0026650
T 1155  1 .1985582E+07   1000144E-02 -.4112E+01 -.4792E+00   .9999986 -.0009680 -.0013941
T 1156  1 .1985353E+07   1000166E-02  .9326E+01 -.1244E+01   .9999959  .0018812  .0021736
T 1157  1 .1984521E+07   1000159E-02  .1463E+01  .2171E+01   .9999965  .0005219  .0026042
T 1158  1 .1989306E+07   1000019E-02  .7248E+01 -.1009E+01   .9999997  .0008005  .0000416
T 1159  1 .1980129E+07   1000003E-02 -.6290E+01 -.2393E+02   .9999929 -.0009094 -.0036683
T 1160  1 .1982905E+07   1000152E-02 -.2488E+00 -.8910E+00   .9999984 -.0017630  .0002477
T 1161  1 .1990985E+07   1000129E-02 -.5636E+01 -.1478E+01   .9999999 -.0001721  .0003532
T 1162  1 .1984486E+07   1000020E-02  .8427E+01  .4446E+01   .9999907  .0038822 -.0018756
T 1163  1 .1986639E+07   1000028E-02 -.1978E+00  .1257E+01   .9999997 -.0006547 -.0002827
T 1164  1 .1987345E+07   1000182E-02  .3426E+01  .1094E+01   .9999966  .0026116 -.0002567
T 1165  1 .1988989E+07   1000214E-02 -.1738E-02 -.1357E+00   .9999980  .0005858 -.0019246
T 1166  1 .1986967E+07   1000168E-02 -.1368E+02 -.4874E+01   .9999975 -.0022207 -.0002755
T 1167  1 .1982789E+07   1000136E-02 -.1750E+01 -.6228E+01   .9999994 -.0011008  .0001869
T 1168  1 .1981714E+07   1000187E-02  .3749E+01 -.1125E+02   .9999857  .0042040 -.0033009
T 1169  1 .1985088E+07   1000071E-02 -.3005E+01  .2954E+01   .9999984 -.0002549  .0017590
T 1170  1 .1983270E+07   1000003E-02  .1840E+01 -.1340E+02   .9999870 -.0011106 -.0049722
T 1171  1 .1986643E+07   1000005E-02  .7119E+01  .3939E+01   .9999977  .0009827  .0019131
T 1172  1 .1986072E+07   1000107E-02 -.3143E+01 -.5992E+01   .9999976  .0015665 -.0015207
T 1173  1 .1982985E+07   1000057E-02 -.9470E+00 -.5537E+00   .9999999 -.0003513 -.0001802
T 1174  1 .1985723E+07   1000012E-02 -.6170E+01 -.4645E+01   .9999961 -.0020769 -.0018468
T 1175  1 .1985965E+07   1000047E-02  .3304E+01  .2262E+02   .9999637 -.0012161  .0084321
T 1176  1 .1985214E+07   1000202E-02 -.4360E+01  .3750E-01   .9999995 -.0010363 -.0001374
T 1177  1 .1983212E+07   1000199E-02 -.8779E+01 -.1028E+02   .9999906 -.0020560 -.0038257
T 1178  1 .1981269E+07   1000182E-02 -.2265E+01 -.4757E+01   .9999981 -.0011821 -.0015339
T 1179  1 .1985053E+07   1000192E-02  .1308E+01 -.3927E+00   .9999992  .0011595 -.0004237
T 1180  1 .1983855E+07   1000186E-02 -.2068E+02 -.4031E+01   .9999859 -.0051755  .0011990
T 1181  1 .1980118E+07   1000002E-02 -.4469E+01 -.4366E+01   .9999945  .0017331 -.0028267
T 1182  1 .1981628E+07   1000222E-02  .1492E+02 -.1256E+02   .9999745  .0054059 -.0046631
T 1183  1 .1985335E+07   1000156E-02 -.5840E+01  .5845E+01   .9999994 -.0001925  .0011219
T 1184  1 .1990677E+07   1000198E-02 -.4055E+01  .1524E+00   .9999979 -.0020569  .0001070
T 1185  1 .1986155E+07   1000006E-02 -.8481E+00  .1628E+02   .9999948  .0018727  .0026412
T 1186  1 .1987404E+07   1000134E-02  .6697E+02 -.3703E+01   .9999637  .0082204 -.0022513
T 1187  1 .1987084E+07   1000180E-02  .1429E+00  .2552E+01   .9999995 -.0001916  .0009850
T 1188  1 .1984047E+07   1000215E-02 -.1010E+01 -.7420E+00   .9999984  .0005999 -.0017085
T 1189  1 .1985297E+07   1000188E-02  .4696E+01  .7678E+01   .9999987  .0015307  .0005208
T 1190  1 .1984259E+07   1000202E-02 -.4596E+01 -.4473E+01   .9999981 -.0014845 -.0012808
T 1191  1 .1989028E+07   1000184E-02  .1280E+01 -.5426E+01   .9999974 -.0022669 -.0002802
T 1192  1 .1990124E+07   1000021E-02  .3189E+01  .4810E+02   .9999602 -.0002504  .0089188
T 1193  1 .1986566E+07   1000207E-02  .1742E+01  .7703E+01   .9999989  .0011071  .0009965
T 1194  1 .1984072E+07   1000015E-02 -.1254E+01 -.1264E+01   .9999999  .0002732  .0002336
T 1195  1 .1981526E+07   1000095E-02 -.3262E+03  .8668E+02   .9965946 -.0807889  .0165038
T 1196  1 .1989860E+07   1000149E-02  .6960E+01  .1390E+02   .9999979  .0007578  .0019165
T 1197  1 .1989724E+07   1000130E-02 -.4374E+01 -.4210E+01   .9999960 -.0015241 -.0023618
T 1198  1 .1981344E+07   1000217E-02 -.3555E+01 -.4181E+01   .9999994  .0004140 -.0010085
T 1199  1 .1986044E+07   1000002E-02 -.9861E+01 -.5990E+01   .9999981 -.0013658 -.0013665
T 1200  1 .1986366E+07   1000032E-02 -.9195E+01 -.2124E+02   .9999859 -.0031776 -.0042596
T 1201  1 .1983555E+07   1000097E-02 -.2113E+01 -.5773E+01   .9999952  .0016535 -.0026149
T 1202  1 .1984369E+07   1000219E-02 -.1075E+02 -.9195E+01   .9999938 -.0034989 -.0002502
T 1203  1 .1982119E+07   1000074E-02 -.6287E+01 -.7164E+01   .9999891 -.0029237 -.0036432
T 1204  1 .1981815E+07   1000161E-02 -.1760E+02 -.2230E+02   .9999834 -.0032157 -.0047909
T 1205  1 .1985696E+07   1000039E-02  .9942E+01 -.6623E+01   .9999938  .0022589 -.0026918
T 1206  1 .1981348E+07   1000189E-02 -.4350E+01  .8035E+00   .9999997 -.0004281  .0006169
T 1207  1 .1991462E+07   1000092E-02  .3500E+00  .9091E+01   .9999992  .0012685 -.0002035
T 1208  1 .1984950E+07   1000190E-02  .6557E+01  .2079E+02   .9999964 -.0003960  .0026686
T 1209  1 .1985120E+07   1000183E-02 -.2162E+01 -.8882E+01   .9999970 -.0015790 -.0018460
T 1210  1 .1981541E+07   1000140E-02  .2169E+01 -.9453E+01   .9999978  .0009240 -.0018864
T 1211  1 .1982771E+07   1000003E-02 -.6136E+01  .9631E+01   .9999973 -.0018459  .0013873
T 1212  1 .1984785E+07   1000194E-02  .1369E+01  .4644E+01   .9999930  .0022816  .0029761
T 1213  1 .1981908E+07   1000103E-02  .1151E+01  .1578E+01   .9999977  .0010259  .0018790
T 1214  1 .1984072E+07   1000095E-02  .2459E+01  .3356E+01   .9999986  .0007097  .0015372
T 1215  1 .1990002E+07   1000154E-02  .7511E+01 -.5911E+01   .9999996 -.0008888 -.0002582
T 1216  1 .1982676E+07   1000111E-02  .9356E+01 -.5736E+01   .9999992  .0003795 -.0011751
T 1217  1 .1989186E+07   1000073E-02 -.1114E+01 -.2086E+01   .9999960  .0025956 -.0011238
T 1218  1 .1984960E+07   1000219E-02  .5760E+01 -.1161E+02   .9999988  .0005475 -.0014624
T 1219  1 .1985371E+07   1000219E-02  .2586E+01 -.5087E+01   .9999998 -.0001573 -.0006343
T 1220  1 .1985071E+07   1000170E-02 -.3575E+01 -.5231E+01   .9999984 -.0016413 -.0007567
T 1221  1 .1979749E+07   1000102E-02 -.5740E+01 -.8306E+01   .9999938 -.0016814 -.0030871
T 1222  1 .1986618E+07   1000088E-02  .8958E+01 -.9079E+01   .9999928  .0030662 -.0022319
T 1223  1 .1988175E+07   1000065E-02  .1045E+02  .4870E+01   .9999998  .0005684  .0003045
T 1224  1 .1988334E+07   1000128E-02  .5811E+01 -.7456E+01   .9999992  .0008978 -.0008916
T 1225  1 .1983981E+07   1000015E-02  .2771E+02 -.1122E+02   .9999868  .0044198 -.0026243
T 1226  1 .1983706E+07   1000177E-02  .6007E+01 -.2242E+01   .9999994  .0008679 -.0007043
T 1227  1 .1984918E+07   1000176E-02 -.2718E+02 -.2537E+01   .9999909 -.0041835 -.0007920
T 1228  1 .1986491E+07   1000044E-02  .2845E+00 -.9321E+00   .9999989 -.0004292 -.0013893
T 1229  1 .1989180E+07   1000160E-02  .2112E+02  .1228E+02   .9999675  .0074794  .0030212
T 1230  1 .1988815E+07   1000073E-02  .5071E+01 -.3562E+01   .9999983 -.0009748 -.0015779
T 1231  1 .1988065E+07   1000195E-02  .2793E+01  .6689E+01   .9999974  .0008717  .0021304
T 1232  1 .1980102E+07   1000109E-02 -.2055E+01 -.6385E+01   .9999997  .0006091  .0004745
T 1233  1 .1980066E+07   1000107E-02 -.6773E+01  .4027E-01   .9999978 -.0020890 -.0001110
T 1234  1 .1980117E+07   1000064E-02 -.2378E+02  .1761E+02   .9999759 -.0060225  .0034638
T 1235  1 .1991277E+07   1000129E-02  .2332E+02 -.2127E+02   .9999557  .0072563 -.0059882
T 1236  1 .1987026E+07   1000098E-02 -.9457E+00  .9842E+01   .9999962 -.0008396  .0026432
T 1237  1 .1985107E+07   1000056E-02 -.1345E+02  .2547E+01   .9999976 -.0021114 -.0006395
T 1238  1 .1979263E+07   1000156E-02  .9522E+01  .5392E+01   .9999904  .0039750  .0018624
T 1239  1 .1982535E+07   1000013E-02 -.4047E+00  .1167E+01   .9999995 -.0009939 -.0002602
T 1240  1 .1986933E+07   1000085E-02  .8746E+01 -.3552E+01   .9999973  .0021966 -.0007873
T 1241  1 .1988472E+07   1000190E-02 -.4185E+01 -.2127E+01   .9999998  .0005477 -.0001894
T 1242  1 .1980765E+07   1000080E-02  .6735E+01 -.3196E+01   .9999961  .0022050 -.0016928
T 1243  1 .1979855E+07   1000187E-02 -.1296E+02  .3188E+01   .9999978 -.0020243  .0005949
T 1244  1 .1986478E+07   1000227E-02 -.1611E+02  .1033E+01   .9999154 -.0125421  .0034618
T 1245  1 .1984329E+07   1000208E-02 -.4243E+00 -.3788E+02   .9999770  .0000525 -.0067814
T 1246  1 .1978523E+07   1000082E-02  .1332E+00 -.6855E+01   .9999948  .0026584 -.0018235
T 1247  1 .1987283E+07   1000062E-02  .8152E+00 -.3316E+01   .9999279  .0084695 -.0085139
T 1248  1 .1984978E+07   1000182E-02  .1378E+01  .1379E+02   .9999956 -.0001769  .0029685
T 1249  1 .1985051E+07   1000216E-02 -.7695E+01  .5239E+01   .9999993 -.0001197  .0011592
T 1250  1 .1984837E+07   1000163E-02 -.1455E+00 -.4293E+01   .9999976 -.0000400 -.0021960
T 1251  1 .1989635E+07   1000061E-02  .7633E+00 -.5866E+01   .9999995 -.0001024 -.0009695
T 1252  1 .1981566E+07   1000065E-02  .2285E+00 -.1494E+02   .9999969  .0002719 -.0024705
T 1253  1 .1987589E+07   1000164E-02  .3537E+01 -.4835E+01   .9999992  .0011630 -.0005184
T 1254  1 .1984619E+07   1000208E-02  .6806E+01 -.7744E+01   .9999995  .0003386 -.0009070
T 1255  1 .1988893E+07   1000155E-02  .1403E+02 -.1432E+01   .9999955  .0025868 -.0014970
T 1256  1 .1978685E+07   1000204E-02 -.7136E-01  .2389E+01   .9999972 -.0010258  .0021123
T 1257  1 .1985850E+07   1000139E-02 -.3672E+01  .3917E+00   .9999929  .0021764  .0030860
T 1258  1 .1982995E+07   1000159E-02  .5670E+00  .1642E+01   .9999999  .0003676 -.0003757
T 1259  1 .1982625E+07   1000031E-02 -.6192E+01 -.3154E+02   .9999793 -.0007919 -.0063931
T 1260  1 .1980638E+07   1000198E-02 -.9328E+01  .1049E+01   .9999977 -.0020801  .0004557
T 1261  1 .1982053E+07   1000008E-02 -.7979E+01 -.1348E+02   .9999855 -.0006388 -.0053394
T 1262  1 .1988560E+07   1000194E-02 -.8041E+01 -.9406E-01   .9999994 -.0009096  .0006756
T 1263  1 .1982901E+07   1000138E-02 -.2525E+01  .2315E+01   .9999972 -.0020733  .0011193
T 1264  1 .1987788E+07   1000077E-02 -.2436E+01 -.8585E+01   .9999953 -.0023564 -.0019391
T 1265  1 .1983704E+07   1000017E-02 -.1094E+01  .5389E+01   .9999955 -.0023945  .0017825
T 1266  1 .1986736E+07   1000101E-02  .8794E+02  .6654E+01   .9996322  .0269893  .0026594
T 1267  1 .1986041E+07   1000110E-02  .8282E+01  .3492E+01   .9999995  .0008292  .0004682
T 1268  1 .1987153E+07   1000168E-02  .9289E+01  .6397E+01   .9999982  .0018623 -.0004273
T 1269  1 .1987710E+07   1000118E-02 -.5726E+01  .7798E+01   .9999958  .0026828  .0011093
T 1270  1 .1983809E+07   1000213E-02 -.3845E+01 -.1184E+02   .9999900 -.0012764 -.0042756
T 1271  1 .1985182E+07   1000178E-02 -.5546E+01  .4971E+02   .9999762  .0001544  .0068909
T 1272  1 .1983601E+07   1000035E-02  .1090E+02 -.1246E+02   .9999966  .0010465 -.0023696
T 1273  1 .1983876E+07   1000116E-02  .4907E+01 -.1067E+01   .9999997  .0005544  .0006050
T 1274  1 .1988603E+07   1000226E-02 -.7912E+00  .3310E+01   .9999950 -.0009229  .0030244
T 1275  1 .1986891E+07   1000113E-02 -.6035E+01 -.1441E+02   .9999927 -.0006581 -.0037519
T 1276  1 .1986404E+07   1000153E-02  .3901E+00  .3727E+01   .9999993 -.0010871 -.0004709
T 1277  1 .1981868E+07   1000208E-02  .2617E+01 -.1739E+02   .9999995  .0009962 -.0002853
T 1278  1 .1983415E+07   1000150E-02 -.6445E+00  .1031E+02   .9999985  .0005777  .0016491
T 1279  1 .1987712E+07   1000067E-02 -.5350E+01 -.5466E+00   .9999993 -.0011169 -.0003957
T 1280  1 .1984358E+07   1000038E-02  .4706E+01 -.1555E+01   .9999963  .0027286  .0002263
T 1281  1 .1982501E+07   1000183E-02 -.8351E+01  .1314E+02   .9999887 -.0028977  .0037695
T 1282  1 .1984704E+07   1000209E-02  .2408E+02  .2162E+01   .9999684  .0078010  .0015268
T 1283  1 .1986708E+07   1000013E-02  .2066E+01 -.1420E+01   .9999998  .0002656 -.0006524
T 1284  1 .1986273E+07   1000002E-02 -.6474E+01  .4736E+01   .9999978 -.0011679  .0017181
T 1285  1 .1980445E+07   1000215E-02  .8883E+00 -.8677E+01   .9999990  .0011168 -.0009017
T 1286  1 .1980511E+07   1000213E-02 -.3047E+01 -.7246E+00   .9999979 -.0019806  .0004530
T 1287  1 .1987241E+07   1000096E-02 -.4151E+01  .2565E+01   .9999975  .0011436 -.0019386
T 1288  1 .1986841E+07   1000221E-02  .5124E+01  .9064E+00   .9999996 -.0007690  .0003343
T 1289  1 .1986316E+07   1000065E-02 -.1026E+01  .9656E+01   .9999951 -.0007178  .0030366
T 1290  1 .1978076E+07   1000152E-02 -.3891E+01  .3919E+01   .9999982 -.0003907  .0018549
T 1291  1 .1991459E+07   1000100E-02 -.9351E+01 -.1355E+01   .9999911 -.0039074 -.0015994
T 1292  1 .1987117E+07   1000088E-02 -.5123E+00  .1746E+01   .9999990 -.0005625  .0012746
T 1293  1 .1983493E+07   1000003E-02  .3711E+01  .4092E+01   .9999998 -.0005384 -.0002519
T 1294  1 .1980468E+07   1000107E-02 -.6259E+01 -.2428E+01   .9999928 -.0034455 -.0015847
T 1295  1 .1987882E+07   1000115E-02  .2896E+01  .9149E+01   .9999977 -.0001342  .0021613
T 1296  1 .1989517E+07   1000162E-02 -.1385E+01  .1266E+02   .9999889 -.0009500  .0046124
T 1297  1 .1987890E+07   1000079E-02 -.1490E+02  .2308E+02   .9999244 -.0040011  .0116238
T 1298  1 .1981971E+07   1000045E-02 -.5143E+01 -.6899E+01   .9999943 -.0022396 -.0025216
T 1299  1 .1984557E+07   1000093E-02  .1021E+02  .1053E+02   .9999878  .0018146  .0045942
T 1300  1 .1985485E+07   1000069E-02  .2652E+01 -.2953E+01   .9999998  .0004313 -.0004115
T 1301  1 .1982303E+07   1000161E-02  .1616E+02  .1363E+01   .9999699  .0058692 -.0050650
T 1302  1 .1984774E+07   1000190E-02 -.1896E+02  .1715E+01   .9999955 -.0030051  .0002282
T 1303  1 .1981018E+07   1000215E-02  .1930E+02 -.1780E+01   .9999633  .0085297  .0007615
T 1304  1 .1989067E+07   1000054E-02  .4461E+01  .9742E+01   .9999856  .0016996  .0050883
T 1305  1 .1984065E+07   1000058E-02  .2955E+02 -.3410E+02   .9998758  .0084341 -.0133163
T 1306  1 .1982283E+07   1000133E-02  .1066E+01 -.9258E+00   .9999993  .0010946  .0003487
T 1307  1 .1988328E+07   1000084E-02  .1153E+02 -.2093E+02   .9999863  .0028008 -.0044251
T 1308  1 .1986863E+07   1000125E-02 -.2688E+02 -.2043E+02   .9999932 -.0031197 -.0019514
T 1309  1 .1985699E+07   1000186E-02 -.2675E+01  .2802E+00   .9999971 -.0021952  .0010326
T 1310  1 .1986986E+07   1000145E-02 -.1437E+01 -.2119E+01   .9999994 -.0001840 -.0010777
T 1311  1 .1979316E+07   1000070E-02 -.6101E+01  .3613E+01   .9999931 -.0015744  .0033536
T 1312  1 .1981859E+07   1000138E-02  .3345E+01  .1104E+02   .9999742  .0035143  .0062708
T 1313  1 .1983980E+07   1000001E-02  .4483E+01  .1118E+02   .9999988 -.0003361 -.0015362
T 1314  1 .1983061E+07   1000154E-02 -.9199E+01  .1264E+01   .9999991 -.0012314 -.0005407
T 1315  1 .1985666E+07   1000127E-02  .3420E+01 -.7884E+01   .9999936  .0007728 -.0035047
T 1316  1 .1987500E+07   1000125E-02 -.9735E+00 -.1754E+01   .9999993 -.0006408 -.0010216
T 1317  1 .1983376E+07   1000021E-02 -.5228E+01  .3298E+01   .9999957 -.0027800  .0008809
T 1318  1 .1984847E+07   1000115E-02  .1096E+02 -.4774E+01   .9999997  .0008119 -.0001470
T 1319  1 .1987236E+07   1000217E-02  .1677E+02  .2133E+01   .9999927  .0036946 -.0009500
T 1320  1 .1983923E+07   1000136E-02 -.3001E+02 -.1782E+02   .9999259 -.0098244 -.0071900
T 1321  1 .1987408E+07   1000208E-02  .6970E+01  .1062E+02   .9999982  .0016009  .0010120
T 1322  1 .1987472E+07   1000224E-02  .1151E+02  .3365E+01   .9999954  .0029773  .0005362
T 1323  1 .1985301E+07   1000049E-02 -.2143E+01  .1201E+02   .9999975 -.0012754  .0018609
T 1324  1 .1985616E+07   1000198E-02 -.6435E+01 -.2136E+02   .9999920 -.0016890 -.0036334
T 1325  1 .1985908E+07   1000107E-02 -.5152E+01  .3514E+01   .9999998 -.0004347  .0004478
T 1326  1 .1984762E+07   1000064E-02 -.9435E+02 -.2127E+02   .9967973 -.0783768 -.0158795
T 1327  1 .1990000E+07   1000177E-02  .1557E+01 -.1905E-01   .9999980  .0005920 -.0019258
T 1328  1 .1982087E+07   1000203E-02  .2363E+01 -.3344E+01   .9999983  .0016816 -.0007971
T 1329  1 .1981986E+07   1000083E-02  .7238E+00 -.2373E+01   .9999999 -.0000602  .0004729
T 1330  1 .1983247E+07   1000105E-02  .1204E+01 -.8019E+01   .9999518  .0001351 -.0098178
T 1331  1 .1985198E+07   1000109E-02  .2015E+02 -.6897E+01   .9999903  .0042521 -.0011676
T 1332  1 .1987409E+07   1000162E-02  .9458E+01  .5677E+01   .9999981  .0017664 -.0007778
T 1333  1 .1986650E+07   1000073E-02  .5747E+00  .1241E+01   .9999994  .0002606  .0010874
T 1334  1 .1983196E+07   1000214E-02 -.1568E+01 -.5111E+00   .9999954 -.0021713 -.0021332
T 1335  1 .1984400E+07   1000163E-02 -.1444E+01 -.4495E+01   .9999997 -.0006561 -.0004264
T 1336  1 .1980481E+07   1000211E-02 -.3326E+01  .8710E+00   .9999978 -.0020903  .0002971
T 1337  1 .1987774E+07   1000193E-02  .5607E+00  .3527E+00   .9999993 -.0006199  .0010027
T 1338  1 .1982728E+07   1000020E-02  .1094E+01  .2464E+01   .9999999 -.0002070 -.0004022
T 1339  1 .1988862E+07   1000155E-02 -.6803E+00  .1004E+01   .9999999  .0004282  .0001841
T 1340  1 .1984726E+07   1000168E-02 -.1366E+01  .3082E+01   .9999994  .0010539 -.0002239
T 1341  1 .1985608E+07   1000201E-02 -.3164E+00 -.1323E+02   .9999974 -.0000825 -.0022705
T 1342  1 .1993222E+07   1000031E-02  .1782E+02  .1701E+02   .9999941  .0014132  .0031451
T 1343  1 .1987354E+07   1000141E-02 -.2013E+00  .1304E+01   .9999996 -.0005551 -.0006845
T 1344  1 .1987216E+07   1000182E-02 -.6658E+01  .8395E+01   .9999928 -.0033298  .0018206
T 1345  1 .1978600E+07   1000152E-02 -.1647E+01  .1220E+02   .9999977  .0008106  .0019728
T 1346  1 .1980438E+07   1000128E-02 -.9581E+01  .2939E+01   .9999999  .0000581  .0001341
T 1347  1 .1984434E+07   1000172E-02 -.5861E+01 -.4885E+01   .9999983 -.0013350 -.0012530
T 1348  1 .1983114E+07   1000156E-02  .7499E+01 -.1632E+02   .9999996  .0002561 -.0008641
T 1349  1 .1982839E+07   1000062E-02  .1291E+01  .7051E+00   .9999927 -.0028318 -.0025511
T 1350  1 .1982853E+07   1000184E-02 -.5959E+01 -.4196E+01   .9999975 -.0009911  .0020176
T 1351  1 .1983911E+07   1000009E-02 -.1193E+02 -.7215E+01   .9999978 -.0020753 -.0003847
T 1352  1 .1985543E+07   1000105E-02  .4523E+01 -.1216E+02   .9999961  .0013725 -.0024442
T 1353  1 .1985206E+07   1000000E-02 -.3703E+01 -.1439E+02   .9999941 -.0007073 -.0033602
T 1354  1 .1977381E+07   1000180E-02 -.2954E+01 -.8234E+00   .9999972 -.0023494 -.0000465
T 1355  1 .1982983E+07   1000023E-02  .4527E+01  .1165E+02   .9999986  .0008731  .0014354
T 1356  1 .1983002E+07   1000005E-02  .3497E+01  .4229E+02   .9999870  .0006039  .0050627
T 1357  1 .1987500E+07   1000207E-02  .1196E+02 -.1237E+02   .9999957  .0026053 -.0013715
T 1358  1 .1981748E+07   1000122E-02 -.5400E+02  .4103E+02   .9999471 -.0077099  .0068083
T 1359  1 .1980372E+07   1000127E-02  .5717E+01  .3714E+01   .9999998  .0005150  .0001888
T 1360  1 .1989273E+07   1000223E-02  .1224E+02  .6189E+01   .9999946  .0029718  .0014025
T 1361  1 .1982832E+07   1000161E-02 -.1475E+01 -.6462E+01   .9999982 -.0004049 -.0018674
T 1362  1 .1981321E+07   1000208E-02  .2789E+02  .8807E+01   .9999779  .0056399  .0035326
T 1363  1 .1982953E+07   1000205E-02 -.5820E+00 -.2239E+01   .9999980 -.0009778 -.0017239
T 1364  1 .1990024E+07   1000130E-02  .2220E+01  .9382E+01   .9999996  .0003286  .0007951
T 1365  1 .1988997E+07   1000075E-02  .4308E+01  .4812E+01   .9999690  .0002055  .0078686
T 1366  1 .1982319E+07   1000127E-02  .1018E+02  .3820E+01   .9999947  .0010887  .0030609
T 1367  1 .1986080E+07   1000216E-02  .8315E+01 -.1164E+00   .9998520 -.0015941  .0171278
T 1368  1 .1984562E+07   1000161E-02 -.4110E+01 -.1445E+02   .9999986 -.0004191 -.0016495
T 1369  1 .1986867E+07   1000124E-02  .1523E+02 -.1156E+02   .9999934  .0033924 -.0012709
T 1370  1 .1984869E+07   1000082E-02 -.7711E+00 -.2320E+01   .9999991 -.0001956 -.0013170
T 1371  1 .1986302E+07   1000007E-02  .2499E+02 -.5464E+01   .9999969  .0021342  .0012602
T 1372  1 .1978067E+07   1000088E-02 -.3848E+01  .1864E+01   .9999992 -.0002546 -.0012072
T 1373  1 .1983219E+07   1000093E-02 -.8736E+01  .1442E+02   .9999928 -.0032360  .0019907
T 1374  1 .1986444E+07   1000014E-02 -.1894E+01 -.4031E+02   .9999931 -.0001338 -.0037015
T 1375  1 .1983772E+07   1000026E-02 -.1121E+02 -.1247E+02   .9999985 -.0017223  .0001644
T 1376  1 .1985932E+07   1000113E-02 -.1096E+02 -.1022E+02   .9999895 -.0019544 -.0041524
T 1377  1 .1985333E+07   1000027E-02  .4067E+00  .5223E+00   .9999993 -.0010731  .0005418
T 1378  1 .1988242E+07   1000205E-02  .7166E+01 -.8651E+00   .9999987  .0008087  .0014049
T 1379  1 .1987981E+07   1000090E-02 -.3107E+00 -.1031E+01   .9999998  .0001279 -.0006264
T 1380  1 .1985623E+07   1000193E-02  .4225E+01  .2171E+01   .9999981  .0019140  .0003988
T 1381  1 .1981274E+07   1000104E-02  .1269E+02  .3439E+01   .9999930  .0036630  .0007394
T 1382  1 .1988315E+07   1000217E-02  .4105E+01 -.1334E+02   .9999928  .0008714 -.0036802
T 1383  1 .1986785E+07   1000191E-02 -.1244E+02 -.1670E+02   .9999913 -.0022436 -.0035189
T 1384  1 .1987173E+07   1000005E-02  .4385E+01  .8652E+00   .9999618 -.0049440 -.0072105
T 1385  1 .1980312E+07   1000165E-02  .1338E+02  .6496E+00   .9999991  .0011383 -.0006818
T 1386  1 .1987838E+07   1000095E-02 -.1402E+01  .1655E+01   .9999991 -.0013020 -.0003019
T 1387  1 .1989667E+07   1000157E-02  .7107E+01  .1165E+02   .9999928  .0016624  .0034005
T 1388  1 .1981335E+07   1000185E-02  .4709E+00  .7071E+00   .9999975 -.0005973  .0021704
T 1389  1 .1987672E+07   1000206E-02 -.1061E+01 -.1270E+00   .9999988 -.0002131 -.0015482
T 1390  1 .1980591E+07   1000131E-02 -.5288E+01  .3560E+01   .9999989 -.0014064  .0004291
T 1391  1 .1985528E+07   1000165E-02  .1295E+00 -.6821E+00   .9999999  .0002816 -.0001817
T 1392  1 .1985773E+07   1000152E-02 -.2754E+01 -.2731E+01   .9999994 -.0006991 -.0008479
T 1393  1 .1982012E+07   1000215E-02  .7815E+01 -.3885E+01   .9999986  .0013729 -.0009112
T 1394  1 .1986095E+07   1000211E-02  .5163E+01 -.6275E+01   .9999997 -.0002206 -.0006843
T 1395  1 .1984005E+07   1000110E-02  .1949E+02  .2856E+01   .9999967  .0025490 -.0001184
T 1396  1 .1989067E+07   1000151E-02 -.1400E+02 -.2179E+01   .9999966 -.0025819 -.0002650
T 1397  1 .1985574E+07   1000115E-02  .8000E+01  .1170E+00   .9999999  .0001288 -.0003745
T 1398  1 .1987187E+07   1000221E-02 -.1705E+01 -.3408E+01   .9999994 -.0002091 -.0011154
T 1399  1 .1983759E+07   1000103E-02 -.3167E+01 -.9151E+00   .9999997 -.0007177 -.0002760
T 1400  1 .1983696E+07   1000055E-02  .1677E+00  .1897E+01   .9999983  .0017431  .0006611
T 1401  1 .1979947E+07   1000003E-02  .4033E+01 -.7142E+01   .9999945  .0016835 -.0028551
T 1402  1 .1987649E+07   1000061E-02  .5149E+01  .6540E+00   .9999999  .0000429 -.0001695
T 1403  1 .1980860E+07   1000161E-02  .2884E+02  .3766E+02   .9999570  .0051817  .0076950
T 1404  1 .1988176E+07   1000178E-02  .1216E+02 -.7975E+01   .9999965  .0024068 -.0010614
T 1405  1 .1986954E+07   1000183E-02 -.3161E+01  .5191E+01   .9999973 -.0019982  .0011624
T 1406  1 .1992110E+07   1000184E-02 -.7829E+01 -.1967E+02   .9999939 -.0009852 -.0033571
T 1407  1 .1984897E+07   1000052E-02 -.1060E+02  .7374E+00   .9999747 -.0069047 -.0017386
T 1408  1 .1988031E+07   1000092E-02  .1227E+02  .1059E+02   .9999969  .0024270  .0006250
T 1409  1 .1984043E+07   1000028E-02 -.2970E+01  .4866E+01   .9999996  .0005683  .0007315
T 1410  1 .1986407E+07   1000114E-02 -.6957E+01  .9009E+01   .9999993  .0003580 -.0011127
T 1411  1 .1988379E+07   1000016E-02 -.5558E+01  .1527E+02   .9999983 -.0013683  .0012183
T 1412  1 .1984927E+07   1000151E-02 -.1121E+02  .2465E+02   .9999375 -.0043661  .0102925
T 1413  1 .1975813E+07   1000103E-02 -.9673E+01 -.1187E+02   .9999966 -.0020918 -.0015579
T 1414  1 .1985647E+07   1000173E-02 -.6909E+01 -.5555E+01   .9999985 -.0013332 -.0010903
T 1415  1 .1984767E+07   1000192E-02  .1229E+02 -.1300E+02   .9999933  .0020063 -.0030571
T 1416  1 .1984304E+07   1000013E-02 -.2499E+02  .3203E+01   .9999899 -.0041305  .0017677
T 1417  1 .1980720E+07   1000028E-02 -.3505E+01 -.1202E+02   .9999984 -.0007955 -.0015716
T 1418  1 .1989774E+07   1000118E-02 -.9446E+00  .4188E+01   .9999984 -.0005708  .0016938
T 1419  1 .1984940E+07   1000224E-02 -.2971E+01  .6562E+01   .9999977 -.0008185  .0019922
T 1420  1 .1987344E+07   1000187E-02  .5173E+01  .1887E+01   .9999958  .0028812  .0002660
T 1421  1 .1980684E+07   1000020E-02 -.1217E+01  .2915E+01   .9999999 -.0001027 -.0003001
T 1422  1 .1986036E+07   1000165E-02  .5987E+01  .2832E+01   .9999995  .0005243  .0008509
T 1423  1 .1989890E+07   1000107E-02 -.9199E+01 -.7397E+01   .9999955 -.0028203 -.0009790
T 1424  1 .1982066E+07   1000051E-02  .1243E+02 -.1940E+02   .9999902  .0021888 -.0038534
T 1425  1 .1981077E+07   1000064E-02  .1700E+02 -.3816E+02   .9999863  .0023674 -.0046727
T 1426  1 .1988649E+07   1000216E-02 -.4475E+01  .1409E+02   .9999961 -.0000085  .0027773
T 1427  1 .1983885E+07   1000162E-02 -.1314E+02 -.2738E+01   .9999974 -.0014667  .0017579
T 1428  1 .1988352E+07   1000116E-02  .1738E-01 -.6121E+00   .9999999  .0001820 -.0003207
T 1429  1 .1987524E+07   1000049E-02  .1623E+02  .1816E+01   .9999894  .0041988  .0019157
T 1430  1 .1983630E+07   1000008E-02  .6341E+00 -.1911E+01   .9999991 -.0008478 -.0010825
T 1431  1 .1990294E+07   1000021E-02  .2105E+02  .1269E+02   .9999808  .0045483  .0042051
T 1432  1 .1984974E+07   1000224E-02 -.3314E+01  .3611E+01   .9999999  .0002113  .0003980
T 1433  1 .1986744E+07   1000183E-02 -.2158E+02 -.9807E+01   .9999918 -.0036267 -.0017755
T 1434  1 .1977037E+07   1000144E-02  .2309E+02  .6949E+01   .9999890  .0038913  .0026353
T 1435  1 .1983832E+07   1000020E-02 -.2330E+01 -.1839E+01   .9999997 -.0000908 -.0007450
T 1436  1 .1988112E+07   1000211E-02  .6181E+01  .1255E+02   .9999965  .0014848  .0022075
T 1437  1 .1987750E+07   1000109E-02 -.5894E+01  .9257E-01   .9999968 -.0025056 -.0001612
T 1438  1 .1985336E+07   1000136E-02 -.1373E+01 -.9395E+00   .9999999 -.0002502 -.0001760
T 1439  1 .1985173E+07   1000158E-02  .2164E+01 -.1249E+02   .9999982  .0004424 -.0018333
T 1440  1 .1986961E+07   1000227E-02 -.2028E+01  .5093E+01   .9999947 -.0011110  .0030749
T 1441  1 .1985439E+07   1000161E-02 -.2739E+01 -.7339E+01   .9999950 -.0000412 -.0031758
T 1442  1 .1985458E+07   1000186E-02  .1575E+01 -.2236E+01   .9999989  .0007683 -.0012341
T 1443  1 .1984904E+07   1000175E-02  .2810E+01 -.5397E+01   .9999973 -.0018458 -.0014006
T 1444  1 .1986872E+07   1000058E-02  .7317E+00  .2581E+00   .9999985  .0016981  .0002791
T 1445  1 .1986910E+07   1000113E-02 -.1919E+02  .4801E+01   .9999910 -.0039384  .0016016
T 1446  1 .1982290E+07   1000175E-02  .5079E+01 -.1035E+02   .9999933  .0027405 -.0024078
T 1447  1 .1988908E+07   1000189E-02 -.8867E+01  .4254E+01   .9999988 -.0015169  .0001532
T 1448  1 .1986632E+07   1000209E-02  .9956E+01 -.8089E+01   .9999960  .0025981  .0011516
T 1449  1 .1986399E+07   1000147E-02  .1990E+00 -.1536E+00   .9999923 -.0012805 -.0037226
T 1450  1 .1988178E+07   1000130E-02 -.7584E+01 -.5435E+01   .9999984 -.0009642 -.0015089
T 1451  1 .1985593E+07   1000092E-02  .4553E+01  .4335E+00   .9998865  .0067755 -.0134540
T 1452  1 .1982668E+07   1000224E-02 -.1551E+02  .1891E+02   .9998078 -.0136545  .0140649
T 1453  1 .1987506E+07   1000121E-02 -.5681E-01  .3262E+00   .9999978 -.0020008  .0005984
T 1454  1 .1990016E+07   1000091E-02  .1054E+02 -.2853E+02   .9999967 -.0005049 -.0025100
T 1455  1 .1984360E+07   1000143E-02  .3742E+01 -.1531E+00   .9999980  .0012857  .0015343
T 1456  1 .1988495E+07   1000199E-02 -.6168E+02 -.6441E+02   .9998809 -.0125501 -.0089830
T 1457  1 .1981597E+07   1000167E-02 -.2816E+01  .2256E+01   .9999987 -.0011026  .0011819
T 1458  1 .1985190E+07   1000156E-02 -.2823E+02  .7192E+01   .9999917 -.0040315  .0005349
T 1459  1 .1985672E+07   1000165E-02  .6812E+01  .3826E+01   .9999992  .0010492 -.0006660
T 1460  1 .1986833E+07   1000161E-02 -.3447E+01 -.2395E+01   .9999971 -.0013620 -.0019697
T 1461  1 .1982936E+07   1000098E-02  .4723E+01 -.2905E+01   .9999994  .0009853  .0004761
T 1462  1 .1989898E+07   1000191E-02  .4485E+02 -.3579E+02   .9999646  .0065708 -.0052545
T 1463  1 .1985731E+07   1000085E-02  .1704E+01 -.4884E+01   .9999985 -.0016636  .0005703
T 1464  1 .1988905E+07   1000044E-02  .3442E+02  .2506E+02   .9999558  .0083618  .0043004
T 1465  1 .1983120E+07   1000175E-02 -.8051E+02  .1687E+02   .9999587 -.0086628  .0027597
T 1466  1 .1981909E+07   1000157E-02 -.7078E+00 -.8246E+00   .9999998 -.0004712  .0003130
T 1467  1 .1986298E+07   1000024E-02  .9822E+00  .2490E+01   .9999998 -.0006211 -.0003307
T 1468  1 .1989403E+07   1000103E-02  .1322E+02 -.3337E+01   .9999991  .0008771 -.0009835
T 1469  1 .1983051E+07   1000001E-02 -.1855E+00 -.8887E+00   .9999990  .0013235 -.0005765
T 1470  1 .1983963E+07   1000003E-02  .1099E+02 -.3649E+02   .9999847  .0020009 -.0051557
T 1471  1 .1982925E+07   1000142E-02  .1296E+01  .1997E+01   .9999994  .0004409  .0010118
T 1472  1 .1981346E+07   1000189E-02 -.1338E+02 -.1407E+02   .9999902 -.0025345 -.0036403
T 1473  1 .1983658E+07   1000078E-02  .4867E+01 -.2398E+02   .9999737  .0008162 -.0072064
T 1474  1 .1981720E+07   1000071E-02  .2756E+01 -.5841E+01   .9999993 -.0011218  .0003266
T 1475  1 .1982654E+07   1000183E-02 -.1602E+01  .2364E+01   .9999998  .0003558  .0004428
T 1476  1 .1981999E+07   1000213E-02  .8318E+01  .1126E+01   .9999987  .0015967  .0000790
T 1477  1 .1986488E+07   1000037E-02  .4543E+02  .8482E+01   .9999737  .0070155  .0018440
T 1478  1 .1984145E+07   1000213E-02 -.8518E+01 -.9819E+00   .9999882 -.0042737 -.0023050
T 1479  1 .1982159E+07   1000192E-02 -.7964E+01  .9104E+01   .9999949 -.0021251  .0023665
T 1480  1 .1985157E+07   1000217E-02 -.5621E+00 -.1933E+01   .9999956 -.0010888 -.0027667
T 1481  1 .1980976E+07   1000002E-02 -.1548E+01 -.5608E+00   .9999982  .0018744 -.0003087
T 1482  1 .1981048E+07   1000184E-02  .9995E+00 -.1553E+01   .9999987  .0016055  .0001321
T 1483  1 .1986530E+07   1000058E-02  .1885E+02 -.3079E+01   .9999849  .0054784 -.0004136
T 1484  1 .1987677E+07   1000114E-02  .9869E+01  .2500E+01   .9999979  .0020142  .0004170
T 1485  1 .1986560E+07   1000146E-02  .6441E+02 -.1746E+02   .9990875  .0420031 -.0077346
T 1486  1 .1984057E+07   1000184E-02 -.7373E+00 -.6194E+01   .9999996  .0001460 -.0008526
T 1487  1 .1985135E+07   1000014E-02  .6007E+01  .1367E+01   .9999993  .0002249  .0011638
T 1488  1 .1984182E+07   1000007E-02  .1157E+02 -.1372E+02   .9999966  .0007980 -.0024808
T 1489  1 .1982668E+07   1000192E-02 -.4961E+01  .6878E+01   .9999967 -.0001554  .0025485
T 1490  1 .1986137E+07   1000068E-02 -.1134E+02 -.5368E+01   .9999984 -.0017887  .0001889
T 1491  1 .1981861E+07   1000170E-02  .1735E+03  .1341E+03   .9994452  .0263163  .0204160
T 1492  1 .1983407E+07   1000005E-02 -.1242E+02  .1200E+02   .9999957 -.0027653  .0010139
T 1493  1 .1986637E+07   1000135E-02 -.2151E+01  .4956E+01   .9999988  .0002139 -.0015137
T 1494  1 .1980478E+07   1000224E-02 -.4804E+02  .2263E+02   .9999279 -.0115914  .0031427
T 1495  1 .1986554E+07   1000097E-02 -.1205E+01 -.8788E+00   .9999980 -.0006691 -.0018879
T 1496  1 .1981869E+07   1000143E-02 -.2485E+01  .7316E+00   .9999988 -.0008128  .0013382
T 1497  1 .1986593E+07   1000020E-02  .2886E+01  .8642E+01   .9999898 -.0001843  .0045227
T 1498  1 .1989108E+07   1000123E-02 -.9018E+00 -.1970E+01   .9999999 -.0001295 -.0004266
T 1499  1 .1980927E+07   1000001E-02 -.2293E+01  .2284E+01   .9999971 -.0007113  .0023089
T 1500  1 .1984505E+07   1000218E-02 -.9367E+01  .5293E+00   .9999968 -.0022453 -.0011716
T 1501  1 .1984363E+07   1000130E-02 -.1295E+02  .5643E+01   .9999920 -.0035818  .0017908
T 1502  1 .1983095E+07   1000014E-02 -.8330E+01 -.1491E+02   .9999879 -.0012781 -.0047427
T 1503  1 .1986189E+07   1000052E-02 -.8935E-02 -.6255E+01   .9999984  .0008553 -.0015670
T 1504  1 .1986327E+07   1000177E-02 -.2465E+00 -.1427E+01   .9999977 -.0001515 -.0021435
T 1505  1 .1986895E+07   1000150E-02 -.6609E+01  .2141E+02   .9999951  .0007191  .0030324
T 1506  1 .1984454E+07   1000197E-02  .1021E+02  .3302E+01   .9999973  .0022092 -.0006535
T 1507  1 .1990199E+07   1000042E-02 -.1402E+01  .5049E+01   .9999990 -.0003307  .0013859
T 1508  1 .1983323E+07   1000200E-02 -.6775E+01 -.8035E+01   .9999978 -.0020663  .0003568
T 1509  1 .1984978E+07   1000215E-02  .3493E+01 -.5641E+01   .9999999  .0000185  .0000554
T 1510  1 .1985161E+07   1000103E-02 -.2812E+01  .2507E+01   .9999984 -.0012921  .0012538
T 1511  1 .1982345E+07   1000104E-02 -.8110E+00 -.1368E+02   .9999976 -.0018016 -.0012119
T 1512  1 .1988606E+07   1000222E-02 -.7701E+01  .3315E+01   .9999998 -.0002686  .0006332
T 1513  1 .1983373E+07   1000185E-02  .2987E+01 -.1435E+01   .9999974  .0020259 -.0010372
T 1514  1 .1985104E+07   1000094E-02 -.7264E+00 -.1132E+02   .9999977  .0021107  .0004635
T 1515  1 .1989781E+07   1000201E-02 -.2296E+02  .9161E+01   .9999984 -.0012552  .0012379
T 1516  1 .1984361E+07   1000126E-02 -.1317E+01  .1593E+02   .9999962  .0011366  .0025142
T 1517  1 .1980789E+07   1000077E-02 -.9613E+01 -.3531E+01   .9999950 -.0026570  .0017414
T 1518  1 .1982268E+07   1000077E-02  .3902E+01 -.6384E+01   .9999992  .0005444 -.0011502
T 1519  1 .1981827E+07   1000174E-02  .4956E+01 -.1521E+01   .9999998  .0006020  .0001371
T 1520  1 .1980659E+07   1000155E-02 -.4542E+01 -.9221E+01   .9999922 -.0016788 -.0035719
T 1521  1 .1981192E+07   1000202E-02  .2682E+01 -.6528E+01   .9999981  .0006342 -.0018562
T 1522  1 .1978750E+07   1000136E-02  .3209E+01  .1618E+01   .9999993  .0002686  .0011835
T 1523  1 .1989328E+07   1000092E-02 -.8304E+01  .1074E+02   .9999974 -.0018990  .0012708
T 1524  1 .1982136E+07   1000194E-02 -.1782E+02 -.1352E+02   .9999884 -.0031553 -.0036314
T 1525  1 .1985270E+07   1000028E-02  .1217E+02  .2142E+02   .9999880  .0044934  .0019388
T 1526  1 .1985016E+07   1000131E-02 -.7351E+01 -.1981E+01   .9999997 -.0000106  .0008335
T 1527  1 .1980725E+07   1000092E-02 -.2920E+01  .1098E+02   .9999980  .0004736  .0019573
T 1528  1 .1984069E+07   1000109E-02 -.9203E+00 -.1072E+02   .9999958 -.0002128 -.0028978
T 1529  1 .1987841E+07   1000195E-02 -.6637E+01  .6544E+01   .9999966 -.0022825  .0012599
T 1530  1 .1982327E+07   1000210E-02 -.5155E+01  .1859E+02   .9999963  .0000193  .0027328
T 1531  1 .1980819E+07   1000115E-02 -.3297E+01 -.3757E+01   .9999994 -.0001973 -.0010825
T 1532  1 .1985328E+07   1000091E-02 -.5849E+01  .3279E+01   .9999978 -.0019194  .0008250
T 1533  1 .1990720E+07   1000125E-02  .4261E+01  .2344E+00   .9999994  .0010891  .0001450
T 1534  1 .1988757E+07   1000050E-02  .1514E+01  .9466E+01   .9999970  .0006318  .0023767
T 1535  1 .1987383E+07   1000219E-02  .3910E+02 -.2863E+02   .9999865  .0030958 -.0041615
T 1536  1 .1980980E+07   1000144E-02  .3361E+01  .3491E+01   .9998546  .0075041 -.0153098
T 1537  1 .1984371E+07   1000152E-02  .2349E+02  .1721E+02   .9999981  .0012253  .0014841
T 1538  1 .1982130E+07   1000142E-02 -.9147E+01  .1905E+01   .9999969 -.0022381  .0010642
T 1539  1 .1976974E+07   1000010E-02 -.8817E+01 -.2554E+01   .9999973  .0008012 -.0021710
T 1540  1 .1983180E+07   1000122E-02  .1429E+02  .4740E+01   .9999971  .0018852  .0014970
T 1541  1 .1986790E+07   1000206E-02 -.7830E+00  .3819E+01   .9999991  .0013543 -.0000529
T 1542  1 .1983986E+07   1000000E-02  .6461E+01  .8896E+01   .9999947  .0007118  .0031838
T 1543  1 .1979942E+07   1000033E-02  .3053E+01 -.8664E+00   .9999961 -.0003519 -.0027687
T 1544  1 .1983274E+07   1000121E-02  .5503E+01  .3542E+01   .9999975  .0012208  .0018607
T 1545  1 .1988212E+07   1000004E-02  .1224E+01  .1687E+02   .9999866  .0009647  .0050847
T 1546  1 .1982908E+07   1000095E-02  .1810E+02  .1955E+01   .9999890  .0046287  .0007623
T 1547  1 .1987463E+07   1000160E-02  .5392E+01  .1590E+01   .9999932  .0033029  .0016379
T 1548  1 .1981839E+07   1000160E-02 -.5126E+00 -.5591E+01   .9999969  .0002505 -.0024822
T 1549  1 .1986910E+07   1000218E-02  .1071E+02  .1224E+02   .9999940  .0024571  .0024449
T 1550  1 .1988433E+07   1000128E-02 -.7938E+00 -.3709E+00   .9999993  .0009333 -.0007022
T 1551  1 .1983973E+07   1000177E-02 -.2169E+00 -.1053E+01   .9999999 -.0000045 -.0001247
T 1552  1 .1979454E+07   1000000E-02  .9696E+01 -.1406E+02   .9999911  .0015890 -.0039012
T 1553  1 .1984001E+07   1000132E-02 -.1074E+00  .1015E+02   .9999950 -.0012109  .0029265
T 1554  1 .1988574E+07   1000177E-02  .3752E+01 -.2712E+00   .9999976  .0012327 -.0018080
T 1555  1 .1988491E+07   1000221E-02 -.1996E+01  .7789E+01   .9999988 -.0010999  .0011040
T 1556  1 .1983985E+07   1000198E-02  .1760E+02  .5831E+01   .9999977  .0021325 -.0000443
T 1557  1 .1984821E+07   1000202E-02 -.9971E+02 -.3615E+02   .9999257 -.0117533 -.0032188
T 1558  1 .1979826E+07   1000110E-02 -.1871E+01 -.1493E+02   .9999989 -.0012157 -.0008083
T 1559  1 .1984062E+07   1000109E-02 -.1560E+01 -.1046E+02   .9999996  .0007213 -.0005160
T 1560  1 .1985317E+07   1000119E-02  .1509E+01  .5783E+01   .9999995 -.0003701  .0009402
T 1561  1 .1988016E+07   1000129E-02  .6495E+01  .4608E+01   .9999999 -.0002720 -.0003131
T 1562  1 .1987958E+07   1000142E-02 -.1497E+02 -.9998E+01   .9999949 -.0022708 -.0022620
T 1563  1 .1983803E+07   1000061E-02 -.9942E+01 -.1961E+02   .9999980 -.0010993 -.0016916
T 1564  1 .1980266E+07   1000028E-02  .7604E+01  .3397E+01   .9999959  .0023831  .0016187
T 1565  1 .1984071E+07   1000173E-02 -.4330E+01 -.1983E+01   .9999979 -.0019984  .0003937
T 1566  1 .1986619E+07   1000202E-02  .3334E+01 -.4127E+00   .9999997  .0007146  .0001184
T 1567  1 .1986104E+07   1000136E-02 -.1260E+01  .6992E+01   .9999989 -.0005948  .0013293
T 1568  1 .1985873E+07   1000167E-02  .9423E+01  .1744E+02   .9999970  .0008673  .0022737
T 1569  1 .1989935E+07   1000157E-02 -.1764E+01  .1573E+01   .9999988  .0001025  .0015178
T 1570  1 .1990888E+07   1000089E-02 -.1204E+02 -.9787E+01   .9999847 -.0051730 -.0019737
T 1571  1 .1985448E+07   1000058E-02  .1381E+02  .4603E+02   .9999654  .0011608  .0082323
T 1572  1 .1981531E+07   1000221E-02 -.1405E+00 -.1146E+02   .9999959  .0004776 -.0028090
T 1573  1 .1987470E+07   1000060E-02 -.9042E+02  .1935E+02   .9999524 -.0097512 -.0002056
T 1574  1 .1979568E+07   1000000E-02 -.1543E+02  .5975E+01   .9999964 -.0021863  .0015490
T 1575  1 .1983277E+07   1000176E-02 -.8400E+01 -.5613E+01   .9999969 -.0018305 -.0016640
T 1576  1 .1983940E+07   1000176E-02  .7586E-01 -.1877E+01   .9999999 -.0003479 -.0003474
T 1577  1 .1987587E+07   1000038E-02  .7856E+00 -.1510E+01   .9999998  .0003353 -.0004693
T 1578  1 .1985462E+07   1000179E-02  .7945E+01 -.4623E+01   .9999997  .0006341 -.0003836
T 1579  1 .1983239E+07   1000169E-02 -.3987E+01 -.1685E+01   .9999976 -.0010913 -.0019071
T 1580  1 .1982527E+07   1000060E-02  .5893E+00  .8423E+00   .9999974  .0016786 -.0015459
T 1581  1 .1980436E+07   1000001E-02  .4817E+01  .4919E+01   .9999869  .0028414  .0042565
T 1582  1 .1982575E+07   1000174E-02  .1012E+02  .2077E+02   .9999951  .0018386  .0025168
T 1583  1 .1989323E+07   1000165E-02  .1897E+01  .1102E+02   .9999965  .0004832  .0026119
T 1584  1 .1980482E+07   1000126E-02  .1799E+02  .2065E+02   .9999945  .0031026  .0011372
T 1585  1 .1984149E+07   1000193E-02 -.3073E+01  .1413E+02   .9999984 -.0006662  .0016784
T 1586  1 .1988447E+07   1000062E-02 -.7909E+01 -.1005E+02   .9999990 -.0006799 -.0012656
T 1587  1 .1982800E+07   1000132E-02 -.2228E+01 -.6626E+00   .9999991  .0004199 -.0012819
T 1588  1 .1986161E+07   1000211E-02  .2875E+01 -.2419E+02   .9999947  .0002695 -.0032462
T 1589  1 .1984145E+07   1000057E-02 -.4851E+01  .3762E+01   .9999932 -.0032594  .0017202
T 1590  1 .1981389E+07   1000012E-02 -.3299E+01 -.4588E+01   .9999993  .0001629 -.0011969
T 1591  1 .1984064E+07   1000097E-02 -.7536E+00  .5272E+01   .9999981  .0005065  .0018627
T 1592  1 .1980968E+07   1000223E-02 -.2179E+01 -.6109E+01   .9999996 -.0001980 -.0008326
T 1593  1 .1989057E+07   1000199E-02  .1467E+01  .2634E+01   .9999853  .0052404  .0014114
T 1594  1 .1980914E+07   1000153E-02 -.1008E+02 -.1175E+02   .9999954 -.0024233 -.0018349
T 1595  1 .1982770E+07   1000176E-02 -.1471E+02  .1339E+02   .9999964 -.0018845  .0018877
T 1596  1 .1985804E+07   1000070E-02  .1580E+02 -.9035E+02   .9997845  .0021716 -.0206465
T 1597  1 .1984726E+07   1000091E-02  .1018E+01 -.4205E+00   .9999998 -.0000202  .0006351
T 1598  1 .1989836E+07   1000030E-02 -.6609E+01  .4793E+00   .9999987  .0010009  .0012478
T 1599  1 .1988881E+07   1000223E-02 -.7608E+01 -.3423E+01   .9999978 -.0018796 -.0009184
T 1600  1 .1988540E+07   1000056E-02 -.1079E+01  .9588E+01   .9999969 -.0001506  .0024805
T 1601  1 .1981934E+07   1000004E-02  .1748E+02  .1792E+02   .9999947  .0021224  .0024758
T 1602  1 .1987709E+07   1000137E-02  .1124E+01  .3832E+01   .9999627  .0017828  .0084514
T 1603  1 .1981400E+07   1000165E-02 -.1757E+01  .2305E+01   .9999984 -.0006460  .0016851
T 1604  1 .1984957E+07   1000020E-02 -.4538E+00  .5425E+00   .9999979 -.0020227 -.0003217
T 1605  1 .1979969E+07   1000063E-02  .7566E+01 -.4089E+01   .9999993  .0008511 -.0008172
T 1606  1 .1984037E+07   1000131E-02  .1201E+02 -.8264E+01   .9999974  .0011742 -.0019495
T 1607  1 .1983199E+07   1000115E-02  .2487E+01 -.4094E+01   .9999931 -.0001721 -.0037030
T 1608  1 .1983697E+07   1000074E-02  .5733E-01  .3689E+01   .9999948  .0015561  .0028194
T 1609  1 .1984708E+07   1000008E-02  .1894E+02 -.2055E+02   .9999548  .0067865 -.0066654
T 1610  1 .1985591E+07   1000210E-02 -.5203E+01  .4479E+01   .9999933 -.0033617  .0014289
T 1611  1 .1988676E+07   1000028E-02 -.7847E+01  .2313E+00   .9999996 -.0008202 -.0002228
T 1612  1 .1988985E+07   1000183E-02  .5203E+01  .7782E+01   .9999981 -.0009902  .0016743
T 1613  1 .1981849E+07   1000178E-02 -.8770E+01  .9558E+01   .9999962 -.0018543  .0020349
T 1614  1 .1985961E+07   1000226E-02 -.2428E+01  .3583E+01   .9999997 -.0001822  .0008018
T 1615  1 .1985331E+07   1000064E-02 -.4941E+01  .1182E+02   .9999989 -.0010253  .0011059
T 1616  1 .1985965E+07   1000088E-02  .6754E+00  .8986E+00   .9999935  .0011645  .0034021
T 1617  1 .1990475E+07   1000028E-02  .2241E+02 -.3188E+01   .9999864  .0051653 -.0007373
T 1618  1 .1983560E+07   1000200E-02 -.6243E+01  .6222E+01   .9999960 -.0021312  .0018615
T 1619  1 .1983059E+07   1000068E-02  .1672E+02 -.2553E+01   .9999881  .0046419 -.0014793
T 1620  1 .1984497E+07   1000075E-02  .1569E+02  .1151E+02   .9999950  .0026106  .0017964
T 1621  1 .1979678E+07   1000192E-02 -.8287E+01  .1569E+01   .9999974 -.0010425  .0020156
T 1622  1 .1982421E+07   1000208E-02  .1116E+01 -.7518E+01   .9999984  .0004686 -.0017229
T 1623  1 .1986032E+07   1000154E-02 -.1704E+02  .1810E+02   .9999956 -.0014522  .0025727
T 1624  1 .1976884E+07   1000080E-02 -.3801E+01  .6138E+01   .9999999  .0000289  .0003231
T 1625  1 .1982177E+07   1000060E-02 -.7190E+01  .1514E+02   .9999798 -.0046670  .0043039
T 1626  1 .1985235E+07   1000124E-02  .3055E+01  .1647E+02   .9999972 -.0010213  .0021393
T 1627  1 .1982879E+07   1000171E-02 -.5654E+01 -.3461E+01   .9999950 -.0030805 -.0006550
T 1628  1 .1987619E+07   1000050E-02  .6341E+01  .1073E+02   .9999879  .0029117  .0039658
T 1629  1 .1982240E+07   1000075E-02  .1494E+02 -.1158E+02   .9999986 -.0012455 -.0011216
T 1630  1 .1983985E+07   1000212E-02  .2542E+01  .7262E+00   .9999998  .0005161 -.0003922
T 1631  1 .1986872E+07   1000192E-02  .1112E+02 -.1669E+01   .9999971  .0024073  .0000202
T 1632  1 .1984689E+07   1000021E-02 -.1466E+02 -.6609E+01   .9999934 -.0036415  .0001759
T 1633  1 .1981101E+07   1000070E-02 -.8164E+01 -.9359E+01   .9999970 -.0011238 -.0021942
T 1634  1 .1984758E+07   1000152E-02 -.4921E+01  .4059E+01   .9999971 -.0016267  .0017856
T 1635  1 .1982902E+07   1000002E-02  .5442E+01 -.3111E+02   .9999847  .0007743 -.0054828
T 1636  1 .1991783E+07   1000158E-02 -.4631E+01 -.5856E+01   .9999978 -.0020532 -.0004072
T 1637  1 .1984679E+07   1000209E-02 -.6152E+00 -.5463E+01   .9999988 -.0009356 -.0012590
T 1638  1 .1980660E+07   1000045E-02  .3926E+02 -.1557E+02   .9998965  .0134154 -.0051945
T 1639  1 .1989984E+07   1000075E-02  .1247E+02  .3153E+01   .9999958  .0028827 -.0000340
T 1640  1 .1989172E+07   1000191E-02  .6755E+01 -.6761E+01   .9999936  .0003232 -.0035652
T 1641  1 .1986509E+07   1000121E-02 -.1965E+01 -.1130E+02   .9999753 -.0010367 -.0069495
T 1642  1 .1980674E+07   1000046E-02  .5414E+01 -.2800E+01   .9999967  .0024236 -.0008616
T 1643  1 .1983837E+07   1000147E-02 -.4422E+01 -.1784E+02   .9999936 -.0008626 -.0034714
T 1644  1 .1982791E+07   1000118E-02 -.5652E+01  .4059E+01   .9999995 -.0010262 -.0000130
T 1645  1 .1987323E+07   1000133E-02  .3724E+01 -.8273E+01   .9999989 -.0000666 -.0014647
T 1646  1 .1988282E+07   1000028E-02  .3168E+02  .4068E+00   .9999726  .0073719  .0007220
T 1647  1 .1981998E+07   1000143E-02 -.6754E+01  .4032E+01   .9999973 -.0021910 -.0007686
T 1648  1 .1986544E+07   1000078E-02  .5633E+00 -.2694E+01   .9999993 -.0004735  .0010610
T 1649  1 .1980092E+07   1000080E-02  .2418E+01 -.1816E+01   .9999995  .0005599  .0008124
T 1650  1 .1987781E+07   1000153E-02 -.4689E+01  .7436E+01   .9999980 -.0011904  .0015853
T 1651  1 .1989023E+07   1000137E-02 -.8765E+01  .3308E+01   .9999980 -.0018051 -.0008385
T 1652  1 .1983952E+07   1000146E-02 -.4734E+00  .7803E+01   .9999976  .0005693  .0021300
T 1653  1 .1986221E+07   1000133E-02 -.7575E-01  .1102E+01   .9999999 -.0002790 -.0000671
T 1654  1 .1985718E+07   1000181E-02  .9657E+01 -.6228E+01   .9999981  .0015994 -.0010930
T 1655  1 .1984167E+07   1000097E-02 -.1224E+01 -.5475E+00   .9999984 -.0017551  .0001503
T 1656  1 .1983029E+07   1000176E-02 -.6928E+01 -.9188E+01   .9999999 -.0004680  .0002479
T 1657  1 .1985772E+07   1000221E-02  .6334E+01  .6765E+01   .9999997  .0000911  .0008121
T 1658  1 .1989167E+07   1000187E-02  .1074E+01  .1130E+01   .9999999 -.0000710  .0003426
T 1659  1 .1984292E+07   1000220E-02  .4612E+01  .5289E+01   .9999963  .0023363  .0014228
T 1660  1 .1985088E+07   1000149E-02 -.4690E+01 -.1343E+02   .9999926 -.0004890 -.0038252
T 1661  1 .1984193E+07   1000084E-02 -.1087E+02 -.3757E+01   .9999987 -.0012692 -.0009766
T 1662  1 .1979468E+07   1000030E-02 -.4744E+01 -.1571E+01   .9999989 -.0015137  .0000335
T 1663  1 .1988033E+07   1000140E-02  .8527E+01 -.2567E+02   .9999970  .0023213  .0007946
T 1664  1 .1990970E+07   1000166E-02  .4816E+01 -.5740E+01   .9999999  .0002133  .0004469
T 1665  1 .1983685E+07   1000149E-02  .3379E+01 -.1124E+02   .9999960  .0010411 -.0026217
T 1666  1 .1986569E+07   1000045E-02  .5087E+01  .2097E+02   .9999847  .0045647  .0031208
T 1667  1 .1988383E+07   1000139E-02 -.8580E+01  .1720E+01   .9999960 -.0026065 -.0010634
T 1668  1 .1986148E+07   1000095E-02 -.2794E+01  .7484E+01   .9999990 -.0005960  .0013113
T 1669  1 .1987571E+07   1000150E-02 -.4252E+00  .3057E+00   .9999988 -.0009874  .0011870
T 1670  1 .1985793E+07   1000161E-02 -.6662E+01 -.9616E+01   .9999934 -.0018326 -.0031477
T 1671  1 .1981406E+07   1000192E-02  .7313E+01  .1453E+02   .9999914 -.0012071  .0039684
T 1672  1 .1990026E+07   1000006E-02  .1474E+02 -.8175E+01   .9999884  .0047476 -.0007483
T 1673  1 .1989358E+07   1000022E-02  .3697E+01  .6739E+00   .9999997  .0007258 -.0002541
T 1674  1 .1986625E+07   1000075E-02  .3742E+01 -.5453E+01   .9999937 -.0018954 -.0030061
T 1675  1 .1985415E+07   1000180E-02  .2211E+02 -.3223E+01   .9999963  .0022470 -.0015204
T 1676  1 .1981196E+07   1000025E-02  .2899E+01  .1079E+02   .9999896 -.0025135  .0037987
T 1677  1 .1990176E+07   1000191E-02 -.1263E+02  .8006E+01   .9999986 -.0013219  .0010632
T 1678  1 .1987320E+07   1000175E-02 -.1892E+01  .1992E+01   .9999988 -.0010311  .0011235
T 1679  1 .1985363E+07   1000113E-02 -.2472E+01  .1656E+01   .9999974 -.0020171  .0010498
T 1680  1 .1986079E+07   1000213E-02 -.2602E+01  .9795E+00   .9999994  .0007240  .0008439
T 1681  1 .1979216E+07   1000135E-02  .8002E+01 -.7928E+01   .9999923  .0037610 -.0011069
T 1682  1 .1989906E+07   1000020E-02 -.3050E+01 -.2333E+01   .9999968 -.0024976  .0003221
T 1683  1 .1982282E+07   1000004E-02  .1102E+02 -.9406E+01   .9999998  .0005667  .0002888
T 1684  1 .1980950E+07   1000221E-02 -.9163E+01 -.9542E+01   .9999934 -.0011399 -.0034524
T 1685  1 .1985440E+07   1000200E-02 -.8530E+01 -.4804E+01   .9999960 -.0024841 -.0013295
T 1686  1 .1987531E+07   1000225E-02 -.2384E+01  .8555E+01   .9999982 -.0017177  .0008436
T 1687  1 .1989754E+07   1000113E-02 -.7902E+01  .4520E+01   .9999915 -.0035304  .0021076
T 1688  1 .1981500E+07   1000137E-02  .5572E+01 -.6549E+01   .9999994  .0009406 -.0005760
T 1689  1 .1981931E+07   1000128E-02 -.5153E+01  .1914E+01   .9999972 -.0020826  .0011059
T 1690  1 .1984053E+07   1000131E-02  .2364E+00  .6708E+00   .9999984  .0009222  .0015399
T 1691  1 .1987305E+07   1000074E-02  .8203E+01  .2238E+01   .9999987 -.0006845 -.0014609
T 1692  1 .1988653E+07   1000189E-02 -.7521E+00 -.9710E+01   .9999986  .0004883 -.0016247
T 1693  1 .1988908E+07   1000204E-02 -.8271E+01  .1054E+02   .9999933  .0011096 -.0034846
T 1694  1 .1982898E+07   1000161E-02 -.2759E+00 -.1350E+02   .9999939  .0007354 -.0034239
T 1695  1 .1986988E+07   1000100E-02 -.4396E+01  .1263E+02   .9999943 -.0027501 -.0019334
T 1696  1 .1984812E+07   1000157E-02  .4450E+01 -.4100E+01   .9999971 -.0019082  .0014965
T 1697  1 .1986257E+07   1000005E-02  .6347E+01  .1796E+02   .9999923  .0001007  .0039193
T 1698  1 .1981897E+07   1000123E-02  .1794E+00  .3136E+01   .9999975  .0007541  .0021041
T 1699  1 .1980575E+07   1000188E-02 -.1204E+02 -.9950E+01   .9999964 -.0026178  .0004983
T 1700  1 .1988592E+07   1000039E-02 -.5970E+01  .3871E+02   .9999793 -.0016554  .0062190
T 1701  1 .1985169E+07   1000103E-02 -.9137E+01 -.1208E+02   .9999972 -.0019875 -.0012622
T 1702  1 .1981636E+07   1000010E-02  .1537E+01 -.3900E+01   .9999975 -.0007742  .0020893
T 1703  1 .1985170E+07   1000212E-02  .1572E+01  .8445E+01   .9999947  .0009863  .0031099
T 1704  1 .1983611E+07   1000046E-02 -.3516E+01 -.4306E+01   .9999989 -.0003674 -.0014172
T 1705  1 .1986688E+07   1000137E-02 -.2217E+01 -.2104E+01   .9999950 -.0028569 -.0013696
T 1706  1 .1983320E+07   1000063E-02  .6492E+01  .1812E+01   .9999996  .0008931  .0002320
T 1707  1 .1988669E+07   1000167E-02 -.4121E+01 -.9219E+01   .9999998  .0003379  .0004666
T 1708  1 .1982797E+07   1000021E-02 -.2781E+01 -.4185E+01   .9999987  .0007331 -.0014422
T 1709  1 .1985221E+07   1000136E-02 -.6865E+01 -.9697E+01   .9999838 -.0048696 -.0029639
T 1710  1 .1981753E+07   1000214E-02 -.6739E+01 -.3612E+01   .9999973 -.0011485 -.0020296
T 1711  1 .1987328E+07   1000225E-02  .8435E+01  .7039E+01   .9999994  .0003206  .0010085
T 1712  1 .1983044E+07   1000054E-02 -.2113E+01  .5710E+01   .9999997 -.0006253  .0004846
T 1713  1 .1984413E+07   1000217E-02 -.2350E+01  .5175E+00   .9999992 -.0011604  .0004353
T 1714  1 .1985181E+07   1000218E-02  .1574E+02 -.8941E+01   .9999934  .0035910 -.0005984
T 1715  1 .1981090E+07   1000221E-02 -.5840E+00 -.1257E+01   .9999984 -.0012253 -.0013290
T 1716  1 .1989150E+07   1000089E-02  .4988E+00 -.9162E+01   .9999988 -.0001338 -.0015503
T 1717  1 .1984437E+07   1000065E-02  .3255E+01  .1030E+02   .9999918  .0034607  .0021123
T 1718  1 .1990522E+07   1000124E-02  .5007E+01 -.4299E+01   .9999950  .0031383  .0002878
T 1719  1 .1987874E+07   1000184E-02  .3119E+00 -.7466E+01   .9999999 -.0000761  .0003473
T 1720  1 .1984789E+07   1000005E-02  .1824E+01 -.8047E+01   .9999924  .0006236 -.0038610
T 1721  1 .1982475E+07   1000140E-02  .7650E+00  .2433E+01   .9999994 -.0007509  .0007660
T 1722  1 .1989707E+07   1000131E-02 -.1711E+01 -.5049E+01   .9999989 -.0008306 -.0012013
T 1723  1 .1987652E+07   1000147E-02  .2416E+01 -.3559E+01   .9999985  .0016077 -.0006971
T 1724  1 .1984857E+07   1000086E-02 -.3949E+01  .1411E+01   .9999998 -.0002103 -.0005836
T 1725  1 .1981150E+07   1000200E-02  .2116E+01  .8219E+01   .9999984 -.0001156  .0017816
T 1726  1 .1991047E+07   1000104E-02  .2123E+01  .8921E+00   .9999929  .0033462 -.0017567
T 1727  1 .1986851E+07   1000209E-02  .1846E+01  .3056E+01   .9999987  .0012747  .0010209
T 1728  1 .1984933E+07   1000189E-02  .8577E+01 -.1302E+01   .9999976  .0021526 -.0003649
T 1729  1 .1988412E+07   1000181E-02 -.2112E+00  .8062E+01   .9999993  .0000088  .0011496
T 1730  1 .1980202E+07   1000108E-02 -.7931E+01  .1010E+02   .9999955  .0006531  .0029140
T 1731  1 .1985105E+07   1000220E-02 -.1290E+01 -.6284E+00   .9999998 -.0006979  .0000410
T 1732  1 .1984829E+07   1000104E-02  .3439E+00  .1239E+00   .9999997 -.0003655 -.0006516
T 1733  1 .1985545E+07   1000058E-02 -.5656E+01  .1323E+02   .9999921 -.0027828  .0028269
T 1734  1 .1986962E+07   1000222E-02  .1120E+02 -.1467E+02   .9999936 -.0010405 -.0034173
T 1735  1 .1985641E+07   1000060E-02 -.1158E+02 -.8087E+01   .9999955 -.0027402 -.0012518
T 1736  1 .1985197E+07   1000087E-02  .4406E+01  .5934E+01   .9999965  .0009589  .0024478
T 1737  1 .1981215E+07   1000114E-02 -.6148E+01  .1864E+00   .9999999 -.0000760 -.0001232
T 1738  1 .1982415E+07   1000201E-02 -.5651E+01  .2950E+01   .9999996 -.0006835  .0006343
T 1739  1 .1988056E+07   1000131E-02 -.6217E+01 -.8968E+01   .9999928 -.0007327 -.0037143
T 1740  1 .1982491E+07   1000112E-02  .1251E+01  .9140E+01   .9999986 -.0003209  .0016390
T 1741  1 .1988392E+07   1000166E-02  .4377E+01  .2363E+01   .9999985 -.0002391 -.0017443
T 1742  1 .1985202E+07   1000170E-02  .1795E+01 -.1501E+01   .9999997  .0006334 -.0004103
T 1743  1 .1984200E+07   1000171E-02  .5282E+00  .1352E+01   .9999997  .0007175 -.0001382
T 1744  1 .1983118E+07   1000003E-02 -.3085E+00 -.1120E+02   .9999971 -.0002794 -.0023988
T 1745  1 .1983468E+07   1000125E-02 -.4884E+01 -.1000E+02   .9999896 -.0022220 -.0039929
T 1746  1 .1983920E+07   1000210E-02 -.1494E+00  .1407E+01   .9999991 -.0009895  .0009343
T 1747  1 .1980900E+07   1000153E-02 -.1897E+02 -.2499E+01   .9999921 -.0037993 -.0011807
T 1748  1 .1986102E+07   1000073E-02  .8691E+01  .2315E+01   .9999964  .0025954  .0006260
T 1749  1 .1982444E+07   1000226E-02 -.7882E+01  .6316E+01   .9999946 -.0023210  .0023361
T 1750  1 .1982054E+07   1000146E-02  .8404E+01  .8694E+01   .9999972  .0010451  .0021261
T 1751  1 .1983666E+07   1000150E-02 -.7025E+01 -.4272E+01   .9999970 -.0024227 -.0004139
T 1752  1 .1986446E+07   1000220E-02 -.2301E+01 -.2425E+02   .9999983  .0005203 -.0017520
T 1753  1 .1989332E+07   1000008E-02  .5339E+01  .6046E+01   .9999908  .0025628  .0034260
T 1754  1 .1986824E+07   1000218E-02  .1115E+02 -.1034E+01   .9999934  .0031190 -.0018800
T 1755  1 .1982707E+07   1000045E-02  .1848E-01 -.8646E+00   .9999997 -.0005793 -.0004503
T 1756  1 .1984579E+07   1000004E-02 -.1274E+02 -.5281E+00   .9999862 -.0045913 -.0025629
T 1757  1 .1981622E+07   1000025E-02 -.7758E+02 -.8524E+01   .9989808 -.0448295 -.0052524
T 1758  1 .1989708E+07   1000056E-02 -.1654E+01 -.6774E+01   .9999995  .0000419 -.0009629
T 1759  1 .1984432E+07   1000208E-02  .1025E+02  .2325E+01   .9999945  .0032470  .0007297
T 1760  1 .1979727E+07   1000003E-02 -.1234E+02 -.3293E+01   .9999840 -.0054143 -.0016615
T 1761  1 .1987668E+07   1000083E-02  .1156E+02 -.1772E+02   .9999901  .0027754 -.0034906
T 1762  1 .1982616E+07   1000126E-02 -.1976E+00 -.8781E+00   .9999989 -.0010147  .0010736
T 1763  1 .1985411E+07   1000090E-02  .6483E+01 -.3287E+01   .9999997 -.0000369  .0007632
T 1764  1 .1988358E+07   1000091E-02 -.5318E+01 -.3640E+01   .9999996 -.0006731 -.0005495
T 1765  1 .1987734E+07   1000023E-02 -.4675E+01  .5396E+01   .9999948 -.0023652  .0021943
T 1766  1 .1987570E+07   1000220E-02  .1207E+02 -.1036E+01   .9999944  .0033478 -.0002145
T 1767  1 .1984921E+07   1000209E-02  .6002E+00 -.1028E+01   .9999995 -.0009426 -.0001680
T 1768  1 .1991424E+07   1000077E-02 -.6751E+01  .3417E+01   .9999967 -.0021272  .0014604
T 1769  1 .1985805E+07   1000145E-02  .1082E+02  .3856E+01   .9999969  .0021840  .0011565
T 1770  1 .1987075E+07   1000097E-02  .9292E+01 -.1093E+01   .9999947  .0031785 -.0006987
T 1771  1 .1985570E+07   1000117E-02  .1683E+02  .5601E+01   .9999969  .0004501  .0024392
T 1772  1 .1984498E+07   1000131E-02 -.8993E+00 -.4479E+01   .9999999 -.0002295  .0000574
T 1773  1 .1985462E+07   1000090E-02 -.3151E+02 -.5786E+02   .9998641 -.0073726 -.0147456
T 1774  1 .1985783E+07   1000197E-02 -.2359E+01 -.3112E+01   .9999982 -.0010724 -.0015612
T 1775  1 .1982310E+07   1000002E-02  .3124E+01  .5773E+00   .9999999  .0004179  .0000130
T 1776  1 .1989427E+07   1000079E-02  .3722E+01  .7896E+01   .9999975 -.0007782  .0021081
T 1777  1 .1987526E+07   1000153E-02  .1755E+02 -.3727E+01   .9999909  .0040338 -.0014088
T 1778  1 .1986559E+07   1000033E-02  .6314E+01 -.6918E+01   .9999965 -.0000327 -.0026571
T 1779  1 .1988756E+07   1000020E-02 -.8816E+01 -.1727E+01   .9999980 -.0020175  .0000172
T 1780  1 .1987970E+07   1000172E-02 -.2059E+01  .3857E+01   .9999919 -.0021593  .0033959
T 1781  1 .1984618E+07   1000174E-02 -.3936E+01 -.2453E+01   .9999970 -.0014233 -.0019981
T 1782  1 .1983532E+07   1000164E-02  .1954E+02  .1196E+01   .9999971  .0023598  .0005673
T 1783  1 .1986995E+07   1000217E-02 -.8635E+01 -.1557E+02   .9999857 -.0013693 -.0051733
T 1784  1 .1984353E+07   1000172E-02  .8757E+01  .2884E+00   .9999991  .0013045 -.0004442
T 1785  1 .1987769E+07   1000125E-02 -.2525E+02 -.2630E+01   .9999882 -.0047908 -.0008484
T 1786  1 .1988607E+07   1000203E-02 -.1230E+00  .1205E+00   .9999989  .0011917  .0008982
T 1787  1 .1985303E+07   1000184E-02 -.4523E+01  .2181E+00   .9999991 -.0012240 -.0005608
T 1788  1 .1982039E+07   1000071E-02  .2191E+00  .3535E+00   .9999991 -.0013279  .0000616
T 1789  1 .1985441E+07   1000040E-02  .4494E+00  .1625E+01   .9999992  .0004364  .0011931
T 1790  1 .1983538E+07   1000185E-02 -.7865E+01 -.3055E+01   .9999996 -.0002297  .0009037
T 1791  1 .1984082E+07   1000007E-02 -.3539E+01  .1628E+01   .9999952 -.0027685 -.0014144
T 1792  1 .1978869E+07   1000162E-02  .1227E+02  .8215E+01   .9999984  .0017147  .0004519
T 1793  1 .1986670E+07   1000217E-02 -.1495E+02  .6003E+01   .9999977 -.0013859  .0016450
T 1794  1 .1989729E+07   1000113E-02 -.8765E+01  .8451E+02   .9999306 -.0028360  .0114321
T 1795  1 .1980816E+07   1000022E-02 -.1008E+02  .7241E+01   .9999927 -.0038309  .0000778
T 1796  1 .1986228E+07   1000155E-02 -.1180E+02  .1868E+02   .9999890 -.0034469  .0031834
T 1797  1 .1982184E+07   1000187E-02 -.1383E+02  .2807E+02   .9999884 -.0015835  .0045421
T 1798  1 .1985113E+07   1000132E-02  .2295E+02 -.2811E+01   .9999657  .0075175 -.0034825
T 1799  1 .1985374E+07   1000209E-02  .5588E+01 -.8407E+01   .9999968  .0024700 -.0005357
T 1800  1 .1980846E+07   1000170E-02  .3470E+01  .3421E+01   .9999981  .0018810  .0005655
T 1801  1 .1985813E+07   1000148E-02  .5078E+01  .2689E+02   .9999762  .0005816  .0068704
T 1802  1 .1985560E+07   1000223E-02 -.3228E+01  .2642E+01   .9999970 -.0016006  .0018709
T 1803  1 .1984940E+07   1000088E-02  .2022E+01  .1412E+01   .9999996  .0004275  .0008243
T 1804  1 .1986686E+07   1000049E-02  .1968E+01  .6215E-01   .9999991  .0006982 -.0011025
T 1805  1 .1982721E+07   1000086E-02  .2058E+01  .5882E+01   .9999996  .0007937  .0002806
T 1806  1 .1982351E+07   1000066E-02  .9566E+01  .1892E+02   .9999865  .0020938  .0047482
T 1807  1 .1984707E+07   1000170E-02 -.1410E+02  .7182E+01   .9999894 -.0032613  .0032615
T 1808  1 .1983081E+07   1000057E-02  .3443E+01  .6060E+01   .9999991 -.0005944  .0011939
T 1809  1 .1983288E+07   1000091E-02  .3918E+01 -.1931E+01   .9999997  .0007535  .0001855
T 1810  1 .1984912E+07   1000216E-02 -.1424E+02 -.2894E+02   .9999731 -.0037322 -.0063185
T 1811  1 .1987251E+07   1000080E-02 -.6174E+00  .1594E+01   .9999998  .0003786  .0005559
T 1812  1 .1981411E+07   1000048E-02  .2035E+02  .2811E+01   .9999751  .0069343 -.0012800
T 1813  1 .1983373E+07   1000216E-02  .2241E+01  .4275E+00   .9999995  .0010014  .0000786
T 1814  1 .1986034E+07   1000218E-02  .8184E+01  .3964E+01   .9999844 -.0022088  .0051382
T 1815  1 .1983891E+07   1000122E-02  .3689E+01 -.4500E+01   .9999988 -.0002535 -.0015038
T 1816  1 .1982186E+07   1000130E-02  .5298E+00 -.9921E+00   .9999995  .0008637 -.0004957
T 1817  1 .1985025E+07   1000170E-02 -.1189E+03  .2345E+03   .9976129 -.0344963  .0598201
T 1818  1 .1985711E+07   1000061E-02  .3307E+01  .7619E+01   .9999966  .0002519  .0025886
T 1819  1 .1982738E+07   1000137E-02 -.3639E+01  .3740E+02   .9999602 -.0019847  .0087015
T 1820  1 .1984552E+07   1000202E-02  .4990E+01  .2572E+02   .9999534  .0015123  .0095381
T 1821  1 .1987041E+07   1000099E-02  .1525E+02  .1488E+02   .9999903  .0035789  .0025585
T 1822  1 .1982487E+07   1000120E-02 -.1012E+02 -.3992E+00   .9999992 -.0006768  .0010656
T 1823  1 .1988797E+07   1000034E-02 -.7891E+00 -.2645E+01   .9999994  .0006124 -.0008625
T 1824  1 .1983968E+07   1000065E-02 -.6682E+01 -.4633E+01   .9999933 -.0016403 -.0032739
T 1825  1 .1989256E+07   1000046E-02  .5680E+01  .1028E+02   .9999925  .0031490  .0022590
T 1826  1 .1979810E+07   1000066E-02 -.1104E+00  .5556E+00   .9999997 -.0003139 -.0007338
T 1827  1 .1980627E+07   1000137E-02 -.6562E+01 -.1564E+01   .9999998 -.0005950 -.0002902
T 1828  1 .1978545E+07   1000179E-02  .7270E+01  .3470E+01   .9999983  .0015511  .0010391
T 1829  1 .1982510E+07   1000197E-02  .6154E+00  .1823E+01   .9999999 -.0002105  .0004281
T 1830  1 .1986903E+07   1000153E-02  .1588E+02 -.3590E+01   .9999961  .0027277 -.0006621
T 1831  1 .1983417E+07   1000089E-02  .2708E+01  .1644E+02   .9999984  .0016293 -.0007968
T 1832  1 .1986790E+07   1000100E-02  .7393E+01 -.4026E+01   .9999977  .0021531 -.0000471
T 1833  1 .1982304E+07   1000045E-02 -.8243E+01  .3113E+01   .9999982 -.0016131  .0009911
T 1834  1 .1980866E+07   1000008E-02 -.1038E+00 -.1010E+00   .9999999 -.0001944 -.0004182
T 1835  1 .1983761E+07   1000211E-02  .1144E+01 -.1117E+01   .9999999  .0000478 -.0000648
T 1836  1 .1988985E+07   1000084E-02 -.5624E+01  .2217E+02   .9999782 -.0007525  .0065533
T 1837  1 .1984977E+07   1000204E-02 -.4054E+01 -.1166E+01   .9999930 -.0012785 -.0035299
T 1838  1 .1985457E+07   1000158E-02  .1118E+02  .2581E+02   .9999870  .0017302  .0047983
T 1839  1 .1983727E+07   1000014E-02  .1663E+01 -.1766E+01   .9999965  .0026284 -.0003266
T 1840  1 .1982051E+07   1000110E-02  .2362E+01  .1651E+01   .9999979  .0016600  .0012291
T 1841  1 .1981542E+07   1000169E-02  .8275E+01  .3489E+00   .9999986  .0015352  .0005942
T 1842  1 .1987940E+07   1000032E-02 -.6124E+02 -.7467E+01   .9999475 -.0102358 -.0003877
T 1843  1 .1990617E+07   1000169E-02 -.1497E+02 -.7093E+01   .9999952 -.0025224 -.0017837
T 1844  1 .1985328E+07   1000075E-02  .3989E+01  .1120E+02   .9999854  .0013433  .0052246
T 1845  1 .1987904E+07   1000176E-02  .2587E+02  .2339E+02   .9999870  .0048449  .0016010
T 1846  1 .1986975E+07   1000220E-02 -.5383E+00  .1307E+01   .9999999  .0002083 -.0001347
T 1847  1 .1986331E+07   1000191E-02 -.1093E+02  .2133E+01   .9999985  .0013205  .0011060
T 1848  1 .1985359E+07   1000193E-02 -.7865E+00  .5571E+01   .9999995 -.0003800 -.0009057
T 1849  1 .1990272E+07   1000212E-02  .2569E+02  .2426E+01   .9998288  .0184138  .0017955
T 1850  1 .1982732E+07   1000000E-02  .1310E+02  .7994E+00   .9999965  .0022293 -.0014071
T 1851  1 .1981171E+07   1000117E-02 -.1328E+02 -.3391E+01   .9999951 -.0029968  .0009485
T 1852  1 .1987815E+07   1000183E-02  .9651E+01 -.5410E+01   .9999975  .0018143 -.0012810
T 1853  1 .1987654E+07   1000161E-02 -.1392E+01  .2094E+00   .9999998 -.0002139  .0005861
T 1854  1 .1982893E+07   1000116E-02  .9989E+00 -.5479E+01   .9999993  .0012026  .0000932
T 1855  1 .1983366E+07   1000025E-02 -.7162E+01 -.1561E+00   .9999993 -.0011277 -.0002518
T 1856  1 .1980879E+07   1000031E-02  .1757E+01  .1314E+00   .9999996  .0003676  .0008360
T 1857  1 .1985485E+07   1000211E-02  .7716E+00  .1449E+01   .9999991 -.0007818  .0010814
T 1858  1 .1982608E+07   1000164E-02 -.4792E+01  .1762E+02   .9999961 -.0004832  .0027441
T 1859  1 .1983785E+07   1000050E-02 -.4572E+01 -.8775E+00   .9999994 -.0010599 -.0001293
T 1860  1 .1981592E+07   1000094E-02  .2908E+01  .4610E+01   .9999982  .0005010  .0018218
T 1861  1 .1981858E+07   1000080E-02  .2791E+01 -.1505E+01   .9999994  .0011128  .0000569
T 1862  1 .1980170E+07   1000067E-02  .9411E+01 -.2594E+00   .9999995  .0009422  .0001313
T 1863  1 .1984647E+07   1000051E-02 -.1724E+01 -.1943E+01   .9999989  .0005955 -.0013621
T 1864  1 .1977340E+07   1000176E-02 -.6359E+01  .9604E+00   .9999999 -.0002075 -.0003598
T 1865  1 .1988142E+07   1000149E-02  .8943E+01  .1717E+01   .9999963  .0026858 -.0005238
T 1866  1 .1986761E+07   1000046E-02 -.1140E+01  .1421E+02   .9999947 -.0000738  .0032614
T 1867  1 .1987735E+07   1000063E-02 -.2707E+01  .1906E+01   .9999994 -.0007334  .0008399
T 1868  1 .1984685E+07   1000193E-02 -.8513E+00  .1246E+02   .9999944 -.0019397  .0027390
T 1869  1 .1981186E+07   1000154E-02  .2025E+01  .2269E+01   .9999966  .0024619  .0009021
T 1870  1 .1988150E+07   1000021E-02 -.6912E+01 -.6168E+01   .9999943 -.0022863 -.0024736
T 1871  1 .1985594E+07   1000053E-02 -.1023E+02 -.5559E+01   .9999854 -.0052784 -.0011307
T 1872  1 .1979535E+07   1000164E-02 -.1209E+02  .1555E+00   .9999970 -.0023769 -.0005846
T 1873  1 .1986425E+07   1000040E-02 -.2043E+01 -.5354E+01   .9999908  .0015149  .0040156
T 1874  1 .1986192E+07   1000134E-02 -.7997E+01 -.3425E+01   .9999986 -.0008991 -.0014249
T 1875  1 .1981225E+07   1000221E-02 -.9275E+01  .8667E+01   .9999941 -.0022949  .0025666
T 1876  1 .1985333E+07   1000156E-02 -.2038E+01  .3143E+00   .9999986 -.0015699  .0005007
T 1877  1 .1983098E+07   1000203E-02  .2131E+01 -.4081E+01   .9999990  .0006060 -.0012767
T 1878  1 .1983874E+07   1000179E-02  .1581E+01 -.4591E+01   .9999983  .0000265 -.0018643
T 1879  1 .1983052E+07   1000052E-02  .1488E+01  .8415E+00   .9999969  .0019241 -.0015507
T 1880  1 .1987664E+07   1000137E-02 -.1619E+01  .1711E+02   .9999891  .0002029  .0046666
T 1881  1 .1986245E+07   1000192E-02  .1522E+02  .2879E+01   .9999957  .0027714  .0009291
T 1882  1 .1981292E+07   1000156E-02  .5590E+01  .6523E+01   .9999988  .0005438  .0014581
T 1883  1 .1984159E+07   1000199E-02 -.3377E+01  .1864E+01   .9999959 -.0028589 -.0000442
T 1884  1 .1987247E+07   1000089E-02 -.3192E+01 -.9261E+00   .9999991 -.0012665  .0004934
T 1885  1 .1984920E+07   1000043E-02 -.4085E+01 -.2667E+01   .9999981 -.0017641 -.0008019
T 1886  1 .1982871E+07   1000058E-02 -.1986E+02 -.6778E+00   .9999963 -.0027156 -.0003366
T 1887  1 .1983256E+07   1000000E-02  .6859E+01  .1017E+01   .9999973  .0023174  .0002731
T 1888  1 .1987461E+07   1000146E-02  .3573E+01 -.8805E+01   .9999822  .0029256 -.0052075
T 1889  1 .1979860E+07   1000022E-02 -.9550E-01  .8056E+00   .9999999 -.0001234  .0002652
T 1890  1 .1985672E+07   1000045E-02 -.1270E+02  .4804E+01   .9999977 -.0021249  .0002881
T 1891  1 .1984639E+07   1000159E-02  .4480E+01  .4312E+01   .9999972  .0018220  .0015370
T 1892  1 .1983759E+07   1000044E-02 -.1326E+01  .2116E+01   .9999998 -.0005128  .0003376
T 1893  1 .1985169E+07   1000202E-02 -.9734E+01 -.4081E+01   .9999984 -.0015509 -.0009059
T 1894  1 .1979833E+07   1000049E-02  .1588E+01 -.5013E+01   .9999994  .0004859 -.0010158
T 1895  1 .1988240E+07   1000197E-02  .6732E+01  .6905E+01   .9999867  .0028086  .0043309
T 1896  1 .1980556E+07   1000166E-02  .3559E+01  .1423E+01   .9999999  .0001221 -.0000888
T 1897  1 .1986555E+07   1000201E-02  .2086E+01 -.1175E+01   .9999997  .0004469 -.0006449
T 1898  1 .1980929E+07   1000190E-02 -.7924E+00  .1009E+02   .9999942 -.0002513  .0034052
T 1899  1 .1982878E+07   1000213E-02 -.1357E+01 -.1930E+02   .9999934 -.0001093 -.0036394
T 1900  1 .1980367E+07   1000102E-02 -.7261E+01 -.8244E+01   .9999970 -.0015723 -.0018691
T 1901  1 .1988853E+07   1000210E-02 -.2542E+01 -.2116E+01   .9999995 -.0010213  .0000748
T 1902  1 .1983712E+07   1000124E-02  .3373E+00 -.1080E+01   .9999999  .0004713  .0000679
T 1903  1 .1985747E+07   1000220E-02  .1390E+00  .9582E+00   .9999899 -.0013174  .0042915
T 1904  1 .1980164E+07   1000200E-02  .1284E+01 -.2827E+01   .9999983  .0014144 -.0011527
T 1905  1 .1986150E+07   1000029E-02  .8114E+02  .9538E+02   .9997467  .0135574  .0179657
T 1906  1 .1989410E+07   1000071E-02 -.1368E+02 -.1475E+02   .9999893 -.0039871 -.0023538
T 1907  1 .1982747E+07   1000060E-02 -.7905E+01 -.8502E+01   .9999989 -.0010939 -.0010471
T 1908  1 .1986016E+07   1000218E-02 -.3438E+02 -.4470E+02   .9999640 -.0039160 -.0075246
T 1909  1 .1984661E+07   1000196E-02  .4344E+01  .5522E+00   .9999994  .0003433 -.0009922
T 1910  1 .1988497E+07   1000054E-02  .8344E-01 -.9100E+01   .9999968 -.0002262 -.0025343
T 1911  1 .1984162E+07   1000161E-02 -.1021E+02 -.3587E+01   .9999692 -.0078357  .0003792
T 1912  1 .1984987E+07   1000195E-02 -.2014E+01 -.1127E+02   .9999966 -.0017077 -.0019845
T 1913  1 .1983307E+07   1000015E-02 -.1391E+01  .3007E+01   .9999999 -.0002084 -.0002563
T 1914  1 .1986511E+07   1000043E-02  .6682E+00  .6582E+00   .9999992  .0007556  .0010456
T 1915  1 .1978872E+07   1000172E-02  .1924E+01  .2519E+01   .9999999  .0003580  .0002475
T 1916  1 .1986543E+07   1000118E-02  .2424E+01  .1151E+02   .9999877  .0024759  .0042942
T 1917  1 .1989648E+07   1000180E-02 -.4205E+00 -.4284E+01   .9999976 -.0003518 -.0021593
T 1918  1 .1985841E+07   1000152E-02  .2062E+01 -.2533E+01   .9999987  .0010489 -.0012232
T 1919  1 .1978035E+07   1000147E-02  .1270E+02  .1035E+02   .9999730  .0061486  .0040206
T 1920  1 .1985627E+07   1000084E-02 -.1032E+02 -.3276E+01   .9999936 -.0035692 -.0001815
T 1921  1 .1986591E+07   1000037E-02  .3551E+00  .2313E+02   .9999584 -.0022476  .0088419
T 1922  1 .1985128E+07   1000152E-02  .1161E+01  .9252E+01   .9999978  .0008826  .0019178
T 1923  1 .1982072E+07   1000186E-02 -.1066E+02  .1026E+02   .9999976 -.0018834  .0011002
T 1924  1 .1986068E+07   1000069E-02 -.6048E+01  .2411E+01   .9999999  .0003598 -.0003639
T 1925  1 .1983001E+07   1000090E-02  .1119E+02  .3434E+01   .9999863  .0044988  .0026797
T 1926  1 .1991113E+07   1000224E-02  .8778E+01  .2177E+01   .9999967  .0019844  .0016266
T 1927  1 .1981473E+07   1000171E-02 -.2718E+01 -.3179E+02   .9998819 -.0012065 -.0153228
T 1928  1 .1982902E+07   1000226E-02  .3502E+01  .8439E+01   .9999418  .0078155  .0074396
T 1929  1 .1979106E+07   1000019E-02 -.2531E+01  .3043E+01   .9999971 -.0009985  .0021922
T 1930  1 .1989848E+07   1000081E-02 -.6512E+01  .7341E+01   .9999986 -.0014753  .0007251
T 1931  1 .1986314E+07   1000096E-02  .1148E+00  .6672E+01   .9999930  .0014175  .0034662
T 1932  1 .1985252E+07   1000057E-02 -.1816E+02 -.1014E+02   .9999920 -.0039201 -.0007803
T 1933  1 .1985266E+07   1000157E-02  .7284E+01  .4760E+01   .9999990  .0012610  .0006468
T 1934  1 .1981966E+07   1000085E-02 -.3034E+01  .7087E+01   .9999997  .0005787  .0005718
T 1935  1 .1980074E+07   1000186E-02  .7711E+00 -.4961E+01   .9999998  .0003755 -.0005338
T 1936  1 .1988956E+07   1000007E-02  .1543E+00  .1927E+00   .9999999 -.0003042 -.0003269
T 1937  1 .1985773E+07   1000169E-02  .1654E+01  .4305E+01   .9999987  .0003659  .0015804
T 1938  1 .1985583E+07   1000099E-02  .1056E+02  .6932E+01   .9999834  .0033043  .0047289
T 1939  1 .1984582E+07   1000001E-02 -.1195E+02 -.1423E+01   .9999989 -.0014653 -.0002718
T 1940  1 .1986364E+07   1000160E-02 -.1082E+02 -.4462E+01   .9999992 -.0010662 -.0006808
T 1941  1 .1982850E+07   1000220E-02  .8121E+01  .3194E+01   .9999982  .0001413  .0018755
T 1942  1 .1983447E+07   1000143E-02 -.3561E+01 -.5314E+01   .9999996 -.0003216 -.0007736
T 1943  1 .1988560E+07   1000143E-02  .1056E+01  .1386E+01   .9999983  .0010629 -.0015014
T 1944  1 .1981581E+07   1000075E-02 -.9178E+00 -.3098E+01   .9999998 -.0004180 -.0005334
T 1945  1 .1989725E+07   1000003E-02 -.8500E+01  .2179E+01   .9999988 -.0013325  .0007653
T 1946  1 .1980768E+07   1000170E-02 -.9199E+01  .5680E+01   .9999983 -.0002817 -.0017969
T 1947  1 .1987183E+07   1000099E-02 -.7960E+01  .6870E+01   .9999975 -.0012801  .0018245
T 1948  1 .1989668E+07   1000221E-02  .1254E+02 -.1054E+02   .9999967  .0022272 -.0012947
T 1949  1 .1982664E+07   1000109E-02  .9725E+01  .4612E+01   .9999939  .0030319  .0017609
T 1950  1 .1989117E+07   1000156E-02 -.9519E+01  .1417E+02   .9999959  .0008640  .0027340
T 1951  1 .1985217E+07   1000183E-02  .8349E+00  .9832E+01   .9999794 -.0019623  .0061066
T 1952  1 .1979928E+07   1000027E-02  .2851E+01  .1395E+01   .9999984  .0009395  .0015457
T 1953  1 .1986390E+07   1000066E-02 -.8656E+01 -.4726E+01   .9999872 -.0042441 -.0027437
T 1954  1 .1990512E+07   1000106E-02  .4572E+01  .2173E+01   .9999991  .0010006  .0009214
T 1955  1 .1982305E+07   1000141E-02 -.1083E+02 -.3394E+01   .9999985 -.0000905 -.0017417
T 1956  1 .1985401E+07   1000133E-02  .4888E+00 -.8697E+01   .9999970  .0004877 -.0023875
T 1957  1 .1984353E+07   1000073E-02  .1791E+02  .1460E+01   .9999943  .0030910 -.0013780
T 1958  1 .1983820E+07   1000046E-02 -.6611E+01  .1149E+02   .9999948 -.0014044  .0028880
T 1959  1 .1981549E+07   1000213E-02 -.1108E+02  .2117E+02   .9999647 -.0030017  .0078487
T 1960  1 .1987310E+07   1000070E-02  .2941E+01 -.5201E+01   .9999725  .0020689 -.0071162
T 1961  1 .1986243E+07   1000133E-02 -.6917E+01  .9214E+01   .9999931 -.0024061  .0028168
T 1962  1 .1981287E+07   1000098E-02 -.7144E+01 -.5792E+01   .9999962 -.0014901 -.0023389
T 1963  1 .1984736E+07   1000139E-02 -.2084E+01  .1771E+02   .9999929 -.0011841  .0035807
T 1964  1 .1984925E+07   1000096E-02  .3852E+01 -.8436E-01   .9999996  .0009048 -.0001194
T 1965  1 .1987309E+07   1000212E-02 -.4298E+01 -.3527E+01   .9999993 -.0011406 -.0004007
T 1966  1 .1980736E+07   1000192E-02  .5542E+01 -.1223E+02   .9999996 -.0006042  .0006691
T 1967  1 .1983209E+07   1000167E-02  .1009E+01 -.2638E+00   .9999990  .0013902 -.0000671
T 1968  1 .1984167E+07   1000081E-02 -.1602E+01  .3569E+01   .9999979 -.0011909  .0016382
T 1969  1 .1982230E+07   1000205E-02  .2769E+01  .1682E+02   .9999894  .0023587  .0039426
T 1970  1 .1983851E+07   1000128E-02  .2724E+01  .5782E+01   .9999980  .0010937  .0017004
T 1971  1 .1986895E+07   1000063E-02 -.1859E+02 -.1480E+01   .9999893 -.0046218  .0003396
T 1972  1 .1980044E+07   1000201E-02 -.1690E+01 -.2077E+01   .9999999 -.0002967 -.0001470
T 1973  1 .1985371E+07   1000027E-02 -.6932E+01 -.2921E+02   .9999898 -.0003676 -.0044994
T 1974  1 .1981573E+07   1000007E-02 -.7920E+01 -.1237E+02   .9999917 -.0020045 -.0035585
T 1975  1 .1985094E+07   1000188E-02 -.8874E+00  .1209E+01   .9999984 -.0016370 -.0007175
T 1976  1 .1982818E+07   1000012E-02  .2585E+01  .7672E+01   .9999980  .0000809  .0019756
T 1977  1 .1982875E+07   1000207E-02 -.1873E+02  .2449E+02   .9999794 -.0048934  .0041556
T 1978  1 .1983521E+07   1000128E-02 -.4302E+01  .2983E+01   .9999971 -.0023713  .0002831
T 1979  1 .1989544E+07   1000069E-02  .1511E+01  .2983E+01   .9999990 -.0007904 -.0011841
T 1980  1 .1981324E+07   1000032E-02  .8842E+01 -.7155E+01   .9999929  .0029563 -.0023204
T 1981  1 .1985831E+07   1000109E-02 -.1993E+02 -.1156E+02   .9999489 -.0086154 -.0052881
T 1982  1 .1983267E+07   1000004E-02  .5861E+01 -.5016E+01   .9999704  .0029276 -.0071210
T 1983  1 .1980479E+07   1000167E-02 -.1363E+02 -.2470E+01   .9999929 -.0035589 -.0012302
T 1984  1 .1985439E+07   1000189E-02  .4537E+01 -.3286E+01   .9999995  .0010184 -.0001826
T 1985  1 .1985851E+07   1000188E-02  .1852E+01  .2608E+00   .9999998  .0004426  .0005328
T 1986  1 .1989214E+07   1000062E-02 -.9538E+01 -.3461E+01   .9999966 -.0022186 -.0014026
T 1987  1 .1980320E+07   1000075E-02 -.8091E+00  .3049E+01   .9999997  .0007091  .0001610
T 1988  1 .1989583E+07   1000133E-02 -.1836E+01  .1041E+02   .9999994 -.0005989  .0009624
T 1989  1 .1987148E+07   1000064E-02  .8505E+01  .2253E+01   .9999998  .0006855 -.0000549
T 1990  1 .1983309E+07   1000168E-02 -.2504E+01 -.1896E+02   .9999938 -.0018251 -.0030106
T 1991  1 .1980722E+07   1000193E-02 -.6767E+01 -.1288E+02   .9999881 -.0023798 -.0042634
T 1992  1 .1980854E+07   1000208E-02  .4353E+01 -.1491E+02   .9999936 -.0011796 -.0033738
T 1993  1 .1982339E+07   1000036E-02  .8308E+01 -.2636E+02   .9999949  .0025026 -.0019627
T 1994  1 .1982809E+07   1000085E-02 -.8164E+01 -.2925E+01   .9999980 -.0020108 -.0002313
T 1995  1 .1987552E+07   1000161E-02 -.2090E+01 -.3310E+01   .9999997 -.0004215 -.0005862
T 1996  1 .1986544E+07   1000127E-02 -.3281E+01 -.3983E+01   .9999990 -.0007092 -.0012218
T 1997  1 .1985595E+07   1000162E-02 -.2337E+01 -.1906E+01   .9999999 -.0004588 -.0000093
T 1998  1 .1982859E+07   1000049E-02 -.2203E+01 -.6049E+01   .9999996 -.0005501 -.0006354
T 1999  1 .1987095E+07   1000079E-02 -.5381E+01  .1047E+01   .9999999 -.0002686  .0000739
T 2000  1 .1989860E+07   1000218E-02  .1379E+01  .1987E+02   .9999897  .0011836  .0043904
T 2001  1 .1984362E+07   1000071E-02  .1745E+01 -.1108E+01   .9999995  .0007791 -.0005485
T 2002  1 .1983565E+07   1000202E-02  .7090E+01  .7202E+01   .9999937  .0015221  .0032149
T 2003  1 .1979661E+07   1000024E-02 -.7969E+01  .2011E+02   .9999876 -.0018637  .0046236
T 2004  1 .1984071E+07   1000028E-02 -.7711E+00 -.1011E+01   .9999997 -.0003211 -.0006540
T 2005  1 .1987624E+07   1000222E-02  .6008E+01  .8649E+01   .9999978  .0007648  .0019276
T 2006  1 .1984330E+07   1000208E-02  .5577E+01 -.6975E+01   .9999941  .0021854 -.0026618
T 2007  1 .1987967E+07   1000159E-02 -.1247E+01 -.6408E+02   .9999114  .0008051 -.0132881
T 2008  1 .1982594E+07   1000152E-02 -.8373E+01  .2124E+02   .9999913 -.0014453  .0039054
T 2009  1 .1986039E+07   1000181E-02 -.5236E+01  .4509E+01   .9999983 -.0008038  .0016649
T 2010  1 .1987304E+07   1000069E-02  .3505E+01 -.3247E+01   .9999967  .0021733 -.0013807
T 2011  1 .1986468E+07   1000168E-02 -.2523E+01 -.1270E+02   .9999999  .0000836 -.0003744
T 2012  1 .1984933E+07   1000188E-02 -.1444E+01 -.1602E+01   .9999992  .0003767 -.0011828
T 2013  1 .1980829E+07   1000175E-02 -.1615E+02 -.9430E+01   .9999803 -.0051336 -.0036076
T 2014  1 .1985163E+07   1000050E-02 -.6275E+01  .3085E+01   .9999990  .0006712 -.0012442
T 2015  1 .1990076E+07   1000156E-02 -.2905E+00  .8907E+00   .9999996  .0005615  .0007595
T 2016  1 .1986626E+07   1000043E-02  .2218E+01  .9525E+01   .9999945  .0018418  .0027445
T 2017  1 .1982787E+07   1000035E-02  .2841E+01  .8341E+01   .9999964 -.0000115  .0026748
T 2018  1 .1983959E+07   1000000E-02  .9250E+01 -.4030E+01   .9999968  .0005500 -.0024510
T 2019  1 .1983350E+07   1000086E-02  .2153E+01  .3175E+01   .9999998  .0005922  .0003084
T 2020  1 .1987248E+07   1000106E-02 -.5870E-02 -.6709E+01   .9999994  .0009528 -.0005713
T 2021  1 .1990257E+07   1000062E-02  .1636E+02 -.1510E+02   .9999917  .0027379 -.0030023
T 2022  1 .1982525E+07   1000195E-02 -.1942E+00 -.5602E+00   .9999999  .0000748  .0004903
T 2023  1 .1989899E+07   1000216E-02 -.9891E+01 -.6564E+00   .9999975 -.0022197  .0003742
T 2024  1 .1983736E+07   1000040E-02 -.3910E+01  .1118E+02   .9999866 -.0003595  .0051719
T 2025  1 .1981372E+07   1000050E-02 -.1003E+01  .1528E+01   .9999958  .0014587  .0025015
T 2026  1 .1987341E+07   1000100E-02 -.5798E+01  .1341E+01   .9999999 -.0004894  .0002005
T 2027  1 .1987368E+07   1000119E-02  .5138E+02 -.2006E+01   .9998197  .0189816  .0004694
T 2028  1 .1982022E+07   1000189E-02  .9028E+00 -.4047E+00   .9999997  .0006086  .0004419
T 2029  1 .1983600E+07   1000018E-02  .9918E-01  .1645E+00   .9999990 -.0006112  .0012701
T 2030  1 .1983454E+07   1000110E-02  .3846E+01  .6732E+00   .9999988  .0011105  .0010344
T 2031  1 .1984900E+07   1000028E-02 -.9431E+01 -.8925E+01   .9999953 -.0008297 -.0029648
T 2032  1 .1988051E+07   1000226E-02 -.5851E+01  .7170E+00   .9999932 -.0034907 -.0012236
T 2033  1 .1985185E+07   1000046E-02 -.1439E+01  .1486E+02   .9999953 -.0004631  .0030162
T 2034  1 .1988164E+07   1000205E-02 -.4384E+01  .7559E+01   .9999997 -.0003786  .0006226
T 2035  1 .1987033E+07   1000126E-02 -.1449E+02 -.2179E+02   .9999943 -.0022407 -.0025217
T 2036  1 .1983725E+07   1000152E-02 -.1049E+01 -.3144E+01   .9999954 -.0010928 -.0028412
T 2037  1 .1983641E+07   1000143E-02 -.2364E+00  .2587E+01   .9999992 -.0000451  .0012313
T 2038  1 .1982870E+07   1000225E-02  .7115E+01 -.3062E+00   .9999977  .0021404 -.0001225
T 2039  1 .1978202E+07   1000112E-02 -.8899E+01 -.5300E+01   .9999958 -.0022718 -.0018059
T 2040  1 .1982917E+07   1000226E-02 -.7759E+00  .2076E+01   .9999995 -.0007416  .0006872
T 2041  1 .1988539E+07   1000167E-02 -.1925E+02  .9196E+01   .9999963 -.0021232  .0016731
T 2042  1 .1980047E+07   1000138E-02  .1415E+02  .1527E+02   .9999960  .0013367  .0025118
T 2043  1 .1986469E+07   1000184E-02 -.4018E+01  .1707E+02   .9999990 -.0009422  .0010253
T 2044  1 .1981487E+07   1000221E-02  .7159E+00  .2761E+00   .9999999  .0000203 -.0004220
T 2045  1 .1982887E+07   1000005E-02  .7141E+01 -.1966E+01   .9999993  .0010435 -.0005675
T 2046  1 .1985512E+07   1000004E-02 -.1012E+02  .2717E+01   .9999988 -.0014680  .0005000
T 2047  1 .1982473E+07   1000183E-02  .6876E+01 -.1793E+02   .9999973  .0007934 -.0021644
T 2048  1 .1985395E+07   1000143E-02  .2292E+01 -.1059E+01   .9999982  .0000774  .0018955
T 2049  1 .1984151E+07   1000039E-02  .1148E+02  .1642E+02   .9999748  .0022455  .0067348
T 2050  1 .1985207E+07   1000007E-02 -.4492E+01 -.1266E+02   .9999988 -.0012634 -.0008605
T 2051  1 .1982019E+07   1000177E-02  .3707E+01 -.6355E+01   .9999996  .0002342 -.0008116
T 2052  1 .1981886E+07   1000147E-02 -.1357E+02 -.3769E+01   .9999908 -.0041321 -.0011321
T 2053  1 .1984076E+07   1000132E-02 -.2808E+02 -.2233E+02   .9999841 -.0046117 -.0032394
T 2054  1 .1983101E+07   1000211E-02 -.8718E+01  .4296E+01   .9999753 -.0057307  .0040773
T 2055  1 .1979062E+07   1000026E-02 -.2044E+01 -.3630E+01   .9999994 -.0009181 -.0005712
T 2056  1 .1986130E+07   1000139E-02  .1651E+01  .9386E+01   .9999972  .0007176  .0022519
T 2057  1 .1985779E+07   1000210E-02 -.1107E+02  .5042E+01   .9999962 -.0019560  .0019275
T 2058  1 .1979824E+07   1000054E-02 -.2811E+02 -.5960E+02   .9999421 -.0055858 -.0091967
T 2059  1 .1988292E+07   1000000E-02  .2473E+00  .9688E+01   .9999941  .0003280  .0034189
T 2060  1 .1983950E+07   1000223E-02  .2812E+01  .5524E+01   .9999995  .0005943  .0008457
T 2061  1 .1984487E+07   1000200E-02  .8256E+01 -.3338E+01   .9999999  .0004409 -.0003187
T 2062  1 .1984996E+07   1000006E-02  .2286E+02 -.9550E+00   .9999470  .0102903 -.0002720
T 2063  1 .1986158E+07   1000192E-02  .9233E+00  .9149E+00   .9999998 -.0005579  .0003804
T 2064  1 .1983925E+07   1000108E-02 -.2723E+01 -.1340E+01   .9999988 -.0015474 -.0000804
T 2065  1 .1981521E+07   1000150E-02  .2448E+01  .1697E+00   .9999997 -.0003563  .0006108
T 2066  1 .1984884E+07   1000138E-02  .1021E+01 -.3870E+01   .9999971  .0006838  .0023257
T 2067  1 .1985634E+07   1000203E-02  .4079E+01 -.6293E+01   .9999963  .0012670 -.0023868
T 2068  1 .1984440E+07   1000072E-02  .3742E+02  .1604E+01   .9999837  .0055813  .0011696
T 2069  1 .1985313E+07   1000152E-02 -.6967E+01 -.2653E+01   .9999992 -.0012062 -.0004468
T 2070  1 .1983174E+07   1000173E-02 -.7157E-01  .1723E+02   .9999915 -.0001463  .0041109
T 2071  1 .1982375E+07   1000047E-02  .1692E+00  .6402E+01   .9999997 -.0006030 -.0004558
T 2072  1 .1981889E+07   1000222E-02  .1485E+02 -.5859E+02   .9999482  .0039630 -.0093719
T 2073  1 .1984459E+07   1000102E-02 -.2868E+01  .2133E+02   .9999981 -.0002913  .0019363
T 2074  1 .1983595E+07   1000122E-02 -.3500E+01  .1060E+02   .9999905 -.0012620  .0041802
T 2075  1 .1982860E+07   1000000E-02 -.3570E+00 -.1127E+01   .9999989 -.0006726 -.0013295
T 2076  1 .1982774E+07   1000153E-02  .4109E+00  .2974E+01   .9999995 -.0000792  .0009978
T 2077  1 .1983487E+07   1000102E-02  .1480E+02  .6088E+01   .9999971  .0021579  .0010469
T 2078  1 .1979111E+07   1000182E-02 -.1703E+00  .7246E+01   .9999973  .0007500  .0021837
T 2079  1 .1985659E+07   1000223E-02  .1734E+01 -.6268E+01   .9999960  .0016358  .0022884
T 2080  1 .1983463E+07   1000166E-02  .6735E+01  .1246E+01   .9999988 -.0010240  .0011715
T 2081  1 .1980960E+07   1000187E-02  .2683E+01  .9724E+01   .9999984  .0001329  .0018001
T 2082  1 .1984774E+07   1000000E-02 -.4481E+02  .5206E+02   .9999117 -.0085413  .0101765
T 2083  1 .1989023E+07   1000224E-02 -.1418E+02 -.1484E+01   .9999963 -.0027118  .0000335
T 2084  1 .1988895E+07   1000168E-02 -.1372E+01  .1025E+02   .9999886  .0014550  .0045396
T 2085  1 .1980997E+07   1000185E-02 -.7536E+00  .4917E+01   .9999992 -.0001369  .0012185
T 2086  1 .1984746E+07   1000221E-02 -.5463E+01 -.4721E+02   .9999551 -.0004819 -.0094622
T 2087  1 .1986334E+07   1000219E-02  .2031E+01 -.3266E+02   .9999653  .0017970 -.0081368
T 2088  1 .1981097E+07   1000179E-02  .1807E+01  .3454E+01   .9999999  .0001524  .0001748
T 2089  1 .1986903E+07   1000073E-02 -.6346E+00 -.1240E+01   .9999997 -.0001875  .0008036
T 2090  1 .1989505E+07   1000160E-02  .5764E+01  .5024E+01   .9999985  .0009134  .0014905
T 2091  1 .1986799E+07   1000169E-02 -.1871E+00  .1120E+01   .9999997 -.0006948 -.0002957
T 2092  1 .1982076E+07   1000062E-02 -.8904E+01 -.3045E+01   .9999971 -.0021273  .0011437
T 2093  1 .1980482E+07   1000137E-02 -.1686E+01  .6618E+01   .9999977 -.0013947  .0016334
T 2094  1 .1985115E+07   1000168E-02  .3371E+01  .5584E+01   .9999971  .0018398 -.0015518
T 2095  1 .1983203E+07   1000192E-02 -.3113E+00 -.4257E+01   .9999998  .0000015 -.0005622
T 2096  1 .1984403E+07   1000010E-02  .1667E+02  .1165E+02   .9999970  .0022385  .0010029
T 2097  1 .1984100E+07   1000185E-02  .5545E+01 -.2085E+01   .9999987  .0006566  .0014753
T 2098  1 .1982611E+07   1000146E-02 -.6003E+01 -.1540E+02   .9999929 -.0011538 -.0035737
T 2099  1 .1983081E+07   1000149E-02  .7470E+01  .1105E+00   .9999976  .0022099 -.0000116
T 2100  1 .1986316E+07   1000007E-02  .3380E+01  .1833E+02   .9999848 -.0000395  .0055109
T 2101  1 .1988246E+07   1000163E-02  .1542E+02  .2665E+01   .9999948  .0029094  .0013701
T 2102  1 .1980245E+07   1000194E-02  .3833E+01  .1676E+01   .9999995  .0008989  .0003780
T 2103  1 .1986712E+07   1000145E-02  .5408E+01 -.5196E+01   .9999984  .0017229 -.0005475
T 2104  1 .1985918E+07   1000041E-02  .9237E+01  .3069E+01   .9999954  .0027879  .0011700
T 2105  1 .1987313E+07   1000114E-02 -.6981E+01  .4813E+01   .9999935  .0001703  .0036051
T 2106  1 .1980276E+07   1000155E-02 -.4298E+01  .3734E+02   .9999825 -.0013275  .0057581
T 2107  1 .1983845E+07   1000030E-02 -.2525E+02  .8094E+01   .9999840 -.0056212  .0006491
T 2108  1 .1985389E+07   1000151E-02  .2104E+01  .4230E+01   .9999969  .0006214  .0024216
T 2109  1 .1983354E+07   1000098E-02 -.5191E+00  .2394E+01   .9999988  .0004386  .0014993
T 2110  1 .1985399E+07   1000220E-02  .1461E+02  .2207E+02   .9999879  .0022671  .0043675
T 2111  1 .1987457E+07   1000203E-02 -.2508E+01 -.6256E+01   .9999974 -.0007970 -.0021525
T 2112  1 .1986347E+07   1000211E-02  .9018E+01  .1030E+02   .9999989 -.0005348  .0013920
T 2113  1 .1985130E+07   1000144E-02  .1146E+01 -.9936E+00   .9999994  .0007942 -.0008008
T 2114  1 .1981344E+07   1000105E-02 -.1094E+01  .8574E+01   .9999981 -.0001376  .0019425
T 2115  1 .1985710E+07   1000192E-02 -.5607E+01  .5076E+01   .9999968 -.0004560  .0024793
T 2116  1 .1986014E+07   1000217E-02  .4981E+01  .7573E+00   .9998542  .0159094  .0061943
T 2117  1 .1984218E+07   1000186E-02 -.1253E+02 -.1518E+02   .9999975 -.0017298 -.0013925
T 2118  1 .1987114E+07   1000185E-02  .1716E+02 -.7838E+00   .9999942  .0033974 -.0001601
T 2119  1 .1981100E+07   1000152E-02  .1104E+00 -.7069E-01   .9999998 -.0005475  .0002763
T 2120  1 .1985778E+07   1000194E-02 -.4517E+01  .8614E+01   .9999993  .0006224  .0010058
T 2121  1 .1989197E+07   1000002E-02 -.5301E+01  .8000E+01   .9999966 -.0022521  .0013059
T 2122  1 .1983729E+07   1000122E-02  .3316E+02  .5808E+01   .9999552  .0093607  .0013739
T 2123  1 .1985937E+07   1000138E-02 -.5679E+00 -.4978E+01   .9999993 -.0001918 -.0012024
T 2124  1 .1986012E+07   1000151E-02 -.4062E+01  .4554E+00   .9999984 -.0016869 -.0005866
T 2125  1 .1986126E+07   1000156E-02  .3705E+01 -.1566E+02   .9999938  .0031970 -.0014812
T 2126  1 .1979233E+07   1000126E-02  .5867E+01  .4386E+01   .9999998  .0003890  .0004783
T 2127  1 .1982035E+07   1000016E-02  .2963E+01 -.6642E+01   .9999954 -.0005335 -.0029725
T 2128  1 .1978512E+07   1000189E-02  .2188E+02 -.8402E+01   .9999815  .0057518 -.0019801
T 2129  1 .1984705E+07   1000012E-02  .1302E+00  .1297E+01   .9999995  .0001958  .0009973
T 2130  1 .1983546E+07   1000084E-02 -.1339E+00 -.5009E+01   .9999986 -.0008600 -.0014040
T 2131  1 .1990278E+07   1000171E-02  .2276E+02 -.7235E+01   .9999903  .0044090 -.0002282
T 2132  1 .1981083E+07   1000203E-02  .8367E+01  .3488E+01   .9999978  .0020155  .0005627
T 2133  1 .1985085E+07   1000043E-02  .1957E+02 -.5114E+01   .9999943  .0033482 -.0004383
T 2134  1 .1982488E+07   1000136E-02  .3527E+02 -.6202E+02   .9999288  .0062064 -.0101913
T 2135  1 .1989705E+07   1000094E-02  .2794E+02 -.1015E+01   .9999566  .0092422 -.0011410
T 2136  1 .1985380E+07   1000096E-02  .1037E+02 -.4168E+01   .9999916  .0039485 -.0011259
T 2137  1 .1984112E+07   1000013E-02 -.2819E+01  .7695E+01   .9999969 -.0012349  .0021562
T 2138  1 .1983533E+07   1000128E-02 -.8668E+01  .1494E+01   .9999953 -.0014620  .0027061
T 2139  1 .1985019E+07   1000102E-02 -.2174E+01 -.2651E+01   .9999995  .0008022 -.0005959
T 2140  1 .1979781E+07   1000207E-02 -.1294E+02  .8303E+01   .9999999 -.0004160  .0002318
T 2141  1 .1982667E+07   1000170E-02  .9945E+01  .1616E+02   .9999932  .0020250  .0030766
T 2142  1 .1988300E+07   1000075E-02 -.4007E+01 -.1058E+02   .9999972  .0002935 -.0023374
T 2143  1 .1981214E+07   1000178E-02  .1232E+01 -.2665E+01   .9999989  .0011977 -.0008662
T 2144  1 .1986391E+07   1000194E-02 -.2079E+01  .2205E+01   .9999898 -.0040019  .0021000
T 2145  1 .1990437E+07   1000092E-02 -.9603E+01 -.8466E+01   .9999961 -.0026198 -.0009304
T 2146  1 .1985577E+07   1000089E-02 -.1133E+02  .1902E+01   .9999886 -.0043238 -.0020448
T 2147  1 .1985542E+07   1000219E-02 -.2191E+01  .1095E+02   .9999983  .0017765  .0005427
T 2148  1 .1985040E+07   1000147E-02  .1005E+02 -.7541E+00   .9999948  .0029462 -.0013042
T 2149  1 .1990064E+07   1000021E-02 -.2855E+01 -.3612E+01   .9999988 -.0011215 -.0011018
T 2150  1 .1985341E+07   1000216E-02 -.5297E+01  .2961E+01   .9999989 -.0012709  .0007079
T 2151  1 .1980272E+07   1000200E-02 -.1212E+01 -.1682E+00   .9999991  .0006127 -.0011577
T 2152  1 .1983010E+07   1000049E-02  .9782E+01 -.3907E+01   .9999830  .0054320 -.0021371
T 2153  1 .1987442E+07   1000216E-02 -.1164E+02  .5376E+01   .9999976 -.0021136  .0004946
T 2154  1 .1980337E+07   1000000E-02  .5535E+00 -.1116E+02   .9999817 -.0000128 -.0060421
T 2155  1 .1983904E+07   1000175E-02 -.2577E+00  .4701E+00   .9999999 -.0003213  .0002041
T 2156  1 .1988670E+07   1000006E-02  .6652E+00  .2655E+00   .9999987  .0015867  .0000638
T 2157  1 .1983349E+07   1000213E-02  .4374E+01  .2003E+01   .9999996  .0008861 -.0001469
T 2158  1 .1985133E+07   1000161E-02  .2834E+01 -.1003E+01   .9999987  .0015596 -.0002644
T 2159  1 .1988333E+07   1000201E-02  .9129E+01 -.1356E+02   .9999974  .0014025 -.0017736
T 2160  1 .1979734E+07   1000081E-02  .2662E+01 -.2257E+00   .9999983  .0004050  .0018157
T 2161  1 .1983574E+07   1000170E-02  .3255E+00  .5819E+01   .9999952  .0002557  .0030874
T 2162  1 .1987123E+07   1000182E-02 -.2385E+01  .5279E+00   .9999998 -.0005343 -.0001348
T 2163  1 .1984763E+07   1000144E-02  .1024E+02 -.3748E+01   .9999991  .0013519  .0000920
T 2164  1 .1985900E+07   1000173E-02  .2590E+01 -.2131E+01   .9999834  .0055732  .0014657
T 2165  1 .1985121E+07   1000150E-02 -.2219E+01 -.2260E+01   .9999989 -.0013477  .0005996
T 2166  1 .1990341E+07   1000200E-02  .5120E+02  .5682E+02   .9998287  .0122439  .0138793
T 2167  1 .1982143E+07   1000201E-02  .1067E+02  .1191E+01   .9999963  .0024055  .0012915
T 2168  1 .1982449E+07   1000213E-02 -.3504E+01 -.1457E+02   .9999976 -.0016473 -.0014109
T 2169  1 .1978544E+07   1000001E-02 -.3328E+00  .6368E+01   .9999980  .0002589  .0019983
T 2170  1 .1981911E+07   1000034E-02 -.3236E+02 -.6234E+01   .9999833 -.0055596 -.0015913
T 2171  1 .1981822E+07   1000221E-02 -.7470E-01  .6037E+01   .9999967 -.0000272  .0025756
T 2172  1 .1990793E+07   1000194E-02 -.4714E+01 -.4452E+01   .9999972 -.0018352 -.0014853
T 2173  1 .1983322E+07   1000148E-02  .3527E+01 -.1639E+01   .9999971 -.0010852 -.0021494
T 2174  1 .1980832E+07   1000202E-02 -.1802E+01 -.1284E+01   .9999991 -.0013065 -.0002282
T 2175  1 .1989594E+07   1000004E-02 -.6658E+01  .7934E+01   .9999989 -.0011173  .0009928
T 2176  1 .1988271E+07   1000186E-02  .9201E+01  .6036E+01   .9999225  .0124491  .0002067
T 2177  1 .1985946E+07   1000115E-02 -.1746E+02 -.1550E+02   .9999912 -.0028017 -.0031232
T 2178  1 .1988341E+07   1000115E-02 -.1938E+01  .1265E+02   .9999738 -.0023150  .0068577
T 2179  1 .1982255E+07   1000057E-02  .8038E+00  .3522E+01   .9999989  .0008735  .0011692
T 2180  1 .1986043E+07   1000043E-02 -.3457E+02 -.7210E+01   .9999761 -.0062277 -.0030181
T 2181  1 .1983597E+07   1000203E-02  .1081E+02 -.2712E+02   .9999865 -.0030827 -.0041840
T 2182  1 .1985326E+07   1000007E-02 -.1027E+01 -.3098E+00   .9999998  .0005958 -.0003047
T 2183  1 .1985586E+07   1000053E-02  .4074E+02  .3424E+02   .9999430  .0083937  .0066001
T 2184  1 .1980564E+07   1000100E-02  .4880E+01 -.2251E+02   .9999831  .0005397 -.0057916
T 2185  1 .1984720E+07   1000106E-02  .5406E+01  .3096E+01   .9999952  .0026532  .0016002
T 2186  1 .1987376E+07   1000213E-02  .9172E+01 -.2817E+02   .9999885  .0000301 -.0047909
T 2187  1 .1987155E+07   1000121E-02 -.6785E+01  .6422E+01   .9999936 -.0001259  .0035832
T 2188  1 .1984184E+07   1000218E-02 -.8231E+01 -.3780E+01   .9999978 -.0018468 -.0009973
T 2189  1 .1983196E+07   1000135E-02  .1093E+02 -.1261E+02   .9999993  .0010410 -.0004956
T 2190  1 .1980789E+07   1000082E-02 -.1290E+02 -.7290E+01   .9999953 -.0023606 -.0019684
T 2191  1 .1986514E+07   1000029E-02  .7147E+01 -.7938E+01   .9999944  .0026668 -.0020429
T 2192  1 .1987672E+07   1000103E-02  .1052E+02  .2013E+01   .9999942  .0031021  .0014245
T 2193  1 .1981262E+07   1000004E-02 -.5747E+01 -.2703E+01   .9999963 -.0006919 -.0026374
T 2194  1 .1981896E+07   1000206E-02  .8695E+01  .3318E+01   .9999931  .0028511 -.0023685
T 2195  1 .1986031E+07   1000032E-02 -.6714E+01  .1210E+02   .9999922 -.0016961  .0035730
T 2196  1 .1983720E+07   1000158E-02  .6579E+01  .4005E+01   .9999989  .0001576  .0014910
T 2197  1 .1986726E+07   1000061E-02 -.5279E+00 -.5543E+01   .9999999 -.0002134 -.0002815
T 2198  1 .1984277E+07   1000139E-02  .2723E+01 -.1547E+01   .9999962  .0022865  .0015704
T 2199  1 .1987539E+07   1000218E-02 -.2143E+01 -.3448E+00   .9999997 -.0005174 -.0005718
T 2200  1 .1985944E+07   1000053E-02 -.9796E+01 -.1071E+02   .9999878 -.0039708 -.0029479
T 2201  1 .1981863E+07   1000115E-02  .1115E+01 -.3289E+01   .9999984  .0017849  .0001851
T 2202  1 .1983036E+07   1000190E-02 -.4915E+01  .4350E+01   .9999990 -.0012077  .0006794
T 2203  1 .1984658E+07   1000173E-02 -.4463E+01  .1266E+01   .9999996 -.0008050  .0002582
T 2204  1 .1984338E+07   1000001E-02  .1761E+02 -.9424E+01   .9999923  .0023523 -.0031320
T 2205  1 .1981428E+07   1000127E-02  .5630E+01  .5826E+01   .9999886  .0035960  .0031264
T 2206  1 .1987342E+07   1000226E-02  .4311E+01  .3371E+01   .9999894  .0014145  .0043902
T 2207  1 .1985098E+07   1000114E-02  .4035E+01 -.3574E+01   .9999993  .0007786 -.0009386
T 2208  1 .1984533E+07   1000224E-02  .2485E+01 -.1360E+02   .9999996 -.0004139 -.0008342
T 2209  1 .1985204E+07   1000207E-02 -.1299E+02 -.1166E+02   .9999960 -.0026236 -.0010568
T 2210  1 .1989629E+07   1000121E-02  .9218E+01 -.2779E+01   .9996282 -.0179029 -.0205658
T 2211  1 .1984826E+07   1000213E-02 -.2568E+01  .2466E+01   .9999995 -.0001726  .0009555
T 2212  1 .1983583E+07   1000171E-02  .6168E+01 -.3609E+01   .9999979 -.0013052 -.0015932
T 2213  1 .1985142E+07   1000014E-02  .9304E+01 -.2888E+01   .9999996  .0006931  .0005381
T 2214  1 .1982832E+07   1000067E-02 -.1365E+02 -.2302E+02   .9999934 -.0010419 -.0034775
T 2215  1 .1985139E+07   1000187E-02 -.3398E+01  .1327E+01   .9999970 -.0022274  .0009791
T 2216  1 .1985701E+07   1000161E-02  .7913E+01 -.4162E+01   .9999922  .0031914 -.0023100
T 2217  1 .1982748E+07   1000099E-02  .9183E+01  .3231E+02   .9999858  .0021914  .0048528
T 2218  1 .1984127E+07   1000095E-02  .9387E+00  .3633E+01   .9999981  .0015397  .0012105
T 2219  1 .1989289E+07   1000130E-02  .1651E+01  .7701E-01   .9999999 -.0002426  .0004488
T 2220  1 .1988154E+07   1000199E-02  .1308E+00 -.9481E+01   .9999941  .0006764 -.0033550
T 2221  1 .1990999E+07   1000192E-02  .7545E+01  .1936E+00   .9999975  .0019101 -.0012034
T 2222  1 .1981842E+07   1000206E-02  .2934E+02  .1269E+02   .9998399  .0144420  .0105635
T 2223  1 .1983648E+07   1000121E-02  .8819E+00  .1331E+02   .9999984  .0002940  .0017447
T 2224  1 .1988596E+07   1000224E-02  .4400E+01 -.7020E+01   .9999993  .0002053 -.0011973
T 2225  1 .1988185E+07   1000081E-02 -.2243E+01  .3868E+01   .9999971 -.0013710  .0020017
T 2226  1 .1987195E+07   1000145E-02 -.6251E+02 -.3388E+02   .9998691 -.0144603 -.0072629
T 2227  1 .1984228E+07   1000026E-02 -.2527E+01 -.6240E+01   .9999971  .0000765 -.0024213
T 2228  1 .1987387E+07   1000206E-02  .2824E+01  .1770E+01   .9999979  .0018602  .0008481
T 2229  1 .1989538E+07   1000048E-02  .9210E+01  .2541E+02   .9999942  .0008678  .0033082
T 2230  1 .1988146E+07   1000025E-02  .4398E+01 -.4874E+01   .9999995  .0008556 -.0005460
T 2231  1 .1984690E+07   1000134E-02 -.2392E+01 -.5885E+01   .9999945 -.0002046 -.0033128
T 2232  1 .1989759E+07   1000002E-02  .5547E+01 -.3455E+01   .9999965  .0023131 -.0013115
T 2233  1 .1989165E+07   1000137E-02  .6269E+01 -.7052E+01   .9999952  .0017141 -.0025867
T 2234  1 .1983756E+07   1000071E-02 -.2085E+02 -.6430E+01   .9999911 -.0042038  .0001845
T 2235  1 .1982830E+07   1000118E-02  .8275E+01 -.4958E+01   .9999976  .0012593 -.0017716
T 2236  1 .1980489E+07   1000006E-02  .4811E+01  .3149E+01   .9999996  .0003005  .0008189
T 2237  1 .1983513E+07   1000122E-02  .7061E+01  .2413E+02   .9999874  .0027830  .0041830
T 2238  1 .1982300E+07   1000168E-02  .8916E+01 -.1762E+02   .9999995  .0008053  .0006403
T 2239  1 .1986529E+07   1000008E-02 -.1804E+02  .5580E+01   .9999990 -.0003429  .0013363
T 2240  1 .1986253E+07   1000114E-02 -.1911E+01 -.1552E+00   .9999999 -.0003332  .0001445
T 2241  1 .1988569E+07   1000113E-02  .1454E+02 -.2350E+01   .9999984  .0017631  .0004048
T 2242  1 .1986066E+07   1000022E-02  .7408E+00  .4113E+00   .9999997 -.0000492  .0007974
T 2243  1 .1985156E+07   1000028E-02  .4802E+00 -.1073E+02   .9999934 -.0005257 -.0036085
T 2244  1 .1983008E+07   1000134E-02  .2373E+01  .6206E+01   .9999981  .0018617 -.0005897
T 2245  1 .1978923E+07   1000191E-02 -.1652E+01 -.4625E+01   .9999988  .0014982  .0003356
T 2246  1 .1984279E+07   1000222E-02  .2435E+02 -.3717E+01   .9999976  .0021486  .0003868
T 2247  1 .1985576E+07   1000174E-02  .3515E+01 -.6216E+01   .9999939  .0021447 -.0027587
T 2248  1 .1988223E+07   1000095E-02 -.2015E+01 -.1115E+01   .9999988 -.0015705 -.0000213
T 2249  1 .1984992E+07   1000193E-02  .1732E+02 -.1155E+02   .9999875  .0037571 -.0033098
T 2250  1 .1983246E+07   1000072E-02 -.3410E+01  .6158E+01   .9999976  .0021202 -.0005311
T 2251  1 .1989432E+07   1000134E-02 -.2985E+01  .1842E+02   .9999826 -.0005150  .0058832
T 2252  1 .1981140E+07   1000065E-02  .8698E+01 -.3047E+01   .9999961  .0027770  .0000013
T 2253  1 .1982667E+07   1000224E-02  .2307E+02 -.1264E+02   .9999208  .0115169 -.0050760
T 2254  1 .1985820E+07   1000068E-02 -.9681E+00  .8209E+01   .9999997  .0007962 -.0001774
T 2255  1 .1980581E+07   1000140E-02 -.5060E+01 -.1140E+02   .9999958 -.0004730 -.0028717
T 2256  1 .1983681E+07   1000141E-02  .6425E+00 -.1108E+02   .9999975  .0004195 -.0021922
T 2257  1 .1980733E+07   1000106E-02  .3541E+02 -.3843E+02   .9997391  .0156250 -.0166597
T 2258  1 .1983073E+07   1000127E-02  .1949E+01 -.5394E-01   .9999999  .0000074  .0003116
T 2259  1 .1986410E+07   1000056E-02  .5186E+01 -.6897E+01   .9999985  .0016993 -.0001766
T 2260  1 .1986260E+07   1000041E-02 -.1247E+02 -.3752E+01   .9999967 -.0023154  .0011020
T 2261  1 .1987519E+07   1000120E-02 -.1234E+02 -.2948E+01   .9999974 -.0022599 -.0001733
T 2262  1 .1986730E+07   1000084E-02 -.1491E+01 -.3010E+01   .9999947 -.0017144 -.0027638
T 2263  1 .1988282E+07   1000139E-02  .1107E+02 -.2492E+01   .9999981  .0019596  .0000354
T 2264  1 .1984587E+07   1000114E-02  .2799E+02 -.1953E+02   .9999756  .0056483 -.0041115
T 2265  1 .1984549E+07   1000149E-02  .8576E+00 -.2131E+01   .9999999  .0001405 -.0004366
T 2266  1 .1983422E+07   1000004E-02  .5212E+00 -.6200E+01   .9999996  .0002843 -.0008491
T 2267  1 .1982100E+07   1000207E-02 -.4436E+00  .8225E+01   .9999978 -.0017471  .0011271
T 2268  1 .1987518E+07   1000049E-02  .7131E+00 -.3780E+00   .9999999  .0000255  .0001170
T 2269  1 .1984431E+07   1000184E-02  .3157E+00 -.2151E+02   .9999914  .0009296 -.0040393
T 2270  1 .1982529E+07   1000113E-02  .8396E-01 -.4174E+01   .9999976 -.0001882 -.0021706
T 2271  1 .1984591E+07   1000205E-02 -.8305E+01 -.6008E+01   .9999858 -.0023557 -.0047850
T 2272  1 .1982480E+07   1000150E-02 -.4070E+01 -.1641E+02   .9999940 -.0029149 -.0018493
T 2273  1 .1987474E+07   1000006E-02 -.1313E+02 -.1317E+00   .9999999  .0003580  .0000349
T 2274  1 .1980128E+07   1000090E-02 -.4079E+01  .2404E+01   .9999995 -.0009202 -.0004873
T 2275  1 .1978776E+07   1000172E-02 -.2109E+02 -.3773E+01   .9999893 -.0045332 -.0009058
T 2276  1 .1982029E+07   1000057E-02 -.4761E+02  .2496E+02   .9998504 -.0159121  .0067803
T 2277  1 .1982445E+07   1000063E-02  .4340E+01 -.1493E+01   .9999999  .0003296 -.0003242
T 2278  1 .1982415E+07   1000194E-02 -.7495E+01 -.3907E+01   .9999925 -.0037667 -.0009032
T 2279  1 .1983899E+07   1000169E-02  .9043E+01  .1200E+02   .9999995 -.0003223  .0009021
T 2280  1 .1991896E+07   1000169E-02  .2862E+02 -.1474E+00   .9999872  .0048405 -.0014853
T 2281  1 .1983372E+07   1000210E-02  .8278E+00  .2566E+01   .9999982  .0018622  .0003532
T 2282  1 .1987937E+07   1000120E-02 -.5203E+01  .3197E+01   .9999991 -.0004436  .0012771
T 2283  1 .1981377E+07   1000159E-02 -.4385E+01  .7989E+01   .9999883 -.0024695  .0041585
T 2284  1 .1981929E+07   1000098E-02 -.9574E+01  .8923E+01   .9999910 -.0028290  .0031601
T 2285  1 .1984262E+07   1000226E-02 -.6725E+01 -.1043E+02   .9999951 -.0011750 -.0029073
T 2286  1 .1988917E+07   1000167E-02  .5937E+00 -.1719E+00   .9999999 -.0000167 -.0001603
T 2287  1 .1980701E+07   1000212E-02  .1331E+02  .1833E+01   .9999963  .0025254 -.0010141
T 2288  1 .1980537E+07   1000003E-02 -.5336E+01 -.9638E+01   .9999966 -.0007783 -.0025010
T 2289  1 .1980989E+07   1000024E-02 -.2609E+02  .3069E+01   .9999939 -.0034884  .0000952
T 2290  1 .1984545E+07   1000112E-02  .2232E+01  .8054E+00   .9999980 -.0004491  .0019347
T 2291  1 .1982067E+07   1000112E-02 -.2794E+01  .2298E+02   .9999870  .0019452  .0047097
T 2292  1 .1990042E+07   1000151E-02 -.3744E+01  .1205E+02   .9999991 -.0002010  .0013530
T 2293  1 .1989685E+07   1000204E-02 -.3188E+01 -.6519E+00   .9999986 -.0013777 -.0009877
T 2294  1 .1980541E+07   1000146E-02 -.1003E+02  .2790E+01   .9999961 -.0027589  .0003583
T 2295  1 .1981622E+07   1000223E-02  .3308E+01 -.1269E+01   .9999986  .0013748 -.0009087
T 2296  1 .1982828E+07   1000069E-02  .2728E+01 -.2261E+01   .9999982  .0013716 -.0013223
T 2297  1 .1986662E+07   1000108E-02  .3026E+01 -.1882E+02   .9999725  .0030025 -.0067776
T 2298  1 .1991795E+07   1000018E-02 -.3062E-01  .7183E+01   .9999980  .0003270  .0019693
T 2299  1 .1985753E+07   1000219E-02 -.7765E+01  .2031E+02   .9999863 -.0017174  .0049503
T 2300  1 .1984660E+07   1000111E-02 -.4178E+01 -.8311E+01   .9999981  .0002988 -.0019040
T 2301  1 .1990314E+07   1000215E-02 -.6077E+01 -.2423E+01   .9999964 -.0025710 -.0007036
T 2302  1 .1989414E+07   1000153E-02 -.1314E+02 -.1559E+02   .9999980 -.0007307 -.0018507
T 2303  1 .1986109E+07   1000022E-02  .3327E+01 -.1753E+01   .9999993  .0011771 -.0003012
T 2304  1 .1989908E+07   1000148E-02  .1945E+02  .4161E+01   .9999965  .0023580  .0012389
T 2305  1 .1987284E+07   1000087E-02  .3328E+01 -.3798E+00   .9999996  .0008506  .0003061
T 2306  1 .1977681E+07   1000002E-02 -.5088E+01 -.1360E+01   .9999984 -.0015723  .0008192
T 2307  1 .1983053E+07   1000038E-02 -.2447E+01  .1770E+01   .9999996 -.0003726  .0007762
T 2308  1 .1984943E+07   1000032E-02  .1039E+02  .2101E+01   .9999788  .0061895  .0020072
T 2309  1 .1988063E+07   1000093E-02 -.6954E+00 -.3771E+00   .9999999 -.0001222  .0001609
T 2310  1 .1985767E+07   1000081E-02 -.1520E+02  .1464E+02   .9999957 -.0022312  .0018882
T 2311  1 .1983532E+07   1000222E-02 -.4896E+01  .5707E+01   .9999995 -.0004648  .0008937
T 2312  1 .1982842E+07   1000200E-02  .2056E+02  .1462E+00   .9999755  .0070067  .0000666
T 2313  1 .1979064E+07   1000179E-02  .1895E+01 -.3093E-01   .9999996  .0009107  .0000442
T 2314  1 .1985213E+07   1000008E-02 -.1455E+02  .6337E+01   .9999877 -.0031758  .0038184
T 2315  1 .1985173E+07   1000171E-02  .6942E+00 -.8609E+01   .9999971  .0016654  .0017578
T 2316  1 .1987917E+07   1000026E-02 -.1991E+02  .1966E+02   .9999945 -.0028398  .0016929
T 2317  1 .1981974E+07   1000133E-02 -.1189E+02 -.3658E+01   .9999917 -.0036968 -.0016989
T 2318  1 .1982627E+07   1000092E-02  .2461E+01 -.2348E+02   .9999960  .0010277 -.0026405
T 2319  1 .1988778E+07   1000101E-02  .4358E+01  .3011E+01   .9999999  .0002540  .0002003
T 2320  1 .1989565E+07   1000019E-02  .2760E+01  .2121E+00   .9999990  .0014419 -.0000655
T 2321  1 .1987126E+07   1000179E-02 -.1058E+02  .1205E+02   .9999938 -.0014578  .0032045
T 2322  1 .1983156E+07   1000220E-02 -.2044E+02 -.1349E+01   .9999952 -.0029441 -.0009761
T 2323  1 .1982398E+07   1000162E-02  .3990E+01  .3604E+01   .9999964  .0021653  .0015747
T 2324  1 .1987444E+07   1000052E-02 -.2577E+02  .7573E+01   .9999555 -.0088962  .0031377
T 2325  1 .1986498E+07   1000022E-02  .1019E+02 -.1659E+02   .9999963 -.0000706 -.0027257
T 2326  1 .1986803E+07   1000184E-02 -.3596E+01  .1120E+02   .9999992 -.0011540  .0004738
T 2327  1 .1987437E+07   1000115E-02  .1302E+01 -.1793E+00   .9999993 -.0001425 -.0011545
T 2328  1 .1987923E+07   1000190E-02  .1034E+01  .3390E+01   .9999993  .0001926  .0011249
T 2329  1 .1981117E+07   1000028E-02  .6104E+01  .1148E+02   .9999897 -.0017718  .0041703
T 2330  1 .1982328E+07   1000190E-02 -.5237E+01 -.7822E+00   .9999951 -.0027008 -.0015797
T 2331  1 .1983946E+07   1000198E-02 -.7328E+00 -.2651E+01   .9999990 -.0012554 -.0006568
T 2332  1 .1983223E+07   1000002E-02 -.1224E+01 -.4118E+01   .9999979 -.0000271 -.0020251
T 2333  1 .1987032E+07   1000116E-02  .1904E+02 -.1360E+02   .9999843  .0055394 -.0008510
T 2334  1 .1988233E+07   1000210E-02 -.3607E+01  .1659E+01   .9999995 -.0007197  .0006410
T 2335  1 .1987714E+07   1000164E-02  .7351E+01 -.5693E+01   .9999991  .0006731 -.0011321
T 2336  1 .1988994E+07   1000155E-02 -.8485E+01 -.2195E+01   .9999923 -.0038977 -.0003994
T 2337  1 .1981740E+07   1000163E-02 -.4675E+01 -.3374E+01   .9999987 -.0006506 -.0014714
T 2338  1 .1989339E+07   1000094E-02 -.1556E+01 -.6005E+01   .9999962 -.0024951 -.0011936
T 2339  1 .1986577E+07   1000015E-02  .8447E+01  .3130E+01   .9999965  .0021082  .0015994
T 2340  1 .1989323E+07   1000091E-02 -.5644E+01  .1491E+01   .9999982 -.0016818  .0008746
T 2341  1 .1986868E+07   1000047E-02 -.2588E+01 -.5901E+01   .9999975  .0002026 -.0022044
T 2342  1 .1977893E+07   1000139E-02 -.1291E+02  .5644E+01   .9999983 -.0018429 -.0002822
T 2343  1 .1983576E+07   1000149E-02  .1020E+01 -.2312E+01   .9999999  .0000747 -.0004293
T 2344  1 .1980769E+07   1000155E-02  .4290E+01  .1761E+01   .9999994 -.0001965  .0010801
T 2345  1 .1983407E+07   1000017E-02  .4008E+01  .8929E+01   .9999965  .0025124  .0008584
T 2346  1 .1981211E+07   1000202E-02  .1697E+01 -.8404E+00   .9999999 -.0000255  .0002241
T 2347  1 .1983185E+07   1000201E-02  .5538E+01 -.2430E+01   .9999986  .0015305 -.0007141
T 2348  1 .1986397E+07   1000100E-02 -.2576E+02  .1697E+02   .9999952 -.0027797  .0013737
T 2349  1 .1983541E+07   1000082E-02 -.3750E+01 -.4618E+01   .9999996  .0007634  .0003981
T 2350  1 .1989205E+07   1000000E-02 -.5456E-01 -.4537E+00   .9999998 -.0000803 -.0005642
T 2351  1 .1986029E+07   1000007E-02  .1512E+02 -.1462E+02   .9999936  .0017635 -.0030998
T 2352  1 .1983498E+07   1000225E-02 -.3412E+01 -.1310E+02   .9999988 -.0015260 -.0002090
T 2353  1 .1987418E+07   1000063E-02 -.7043E+01  .2593E+02   .9999657 -.0070830  .0042939
T 2354  1 .1986083E+07   1000172E-02 -.2164E+01  .2523E+01   .9999991 -.0007119  .0011409
T 2355  1 .1982581E+07   1000217E-02 -.2854E+01  .5425E+01   .9999996 -.0008008  .0004164
T 2356  1 .1984028E+07   1000133E-02 -.2654E+01  .1186E+02   .9999965 -.0011058  .0023941
T 2357  1 .1983420E+07   1000103E-02  .8577E+00 -.5636E+01   .9999920  .0022326 -.0033150
T 2358  1 .1986958E+07   1000169E-02 -.4183E+01 -.7430E+01   .9999979 -.0003376 -.0019997
T 2359  1 .1984278E+07   1000220E-02  .3142E+01  .1816E+02   .9999957  .0027252  .0011103
T 2360  1 .1982660E+07   1000114E-02 -.1745E+01  .8331E+01   .9999941 -.0006715  .0033554
T 2361  1 .1985377E+07   1000113E-02 -.2434E+01  .5183E+01   .9999932 -.0021722  .0029651
T 2362  1 .1985627E+07   1000157E-02 -.9276E+01 -.1206E+02   .9999955  .0007300 -.0029259
T 2363  1 .1986253E+07   1000209E-02 -.4449E+01 -.2881E+01   .9999981 -.0015223 -.0011767
T 2364  1 .1982311E+07   1000114E-02 -.8135E+01 -.3986E+01   .9999926 -.0033862 -.0018024
T 2365  1 .1984279E+07   1000160E-02 -.6781E+01  .1044E+02   .9999862 -.0029703  .0043400
T 2366  1 .1987107E+07   1000147E-02 -.6758E+00 -.2204E+01   .9999995  .0009004 -.0003443
T 2367  1 .1982799E+07   1000225E-02 -.4774E+01  .7101E+02   .9999502 -.0000154  .0099812
T 2368  1 .1982763E+07   1000096E-02 -.1457E+02 -.3827E+02   .9999589 -.0021170 -.0088101
T 2369  1 .1989728E+07   1000069E-02  .1571E+01 -.2480E+01   .9999993  .0006990 -.0009358
T 2370  1 .1986094E+07   1000186E-02 -.3617E+01 -.2445E+01   .9999973 -.0009113 -.0021503
T 2371  1 .1981962E+07   1000004E-02  .1056E+02 -.7525E+01   .9999985 -.0000122 -.0017525
T 2372  1 .1982824E+07   1000079E-02 -.3505E+01  .8797E+01   .9999986 -.0008605  .0014551
T 2373  1 .1983240E+07   1000098E-02  .2286E+02  .5734E+01   .9999905  .0043168  .0006248
T 2374  1 .1988252E+07   1000213E-02  .1845E+02  .6569E+00   .9999964  .0026915 -.0000659
T 2375  1 .1985371E+07   1000003E-02 -.1157E+02  .6915E+00   .9999935 -.0035566 -.0006627
T 2376  1 .1981627E+07   1000166E-02 -.6281E+01  .4549E+01   .9999975 -.0018922  .0011879
T 2377  1 .1982335E+07   1000006E-02 -.6485E+01 -.9564E+01   .9999994 -.0008684 -.0006616
T 2378  1 .1990655E+07   1000195E-02  .3396E+02 -.3153E+01   .9999645  .0083087 -.0013869
T 2379  1 .1984013E+07   1000018E-02  .5783E-01  .7633E+01   .9999984  .0005739  .0016842
T 2380  1 .1986549E+07   1000114E-02  .1050E+01 -.2584E+01   .9999997 -.0008068 -.0001047
T 2381  1 .1987660E+07   1000032E-02 -.4036E+01 -.9737E+01   .9999881 -.0026702 -.0040829
T 2382  1 .1984030E+07   1000213E-02 -.9500E+01 -.2512E+01   .9999985 -.0003860 -.0017134
T 2383  1 .1982791E+07   1000087E-02  .9814E+01 -.1052E+02   .9999973 -.0022616  .0004399
T 2384  1 .1988658E+07   1000219E-02  .1091E+01  .1418E+01   .9999997  .0007940  .0001426
T 2385  1 .1987462E+07   1000001E-02  .6412E+01  .2233E+02   .9999484  .0024111  .0098667
T 2386  1 .1986804E+07   1000022E-02 -.4825E+01  .7425E+01   .9999979 -.0014490  .0014393
T 2387  1 .1984505E+07   1000220E-02 -.2590E+01  .3852E+01   .9999918  .0017331  .0036543
T 2388  1 .1982809E+07   1000196E-02 -.8528E+01  .6306E+01   .9999995 -.0006579  .0007812
T 2389  1 .1989598E+07   1000090E-02  .3277E+01 -.4126E+01   .9999992  .0007396 -.0009865
T 2390  1 .1985796E+07   1000218E-02 -.3480E+01 -.2266E+01   .9999995 -.0007652 -.0006678
T 2391  1 .1987506E+07   1000099E-02 -.7566E+01  .8910E+01   .9999983 -.0012037  .0014153
T 2392  1 .1984457E+07   1000151E-02 -.4158E+01  .1609E+01   .9999998 -.0001851  .0005946
T 2393  1 .1986375E+07   1000099E-02 -.9494E+01 -.6179E+01   .9999845 -.0025332 -.0049504
T 2394  1 .1991355E+07   1000017E-02  .2869E+01  .1073E+02   .9999965 -.0003032  .0026247
T 2395  1 .1982124E+07   1000186E-02 -.1766E+02 -.2872E+01   .9999902 -.0043374 -.0008882
T 2396  1 .1986435E+07   1000179E-02 -.7480E+01  .2486E+01   .9999987 -.0006600  .0014804
T 2397  1 .1984273E+07   1000161E-02  .5397E+01 -.9234E+01   .9999971  .0016056 -.0017822
T 2398  1 .1979552E+07   1000218E-02  .5536E+01 -.6979E+00   .9999958  .0028796  .0002274
T 2399  1 .1989245E+07   1000214E-02  .4128E+01 -.8688E+00   .9999961  .0023149 -.0015557
T 2400  1 .1984192E+07   1000220E-02 -.3401E+01  .7336E-01   .9999986 -.0009613 -.0013808
T 2401  1 .1983884E+07   1000223E-02  .1298E+02  .2717E+01   .9999937  .0025436  .0024721
T 2402  1 .1982966E+07   1000179E-02 -.3615E+00 -.6595E-01   .9999983  .0004526 -.0017770
T 2403  1 .1982909E+07   1000164E-02  .8148E+01 -.2113E+01   .9999945  .0024820 -.0022176
T 2404  1 .1988933E+07   1000085E-02 -.6500E-01  .1571E+02   .9999958  .0003418  .0028823
T 2405  1 .1980668E+07   1000016E-02 -.6496E-01 -.5716E+01   .9999974  .0003066 -.0022482
T 2406  1 .1979077E+07   1000196E-02 -.2823E+00  .1910E+01   .9999992  .0001502  .0012492
T 2407  1 .1987092E+07   1000007E-02  .3797E+01 -.1911E+02   .9999933  .0010318 -.0035153
T 2408  1 .1979920E+07   1000114E-02  .1078E+02  .1065E+02   .9999936  .0023548  .0026937
T 2409  1 .1981044E+07   1000154E-02  .1787E+01 -.2813E+01   .9999971 -.0002398 -.0023846
T 2410  1 .1986324E+07   1000063E-02  .1702E+01 -.5877E+01   .9999988  .0008177 -.0013430
T 2411  1 .1983948E+07   1000149E-02 -.3525E+01  .4903E+01   .9999985  .0017381 -.0001826
T 2412  1 .1984810E+07   1000004E-02  .5004E+01 -.7282E+00   .9999975  .0019359 -.0011583
T 2413  1 .1987999E+07   1000222E-02  .1226E+02  .4820E+01   .9999976  .0018378  .0012218
T 2414  1 .1983014E+07   1000021E-02  .1195E+01 -.9797E+01   .9999989 -.0010860 -.0010295
T 2415  1 .1987711E+07   1000169E-02  .1099E+02  .1066E+01   .9999900  .0044017 -.0007576
T 2416  1 .1982449E+07   1000108E-02  .1161E+02  .3134E+01   .9999935  .0031311  .0017636
T 2417  1 .1986469E+07   1000166E-02  .3828E+01  .3280E+01   .9999997  .0004744 -.0006863
T 2418  1 .1983199E+07   1000167E-02  .3388E+00  .2911E+01   .9999998 -.0000921  .0006068
T 2419  1 .1986357E+07   1000197E-02  .2137E+01  .3992E+01   .9999997  .0002933  .0006471
T 2420  1 .1989865E+07   1000204E-02  .1473E+02 -.1548E+00   .9999967  .0024867 -.0006440
T 2421  1 .1983105E+07   1000107E-02  .2986E+01 -.7077E+00   .9999993  .0011359 -.0004054
T 2422  1 .1987632E+07   1000120E-02  .6964E+01  .4387E+01   .9999998 -.0005769  .0003302
T 2423  1 .1982703E+07   1000122E-02  .8791E+00  .4495E+01   .9999993 -.0004823  .0010546
T 2424  1 .1987294E+07   1000048E-02 -.3493E+01 -.4980E+01   .9999997  .0007429 -.0003343
T 2425  1 .1987560E+07   1000220E-02  .7277E+01 -.1933E+01   .9999835  .0054228 -.0019184
T 2426  1 .1984399E+07   1000074E-02 -.4311E+01 -.1951E+01   .9999966 -.0025430 -.0005360
T 2427  1 .1984724E+07   1000101E-02  .9296E+01 -.6213E+00   .9999935  .0035981 -.0000055
T 2428  1 .1987736E+07   1000163E-02  .1735E+01  .9275E+01   .9999974  .0007629  .0021426
T 2429  1 .1987779E+07   1000134E-02 -.1310E+01  .2569E+02   .9999988  .0002447  .0015438
T 2430  1 .1986548E+07   1000159E-02 -.7383E+01 -.1705E+01   .9999958 -.0026979 -.0010915
T 2431  1 .1988290E+07   1000119E-02  .8664E+00 -.1437E+01   .9999999  .0001046 -.0004299
T 2432  1 .1980878E+07   1000005E-02 -.3383E+01  .3533E+00   .9999997 -.0003695 -.0006761
T 2433  1 .1983797E+07   1000160E-02  .4217E+01  .1760E+01   .9999993 -.0009937  .0006006
T 2434  1 .1985780E+07   1000182E-02  .1791E+02 -.5733E+00   .9999971  .0022670 -.0008366
T 2435  1 .1977567E+07   1000185E-02 -.4520E+01  .7507E+01   .9999882 -.0007798  .0047987
T 2436  1 .1984890E+07   1000098E-02 -.8420E+00  .9202E+00   .9999999 -.0002877 -.0001927
T 2437  1 .1982432E+07   1000202E-02  .1683E+01  .7801E+01   .9999969  .0015072  .0019807
T 2438  1 .1980816E+07   1000132E-02  .2885E+02 -.1927E+02   .9999558  .0076922 -.0054011
T 2439  1 .1983533E+07   1000118E-02 -.5735E+01  .2747E+01   .9999955 -.0019831  .0022639
T 2440  1 .1980138E+07   1000198E-02 -.2688E+00 -.7867E+00   .9999993 -.0002752 -.0011871
T 2441  1 .1985018E+07   1000196E-02 -.1088E+02  .2963E+00   .9999999 -.0000317 -.0000784
T 2442  1 .1983292E+07   1000069E-02  .2009E+02 -.3931E+02   .9999897  .0035000 -.0029057
T 2443  1 .1982859E+07   1000171E-02  .3266E+01  .1469E+02   .9999835  .0004077  .0057358
T 2444  1 .1985219E+07   1000204E-02 -.1815E+02 -.3283E+01   .9999887 -.0042438  .0021621
T 2445  1 .1991017E+07   1000136E-02  .1541E+01 -.1110E+02   .9999981  .0009958 -.0016552
T 2446  1 .1981128E+07   1000200E-02 -.7196E+01 -.2646E+01   .9999996 -.0008855 -.0002397
T 2447  1 .1983228E+07   1000000E-02 -.8030E+02  .7962E+01   .9998766 -.0156672  .0011464
T 2448  1 .1984923E+07   1000144E-02  .8370E+01  .5279E+01   .9999967  .0025573 -.0003121
T 2449  1 .1982451E+07   1000172E-02  .1534E+02 -.5604E+01   .9999930  .0034144 -.0015149
T 2450  1 .1981463E+07   1000002E-02  .1835E+01  .3188E+01   .9999997  .0007664  .0002537
T 2451  1 .1980589E+07   1000112E-02  .3790E+01 -.5990E+01   .9999997 -.0005039 -.0006584
T 2452  1 .1982743E+07   1000012E-02  .6145E+00  .3679E+01   .9999983  .0001992  .0018306
T 2453  1 .1988800E+07   1000072E-02 -.1591E+02 -.3576E+01   .9999992 -.0007003 -.0010766
T 2454  1 .1982519E+07   1000107E-02 -.7643E+01  .2666E+02   .9999950 -.0018984  .0025481
T 2455  1 .1984113E+07   1000221E-02  .1141E+02  .7627E+01   .9999987  .0012243 -.0010316
T 2456  1 .1988280E+07   1000166E-02  .1651E+02  .2956E+01   .9999968  .0018745  .0017196
T 2457  1 .1985385E+07   1000177E-02  .1353E+01 -.3057E+01   .9999968  .0021764  .0012825
T 2458  1 .1981521E+07   1000068E-02  .2077E+02 -.7073E+01   .9999970  .0024187 -.0002417
T 2459  1 .1979639E+07   1000050E-02  .5064E+01  .3066E+02   .9999948  .0003197  .0032126
T 2460  1 .1980481E+07   1000068E-02  .2350E+02  .1943E+01   .9999834  .0056482  .0011191
T 2461  1 .1983424E+07   1000123E-02 -.2964E+01  .6335E+01   .9999954 -.0013055  .0027457
T 2462  1 .1983257E+07   1000025E-02  .4704E+01 -.1520E+01   .9999986  .0015899 -.0005386
T 2463  1 .1983070E+07   1000109E-02 -.7425E+01 -.1751E+01   .9999996 -.0008947 -.0002876
T 2464  1 .1986312E+07   1000166E-02  .1794E+02 -.2356E+02   .9999896  .0025168 -.0038030
T 2465  1 .1985754E+07   1000208E-02  .4017E+01  .5382E+01   .9999998  .0003507 -.0005492
T 2466  1 .1984501E+07   1000174E-02  .2199E+01  .1492E+01   .9999973  .0004381  .0022874
T 2467  1 .1985243E+07   1000159E-02  .1131E+02 -.1198E+02   .9999898  .0032622 -.0031261
T 2468  1 .1990971E+07   1000049E-02 -.1317E+01 -.5481E+01   .9999996  .0000257 -.0008484
T 2469  1 .1989350E+07   1000181E-02 -.8067E+00  .2379E+01   .9999976  .0001005  .0021749
T 2470  1 .1985215E+07   1000027E-02 -.3230E+01 -.9130E+01   .9999987 -.0013132 -.0009799
T 2471  1 .1983660E+07   1000098E-02  .7257E+01 -.8030E+01   .9999920  .0034781 -.0019939
T 2472  1 .1986652E+07   1000219E-02 -.3252E+01  .7242E+01   .9999935 -.0009084  .0034763
T 2473  1 .1983260E+07   1000167E-02 -.1284E+01 -.4602E+00   .9999996 -.0003087  .0008315
T 2474  1 .1990280E+07   1000213E-02 -.1400E+01  .4652E+01   .9999980  .0007574  .0018395
T 2475  1 .1986704E+07   1000186E-02  .2642E+01  .1013E+02   .9999976 -.0004677  .0021594
T 2476  1 .1986983E+07   1000120E-02  .1305E+01 -.2995E+01   .9999995  .0000615 -.0010324
T 2477  1 .1983898E+07   1000187E-02  .5146E+01 -.2433E+01   .9999980  .0014069 -.0014218
T 2478  1 .1982974E+07   1000211E-02 -.8819E+01  .3871E+01   .9999949 -.0011446  .0029680
T 2479  1 .1985764E+07   1000205E-02 -.1938E+02  .1356E+02   .9999938 -.0032618  .0013274
T 2480  1 .1977944E+07   1000073E-02 -.1661E+02  .3177E+02   .9999943 -.0011624  .0031549
T 2481  1 .1977883E+07   1000211E-02 -.8130E+00 -.1522E+00   .9999999  .0003520 -.0003206
T 2482  1 .1985701E+07   1000214E-02  .8448E+01 -.1390E+02   .9999893  .0013875 -.0044204
T 2483  1 .1981108E+07   1000139E-02 -.7619E+01 -.7595E+01   .9999933 -.0017714 -.0032006
T 2484  1 .1983251E+07   1000207E-02  .9230E-01 -.3295E+01   .9999980 -.0016502 -.0011026
T 2485  1 .1982941E+07   1000143E-02  .4654E+01  .1852E+01   .9999996  .0000894 -.0008694
T 2486  1 .1984397E+07   1000083E-02  .3736E+01 -.5719E+01   .9999989  .0002464 -.0014924
T 2487  1 .1981674E+07   1000074E-02 -.7219E+01  .6806E+02   .9999348  .0010392  .0113696
T 2488  1 .1984925E+07   1000082E-02 -.1088E+02 -.6361E+01   .9999979 -.0010808 -.0017631
T 2489  1 .1985615E+07   1000102E-02 -.9154E+01  .1504E+01   .9999994 -.0008894  .0005811
T 2490  1 .1980972E+07   1000136E-02  .2721E+01  .1588E+01   .9999827 -.0009245  .0058136
T 2491  1 .1981085E+07   1000061E-02 -.1284E+02  .1170E+01   .9999852 -.0051147  .0018734
T 2492  1 .1989245E+07   1000213E-02 -.2065E+02 -.1549E+02   .9999965 -.0026593 -.0001314
T 2493  1 .1984030E+07   1000007E-02 -.9557E+00  .3015E+01   .9999895  .0019227  .0041688
T 2494  1 .1984217E+07   1000085E-02 -.3373E+01 -.1167E+02   .9999962 -.0005131 -.0027184
T 2495  1 .1981652E+07   1000150E-02 -.2272E+01  .7515E+01   .9999977 -.0021301  .0000418
T 2496  1 .1985795E+07   1000149E-02 -.1377E+02  .6772E+01   .9999957 -.0020737  .0020731
T 2497  1 .1989894E+07   1000211E-02  .2572E+02  .9541E+01   .9999739  .0069155  .0020952
T 2498  1 .1983488E+07   1000158E-02 -.2114E+01  .2797E+01   .9999996 -.0008334  .0004531
T 2499  1 .1980400E+07   1000055E-02 -.5939E+00  .4897E+01   .9999994 -.0006180  .0008728
T 2500  1 .1979897E+07   1000065E-02 -.1610E+01  .8731E+00   .9999990 -.0011754  .0008012
T 2501  1 .1983657E+07   1000077E-02 -.5738E+01  .7997E+01   .9999988 -.0008376  .0012957
T 2502  1 .1986932E+07   1000111E-02  .1569E+01 -.1102E+01   .9999997  .0007207  .0001732
T 2503  1 .1987181E+07   1000185E-02  .2624E+02  .3439E+01   .9999836  .0053397 -.0020608
T 2504  1 .1985713E+07   1000177E-02  .9694E+00  .1367E+02   .9999947  .0009102  .0031325
T 2505  1 .1980728E+07   1000007E-02  .4608E+01  .8024E+00   .9999997  .0004853  .0006183
T 2506  1 .1986566E+07   1000058E-02 -.2670E+02 -.3759E+00   .9999879 -.0046895 -.0015028
T 2507  1 .1980933E+07   1000155E-02 -.1251E+02 -.1742E+01   .9999912 -.0039299 -.0014852
T 2508  1 .1985095E+07   1000174E-02 -.1332E+02 -.9198E+01   .9999951 -.0028164 -.0013305
T 2509  1 .1985382E+07   1000098E-02  .1880E+02 -.4429E+01   .9999887  .0046556 -.0009159
T 2510  1 .1990280E+07   1000146E-02  .4793E+00  .1295E+01   .9999998 -.0001073 -.0006367
T 2511  1 .1981495E+07   1000116E-02  .6520E+01 -.8690E+01   .9999987  .0007805 -.0014382
T 2512  1 .1984347E+07   1000089E-02  .6648E+01  .3186E+02   .9999656  .0025305  .0079035
T 2513  1 .1983530E+07   1000045E-02 -.5742E+01 -.7660E+00   .9999989 -.0012634 -.0008016
T 2514  1 .1989020E+07   1000097E-02 -.6506E+01  .1147E+02   .9999968 -.0016127  .0019735
T 2515  1 .1986860E+07   1000159E-02 -.1832E+01 -.8391E+01   .9999988  .0000546 -.0015496
T 2516  1 .1981778E+07   1000168E-02 -.3012E+00 -.8004E+00   .9999999 -.0002462 -.0000181
T 2517  1 .1983801E+07   1000039E-02  .1655E+01 -.3738E+01   .9999976  .0004012  .0021538
T 2518  1 .1982181E+07   1000208E-02  .5115E+01 -.9711E+01   .9999951  .0012726 -.0028446
T 2519  1 .1988278E+07   1000162E-02  .1302E+02  .4641E+00   .9999837  .0055496  .0013360
T 2520  1 .1985303E+07   1000117E-02  .5464E+00 -.2255E+02   .9999936  .0000192 -.0035836
T 2521  1 .1988372E+07   1000098E-02  .4789E+01 -.5093E+01   .9999991  .0008379 -.0010742
T 2522  1 .1987628E+07   1000212E-02  .1376E+02 -.2982E+01   .9999756  .0068828 -.0012130
T 2523  1 .1982161E+07   1000199E-02  .1041E+02 -.1134E+02   .9999938  .0028406 -.0020701
T 2524  1 .1987882E+07   1000211E-02 -.4018E+01 -.3282E+01   .9999988 -.0004985 -.0014437
T 2525  1 .1987567E+07   1000090E-02  .1873E+02 -.7109E+01   .9999926  .0033644 -.0018675
T 2526  1 .1986123E+07   1000109E-02 -.4801E+01  .5213E+01   .9999909 -.0022228  .0036313
T 2527  1 .1988120E+07   1000220E-02 -.6887E+01 -.2328E+01   .9999982  .0005358  .0018121
T 2528  1 .1982757E+07   1000112E-02  .7844E+01  .9598E+00   .9999970  .0023998 -.0004062
T 2529  1 .1983457E+07   1000192E-02  .7414E+01 -.1185E+02   .9999968  .0023825  .0008698
T 2530  1 .1989215E+07   1000016E-02  .8294E+01 -.1102E+02   .9999760  .0048431 -.0049504
T 2531  1 .1984081E+07   1000079E-02 -.1804E+02 -.1249E+02   .9999975 -.0022263  .0000301
T 2532  1 .1984258E+07   1000136E-02 -.1159E+02  .1812E+02   .9999997  .0001175  .0007745
T 2533  1 .1985409E+07   1000184E-02 -.3367E+00  .1254E+01   .9999998 -.0001089  .0006135
T 2534  1 .1988829E+07   1000167E-02 -.4536E+01 -.1419E+02   .9999737 -.0003974 -.0072452
T 2535  1 .1987337E+07   1000098E-02  .6292E+01  .2646E+00   .9999993 -.0010757 -.0004781
T 2536  1 .1982293E+07   1000045E-02 -.7575E+01 -.6061E+01   .9999989 -.0012103 -.0008687
T 2537  1 .1984361E+07   1000010E-02 -.8139E+01  .9480E+01   .9999956  .0006706 -.0028987
T 2538  1 .1990344E+07   1000002E-02  .2066E+01 -.9864E+01   .9999999  .0001247 -.0005190
T 2539  1 .1981680E+07   1000088E-02  .3042E+01 -.1206E+02   .9999993 -.0002527 -.0011494
T 2540  1 .1988991E+07   1000206E-02 -.7885E+01  .8211E+01   .9999950  .0020025  .0024614
T 2541  1 .1986069E+07   1000221E-02  .1771E+00 -.3441E+01   .9999994  .0002273  .0010956
T 2542  1 .1987501E+07   1000023E-02  .3198E+01  .7016E+00   .9999997  .0007020  .0002789
T 2543  1 .1984477E+07   1000005E-02 -.9005E+01  .6796E+01   .9999911 -.0038113  .0017978
T 2544  1 .1983975E+07   1000041E-02 -.1694E+01 -.2212E+01   .9999998 -.0004583 -.0004165
T 2545  1 .1983616E+07   1000195E-02  .2275E+01 -.1678E+01   .9999998 -.0004330 -.0003844
T 2546  1 .1986351E+07   1000063E-02 -.6229E+01 -.6685E+01   .9999974 -.0022610  .0003123
T 2547  1 .1989913E+07   1000046E-02  .2024E+02  .6231E+01   .9999944  .0032768  .0007211
T 2548  1 .1981715E+07   1000183E-02 -.4231E+01 -.2767E+01   .9999993 -.0009666 -.0007000
T 2549  1 .1985349E+07   1000067E-02 -.3997E+01  .1934E+02   .9999955  .0003262  .0029935
T 2550  1 .1984398E+07   1000027E-02  .2618E+00  .1276E+02   .9999945  .0005714  .0032646
T 2551  1 .1982639E+07   1000127E-02 -.8874E+01 -.4800E+01   .9999992 -.0012157 -.0002040
T 2552  1 .1984504E+07   1000206E-02 -.1405E+02 -.1457E+01   .9999970 -.0009935 -.0022409
T 2553  1 .1983667E+07   1000213E-02  .8263E+01 -.1529E+02   .9999940  .0011843 -.0032573
T 2554  1 .1987187E+07   1000100E-02  .2138E+01  .1293E+01   .9999998  .0005971  .0003182
T 2555  1 .1978592E+07   1000048E-02  .5294E+01 -.6166E+01   .9999981 -.0002373 -.0019133
T 2556  1 .1989870E+07   1000103E-02 -.4617E+00 -.3711E+01   .9999975 -.0004967 -.0021594
T 2557  1 .1983346E+07   1000206E-02 -.3381E+01  .6958E+01   .9999981 -.0008880  .0017125
T 2558  1 .1982358E+07   1000039E-02  .1381E+02  .3746E+01   .9999916  .0038215  .0014860
T 2559  1 .1985647E+07   1000041E-02  .4957E+01 -.1143E+02   .9999985  .0004653 -.0016443
T 2560  1 .1981651E+07   1000135E-02  .9797E+01 -.1463E+01   .9999982  .0018263 -.0005549
T 2561  1 .1988491E+07   1000209E-02 -.4391E+00  .5167E+00   .9999998 -.0002011  .0005360
T 2562  1 .1985514E+07   1000032E-02  .1730E+02  .2689E+01   .9999948  .0030405 -.0010369
T 2563  1 .1979430E+07   1000212E-02 -.7700E+01  .1132E+01   .9999994 -.0010197 -.0004921
T 2564  1 .1985361E+07   1000113E-02 -.3496E+01 -.1033E+02   .9999981 -.0018704 -.0005224
T 2565  1 .1983678E+07   1000164E-02 -.1943E+01  .8079E+01   .9999864  .0051775  .0007011
T 2566  1 .1979073E+07   1000004E-02  .1938E+01  .1197E+02   .9999855  .0024078  .0048160
T 2567  1 .1980357E+07   1000166E-02  .4424E+01  .5481E+01   .9999993  .0011814 -.0002762
T 2568  1 .1988750E+07   1000190E-02  .2660E+02  .3297E+02   .9999841  .0029884  .0047770
T 2569  1 .1985619E+07   1000062E-02  .2918E+00 -.1675E+00   .9999995 -.0008123  .0005874
T 2570  1 .1982279E+07   1000148E-02 -.5760E+01 -.1310E+02   .9999999 -.0001357  .0000942
T 2571  1 .1986104E+07   1000224E-02 -.2182E+02 -.1812E+01   .9999944 -.0032742  .0007556
T 2572  1 .1985545E+07   1000223E-02 -.8553E+00  .8422E+01   .9999783 -.0002231  .0065767
T 2573  1 .1984576E+07   1000079E-02  .1492E+02 -.8572E+01   .9999984  .0012309 -.0012699
T 2574  1 .1987757E+07   1000007E-02 -.3042E+01  .3773E+01   .9999966 -.0016254  .0020621
T 2575  1 .1982962E+07   1000159E-02  .1980E+02 -.8838E+01   .9999877  .0045953 -.0018862
T 2576  1 .1984426E+07   1000212E-02 -.1476E+02  .1329E+02   .9999775 -.0035528  .0056949
T 2577  1 .1983214E+07   1000095E-02 -.2137E+01  .4540E+01   .9999996  .0008383 -.0002001
T 2578  1 .1990193E+07   1000071E-02 -.1621E+01 -.5288E+01   .9999986 -.0006570 -.0015462
T 2579  1 .1984688E+07   1000222E-02  .4011E+02  .4279E+02   .9999501  .0066402  .0074632
T 2580  1 .1980839E+07   1000146E-02  .1052E+02  .2821E+01   .9999928  .0033224  .0018392
T 2581  1 .1984729E+07   1000127E-02 -.4389E+01  .1707E+01   .9999989 -.0012297  .0007990
T 2582  1 .1987277E+07   1000075E-02  .1472E+02  .8624E+01   .9999955 -.0029946 -.0001493
T 2583  1 .1985933E+07   1000206E-02 -.1405E+02 -.1166E+02   .9999952 -.0025839 -.0017107
T 2584  1 .1986053E+07   1000006E-02  .3286E+01  .5469E+01   .9999988  .0005790  .0014319
T 2585  1 .1988500E+07   1000178E-02  .2893E+01  .3095E+01   .9999944  .0018733  .0027763
T 2586  1 .1985338E+07   1000219E-02 -.5385E+01 -.1764E+01   .9999972 -.0021187  .0010858
T 2587  1 .1984337E+07   1000095E-02  .7201E+00 -.7798E+01   .9999986  .0003877 -.0016291
T 2588  1 .1980007E+07   1000208E-02 -.4439E+01  .1134E+02   .9999983 -.0002871  .0018364
T 2589  1 .1987000E+07   1000003E-02 -.2078E+02  .1994E+02   .9999886 -.0029141  .0037713
T 2590  1 .1980937E+07   1000159E-02 -.3885E+02 -.1277E+02   .9999711 -.0075664  .0007454
T 2591  1 .1991373E+07   1000120E-02  .1146E+02  .4376E+01   .9999514  .0051308 -.0084142
T 2592  1 .1986206E+07   1000192E-02 -.2427E+02  .1360E+00   .9999965 -.0025585  .0006686
T 2593  1 .1981214E+07   1000110E-02  .1241E+01 -.4547E+01   .9999994 -.0010195 -.0003699
T 2594  1 .1985444E+07   1000099E-02  .1234E+02 -.8480E+01   .9999904  .0043649 -.0003555
T 2595  1 .1984562E+07   1000127E-02  .4276E+01  .6787E+01   .9999998  .0004868  .0004530
T 2596  1 .1981674E+07   1000117E-02 -.1701E+02  .5958E+01   .9999839 -.0055003  .0013788
T 2597  1 .1989128E+07   1000109E-02  .1090E+00 -.3866E+00   .9999990  .0000745  .0014264
T 2598  1 .1983703E+07   1000194E-02  .9476E+01 -.4928E+01   .9999991  .0012610 -.0003439
T 2599  1 .1986455E+07   1000210E-02 -.2864E+01 -.2014E+01   .9999987 -.0005477 -.0015469
T 2600  1 .1983843E+07   1000097E-02 -.1296E+02  .8355E+01   .9999979 -.0019668  .0005515
T 2601  1 .1983780E+07   1000147E-02 -.1242E+02  .3194E+01   .9999968 -.0018230  .0017457
T 2602  1 .1986988E+07   1000076E-02 -.7885E+00  .4118E-01   .9999990  .0012658 -.0005945
T 2603  1 .1981868E+07   1000112E-02 -.2176E+01 -.4506E+01   .9999964 -.0011272 -.0024217
T 2604  1 .1980718E+07   1000011E-02 -.1401E+02  .5636E+01   .9999956 -.0028297  .0009061
T 2605  1 .1983132E+07   1000133E-02 -.9241E+01 -.5263E+00   .9999991 -.0012818  .0004595
T 2606  1 .1983042E+07   1000046E-02  .2051E+00 -.2061E+02   .9999979 -.0000126 -.0020320
T 2607  1 .1986073E+07   1000162E-02  .1529E+02 -.5151E+01   .9999890  .0046685 -.0005409
T 2608  1 .1982741E+07   1000038E-02  .1119E+01  .4961E+00   .9999986  .0014782  .0007375
T 2609  1 .1980460E+07   1000100E-02  .1357E+01 -.1913E+02   .9999998  .0002422 -.0005426
T 2610  1 .1984808E+07   1000199E-02  .1876E+02 -.1329E+02   .9999944  .0021588 -.0025593
T 2611  1 .1987928E+07   1000007E-02 -.5680E+01  .8324E+00   .9999882 -.0047906 -.0008445
T 2612  1 .1982665E+07   1000090E-02  .3786E+00 -.1241E+01   .9999976 -.0002381 -.0021653
T 2613  1 .1985992E+07   1000220E-02  .1229E+02  .1084E+02   .9999975  .0020187  .0009353
T 2614  1 .1983099E+07   1000221E-02 -.4459E+00 -.5160E+01   .9999998 -.0001256 -.0006146
T 2615  1 .1985913E+07   1000127E-02 -.6530E+01  .3884E+01   .9999981 -.0014294  .0013167
T 2616  1 .1985443E+07   1000119E-02 -.1452E+02  .3252E+01   .9999916 -.0037982 -.0015301
T 2617  1 .1987643E+07   1000085E-02  .1862E-01 -.1101E+01   .9999999  .0000368  .0000003
T 2618  1 .1979994E+07   1000035E-02  .1999E+01  .1639E+01   .9999988  .0003612  .0015069
T 2619  1 .1979895E+07   1000212E-02  .1320E+02 -.1352E+01   .9999910  .0033622  .0026024
T 2620  1 .1980356E+07   1000202E-02  .8424E+01 -.2970E+01   .9999972  .0022683 -.0006629
T 2621  1 .1982954E+07   1000138E-02 -.4468E+02  .6729E+01   .9999217 -.0123815  .0018197
T 2622  1 .1982497E+07   1000061E-02  .5415E+01 -.4582E+01   .9999978  .0013230 -.0016354
T 2623  1 .1984687E+07   1000221E-02 -.4718E+01 -.2906E+01   .9999970 -.0022550 -.0009260
T 2624  1 .1981982E+07   1000225E-02 -.1152E+02  .3154E+01   .9999986 -.0011468  .0012081
T 2625  1 .1981529E+07   1000213E-02  .2188E-01 -.1020E+01   .9999998 -.0000045 -.0006973
T 2626  1 .1985527E+07   1000111E-02  .1152E+02  .1129E+02   .9999962  .0020875  .0018115
T 2627  1 .1984673E+07   1000072E-02 -.5936E+01 -.3414E+01   .9999912 -.0038093 -.0017348
T 2628  1 .1986461E+07   1000111E-02  .1736E+02 -.1292E+02   .9999966  .0014616 -.0021646
T 2629  1 .1983844E+07   1000193E-02  .3389E+00  .6875E+01   .9999963 -.0020906 -.0017509
T 2630  1 .1987837E+07   1000016E-02 -.2170E+01 -.7209E+00   .9999995  .0000324  .0009594
T 2631  1 .1984082E+07   1000012E-02 -.1096E+01  .7745E+01   .9999973 -.0007468  .0021971
T 2632  1 .1982094E+07   1000052E-02  .2867E+01 -.4237E+00   .9999989  .0014487 -.0002345
T 2633  1 .1983395E+07   1000079E-02  .2834E+00 -.3409E+01   .9999980  .0004683 -.0019194
T 2634  1 .1981607E+07   1000064E-02  .7424E+01 -.3129E+02   .9999740  .0031350 -.0064968
T 2635  1 .1979278E+07   1000126E-02  .2873E+02  .4812E+02   .9999539  .0054415  .0079089
T 2636  1 .1988849E+07   1000088E-02 -.3027E+02 -.6601E+01   .9999916 -.0041071  .0001137
T 2637  1 .1982021E+07   1000185E-02  .3691E+02 -.3716E+02   .9999161  .0089149 -.0093931
T 2638  1 .1987326E+07   1000224E-02  .9230E+01 -.3275E+02   .9999616  .0028709 -.0082833
T 2639  1 .1980599E+07   1000042E-02 -.2380E+02  .5647E+01   .9999809 -.0055834  .0026587
T 2640  1 .1985906E+07   1000222E-02 -.1108E+02 -.5660E+01   .9999925 -.0037794 -.0008788
T 2641  1 .1984390E+07   1000150E-02 -.1252E+02 -.2535E+01   .9999981 -.0017821 -.0007824
T 2642  1 .1986258E+07   1000073E-02 -.3067E+02  .9392E+01   .9999457 -.0101877 -.0021733
T 2643  1 .1987930E+07   1000045E-02 -.1487E+02  .1684E+02   .9999706 -.0024468  .0072627
T 2644  1 .1982069E+07   1000148E-02 -.8706E+01  .8538E+01   .9999984 -.0012374  .0013127
T 2645  1 .1983208E+07   1000007E-02  .2025E+01 -.8364E+01   .9999998 -.0000072 -.0006063
T 2646  1 .1990178E+07   1000154E-02  .1529E+02 -.1710E+02   .9999867  .0036853 -.0036071
T 2647  1 .1984649E+07   1000053E-02 -.5187E+00  .1377E+02   .9999953  .0003072  .0030573
T 2648  1 .1982969E+07   1000125E-02  .1968E+01 -.1003E+01   .9999991  .0000961  .0013586
T 2649  1 .1988603E+07   1000086E-02 -.8167E+01  .1703E+02   .9999933 -.0022627  .0028640
T 2650  1 .1986773E+07   1000157E-02  .8304E+01  .1357E+02   .9999953  .0020037  .0023075
T 2651  1 .1984931E+07   1000203E-02 -.3214E+02  .1357E+01   .9999911 -.0040536 -.0011327
T 2652  1 .1981930E+07   1000083E-02 -.2528E+01 -.2110E+02   .9999932 -.0007591 -.0035974
T 2653  1 .1986745E+07   1000056E-02 -.2261E+01  .9434E+00   .9999947 -.0029197  .0014363
T 2654  1 .1989485E+07   1000014E-02 -.8374E+00  .7268E+01   .9999970 -.0015511 -.0018959
T 2655  1 .1988600E+07   1000171E-02 -.2432E+01 -.4366E+01   .9999975 -.0013064 -.0018396
T 2656  1 .1987020E+07   1000066E-02  .2520E+01 -.1159E+02   .9999972  .0005124 -.0023166
T 2657  1 .1989594E+07   1000065E-02  .4050E+01  .2744E+01   .9999984  .0017759 -.0000628
T 2658  1 .1986857E+07   1000191E-02  .4841E+01 -.1112E+02   .9999917  .0019721 -.0035630
T 2659  1 .1986790E+07   1000212E-02 -.5196E+01 -.6386E+01   .9999948 -.0009916 -.0030636
T 2660  1 .1986116E+07   1000154E-02  .2741E+01  .3771E+01   .9999985  .0008354  .0015007
T 2661  1 .1986837E+07   1000221E-02 -.7845E+00  .6918E+01   .9999991 -.0003951  .0013160
T 2662  1 .1988461E+07   1000050E-02  .8399E+01  .1202E+02   .9999985  .0000160  .0017544
T 2663  1 .1983489E+07   1000158E-02 -.7495E-01 -.5542E+01   .9999830 -.0015985 -.0056116
T 2664  1 .1984348E+07   1000198E-02 -.1432E+01  .9013E+00   .9999999 -.0002280  .0004788
T 2665  1 .1979069E+07   1000060E-02 -.1485E+02 -.2822E+02   .9999943  .0002269 -.0033699
T 2666  1 .1985892E+07   1000197E-02  .1032E+02  .2514E+01   .9999976  .0021154  .0006019
T 2667  1 .1988607E+07   1000134E-02  .2894E+01  .1057E+01   .9999987  .0009980  .0012515
T 2668  1 .1984143E+07   1000202E-02 -.7035E+00  .8595E+01   .9999907 -.0011820  .0041565
T 2669  1 .1981363E+07   1000120E-02 -.1892E+01  .1333E+02   .9999912  .0007578  .0041373
T 2670  1 .1983995E+07   1000160E-02 -.7891E+00  .3376E+01   .9999995  .0010110 -.0001239
T 2671  1 .1981620E+07   1000218E-02 -.1203E+02  .7388E+01   .9999996 -.0007555  .0004760
T 2672  1 .1988659E+07   1000222E-02  .1080E+02  .1904E+02   .9999957  .0016694  .0023982
T 2673  1 .1986395E+07   1000202E-02  .1133E+02 -.5364E+02   .9999661  .0023158 -.0079016
T 2674  1 .1986396E+07   1000168E-02 -.3953E+00 -.1662E+01   .9999999  .0001014 -.0005203
T 2675  1 .1979160E+07   1000125E-02  .6908E+01  .1596E+02   .9999930  .0004975  .0037093
T 2676  1 .1985144E+07   1000141E-02  .1567E+02 -.1432E+02   .9999930  .0029576 -.0022950
T 2677  1 .1983153E+07   1000106E-02  .4332E+01 -.9546E+00   .9999950 -.0015019 -.0027666
T 2678  1 .1983682E+07   1000164E-02 -.5828E+01 -.8808E+00   .9999977 -.0020730 -.0005129
T 2679  1 .1986854E+07   1000206E-02  .5572E+00  .4717E+01   .9999989 -.0004196  .0014494
T 2680  1 .1986046E+07   1000005E-02 -.2199E+02 -.8650E+01   .9999956 -.0029333 -.0005352
T 2681  1 .1978005E+07   1000124E-02 -.1624E+01 -.9079E+01   .9999872  .0006921 -.0050154
T 2682  1 .1986656E+07   1000163E-02 -.1166E+01 -.1436E+01   .9999999 -.0000224 -.0004643
T 2683  1 .1982309E+07   1000039E-02 -.1115E+02 -.6651E+01   .9999920 -.0035895 -.0017541
T 2684  1 .1981503E+07   1000150E-02  .5588E+01  .4255E+01   .9999874  .0037301  .0033665
T 2685  1 .1980558E+07   1000102E-02  .2044E+01  .3053E+01   .9999984  .0009220  .0015604
T 2686  1 .1988484E+07   1000149E-02 -.2377E+01  .3030E+02   .9999942 -.0005990  .0033586
T 2687  1 .1984921E+07   1000206E-02  .2654E+01 -.1939E+01   .9999985 -.0001150 -.0017187
T 2688  1 .1980643E+07   1000155E-02 -.1097E+02  .3053E+01   .9999862 -.0051320  .0011297
T 2689  1 .1984638E+07   1000127E-02 -.1797E+02  .8978E+01   .9999830 -.0057854  .0007315
T 2690  1 .1982560E+07   1000020E-02  .1359E+01 -.8079E+00   .9999968  .0015915 -.0019459
T 2691  1 .1985280E+07   1000158E-02 -.1443E+02 -.1508E+02   .9999864 -.0029312 -.0043114
T 2692  1 .1981170E+07   1000139E-02  .3514E+01 -.3489E+01   .9999993  .0011437  .0002902
T 2693  1 .1987258E+07   1000191E-02 -.6156E+00 -.2143E+01   .9999998 -.0004893 -.0003249
T 2694  1 .1983317E+07   1000212E-02 -.1522E+01  .4645E+00   .9999986  .0011008 -.0012458
T 2695  1 .1983857E+07   1000037E-02  .5644E+01  .1561E+02   .9999696  .0075401  .0019840
T 2696  1 .1986874E+07   1000181E-02 -.1593E+02  .1473E+02   .9999906 -.0036966  .0022552
T 2697  1 .1984424E+07   1000176E-02 -.5223E+01  .1214E+01   .9999963 -.0002027  .0027189
T 2698  1 .1987882E+07   1000088E-02 -.2665E+02 -.1091E+01   .9999920 -.0039818 -.0004875
T 2699  1 .1983961E+07   1000212E-02 -.9913E+01 -.6732E+01   .9999966  .0005467 -.0025445
T 2700  1 .1980990E+07   1000110E-02  .3388E+01  .2355E+02   .9999963 -.0013688  .0023584
T 2701  1 .1986077E+07   1000209E-02  .6341E+01  .7784E+01   .9999902  .0019199  .0039962
T 2702  1 .1981642E+07   1000105E-02  .1110E+02  .1711E+01   .9999994  .0001103 -.0010746
T 2703  1 .1980866E+07   1000210E-02  .5334E+01 -.1871E+02   .9999815 -.0002738 -.0060722
T 2704  1 .1984757E+07   1000139E-02 -.7254E+01 -.6094E+01   .9999976 -.0002583 -.0021691
T 2705  1 .1983122E+07   1000194E-02  .3770E+00 -.1425E+01   .9999992  .0000888 -.0012236
T 2706  1 .1986490E+07   1000049E-02  .6229E+00  .4369E+01   .9999976 -.0021443 -.0003740
T 2707  1 .1990483E+07   1000067E-02  .5081E+00 -.2210E+02   .9999955 -.0005937 -.0029454
T 2708  1 .1988283E+07   1000007E-02 -.1456E+01  .2278E+01   .9999953 -.0016161  .0026159
T 2709  1 .1983023E+07   1000169E-02 -.3163E+00  .1553E+01   .9999994 -.0005472  .0009625
T 2710  1 .1987168E+07   1000175E-02  .2652E+01  .1752E+02   .9999930  .0007130  .0036726
T 2711  1 .1985027E+07   1000225E-02 -.3270E+01 -.4364E+00   .9999959 -.0020633 -.0019683
T 2712  1 .1978996E+07   1000003E-02  .6556E+01 -.2921E+02   .9999988 -.0015548  .0002322
T 2713  1 .1987396E+07   1000138E-02 -.1518E+02  .8325E+01   .9999925 -.0036644  .0012458
T 2714  1 .1981427E+07   1000021E-02  .4195E+02 -.5133E+01   .9999809  .0061714  .0003798
T 2715  1 .1983857E+07   1000008E-02 -.8403E+01  .6672E+01   .9999974 -.0010812  .0020008
T 2716  1 .1986368E+07   1000204E-02  .7244E+01 -.3268E+01   .9999997  .0001856 -.0006836
T 2717  1 .1982365E+07   1000188E-02 -.2295E+01 -.1021E+02   .9999983 -.0007727 -.0016980
T 2718  1 .1984193E+07   1000168E-02  .2948E+02 -.6818E+01   .9999875  .0048088 -.0013860
T 2719  1 .1985845E+07   1000019E-02 -.8976E+01 -.1680E+02   .9999984  .0000165 -.0017821
T 2720  1 .1988238E+07   1000061E-02 -.8470E+01 -.9099E+01   .9999932 -.0031948 -.0018512
T 2721  1 .1986738E+07   1000208E-02  .5989E+01  .5840E+01   .9999949  .0027491  .0015957
T 2722  1 .1985227E+07   1000030E-02  .2746E+01 -.3246E+01   .9999976 -.0010571 -.0019192
T 2723  1 .1987200E+07   1000146E-02  .2918E+01  .7869E+00   .9999974  .0019847  .0011016
T 2724  1 .1985414E+07   1000082E-02  .4073E+01 -.4596E+01   .9999997  .0005136  .0006162
T 2725  1 .1982338E+07   1000162E-02 -.1719E+01  .6334E+01   .9999847  .0028302  .0047462
T 2726  1 .1985286E+07   1000094E-02  .1204E+01 -.1411E+01   .9999995  .0009537  .0001444
T 2727  1 .1987487E+07   1000055E-02  .3750E+01  .1079E+02   .9999872  .0024611  .0044142
T 2728  1 .1984941E+07   1000185E-02 -.1499E+02  .1544E+01   .9999989 -.0013312  .0005831
T 2729  1 .1981102E+07   1000135E-02  .7888E+01  .2150E+01   .9999966  .0023488 -.0011303
T 2730  1 .1985149E+07   1000132E-02 -.2017E+01 -.3739E+01   .9999996  .0000898 -.0008931
T 2731  1 .1981396E+07   1000142E-02  .3951E+01  .1738E+02   .9999810  .0017947  .0059011
T 2732  1 .1988927E+07   1000213E-02 -.5924E+01 -.1286E+02   .9999890 -.0011552 -.0045355
T 2733  1 .1985343E+07   1000001E-02 -.2605E+01 -.4039E+01   .9999991 -.0008271 -.0010299
T 2734  1 .1985309E+07   1000111E-02  .1294E+01 -.6144E+01   .9999962 -.0027044  .0005025
T 2735  1 .1982464E+07   1000055E-02  .8383E+01  .1813E+01   .9999961  .0019409  .0020136
T 2736  1 .1979719E+07   1000178E-02  .1532E+01  .1049E+02   .9999979 -.0000946  .0020489
T 2737  1 .1987934E+07   1000019E-02 -.2561E+02 -.4662E+02   .9999817 -.0022830 -.0055995
T 2738  1 .1982245E+07   1000170E-02 -.4812E+01 -.1242E+02   .9999969 -.0017874 -.0017432
T 2739  1 .1985795E+07   1000154E-02 -.5379E+01 -.2449E+01   .9999971 -.0023568 -.0005592
T 2740  1 .1990707E+07   1000076E-02  .1781E+01  .1032E+01   .9999999  .0001715  .0001967
T 2741  1 .1984815E+07   1000126E-02 -.1426E+02  .6560E+00   .9999811 -.0060717  .0009372
T 2742  1 .1990028E+07   1000226E-02 -.8895E+00  .5248E+01   .9999991 -.0004469  .0012980
T 2743  1 .1984039E+07   1000223E-02 -.4623E+00  .2203E+01   .9999997  .0003314  .0006949
T 2744  1 .1989216E+07   1000186E-02  .4712E+01 -.2635E+01   .9999968  .0024787  .0005348
T 2745  1 .1981331E+07   1000222E-02 -.1794E+02  .8612E+01   .9999912 -.0041280  .0007732
T 2746  1 .1988781E+07   1000006E-02  .6441E+01  .7435E+00   .9999994  .0006019  .0009382
T 2747  1 .1985876E+07   1000088E-02 -.6737E+00 -.1653E+01   .9999982  .0005642 -.0017899
T 2748  1 .1983134E+07   1000213E-02 -.4878E+01  .1449E+01   .9999980 -.0019191 -.0004981
T 2749  1 .1989299E+07   1000009E-02 -.2451E+01 -.6835E+01   .9999946 -.0018357 -.0027357
T 2750  1 .1985029E+07   1000118E-02  .7064E+01 -.5326E+00   .9999999  .0003583 -.0000194
T 2751  1 .1982985E+07   1000142E-02 -.1814E+02  .1003E+01   .9999968 -.0023448 -.0009087
T 2752  1 .1984575E+07   1000008E-02 -.9428E+01  .7631E+01   .9999978 -.0012895  .0016306
T 2753  1 .1981378E+07   1000133E-02  .1552E+01  .2532E+01   .9999984  .0009430  .0015499
T 2754  1 .1985774E+07   1000116E-02 -.3136E+01  .1324E+02   .9999994 -.0002271  .0010244
T 2755  1 .1983582E+07   1000078E-02  .1047E+01  .1051E+01   .9999998  .0004545 -.0003983
T 2756  1 .1984370E+07   1000105E-02  .1877E+02 -.8628E+01   .9999982  .0017683 -.0007154
T 2757  1 .1981205E+07   1000211E-02 -.5884E+01  .8037E+01   .9999996  .0000442  .0008730
T 2758  1 .1989587E+07   1000084E-02 -.1227E+02  .1165E+02   .9999990 -.0011445  .0008526
T 2759  1 .1984978E+07   1000179E-02  .1171E+02 -.7789E+00   .9999949  .0030521  .0009629
T 2760  1 .1986997E+07   1000106E-02 -.1426E+02 -.2263E+01   .9999953 -.0030433  .0004604
T 2761  1 .1985839E+07   1000049E-02 -.4671E+01 -.2486E+01   .9999945 -.0023941 -.0023163
T 2762  1 .1987436E+07   1000154E-02 -.1863E+02  .3746E+01   .9999970 -.0023855  .0005396
T 2763  1 .1986521E+07   1000142E-02  .2112E+01  .3857E+01   .9999981  .0011845  .0015486
T 2764  1 .1992022E+07   1000186E-02  .9063E+00  .2372E+01   .9999998  .0004785  .0003421
T 2765  1 .1980678E+07   1000007E-02 -.4074E+01 -.8875E+00   .9999983 -.0017703  .0005256
T 2766  1 .1989421E+07   1000221E-02 -.6556E-01 -.9728E+00   .9999992 -.0012458 -.0003423
T 2767  1 .1980105E+07   1000048E-02 -.6059E+01 -.3527E+01   .9999947 -.0032099 -.0004796
T 2768  1 .1984593E+07   1000119E-02  .1149E+02  .6956E+01   .9999967  .0020996  .0014823
T 2769  1 .1988936E+07   1000182E-02 -.1165E+01 -.1425E+01   .9999990  .0008121  .0011275
T 2770  1 .1985544E+07   1000105E-02  .2910E+01  .1006E+02   .9999894 -.0012575  .0044278
T 2771  1 .1983923E+07   1000206E-02 -.9788E+01  .2212E+02   .9999823 -.0018360  .0056549
T 2772  1 .1980599E+07   1000092E-02 -.9162E+01  .1688E+02   .9999788 -.0055916  .0033365
T 2773  1 .1985424E+07   1000086E-02  .2283E+02  .3070E+02   .9999852  .0047336  .0026771
T 2774  1 .1984437E+07   1000143E-02  .7088E+01  .5740E+01   .9999994  .0006515  .0008411
T 2775  1 .1982516E+07   1000007E-02  .2918E+01  .3220E+00   .9999993  .0011650  .0001314
T 2776  1 .1986087E+07   1000046E-02  .1255E+01 -.1245E+01   .9999998  .0002578 -.0005971
T 2777  1 .1984967E+07   1000008E-02 -.1191E+02  .4353E+01   .9999999 -.0000606 -.0004765
T 2778  1 .1989121E+07   1000165E-02  .1452E+02 -.3318E+02   .9999871  .0006410 -.0050376
T 2779  1 .1986270E+07   1000162E-02  .1405E+02 -.1644E+01   .9999821  .0050939 -.0031483
T 2780  1 .1981728E+07   1000168E-02  .1809E+02  .2509E+02   .9999667  .0052012  .0062920
T 2781  1 .1983412E+07   1000127E-02  .1620E+01 -.2314E+01   .9999950  .0019999 -.0024402
T 2782  1 .1983856E+07   1000171E-02  .8134E+01  .4342E+01   .9999985  .0011905  .0012572
T 2783  1 .1984914E+07   1000029E-02  .2117E+00  .1044E+02   .9999976  .0006401  .0020907
T 2784  1 .1981943E+07   1000120E-02  .1220E+02  .5349E+02   .9999837  .0017411  .0054350
T 2785  1 .1986812E+07   1000223E-02  .2673E+02  .2058E+01   .9999918  .0040450 -.0002333
T 2786  1 .1979762E+07   1000090E-02 -.6440E+00  .3335E+02   .9999672 -.0002896  .0080990
T 2787  1 .1984355E+07   1000018E-02  .1457E+02  .5329E+01   .9999915  .0040856  .0005871
T 2788  1 .1986841E+07   1000192E-02 -.3934E+01  .1925E+01   .9999982 -.0014884  .0011602
T 2789  1 .1990950E+07   1000026E-02  .6816E+01  .7068E+01   .9999976  .0018444  .0011824
T 2790  1 .1986010E+07   1000133E-02  .2547E+01 -.8009E+01   .9999985  .0008868 -.0014809
T 2791  1 .1990299E+07   1000051E-02 -.1470E+02 -.1525E+01   .9999985  .0008497 -.0014865
T 2792  1 .1984462E+07   1000114E-02  .4029E+01  .2364E+02   .9999890 -.0001097  .0046965
T 2793  1 .1984938E+07   1000151E-02 -.9841E+01 -.1674E+01   .9999977 -.0020510  .0006532
T 2794  1 .1983105E+07   1000202E-02 -.6769E+00 -.8468E+01   .9999995 -.0003312 -.0009743
T 2795  1 .1982543E+07   1000216E-02  .4734E+01  .2323E+01   .9999974 -.0002154 -.0022677
T 2796  1 .1982965E+07   1000212E-02 -.6081E+01 -.8189E+01   .9999940 -.0033323 -.0009442
T 2797  1 .1982949E+07   1000089E-02  .1285E+01  .9456E+00   .9999999  .0002997 -.0003225
T 2798  1 .1983797E+07   1000210E-02  .3482E+01 -.5606E+01   .9999990  .0013552 -.0002752
T 2799  1 .1985107E+07   1000168E-02 -.2963E+01  .2420E+02   .9999927 -.0016263  .0034639
T 2800  1 .1986718E+07   1000213E-02 -.2893E+01  .6329E+01   .9999996 -.0008431 -.0001626
T 2801  1 .1986115E+07   1000158E-02  .6493E+01 -.1976E+02   .9999861  .0004199 -.0052570
T 2802  1 .1981950E+07   1000157E-02  .2805E+01 -.6411E+00   .9999997  .0002418 -.0007647
T 2803  1 .1989762E+07   1000186E-02 -.5965E+01  .3669E+02   .9999927 -.0000617  .0038206
T 2804  1 .1984311E+07   1000223E-02  .1114E+02  .1746E+02   .9999971  .0019039  .0014715
T 2805  1 .1986235E+07   1000178E-02 -.1044E+01 -.1020E+01   .9999993 -.0005647 -.0010795
T 2806  1 .1982602E+07   1000226E-02 -.1482E+01 -.8599E+00   .9999997 -.0006524 -.0004772
T 2807  1 .1981985E+07   1000221E-02  .4252E+01  .1100E+01   .9999877  .0038604  .0031012
T 2808  1 .1986537E+07   1000004E-02  .1034E+02  .5201E+01   .9999994  .0008139 -.0007868
T 2809  1 .1984673E+07   1000070E-02  .1618E+01  .5331E+01   .9999951  .0002431  .0031096
T 2810  1 .1983581E+07   1000025E-02 -.3648E+01 -.8026E+00   .9999975 -.0020765 -.0008052
T 2811  1 .1988316E+07   1000111E-02 -.3914E+01  .9729E+00   .9999980 -.0009307  .0017594
T 2812  1 .1981239E+07   1000074E-02  .1940E+02 -.8165E+01   .9999805  .0053289 -.0032687
T 2813  1 .1984724E+07   1000031E-02 -.2134E+01  .3195E+01   .9999996 -.0002190 -.0008884
T 2814  1 .1986762E+07   1000107E-02  .1758E+02  .3052E+01   .9999899  .0044139  .0008031
T 2815  1 .1985480E+07   1000102E-02  .3303E+01 -.3875E+01   .9999980  .0019636  .0003136
T 2816  1 .1981235E+07   1000029E-02  .1015E+01  .5930E+00   .9999994  .0010054 -.0004969
T 2817  1 .1984450E+07   1000213E-02 -.9552E+00 -.1675E+01   .9999997  .0008071  .0000677
T 2818  1 .1981553E+07   1000203E-02  .6562E+00 -.1806E+02   .9999909  .0003913 -.0042480
T 2819  1 .1982301E+07   1000181E-02 -.4059E+01  .9475E+00   .9999995 -.0010030 -.0000583
T 2820  1 .1984838E+07   1000002E-02 -.5457E+01 -.3184E+01   .9999998 -.0004887 -.0003179
T 2821  1 .1983873E+07   1000077E-02 -.6542E+01 -.1930E+01   .9999908 -.0037811 -.0020073
T 2822  1 .1984066E+07   1000030E-02 -.1291E+01 -.1102E+01   .9999991 -.0010053 -.0008606
T 2823  1 .1980650E+07   1000180E-02  .4436E+01  .9899E+00   .9999998  .0002205  .0005705
T 2824  1 .1985325E+07   1000109E-02 -.5939E+01  .5492E+01   .9999995  .0000471  .0009524
T 2825  1 .1980781E+07   1000008E-02 -.1003E+01  .8519E+00   .9999990 -.0010321  .0010016
T 2826  1 .1986078E+07   1000216E-02  .8825E+01 -.9914E+01   .9999905  .0032432 -.0028981
T 2827  1 .1979991E+07   1000001E-02  .8760E+00 -.3281E+00   .9999999 -.0001178 -.0002944
T 2828  1 .1988709E+07   1000143E-02  .9340E+00  .9752E+00   .9999976 -.0020628 -.0007217
T 2829  1 .1980828E+07   1000098E-02  .1044E+02  .7480E+01   .9999620  .0066255  .0056625
T 2830  1 .1984134E+07   1000027E-02 -.4460E+00 -.8764E-01   .9999998 -.0001786 -.0005397
T 2831  1 .1986902E+07   1000043E-02  .8012E+01  .7847E+01   .9999999  .0004368 -.0003249
T 2832  1 .1983786E+07   1000211E-02  .8786E-01 -.6445E+01   .9999999 -.0004922  .0000877
T 2833  1 .1981813E+07   1000180E-02  .2919E+01 -.2188E+01   .9999997  .0008040  .0000694
T 2834  1 .1985267E+07   1000013E-02  .1008E+01  .7554E+00   .9999994  .0006731  .0008388
T 2835  1 .1981427E+07   1000192E-02 -.1277E+02 -.1423E+01   .9999961 -.0026793  .0007712
T 2836  1 .1987337E+07   1000139E-02  .7580E+01 -.1612E+02   .9999862  .0025323 -.0046108
T 2837  1 .1989883E+07   1000011E-02  .1970E+02  .5818E+01   .9999954  .0028293  .0010625
T 2838  1 .1978995E+07   1000009E-02  .4164E+01 -.1837E+01   .9999968  .0018217 -.0017780
T 2839  1 .1981910E+07   1000111E-02 -.7741E+00  .8072E+01   .9999995  .0002570  .0009613
T 2840  1 .1982832E+07   1000029E-02 -.7036E+01 -.6212E+01   .9999894 -.0022601 -.0040007
T 2841  1 .1982700E+07   1000130E-02 -.2257E+01 -.3262E+00   .9999994 -.0006315 -.0009320
T 2842  1 .1981168E+07   1000116E-02 -.3694E+01  .9818E+01   .9999980  .0006669  .0018892
T 2843  1 .1982791E+07   1000157E-02 -.1750E+01  .7667E+01   .9999962 -.0011568  .0025181
T 2844  1 .1987333E+07   1000058E-02 -.1508E+02  .9118E+01   .9999950 -.0026430  .0017492
T 2845  1 .1982102E+07   1000003E-02 -.7696E+01  .1373E+02   .9999654 -.0015898  .0081641
T 2846  1 .1981275E+07   1000192E-02 -.2791E+01  .4930E+00   .9999989 -.0010009  .0010662
T 2847  1 .1977253E+07   1000159E-02  .8203E+01 -.4995E+00   .9999999  .0002511  .0002851
T 2848  1 .1985792E+07   1000164E-02 -.1970E+01 -.2275E+01   .9999989 -.0000017 -.0014711
T 2849  1 .1986959E+07   1000033E-02 -.1192E+01 -.7643E+01   .9999935 -.0015670 -.0032396
T 2850  1 .1986897E+07   1000065E-02  .2134E+01  .1767E+01   .9999999  .0004337 -.0000634
T 2851  1 .1987352E+07   1000078E-02 -.1661E+01 -.2634E+00   .9999988 -.0001936 -.0015540
T 2852  1 .1983890E+07   1000177E-02 -.2223E+00  .5479E+00   .9999989 -.0013890 -.0005591
T 2853  1 .1985845E+07   1000002E-02 -.1496E+01 -.7264E+01   .9999926 -.0016412 -.0034889
T 2854  1 .1979853E+07   1000205E-02 -.2386E+02  .1401E+02   .9999920 -.0037002  .0015467
T 2855  1 .1982198E+07   1000111E-02  .1959E+02 -.1915E+02   .9999912  .0028911 -.0030377
T 2856  1 .1985317E+07   1000179E-02 -.5531E+01 -.7232E+01   .9999954 -.0016765 -.0025343
T 2857  1 .1983268E+07   1000180E-02  .6685E+01 -.2675E+01   .9999981  .0017571 -.0008249
T 2858  1 .1982341E+07   1000169E-02 -.5305E+01 -.2181E+01   .9999866  .0029897 -.0042160
T 2859  1 .1989406E+07   1000210E-02  .3815E+01 -.7057E+01   .9999984  .0009785 -.0015155
T 2860  1 .1988258E+07   1000034E-02 -.5847E+01  .3559E+01   .9999999 -.0002349 -.0001823
T 2861  1 .1981051E+07   1000098E-02  .2917E+01 -.2440E+01   .9999997  .0001540 -.0008079
T 2862  1 .1982495E+07   1000214E-02 -.4214E+00 -.2487E+01   .9999997  .0000530 -.0008330
T 2863  1 .1984459E+07   1000011E-02  .1884E+01 -.4976E+00   .9999989  .0006448 -.0013202
T 2864  1 .1981081E+07   1000174E-02 -.3494E+01 -.1159E+01   .9999999 -.0000772  .0004898
T 2865  1 .1987573E+07   1000097E-02  .2009E+02  .7325E+01   .9999955  .0007416  .0029067
T 2866  1 .1980426E+07   1000188E-02  .9676E+02  .1021E+03   .9997862  .0119458  .0168749
T 2867  1 .1981726E+07   1000071E-02  .4392E+01  .6176E+02   .9998470  .0018271  .0173991
T 2868  1 .1981293E+07   1000064E-02  .6935E+01  .3094E+01   .9999981  .0006726  .0018247
T 2869  1 .1987154E+07   1000078E-02  .3986E+01 -.5334E+01   .9999999 -.0001381 -.0001638
T 2870  1 .1981295E+07   1000201E-02 -.2604E+02 -.3819E+01   .9999573 -.0092350 -.0003797
T 2871  1 .1984551E+07   1000030E-02  .1407E+02 -.1502E+02   .9999823  .0025946 -.0053571
T 2872  1 .1981635E+07   1000035E-02 -.3625E+01  .9137E+01   .9999975  .0007467  .0020851
T 2873  1 .1980695E+07   1000193E-02  .1787E+02 -.4358E+01   .9999801  .0060641 -.0017418
T 2874  1 .1984671E+07   1000021E-02  .9740E+01  .1574E+02   .9999852  .0019149  .0050916
T 2875  1 .1986340E+07   1000196E-02 -.2291E+01 -.1575E+00   .9999999 -.0003410  .0003307
T 2876  1 .1978721E+07   1000193E-02  .1058E+02 -.1195E+01   .9999979  .0013881 -.0014954
T 2877  1 .1983174E+07   1000196E-02  .1451E+02  .8808E+01   .9999832  .0044321  .0037374
T 2878  1 .1984509E+07   1000157E-02  .2322E+00 -.5433E+01   .9999992  .0005830 -.0010939
T 2879  1 .1981306E+07   1000017E-02  .2524E+02 -.3060E+01   .9999636  .0081542 -.0025297
T 2880  1 .1992011E+07   1000132E-02  .6228E+01  .6333E+00   .9999978  .0018895 -.0008819
T 2881  1 .1984769E+07   1000195E-02  .2623E+01  .2597E+00   .9999926 -.0018175 -.0033998
T 2882  1 .1989141E+07   1000068E-02  .2990E+01 -.1308E+02   .9999979 -.0007456 -.0019339
T 2883  1 .1982557E+07   1000093E-02  .9329E+01 -.7785E+01   .9999971  .0023327 -.0006636
T 2884  1 .1985172E+07   1000016E-02 -.5681E+01 -.6820E+01   .9999988 -.0014230 -.0006784
T 2885  1 .1979669E+07   1000121E-02 -.2310E+01  .1364E+02   .9999970 -.0014288  .0019653
T 2886  1 .1984503E+07   1000144E-02 -.1922E+01  .7110E+00   .9999988 -.0006576 -.0013985
T 2887  1 .1982157E+07   1000051E-02  .4522E+01  .1232E+02   .9999894 -.0000756  .0046024
T 2888  1 .1982858E+07   1000135E-02  .3640E+01 -.8421E+01   .9999834  .0021883 -.0053263
T 2889  1 .1987209E+07   1000028E-02 -.6674E+01  .1805E+02   .9999970 -.0012959  .0020833
T 2890  1 .1983621E+07   1000056E-02 -.2619E+01 -.1204E+02   .9999991 -.0013054 -.0002600
T 2891  1 .1980284E+07   1000158E-02  .2437E+01  .6149E+02   .9984553 -.0006623  .0555565
T 2892  1 .1984308E+07   1000102E-02  .3316E+01  .4838E+01   .9999983  .0015785  .0009919
T 2893  1 .1984264E+07   1000223E-02  .3318E+01  .3709E+01   .9999996 -.0004864  .0006824
T 2894  1 .1986027E+07   1000110E-02  .4025E+02  .2959E+02   .9999273  .0080339  .0089894
T 2895  1 .1991028E+07   1000077E-02 -.2033E+02 -.8077E+01   .9999927 -.0034836 -.0015549
T 2896  1 .1985307E+07   1000004E-02  .8227E+00 -.1283E+01   .9999991 -.0000877 -.0013049
T 2897  1 .1986699E+07   1000100E-02  .3331E+01  .9806E+01   .9999995 -.0009465  .0000933
T 2898  1 .1983603E+07   1000166E-02 -.1541E+00 -.7649E+00   .9999997 -.0007161  .0003260
T 2899  1 .1985503E+07   1000007E-02 -.1367E+02  .8357E+01   .9999738 -.0068243  .0024320
T 2900  1 .1981142E+07   1000127E-02  .2258E+00 -.4483E+00   .9999999  .0002931 -.0004012
T 2901  1 .1988723E+07   1000055E-02 -.1508E+02 -.2405E+02   .9999788  .0002087 -.0065105
T 2902  1 .1977479E+07   1000020E-02  .1322E+02 -.2112E+02   .9999809  .0020248 -.0058452
T 2903  1 .1980729E+07   1000227E-02 -.5197E+01 -.1016E+02   .9999991 -.0012456 -.0004992
T 2904  1 .1981957E+07   1000071E-02  .1596E+02 -.2326E+02   .9999933  .0020983 -.0029931
T 2905  1 .1979618E+07   1000208E-02  .5931E+01 -.2214E+01   .9999980  .0015789 -.0012179
T 2906  1 .1988665E+07   1000030E-02  .9820E+01  .1508E+02   .9999924  .0006068  .0038618
T 2907  1 .1988035E+07   1000171E-02 -.1931E+02  .1643E+02   .9999867 -.0036950  .0035887
T 2908  1 .1984015E+07   1000202E-02 -.1210E+02  .4029E+01   .9999994 -.0000123  .0010575
T 2909  1 .1988169E+07   1000199E-02  .1097E+02  .1184E+02   .9999978  .0013852  .0015774
T 2910  1 .1983961E+07   1000171E-02  .4137E+01  .4270E+00   .9999983 -.0013967 -.0011946
T 2911  1 .1983061E+07   1000152E-02 -.1243E+02  .1256E+02   .9999626 -.0061433  .0060873
T 2912  1 .1984441E+07   1000057E-02  .1617E+01 -.3413E+01   .9999994 -.0004073 -.0009966
T 2913  1 .1986428E+07   1000008E-02  .6987E+01 -.1542E+02   .9999652  .0050346 -.0066468
T 2914  1 .1987906E+07   1000210E-02  .5524E+01 -.4996E+01   .9999809  .0039222 -.0047804
T 2915  1 .1980755E+07   1000206E-02  .2704E+01  .1590E+01   .9999995  .0009400 -.0001311
T 2916  1 .1991052E+07   1000150E-02  .6651E+01  .9353E+00   .9999994  .0008871  .0005769
T 2917  1 .1984685E+07   1000203E-02 -.9477E+01  .9319E+01   .9999920 -.0030108  .0026209
T 2918  1 .1987479E+07   1000119E-02 -.8801E+01 -.1322E+02   .9999867 -.0021141 -.0047090
T 2919  1 .1981677E+07   1000224E-02 -.9514E+01  .2133E+01   .9999976 -.0021910 -.0001034
T 2920  1 .1991507E+07   1000140E-02  .1433E+02 -.3298E+01   .9999960  .0026973 -.0008188
T 2921  1 .1982014E+07   1000041E-02 -.8365E+00  .9902E+01   .9999963 -.0001736  .0027032
T 2922  1 .1981728E+07   1000084E-02  .4262E-01 -.2057E+01   .9999999  .0004093  .0001596
T 2923  1 .1986941E+07   1000094E-02 -.1510E+01 -.6011E+01   .9999897  .0002782 -.0045239
T 2924  1 .1982971E+07   1000001E-02 -.1335E+02  .2713E+02   .9999700 -.0012296  .0076497
T 2925  1 .1987394E+07   1000025E-02 -.1646E+01 -.8502E+01   .9999982 -.0016108 -.0010336
T 2926  1 .1984869E+07   1000201E-02  .1286E+02 -.6489E+01   .9999911  .0028867 -.0030747
T 2927  1 .1983581E+07   1000010E-02  .2174E+01 -.4833E+01   .9999980 -.0015148 -.0013013
T 2928  1 .1982643E+07   1000046E-02  .1083E+00 -.8634E+01   .9999960 -.0008895 -.0026739
T 2929  1 .1986421E+07   1000212E-02 -.5852E+01  .2888E+01   .9999998 -.0001411 -.0006636
T 2930  1 .1986190E+07   1000176E-02 -.3471E+01 -.3395E+01   .9999981 -.0017412 -.0009268
T 2931  1 .1991695E+07   1000086E-02 -.3635E+02  .1493E+02   .9999878 -.0027655  .0041041
T 2932  1 .1983431E+07   1000199E-02  .2963E+01  .7637E+00   .9999989  .0012036  .0008119
T 2933  1 .1986298E+07   1000113E-02 -.3337E+02  .6769E+01   .9999947 -.0018563  .0026682
T 2934  1 .1983723E+07   1000033E-02 -.1118E+02  .1021E+02   .9999981 -.0011982  .0015526
T 2935  1 .1990215E+07   1000097E-02  .1463E+02 -.1710E+02   .9999758  .0049205 -.0049259
T 2936  1 .1987962E+07   1000178E-02  .4445E+01 -.2595E+02   .9999834  .0015854 -.0055448
T 2937  1 .1980186E+07   1000004E-02  .9725E+01 -.2123E+01   .9999983  .0006563 -.0017371
T 2938  1 .1981844E+07   1000072E-02  .3293E+01  .1688E+01   .9999987  .0012878 -.0009214
T 2939  1 .1981360E+07   1000019E-02 -.6034E+01  .1426E+02   .9999953 -.0009958  .0028924
T 2940  1 .1980433E+07   1000167E-02 -.8872E+01  .8589E+01   .9999977 -.0013348  .0016736
T 2941  1 .1983744E+07   1000002E-02  .1087E+02  .6839E+01   .9999964  .0026211  .0006346
T 2942  1 .1979301E+07   1000119E-02  .6815E+01 -.2031E+02   .9999977 -.0001740 -.0021549
T 2943  1 .1984791E+07   1000054E-02  .1444E+01 -.7950E+00   .9999902  .0044243 -.0000633
T 2944  1 .1985007E+07   1000122E-02  .1565E+00  .7082E+00   .9999982  .0018417 -.0004998
T 2945  1 .1987042E+07   1000214E-02  .3200E+02 -.5133E+01   .9999896  .0045587 -.0000915
T 2946  1 .1982759E+07   1000063E-02  .1706E+01  .1047E+02   .9999980  .0003072  .0019885
T 2947  1 .1982159E+07   1000164E-02 -.8661E+01  .4507E+01   .9999970 -.0024287 -.0003884
T 2948  1 .1981910E+07   1000188E-02  .1168E+02  .6860E+01   .9999981  .0015881 -.0011127
T 2949  1 .1987360E+07   1000178E-02  .1006E+02  .2775E+00   .9999983  .0017178  .0006971
T 2950  1 .1980427E+07   1000216E-02  .8125E+00 -.3932E+01   .9999999 -.0002593 -.0000124
T 2951  1 .1981848E+07   1000149E-02  .4369E+01 -.1171E+02   .9999963  .0015438 -.0022495
T 2952  1 .1986595E+07   1000084E-02 -.7766E+00 -.1745E+01   .9999994  .0003040 -.0010170
T 2953  1 .1986829E+07   1000149E-02 -.3095E+01 -.1537E+02   .9999726 -.0068311 -.0028397
T 2954  1 .1984295E+07   1000095E-02  .1337E+01 -.1283E+01   .9999999  .0004734 -.0002284
T 2955  1 .1987056E+07   1000138E-02  .1379E+01 -.3801E+01   .9999980 -.0000548 -.0020035
T 2956  1 .1984829E+07   1000146E-02 -.2083E+01 -.4834E+00   .9999997 -.0007671  .0002328
T 2957  1 .1984643E+07   1000014E-02  .2246E+01  .3544E+01   .9999988  .0014456  .0004626
T 2958  1 .1987214E+07   1000208E-02 -.1494E+01  .1081E+02   .9999988  .0006079  .0014525
T 2959  1 .1979692E+07   1000046E-02  .4447E+01 -.7650E+00   .9999991  .0010627  .0008063
T 2960  1 .1987801E+07   1000099E-02  .1624E+02  .8120E+01   .9999944  .0022815  .0024347
T 2961  1 .1984485E+07   1000212E-02  .9188E+01 -.1009E+01   .9999878  .0049371 -.0002303
T 2962  1 .1988316E+07   1000020E-02 -.1759E+01 -.1160E+02   .9999991  .0012963 -.0002043
T 2963  1 .1981322E+07   1000199E-02 -.6324E-01  .4317E+01   .9999993  .0002771  .0011663
T 2964  1 .1982723E+07   1000025E-02 -.8309E+01 -.3298E+01   .9999997 -.0006856  .0004155
T 2965  1 .1982020E+07   1000192E-02  .1151E+02  .1349E+02   .9999812  .0034766  .0050448
T 2966  1 .1982519E+07   1000008E-02  .8442E+01  .2665E+01   .9999973  .0023403  .0001486
T 2967  1 .1981541E+07   1000010E-02  .6378E+01  .1542E+01   .9999991  .0013324  .0000027
T 2968  1 .1984017E+07   1000118E-02  .1117E+02 -.5757E+01   .9999930  .0028871 -.0023750
T 2969  1 .1979413E+07   1000221E-02  .5679E+01  .6197E+00   .9999944  .0031131 -.0012342
T 2970  1 .1990727E+07   1000204E-02  .7232E+00 -.8051E+01   .9999977 -.0009251 -.0019397
T 2971  1 .1982409E+07   1000227E-02 -.2397E+01  .1426E+02   .9999998  .0000425  .0006037
T 2972  1 .1984783E+07   1000185E-02  .2001E+02  .2203E+02   .9999833  .0035545  .0045662
T 2973  1 .1989266E+07   1000199E-02 -.2737E+01 -.1664E+01   .9999989  .0000884 -.0014734
T 2974  1 .1982275E+07   1000110E-02  .4984E+01 -.2659E+01   .9999983  .0004286 -.0018092
T 2975  1 .1987204E+07   1000008E-02 -.1992E+02 -.6268E+01   .9999963 -.0006027 -.0026589
T 2976  1 .1985617E+07   1000048E-02 -.4006E+01  .7604E+01   .9999889 -.0033092  .0033575
T 2977  1 .1981005E+07   1000216E-02 -.6840E+01  .1840E+02   .9998518  .0083513  .0150515
T 2978  1 .1988345E+07   1000051E-02  .7710E+01  .9053E+01   .9999940  .0012502  .0032294
T 2979  1 .1985750E+07   1000002E-02  .3491E+02 -.8058E+01   .9999332  .0113190 -.0023510
T 2980  1 .1983855E+07   1000025E-02  .1432E+01 -.2522E+01   .9999998 -.0004642  .0004200
T 2981  1 .1986277E+07   1000082E-02 -.5288E+02 -.1944E+01   .9999742 -.0071836  .0001610
T 2982  1 .1987511E+07   1000187E-02  .1114E+01  .1107E+01   .9999997  .0007451 -.0001293
T 2983  1 .1984685E+07   1000005E-02 -.2099E+01 -.3324E+01   .9999825  .0030509 -.0050592
T 2984  1 .1985112E+07   1000100E-02 -.2300E+01 -.1797E+01   .9999995 -.0002690 -.0009300
T 2985  1 .1984341E+07   1000221E-02  .6286E+01 -.1418E+02   .9999982  .0015985  .0010267
T 2986  1 .1982097E+07   1000004E-02 -.6268E+01  .2155E+02   .9999846 -.0019958  .0051718
T 2987  1 .1983432E+07   1000015E-02 -.4552E+01 -.7114E+01   .9999977 -.0009018 -.0019420
T 2988  1 .1985967E+07   1000148E-02  .3566E+01 -.4171E+01   .9999966  .0017223 -.0019673
T 2989  1 .1985195E+07   1000077E-02 -.2518E+02 -.2997E+02   .9999482 -.0082073 -.0060136
T 2990  1 .1987695E+07   1000144E-02 -.1953E+01 -.1460E+02   .9999964 -.0003004 -.0026627
T 2991  1 .1979789E+07   1000197E-02 -.2340E+01  .2560E+01   .9999960 -.0025993  .0011120
T 2992  1 .1982173E+07   1000120E-02  .3545E+01 -.4007E+01   .9999967  .0000435 -.0025719
T 2993  1 .1988898E+07   1000184E-02 -.8646E+01  .9494E+01   .9999996 -.0007031  .0004909
T 2994  1 .1981455E+07   1000051E-02 -.4096E+01  .3256E+01   .9999949 -.0031723  .0002647
T 2995  1 .1983424E+07   1000088E-02 -.1277E+02 -.5911E+02   .9999722 -.0027865 -.0069185
T 2996  1 .1981878E+07   1000177E-02  .2786E+01  .1183E+02   .9999952  .0017552  .0025473
T 2997  1 .1982122E+07   1000169E-02  .1794E+01 -.1160E+00   .9999997 -.0003728 -.0006232
T 2998  1 .1988759E+07   1000002E-02 -.1298E+01 -.1151E+02   .9999973 -.0006392 -.0022320
T 2999  1 .1986547E+07   1000082E-02  .6088E+01  .3287E+01   .9999997  .0000523  .0007578
T 3000  1 .1986549E+07   1000115E-02 -.1171E+02  .2117E+02   .9999917 -.0033589  .0023220
T 3001  1 .1988652E+07   1000217E-02 -.1524E+02 -.4034E+02   .9996242 -.0100229 -.0255143
T 3002  1 .1989073E+07   1000187E-02  .5856E+01  .3000E+01   .9999975  .0022442 -.0000378
T 3003  1 .1982725E+07   1000163E-02 -.6817E+01 -.1211E+00   .9999999  .0000330  .0000298
T 3004  1 .1979891E+07   1000217E-02 -.1494E+01 -.9380E+00   .9999986  .0000729 -.0016483
T 3005  1 .1988076E+07   1000162E-02  .1391E+02 -.1187E+02   .9999951  .0027823 -.0014380
T 3006  1 .1988180E+07   1000119E-02 -.3608E+01  .5708E+01   .9999999  .0003592 -.0001249
T 3007  1 .1987989E+07   1000042E-02  .1245E+02 -.8529E+01   .9999974  .0019884 -.0010780
T 3008  1 .1989135E+07   1000069E-02 -.5712E+00  .1267E+02   .9999951  .0003488  .0031201
T 3009  1 .1986036E+07   1000032E-02 -.7882E+01  .1541E+02   .9999891  .0004382  .0046554
T 3010  1 .1987220E+07   1000033E-02 -.3436E+01 -.2135E+00   .9999995 -.0008194  .0005033
T 3011  1 .1988724E+07   1000055E-02 -.5529E-01 -.7309E+00   .9999998 -.0006065 -.0002763
T 3012  1 .1981337E+07   1000094E-02 -.5169E+01 -.5061E+01   .9999955 -.0022724 -.0019759
T 3013  1 .1984868E+07   1000011E-02  .7426E+01  .1260E+01   .9999972  .0023356  .0003055
T 3014  1 .1979274E+07   1000003E-02 -.5267E+01 -.3239E+00   .9999991 -.0007665 -.0010838
T 3015  1 .1982799E+07   1000191E-02 -.5424E+01  .2606E+01   .9999983 -.0008807  .0016094
T 3016  1 .1985946E+07   1000188E-02 -.1277E+01  .1675E+01   .9999970  .0022089  .0010550
T 3017  1 .1986279E+07   1000140E-02  .2498E+01 -.2204E+01   .9999954  .0023628 -.0019271
T 3018  1 .1984799E+07   1000026E-02 -.2383E+01  .8545E+01   .9999992  .0002491  .0012414
T 3019  1 .1988804E+07   1000120E-02  .1745E+02 -.1278E+02   .9999949  .0014299 -.0028522
T 3020  1 .1984446E+07   1000192E-02  .1880E+01  .8596E+01   .9999981 -.0002415  .0019289
T 3021  1 .1982502E+07   1000058E-02  .1138E+02 -.1617E+02   .9999967 -.0002606 -.0025521
T 3022  1 .1988345E+07   1000168E-02 -.1182E+02 -.6348E+01   .9999927 -.0033860 -.0017467
T 3023  1 .1986656E+07   1000115E-02  .3529E+01 -.1539E+02   .9999930  .0004897 -.0037208
T 3024  1 .1982169E+07   1000032E-02  .1569E+02 -.2197E+02   .9999714  .0053912 -.0053071
T 3025  1 .1986161E+07   1000071E-02  .8515E+01  .2098E+01   .9999977  .0013749  .0016728
T 3026  1 .1989639E+07   1000079E-02 -.1382E+02 -.1151E+02   .9999842 -.0054672 -.0013245
T 3027  1 .1985132E+07   1000214E-02 -.9026E+01  .2773E+01   .9999992 -.0010506  .0007172
T 3028  1 .1982136E+07   1000136E-02  .1060E+02  .4847E+01   .9999938  .0026007  .0023620
T 3029  1 .1988253E+07   1000102E-02 -.1204E+02  .7532E+01   .9999952 -.0027171  .0014693
T 3030  1 .1983797E+07   1000184E-02  .1123E+01  .9338E+01   .9999950 -.0021141  .0023590
T 3031  1 .1982087E+07   1000200E-02 -.2762E+01 -.6525E+01   .9999980 -.0020012  .0002224
T 3032  1 .1989296E+07   1000190E-02 -.6657E+01 -.1887E+01   .9999995 -.0009319  .0001989
T 3033  1 .1985959E+07   1000048E-02 -.3073E+01  .4254E+01   .9999991 -.0010000  .0008785
T 3034  1 .1986675E+07   1000188E-02 -.9949E+01 -.1654E+01   .9999981 -.0019074  .0002746
T 3035  1 .1984791E+07   1000191E-02 -.7997E+01  .1124E+02   .9999955 -.0018700  .0023638
T 3036  1 .1978858E+07   1000211E-02  .7267E+01 -.7707E+01   .9999958  .0025555 -.0013744
T 3037  1 .1983956E+07   1000087E-02 -.3778E+01 -.3296E+01   .9999999 -.0000318 -.0004282
T 3038  1 .1984307E+07   1000041E-02 -.1110E+02  .3637E+02   .9999758 -.0037331  .0058658
T 3039  1 .1987097E+07   1000158E-02 -.1296E+02  .4071E+01   .9999952 -.0030172  .0007712
T 3040  1 .1984793E+07   1000123E-02 -.2292E+01 -.4998E+01   .9999992  .0000131 -.0012566
T 3041  1 .1983512E+07   1000224E-02 -.1204E+02 -.6997E+01   .9999971 -.0021548 -.0010925
T 3042  1 .1987336E+07   1000165E-02  .1063E+01  .3302E+01   .9999922 -.0034946 -.0018656
T 3043  1 .1985611E+07   1000142E-02 -.1073E+01  .3129E+00   .9999996 -.0005815  .0006321
T 3044  1 .1983816E+07   1000195E-02 -.9407E+01 -.7445E+01   .9999968 -.0010433 -.0023170
T 3045  1 .1986867E+07   1000135E-02 -.3855E+01  .2536E+01   .9999994  .0000458  .0010873
T 3046  1 .1982486E+07   1000052E-02 -.1628E+02  .8284E+01   .9999925 -.0033792  .0019062
T 3047  1 .1988847E+07   1000081E-02  .1887E+02 -.2880E+02   .9999711  .0017889 -.0073864
T 3048  1 .1986980E+07   1000009E-02  .4670E+01 -.1520E+02   .9999866  .0026728 -.0044235
T 3049  1 .1983001E+07   1000205E-02 -.9795E+00  .1074E+01   .9999999 -.0001010 -.0000931
T 3050  1 .1990014E+07   1000214E-02  .1399E+02  .3461E+02   .9999918  .0017656  .0036501
T 3051  1 .1982732E+07   1000039E-02  .1012E+01 -.4273E+01   .9999994  .0003576 -.0010352
T 3052  1 .1987550E+07   1000205E-02 -.6282E+01  .1025E+02   .9999933 -.0009226  .0035564
T 3053  1 .1988973E+07   1000003E-02  .5833E+01  .6918E+01   .9999953  .0017620  .0025022
T 3054  1 .1981156E+07   1000045E-02  .1215E+02 -.5289E+01   .9999876  .0045549 -.0020217
T 3055  1 .1983490E+07   1000213E-02  .3404E+01  .1977E+01   .9999999 -.0000035 -.0003507
T 3056  1 .1986462E+07   1000143E-02  .4334E+01 -.4384E+01   .9999830  .0042989 -.0039431
T 3057  1 .1985373E+07   1000015E-02 -.6930E+01  .6932E+01   .9999977 -.0014560  .0015954
T 3058  1 .1983868E+07   1000224E-02  .2783E+01  .5087E+01   .9999956  .0004367  .0029222
T 3059  1 .1984075E+07   1000137E-02  .6172E+01  .4839E+01   .9999995  .0004640  .0008321
T 3060  1 .1985824E+07   1000071E-02 -.2080E+00  .5311E-01   .9999999 -.0002748  .0004431
T 3061  1 .1986101E+07   1000196E-02 -.7968E+01  .2996E+01   .9999969 -.0023852  .0007148
T 3062  1 .1985520E+07   1000009E-02  .1584E+02  .3087E+01   .9999685  .0074999  .0025817
T 3063  1 .1989188E+07   1000052E-02  .1517E+01  .1823E+01   .9999996  .0006622  .0006505
T 3064  1 .1985950E+07   1000180E-02 -.8185E+01 -.1386E+02   .9999963 -.0012019 -.0024583
T 3065  1 .1985722E+07   1000067E-02  .1426E+02  .3341E+02   .9999737  .0040035  .0060448
T 3066  1 .1988543E+07   1000104E-02  .7885E+00  .8350E+00   .9999993  .0010646  .0005483
T 3067  1 .1990692E+07   1000095E-02 -.3654E+02 -.1169E+02   .9999602 -.0086035 -.0023650
T 3068  1 .1989018E+07   1000203E-02  .1121E+01 -.2614E+01   .9999956 -.0020336 -.0021523
T 3069  1 .1981351E+07   1000110E-02 -.2482E+01  .5862E+01   .9999239 -.0072425  .0099844
T 3070  1 .1983526E+07   1000109E-02  .3317E+00  .8131E+01   .9999989  .0000372  .0014996
T 3071  1 .1983808E+07   1000046E-02 -.6162E+01 -.3527E+01   .9999936 -.0032924  .0013661
T 3072  1 .1986421E+07   1000008E-02 -.1792E+02  .8871E+01   .9999912 -.0035569  .0022245
T 3073  1 .1983001E+07   1000133E-02  .4713E+01 -.1431E+02   .9999990  .0002661 -.0014015
T 3074  1 .1984784E+07   1000133E-02 -.3474E+01  .1019E+01   .9999984  .0014737 -.0010552
T 3075  1 .1986010E+07   1000015E-02  .1678E+01 -.8214E+01   .9999975  .0006529 -.0021197
T 3076  1 .1984927E+07   1000177E-02 -.1340E+02 -.1990E+02   .9999961  .0026764  .0008546
T 3077  1 .1987137E+07   1000032E-02  .5221E+00  .1639E+00   .9999997  .0007431  .0003786
T 3078  1 .1987970E+07   1000183E-02 -.1396E+01  .3427E+00   .9999996 -.0003075 -.0008615
T 3079  1 .1989434E+07   1000181E-02  .2590E+01 -.7498E+01   .9999963  .0012498 -.0024130
T 3080  1 .1985420E+07   1000198E-02 -.1121E+02 -.1317E+01   .9999950 -.0030542 -.0007911
T 3081  1 .1985167E+07   1000189E-02 -.9757E+01  .1560E+00   .9999968 -.0023782  .0008158
T 3082  1 .1984279E+07   1000212E-02  .1878E+01  .1675E+02   .9999923  .0006156  .0038653
T 3083  1 .1984701E+07   1000217E-02  .5295E+01 -.4070E+01   .9999886  .0029747 -.0037238
T 3084  1 .1988384E+07   1000213E-02 -.6878E-01 -.1815E+02   .9999925 -.0001876 -.0038712
T 3085  1 .1989197E+07   1000005E-02  .8589E+00 -.8202E+00   .9999994 -.0002446  .0010324
T 3086  1 .1980284E+07   1000200E-02  .7713E+00  .2665E+01   .9999469  .0016442  .0101691
T 3087  1 .1983516E+07   1000001E-02 -.5592E+01  .8620E+00   .9999989 -.0011505  .0008873
T 3088  1 .1984744E+07   1000097E-02 -.3305E+01 -.1827E+01   .9999985 -.0010174 -.0014215
T 3089  1 .1981649E+07   1000049E-02 -.1247E+02 -.6064E+01   .9999871 -.0050805  .0002739
T 3090  1 .1986078E+07   1000075E-02 -.4294E+00 -.7083E+00   .9999999 -.0001411 -.0003681
T 3091  1 .1983168E+07   1000090E-02 -.6617E+01 -.1625E+01   .9999952 -.0029031 -.0010577
T 3092  1 .1984815E+07   1000079E-02  .2820E+01 -.1560E+01   .9999997 -.0001172  .0007368
T 3093  1 .1984767E+07   1000155E-02  .3080E+01  .9120E+01   .9999981  .0012199  .0015388
T 3094  1 .1986171E+07   1000041E-02  .3920E+01 -.1214E+02   .9999984  .0017863 -.0002696
T 3095  1 .1982847E+07   1000226E-02  .5361E+02  .5734E+02   .9999402  .0079913  .0074686
T 3096  1 .1990027E+07   1000011E-02  .1932E+02  .5662E+01   .9999937  .0025087  .0025206
T 3097  1 .1987486E+07   1000058E-02  .6795E+01  .1003E+01   .9999997  .0007639 -.0001324
T 3098  1 .1988240E+07   1000226E-02 -.1312E+01 -.5921E+01   .9999996 -.0004719 -.0007878
T 3099  1 .1983604E+07   1000143E-02 -.4357E+01  .2713E+01   .9999958 -.0024011  .0016526
T 3100  1 .1989059E+07   1000145E-02 -.3990E+02 -.8990E+01   .9999826 -.0055176 -.0020926
T 3101  1 .1987114E+07   1000141E-02  .9317E+01 -.1204E+02   .9999932  .0028826 -.0022797
T 3102  1 .1985075E+07   1000130E-02  .3613E+01  .1155E+00   .9999983  .0016909  .0007730
T 3103  1 .1981596E+07   1000130E-02  .2632E+01 -.9818E+01   .9999938  .0007843 -.0034269
T 3104  1 .1981331E+07   1000022E-02  .4922E+01 -.1114E+02   .9999994  .0010337 -.0003311
T 3105  1 .1984276E+07   1000022E-02 -.4740E+01 -.4283E+01   .9999995 -.0009880 -.0001074
T 3106  1 .1985407E+07   1000006E-02  .2672E+01  .3872E+01   .9999974  .0015969  .0016528
T 3107  1 .1980892E+07   1000222E-02 -.6930E+01 -.3309E+02   .9999474 -.0020124 -.0100604
T 3108  1 .1987595E+07   1000160E-02  .1715E+01 -.7342E+01   .9999993  .0002077 -.0011241
T 3109  1 .1986070E+07   1000221E-02  .8936E+01  .3486E+01   .9999947  .0031629 -.0008274
T 3110  1 .1987251E+07   1000198E-02 -.1412E+02 -.4091E+01   .9999965 -.0008375 -.0025083
T 3111  1 .1987763E+07   1000124E-02 -.1790E+02  .6681E+01   .9999929 -.0035860  .0011457
T 3112  1 .1985457E+07   1000112E-02 -.3787E+01 -.1615E+01   .9999966  .0000766 -.0025957
T 3113  1 .1988143E+07   1000004E-02 -.1030E+02  .4300E+02   .9999696 -.0016966  .0076045
T 3114  1 .1986032E+07   1000135E-02  .7302E+01  .1701E+02   .9999955  .0005559  .0029407
T 3115  1 .1982081E+07   1000179E-02  .1464E+02  .9146E+01   .9999963  .0026878 -.0004744
T 3116  1 .1982660E+07   1000206E-02  .3089E+01 -.1589E+02   .9999961  .0006791 -.0027059
T 3117  1 .1987222E+07   1000224E-02  .3205E+01 -.7810E+00   .9999980  .0004262 -.0019596
T 3118  1 .1987747E+07   1000124E-02  .4643E+01 -.3773E+01   .9999983  .0012483 -.0013333
T 3119  1 .1982602E+07   1000073E-02 -.7466E+01  .1764E+02   .9999905 -.0010177  .0042425
T 3120  1 .1989200E+07   1000211E-02  .9061E+01 -.1697E+02   .9999933  .0029913 -.0021166
T 3121  1 .1982829E+07   1000193E-02  .2688E+01  .3913E+00   .9999999  .0004963 -.0001497
T 3122  1 .1984505E+07   1000182E-02  .1800E+02 -.8079E+01   .9999958  .0025676 -.0013518
T 3123  1 .1981374E+07   1000120E-02  .1025E+02  .4576E+01   .9999992  .0011010  .0005966
T 3124  1 .1987107E+07   1000078E-02  .1383E+01  .1534E+01   .9999865 -.0027349 -.0044107
T 3125  1 .1988328E+07   1000053E-02 -.5230E-01  .1365E+01   .9999993 -.0011862  .0002999
T 3126  1 .1979828E+07   1000117E-02 -.1225E+02  .5954E+01   .9999944 -.0029638  .0015681
T 3127  1 .1980392E+07   1000000E-02 -.3676E+01  .6861E+01   .9999981 -.0007873  .0017936
T 3128  1 .1981060E+07   1000062E-02 -.2526E+00 -.1048E+02   .9999944  .0003182 -.0033209
T 3129  1 .1988272E+07   1000181E-02 -.1650E+01  .3640E+00   .9999995  .0001941 -.0010180
T 3130  1 .1988055E+07   1000077E-02  .3063E+01  .2975E+01   .9999715  .0074444  .0012851
T 3131  1 .1983147E+07   1000038E-02  .2890E+01 -.1094E+01   .9999991  .0011572 -.0006698
T 3132  1 .1985166E+07   1000185E-02  .3278E+01  .1856E+01   .9999999 -.0003481  .0004195
T 3133  1 .1984890E+07   1000217E-02  .4995E-01  .4559E+01   .9999982  .0013745  .0012983
T 3134  1 .1984213E+07   1000184E-02  .6474E+00  .1897E+01   .9999984  .0001031  .0017867
T 3135  1 .1987756E+07   1000127E-02  .8269E+01  .3669E+01   .9999988  .0013123  .0008409
T 3136  1 .1981949E+07   1000210E-02  .3213E+01 -.4360E+01   .9999926  .0028103 -.0026309
T 3137  1 .1987416E+07   1000195E-02 -.3345E+01  .6434E+00   .9999986 -.0012679  .0010459
T 3138  1 .1984545E+07   1000088E-02 -.1215E+01  .5128E+01   .9999999 -.0003491 -.0000910
T 3139  1 .1985604E+07   1000034E-02  .3092E+01  .1008E+02   .9999968  .0012072  .0022052
T 3140  1 .1980661E+07   1000210E-02 -.2114E+01  .1817E+02   .9999911 -.0007909  .0041382
T 3141  1 .1986207E+07   1000181E-02 -.7933E+01 -.3166E+01   .9999928 -.0035541 -.0013245
T 3142  1 .1981128E+07   1000221E-02 -.1730E+01  .1884E+02   .9999834  .0026502  .0051246
T 3143  1 .1988284E+07   1000160E-02  .2325E-02  .5597E+01   .9999998 -.0005817  .0002341
T 3144  1 .1985221E+07   1000026E-02 -.1511E+02 -.4306E+01   .9999980 -.0019680 -.0003253
T 3145  1 .1980370E+07   1000163E-02 -.7355E+01 -.1006E+02   .9999975 -.0011745 -.0019226
T 3146  1 .1983357E+07   1000202E-02 -.1642E+01  .1111E+02   .9999964  .0002375  .0026653
T 3147  1 .1986862E+07   1000002E-02  .5237E+01  .1765E+00   .9999980  .0019944  .0000937
T 3148  1 .1979934E+07   1000009E-02 -.1867E+02 -.1134E+02   .9999911 -.0017873 -.0038100
T 3149  1 .1986127E+07   1000074E-02 -.1837E+01 -.1957E+02   .9999962 -.0013774 -.0023790
T 3150  1 .1989111E+07   1000149E-02  .5585E+01  .1097E+02   .9999889  .0043170  .0018856
T 3151  1 .1985022E+07   1000205E-02 -.4059E+01  .4489E+01   .9999498 -.0048451  .0087739
T 3152  1 .1987335E+07   1000039E-02 -.1062E+01 -.3200E+02   .9999866  .0006718 -.0051299
T 3153  1 .1982084E+07   1000032E-02 -.9886E+00 -.3325E+01   .9999970  .0008884 -.0022899
T 3154  1 .1981667E+07   1000057E-02  .4929E+01 -.2574E+01   .9999918  .0039765  .0007943
T 3155  1 .1983466E+07   1000210E-02 -.1093E+01  .4405E+01   .9999998  .0006925  .0001034
T 3156  1 .1979822E+07   1000071E-02  .2147E+02  .6226E+01   .9999867  .0051279  .0006240
T 3157  1 .1983846E+07   1000005E-02 -.7686E+00 -.1017E+02   .9999983 -.0004537 -.0017875
T 3158  1 .1985508E+07   1000123E-02  .2672E+01 -.1252E+01   .9999999  .0001920 -.0003907
T 3159  1 .1984490E+07   1000224E-02 -.1238E+00  .1724E+01   .9999954 -.0008047  .0029249
T 3160  1 .1985209E+07   1000006E-02 -.6195E+01  .1473E+02   .9999964 -.0008943  .0025254
T 3161  1 .1989251E+07   1000213E-02  .6349E+01 -.5796E+01   .9999997  .0007936 -.0000783
T 3162  1 .1987639E+07   1000009E-02  .5742E+01  .1898E+02   .9999968  .0006941  .0024150
T 3163  1 .1987289E+07   1000196E-02  .2523E+01 -.5892E+00   .9999984  .0017428 -.0004430
T 3164  1 .1985770E+07   1000220E-02  .6327E+00 -.1232E+02   .9999977 -.0011679 -.0018102
T 3165  1 .1988415E+07   1000051E-02  .6444E+01  .5264E+01   .9999980  .0019699  .0004612
T 3166  1 .1985026E+07   1000212E-02 -.5316E+01  .1479E+02   .9999799 -.0054911  .0031779
T 3167  1 .1988252E+07   1000026E-02  .4089E+01 -.4267E+01   .9999994  .0004106 -.0009940
T 3168  1 .1987172E+07   1000107E-02  .1905E+01 -.3494E+00   .9999992  .0012319  .0003634
T 3169  1 .1981846E+07   1000034E-02 -.1063E+02 -.7005E+01   .9999943 -.0027331 -.0019831
T 3170  1 .1981833E+07   1000005E-02 -.4531E+00  .7970E+01   .9999980 -.0002543  .0019878
T 3171  1 .1990472E+07   1000157E-02  .7425E+01  .2739E+01   .9999986  .0016470  .0003467
T 3172  1 .1984500E+07   1000187E-02 -.6446E+01 -.1151E+02   .9999923 -.0029391 -.0026044
T 3173  1 .1985994E+07   1000150E-02  .3648E+01 -.6183E+01   .9999989 -.0002165 -.0014679
T 3174  1 .1981167E+07   1000210E-02 -.4429E+01  .2566E+02   .9999287 -.0028343  .0116022
T 3175  1 .1983162E+07   1000101E-02 -.3390E+01  .1311E+01   .9999992  .0000927  .0012917
T 3176  1 .1984744E+07   1000088E-02  .1640E+02  .1820E+02   .9999974  .0006972  .0021699
T 3177  1 .1986109E+07   1000200E-02 -.1699E+01  .2104E+01   .9999989 -.0008322  .0011894
T 3178  1 .1986620E+07   1000094E-02  .7089E+01 -.1278E+02   .9999996  .0008155 -.0002160
T 3179  1 .1983244E+07   1000171E-02 -.6153E+00 -.2365E+01   .9999849  .0054499  .0007181
T 3180  1 .1982897E+07   1000126E-02  .2928E+00  .3308E+00   .9999992  .0004269  .0012047
T 3181  1 .1982155E+07   1000225E-02  .2059E+01 -.2213E+01   .9999998  .0006840 -.0000458
T 3182  1 .1986125E+07   1000165E-02  .8613E+00  .1325E+01   .9999999  .0000783 -.0002393
T 3183  1 .1983995E+07   1000172E-02 -.2945E+01 -.7291E+01   .9999958 -.0004089 -.0028668
T 3184  1 .1986406E+07   1000015E-02  .3161E+01  .2405E+01   .9999987  .0013780  .0007885
T 3185  1 .1985051E+07   1000082E-02  .7723E+01 -.7069E+01   .9999977  .0017066 -.0012688
T 3186  1 .1988218E+07   1000068E-02 -.2377E+02 -.1090E+01   .9999903 -.0044024  .0002320
T 3187  1 .1982743E+07   1000051E-02  .7188E+01 -.7090E+01   .9999974  .0011102 -.0019754
T 3188  1 .1983331E+07   1000195E-02  .1205E+02  .1804E+02   .9999967  .0017569  .0018985
T 3189  1 .1988537E+07   1000066E-02  .7331E+01  .1980E+02   .9999919  .0018268  .0035799
T 3190  1 .1984649E+07   1000200E-02  .2543E+00  .4053E+01   .9999995 -.0010124  .0002154
T 3191  1 .1981378E+07   1000195E-02 -.1117E+02 -.4821E+01   .9999956 -.0029142 -.0005615
T 3192  1 .1987512E+07   1000105E-02  .4534E+01 -.2352E+01   .9999990  .0001416 -.0014410
T 3193  1 .1988884E+07   1000165E-02 -.1505E+01  .4148E+01   .9999996  .0006698 -.0006496
T 3194  1 .1986438E+07   1000213E-02  .4123E+01 -.2606E+01   .9999999 -.0001330  .0001697
T 3195  1 .1980651E+07   1000066E-02  .1099E+02  .2678E+01   .9999969  .0024522  .0004468
T 3196  1 .1982115E+07   1000203E-02 -.3815E+01 -.5662E+01   .9999982  .0009922 -.0016010
T 3197  1 .1981456E+07   1000159E-02  .1177E+01 -.1641E+01   .9999997  .0000444 -.0007125
T 3198  1 .1985821E+07   1000169E-02 -.1675E+02  .1191E+02   .9999958 -.0021071  .0019829
T 3199  1 .1991982E+07   1000226E-02  .1943E+02  .1127E+02   .9999865  .0047906  .0020263
T 3200  1 .1980803E+07   1000026E-02  .1663E+01 -.1302E+02   .9999892  .0006381 -.0046056
T 3201  1 .1984017E+07   1000094E-02  .6292E+01 -.1276E+02   .9999956  .0012174 -.0027056
T 3202  1 .1983992E+07   1000097E-02 -.8013E+01  .1925E+01   .9999839 -.0055587 -.0011631
T 3203  1 .1981724E+07   1000009E-02  .1374E+00  .7332E+01   .9999985 -.0001571  .0017385
T 3204  1 .1986204E+07   1000185E-02 -.2923E+01 -.1191E+02   .9999837 -.0007094 -.0056655
T 3205  1 .1980564E+07   1000130E-02 -.1563E+02  .5479E+01   .9999935 -.0031704  .0017242
T 3206  1 .1988494E+07   1000219E-02  .2434E+01  .1578E+01   .9999993  .0010836  .0004545
T 3207  1 .1985215E+07   1000087E-02  .7642E+01  .6884E+01   .9999978  .0017592  .0011808
T 3208  1 .1986506E+07   1000033E-02  .3299E+01 -.1076E+01   .9999934 -.0033238  .0014616
T 3209  1 .1981390E+07   1000140E-02 -.2168E+01  .7893E+01   .9999914  .0040410 -.0009695
T 3210  1 .1980833E+07   1000194E-02 -.3954E+00  .8349E+00   .9999997  .0000191  .0007281
T 3211  1 .1983830E+07   1000212E-02  .2055E+01  .1103E+01   .9999999  .0003448 -.0001958
T 3212  1 .1985771E+07   1000072E-02  .2455E+01  .9859E+01   .9999993  .0006538  .0010287
T 3213  1 .1982622E+07   1000134E-02 -.5457E+01 -.4416E+02   .9999859 -.0008438 -.0052441
T 3214  1 .1986109E+07   1000192E-02 -.7535E+00 -.1463E+02   .9999994  .0002645 -.0010833
T 3215  1 .1981324E+07   1000061E-02 -.5979E+01  .1435E+02   .9999971  .0001069  .0023988
T 3216  1 .1986315E+07   1000006E-02 -.4727E+01  .1648E+02   .9999969 -.0015289  .0019842
T 3217  1 .1983395E+07   1000086E-02 -.3375E+02  .2158E+01   .9999830 -.0055500 -.0018147
T 3218  1 .1980914E+07   1000194E-02  .6017E+00 -.4939E+01   .9999907  .0022065 -.0037040
T 3219  1 .1987186E+07   1000133E-02 -.6470E+01 -.1081E+02   .9999880 -.0046450 -.0015545
T 3220  1 .1982648E+07   1000225E-02  .4640E+01  .6495E+00   .9999982  .0004909 -.0018258
T 3221  1 .1980730E+07   1000085E-02  .1118E+01  .2182E+01   .9999999  .0000928 -.0000525
T 3222  1 .1984502E+07   1000219E-02  .7807E+01  .3780E+00   .9999986  .0015878 -.0005685
T 3223  1 .1983123E+07   1000085E-02  .6669E+01  .1212E+02   .9999973 -.0000352  .0023029
T 3224  1 .1987070E+07   1000113E-02 -.3614E+00  .2942E+00   .9999989 -.0009336  .0011575
T 3225  1 .1982737E+07   1000125E-02 -.1441E+02 -.3898E+01   .9999939 -.0034922 -.0002044
T 3226  1 .1985081E+07   1000002E-02  .2348E+01 -.4466E+00   .9999995 -.0004155 -.0008772
T 3227  1 .1986530E+07   1000088E-02 -.2454E+01 -.5785E+01   .9999999 -.0001666  .0004092
T 3228  1 .1981735E+07   1000210E-02  .8801E+00 -.2827E+01   .9999985  .0005869 -.0016014
T 3229  1 .1981797E+07   1000047E-02  .1493E+01  .8263E+01   .9999993 -.0011271 -.0004522
T 3230  1 .1982059E+07   1000188E-02 -.1344E+02 -.1095E+02   .9999887 -.0027793 -.0038469
T 3231  1 .1988413E+07   1000214E-02  .5672E+01  .4358E+01   .9999843  .0053799  .0015613
T 3232  1 .1988749E+07   1000170E-02  .4246E+01 -.4488E+01   .9999957 -.0008839 -.0028020
T 3233  1 .1983121E+07   1000094E-02 -.2834E+00  .8473E+01   .9999991  .0001557  .0013318
T 3234  1 .1984262E+07   1000160E-02  .5416E+00 -.1675E+01   .9999999 -.0002824 -.0002926
T 3235  1 .1989138E+07   1000080E-02 -.5542E+01  .1635E+00   .9999912 -.0041274  .0007090
T 3236  1 .1982201E+07   1000188E-02 -.8095E+01  .2709E+01   .9999814 -.0057891  .0019163
T 3237  1 .1987901E+07   1000077E-02  .5721E+01  .1082E+02   .9999971  .0013587  .0019974
T 3238  1 .1980988E+07   1000008E-02 -.4449E+01 -.1409E+02   .9999917 -.0012331 -.0038796
T 3239  1 .1988207E+07   1000115E-02  .1292E+02  .2431E+02   .9999184  .0035709  .0122694
T 3240  1 .1984214E+07   1000226E-02  .1232E+02 -.9371E+01   .9999972  .0018938 -.0014142
T 3241  1 .1982215E+07   1000188E-02 -.3915E+01  .1878E+01   .9999923  .0039186  .0000536
T 3242  1 .1981417E+07   1000224E-02  .1006E+02 -.1255E+02   .9999936  .0027633 -.0022866
T 3243  1 .1991475E+07   1000162E-02  .2095E+00  .8056E+01   .9999984  .0004906  .0017328
T 3244  1 .1985771E+07   1000182E-02 -.1477E+02 -.1984E+01   .9999962 -.0010294  .0025758
T 3245  1 .1984321E+07   1000202E-02 -.8131E+00  .2184E+00   .9999995 -.0010287 -.0000914
T 3246  1 .1988689E+07   1000205E-02  .8878E+01 -.5849E+01   .9999958  .0018028 -.0022826
T 3247  1 .1982977E+07   1000151E-02  .1220E+01 -.4417E+00   .9999980 -.0006733  .0018639
T 3248  1 .1985405E+07   1000004E-02 -.1096E+02 -.2557E+01   .9999954 -.0026304 -.0015058
T 3249  1 .1985235E+07   1000005E-02  .3355E+01  .4035E+01   .9999965  .0023905  .0011335
T 3250  1 .1983490E+07   1000184E-02 -.1831E+01  .4340E+00   .9999997  .0000011  .0007186
T 3251  1 .1988349E+07   1000165E-02  .1047E+02 -.2373E+02   .9999921  .0014933 -.0036923
T 3252  1 .1982268E+07   1000177E-02 -.3280E+01 -.6644E+01   .9999958  .0020208 -.0020886
T 3253  1 .1980172E+07   1000197E-02 -.6095E+02 -.1977E+02   .9999493 -.0100569  .0005440
T 3254  1 .1984610E+07   1000069E-02  .6932E+00 -.3284E+01   .9999991  .0008314 -.0010784
T 3255  1 .1979320E+07   1000194E-02  .1600E+02  .9888E+00   .9999751  .0068226 -.0018071
T 3256  1 .1980875E+07   1000222E-02 -.3912E+01  .4246E+01   .9999994 -.0005449  .0009577
T 3257  1 .1988344E+07   1000211E-02  .6084E+01 -.5340E+01   .9999986  .0005892 -.0015832
T 3258  1 .1983665E+07   1000030E-02 -.4698E+01  .5990E+02   .9999636  .0011620  .0084496
T 3259  1 .1984166E+07   1000139E-02 -.1002E+01 -.9793E+00   .9999995  .0009733 -.0001564
T 3260  1 .1984908E+07   1000224E-02 -.2277E+01 -.2567E+02   .9999602  .0041625 -.0078914
T 3261  1 .1981876E+07   1000151E-02  .1285E+02 -.5403E+01   .9999927  .0038039 -.0004264
T 3262  1 .1983729E+07   1000008E-02  .2967E+01 -.8808E+01   .9999990  .0013691 -.0004048
T 3263  1 .1984791E+07   1000188E-02  .2165E+01 -.1764E+02   .9999949  .0023252 -.0021931
T 3264  1 .1990141E+07   1000001E-02  .2030E+01 -.4717E+01   .9999980  .0016383 -.0011311
T 3265  1 .1985199E+07   1000044E-02  .1220E+00  .9198E+00   .9999992 -.0009365  .0008731
T 3266  1 .1981416E+07   1000060E-02 -.6925E+01  .2457E+01   .9999996 -.0008547  .0000853
T 3267  1 .1987596E+07   1000179E-02 -.5553E+01 -.4914E+01   .9999990 -.0011152 -.0008450
T 3268  1 .1986022E+07   1000068E-02  .2281E+01 -.7912E+01   .9999989  .0007912 -.0012558
T 3269  1 .1978710E+07   1000204E-02  .3609E+02 -.3205E+01   .9999416  .0106092 -.0020833
T 3270  1 .1985729E+07   1000221E-02 -.1426E+02 -.2352E+02   .9999722 -.0000399 -.0074499
T 3271  1 .1987083E+07   1000213E-02 -.3727E+00  .1469E+01   .9999983 -.0016134 -.0008644
T 3272  1 .1982326E+07   1000122E-02  .6831E+01  .6069E+01   .9999898  .0033997  .0029597
T 3273  1 .1986459E+07   1000196E-02 -.2073E+02  .4142E+01   .9999961 -.0028086 -.0000838
T 3274  1 .1987424E+07   1000109E-02  .1247E+01  .5551E+00   .9999964  .0025800  .0007789
T 3275  1 .1984591E+07   1000108E-02 -.3250E+01 -.1170E+01   .9999974 -.0022589 -.0001647
T 3276  1 .1983542E+07   1000176E-02  .3870E+01 -.2683E+01   .9999999  .0003721 -.0003758
T 3277  1 .1985108E+07   1000066E-02 -.4983E+01 -.1037E+02   .9999994  .0002111 -.0010281
T 3278  1 .1979628E+07   1000213E-02  .1698E+02  .6453E+02   .9999600  .0028680  .0084759
T 3279  1 .1981152E+07   1000192E-02  .6300E+01 -.4787E+01   .9999992  .0002055 -.0012545
T 3280  1 .1982984E+07   1000163E-02 -.3478E+01  .9147E+01   .9999976 -.0016492  .0014599
T 3281  1 .1986123E+07   1000106E-02  .1962E+02 -.2365E+02   .9999823  .0039674 -.0044368
T 3282  1 .1988358E+07   1000123E-02  .3140E+01  .7647E+01   .9999967  .0008951  .0023904
T 3283  1 .1990741E+07   1000195E-02 -.1449E+02 -.1329E+02   .9999974 -.0017247 -.0015116
T 3284  1 .1983335E+07   1000225E-02  .8491E+01  .8918E+00   .9999979  .0018893  .0007931
T 3285  1 .1985358E+07   1000084E-02 -.8112E+01  .3062E+01   .9999964 -.0009947 -.0024906
T 3286  1 .1989877E+07   1000092E-02  .2903E+02  .4193E+01   .9999706  .0076300 -.0008107
T 3287  1 .1983831E+07   1000066E-02 -.1427E+02  .3636E+00   .9999989  .0014514 -.0002590
T 3288  1 .1984583E+07   1000165E-02  .5067E+01 -.6701E+01   .9999988  .0010926 -.0010773
T 3289  1 .1983346E+07   1000107E-02  .3836E+01 -.2073E+01   .9999970  .0017664 -.0017057
T 3290  1 .1983020E+07   1000167E-02  .4295E+01  .6315E+01   .9999995 -.0003643  .0009207
T 3291  1 .1988805E+07   1000096E-02  .1518E+01  .2301E+01   .9999981  .0006168  .0018356
T 3292  1 .1982422E+07   1000155E-02  .1371E+01 -.1161E+01   .9999998  .0003590  .0005558
T 3293  1 .1987962E+07   1000123E-02  .8662E+01  .3525E+02   .9999279  .0048568  .0109855
T 3294  1 .1982528E+07   1000051E-02 -.1497E+01 -.7908E+01   .9999999 -.0002794 -.0002351
T 3295  1 .1981634E+07   1000181E-02 -.2127E+00 -.1369E+00   .9999999  .0000654 -.0000032
T 3296  1 .1982607E+07   1000131E-02 -.8162E+01 -.8013E+00   .9999982 -.0018626 -.0003906
T 3297  1 .1987419E+07   1000108E-02 -.5620E+01 -.6986E+01   .9999985  .0003593 -.0017036
T 3298  1 .1985262E+07   1000059E-02  .4816E+01  .3505E+01   .9999991  .0009119  .0009915
T 3299  1 .1988335E+07   1000186E-02  .8397E+01 -.2942E+01   .9999999 -.0004354  .0001275
T 3300  1 .1979987E+07   1000121E-02  .1356E+01 -.1728E+01   .9999997  .0001986 -.0007365
T 3301  1 .1989536E+07   1000001E-02  .6583E-01 -.1439E+02   .9999989  .0000857 -.0014990
T 3302  1 .1981466E+07   1000131E-02 -.6702E+01  .5187E+01   .9999979  .0011757  .0016638
T 3303  1 .1987702E+07   1000161E-02  .1022E+01  .2619E+01   .9999986  .0016515  .0004108
T 3304  1 .1984943E+07   1000181E-02 -.4216E-01 -.8422E+01   .9999988  .0006610 -.0014032
T 3305  1 .1985784E+07   1000175E-02 -.1691E+02 -.5736E+01   .9999903 -.0040260  .0017962
T 3306  1 .1985114E+07   1000202E-02 -.1096E+02 -.9651E+01   .9999877  .0012153 -.0048153
T 3307  1 .1989760E+07   1000144E-02 -.1014E+02  .1111E+01   .9999874 -.0047377  .0016531
T 3308  1 .1985592E+07   1000191E-02 -.3799E+01  .3572E+01   .9999890 -.0046961  .0000688
T 3309  1 .1984935E+07   1000212E-02 -.2463E+02 -.6625E+00   .9999794 -.0064238  .0000250
T 3310  1 .1982064E+07   1000012E-02 -.6479E+01  .1395E+02   .9999995 -.0007852  .0006306
T 3311  1 .1981623E+07   1000025E-02  .2791E+01 -.5048E+01   .9999991  .0010206 -.0008451
T 3312  1 .1984807E+07   1000215E-02  .3407E+00 -.8086E+00   .9999997  .0003329 -.0006448
T 3313  1 .1984275E+07   1000225E-02  .1713E+02  .6654E+01   .9999967  .0023024  .0011681
T 3314  1 .1982048E+07   1000167E-02 -.8817E+01 -.6125E+01   .9999988 -.0012906 -.0008670
T 3315  1 .1986651E+07   1000039E-02 -.5857E+01 -.1911E+02   .9999780 -.0010435 -.0065445
T 3316  1 .1981831E+07   1000177E-02  .1079E+00  .2405E+01   .9999995  .0005940  .0008454
T 3317  1 .1983876E+07   1000115E-02  .7351E+01 -.3830E+01   .9999948  .0008593 -.0030997
T 3318  1 .1988638E+07   1000006E-02 -.1889E+02 -.1604E+02   .9999879 -.0030396 -.0038559
T 3319  1 .1984536E+07   1000193E-02  .3127E+03  .7614E+02   .9989710  .0453527 -.0000416
T 3320  1 .1989892E+07   1000176E-02  .2242E+01 -.1236E+01   .9999996 -.0000113  .0009283
T 3321  1 .1987410E+07   1000088E-02 -.1017E+02 -.5810E+01   .9999953 -.0022998 -.0020172
T 3322  1 .1988227E+07   1000227E-02  .8402E+00  .7070E+00   .9999995 -.0003623 -.0009493
T 3323  1 .1985307E+07   1000143E-02  .1904E+01  .1001E+02   .9999909  .0012947  .0040699
T 3324  1 .1983718E+07   1000001E-02 -.9036E+01  .5006E+02   .9999762 -.0017226  .0066849
T 3325  1 .1981597E+07   1000173E-02 -.4376E+01 -.7897E+01   .9999979  .0004256 -.0020066
T 3326  1 .1987398E+07   1000032E-02 -.4646E+01  .6586E+01   .9999999 -.0002608  .0003860
T 3327  1 .1982484E+07   1000068E-02  .1974E+02 -.3165E+02   .9999840  .0037344 -.0042430
T 3328  1 .1982496E+07   1000201E-02 -.1626E+01  .5171E+00   .9999948 -.0013685  .0029259
T 3329  1 .1988622E+07   1000033E-02 -.1775E+01  .3308E+01   .9999971 -.0019939 -.0013871
T 3330  1 .1978319E+07   1000142E-02  .7274E+01 -.5801E+01   .9999977  .0010594 -.0018507
T 3331  1 .1994383E+07   1000097E-02 -.3028E+02 -.1715E+02   .9999958 -.0023950 -.0016260
T 3332  1 .1985997E+07   1000172E-02  .1114E+02 -.7283E+01   .9999954  .0028915 -.0009413
T 3333  1 .1983343E+07   1000205E-02  .2657E+00  .8728E+01   .9999692  .0049220  .0061064
T 3334  1 .1980785E+07   1000195E-02  .1006E+01  .3995E+01   .9999985  .0007668  .0015537
T 3335  1 .1979005E+07   1000117E-02 -.2328E+01  .9287E-01   .9999998 -.0003563  .0005788
T 3336  1 .1980745E+07   1000017E-02 -.7004E+01  .8204E+01   .9999986 -.0001436  .0016888
T 3337  1 .1986350E+07   1000126E-02 -.1432E+02  .4224E+01   .9999968 -.0023560  .0008797
T 3338  1 .1984578E+07   1000007E-02 -.2703E+02 -.3562E+02   .9999518 -.0055769 -.0080748
T 3339  1 .1985897E+07   1000174E-02 -.1161E+01 -.5388E+01   .9999985  .0016505 -.0004315
T 3340  1 .1982574E+07   1000223E-02 -.2830E+00 -.1683E+01   .9999994  .0008843  .0006668
T 3341  1 .1982657E+07   1000002E-02 -.2419E+01 -.2754E+01   .9999984 -.0003086 -.0017671
T 3342  1 .1983549E+07   1000019E-02 -.1664E+02 -.3155E+01   .9999890 -.0042659 -.0019501
T 3343  1 .1980752E+07   1000179E-02 -.1383E+02 -.2735E+01   .9999958 -.0028353 -.0006029
T 3344  1 .1983079E+07   1000207E-02  .5614E+00 -.1062E+01   .9999993  .0010044  .0006222
T 3345  1 .1985053E+07   1000087E-02 -.5753E+00 -.5008E+01   .9999994  .0011294 -.0000348
T 3346  1 .1978111E+07   1000196E-02  .5266E+01  .1570E+02   .9999946  .0004579  .0032422
T 3347  1 .1987741E+07   1000097E-02 -.3577E+00 -.5921E+01   .9999992  .0006402 -.0011335
T 3348  1 .1991220E+07   1000178E-02 -.2558E+01 -.2793E+01   .9999814 -.0019803 -.0057631
T 3349  1 .1985785E+07   1000159E-02  .1107E+01  .3418E+00   .9999985 -.0000884 -.0017412
T 3350  1 .1988631E+07   1000007E-02 -.3465E+01 -.2153E+02   .9999967 -.0003682 -.0025584
T 3351  1 .1985252E+07   1000207E-02 -.1597E+01  .3566E+01   .9999996 -.0001590  .0008822
T 3352  1 .1982344E+07   1000070E-02 -.6730E+01 -.6301E+01   .9999940 -.0029793 -.0017410
T 3353  1 .1980442E+07   1000226E-02 -.1425E+02 -.1161E+02   .9999932 -.0028172 -.0023886
T 3354  1 .1986933E+07   1000179E-02  .2516E+01  .2704E+01   .9999996  .0003652  .0008206
T 3355  1 .1983807E+07   1000076E-02 -.1767E+01 -.5772E+01   .9999988  .0014984  .0004581
T 3356  1 .1983736E+07   1000226E-02 -.4942E+01  .3017E+01   .9999994 -.0009964  .0003910
T 3357  1 .1980717E+07   1000176E-02  .1984E+01  .3212E+00   .9999999  .0003005  .0000741
T 3358  1 .1980902E+07   1000140E-02 -.3335E+00 -.5862E+00   .9999999 -.0001322 -.0001236
T 3359  1 .1981190E+07   1000198E-02  .3277E+01  .1973E+01   .9999995  .0009556 -.0001002
T 3360  1 .1983658E+07   1000197E-02  .9570E+01  .3008E+02   .9999795  .0005304  .0063818
T 3361  1 .1980197E+07   1000203E-02  .1016E+02  .1505E+02   .9999976  .0005843  .0021053
T 3362  1 .1983247E+07   1000023E-02 -.2308E+01 -.8888E+00   .9999910 -.0023060 -.0035625
T 3363  1 .1986987E+07   1000100E-02  .1855E+01  .2078E+01   .9999999  .0001600 -.0002565
T 3364  1 .1983929E+07   1000013E-02  .9183E-01 -.9986E+01   .9999955 -.0000895 -.0030049
T 3365  1 .1991818E+07   1000165E-02 -.7521E+01  .1981E+02   .9999795 -.0023866  .0059381
T 3366  1 .1987151E+07   1000146E-02  .1206E+02 -.2515E+01   .9999972  .0023333 -.0003817
T 3367  1 .1985947E+07   1000031E-02 -.1400E+02 -.1324E+02   .9999920 -.0035132 -.0019218
T 3368  1 .1982539E+07   1000065E-02  .2478E+02  .8048E+01   .9999894  .0041888  .0019066
T 3369  1 .1987193E+07   1000211E-02  .3824E+01  .7716E+01   .9999930  .0009681  .0036205
T 3370  1 .1983735E+07   1000119E-02 -.1331E+02  .6277E+01   .9999953 -.0028295  .0011969
T 3371  1 .1985153E+07   1000181E-02  .7542E+01 -.3454E+01   .9999861 -.0001705 -.0052715
T 3372  1 .1985358E+07   1000115E-02 -.6404E+01  .1308E+02   .9999873 -.0007667  .0049907
T 3373  1 .1988486E+07   1000064E-02  .5541E+01  .1522E+02   .9999681 -.0038924  .0069696
T 3374  1 .1985661E+07   1000006E-02 -.2888E+01 -.1519E+02   .9999821  .0005724 -.0059605
T 3375  1 .1981827E+07   1000155E-02 -.2077E-01 -.1466E+02   .9999969  .0002962 -.0024616
T 3376  1 .1985557E+07   1000212E-02 -.5557E+01 -.1849E+01   .9999986 -.0015630  .0006078
T 3377  1 .1982805E+07   1000117E-02  .2649E+01  .9378E+01   .9999963  .0020608  .0017721
T 3378  1 .1984025E+07   1000041E-02 -.3232E+01 -.3815E+01   .9999962 -.0015569  .0022837
T 3379  1 .1983338E+07   1000130E-02  .7798E+01 -.2383E+01   .9999887  .0040951  .0024261
T 3380  1 .1987930E+07   1000052E-02 -.7527E+01  .3165E+01   .9999815 -.0058202  .0017687
T 3381  1 .1978834E+07   1000125E-02 -.1947E+01  .1675E+01   .9999987 -.0015848  .0001357
T 3382  1 .1989575E+07   1000121E-02  .1229E+02 -.5189E+01   .9999957  .0029361 -.0000597
T 3383  1 .1981645E+07   1000093E-02  .3078E+01  .1196E+01   .9999996  .0004001 -.0007470
T 3384  1 .1982645E+07   1000027E-02  .4841E+01  .2968E+01   .9999969  .0023539 -.0007634
T 3385  1 .1985079E+07   1000184E-02  .4635E+00 -.3288E+00   .9999992  .0011455  .0005090
T 3386  1 .1986874E+07   1000090E-02  .9478E+01  .2380E+01   .9999998 -.0004217 -.0004448
T 3387  1 .1981941E+07   1000053E-02 -.1727E+01 -.4395E+01   .9999992 -.0007081 -.0010401
T 3388  1 .1988055E+07   1000165E-02  .5049E+00 -.3450E+01   .9999978 -.0002169 -.0020937
T 3389  1 .1981935E+07   1000206E-02  .1638E+01  .6977E+00   .9999995  .0006730  .0007826
T 3390  1 .1982533E+07   1000144E-02 -.7971E+00  .2094E+02   .9999715 -.0007966  .0075050
T 3391  1 .1989068E+07   1000184E-02 -.8607E+01  .1668E+01   .9999986 -.0016715 -.0002999
T 3392  1 .1982310E+07   1000008E-02  .7114E+01 -.4334E+01   .9999962  .0027667 -.0000771
T 3393  1 .1985341E+07   1000159E-02  .2470E+01  .5158E+01   .9999980  .0007387  .0018480
T 3394  1 .1988177E+07   1000060E-02  .3632E+01  .6539E+01   .9999967  .0012679  .0022298
T 3395  1 .1986306E+07   1000207E-02 -.4252E+01 -.1143E+02   .9999856 -.0052377 -.0011535
T 3396  1 .1986441E+07   1000064E-02 -.8531E+01  .3876E+01   .9999963 -.0019362  .0019366
T 3397  1 .1981000E+07   1000137E-02 -.1544E+02  .2128E+01   .9999346 -.0113566 -.0013700
T 3398  1 .1983513E+07   1000218E-02 -.5826E+01 -.1360E+02   .9999958 -.0012351 -.0026249
T 3399  1 .1985353E+07   1000099E-02  .1573E+02 -.6256E+01   .9999869  .0034060 -.0038162
T 3400  1 .1986665E+07   1000043E-02  .1010E+01  .2903E+00   .9999997  .0007086  .0000172
T 3401  1 .1985059E+07   1000069E-02  .8051E+01  .1975E+01   .9999940  .0034062 -.0006903
T 3402  1 .1986264E+07   1000104E-02 -.1988E+02 -.4955E+02   .9999245  .0007457 -.0122615
T 3403  1 .1981129E+07   1000225E-02  .1327E+02  .1663E+02   .9999928  .0031839  .0020410
T 3404  1 .1982779E+07   1000008E-02 -.1262E+00 -.3213E+01   .9999998  .0003564 -.0004381
T 3405  1 .1984518E+07   1000140E-02 -.3945E+02  .2026E+02   .9999640 -.0082350  .0020539
T 3406  1 .1983950E+07   1000210E-02  .2547E+02  .2315E+01   .9999810  .0057631  .0021919
T 3407  1 .1990096E+07   1000193E-02 -.8316E+01  .2048E+01   .9999995  .0008516  .0006109
T 3408  1 .1979785E+07   1000083E-02 -.9571E+01  .9607E+01   .9999926 -.0015143  .0035325
T 3409  1 .1981158E+07   1000041E-02  .1691E+01 -.7394E+01   .9999960  .0011661 -.0025928
T 3410  1 .1986257E+07   1000225E-02 -.1065E+02  .4703E+01   .9999951 -.0030088  .0008506
T 3411  1 .1985268E+07   1000117E-02  .5649E+01 -.4060E+01   .9999966  .0025813 -.0003764
T 3412  1 .1984398E+07   1000115E-02  .1218E+01 -.3704E+00   .9999980  .0019219 -.0006045
T 3413  1 .1983099E+07   1000203E-02 -.1398E+01 -.1527E+01   .9999996  .0004314 -.0007956
T 3414  1 .1988665E+07   1000191E-02  .4683E+01  .8201E+01   .9999987  .0011087  .0012117
T 3415  1 .1984018E+07   1000154E-02  .1441E+01  .9768E+01   .9999978 -.0002548  .0020840
T 3416  1 .1984854E+07   1000076E-02  .8664E+00 -.6625E+00   .9999997  .0004450 -.0006272
T 3417  1 .1983242E+07   1000096E-02 -.6828E+01  .5242E+01   .9999997 -.0007698  .0000103
T 3418  1 .1985625E+07   1000079E-02 -.1160E+01 -.8372E+01   .9999942 -.0015058 -.0030664
T 3419  1 .1984057E+07   1000121E-02 -.5818E+02  .3401E+02   .9999766 -.0046694  .0050049
T 3420  1 .1981476E+07   1000142E-02 -.4077E+01  .1361E+02   .9999970 -.0018442  .0016003
T 3421  1 .1987324E+07   1000111E-02 -.1974E+02  .1907E+02   .9999950 -.0022149  .0022569
T 3422  1 .1985945E+07   1000178E-02 -.1960E+01  .1695E+01   .9999979  .0014264  .0015023
T 3423  1 .1983811E+07   1000133E-02 -.6551E+02  .4064E+01   .9999773 -.0066748  .0009512
T 3424  1 .1986616E+07   1000191E-02  .1689E+01 -.3617E+01   .9999996 -.0000007  .0008677
T 3425  1 .1988693E+07   1000047E-02 -.8626E+01 -.1921E+02   .9999983 -.0017394 -.0005631
T 3426  1 .1985093E+07   1000156E-02  .7408E+00 -.1828E-01   .9999999 -.0002903 -.0001549
T 3427  1 .1984031E+07   1000154E-02  .3460E+01  .5145E+01   .9999968 -.0016791  .0019003
T 3428  1 .1988287E+07   1000003E-02 -.2827E+01  .7335E+01   .9999989 -.0009019  .0011997
T 3429  1 .1982992E+07   1000108E-02 -.6911E+01  .7250E+01   .9999960 -.0028403  .0001343
T 3430  1 .1982463E+07   1000064E-02 -.3267E+01  .9297E+01   .9999940 -.0012799  .0032167
T 3431  1 .1983923E+07   1000210E-02 -.2837E+00 -.4102E+00   .9999999 -.0002043 -.0001701
T 3432  1 .1978978E+07   1000090E-02  .3936E+01  .9706E+01   .9999958  .0007218  .0027898
T 3433  1 .1984017E+07   1000198E-02 -.2476E+02 -.1587E+02   .9998654 -.0047044 -.0157157
T 3434  1 .1986857E+07   1000084E-02 -.2852E+01 -.8996E+00   .9999999 -.0001031 -.0001411
T 3435  1 .1987662E+07   1000082E-02  .3193E+01  .7650E-01   .9999990  .0013121 -.0004700
T 3436  1 .1985728E+07   1000196E-02 -.2247E+02  .3900E+02   .9998706 -.0071694  .0143991
T 3437  1 .1980679E+07   1000123E-02 -.6456E+01 -.1224E+02   .9999957 -.0016412 -.0024263
T 3438  1 .1981021E+07   1000004E-02 -.4267E+01  .9607E+01   .9999980 -.0011099  .0016847
T 3439  1 .1986877E+07   1000225E-02  .2819E+01 -.6422E+01   .9999980  .0003608 -.0019544
T 3440  1 .1988919E+07   1000032E-02  .2691E+02  .2602E+01   .9999789  .0064717 -.0005225
T 3441  1 .1990354E+07   1000052E-02  .6656E+00 -.6946E+00   .9999985  .0014447  .0009129
T 3442  1 .1982095E+07   1000041E-02 -.1155E+01  .2007E+00   .9999959 -.0011530  .0026328
T 3443  1 .1981695E+07   1000047E-02 -.6972E+00  .2946E+00   .9999999  .0000527  .0000637
T 3444  1 .1987456E+07   1000207E-02  .9677E-01 -.7437E+01   .9999965  .0016214 -.0020813
T 3445  1 .1986648E+07   1000101E-02 -.8074E+01 -.1283E+02   .9999831 -.0045133 -.0036542
T 3446  1 .1985163E+07   1000172E-02 -.1451E+00 -.5750E-01   .9999999 -.0005300 -.0001355
T 3447  1 .1988002E+07   1000016E-02 -.5083E+01 -.7920E+01   .9999999  .0001121 -.0004303
T 3448  1 .1983696E+07   1000212E-02 -.1747E+02  .3184E+01   .9999906 -.0043157  .0003021
T 3449  1 .1988011E+07   1000170E-02  .7181E+00  .2507E+01   .9999980  .0008167  .0018135
T 3450  1 .1988690E+07   1000165E-02 -.3095E+02 -.1092E+02   .9999501 -.0092783 -.0037129
T 3451  1 .1982411E+07   1000195E-02 -.8197E+01 -.1083E+02   .9999918 -.0029624 -.0027464
T 3452  1 .1978263E+07   1000200E-02  .2424E+01  .7862E+01   .9999986  .0013669  .0009512
T 3453  1 .1985610E+07   1000166E-02  .4333E+00  .6474E+01   .9999985 -.0000736  .0017414
T 3454  1 .1988555E+07   1000175E-02  .2095E+02  .5830E+01   .9999954  .0028398 -.0011113
T 3455  1 .1989320E+07   1000112E-02  .9515E+00 -.2157E+01   .9999999  .0004010 -.0002788
T 3456  1 .1985223E+07   1000212E-02 -.5659E+00  .4347E+00   .9999999 -.0001920 -.0004540
T 3457  1 .1981716E+07   1000171E-02 -.6564E-01  .3345E+01   .9999988 -.0008520  .0013234
T 3458  1 .1982094E+07   1000165E-02  .4472E+01 -.5758E+00   .9999976  .0021620 -.0001780
T 3459  1 .1986661E+07   1000040E-02 -.2398E+01 -.2017E+02   .9999828  .0002240 -.0058673
T 3460  1 .1984419E+07   1000044E-02 -.2981E+02 -.1878E+02   .9999962 -.0026643 -.0007589
T 3461  1 .1985595E+07   1000091E-02 -.2281E+02 -.6527E+00   .9999962 -.0022341 -.0016446
T 3462  1 .1977922E+07   1000177E-02  .1276E+02 -.3229E+01   .9999984  .0015551  .0008681
T 3463  1 .1983221E+07   1000227E-02 -.1088E+02  .4374E+01   .9999976 -.0021554  .0003903
T 3464  1 .1983037E+07   1000020E-02 -.6647E+01 -.1748E+01   .9999992 -.0010533 -.0006455
T 3465  1 .1979909E+07   1000128E-02 -.8144E+01 -.1329E+02   .9999998  .0005245 -.0001931
T 3466  1 .1985918E+07   1000006E-02  .3403E+02  .1150E+02   .9999110  .0133152  .0008222
T 3467  1 .1979196E+07   1000211E-02 -.1113E+01  .4989E+01   .9999997 -.0006359 -.0005025
T 3468  1 .1982793E+07   1000140E-02  .4369E+01 -.8027E+01   .9999849  .0022184 -.0050257
T 3469  1 .1981893E+07   1000136E-02 -.2304E+01  .5244E+01   .9999981 -.0010335  .0016581
T 3470  1 .1985679E+07   1000138E-02 -.8710E+00 -.2756E+01   .9999968 -.0002485 -.0025012
T 3471  1 .1986066E+07   1000187E-02  .8027E+00 -.5765E+00   .9999987 -.0009627 -.0013100
T 3472  1 .1986292E+07   1000206E-02 -.7429E-01  .1013E+01   .9999970  .0009153  .0022559
T 3473  1 .1987578E+07   1000218E-02 -.7101E+01 -.1386E+02   .9999974 -.0019111 -.0012787
T 3474  1 .1982155E+07   1000147E-02 -.1488E+02  .5769E+01   .9999996  .0009282  .0000451
T 3475  1 .1982923E+07   1000147E-02 -.3702E+01 -.1731E+01   .9999997 -.0005823 -.0005242
T 3476  1 .1986919E+07   1000127E-02  .2069E+02 -.1258E+02   .9999965  .0018822 -.0018401
T 3477  1 .1981984E+07   1000211E-02 -.1664E+01 -.3351E+01   .9999995 -.0007592 -.0006336
T 3478  1 .1982390E+07   1000207E-02 -.1597E+02  .7935E+01   .9999876 -.0049571 -.0003991
T 3479  1 .1981254E+07   1000076E-02  .4540E-01 -.1152E+01   .9999997  .0006746 -.0004096
T 3480  1 .1983496E+07   1000059E-02 -.1054E+02 -.1627E+02   .9999970 -.0018822 -.0015900
T 3481  1 .1989055E+07   1000201E-02 -.2996E+01 -.7188E+01   .9999991 -.0011758 -.0006215
T 3482  1 .1985515E+07   1000125E-02 -.3677E+03 -.6300E+02   .9983243 -.0570871 -.0094678
T 3483  1 .1986563E+07   1000192E-02 -.1497E+02  .4872E+01   .9999955 -.0021892  .0020416
T 3484  1 .1985145E+07   1000147E-02  .1123E+02 -.4007E+00   .9999991  .0011403 -.0006642
T 3485  1 .1985485E+07   1000174E-02 -.3115E+01 -.5918E+01   .9999951  .0015842 -.0026987
T 3486  1 .1984038E+07   1000178E-02  .7652E+01 -.4567E+01   .9999963  .0019856 -.0018800
T 3487  1 .1987218E+07   1000216E-02  .9638E+01  .8901E+01   .9999874  .0027383  .0041994
T 3488  1 .1979370E+07   1000192E-02 -.9171E+00  .9315E+01   .9999934 -.0021444  .0029308
T 3489  1 .1983075E+07   1000043E-02  .1229E+02  .9733E+01   .9999943  .0023040  .0024521
T 3490  1 .1988904E+07   1000008E-02 -.3923E+01  .8567E+01   .9999905 -.0012885  .0041656
T 3491  1 .1986872E+07   1000219E-02 -.1853E+01 -.4325E+01   .9999971 -.0018972 -.0014835
T 3492  1 .1981360E+07   1000180E-02  .5161E+00  .7764E+00   .9999994  .0005544  .0009369
T 3493  1 .1981101E+07   1000181E-02  .7495E+01  .8047E+01   .9999973 -.0001704  .0022975
T 3494  1 .1982427E+07   1000149E-02  .4191E+01 -.1172E+02   .9999972  .0010024 -.0021204
T 3495  1 .1987755E+07   1000077E-02  .8507E+01 -.6199E+00   .9999934  .0034689  .0010808
T 3496  1 .1984003E+07   1000033E-02  .2889E+01  .3378E+01   .9999991  .0009143  .0009898
T 3497  1 .1990250E+07   1000127E-02 -.7885E+01  .8376E+01   .9999620 -.0082649  .0027792
T 3498  1 .1985478E+07   1000144E-02 -.2292E+02 -.8261E+00   .9999869 -.0049679  .0012479
T 3499  1 .1985377E+07   1000220E-02 -.2284E+02  .1329E+02   .9999940 -.0030755  .0015764
T 3500  1 .1982675E+07   1000061E-02  .5029E+01  .7445E+01   .9999876  .0028026  .0041201
T 3501  1 .1985760E+07   1000029E-02  .1356E+02  .5927E+01   .9999989  .0008995  .0012001
T 3502  1 .1988610E+07   1000226E-02  .8502E+01  .1771E+02   .9999969  .0015254  .0019725
T 3503  1 .1991223E+07   1000015E-02 -.1039E+02  .1866E+02   .9999852 -.0025257  .0048089
T 3504  1 .1984693E+07   1000217E-02 -.1645E+01  .7012E+01   .9999968  .0000287  .0025398
T 3505  1 .1987734E+07   1000022E-02 -.2816E+01 -.1822E+01   .9999995 -.0004135 -.0008783
T 3506  1 .1980147E+07   1000080E-02  .2632E+00 -.2139E+02   .9999936 -.0005312 -.0035517
T 3507  1 .1979310E+07   1000221E-02  .6190E+01 -.1414E+02   .9999925  .0023940 -.0030395
T 3508  1 .1988966E+07   1000218E-02 -.1165E+02 -.7875E+01   .9999876 -.0036847 -.0033598
T 3509  1 .1983274E+07   1000074E-02  .4854E+01  .1534E+01   .9999988  .0014144  .0006822
T 3510  1 .1990408E+07   1000125E-02  .1716E+01 -.7480E+00   .9999996  .0008549  .0000037
T 3511  1 .1986055E+07   1000069E-02  .2921E+01 -.8110E+01   .9999968 -.0002722 -.0025013
T 3512  1 .1988073E+07   1000180E-02 -.2501E+01  .3262E+00   .9999988 -.0015375 -.0002769
T 3513  1 .1988225E+07   1000098E-02  .4950E+01 -.5856E+01   .9999962  .0017798 -.0020875
T 3514  1 .1985643E+07   1000008E-02 -.4956E+02  .6375E+01   .9999704 -.0076729  .0006055
T 3515  1 .1984822E+07   1000065E-02  .1279E+02 -.8865E+01   .9999919  .0038142 -.0013231
T 3516  1 .1986135E+07   1000220E-02 -.6489E+02  .2155E+02   .9999717 -.0069409  .0028874
T 3517  1 .1989177E+07   1000166E-02  .5776E+01 -.4545E+01   .9999984  .0014059 -.0011131
T 3518  1 .1985095E+07   1000226E-02 -.1376E+01 -.9233E+00   .9999979 -.0017578 -.0010186
T 3519  1 .1983360E+07   1000006E-02  .7331E+00  .1790E+01   .9999968  .0014719  .0020442
T 3520  1 .1982493E+07   1000137E-02  .9498E+01  .5413E+01   .9999985  .0000774  .0017570
T 3521  1 .1986444E+07   1000226E-02  .6752E+01  .1993E+02   .9999861  .0017880  .0049696
T 3522  1 .1984049E+07   1000202E-02  .2288E+02 -.1463E+02   .9999933  .0028729 -.0022751
T 3523  1 .1989320E+07   1000153E-02 -.2282E+01 -.1654E+01   .9999950 -.0025459 -.0018627
T 3524  1 .1989637E+07   1000134E-02 -.1689E+02  .7332E+01   .9999936 -.0032832  .0014013
T 3525  1 .1989173E+07   1000055E-02 -.8974E+01  .1567E+02   .9999851 -.0013438  .0052999
T 3526  1 .1986685E+07   1000103E-02 -.8826E+01 -.2817E+01   .9999999 -.0003790  .0002294
T 3527  1 .1981945E+07   1000213E-02  .1024E+02 -.1109E+02   .9999707  .0045155 -.0061812
T 3528  1 .1981925E+07   1000158E-02 -.1864E+01 -.1491E+01   .9999973 -.0005253 -.0022436
T 3529  1 .1989259E+07   1000073E-02 -.6149E+01  .6286E+01   .9999991 -.0012309 -.0005803
T 3530  1 .1984327E+07   1000219E-02  .3111E+01  .2840E+01   .9999938  .0027471  .0022027
T 3531  1 .1980798E+07   1000010E-02  .4758E+00 -.5063E+01   .9999955  .0001677 -.0029801
T 3532  1 .1986536E+07   1000168E-02 -.1731E+02  .2062E+02   .9999945 -.0008155  .0032127
T 3533  1 .1983655E+07   1000193E-02  .1207E+02  .2041E+02   .9999955  .0020467  .0022027
T 3534  1 .1984265E+07   1000220E-02  .9191E+01  .3105E+01   .9999939  .0016443  .0030904
T 3535  1 .1984555E+07   1000208E-02 -.7757E+01  .1550E+00   .9999964 -.0026696  .0001733
T 3536  1 .1986343E+07   1000014E-02  .3361E+01 -.1668E+02   .9999935  .0020342 -.0029765
T 3537  1 .1983294E+07   1000200E-02  .9180E+01 -.4019E+01   .9999970  .0019760 -.0014737
T 3538  1 .1983744E+07   1000044E-02 -.8727E+01 -.5256E+01   .9999977 -.0005046 -.0020878
T 3539  1 .1987649E+07   1000175E-02  .2766E+01 -.5814E+01   .9999980 -.0019536 -.0004319
T 3540  1 .1983626E+07   1000216E-02 -.1552E+00  .2681E+01   .9999963  .0006268  .0026401
T 3541  1 .1981500E+07   1000227E-02  .6139E+01 -.1321E+02   .9999764  .0010476 -.0067888
T 3542  1 .1988646E+07   1000189E-02 -.8591E+01  .5180E+01   .9999970 -.0008934 -.0022928
T 3543  1 .1984415E+07   1000203E-02  .1122E+01 -.3085E+01   .9999952  .0015639 -.0026754
T 3544  1 .1985440E+07   1000104E-02 -.4183E+01 -.6135E+01   .9999961 -.0014240 -.0023867
T 3545  1 .1977946E+07   1000117E-02  .6766E+01 -.7383E+01   .9999989  .0013972  .0005553
T 3546  1 .1984459E+07   1000017E-02 -.3501E+02 -.9297E-01   .9999812 -.0061373  .0000980
T 3547  1 .1977442E+07   1000209E-02  .5555E+01  .1255E+02   .9999938  .0022565  .0027014
T 3548  1 .1986240E+07   1000214E-02 -.1102E+01  .1125E+01   .9999977 -.0021379  .0001239
T 3549  1 .1985694E+07   1000179E-02 -.2184E+01 -.1902E+02   .9999945  .0002061 -.0033191
T 3550  1 .1987080E+07   1000013E-02  .6971E+01 -.1091E+02   .9999923  .0023124 -.0031735
T 3551  1 .1985416E+07   1000189E-02  .4824E+01  .1835E+02   .9999759  .0026312  .0064276
T 3552  1 .1986962E+07   1000151E-02  .3580E+01 -.4501E+01   .9999990  .0010342  .0009714
T 3553  1 .1986216E+07   1000036E-02 -.1960E+02 -.1420E+02   .9999883 -.0027166 -.0040130
T 3554  1 .1981399E+07   1000132E-02  .1103E+02  .2770E+02   .9999872  .0013750  .0048684
T 3555  1 .1986720E+07   1000189E-02  .8559E+00 -.1947E+01   .9999984 -.0009153 -.0015598
T 3556  1 .1984687E+07   1000220E-02 -.1571E+02  .6813E+01   .9999950 -.0030457  .0007958
T 3557  1 .1978872E+07   1000216E-02 -.5959E+01 -.5958E+01   .9999982 -.0018809 -.0002761
T 3558  1 .1989661E+07   1000058E-02 -.1309E+01 -.1673E+01   .9999982 -.0016800 -.0008470
T 3559  1 .1986079E+07   1000205E-02  .3607E+01  .7332E+01   .9999955  .0018055  .0023803
T 3560  1 .1983729E+07   1000044E-02  .2733E+01  .2753E+01   .9999982  .0018507 -.0005188
T 3561  1 .1985277E+07   1000163E-02  .7635E+01  .1559E+02   .9999925  .0019651  .0033468
T 3562  1 .1985061E+07   1000016E-02 -.3476E+01  .1702E+01   .9999998  .0002657  .0005674
T 3563  1 .1985198E+07   1000004E-02  .1500E+02 -.2407E+01   .9999891  .0045175  .0011591
T 3564  1 .1988961E+07   1000013E-02  .2125E+01 -.4657E+01   .9999991  .0007645 -.0010890
T 3565  1 .1983127E+07   1000008E-02  .1759E+01 -.4232E+01   .9999962  .0007490 -.0026710
T 3566  1 .1985016E+07   1000121E-02  .7260E+00  .7555E+01   .9999939  .0023138  .0026125
T 3567  1 .1986133E+07   1000182E-02 -.3482E+01 -.1907E+01   .9999985 -.0016475  .0005344
T 3568  1 .1981801E+07   1000214E-02 -.1314E+02 -.2680E+01   .9999990 -.0013455 -.0003589
T 3569  1 .1985588E+07   1000156E-02  .4232E+01  .6526E+01   .9999899  .0039893  .0020937
T 3570  1 .1983959E+07   1000118E-02 -.3415E+01  .1257E+01   .9999914 -.0010526 -.0040112
T 3571  1 .1984559E+07   1000204E-02 -.1059E+01 -.4216E+01   .9999974  .0002086 -.0022621
T 3572  1 .1980927E+07   1000068E-02 -.1495E+01  .1237E+01   .9999993 -.0009044  .0007455
T 3573  1 .1987241E+07   1000214E-02 -.1391E+01 -.8309E+00   .9999992  .0010625 -.0007321
T 3574  1 .1984560E+07   1000182E-02 -.9226E+01  .2473E+01   .9999949 -.0029045  .0013146
T 3575  1 .1982063E+07   1000053E-02  .6412E+01  .9827E+01   .9999947  .0017155  .0027590
T 3576  1 .1986514E+07   1000036E-02 -.8885E+01 -.1345E+02   .9999943 -.0010867 -.0031815
T 3577  1 .1981808E+07   1000056E-02 -.1193E+02 -.5149E+01   .9999917 -.0038480 -.0013490
T 3578  1 .1986171E+07   1000038E-02  .3090E+01  .1765E+01   .9999977  .0016797  .0012960
T 3579  1 .1986665E+07   1000151E-02  .2276E+01  .6023E+00   .9999965  .0023481  .0012375
T 3580  1 .1984192E+07   1000101E-02 -.3809E+01  .3403E+00   .9999988 -.0015208  .0001381
T 3581  1 .1983160E+07   1000058E-02  .2736E+01 -.6900E+01   .9999977  .0014078 -.0016174
T 3582  1 .1984039E+07   1000037E-02  .4461E+02 -.2188E+02   .9999834  .0047823 -.0032079
T 3583  1 .1985921E+07   1000214E-02  .1350E+02 -.8299E+01   .9999977  .0019897 -.0007358
T 3584  1 .1984286E+07   1000208E-02  .4025E+01  .8759E+00   .9999997  .0006912  .0004119
T 3585  1 .1984144E+07   1000150E-02 -.3053E+02 -.8951E+01   .9999849 -.0038419 -.0039229
T 3586  1 .1983318E+07   1000161E-02 -.6599E+00 -.4075E+01   .9999993 -.0007661 -.0008774
T 3587  1 .1985202E+07   1000110E-02  .9119E+01 -.1164E+02   .9999966  .0013370 -.0022288
T 3588  1 .1984192E+07   1000099E-02 -.3845E+01  .1013E+02   .9999935  .0002950  .0035822
T 3589  1 .1985972E+07   1000185E-02 -.4531E+01  .1418E+02   .9999984 -.0003401  .0017338
T 3590  1 .1985062E+07   1000128E-02 -.6947E+01  .3874E+01   .9999970 -.0022049  .0010390
T 3591  1 .1986912E+07   1000186E-02  .9013E+01 -.2049E+00   .9999939  .0034470  .0004837
T 3592  1 .1984006E+07   1000129E-02 -.5858E+01 -.1891E+00   .9999999 -.0001616 -.0004712
T 3593  1 .1979977E+07   1000218E-02  .1715E+01 -.1012E+02   .9999973  .0007672 -.0021845
T 3594  1 .1989997E+07   1000019E-02 -.7122E+00 -.7393E+00   .9999999  .0001434 -.0003321
T 3595  1 .1986609E+07   1000203E-02  .4503E+01 -.4643E+01   .9999995  .0005301  .0008681
T 3596  1 .1986327E+07   1000128E-02  .2122E+01  .9525E+01   .9999949  .0021429  .0023735
T 3597  1 .1982805E+07   1000195E-02 -.2826E+01 -.4103E+00   .9999998 -.0006544 -.0001123
T 3598  1 .1986183E+07   1000187E-02  .7673E+00  .1763E+01   .9999964  .0019165  .0018577
T 3599  1 .1980436E+07   1000138E-02 -.1413E+01 -.6810E+01   .9999976 -.0004534 -.0021214
T 3600  1 .1986889E+07   1000110E-02 -.9435E+01 -.2736E+02   .9999714  .0005537 -.0075459
T 3601  1 .1982604E+07   1000049E-02 -.2513E+02  .6085E+02   .9999052 -.0057518  .0125096
T 3602  1 .1983508E+07   1000204E-02 -.9173E+01  .4648E+01   .9999969 -.0023926  .0006983
T 3603  1 .1987324E+07   1000108E-02  .6708E+00 -.6560E+01   .9999978  .0013523 -.0015833
T 3604  1 .1980822E+07   1000142E-02 -.1289E+01 -.7591E+01   .9999984 -.0004177 -.0017178
T 3605  1 .1985741E+07   1000080E-02  .1356E+01  .4396E+01   .9999961 -.0001636  .0027800
T 3606  1 .1981549E+07   1000056E-02  .3344E+01  .8797E+01   .9999957  .0010941  .0027091
T 3607  1 .1985068E+07   1000192E-02 -.2792E+02 -.7971E+01   .9999877 -.0049422 -.0003731
T 3608  1 .1982745E+07   1000193E-02 -.1090E+02  .9328E+01   .9999971 -.0017885  .0016310
T 3609  1 .1984328E+07   1000190E-02  .7894E+00  .1640E+01   .9999996  .0008465 -.0001663
T 3610  1 .1983995E+07   1000065E-02 -.1439E+01 -.2256E+01   .9999999 -.0004749  .0000862
T 3611  1 .1980051E+07   1000112E-02 -.5933E+01 -.1321E+01   .9999970 -.0022159 -.0010449
T 3612  1 .1985202E+07   1000051E-02  .1300E+02  .1479E+02   .9998632  .0085109  .0141847
T 3613  1 .1988755E+07   1000218E-02 -.1229E+01  .2030E+01   .9999954 -.0011612  .0028098
T 3614  1 .1981967E+07   1000006E-02  .3066E+01 -.8929E+01   .9999855  .0019856 -.0050147
T 3615  1 .1985415E+07   1000051E-02  .1961E+01  .1829E+01   .9999982  .0018510  .0004787
T 3616  1 .1985344E+07   1000130E-02  .5113E+01  .2935E+01   .9999952  .0021893  .0021710
T 3617  1 .1982617E+07   1000106E-02  .3215E+01  .1453E+01   .9999997  .0004911  .0005273
T 3618  1 .1988248E+07   1000149E-02 -.2788E+02  .1086E+02   .9999892 -.0042968  .0017974
T 3619  1 .1982193E+07   1000000E-02  .1169E+02 -.1537E+02   .9999926  .0030777 -.0022928
T 3620  1 .1985930E+07   1000134E-02 -.1900E+02  .1380E+02   .9999806 -.0038367  .0049004
T 3621  1 .1984522E+07   1000105E-02  .5827E+01  .1254E+02   .9999996 -.0002175  .0008445
T 3622  1 .1985767E+07   1000003E-02  .2545E+02 -.2935E+02   .9999400  .0076971 -.0077896
T 3623  1 .1984983E+07   1000174E-02 -.1133E+01  .6676E+01   .9999982 -.0006896  .0017531
T 3624  1 .1983441E+07   1000141E-02  .3160E+01  .6175E+00   .9999946  .0032274 -.0006355
T 3625  1 .1985230E+07   1000024E-02  .2144E+02  .5210E+01   .9999917  .0040441  .0005337
T 3626  1 .1985624E+07   1000224E-02  .1442E+01 -.8008E+01   .9999964  .0001469 -.0026873
T 3627  1 .1983634E+07   1000104E-02 -.7738E+00  .3832E+00   .9999990 -.0007620  .0012178
T 3628  1 .1983482E+07   1000184E-02 -.4999E+01 -.7962E-01   .9999991 -.0009428  .0009299
T 3629  1 .1986675E+07   1000028E-02 -.8833E+00  .1227E+01   .9999998 -.0003225  .0004549
T 3630  1 .1984535E+07   1000201E-02  .1928E+02  .2496E+02   .9999715  .0041688  .0062905
T 3631  1 .1982221E+07   1000067E-02  .6119E+01  .5998E+01   .9999989  .0014572 -.0002520
T 3632  1 .1988342E+07   1000004E-02 -.2081E+00  .6321E+01   .9999970  .0002196  .0024225
T 3633  1 .1987574E+07   1000050E-02  .6649E-01  .2882E+01   .9999980  .0001243  .0020093
T 3634  1 .1983355E+07   1000003E-02  .2942E+01 -.1417E+01   .9999914  .0003696 -.0041402
T 3635  1 .1983038E+07   1000152E-02  .6769E+01  .9714E+01   .9999933  .0015163  .0033395
T 3636  1 .1986815E+07   1000226E-02  .1063E+02 -.1271E+02   .9999882  .0027942 -.0039653
T 3637  1 .1985008E+07   1000128E-02 -.4935E+01 -.3225E+01   .9999927 -.0033095 -.0018902
T 3638  1 .1982421E+07   1000033E-02  .8442E+01  .6416E+01   .9999986  .0014769  .0007736
T 3639  1 .1986090E+07   1000033E-02 -.6889E+00 -.7144E+01   .9999987  .0001298 -.0015877
T 3640  1 .1986481E+07   1000001E-02  .4253E+00  .4673E+00   .9999985 -.0016089  .0006758
T 3641  1 .1987179E+07   1000044E-02  .3898E+01 -.5062E+00   .9999881  .0048804  .0002222
T 3642  1 .1984826E+07   1000157E-02  .5626E+01 -.1213E+02   .9999998 -.0000179 -.0006756
T 3643  1 .1986106E+07   1000002E-02  .2232E+00  .2060E+01   .9999988  .0000084  .0015623
T 3644  1 .1983611E+07   1000003E-02 -.5796E+01 -.9377E+01   .9999994  .0000029 -.0010768
T 3645  1 .1984955E+07   1000056E-02 -.6899E+01  .2317E+02   .9999882  .0021024  .0043824
T 3646  1 .1989118E+07   1000096E-02 -.1173E+01 -.5016E+01   .9999982 -.0019107  .0000444
T 3647  1 .1981723E+07   1000140E-02  .3289E+01  .2732E+02   .9999534  .0014072  .0095540
T 3648  1 .1980240E+07   1000160E-02  .2928E+01  .6160E+01   .9999972  .0018531  .0014490
T 3649  1 .1985863E+07   1000101E-02 -.1339E+01 -.2109E+00   .9999892 -.0045359 -.0010266
T 3650  1 .1985965E+07   1000173E-02 -.1887E+02 -.1230E+02   .9999890 -.0019818 -.0042400
T 3651  1 .1980660E+07   1000102E-02  .6401E+00 -.2773E+01   .9999968 -.0015576  .0019838
T 3652  1 .1986016E+07   1000183E-02 -.2528E+02 -.1391E+02   .9999718 -.0064735 -.0038089
T 3653  1 .1986493E+07   1000064E-02  .8175E+01 -.9247E+01   .9999982  .0018869 -.0002431
T 3654  1 .1985854E+07   1000167E-02 -.6789E+01  .5287E+01   .9999992 -.0011843  .0003664
T 3655  1 .1983216E+07   1000002E-02  .2550E+01  .2278E+01   .9999998  .0003832  .0005007
T 3656  1 .1981831E+07   1000002E-02 -.7651E+01  .8100E+01   .9999990 -.0013859  .0000395
T 3657  1 .1981583E+07   1000221E-02 -.2600E+01 -.1442E+01   .9999949 -.0017768 -.0026655
T 3658  1 .1980653E+07   1000046E-02 -.3517E+01  .3917E+01   .9999999 -.0001445  .0004072
T 3659  1 .1980011E+07   1000177E-02  .7515E+01  .4491E+00   .9999992  .0011946  .0003420
T 3660  1 .1986876E+07   1000148E-02 -.1033E+02  .4589E+01   .9999981 -.0012329  .0015299
T 3661  1 .1981512E+07   1000001E-02 -.2802E+02  .1250E+02   .9999814 -.0053938  .0028640
T 3662  1 .1982859E+07   1000139E-02 -.6919E+00  .4621E+00   .9999925 -.0007671 -.0037939
T 3663  1 .1976237E+07   1000128E-02 -.5443E+01 -.1119E+01   .9999998  .0003493 -.0004843
T 3664  1 .1981627E+07   1000217E-02  .2098E+01  .3243E+01   .9999995 -.0003733  .0009610
T 3665  1 .1987944E+07   1000088E-02 -.2222E+01  .6173E+00   .9999394 -.0091484  .0061209
T 3666  1 .1983184E+07   1000105E-02 -.7397E+00 -.2263E+01   .9999928 -.0011807 -.0036058
T 3667  1 .1982324E+07   1000084E-02 -.2733E+02 -.5719E+02   .9999376 -.0036788 -.0105463
T 3668  1 .1983910E+07   1000118E-02 -.1187E+02 -.1938E+01   .9999977 -.0012275 -.0017594
T 3669  1 .1988531E+07   1000065E-02 -.1385E+00  .5003E+00   .9999981 -.0013892  .0013559
T 3670  1 .1986900E+07   1000064E-02 -.1141E+02  .1667E+02   .9999969 -.0023847 -.0007390
T 3671  1 .1983493E+07   1000134E-02  .5692E+01 -.6945E+00   .9999989  .0015123  .0000637
T 3672  1 .1986864E+07   1000200E-02  .1477E+01  .9387E+00   .9999990  .0002148 -.0013677
T 3673  1 .1982143E+07   1000034E-02 -.7495E+00  .1589E+01   .9999990 -.0006047  .0012444
T 3674  1 .1983025E+07   1000195E-02  .5072E+01  .8073E+01   .9999989  .0010302  .0010954
T 3675  1 .1985554E+07   1000187E-02 -.4352E+01  .3837E+01   .9999987 -.0014490 -.0006474
T 3676  1 .1984303E+07   1000145E-02  .2185E-01 -.1627E+01   .9999999  .0002209 -.0004836
T 3677  1 .1985964E+07   1000217E-02  .1021E+02  .1306E+02   .9999908  .0019347  .0038183
T 3678  1 .1986858E+07   1000083E-02 -.3049E+01  .2255E+01   .9999968  .0012917  .0021843
T 3679  1 .1985863E+07   1000089E-02 -.7138E+01  .6584E+01   .9999989  .0006367  .0013709
T 3680  1 .1981751E+07   1000075E-02 -.8080E+01  .9162E+01   .9999992 -.0005225  .0011293
T 3681  1 .1985589E+07   1000142E-02 -.6213E+01 -.5591E+01   .9999770  .0054770  .0040054
T 3682  1 .1984310E+07   1000073E-02  .1052E+02  .5588E+01   .9999963  .0025461  .0009255
T 3683  1 .1983464E+07   1000081E-02  .1426E+02 -.1793E+02   .9999800  .0050165 -.0038489
T 3684  1 .1983358E+07   1000097E-02  .7691E+01 -.8233E+01   .9999999 -.0000433  .0000090
T 3685  1 .1983044E+07   1000137E-02 -.5450E+01  .1825E+02   .9999912 -.0008768  .0041107
T 3686  1 .1986298E+07   1000110E-02 -.4057E+01 -.1443E+02   .9999944 -.0008988 -.0032362
T 3687  1 .1986156E+07   1000054E-02 -.6254E+01  .2445E+01   .9999940  .0027335  .0021244
T 3688  1 .1991928E+07   1000041E-02  .7821E+00  .1026E+02   .9999932  .0001581  .0036805
T 3689  1 .1981964E+07   1000183E-02 -.1835E+01  .7990E+01   .9999923  .0017685  .0035093
T 3690  1 .1988349E+07   1000097E-02 -.6947E+01 -.3519E+01   .9999460 -.0067780 -.0078775
T 3691  1 .1982322E+07   1000122E-02  .1231E+02  .5188E+01   .9999887  .0047323 -.0004569
T 3692  1 .1986377E+07   1000172E-02  .3345E+00  .5224E+01   .9999953  .0012244  .0028132
T 3693  1 .1988115E+07   1000022E-02 -.2094E+01  .1416E+01   .9999882 -.0046375  .0014782
T 3694  1 .1987943E+07   1000127E-02  .9646E+00  .2826E+01   .9999997  .0007366  .0002263
T 3695  1 .1983287E+07   1000148E-02  .4344E+01 -.3082E+01   .9999986  .0014095 -.0009126
T 3696  1 .1984508E+07   1000076E-02  .2286E+02 -.1388E+02   .9999891  .0040758 -.0022917
T 3697  1 .1987447E+07   1000204E-02  .1257E+02  .9502E+01   .9999801  .0058317  .0023910
T 3698  1 .1981818E+07   1000038E-02 -.2183E+02 -.1944E+01   .9999975 -.0021073  .0008054
T 3699  1 .1985375E+07   1000002E-02  .7367E+00  .1904E+02   .9999882 -.0000652  .0048502
T 3700  1 .1980900E+07   1000084E-02  .3718E+01 -.1451E+01   .9999981  .0015493  .0011452
T 3701  1 .1984538E+07   1000164E-02  .4493E+01 -.9362E+01   .9999983  .0009511 -.0015988
T 3702  1 .1985417E+07   1000012E-02 -.1337E+02 -.1881E+02   .9999927 -.0023977 -.0029839
T 3703  1 .1985098E+07   1000219E-02  .8213E+01  .8935E+01   .9999895  .0034262  .0030433
T 3704  1 .1988602E+07   1000214E-02  .2350E+02  .1902E+02   .9999738  .0026959  .0067164
T 3705  1 .1983050E+07   1000176E-02 -.4462E+01 -.5451E+01   .9999807 -.0060986 -.0011952
T 3706  1 .1987529E+07   1000153E-02  .2490E-01  .1248E+02   .9999887  .0047215 -.0005840
T 3707  1 .1992195E+07   1000226E-02  .4269E-01  .1631E+01   .9999999 -.0003086  .0000220
T 3708  1 .1982940E+07   1000181E-02  .1174E+01 -.1505E+00   .9999995  .0002141 -.0009951
T 3709  1 .1982436E+07   1000086E-02  .8861E+00 -.2896E+01   .9999995 -.0006896  .0007038
T 3710  1 .1985586E+07   1000006E-02  .4693E+02 -.3455E+02   .9998767  .0126657 -.0092851
T 3711  1 .1985488E+07   1000104E-02 -.8937E+01  .8030E+01   .9999945 -.0025096  .0021737
T 3712  1 .1989272E+07   1000147E-02  .4501E+01 -.1213E+02   .9999973  .0014579 -.0017988
T 3713  1 .1981197E+07   1000029E-02  .1051E+02  .8733E+01   .9999964  .0020589  .0017031
T 3714  1 .1984292E+07   1000176E-02  .1149E+00 -.4525E+01   .9999998  .0000966 -.0005758
T 3715  1 .1980367E+07   1000223E-02  .6532E+01  .7770E+01   .9999977  .0017663  .0011977
T 3716  1 .1985988E+07   1000113E-02 -.9841E+00  .2064E+01   .9999985 -.0015907  .0007302
T 3717  1 .1985970E+07   1000225E-02 -.9853E+01  .5290E+02   .9999904 -.0017174  .0040390
T 3718  1 .1984793E+07   1000007E-02  .6975E+01 -.5074E+01   .9999939  .0021911 -.0027121
T 3719  1 .1983628E+07   1000199E-02  .4580E+00  .3218E+01   .9999980 -.0001474  .0019976
T 3720  1 .1988331E+07   1000184E-02 -.1673E+01  .1557E+01   .9999990 -.0014041  .0003315
T 3721  1 .1982744E+07   1000163E-02  .1642E+00 -.3107E+00   .9999991 -.0012508  .0004891
T 3722  1 .1982318E+07   1000145E-02  .8295E+01  .2363E+01   .9999818  .0057473  .0018396
T 3723  1 .1986775E+07   1000130E-02  .9967E+01 -.7492E+00   .9999831  .0042834  .0039401
T 3724  1 .1984252E+07   1000142E-02  .3234E+01 -.1083E+02   .9999870  .0008959 -.0050190
T 3725  1 .1989398E+07   1000211E-02  .1438E+02  .1223E+01   .9999983  .0018134 -.0002138
T 3726  1 .1982972E+07   1000061E-02  .1722E+00 -.1271E+01   .9999999  .0001303 -.0001357
T 3727  1 .1990531E+07   1000226E-02  .1047E+01 -.1909E+02   .9999859 -.0004024 -.0052923
T 3728  1 .1982054E+07   1000101E-02  .5458E-01  .1246E+01   .9999983  .0014291  .0012000
T 3729  1 .1980117E+07   1000007E-02  .4548E+00 -.8335E+01   .9999999 -.0003227  .0004178
T 3730  1 .1985102E+07   1000171E-02  .1975E+02 -.1682E+02   .9999796  .0055874 -.0030812
T 3731  1 .1989223E+07   1000179E-02 -.1310E+02 -.2355E+01   .9999869 -.0041772  .0029555
T 3732  1 .1985585E+07   1000056E-02  .4646E+01  .1098E+02   .9999882  .0043195 -.0022167
T 3733  1 .1987401E+07   1000130E-02 -.9418E+01 -.3178E+01   .9999974 -.0019182 -.0012682
T 3734  1 .1984333E+07   1000107E-02 -.2619E+01 -.2504E+00   .9999993 -.0011491 -.0003127
T 3735  1 .1983567E+07   1000182E-02 -.8207E+01  .1241E+01   .9999991 -.0012272 -.0004799
T 3736  1 .1988624E+07   1000141E-02 -.6700E+01  .2853E+01   .9999992 -.0006587  .0010947
T 3737  1 .1990706E+07   1000140E-02 -.6554E+01 -.2916E+02   .9999673 -.0010118 -.0080260
T 3738  1 .1985457E+07   1000184E-02  .1308E+02  .4392E+01   .9999931  .0025816  .0026635
T 3739  1 .1990409E+07   1000100E-02 -.2531E+01  .3200E+01   .9999961 -.0024014  .0014259
T 3740  1 .1987434E+07   1000182E-02 -.1036E+02  .2187E+02   .9999853 -.0025798  .0047595
T 3741  1 .1982511E+07   1000028E-02  .8754E+01  .5412E+01   .9999973  .0019058  .0013102
T 3742  1 .1982222E+07   1000077E-02  .1697E+01 -.3865E+01   .9999958  .0013270 -.0025759
T 3743  1 .1983828E+07   1000075E-02  .3819E+01  .9317E+01   .9999985  .0006142  .0016006
T 3744  1 .1985345E+07   1000201E-02 -.1008E+02 -.1633E+02   .9999931 -.0006493 -.0036626
T 3745  1 .1985760E+07   1000191E-02  .6979E+01 -.8324E+01   .9999978  .0008814 -.0019028
T 3746  1 .1984764E+07   1000106E-02  .3037E+01  .4188E+01   .9999975 -.0008459  .0020543
T 3747  1 .1983812E+07   1000084E-02 -.6956E+01 -.9155E+01   .9999950 -.0019065 -.0025158
T 3748  1 .1987470E+07   1000120E-02  .5971E+01  .4518E+01   .9999992  .0009064  .0008370
T 3749  1 .1983933E+07   1000014E-02  .8540E+01  .1649E+01   .9999980  .0019601  .0004050
T 3750  1 .1987099E+07   1000038E-02 -.3494E+01  .6566E+01   .9999938 -.0013165  .0032583
T 3751  1 .1978544E+07   1000071E-02 -.1698E+02 -.3032E+01   .9999880 -.0025801 -.0041628
T 3752  1 .1982057E+07   1000081E-02 -.3453E+01  .1895E+01   .9999999 -.0002030 -.0000051
T 3753  1 .1984412E+07   1000221E-02  .3046E+01  .5364E+01   .9999967 -.0004162  .0025531
T 3754  1 .1986462E+07   1000073E-02 -.2701E+02  .2472E+02   .9999776 -.0048185  .0046499
T 3755  1 .1984424E+07   1000035E-02 -.7033E+00  .1534E+01   .9999999  .0002189  .0002205
T 3756  1 .1985345E+07   1000052E-02 -.1259E+01  .1940E+01   .9999999 -.0000493 -.0002365
T 3757  1 .1985164E+07   1000152E-02  .8900E+01  .1461E+02   .9999705  .0068085  .0035684
T 3758  1 .1983229E+07   1000051E-02 -.1551E+02 -.6182E+01   .9999891 -.0044737 -.0013121
T 3759  1 .1988677E+07   1000049E-02  .1268E+01 -.2257E+01   .9999984  .0014071 -.0011265
T 3760  1 .1983221E+07   1000206E-02  .1022E+02 -.2246E+02   .9999862  .0024844 -.0046271
T 3761  1 .1985234E+07   1000125E-02 -.6205E+01 -.3307E+01   .9999993 -.0005460 -.0010944
T 3762  1 .1979933E+07   1000104E-02  .3311E+01 -.3319E+01   .9999964  .0020643 -.0016854
T 3763  1 .1990183E+07   1000152E-02  .5787E-01  .2719E-01   .9999999 -.0003524 -.0002186
T 3764  1 .1985485E+07   1000061E-02 -.9818E+01 -.8725E+01   .9999938 -.0017644 -.0030635
T 3765  1 .1984262E+07   1000208E-02  .8024E+00  .1081E+02   .9999784  .0009489  .0065013
T 3766  1 .1988502E+07   1000186E-02 -.1761E+01 -.2060E+01   .9999852  .0052830 -.0012927
T 3767  1 .1986270E+07   1000206E-02 -.1758E+01  .4815E+01   .9999993 -.0010356  .0005036
T 3768  1 .1983131E+07   1000179E-02  .5721E+01  .3123E+01   .9999993 -.0002823 -.0011424
T 3769  1 .1984381E+07   1000095E-02  .1129E+01  .5741E+00   .9999982 -.0006207  .0018061
T 3770  1 .1981641E+07   1000188E-02  .2141E+02 -.8284E+01   .9999899  .0044212 -.0008526
T 3771  1 .1987891E+07   1000186E-02 -.1665E+02 -.9404E+01   .9999834 -.0052006 -.0024773
T 3772  1 .1982433E+07   1000001E-02  .5026E+01 -.3136E+02   .9999954  .0001552 -.0030266
T 3773  1 .1984055E+07   1000046E-02  .2228E+02 -.2700E+01   .9999957  .0028697 -.0006417
T 3774  1 .1985271E+07   1000103E-02  .5837E+01 -.2899E+02   .9999952 -.0003618 -.0030695
T 3775  1 .1987473E+07   1000053E-02 -.8132E+00  .2721E+01   .9999999  .0000572  .0001062
T 3776  1 .1988889E+07   1000146E-02 -.1924E+02  .1542E+02   .9999871  .0045228 -.0023204
T 3777  1 .1982416E+07   1000193E-02 -.1480E+02 -.3074E+01   .9999886 -.0046268 -.0011518
T 3778  1 .1987310E+07   1000190E-02 -.9829E-01  .2040E+01   .9999998 -.0000184  .0006531
T 3779  1 .1981504E+07   1000079E-02  .8755E+01  .1484E+02   .9999924  .0027722  .0027584
T 3780  1 .1985617E+07   1000213E-02  .7034E+01  .8302E+01   .9999875 -.0001821  .0049923
T 3781  1 .1987756E+07   1000045E-02  .1212E+02  .1685E+02   .9999925  .0030067  .0024397
T 3782  1 .1985910E+07   1000156E-02 -.1047E+02  .4964E+01   .9999952 -.0029942  .0007461
T 3783  1 .1982399E+07   1000136E-02  .2319E+02  .1490E+02   .9999905  .0036503  .0023831
T 3784  1 .1988663E+07   1000196E-02 -.9849E+01  .1563E+01   .9999974 -.0015836  .0016471
T 3785  1 .1984351E+07   1000120E-02 -.6363E+01 -.3344E+01   .9999951 -.0025015 -.0019069
T 3786  1 .1987264E+07   1000004E-02 -.1689E+02  .3731E+01   .9999985 -.0012504 -.0012226
T 3787  1 .1985361E+07   1000162E-02  .6630E+01  .1196E+01   .9999999  .0001657  .0003465
T 3788  1 .1983667E+07   1000004E-02 -.3453E+01  .7610E+00   .9999991 -.0013397 -.0002653
T 3789  1 .1983033E+07   1000075E-02  .2830E+01 -.1814E+01   .9999998  .0006795  .0001479
T 3790  1 .1984774E+07   1000194E-02 -.1578E+02  .8692E+00   .9999852 -.0051059 -.0018821
T 3791  1 .1985073E+07   1000000E-02  .1486E+02 -.4844E+00   .9999973 -.0011794 -.0020051
T 3792  1 .1983512E+07   1000161E-02 -.4987E+00 -.6270E+01   .9999959 -.0027431  .0007671
T 3793  1 .1988370E+07   1000098E-02  .2312E+01 -.1726E+01   .9999987  .0015486 -.0004040
T 3794  1 .1983381E+07   1000197E-02 -.5853E+01  .9790E+00   .9999972 -.0022340  .0008056
T 3795  1 .1980858E+07   1000001E-02  .4210E+02 -.1257E+02   .9999793  .0060724 -.0021372
T 3796  1 .1982949E+07   1000155E-02 -.1483E+02 -.5071E+01   .9999886 -.0047778  .0001794
T 3797  1 .1982219E+07   1000214E-02 -.2083E+01  .3549E+01   .9999966 -.0021824  .0014288
T 3798  1 .1984149E+07   1000179E-02 -.8266E+01 -.4132E+02   .9999595 -.0009717 -.0089499
T 3799  1 .1981784E+07   1000221E-02  .6426E+01  .5650E+01   .9999930  .0033274  .0016903
T 3800  1 .1981568E+07   1000202E-02 -.2211E+02 -.3232E+01   .9999928 -.0035604 -.0012934
T 3801  1 .1983946E+07   1000019E-02  .4260E+01  .9250E+01   .9999974  .0017767  .0014419
T 3802  1 .1990090E+07   1000112E-02  .1356E+01 -.7895E+00   .9999999  .0003474 -.0003935
T 3803  1 .1981429E+07   1000157E-02  .4697E+01 -.2235E+01   .9999981  .0019320 -.0002789
T 3804  1 .1979555E+07   1000225E-02 -.3330E+00  .1668E+01   .9999998  .0005119  .0004134
T 3805  1 .1991834E+07   1000201E-02  .1381E+01  .5772E+01   .9999966 -.0015997  .0020452
T 3806  1 .1984150E+07   1000135E-02  .9496E+00 -.2503E+00   .9999997  .0004297  .0006068
T 3807  1 .1984760E+07   1000190E-02 -.1492E+02 -.4905E+01   .9999950 -.0028977 -.0012504
T 3808  1 .1985664E+07   1000148E-02 -.1108E+02  .2542E+01   .9999948 -.0030577  .0010513
T 3809  1 .1986140E+07   1000184E-02 -.1621E+01  .3264E+00   .9999995 -.0007745  .0006071
T 3810  1 .1990080E+07   1000200E-02 -.5752E+01 -.3993E+01   .9999975 -.0019747 -.0010786
T 3811  1 .1983875E+07   1000160E-02  .4341E+01  .9269E+01   .9999883  .0038569  .0029042
T 3812  1 .1984108E+07   1000182E-02  .5209E+00 -.9555E+01   .9999993 -.0004786 -.0010746
T 3813  1 .1987349E+07   1000184E-02  .1266E+01  .2542E+01   .9999999 -.0002682 -.0002829
T 3814  1 .1981046E+07   1000222E-02  .4544E+00  .1543E+01   .9999984  .0000963  .0018107
T 3815  1 .1984906E+07   1000220E-02  .5922E+01 -.5545E+01   .9999797  .0058876 -.0024467
T 3816  1 .1983268E+07   1000079E-02 -.1252E+01  .2535E+00   .9999979 -.0015885  .0012994
T 3817  1 .1987269E+07   1000102E-02  .2678E+01 -.1601E+01   .9999999 -.0001457 -.0003561
T 3818  1 .1986259E+07   1000012E-02  .1358E+01  .5976E+01   .9999982  .0018846  .0000390
T 3819  1 .1987423E+07   1000145E-02 -.3500E+01 -.4966E+01   .9999980 -.0011708 -.0016309
T 3820  1 .1982083E+07   1000134E-02  .7406E+00 -.1192E+02   .9999983  .0013844 -.0011911
T 3821  1 .1985489E+07   1000197E-02  .1394E+02 -.1625E+02   .9999954  .0019071 -.0023545
T 3822  1 .1985873E+07   1000128E-02  .1453E+02 -.1435E+02   .9999902  .0040401  .0018111
T 3823  1 .1988923E+07   1000122E-02 -.7876E+01  .6411E+01   .9999961 -.0027132  .0006690
T 3824  1 .1991255E+07   1000226E-02  .9441E+01 -.1160E+01   .9999930  .0028661  .0024000
T 3825  1 .1979716E+07   1000190E-02  .3479E+00 -.6170E+01   .9999944  .0032502 -.0008269
T 3826  1 .1982551E+07   1000055E-02 -.2256E+01 -.8358E-01   .9999987 -.0013054 -.0009152
T 3827  1 .1985373E+07   1000199E-02  .2630E+02 -.8059E+01   .9999978  .0018603 -.0009603
T 3828  1 .1984796E+07   1000175E-02 -.2298E+02 -.1554E+02   .9999786 -.0051924 -.0039879
T 3829  1 .1987180E+07   1000169E-02  .8214E+01 -.7828E+00   .9999988  .0015640  .0000652
T 3830  1 .1984891E+07   1000211E-02 -.7733E+01  .9120E+01   .9999971 -.0018036  .0015832
T 3831  1 .1988770E+07   1000052E-02  .2428E+01  .1466E+02   .9999970  .0011645  .0021505
T 3832  1 .1988936E+07   1000049E-02  .1366E+02 -.4948E+01   .9999937  .0032560 -.0013790
T 3833  1 .1985886E+07   1000136E-02  .7159E+00  .3894E+01   .9999992 -.0006729  .0010867
T 3834  1 .1979854E+07   1000161E-02 -.7364E+01 -.7745E+01   .9999964 -.0021258 -.0016665
T 3835  1 .1988172E+07   1000220E-02  .6883E+01  .3173E+01   .9999949  .0029755  .0011739
T 3836  1 .1991358E+07   1000109E-02  .2576E+01 -.1213E+02   .9999970  .0003528 -.0024320
T 3837  1 .1986372E+07   1000180E-02 -.5825E+01 -.5471E+01   .9999987 -.0013182 -.0008931
T 3838  1 .1984048E+07   1000156E-02  .1178E+02  .3639E+01   .9999934  .0036144 -.0004634
T 3839  1 .1984800E+07   1000013E-02  .1207E+02 -.3561E+00   .9999963  .0012760  .0024046
T 3840  1 .1978847E+07   1000056E-02 -.2124E+01  .1599E+01   .9999993 -.0011662  .0000024
T 3841  1 .1985456E+07   1000184E-02  .1767E+01  .4488E+01   .9999987  .0011120  .0011572
T 3842  1 .1982287E+07   1000179E-02 -.9922E+00 -.3123E+01   .9999984 -.0017274 -.0004408
T 3843  1 .1980887E+07   1000034E-02  .6493E+00  .5409E+01   .9999976  .0000839  .0022010
T 3844  1 .1989804E+07   1000128E-02 -.2306E+01  .2869E+01   .9999992 -.0009455  .0008370
T 3845  1 .1981756E+07   1000095E-02  .5029E+01  .9844E+01   .9999980  .0005622  .0019197
T 3846  1 .1992089E+07   1000217E-02  .7773E+01 -.6698E+01   .9999780  .0050722 -.0042795
T 3847  1 .1989517E+07   1000131E-02  .8224E+01  .2016E+01   .9999986  .0015803  .0005989
T 3848  1 .1982451E+07   1000204E-02  .4408E+00 -.4390E+00   .9999997  .0004482  .0006903
T 3849  1 .1980954E+07   1000221E-02 -.2802E+02 -.5489E+01   .9999755 -.0069778 -.0005786
T 3850  1 .1988383E+07   1000093E-02  .1410E+02  .8089E+01   .9999959  .0013003  .0025575
T 3851  1 .1980857E+07   1000073E-02 -.8703E+00 -.1320E+01   .9999993 -.0003683  .0011332
T 3852  1 .1984541E+07   1000142E-02 -.1421E+01 -.1423E+00   .9999997  .0002955 -.0007132
T 3853  1 .1987396E+07   1000211E-02  .4259E+01  .5962E+00   .9999994  .0009238  .0006061
T 3854  1 .1986011E+07   1000103E-02  .3695E+01  .3564E+01   .9999976  .0018637  .0011261
T 3855  1 .1986411E+07   1000158E-02  .3760E+02  .2291E+02   .9999875  .0033151  .0037315
T 3856  1 .1986959E+07   1000055E-02  .1218E+03  .2560E+03   .9957248  .0398443  .0833340
T 3857  1 .1984131E+07   1000152E-02 -.3804E+01  .6701E+01   .9999953 -.0008692  .0029541
T 3858  1 .1982353E+07   1000111E-02 -.2918E+01  .1086E+02   .9999989 -.0007806  .0012416
T 3859  1 .1984296E+07   1000087E-02  .1512E+02 -.1768E+00   .9999802  .0057976  .0024436
T 3860  1 .1985182E+07   1000213E-02  .2835E-01  .6931E+01   .9999969  .0007720  .0023479
T 3861  1 .1987298E+07   1000083E-02  .5947E+01  .4539E+01   .9999993  .0009780 -.0006883
T 3862  1 .1984867E+07   1000152E-02 -.1812E+02  .3236E+02   .9999876  .0011259  .0048557
T 3863  1 .1987433E+07   1000195E-02 -.6730E+01  .1714E+01   .9999987 -.0015307  .0004699
T 3864  1 .1986301E+07   1000051E-02  .9107E+00 -.9312E+01   .9999995 -.0003916 -.0008918
T 3865  1 .1982788E+07   1000204E-02  .7518E+01 -.3414E+01   .9999980 -.0000383 -.0020120
T 3866  1 .1980496E+07   1000021E-02  .9954E+00  .5173E+02   .9999323  .0015189  .0115394
T 3867  1 .1977971E+07   1000141E-02 -.4977E+01 -.6702E+01   .9999981  .0002213 -.0019311
T 3868  1 .1982753E+07   1000005E-02  .4739E-01 -.1172E+01   .9999999  .0001846 -.0001213
T 3869  1 .1987494E+07   1000162E-02  .1244E+02  .3421E+01   .9999999  .0001458  .0000775
T 3870  1 .1983861E+07   1000208E-02  .4470E+00  .5840E+01   .9999986 -.0001649  .0016935
T 3871  1 .1984158E+07   1000044E-02 -.1758E+02 -.6191E+01   .9999959 -.0026247 -.0011707
T 3872  1 .1984164E+07   1000108E-02 -.2087E+01 -.8810E+01   .9999963  .0014066 -.0023311
T 3873  1 .1984950E+07   1000069E-02 -.3414E+01 -.3438E+01   .9999986 -.0010486 -.0013184
T 3874  1 .1983083E+07   1000069E-02 -.3385E+01 -.4835E+01   .9999986 -.0011972 -.0011319
T 3875  1 .1983967E+07   1000224E-02  .1186E+02  .1119E+02   .9999890  .0039002  .0026174
T 3876  1 .1985222E+07   1000164E-02  .4702E+01 -.2053E+02   .9999994 -.0003942 -.0010629
T 3877  1 .1985504E+07   1000053E-02 -.8771E+01  .1054E+01   .9999572 -.0070933  .0059442
T 3878  1 .1985120E+07   1000200E-02  .4144E+00  .1237E+01   .9999989 -.0014651 -.0003161
T 3879  1 .1989474E+07   1000190E-02 -.1091E+02  .4015E+02   .9999757 -.0031989  .0061997
T 3880  1 .1983853E+07   1000029E-02  .9941E+01 -.2030E+01   .9999965  .0026519 -.0002263
T 3881  1 .1984167E+07   1000098E-02  .1142E+01 -.3469E+01   .9999978  .0012445 -.0016952
T 3882  1 .1989694E+07   1000206E-02 -.3020E+01  .1013E+02   .9999999  .0004821 -.0001697
T 3883  1 .1983532E+07   1000221E-02  .1163E+01 -.7090E+00   .9999978  .0013912  .0015991
T 3884  1 .1983422E+07   1000107E-02 -.7081E+01  .8906E+00   .9999968 -.0025120 -.0002439
T 3885  1 .1982784E+07   1000214E-02 -.2777E+02 -.1950E+02   .9999666 -.0058271 -.0057359
T 3886  1 .1984076E+07   1000134E-02  .1796E+02 -.1061E+02   .9999569  .0064374 -.0066895
T 3887  1 .1986179E+07   1000030E-02 -.8246E+00  .3213E+01   .9999945  .0001026  .0033132
T 3888  1 .1989221E+07   1000183E-02 -.8197E+01  .5415E+01   .9999912 -.0028611  .0030760
T 3889  1 .1984927E+07   1000222E-02 -.1881E+01  .6490E+01   .9999980 -.0008822  .0017876
T 3890  1 .1985939E+07   1000223E-02 -.6181E+00 -.2680E+01   .9999997  .0007412 -.0003351
T 3891  1 .1985072E+07   1000139E-02 -.2538E+01  .4513E+01   .9999981 -.0017094 -.0009092
T 3892  1 .1980704E+07   1000052E-02  .3254E+01  .2564E+01   .9999989  .0010727 -.0010425
T 3893  1 .1985624E+07   1000102E-02  .4252E+01  .1357E+01   .9999952  .0030364  .0005729
T 3894  1 .1982643E+07   1000182E-02 -.1177E+02 -.7462E+01   .9999505 -.0086853 -.0048570
T 3895  1 .1982212E+07   1000118E-02 -.4821E+01 -.2346E+02   .9999812 -.0003361 -.0061180
T 3896  1 .1979823E+07   1000026E-02  .4010E+01 -.6157E+01   .9999926  .0032411 -.0020625
T 3897  1 .1989158E+07   1000056E-02 -.1191E+01 -.7555E+01   .9999962  .0012247 -.0024528
T 3898  1 .1987828E+07   1000048E-02 -.2272E+01  .6988E+01   .9999991 -.0008465  .0009974
T 3899  1 .1981737E+07   1000173E-02  .5954E+01 -.6648E+01   .9999990  .0008221 -.0011169
T 3900  1 .1984115E+07   1000208E-02 -.6557E+01 -.2824E+01   .9999999 -.0002002 -.0002796
T 3901  1 .1988435E+07   1000127E-02 -.6577E+01 -.3422E+01   .9999996 -.0003008  .0008598
T 3902  1 .1981384E+07   1000176E-02 -.4808E+00  .3893E+01   .9999983 -.0002727  .0018091
T 3903  1 .1982865E+07   1000157E-02  .3511E+01  .9161E+01   .9999913  .0036149  .0020838
T 3904  1 .1987365E+07   1000220E-02 -.3286E+01 -.2243E+02   .9999846 -.0024284 -.0049996
T 3905  1 .1984744E+07   1000125E-02  .1288E+02  .1848E+02   .9999967  .0013185  .0021869
T 3906  1 .1980698E+07   1000101E-02 -.1438E+02  .4228E+02   .9999876 -.0014438  .0047738
T 3907  1 .1982656E+07   1000147E-02  .2392E+01 -.1557E+01   .9999995  .0009704 -.0001991
T 3908  1 .1985753E+07   1000038E-02 -.1904E+01  .4306E-01   .9999995  .0009020 -.0003315
T 3909  1 .1985262E+07   1000197E-02  .1275E+02  .9423E+01   .9999992  .0003455 -.0012223
T 3910  1 .1986453E+07   1000119E-02 -.7768E+00  .4856E+01   .9999979  .0000056  .0020354
T 3911  1 .1986549E+07   1000068E-02 -.9995E+00  .5852E+00   .9999997 -.0007154  .0000823
T 3912  1 .1984218E+07   1000214E-02 -.1390E+01 -.7150E+01   .9999966 -.0008825 -.0024463
T 3913  1 .1981974E+07   1000176E-02  .3676E+01  .4621E+02   .9999671  .0009146  .0080635
T 3914  1 .1987246E+07   1000196E-02  .7500E+01  .5342E+01   .9999922  .0024374  .0030940
T 3915  1 .1983552E+07   1000064E-02 -.1289E+02  .1006E+02   .9999941 -.0013286  .0031593
T 3916  1 .1981825E+07   1000193E-02 -.4456E+01 -.2820E+01   .9999987 -.0013704 -.0008160
T 3917  1 .1985726E+07   1000048E-02  .1033E+01  .6457E+01   .9999983  .0015023  .0011056
T 3918  1 .1987685E+07   1000079E-02  .7593E+01 -.5398E+01   .9999979  .0017353 -.0010618
T 3919  1 .1978923E+07   1000089E-02  .2561E+01  .1434E+02   .9999927  .0010829  .0036695
T 3920  1 .1981266E+07   1000020E-02  .1357E+02  .9923E+00   .9999946  .0029781  .0014058
T 3921  1 .1978449E+07   1000215E-02  .7055E+01  .2767E+01   .9999988  .0004330  .0015193
T 3922  1 .1980359E+07   1000089E-02 -.3846E+00  .5048E-01   .9999993  .0009765  .0006847
T 3923  1 .1986783E+07   1000064E-02  .2893E+01 -.1279E+02   .9999964  .0003684 -.0026583
T 3924  1 .1989574E+07   1000085E-02 -.2549E+01  .1144E+01   .9999993 -.0006953  .0009670
T 3925  1 .1987754E+07   1000083E-02 -.3755E+01 -.1660E+01   .9999994 -.0009137 -.0005426
T 3926  1 .1985554E+07   1000008E-02  .5011E+01 -.1413E+02   .9999976 -.0004639 -.0021496
T 3927  1 .1984677E+07   1000074E-02 -.3871E+01  .2377E+02   .9999963  .0010452  .0025153
T 3928  1 .1979957E+07   1000142E-02 -.5277E+01  .4142E+01   .9999976 -.0010894  .0019206
T 3929  1 .1989613E+07   1000057E-02  .1246E+01 -.9997E+01   .9999994  .0000213 -.0011385
T 3930  1 .1981770E+07   1000153E-02  .2220E+00  .1005E+02   .9999986  .0001241  .0016803
T 3931  1 .1982983E+07   1000147E-02  .1431E+02  .3235E+01   .9999957  .0027822  .0008997
T 3932  1 .1982585E+07   1000208E-02 -.2019E+02 -.9215E+01   .9999863 -.0049515 -.0016721
T 3933  1 .1983787E+07   1000072E-02  .2162E+02  .3322E+02   .9999926  .0025608  .0028811
T 3934  1 .1986346E+07   1000217E-02 -.5027E+00  .6518E+00   .9999992  .0012570 -.0000607
T 3935  1 .1985739E+07   1000150E-02 -.1074E+02 -.9499E+01   .9999965 -.0026015 -.0003954
T 3936  1 .1981954E+07   1000051E-02 -.1222E+02  .2414E+01   .9999910 -.0042308 -.0000613
T 3937  1 .1983325E+07   1000001E-02 -.5003E+01 -.2580E+01   .9999959 -.0021756 -.0018733
T 3938  1 .1986203E+07   1000178E-02  .1120E+02 -.9994E+01   .9999893  .0043403 -.0015698
T 3939  1 .1982373E+07   1000000E-02  .3205E+00 -.3542E+01   .9999996  .0003036 -.0008424
T 3940  1 .1983594E+07   1000032E-02 -.1168E+01 -.3354E+00   .9999999  .0001471 -.0000683
T 3941  1 .1984380E+07   1000115E-02  .6078E+01 -.1918E+01   .9999989  .0012199 -.0008888
T 3942  1 .1986395E+07   1000181E-02  .2592E+01 -.3598E+01   .9999991 -.0012935  .0002982
T 3943  1 .1980317E+07   1000206E-02 -.9436E+01  .6842E+02   .9999422 -.0028443  .0103671
T 3944  1 .1985888E+07   1000162E-02 -.1769E+01  .6718E+01   .9999864 -.0010981  .0051039
T 3945  1 .1984146E+07   1000039E-02  .2260E+01 -.4033E+01   .9999992  .0003623 -.0011880
T 3946  1 .1982160E+07   1000215E-02  .7270E+02 -.5760E+00   .9999206  .0125499 -.0011081
T 3947  1 .1981053E+07   1000003E-02  .1236E+02  .2304E+02   .9999979  .0008428  .0018886
T 3948  1 .1989413E+07   1000098E-02  .2160E+01 -.5001E+00   .9999995  .0010200 -.0000754
T 3949  1 .1982658E+07   1000163E-02  .3369E+01 -.6608E+01   .9999900  .0019225 -.0040333
T 3950  1 .1979829E+07   1000032E-02 -.1247E+02  .8291E+01   .9999978 -.0017243  .0012221
T 3951  1 .1979134E+07   1000170E-02 -.4722E+01 -.1181E+02   .9999968 -.0000420 -.0025374
T 3952  1 .1979717E+07   1000135E-02 -.1962E+01 -.8632E+01   .9999848  .0023965 -.0049698
T 3953  1 .1985147E+07   1000153E-02 -.1388E+02 -.3240E+01   .9999971 -.0013898 -.0019700
T 3954  1 .1987572E+07   1000079E-02 -.2902E+01  .1612E+01   .9999985 -.0013863  .0010572
T 3955  1 .1983898E+07   1000109E-02  .1133E+02  .1832E+01   .9999862  .0044237 -.0028506
T 3956  1 .1985446E+07   1000060E-02 -.1801E+01  .1196E+02   .9999868  .0019084  .0047742
T 3957  1 .1985964E+07   1000164E-02  .1438E+01  .8576E+01   .9999938  .0007144  .0034341
T 3958  1 .1985480E+07   1000170E-02 -.1243E+02  .5803E+01   .9999983 -.0015406  .0009921
T 3959  1 .1984793E+07   1000178E-02 -.4067E+01  .2773E+01   .9999884 -.0042477  .0022876
T 3960  1 .1983333E+07   1000106E-02  .3738E+01 -.1949E+01   .9999984  .0011901 -.0013532
T 3961  1 .1984316E+07   1000222E-02 -.3847E+00  .1183E+02   .9999992 -.0006319  .0010560
T 3962  1 .1986791E+07   1000208E-02 -.3818E+01  .1193E+02   .9999963 -.0003114  .0027129
T 3963  1 .1983228E+07   1000216E-02  .1186E+02  .1272E+02   .9999776  .0045621  .0048971
T 3964  1 .1988612E+07   1000211E-02 -.1295E+02 -.2420E+01   .9999962 -.0020024 -.0018950
T 3965  1 .1988668E+07   1000060E-02  .3519E+01 -.3064E+02   .9999902  .0013573 -.0042198
T 3966  1 .1989285E+07   1000072E-02  .2111E+01  .1897E+02   .9999981 -.0009285  .0017009
T 3967  1 .1988196E+07   1000212E-02  .2723E+01  .1920E+02   .9999990  .0000909  .0014230
T 3968  1 .1986897E+07   1000058E-02 -.1526E+00  .1186E+02   .9999992  .0007953  .0010089
T 3969  1 .1991733E+07   1000131E-02 -.4632E+01 -.7764E+01   .9999989 -.0013326 -.0007020
T 3970  1 .1986661E+07   1000221E-02  .1813E+01  .1927E+01   .9999991  .0013265 -.0003120
T 3971  1 .1986953E+07   1000192E-02  .1604E+02  .2940E+01   .9999961  .0027836  .0001594
T 3972  1 .1986653E+07   1000207E-02 -.8900E+01 -.3369E+01   .9999939 -.0034324 -.0006242
T 3973  1 .1988449E+07   1000105E-02  .1474E+01  .1119E+02   .9999955  .0000893  .0030034
T 3974  1 .1986457E+07   1000093E-02  .7587E+01 -.1371E+02   .9999975  .0007861 -.0021099
T 3975  1 .1983728E+07   1000154E-02 -.1156E+02  .7161E+01   .9999986 -.0003230  .0016563
T 3976  1 .1986359E+07   1000179E-02  .1790E+02  .2680E+01   .9999948  .0031781  .0006040
T 3977  1 .1984838E+07   1000126E-02  .8458E-01 -.6372E+01   .9999945  .0000621 -.0033105
T 3978  1 .1986644E+07   1000109E-02  .1591E+02  .6886E+01   .9999978  .0018178  .0010308
T 3979  1 .1991497E+07   1000207E-02 -.1102E+01 -.7673E+01   .9999990  .0004458 -.0013609
T 3980  1 .1985478E+07   1000150E-02 -.2287E+02 -.4504E+01   .9999937 -.0035410  .0003575
T 3981  1 .1982892E+07   1000193E-02 -.7975E+00 -.7455E+01   .9999989  .0009403  .0011348
T 3982  1 .1981529E+07   1000155E-02 -.3180E+01 -.9260E+00   .9999957 -.0015208 -.0025159
T 3983  1 .1984590E+07   1000161E-02  .3560E+01  .6077E+01   .9999977  .0014308  .0016267
T 3984  1 .1987055E+07   1000189E-02 -.1387E+02 -.1572E+02   .9999937 -.0026904 -.0023139
T 3985  1 .1986660E+07   1000198E-02 -.1374E+01 -.7514E+01   .9999987  .0001150 -.0015998
T 3986  1 .1984067E+07   1000016E-02  .1605E+01  .1037E+02   .9999956  .0001506  .0029768
T 3987  1 .1987195E+07   1000148E-02  .4553E+01 -.9534E+01   .9999974  .0012462 -.0018877
T 3988  1 .1986389E+07   1000088E-02 -.2908E+02  .1044E+01   .9999817 -.0060415  .0001119
T 3989  1 .1990588E+07   1000162E-02  .2975E+01 -.7377E+01   .9999978 -.0003807 -.0020571
T 3990  1 .1986319E+07   1000226E-02 -.2972E+01 -.1418E+02   .9999953  .0002910 -.0030367
T 3991  1 .1991543E+07   1000006E-02  .4466E+01  .3308E+01   .9999988  .0001705  .0015445
T 3992  1 .1979964E+07   1000031E-02 -.3222E+02  .4602E+02   .9999183 -.0072741  .0105152
T 3993  1 .1988538E+07   1000081E-02 -.1674E+02  .2362E+01   .9999980 -.0019168 -.0005777
T 3994  1 .1983661E+07   1000053E-02  .8168E+01 -.1240E+02   .9999965  .0013999 -.0022528
T 3995  1 .1983874E+07   1000204E-02  .2997E+00 -.1165E+01   .9999996  .0008726  .0002216
T 3996  1 .1980524E+07   1000127E-02  .5608E+01 -.4688E+01   .9999957  .0021146 -.0020561
T 3997  1 .1983827E+07   1000084E-02 -.2764E+01  .3592E+01   .9999996 -.0008240  .0004386
T 3998  1 .1984395E+07   1000172E-02 -.4848E+00  .4106E+00   .9999996 -.0004560  .0007832
T 3999  1 .1984554E+07   1000074E-02  .1417E+01 -.3880E+00   .9999996  .0004819 -.0007644
T 4000  1 .1983532E+07   1000173E-02  .5359E+02  .6668E+01   .9999754  .0069407  .0010193
T 4001  1 .1988233E+07   1000152E-02  .1843E+01  .6011E+01   .9999993 -.0004306  .0010757
T 4002  1 .1981353E+07   1000183E-02 -.1711E+02 -.1351E+02   .9999772 -.0054200 -.0040330
T 4003  1 .1987672E+07   1000130E-02 -.1784E+02 -.1691E+02   .9999935 -.0003587 -.0035907
T 4004  1 .1984894E+07   1000054E-02 -.7101E+00  .6976E+00   .9999961 -.0002341  .0027654
T 4005  1 .1984037E+07   1000016E-02 -.5171E+01  .1817E+01   .9999976 -.0021711 -.0000650
T 4006  1 .1982560E+07   1000199E-02 -.1250E+02 -.1069E+02   .9999910 -.0028324 -.0031724
T 4007  1 .1982746E+07   1000087E-02  .6025E+00  .2989E+01   .9999986 -.0008501  .0014249
T 4008  1 .1983621E+07   1000167E-02  .6150E+00  .5001E+01   .9999990  .0011477  .0007852
T 4009  1 .1988000E+07   1000177E-02 -.1275E+02  .5649E+01   .9999972 -.0019089  .0013879
T 4010  1 .1979901E+07   1000096E-02  .1418E+02  .1161E+02   .9999959  .0023165  .0017005
T 4011  1 .1986049E+07   1000186E-02  .4908E+01  .2613E+02   .9999830  .0008002  .0057799
T 4012  1 .1987168E+07   1000170E-02 -.3103E+01 -.2065E+02   .9999819 -.0013483 -.0058560
T 4013  1 .1987332E+07   1000184E-02  .9164E+01 -.3925E+02   .9999636  .0004305 -.0085217
T 4014  1 .1981418E+07   1000183E-02 -.7939E+01 -.1816E+02   .9999837  .0000919 -.0057013
T 4015  1 .1987983E+07   1000214E-02  .1660E+01 -.7861E+00   .9999998  .0005704 -.0002755
T 4016  1 .1980642E+07   1000201E-02 -.4280E+02  .4155E+01   .9999583 -.0085882  .0031075
T 4017  1 .1987689E+07   1000178E-02 -.1334E+02  .3986E+01   .9999906 -.0039106  .0018471
T 4018  1 .1984707E+07   1000204E-02 -.1818E+01 -.6785E+01   .9999983  .0018379  .0001206
T 4019  1 .1983954E+07   1000221E-02 -.9122E+01 -.4242E+01   .9999912 -.0035431 -.0022524
T 4020  1 .1984772E+07   1000070E-02 -.7159E+01  .1090E+02   .9999934 -.0013906  .0033655
T 4021  1 .1986937E+07   1000050E-02 -.1103E+02 -.9886E+01   .9999960 -.0015322 -.0023615
T 4022  1 .1985583E+07   1000185E-02  .2609E+01  .4614E+01   .9999995 -.0010018  .0002505
T 4023  1 .1989140E+07   1000199E-02  .7233E+00  .8574E+01   .9999990  .0002495  .0013843
T 4024  1 .1988868E+07   1000055E-02  .7006E+01  .1720E+02   .9999929  .0020900  .0031279
T 4025  1 .1982447E+07   1000135E-02 -.6078E+01  .1809E+02   .9999969 -.0023362  .0008166
T 4026  1 .1986484E+07   1000046E-02  .1100E+01 -.1298E+01   .9999999  .0003986 -.0003420
T 4027  1 .1984920E+07   1000153E-02 -.3225E+01 -.1889E+01   .9999998 -.0005767 -.0002074
T 4028  1 .1983378E+07   1000192E-02  .2836E+01  .4276E+01   .9999940  .0018674  .0029285
T 4029  1 .1982003E+07   1000213E-02 -.1306E+00  .3604E+01   .9999982  .0005814  .0017914
T 4030  1 .1988417E+07   1000003E-02  .2947E+00 -.4448E+01   .9999991 -.0009768 -.0009326
T 4031  1 .1984138E+07   1000195E-02  .1954E+01 -.7383E+01   .9999946  .0005297 -.0032493
T 4032  1 .1984766E+07   1000071E-02 -.1161E+02  .1825E+01   .9999959 -.0008867 -.0027194
T 4033  1 .1987222E+07   1000008E-02 -.5060E+01 -.4652E+01   .9999986 -.0016422  .0003163
T 4034  1 .1987005E+07   1000075E-02  .4499E+01 -.4140E+01   .9999982  .0002308 -.0018690
T 4035  1 .1986823E+07   1000209E-02 -.5599E+00 -.5522E+01   .9999991 -.0012221 -.0005334
T 4036  1 .1988081E+07   1000060E-02  .5935E+01  .8322E+01   .9999983  .0006939  .0016999
T 4037  1 .1989628E+07   1000115E-02 -.1003E+02 -.2403E+01   .9999974 -.0021947 -.0006791
T 4038  1 .1983917E+07   1000180E-02  .6886E+01  .2408E+01   .9999998  .0005051  .0002637
T 4039  1 .1988107E+07   1000019E-02  .4842E+01  .5737E+01   .9999961  .0020432  .0019094
T 4040  1 .1984353E+07   1000024E-02 -.6102E+01  .1190E+02   .9999930 -.0017749  .0032869
T 4041  1 .1985534E+07   1000038E-02  .1497E+01 -.1114E+01   .9999983 -.0002153 -.0018280
T 4042  1 .1985702E+07   1000047E-02 -.1871E+01  .8180E+01   .9999870 -.0022275  .0045954
T 4043  1 .1984189E+07   1000065E-02  .6668E+01  .1966E+01   .9999976  .0021245 -.0004780
T 4044  1 .1984014E+07   1000106E-02 -.2967E-01 -.1024E+01   .9999994  .0010594 -.0003562
T 4045  1 .1983214E+07   1000007E-02 -.6422E+01  .2299E+02   .9999997 -.0007342 -.0003089
T 4046  1 .1980698E+07   1000084E-02 -.1492E+02  .2210E+02   .9999850 -.0044929  .0031409
T 4047  1 .1988072E+07   1000182E-02 -.4424E+00  .1573E+01   .9999863  .0048195 -.0020498
T 4048  1 .1982565E+07   1000004E-02 -.5625E+01  .3459E+01   .9999851 -.0038836  .0038294
T 4049  1 .1986663E+07   1000206E-02 -.1971E+02  .7553E+01   .9999967 -.0025447  .0002846
T 4050  1 .1987072E+07   1000223E-02  .2120E+01  .5032E+01   .9999951  .0014480  .0027867
T 4051  1 .1985368E+07   1000075E-02 -.7392E+00 -.1357E+02   .9999943  .0015264 -.0030038
T 4052  1 .1982941E+07   1000007E-02  .1079E+02 -.1550E+02   .9999973  .0008370 -.0021793
T 4053  1 .1983556E+07   1000008E-02  .4457E+01  .6226E+01   .9999943  .0022082  .0025614
T 4054  1 .1987990E+07   1000221E-02  .4999E+00  .7034E+00   .9999999 -.0001837  .0000402
T 4055  1 .1986089E+07   1000167E-02 -.1219E+02 -.3716E+01   .9999958 -.0028870 -.0003608
T 4056  1 .1988646E+07   1000129E-02 -.2882E+02 -.2106E+02   .9998829 -.0133669 -.0074523
T 4057  1 .1985399E+07   1000211E-02 -.2533E+00 -.5048E+01   .9999979  .0005630 -.0019953
T 4058  1 .1982014E+07   1000214E-02 -.3302E+02 -.5488E+01   .9999883 -.0048286 -.0000600
T 4059  1 .1985067E+07   1000190E-02 -.2394E+01 -.4898E+01   .9999999 -.0004073  .0002659
T 4060  1 .1981657E+07   1000049E-02 -.1270E+01  .6344E+00   .9999996 -.0007722  .0004874
T 4061  1 .1984581E+07   1000176E-02 -.8934E+00 -.9983E+00   .9999971 -.0009007 -.0022378
T 4062  1 .1983181E+07   1000167E-02 -.2719E+01  .2879E+02   .9999685  .0027693  .0074340
T 4063  1 .1987083E+07   1000057E-02  .1135E+02 -.3280E+01   .9999910  .0041192 -.0010310
T 4064  1 .1985234E+07   1000130E-02 -.5690E+01  .1931E+02   .9999951 -.0011877  .0028864
T 4065  1 .1980391E+07   1000049E-02  .1587E+01 -.1293E+02   .9999992 -.0012732  .0001831
T 4066  1 .1983034E+07   1000212E-02  .1578E+01  .6293E+01   .9999998 -.0004960 -.0002553
T 4067  1 .1990998E+07   1000079E-02 -.4715E+01 -.4864E+01   .9999985  .0017054  .0001592
T 4068  1 .1982003E+07   1000058E-02 -.5901E+01 -.4903E+01   .9999732 -.0042271 -.0059738
T 4069  1 .1985614E+07   1000221E-02 -.1936E+02 -.3570E+02   .9999331 -.0075950 -.0087268
T 4070  1 .1981838E+07   1000065E-02  .1025E+01  .4551E+00   .9999999  .0000829  .0001060
T 4071  1 .1984134E+07   1000033E-02 -.4855E+01 -.2633E+01   .9999952 -.0026043 -.0016574
T 4072  1 .1985723E+07   1000047E-02 -.1887E+01 -.1007E+02   .9999886  .0006137 -.0047287
T 4073  1 .1981762E+07   1000188E-02  .5935E+01  .9934E+01   .9999951  .0013377  .0028232
T 4074  1 .1985469E+07   1000130E-02 -.4164E+01  .1910E+01   .9999989 -.0012611  .0008232
T 4075  1 .1989954E+07   1000187E-02 -.1721E+02 -.4943E+01   .9999889 -.0045526  .0012017
T 4076  1 .1983701E+07   1000174E-02  .1270E+01  .9832E+01   .9999967 -.0000609  .0025807
T 4077  1 .1986294E+07   1000208E-02 -.1169E+02  .7486E+01   .9999988 -.0009993  .0011932
T 4078  1 .1985742E+07   1000068E-02 -.4979E+01 -.4148E+01   .9999966 -.0019742 -.0016823
T 4079  1 .1984852E+07   1000064E-02 -.2739E+01 -.1257E+02   .9999992  .0002631 -.0012251
T 4080  1 .1985510E+07   1000155E-02 -.4665E+01  .1912E+02   .9999836 -.0007355  .0056856
T 4081  1 .1985376E+07   1000001E-02  .2012E+02  .6061E+02   .9998771  .0040104  .0151587
T 4082  1 .1984308E+07   1000220E-02 -.4356E+01 -.2586E+01   .9999987 -.0011646 -.0011490
T 4083  1 .1981466E+07   1000005E-02  .1909E+01  .2922E+02   .9999719  .0013488  .0073792
T 4084  1 .1980827E+07   1000174E-02  .7277E+01  .3292E+01   .9999997  .0007093 -.0001605
T 4085  1 .1982606E+07   1000142E-02 -.3418E+01 -.9444E+01   .9999999 -.0000383 -.0001869
T 4086  1 .1990243E+07   1000064E-02 -.7735E+01 -.1251E+01   .9999998 -.0004307 -.0004738
T 4087  1 .1985543E+07   1000008E-02 -.1519E+02 -.4293E+01   .9999972 -.0023458 -.0001561
T 4088  1 .1988821E+07   1000122E-02  .1048E+01  .3458E+00   .9999999 -.0003821 -.0000014
T 4089  1 .1983974E+07   1000156E-02  .7172E+00 -.1296E+01   .9999995  .0009648  .0001828
T 4090  1 .1987208E+07   1000183E-02  .9351E+01  .7833E+01   .9999961  .0026435  .0009417
T 4091  1 .1985704E+07   1000183E-02  .6834E+01 -.5442E+01   .9999975  .0014822 -.0016791
T 4092  1 .1978801E+07   1000047E-02 -.2399E+01 -.7848E+01   .9999997  .0007386 -.0000001
T 4093  1 .1987695E+07   1000212E-02 -.2217E+02 -.4880E+01   .9999556 -.0093794 -.0009161
T 4094  1 .1987721E+07   1000163E-02 -.6379E+01  .3287E+02   .9999646 -.0023274  .0080815
T 4095  1 .1989915E+07   1000016E-02  .6561E+01 -.4452E+01   .9999992  .0010695 -.0006170
T 4096  1 .1981952E+07   1000165E-02  .6424E+01  .6741E+01   .9999990  .0013441  .0005007
T 4097  1 .1983958E+07   1000215E-02  .6968E+01 -.1120E+02   .9999956  .0027757 -.0010625
T 4098  1 .1981441E+07   1000001E-02 -.9611E+01 -.7038E+01   .9999972 -.0017347 -.0016353
T 4099  1 .1983407E+07   1000211E-02  .4568E+01 -.3981E+01   .9999997  .0007222  .0001795
T 4100  1 .1986139E+07   1000141E-02 -.1401E+01 -.1142E+01   .9999997  .0002449 -.0006653
T 4101  1 .1984407E+07   1000187E-02 -.1453E+02  .8685E+01   .9999955 -.0025143  .0016668
T 4102  1 .1985114E+07   1000055E-02  .2982E+02  .1235E+02   .9999859  .0048531  .0021448
T 4103  1 .1990544E+07   1000005E-02  .6979E+01  .8725E+01   .9999438  .0061274  .0086461
T 4104  1 .1979764E+07   1000180E-02  .1820E+01  .1417E+01   .9999989  .0005217  .0013985
T 4105  1 .1983230E+07   1000098E-02 -.7877E+01  .3167E+01   .9999986 -.0016545  .0001234
T 4106  1 .1984438E+07   1000133E-02 -.4147E+01  .9990E+01   .9999984 -.0011889  .0013620
T 4107  1 .1984072E+07   1000187E-02  .6806E+01  .3954E+01   .9999974  .0021105 -.0008059
T 4108  1 .1983735E+07   1000201E-02 -.9148E+00  .5251E+00   .9999996 -.0008171  .0002190
T 4109  1 .1987524E+07   1000043E-02 -.5840E+01  .4406E+01   .9999997 -.0006695  .0003235
T 4110  1 .1985945E+07   1000038E-02  .6611E+00 -.3730E+00   .9999999 -.0001537  .0002701
T 4111  1 .1986238E+07   1000107E-02  .4091E+01  .2383E+01   .9999999  .0002152 -.0001794
T 4112  1 .1980346E+07   1000140E-02 -.3014E+01  .7232E+00   .9999994 -.0000109 -.0010506
T 4113  1 .1987435E+07   1000196E-02  .1432E+02 -.4250E+01   .9999743  .0071039 -.0009667
T 4114  1 .1988401E+07   1000210E-02 -.7237E+02  .2253E+01   .9999707 -.0075905 -.0009406
T 4115  1 .1985779E+07   1000222E-02 -.1595E+01  .9688E+01   .9999988  .0003485  .0014870
T 4116  1 .1987925E+07   1000023E-02  .2416E+01 -.1069E+02   .9999905  .0018242 -.0039669
T 4117  1 .1981569E+07   1000206E-02 -.3719E+01  .7222E+01   .9999992 -.0005185  .0011826
T 4118  1 .1981263E+07   1000178E-02 -.3521E+00  .4315E+00   .9999997 -.0006901  .0002247
T 4119  1 .1989657E+07   1000162E-02  .1645E+01  .1298E+01   .9999972  .0009942  .0021519
T 4120  1 .1986040E+07   1000043E-02 -.4398E+01 -.1018E+02   .9999989  .0007433 -.0012896
T 4121  1 .1983040E+07   1000026E-02  .2363E+02 -.1477E+02   .9999813  .0046070 -.0040321
T 4122  1 .1982079E+07   1000127E-02 -.1823E+02  .2159E+00   .9999931 -.0035111 -.0012202
T 4123  1 .1988800E+07   1000007E-02 -.4435E+01 -.6232E+01   .9999980 -.0003180 -.0019673
T 4124  1 .1985182E+07   1000007E-02  .1909E+01 -.6364E+01   .9999922  .0011436 -.0037770
T 4125  1 .1983699E+07   1000193E-02 -.1732E+01  .2276E+02   .9999905  .0012630  .0041734
T 4126  1 .1982194E+07   1000184E-02 -.4337E+01 -.8223E+01   .9999948 -.0015424 -.0028217
T 4127  1 .1982141E+07   1000016E-02 -.1533E+02  .1595E+01   .9999917 -.0036768 -.0017481
T 4128  1 .1981904E+07   1000073E-02  .9943E+01  .3221E+02   .9999910  .0010130  .0041105
T 4129  1 .1989560E+07   1000114E-02  .5428E+01 -.2322E+01   .9999990  .0014137  .0000010
T 4130  1 .1983389E+07   1000176E-02  .1333E+02  .2296E+02   .9999327  .0065892  .0095475
T 4131  1 .1987272E+07   1000136E-02  .1573E+02  .1446E+02   .9999865  .0028820  .0043266
T 4132  1 .1981820E+07   1000198E-02 -.1570E+02  .9719E+01   .9999917 -.0024347  .0032746
T 4133  1 .1985794E+07   1000220E-02  .7819E+00  .9037E+01   .9999903  .0004422  .0043802
T 4134  1 .1983199E+07   1000105E-02  .5053E+00  .9653E+01   .9999899 -.0024613  .0037474
T 4135  1 .1983476E+07   1000217E-02 -.2304E+02 -.1399E+02   .9999586 -.0079858 -.0043584
T 4136  1 .1984463E+07   1000042E-02  .9310E+01  .2367E+01   .9999968  .0025334  .0000473
T 4137  1 .1984889E+07   1000196E-02 -.3122E+01 -.8119E-01   .9999951 -.0031332  .0000839
T 4138  1 .1978049E+07   1000151E-02 -.8434E+00 -.5378E+01   .9999988  .0010496 -.0010974
T 4139  1 .1987782E+07   1000089E-02 -.4267E+00  .7519E+00   .9999996 -.0001807  .0008185
T 4140  1 .1981636E+07   1000221E-02  .2363E+01  .5196E+01   .9999891  .0046622  .0001836
T 4141  1 .1989009E+07   1000197E-02  .5502E+00  .3982E+01   .9999965  .0005916  .0025798
T 4142  1 .1980318E+07   1000167E-02  .1433E+02 -.1554E+02   .9999895  .0007086 -.0045384
T 4143  1 .1988975E+07   1000019E-02 -.9241E+01 -.3982E+01   .9999985 -.0008218  .0015072
T 4144  1 .1985838E+07   1000223E-02  .9656E+01 -.2008E+01   .9999958  .0027298 -.0010070
T 4145  1 .1980414E+07   1000125E-02 -.1146E+02 -.5379E+01   .9999910 -.0041482 -.0008728
T 4146  1 .1981872E+07   1000081E-02 -.1454E+01 -.1544E+02   .9999982  .0008909 -.0016620
T 4147  1 .1986959E+07   1000135E-02 -.1925E+02 -.1725E+02   .9999923 -.0032353 -.0022169
T 4148  1 .1983518E+07   1000095E-02  .2833E+02  .8169E+01   .9999833  .0051898  .0025510
T 4149  1 .1979227E+07   1000080E-02 -.3134E+01 -.1572E+01   .9999992 -.0009225 -.0008228
T 4150  1 .1982669E+07   1000164E-02  .3939E+01 -.5086E+00   .9999995  .0009178 -.0003717
T 4151  1 .1982288E+07   1000044E-02 -.1886E+00 -.3278E+01   .9999998  .0006923  .0000465
T 4152  1 .1979112E+07   1000221E-02  .1708E+02  .6918E+00   .9999962  .0023643  .0014451
T 4153  1 .1984531E+07   1000128E-02  .1448E+01 -.7882E+00   .9999985 -.0007102 -.0016022
T 4154  1 .1984556E+07   1000096E-02 -.9326E+01  .3346E+02   .9999387 -.0022743  .0108366
T 4155  1 .1989006E+07   1000106E-02 -.1146E+02  .1150E+02   .9999855 -.0036880  .0039222
T 4156  1 .1984264E+07   1000111E-02 -.7447E+01 -.3880E+01   .9999839 -.0055929 -.0009661
T 4157  1 .1985458E+07   1000196E-02  .1521E+00  .8458E+00   .9999989  .0007731  .0013005
T 4158  1 .1984277E+07   1000004E-02  .1367E+02  .1540E+02   .9999895  .0019293  .0041532
T 4159  1 .1983786E+07   1000100E-02 -.5506E+01  .9636E+01   .9999990 -.0005105  .0013142
T 4160  1 .1990851E+07   1000011E-02  .1970E+02  .6425E+00   .9999939  .0034883  .0000436
T 4161  1 .1986211E+07   1000113E-02  .3348E+01  .8301E+01   .9999903  .0028121  .0033910
T 4162  1 .1986733E+07   1000185E-02  .2511E+01 -.1283E+02   .9999915  .0018427 -.0036841
T 4163  1 .1982754E+07   1000019E-02  .1467E+01  .6385E+01   .9999971  .0008956  .0022210
T 4164  1 .1986014E+07   1000131E-02 -.6758E+00 -.3219E+01   .9999985 -.0013355  .0011295
T 4165  1 .1988178E+07   1000023E-02 -.6642E+01 -.2067E+02   .9999954  .0000051 -.0030370
T 4166  1 .1988643E+07   1000143E-02 -.6479E+01 -.2532E+02   .9999800 -.0028603 -.0056335
T 4167  1 .1987088E+07   1000151E-02  .1266E+01 -.2660E+01   .9999923  .0013132 -.0036871
T 4168  1 .1988800E+07   1000136E-02 -.2878E+00  .1267E+01   .9999952 -.0015484  .0026666
T 4169  1 .1984552E+07   1000084E-02 -.1785E+01 -.3176E+01   .9999911  .0009069  .0041322
T 4170  1 .1985149E+07   1000201E-02 -.2328E+01 -.4344E+01   .9999904  .0008027 -.0043030
T 4171  1 .1985653E+07   1000157E-02  .5722E+01 -.8658E+01   .9999971  .0004164 -.0023520
T 4172  1 .1983842E+07   1000179E-02  .3920E+01  .2526E+01   .9999980  .0016775  .0010497
T 4173  1 .1986651E+07   1000198E-02  .5105E+01 -.8660E+01   .9999949  .0025252 -.0019692
T 4174  1 .1988800E+07   1000183E-02 -.1686E+00 -.1231E+02   .9999972 -.0003630 -.0023584
T 4175  1 .1977068E+07   1000157E-02  .1542E+01  .2512E+01   .9999999  .0004040  .0002919
T 4176  1 .1983663E+07   1000200E-02 -.5814E+00  .2053E+01   .9999975 -.0007935  .0020961
T 4177  1 .1980268E+07   1000107E-02 -.4256E+01 -.4873E+00   .9999992 -.0012510  .0003266
T 4178  1 .1982598E+07   1000149E-02 -.1377E+02  .4009E+01   .9999978 -.0020790 -.0002485
T 4179  1 .1981467E+07   1000117E-02 -.7212E+01  .5889E+01   .9999944 -.0028549  .0017569
T 4180  1 .1983828E+07   1000214E-02 -.4655E+01 -.7905E+01   .9999985 -.0015487 -.0007532
T 4181  1 .1980780E+07   1000031E-02 -.9113E+00  .1329E+01   .9999994 -.0002227  .0010922
T 4182  1 .1985210E+07   1000109E-02  .1116E+01  .1139E+01   .9999997  .0006505 -.0003163
T 4183  1 .1982967E+07   1000032E-02  .6338E+00  .2111E+01   .9999988 -.0000525  .0015201
T 4184  1 .1987010E+07   1000095E-02  .3045E+01  .2689E+01   .9999934  .0021083  .0029532
T 4185  1 .1981729E+07   1000222E-02  .3492E+01 -.6867E+01   .9999999 -.0002925 -.0000716
T 4186  1 .1985454E+07   1000134E-02 -.1161E+02 -.1955E+02   .9999899 -.0038908 -.0022574
T 4187  1 .1981266E+07   1000047E-02  .5283E+01  .2763E+01   .9999941  .0034059  .0004378
T 4188  1 .1980263E+07   1000199E-02 -.1968E+01  .4223E+01   .9999956  .0029063  .0005607
T 4189  1 .1989660E+07   1000206E-02  .4632E+00 -.1258E+01   .9999999 -.0001267 -.0002711
T 4190  1 .1983382E+07   1000211E-02  .6637E+01  .3723E+02   .9999848  .0003332  .0054953
T 4191  1 .1987227E+07   1000105E-02 -.8063E+01 -.9192E+01   .9999984 -.0009875 -.0014598
T 4192  1 .1985474E+07   1000067E-02 -.2168E+01  .1686E+01   .9999997 -.0001137  .0007935
T 4193  1 .1983284E+07   1000078E-02  .3607E+01  .8797E-01   .9999993  .0001585 -.0011591
T 4194  1 .1982890E+07   1000041E-02  .2395E+01  .2435E+01   .9999982  .0004031  .0018427
T 4195  1 .1986479E+07   1000199E-02 -.4702E+01 -.9145E+01   .9999991 -.0009291 -.0009456
T 4196  1 .1988524E+07   1000020E-02  .3385E+01  .5135E+01   .9999960 -.0009329  .0026566
T 4197  1 .1983007E+07   1000139E-02 -.4659E+01 -.4158E+00   .9999999 -.0005326 -.0000281
T 4198  1 .1987992E+07   1000172E-02 -.3422E+01 -.1082E+02   .9999984  .0003638 -.0017248
T 4199  1 .1985759E+07   1000201E-02 -.5981E+00  .2589E+01   .9999999  .0000478  .0002428
T 4200  1 .1980104E+07   1000020E-02 -.4014E+01  .6892E+01   .9999976 -.0013254  .0017334
T 4201  1 .1989025E+07   1000118E-02 -.3867E+00 -.3643E+01   .9999978  .0001492 -.0021091
T 4202  1 .1983232E+07   1000180E-02  .2959E+01 -.5696E+01   .9999993  .0008791 -.0008228
T 4203  1 .1986736E+07   1000020E-02 -.2758E-01  .2597E+01   .9999997 -.0003865  .0006126
T 4204  1 .1986247E+07   1000120E-02  .1216E+02  .2798E+01   .9999959  .0027668 -.0007272
T 4205  1 .1985648E+07   1000194E-02  .1021E+01 -.5431E+01   .9999998 -.0001518 -.0005316
T 4206  1 .1985358E+07   1000185E-02  .3277E+01 -.4398E+01   .9999971  .0020672 -.0012051
T 4207  1 .1982500E+07   1000071E-02  .2408E+00 -.2403E+02   .9999938 -.0015861 -.0031555
T 4208  1 .1981725E+07   1000206E-02 -.1596E+02  .1555E+02   .9999948 -.0032159  .0001036
T 4209  1 .1983880E+07   1000042E-02 -.6201E+01 -.6015E+01   .9999985 -.0002327 -.0016957
T 4210  1 .1981564E+07   1000192E-02 -.6046E+00 -.2598E+01   .9999964  .0018594 -.0019130
T 4211  1 .1983562E+07   1000150E-02 -.5213E+01  .8513E+01   .9999988 -.0013101  .0008368
T 4212  1 .1982763E+07   1000081E-02  .1106E+02 -.6034E+01   .9999996  .0009172 -.0000156
T 4213  1 .1986492E+07   1000084E-02  .1912E+01 -.4126E+01   .9999995  .0000738 -.0009667
T 4214  1 .1987167E+07   1000066E-02  .4092E+00 -.1690E+02   .9999948  .0005467 -.0031683
T 4215  1 .1987327E+07   1000026E-02 -.6741E+01  .4811E+01   .9999977 -.0016322  .0013591
T 4216  1 .1989429E+07   1000061E-02  .4499E+01 -.1660E+02   .9999854  .0014528 -.0052050
T 4217  1 .1979819E+07   1000104E-02 -.9648E+00 -.3644E+01   .9999994 -.0000320 -.0011206
T 4218  1 .1989114E+07   1000207E-02 -.3987E+01 -.7105E+01   .9999994 -.0005098 -.0010069
T 4219  1 .1985985E+07   1000207E-02 -.4063E+01  .8733E+01   .9999986  .0016607  .0002910
T 4220  1 .1987683E+07   1000226E-02  .5162E+01 -.1430E+02   .9999899  .0006133 -.0044519
T 4221  1 .1983627E+07   1000017E-02 -.1289E+02 -.8596E+01   .9999896 -.0027805 -.0036184
T 4222  1 .1986924E+07   1000108E-02 -.8872E+00 -.4273E+01   .9999960  .0001789 -.0028198
T 4223  1 .1986974E+07   1000215E-02  .1897E+02 -.1654E+01   .9999935  .0035791  .0005167
T 4224  1 .1978117E+07   1000151E-02  .1266E+01  .1703E+00   .9999996  .0004877 -.0007156
T 4225  1 .1982445E+07   1000037E-02 -.4313E+01  .4594E+01   .9999911 -.0041398  .0007940
T 4226  1 .1985216E+07   1000150E-02 -.5882E+01  .2261E+01   .9999989 -.0014189  .0004521
T 4227  1 .1984296E+07   1000192E-02  .1627E+02  .3133E+01   .9999190  .0126717  .0012225
T 4228  1 .1985510E+07   1000103E-02  .1362E+02  .1806E+02   .9999981  .0019235  .0002063
T 4229  1 .1985752E+07   1000051E-02  .4132E+01 -.8053E+01   .9999997 -.0004806 -.0005872
T 4230  1 .1986582E+07   1000183E-02 -.5830E+01 -.1042E+02   .9999973 -.0009804 -.0021007
T 4231  1 .1981713E+07   1000096E-02 -.1551E+01  .2586E+01   .9999998  .0001054  .0005698
T 4232  1 .1985225E+07   1000202E-02 -.2736E+01  .7401E+01   .9999985  .0006223  .0016302
T 4233  1 .1985753E+07   1000079E-02 -.3004E+01 -.6938E+01   .9999979 -.0005573 -.0019908
T 4234  1 .1983300E+07   1000004E-02  .8350E+00 -.1393E+01   .9999998  .0005443 -.0002046
T 4235  1 .1987803E+07   1000197E-02 -.7589E+01 -.2217E+01   .9999999 -.0001401  .0004464
T 4236  1 .1987870E+07   1000225E-02  .6661E+01  .2139E+01   .9999979  .0016955  .0011578
T 4237  1 .1985592E+07   1000032E-02  .1629E+02 -.9589E+00   .9999922  .0032792 -.0021931
T 4238  1 .1985914E+07   1000061E-02 -.4792E+00 -.1768E+02   .9999942  .0004316 -.0033881
T 4239  1 .1987401E+07   1000008E-02  .1376E+01 -.6493E+01   .9999973  .0021270 -.0008919
T 4240  1 .1982642E+07   1000003E-02  .4734E+01  .9894E+01   .9999975  .0020332 -.0008967
T 4241  1 .1987951E+07   1000181E-02  .2256E+01 -.8015E+01   .9999913  .0035860 -.0021278
T 4242  1 .1982680E+07   1000138E-02 -.3562E+01 -.3229E+00   .9999984 -.0004738 -.0017445
T 4243  1 .1979919E+07   1000008E-02 -.7644E+01 -.5887E+01   .9999998 -.0005703 -.0002028
T 4244  1 .1978149E+07   1000226E-02  .8746E+01 -.1026E+02   .9999616  .0057545 -.0066106
T 4245  1 .1985236E+07   1000124E-02 -.2919E+01 -.7437E+01   .9999844 -.0019513 -.0052244
T 4246  1 .1985353E+07   1000197E-02 -.1123E+01  .1121E+01   .9999993 -.0011980  .0000518
T 4247  1 .1985356E+07   1000224E-02  .3186E+01 -.1456E+02   .9999976 -.0001282 -.0021773
T 4248  1 .1985726E+07   1000163E-02  .9742E+01 -.1007E+02   .9999988  .0010763 -.0011248
T 4249  1 .1982538E+07   1000097E-02  .1305E+02  .1049E+02   .9999987  .0007706  .0013866
T 4250  1 .1988127E+07   1000005E-02 -.1231E+01 -.3976E+01   .9999969  .0018929 -.0016044
T 4251  1 .1980239E+07   1000207E-02  .1213E+02 -.1709E+02   .9999968 -.0003512 -.0025193
T 4252  1 .1987130E+07   1000216E-02  .1391E+01  .1575E+02   .9999931 -.0001360  .0036989
T 4253  1 .1982039E+07   1000090E-02  .5874E+01 -.3467E+01   .9999942  .0029266 -.0017678
T 4254  1 .1986507E+07   1000199E-02  .1457E+02  .2469E+01   .9999975  .0021652  .0006033
T 4255  1 .1982688E+07   1000225E-02 -.2111E+02  .5553E+01   .9999928 -.0035303  .0013808
T 4256  1 .1983173E+07   1000205E-02 -.2740E+02  .4120E+01   .9999923 -.0034371 -.0018674
T 4257  1 .1985676E+07   1000060E-02  .4294E+01 -.7362E+01   .9999988 -.0003000  .0015481
T 4258  1 .1983388E+07   1000049E-02 -.5061E+01 -.1891E+01   .9999989 -.0011992 -.0008265
T 4259  1 .1985845E+07   1000110E-02  .2070E+03  .1598E+03   .9906909  .1082055  .0826021
T 4260  1 .1984011E+07   1000141E-02  .1120E+01 -.6774E+01   .9999997 -.0001654 -.0007446
T 4261  1 .1981033E+07   1000000E-02  .1176E+01  .7069E+01   .9999991  .0000310 -.0013569
T 4262  1 .1986444E+07   1000024E-02  .4192E+01  .1584E+02   .9999664  .0041356  .0070746
T 4263  1 .1987977E+07   1000076E-02  .8910E+00 -.2808E+01   .9999963 -.0000116  .0027280
T 4264  1 .1984412E+07   1000137E-02 -.9423E+01 -.1548E+02   .9999965 -.0012830 -.0022984
T 4265  1 .1983989E+07   1000165E-02 -.5774E+00 -.1943E+02   .9999962 -.0001037 -.0027517
T 4266  1 .1983652E+07   1000141E-02 -.2485E+01 -.1184E+02   .9999976 -.0004189 -.0021358
T 4267  1 .1984341E+07   1000204E-02 -.1786E+01 -.1106E+01   .9999999  .0003503 -.0000179
T 4268  1 .1985160E+07   1000074E-02 -.6288E+01 -.1292E+02   .9999946 -.0021509 -.0024695
T 4269  1 .1986154E+07   1000177E-02 -.5340E+01 -.5422E+01   .9999986 -.0009671 -.0013355
T 4270  1 .1982653E+07   1000215E-02 -.6170E+02 -.4784E+01   .9999780 -.0066393 -.0000101
T 4271  1 .1984405E+07   1000172E-02  .1490E+02  .1140E+01   .9999995  .0006145  .0007634
T 4272  1 .1985102E+07   1000122E-02  .5418E+01 -.1337E+02   .9999964  .0022824 -.0013971
T 4273  1 .1986579E+07   1000176E-02 -.1787E+01 -.2446E+01   .9999997  .0002633 -.0007658
T 4274  1 .1984009E+07   1000149E-02  .4997E+01 -.5119E+01   .9999987  .0002559 -.0016043
T 4275  1 .1988946E+07   1000209E-02  .7912E+01 -.5641E+00   .9999995  .0009441  .0003371
T 4276  1 .1982297E+07   1000210E-02  .3166E+01 -.1177E+02   .9999993 -.0008980 -.0007566
T 4277  1 .1982448E+07   1000165E-02  .7396E+01 -.1689E+02   .9999868 -.0001366 -.0051438
T 4278  1 .1981554E+07   1000108E-02  .2362E+00 -.1274E+01   .9999998  .0005657  .0000178
T 4279  1 .1985726E+07   1000203E-02  .7704E+01  .1668E+01   .9999963  .0013122 -.0023835
T 4280  1 .1984442E+07   1000226E-02  .5854E+01  .3432E+01   .9999886 -.0044540  .0017281
T 4281  1 .1988071E+07   1000039E-02 -.1003E+02  .8210E+01   .9999970 -.0020584  .0013297
T 4282  1 .1986116E+07   1000089E-02 -.3189E+02 -.4272E-01   .9999810 -.0061380 -.0006391
T 4283  1 .1987271E+07   1000197E-02 -.2727E+01  .7016E+01   .9999929 -.0006184  .0037283
T 4284  1 .1987334E+07   1000071E-02  .1889E+02 -.1833E+02   .9999882 -.0002822 -.0048514
T 4285  1 .1986749E+07   1000101E-02 -.3996E+01  .2131E+02   .9999964 -.0026666  .0003918
T 4286  1 .1984928E+07   1000189E-02 -.3914E+01 -.3001E+01   .9999978 -.0011632 -.0017392
T 4287  1 .1984135E+07   1000146E-02  .5798E+01 -.6120E+00   .9999989  .0013199  .0006677
T 4288  1 .1983902E+07   1000062E-02 -.1346E+02  .2551E+02   .9999247 -.0058709  .0107795
T 4289  1 .1988214E+07   1000203E-02  .7312E+01  .2426E+01   .9999992 -.0001696  .0012206
T 4290  1 .1978531E+07   1000115E-02 -.1581E+01 -.2004E+01   .9999994  .0002790 -.0010686
T 4291  1 .1984008E+07   1000173E-02 -.6227E+01 -.3569E+02   .9999970 -.0011649 -.0021548
T 4292  1 .1986280E+07   1000140E-02 -.2994E+01 -.1691E+01   .9999999 -.0004829 -.0000995
T 4293  1 .1986737E+07   1000075E-02 -.4060E+02  .5617E+02   .9999631 -.0047009  .0071861
T 4294  1 .1983339E+07   1000057E-02  .7606E+01 -.3396E+01   .9999990  .0003398  .0014061
T 4295  1 .1983084E+07   1000217E-02  .1889E-01 -.9603E+01   .9999984  .0003280 -.0017388
T 4296  1 .1984262E+07   1000175E-02  .1184E+00  .8756E+00   .9999999  .0003091  .0004222
T 4297  1 .1983116E+07   1000121E-02 -.5596E+01  .4487E+01   .9999989 -.0011784  .0009318
T 4298  1 .1988088E+07   1000007E-02 -.1065E+01  .3342E+02   .9999279 -.0028342  .0116715
T 4299  1 .1985172E+07   1000024E-02  .6840E+01 -.4219E+01   .9999943  .0012868 -.0031112
T 4300  1 .1987587E+07   1000156E-02  .4122E+01 -.9466E+01   .9999974  .0013141 -.0018758
T 4301  1 .1984561E+07   1000184E-02 -.6243E+01  .6687E+01   .9999981 -.0003045  .0019256
T 4302  1 .1985468E+07   1000106E-02  .7538E+01  .5323E+01   .9999992  .0012470  .0002417
T 4303  1 .1983279E+07   1000000E-02  .1674E+02 -.1951E+02   .9999900  .0031792 -.0031458
T 4304  1 .1979425E+07   1000047E-02 -.1312E+01 -.4278E+01   .9999895 -.0016364 -.0042913
T 4305  1 .1980716E+07   1000179E-02  .8901E+00  .1398E+00   .9999999  .0000469 -.0005208
T 4306  1 .1988713E+07   1000010E-02 -.3411E+01 -.6626E+01   .9999976  .0021647  .0003724
T 4307  1 .1983805E+07   1000183E-02  .1113E+02  .4707E+01   .9999881  .0046579  .0014497
T 4308  1 .1988283E+07   1000203E-02  .9342E+00 -.3914E+00   .9999997  .0004217 -.0005897
T 4309  1 .1980735E+07   1000133E-02 -.4433E+01  .1699E+02   .9999954 -.0009561  .0028725
T 4310  1 .1986522E+07   1000212E-02  .2985E+00  .1265E+01   .9999991  .0012856 -.0003824
T 4311  1 .1982301E+07   1000060E-02 -.1006E+02 -.2227E+01   .9999948 -.0032119  .0001653
T 4312  1 .1986619E+07   1000109E-02 -.6814E+01  .7988E+01   .9999980 -.0019796 -.0001190
T 4313  1 .1983909E+07   1000168E-02 -.1903E+01 -.4458E+01   .9999974 -.0021617 -.0007343
T 4314  1 .1985343E+07   1000111E-02 -.8536E+01  .1190E+01   .9999965 -.0026297  .0000212
T 4315  1 .1987562E+07   1000125E-02  .1747E+01 -.1868E+01   .9999987 -.0005796  .0014843
T 4316  1 .1982271E+07   1000190E-02  .1188E+02 -.8643E+01   .9999983 -.0002543 -.0018037
T 4317  1 .1988860E+07   1000021E-02 -.6334E+02  .4843E+00   .9999536 -.0096218 -.0003691
T 4318  1 .1981965E+07   1000138E-02  .7590E+01 -.1199E+00   .9999997  .0007411 -.0001513
T 4319  1 .1984432E+07   1000045E-02  .1355E+01 -.8694E+01   .9999976 -.0001994 -.0021778
T 4320  1 .1984900E+07   1000188E-02  .3496E+01  .3211E+01   .9999980  .0019202  .0005474
T 4321  1 .1989285E+07   1000123E-02 -.1761E+01  .9511E+01   .9999965  .0006041  .0025811
T 4322  1 .1979981E+07   1000093E-02 -.1669E+01 -.3204E+00   .9999999 -.0000253 -.0001707
T 4323  1 .1985405E+07   1000095E-02 -.1672E+00  .9815E+00   .9999991  .0010648  .0007957
T 4324  1 .1987906E+07   1000141E-02  .3403E+00  .2441E+01   .9999985  .0012059  .0012195
T 4325  1 .1982527E+07   1000098E-02 -.6740E+00 -.6343E+01   .9999999  .0000223  .0002567
T 4326  1 .1978649E+07   1000025E-02 -.1227E+01 -.9342E+01   .9999968 -.0021479 -.0013214
T 4327  1 .1987414E+07   1000223E-02  .2385E+02 -.2226E+02   .9999971  .0014596 -.0019106
T 4328  1 .1985245E+07   1000156E-02  .8831E+01  .2814E+01   .9999942  .0004092  .0033776
T 4329  1 .1982824E+07   1000147E-02  .5706E+01  .1183E+02   .9999961  .0014434  .0023745
T 4330  1 .1981750E+07   1000155E-02  .8866E+00 -.2756E+01   .9999976  .0011917 -.0018267
T 4331  1 .1984065E+07   1000138E-02 -.9801E+01  .5349E+01   .9999993 -.0008892  .0007643
T 4332  1 .1981306E+07   1000004E-02 -.2818E+02 -.1462E+02   .9999888 -.0038043 -.0028314
T 4333  1 .1983103E+07   1000045E-02  .1863E+01  .4573E+00   .9999976  .0017151 -.0013430
T 4334  1 .1980424E+07   1000147E-02  .1121E+02 -.8962E+01   .9999890  .0044351 -.0015549
T 4335  1 .1988063E+07   1000221E-02 -.2684E+01  .7791E+01   .9999783 -.0044551  .0048497
T 4336  1 .1982968E+07   1000015E-02 -.3809E+01  .9906E+01   .9999896 -.0010154  .0044495
T 4337  1 .1984637E+07   1000038E-02  .2495E+01  .6873E+00   .9999993  .0011749  .0000395
T 4338  1 .1985890E+07   1000076E-02 -.8197E+00 -.9290E+00   .9999998 -.0006714  .0000793
T 4339  1 .1984014E+07   1000011E-02 -.6060E+00  .5801E+01   .9999956 -.0021187  .0020590
T 4340  1 .1986243E+07   1000108E-02 -.5103E+02  .1393E+02   .9999737 -.0070122  .0018769
T 4341  1 .1987188E+07   1000089E-02 -.2067E+01 -.1455E+01   .9999987 -.0014149  .0007173
T 4342  1 .1987756E+07   1000164E-02  .5818E+00  .7000E+00   .9999999 -.0000650  .0001187
T 4343  1 .1987738E+07   1000204E-02  .4493E+01 -.9071E+00   .9999990 -.0007547 -.0011765
T 4344  1 .1979031E+07   1000067E-02 -.2643E+01 -.8316E+01   .9999987  .0010631 -.0012281
T 4345  1 .1981182E+07   1000036E-02 -.1618E+02  .8528E+01   .9999882 -.0029483  .0038502
T 4346  1 .1987327E+07   1000202E-02 -.1286E+02  .1924E+02   .9999756 -.0069479 -.0007908
T 4347  1 .1985553E+07   1000190E-02 -.2792E+01 -.1817E+01   .9999992 -.0012899 -.0000792
T 4348  1 .1982559E+07   1000209E-02 -.1448E+01 -.1815E+02   .9999955 -.0003502 -.0029939
T 4349  1 .1985637E+07   1000049E-02 -.3096E+01 -.8703E+00   .9999970 -.0021708  .0011510
T 4350  1 .1986850E+07   1000217E-02  .1742E+02 -.1095E+02   .9999963  .0022167 -.0015807
T 4351  1 .1983341E+07   1000197E-02  .1453E+02  .7355E+01   .9999957  .0014779  .0025483
T 4352  1 .1980667E+07   1000211E-02  .1698E+01  .1859E+02   .9999961 -.0002287  .0028012
T 4353  1 .1986767E+07   1000130E-02  .5969E+01 -.2612E+01   .9999997  .0007382  .0002779
T 4354  1 .1979025E+07   1000176E-02  .9552E+01 -.3242E+01   .9999952  .0029038 -.0010757
T 4355  1 .1978951E+07   1000136E-02 -.1309E+02 -.3936E+01   .9999905 -.0043527  .0000413
T 4356  1 .1981714E+07   1000047E-02  .6778E+01 -.4149E+01   .9999992  .0012147 -.0002974
T 4357  1 .1984161E+07   1000181E-02 -.1289E+01  .7580E+01   .9999927 -.0011635  .0036338
T 4358  1 .1985370E+07   1000180E-02 -.2022E+01  .1293E+00   .9999988 -.0010902  .0011177
T 4359  1 .1982277E+07   1000123E-02 -.2099E+02  .7971E+01   .9999635 -.0084469  .0013046
T 4360  1 .1982863E+07   1000181E-02 -.7764E+01  .1791E+02   .9999847 -.0029910  .0046594
T 4361  1 .1981785E+07   1000175E-02 -.8601E+00  .1381E+02   .9999979 -.0010800  .0017696
T 4362  1 .1988467E+07   1000226E-02 -.5013E+01 -.4344E+00   .9999958 -.0028971  .0002048
T 4363  1 .1988449E+07   1000206E-02 -.8953E+00 -.1299E+02   .9999981 -.0004543 -.0019177
T 4364  1 .1982409E+07   1000198E-02  .1398E+02 -.3249E+02   .9999878  .0009584 -.0048404
T 4365  1 .1986730E+07   1000193E-02 -.1736E+02  .9285E+01   .9999975 -.0017629  .0013956
T 4366  1 .1986942E+07   1000207E-02  .8543E+01  .1347E+01   .9999993  .0001507 -.0011776
T 4367  1 .1980640E+07   1000143E-02  .2881E+01  .1285E+02   .9999874  .0029693  .0040536
T 4368  1 .1980874E+07   1000197E-02 -.6969E+01 -.7224E+01   .9999980 -.0013389 -.0014596
T 4369  1 .1985138E+07   1000106E-02  .1246E+02  .5209E+02   .9999444  .0038790  .0098036
T 4370  1 .1985854E+07   1000198E-02 -.4378E+01 -.3987E+01   .9999998  .0001933  .0006018
T 4371  1 .1982476E+07   1000082E-02 -.1620E+02 -.2662E+02   .9999867 -.0033241 -.0039475
T 4372  1 .1985952E+07   1000159E-02 -.6613E+01  .8560E+00   .9999997 -.0007097 -.0000629
T 4373  1 .1984121E+07   1000173E-02 -.5951E+01  .3710E+01   .9999992 -.0012303 -.0003067
T 4374  1 .1984835E+07   1000210E-02  .2554E+01 -.2805E+01   .9999999 -.0004632 -.0001340
T 4375  1 .1985886E+07   1000074E-02  .4672E+01 -.4909E+00   .9999992 -.0004507 -.0011473
T 4376  1 .1985363E+07   1000215E-02  .9137E+01 -.9220E+01   .9999975  .0007131 -.0021306
T 4377  1 .1990707E+07   1000071E-02 -.7490E+01  .4029E+00   .9999891 -.0046625  .0001822
T 4378  1 .1990735E+07   1000130E-02 -.3048E+01 -.1781E+01   .9999961 -.0027611  .0004942
T 4379  1 .1988368E+07   1000074E-02 -.1011E+02 -.1059E+02   .9999961 -.0017910 -.0021342
T 4380  1 .1983511E+07   1000041E-02  .3856E+01  .6957E+01   .9999998  .0006368 -.0002024
T 4381  1 .1983457E+07   1000063E-02 -.2013E+02 -.2897E+02   .9999771 -.0040633 -.0054044
T 4382  1 .1988293E+07   1000120E-02 -.6513E+01  .2107E+02   .9999807  .0003230  .0061975
T 4383  1 .1986229E+07   1000112E-02  .1616E+01 -.7501E+00   .9999999  .0001587 -.0001655
T 4384  1 .1987299E+07   1000102E-02  .1843E+01 -.1980E+00   .9999986  .0016452  .0002365
T 4385  1 .1983716E+07   1000077E-02 -.8711E+00  .8543E+01   .9999906 -.0005176  .0043133
T 4386  1 .1986836E+07   1000062E-02  .3555E+01 -.1053E+01   .9999988  .0009365 -.0012392
T 4387  1 .1981479E+07   1000168E-02  .9367E+01  .3902E+00   .9999978  .0020029 -.0006950
T 4388  1 .1987456E+07   1000167E-02  .4816E+01 -.7574E+01   .9999973  .0009563 -.0020991
T 4389  1 .1987264E+07   1000189E-02 -.8488E+01  .1094E+02   .9999927 -.0022284  .0031139
T 4390  1 .1989578E+07   1000179E-02  .1679E+00 -.2127E+01   .9999951  .0031325 -.0001392
T 4391  1 .1989497E+07   1000094E-02 -.3023E+02 -.2980E+02   .9999857 -.0040244 -.0035346
T 4392  1 .1977471E+07   1000191E-02 -.1506E+02 -.9764E+01   .9999882 -.0043335 -.0022086
T 4393  1 .1987733E+07   1000220E-02  .2271E+01 -.4684E+01   .9999953  .0012780 -.0027785
T 4394  1 .1979669E+07   1000226E-02  .4408E+01 -.1011E+02   .9999995  .0004123 -.0008827
T 4395  1 .1983568E+07   1000214E-02 -.1153E+02  .6031E+01   .9999886 -.0046723 -.0009328
T 4396  1 .1987152E+07   1000143E-02  .7792E+01  .9038E+01   .9999967  .0025785 -.0001647
T 4397  1 .1988176E+07   1000188E-02 -.4868E+01 -.5402E+01   .9999980 -.0018166 -.0008773
T 4398  1 .1985065E+07   1000003E-02  .5369E+01  .8467E+01   .9999990  .0009897  .0010185
T 4399  1 .1981505E+07   1000035E-02  .2821E-01 -.1140E+02   .9999958 -.0024447 -.0015804
T 4400  1 .1989566E+07   1000105E-02  .2514E+02  .7629E+00   .9999814  .0058884 -.0015736
T 4401  1 .1982281E+07   1000101E-02  .1509E+01 -.9660E-02   .9999999  .0002915  .0004549
T 4402  1 .1987781E+07   1000140E-02 -.2243E+02 -.7657E+01   .9999942 -.0030138 -.0015688
T 4403  1 .1985406E+07   1000160E-02  .1145E+02 -.4457E+01   .9999984  .0016809 -.0006489
T 4404  1 .1983726E+07   1000159E-02 -.1751E+01 -.8162E+00   .9999999 -.0002173 -.0002868
T 4405  1 .1988678E+07   1000184E-02 -.9453E+01 -.7025E+01   .9999979 -.0004961 -.0019724
T 4406  1 .1986043E+07   1000005E-02  .2123E+02 -.1731E+02   .9999813  .0045724 -.0040635
T 4407  1 .1988858E+07   1000037E-02 -.3221E+01 -.3739E+01   .9999975 -.0015051 -.0016709
T 4408  1 .1988918E+07   1000030E-02  .1105E+02 -.3282E+02   .9999747  .0015683 -.0069314
T 4409  1 .1981985E+07   1000102E-02  .7790E+01  .6574E+01   .9999993 -.0002689  .0011800
T 4410  1 .1979465E+07   1000102E-02  .1391E+01  .6405E+00   .9999988  .0009376  .0012669
T 4411  1 .1979463E+07   1000129E-02 -.1743E+01  .6170E+01   .9999370 -.0029473  .0108297
T 4412  1 .1984159E+07   1000215E-02  .4321E+00 -.3307E+01   .9999998 -.0000367 -.0006581
T 4413  1 .1981066E+07   1000099E-02 -.8292E+01  .1103E+01   .9999985 -.0000150 -.0017160
T 4414  1 .1988125E+07   1000195E-02  .1115E+01 -.1859E+01   .9998970  .0097850 -.0104998
T 4415  1 .1983352E+07   1000074E-02 -.1892E+01 -.3988E+01   .9999999  .0001021 -.0004919
T 4416  1 .1985620E+07   1000041E-02  .3740E+01  .1562E+02   .9999941  .0011080  .0032620
T 4417  1 .1984939E+07   1000148E-02  .6605E+01 -.1224E+02   .9999822 -.0003614 -.0059598
T 4418  1 .1984108E+07   1000139E-02  .3771E+01  .6342E+01   .9999928  .0035195  .0013952
T 4419  1 .1983470E+07   1000171E-02 -.1446E+02 -.3456E+01   .9999896 -.0044650 -.0009472
T 4420  1 .1983089E+07   1000010E-02  .4238E+00 -.1334E+00   .9999999  .0002296  .0002591
T 4421  1 .1987626E+07   1000003E-02  .1721E+02  .2407E+01   .9999960  .0001359  .0028221
T 4422  1 .1988969E+07   1000086E-02  .1269E+02 -.7117E+01   .9999943  .0033188  .0005487
T 4423  1 .1982487E+07   1000087E-02  .4549E+02 -.5709E+01   .9999676  .0080275 -.0006224
T 4424  1 .1984313E+07   1000217E-02 -.9095E+01  .4746E+01   .9999966 -.0026217  .0000379
T 4425  1 .1986877E+07   1000049E-02 -.1758E+01 -.6081E+00   .9999997 -.0001049 -.0007588
T 4426  1 .1985365E+07   1000109E-02 -.1098E+02 -.1726E+01   .9999876 -.0047563 -.0015061
T 4427  1 .1981990E+07   1000140E-02  .1464E+01 -.7702E+01   .9999990 -.0013448 -.0003217
T 4428  1 .1981691E+07   1000025E-02  .3986E+02  .5357E+01   .9999746  .0070062  .0012699
T 4429  1 .1984801E+07   1000132E-02  .5694E+02  .4819E+02   .9999632  .0069461  .0050402
T 4430  1 .1985069E+07   1000113E-02 -.3131E+00 -.4050E+01   .9999983 -.0014007 -.0011772
T 4431  1 .1986846E+07   1000177E-02 -.4443E+02  .5367E+02   .9998938 -.0098069  .0107780
T 4432  1 .1985894E+07   1000103E-02  .3252E+02 -.2787E+01   .9999713  .0075771  .0000577
T 4433  1 .1984817E+07   1000121E-02  .4244E+00  .1090E+01   .9999945  .0013240  .0030394
T 4434  1 .1984692E+07   1000222E-02  .6278E+02  .1123E+02   .9992153  .0373156  .0132754
T 4435  1 .1979274E+07   1000115E-02 -.7015E-01 -.2937E+01   .9999992  .0008624 -.0009758
T 4436  1 .1981054E+07   1000063E-02  .4485E+02  .4898E+00   .9996425  .0267374  .0001380
T 4437  1 .1982126E+07   1000061E-02 -.4432E+01  .4981E+01   .9999961  .0002746  .0027936
T 4438  1 .1985145E+07   1000227E-02 -.4687E+00 -.1149E+02   .9999996  .0007803  .0003257
T 4439  1 .1982324E+07   1000082E-02  .7624E+00 -.1106E+02   .9999995 -.0008773 -.0004463
T 4440  1 .1983695E+07   1000088E-02  .1001E+02 -.6584E+01   .9999715  .0065618 -.0037465
T 4441  1 .1987164E+07   1000224E-02 -.1810E+02  .9011E+01   .9999878 -.0045979  .0018123
T 4442  1 .1982465E+07   1000146E-02  .8274E+01  .5651E+01   .9999963  .0013137  .0023942
T 4443  1 .1986924E+07   1000085E-02  .1038E+02 -.2848E+01   .9999947  .0019923 -.0025888
T 4444  1 .1990206E+07   1000129E-02 -.2104E+01  .2969E+00   .9999991 -.0013209  .0000213
T 4445  1 .1984726E+07   1000187E-02  .2301E+01  .6626E+01   .9999999  .0002402  .0000095
T 4446  1 .1984674E+07   1000116E-02 -.2275E+02 -.2304E+01   .9999739 -.0071164 -.0012118
T 4447  1 .1986257E+07   1000007E-02 -.1427E+02  .3476E+01   .9999982 -.0009432  .0016210
T 4448  1 .1983565E+07   1000075E-02 -.1367E+01 -.1125E+02   .9999941 -.0032848 -.0010011
T 4449  1 .1986594E+07   1000164E-02 -.5011E+01 -.7804E+01   .9999999  .0000064 -.0005411
T 4450  1 .1985204E+07   1000014E-02 -.2339E+02  .2995E+02   .9999357 -.0058605  .0097074
T 4451  1 .1989208E+07   1000003E-02 -.1124E+03 -.8388E+02   .9998890 -.0134790 -.0063443
T 4452  1 .1979457E+07   1000198E-02 -.1090E+02 -.9176E+01   .9999981 -.0009524 -.0016765
T 4453  1 .1985131E+07   1000203E-02 -.4353E+02 -.2155E+03   .9991868 -.0090072 -.0393018
T 4454  1 .1981143E+07   1000045E-02 -.1967E+02 -.1561E+02   .9999860 -.0050297 -.0016578
T 4455  1 .1984450E+07   1000182E-02 -.1499E+02  .9007E+01   .9999689 -.0052329  .0058965
T 4456  1 .1987727E+07   1000145E-02 -.8278E+01 -.7522E+01   .9999947 -.0023009 -.0022998
T 4457  1 .1985510E+07   1000084E-02 -.1780E+02 -.1461E+02   .9999776 -.0058741 -.0031974
T 4458  1 .1986750E+07   1000051E-02  .1344E+02 -.5867E+01   .9999984  .0008741 -.0015804
T 4459  1 .1984576E+07   1000052E-02 -.1088E+01 -.5428E+01   .9999999 -.0000348  .0003997
T 4460  1 .1987411E+07   1000205E-02  .1419E+02 -.1895E+02   .9999535  .0045865 -.0084831
T 4461  1 .1984148E+07   1000222E-02  .1208E+02 -.1060E+01   .9999999 -.0003658 -.0000215
T 4462  1 .1984081E+07   1000109E-02  .6229E+00  .3638E+01   .9999991  .0002696  .0013169
T 4463  1 .1980421E+07   1000021E-02 -.1700E+00 -.2576E+00   .9999996 -.0000465  .0008359
T 4464  1 .1985404E+07   1000029E-02  .2171E+02 -.1579E+02   .9999788  .0057352 -.0030679
T 4465  1 .1982783E+07   1000172E-02  .1532E+02  .1055E+02   .9999987  .0014331  .0006916
T 4466  1 .1987290E+07   1000194E-02  .2889E+01  .6495E+01   .9999996 -.0004122  .0007839
T 4467  1 .1987848E+07   1000215E-02 -.1689E+01 -.1074E+02   .9999928 -.0015591 -.0034692
T 4468  1 .1983164E+07   1000045E-02 -.9034E+01 -.5185E+00   .9999955 -.0018158 -.0024032
T 4469  1 .1988234E+07   1000078E-02 -.8597E+01 -.2566E+01   .9999944 -.0025517 -.0021473
T 4470  1 .1989811E+07   1000149E-02  .2134E+01 -.2724E+02   .9999897  .0007837 -.0044811
T 4471  1 .1980561E+07   1000066E-02  .1653E+02  .1482E+02   .9999937  .0014955  .0032053
T 4472  1 .1979429E+07   1000156E-02 -.1383E+02  .9764E+01   .9999971 -.0023876  .0002894
T 4473  1 .1982519E+07   1000073E-02  .6508E+01 -.2354E+01   .9999968  .0020516 -.0015011
T 4474  1 .1987728E+07   1000081E-02  .3432E+01 -.9256E+01   .9999988  .0011547 -.0010053
T 4475  1 .1982661E+07   1000117E-02  .5261E+01  .3870E+01   .9999987  .0013514 -.0008401
T 4476  1 .1980514E+07   1000155E-02 -.5166E+01 -.4599E+01   .9999952  .0007835  .0029930
T 4477  1 .1983557E+07   1000080E-02 -.7388E+01 -.7891E+01   .9999931 -.0023735 -.0028578
T 4478  1 .1988504E+07   1000017E-02 -.3064E+01 -.5031E+01   .9999993 -.0008704 -.0007759
T 4479  1 .1985733E+07   1000030E-02 -.1034E+02 -.3993E+01   .9999523 -.0084000 -.0049789
T 4480  1 .1978877E+07   1000218E-02 -.2675E+01  .7060E+01   .9999903 -.0041052  .0015731
T 4481  1 .1990302E+07   1000135E-02 -.1445E+02  .6739E+01   .9999920 -.0036671  .0015765
T 4482  1 .1982538E+07   1000128E-02 -.2846E+01  .2201E+01   .9999989 -.0014048 -.0005000
T 4483  1 .1986331E+07   1000124E-02  .2290E+02  .3208E+02   .9999872  .0023753  .0044718
T 4484  1 .1987734E+07   1000050E-02  .9210E+01 -.8323E+01   .9999987  .0012504 -.0010445
T 4485  1 .1987986E+07   1000135E-02 -.5070E+01 -.5557E+01   .9999981 -.0016967 -.0009921
T 4486  1 .1985190E+07   1000053E-02  .1434E+01  .1421E+01   .9999991 -.0010205 -.0008162
T 4487  1 .1986432E+07   1000066E-02 -.2141E+01  .2237E+01   .9999994 -.0005744  .0008858
T 4488  1 .1985138E+07   1000150E-02 -.2403E+01  .2340E+01   .9999970  .0007860  .0023127
T 4489  1 .1982461E+07   1000097E-02 -.6512E+00 -.1363E+01   .9999987 -.0001904 -.0015839
T 4490  1 .1987683E+07   1000227E-02 -.1604E+01  .3967E+01   .9999987  .0013471  .0008514
T 4491  1 .1990981E+07   1000012E-02  .1769E+03  .1814E+03   .9988378  .0335805  .0345741
T 4492  1 .1988450E+07   1000161E-02  .8468E+01  .1032E+02   .9999986  .0016972 -.0000917
T 4493  1 .1979890E+07   1000055E-02  .2357E+01 -.2310E+01   .9999994  .0007440 -.0007440
T 4494  1 .1985534E+07   1000154E-02  .8597E+01 -.1962E+01   .9999912  .0041540  .0006224
T 4495  1 .1986597E+07   1000045E-02  .5490E+00 -.7934E+00   .9999996 -.0000940  .0008348
T 4496  1 .1987657E+07   1000149E-02 -.2751E+01 -.1319E+02   .9999932 -.0007023 -.0036236
T 4497  1 .1985624E+07   1000177E-02  .1559E+01 -.1172E+01   .9999957  .0027014  .0011035
T 4498  1 .1981916E+07   1000171E-02  .3252E+01 -.1367E+02   .9999885  .0006532 -.0047614
T 4499  1 .1986726E+07   1000029E-02 -.1179E+02  .1488E+02   .9999772 -.0033004  .0058925
T 4500  1 .1989470E+07   1000175E-02  .1288E+02  .2132E+01   .9999967  .0021116  .0014702
T 4501  1 .1978988E+07   1000207E-02 -.5007E+01  .3443E+01   .9999959 -.0027350  .0008260
T 4502  1 .1986850E+07   1000116E-02  .6113E+01  .5200E+01   .9999950 -.0029493  .0011528
T 4503  1 .1981556E+07   1000156E-02 -.2033E+01 -.3921E+01   .9999989  .0011594 -.0008758
T 4504  1 .1987343E+07   1000135E-02  .2102E+02 -.4204E+02   .9999711  .0029774 -.0069966
T 4505  1 .1982487E+07   1000166E-02 -.4583E+01 -.7935E+01   .9999994  .0004925 -.0010086
T 4506  1 .1984279E+07   1000108E-02  .2593E+02  .2006E+02   .9999854  .0027728  .0046345
T 4507  1 .1986056E+07   1000173E-02 -.3376E+02 -.1252E+02   .9999709 -.0070194 -.0029731
T 4508  1 .1985432E+07   1000027E-02 -.1547E+02 -.3294E+00   .9999953 -.0030138  .0006141
T 4509  1 .1983538E+07   1000158E-02 -.1101E+02 -.1876E+01   .9999996 -.0005255  .0006592
T 4510  1 .1985762E+07   1000201E-02 -.1766E+01 -.8786E+00   .9999994  .0000282 -.0010868
T 4511  1 .1986403E+07   1000090E-02  .2483E+01 -.2207E+02   .9999897 -.0015949 -.0042496
T 4512  1 .1982350E+07   1000159E-02 -.1273E+02 -.1218E+02   .9999977 -.0015481 -.0014619
T 4513  1 .1983200E+07   1000203E-02 -.1558E+02 -.7646E+01   .9999917 -.0036514 -.0018249
T 4514  1 .1982803E+07   1000189E-02  .2018E+02 -.1102E+01   .9999942  .0033835 -.0004554
T 4515  1 .1981010E+07   1000006E-02  .8783E+01 -.2733E+01   .9999897  .0043425 -.0013013
T 4516  1 .1984118E+07   1000025E-02  .5439E+00  .5094E+00   .9999997 -.0000047  .0007611
T 4517  1 .1984781E+07   1000093E-02  .6743E+01 -.5052E+01   .9999896  .0038541 -.0024442
T 4518  1 .1984405E+07   1000181E-02 -.1410E+02 -.1564E+02   .9999902 -.0024458 -.0036771
T 4519  1 .1980793E+07   1000191E-02 -.6001E+00 -.2112E+01   .9999999  .0000888 -.0001378
T 4520  1 .1988040E+07   1000058E-02  .2250E+01  .1706E+01   .9999999  .0000230  .0001706
T 4521  1 .1985085E+07   1000166E-02  .3224E+01 -.8695E+01   .9999989  .0004658 -.0014278
T 4522  1 .1988352E+07   1000000E-02 -.1286E+01 -.9009E+01   .9999977  .0003905 -.0021051
T 4523  1 .1988488E+07   1000205E-02  .4410E+00 -.6459E+01   .9999934 -.0016500 -.0032399
T 4524  1 .1984439E+07   1000079E-02  .2938E+01 -.5158E+01   .9999986  .0012502 -.0011542
T 4525  1 .1987084E+07   1000211E-02 -.1438E+02  .1997E+02   .9999849 -.0042719  .0034431
T 4526  1 .1986288E+07   1000134E-02 -.1920E+02  .1662E+02   .9999879 -.0037953  .0031261
T 4527  1 .1985029E+07   1000223E-02 -.3042E+01 -.1168E+01   .9999982 -.0016107 -.0010144
T 4528  1 .1984194E+07   1000225E-02 -.9684E+01 -.1779E+02   .9999939 -.0030842 -.0016625
T 4529  1 .1985686E+07   1000060E-02 -.1888E+02 -.8523E+00   .9999962 -.0020915  .0017732
T 4530  1 .1978867E+07   1000119E-02 -.1323E+02 -.6380E+01   .9999965  .0020148  .0017300
T 4531  1 .1985934E+07   1000126E-02  .1493E+02 -.1675E+02   .9999903  .0041680 -.0013937
T 4532  1 .1980804E+07   1000196E-02  .5431E+01 -.3799E+01   .9999999 -.0001580 -.0003976
T 4533  1 .1983518E+07   1000196E-02 -.2803E+01 -.2055E+01   .9999963 -.0025475 -.0009020
T 4534  1 .1983419E+07   1000079E-02  .1177E+02 -.4279E+01   .9999999  .0001917 -.0002492
T 4535  1 .1981128E+07   1000001E-02 -.4200E+01  .9262E+01   .9999887 -.0012919  .0045834
T 4536  1 .1983533E+07   1000061E-02 -.3433E+00 -.1030E+01   .9999995  .0004024 -.0008788
T 4537  1 .1986066E+07   1000174E-02  .1737E+01 -.1441E+02   .9999946 -.0013121 -.0030174
T 4538  1 .1986133E+07   1000090E-02 -.1605E+01  .1243E+02   .9999968 -.0006544  .0024330
T 4539  1 .1987905E+07   1000190E-02  .1465E+02 -.6552E+01   .9999910  .0025159 -.0034253
T 4540  1 .1991506E+07   1000020E-02 -.1213E+00  .1922E+02   .9999887 -.0008340  .0046771
T 4541  1 .1979322E+07   1000069E-02 -.2014E+01  .1936E+00   .9999995  .0004575 -.0009070
T 4542  1 .1985963E+07   1000197E-02  .5853E+01  .8959E+01   .9999980  .0015526  .0012967
T 4543  1 .1987411E+07   1000088E-02 -.1385E+02 -.1966E+02   .9999981 -.0010382 -.0016464
T 4544  1 .1987537E+07   1000129E-02 -.3938E+01 -.5905E+01   .9999990  .0013193  .0004774
T 4545  1 .1983577E+07   1000102E-02 -.4666E+01 -.6175E+00   .9999944 -.0032398  .0007945
T 4546  1 .1984542E+07   1000196E-02 -.9460E+00  .2979E+01   .9999884 -.0016224  .0045299
T 4547  1 .1986582E+07   1000216E-02  .2578E+02 -.6930E+02   .9998972  .0052847 -.0133307
T 4548  1 .1988293E+07   1000217E-02 -.8343E+01 -.1645E+02   .9999918 -.0014528 -.0037698
T 4549  1 .1984517E+07   1000147E-02 -.1160E+03  .3048E+02   .9998708 -.0155296  .0041551
T 4550  1 .1990083E+07   1000192E-02  .7614E+00 -.5789E+00   .9999999  .0002192  .0000826
T 4551  1 .1982764E+07   1000169E-02  .8970E+01 -.4902E+01   .9999990  .0013250 -.0003887
T 4552  1 .1981929E+07   1000148E-02  .4514E+01 -.6517E+01   .9999979  .0011956 -.0016595
T 4553  1 .1983884E+07   1000189E-02 -.2347E+01 -.1360E+01   .9999979 -.0005801 -.0019589
T 4554  1 .1982298E+07   1000224E-02 -.7215E+01 -.1719E+01   .9999981 -.0011058 -.0016013
T 4555  1 .1985993E+07   1000095E-02 -.3274E+02 -.6227E+01   .9999864 -.0035073 -.0038570
T 4556  1 .1980322E+07   1000216E-02 -.1664E+01  .5551E+01   .9999979 -.0007909  .0018779
T 4557  1 .1982842E+07   1000095E-02  .1116E+01  .8015E+01   .9999974 -.0006082  .0022126
T 4558  1 .1984316E+07   1000108E-02 -.7174E+01  .1447E+02   .9999996 -.0001618  .0008882
T 4559  1 .1982508E+07   1000185E-02  .2408E+01  .4102E+02   .9999728  .0002319  .0073786
T 4560  1 .1978828E+07   1000145E-02  .3419E+01  .5018E+01   .9999968  .0020057  .0015121
T 4561  1 .1985415E+07   1000033E-02  .4148E+00 -.3240E+01   .9999980 -.0019819 -.0002626
T 4562  1 .1983151E+07   1000055E-02 -.4755E+02  .7232E+01   .9999647 -.0083280 -.0011279
T 4563  1 .1984542E+07   1000077E-02  .1481E+02  .5493E+01   .9999940  .0011720 -.0032536
T 4564  1 .1983618E+07   1000034E-02  .1010E+01  .9632E+00   .9999992 -.0012939  .0000357
T 4565  1 .1983653E+07   1000033E-02 -.4277E+01 -.1310E+02   .9999956  .0004451 -.0029305
T 4566  1 .1983627E+07   1000116E-02 -.4053E+01 -.8588E+01   .9999990 -.0013704 -.0001755
T 4567  1 .1980960E+07   1000071E-02  .3523E+01 -.5630E+00   .9999964  .0021976 -.0015105
T 4568  1 .1983805E+07   1000010E-02  .3772E+01 -.1322E+02   .9999980  .0008962 -.0017936
T 4569  1 .1986214E+07   1000098E-02  .1950E+02  .2061E+02   .9999889  .0040224  .0024411
T 4570  1 .1983280E+07   1000044E-02  .2488E+01  .1519E+01   .9999997  .0003693 -.0007255
T 4571  1 .1986735E+07   1000091E-02 -.5542E+00 -.9749E+00   .9999999 -.0002239 -.0000674
T 4572  1 .1984427E+07   1000118E-02 -.2247E+01 -.1375E+02   .9999989 -.0014811 -.0002702
T 4573  1 .1980128E+07   1000202E-02 -.1853E+02  .5022E+01   .9999946 -.0031215  .0010338
T 4574  1 .1980650E+07   1000226E-02  .7426E+01 -.1067E+02   .9999993  .0007556 -.0008671
T 4575  1 .1979225E+07   1000218E-02 -.2007E+01 -.1252E+02   .9999955 -.0000231 -.0030074
T 4576  1 .1979702E+07   1000209E-02  .1305E+02 -.9350E+01   .9999979  .0015910 -.0012704
T 4577  1 .1986042E+07   1000116E-02 -.2782E+01 -.4275E+01   .9999994 -.0001986 -.0010301
T 4578  1 .1982997E+07   1000209E-02  .6560E+01  .1455E+01   .9999989  .0013594  .0005973
T 4579  1 .1984346E+07   1000169E-02  .7074E+00  .3602E+00   .9999958  .0026681  .0011312
T 4580  1 .1988418E+07   1000211E-02 -.4909E+00  .8036E+01   .9999941  .0016573  .0030139
T 4581  1 .1983093E+07   1000078E-02 -.1098E+01  .7744E+01   .9999995  .0000279  .0010154
T 4582  1 .1980187E+07   1000184E-02 -.8211E+01 -.1153E+02   .9999944 -.0010303 -.0031945
T 4583  1 .1988352E+07   1000017E-02 -.4552E+01  .6851E+01   .9999992 -.0006039  .0011081
T 4584  1 .1981358E+07   1000006E-02 -.3073E+01  .1789E+00   .9999995 -.0008181  .0005908
T 4585  1 .1983969E+07   1000152E-02  .1793E+02 -.1086E+02   .9999897  .0029772 -.0034210
T 4586  1 .1984239E+07   1000074E-02  .1970E+02  .3071E+02   .9999576  .0049986  .0077385
T 4587  1 .1985300E+07   1000195E-02 -.1182E+01  .1866E+01   .9999996 -.0003138  .0007947
T 4588  1 .1980426E+07   1000034E-02 -.1207E+02 -.2251E+01   .9999958 -.0028696 -.0003611
T 4589  1 .1981127E+07   1000218E-02 -.7350E+00  .3556E+01   .9999991 -.0013110  .0001062
T 4590  1 .1987535E+07   1000143E-02  .4690E+01 -.3161E+01   .9999964  .0024957 -.0010094
T 4591  1 .1979893E+07   1000216E-02 -.1286E+02  .8051E+01   .9999990  .0000657  .0014104
T 4592  1 .1988201E+07   1000160E-02  .2691E+02  .5365E+01   .9999976  .0020023  .0008315
T 4593  1 .1983252E+07   1000142E-02 -.2070E+01 -.8607E+00   .9999995 -.0009127 -.0002637
T 4594  1 .1982790E+07   1000093E-02  .4431E+01 -.1841E+02   .9999894  .0011993 -.0044493
T 4595  1 .1987010E+07   1000193E-02  .4248E+01  .9014E+01   .9999982  .0008566  .0017067
T 4596  1 .1983290E+07   1000225E-02 -.3475E+01 -.3125E+01   .9999994 -.0010613  .0000132
T 4597  1 .1983100E+07   1000014E-02  .5932E+01  .4170E+02   .9999744  .0014911  .0069932
T 4598  1 .1986001E+07   1000181E-02 -.1615E+00  .6424E+00   .9999999  .0001026 -.0001459
T 4599  1 .1986855E+07   1000062E-02 -.8819E+01  .6470E+01   .9999969 -.0018723  .0016426
T 4600  1 .1986659E+07   1000046E-02  .1065E+02 -.1048E+02   .9999985  .0017037 -.0003692
T 4601  1 .1990321E+07   1000094E-02  .1157E+02 -.3007E+01   .9999977  .0019008 -.0009883
T 4602  1 .1979589E+07   1000135E-02  .2086E+01  .5425E+00   .9999976 -.0004280 -.0021479
T 4603  1 .1979411E+07   1000152E-02  .8967E-01 -.2324E+01   .9999999  .0004780 -.0000562
T 4604  1 .1980725E+07   1000025E-02  .5850E+01  .8512E+01   .9999976 -.0000161  .0022015
T 4605  1 .1987604E+07   1000060E-02  .7535E+00  .8270E+01   .9999973  .0019428  .0012761
T 4606  1 .1989543E+07   1000162E-02  .2882E+01  .7127E+01   .9999987  .0003149  .0015981
T 4607  1 .1986531E+07   1000208E-02  .1135E+01 -.1491E+01   .9999984  .0006912 -.0016583
T 4608  1 .1988721E+07   1000215E-02  .6692E+01 -.1315E+01   .9999999  .0003189 -.0001311
T 4609  1 .1984738E+07   1000178E-02  .4020E+02 -.3978E+01   .9999894  .0045977  .0003577
T 4610  1 .1983119E+07   1000194E-02 -.3649E+01 -.4939E+01   .9999996 -.0007898 -.0003975
T 4611  1 .1981536E+07   1000103E-02  .4087E+01  .2104E+02   .9999929  .0033886  .0016343
T 4612  1 .1982665E+07   1000183E-02 -.7831E+01 -.1910E+02   .9999949  .0002689 -.0031775
T 4613  1 .1988959E+07   1000189E-02  .2438E+01  .6797E+00   .9999990  .0006658  .0012483
T 4614  1 .1979258E+07   1000198E-02  .1626E+02 -.1042E+02   .9999941  .0032424 -.0011687
T 4615  1 .1986967E+07   1000176E-02 -.3149E+02 -.8074E+02   .9999177 -.0049584 -.0118321
T 4616  1 .1981246E+07   1000209E-02  .8850E+01  .5173E+01   .9999990  .0011344  .0008626
T 4617  1 .1982684E+07   1000137E-02 -.1929E+01  .2899E+01   .9999994 -.0007253  .0007663
T 4618  1 .1980213E+07   1000082E-02  .2260E+02  .1012E+02   .9999891  .0041706  .0021166
T 4619  1 .1989398E+07   1000170E-02 -.1066E+02 -.1100E+01   .9999992 -.0010020 -.0007644
T 4620  1 .1981534E+07   1000077E-02 -.7879E+01 -.1197E+01   .9999997 -.0001482 -.0007825
T 4621  1 .1985986E+07   1000056E-02  .9240E+01 -.6526E+01   .9999953  .0021654 -.0021718
T 4622  1 .1982180E+07   1000072E-02 -.9268E+00 -.5286E+01   .9999945 -.0027315 -.0018908
T 4623  1 .1986753E+07   1000085E-02  .4940E+01  .1234E+02   .9999975  .0005696  .0021406
T 4624  1 .1983363E+07   1000014E-02  .5948E+01  .9871E+01   .9999981  .0009322  .0017133
T 4625  1 .1988124E+07   1000010E-02  .5823E+01  .2387E+01   .9999962  .0026831  .0006191
T 4626  1 .1988643E+07   1000074E-02 -.5991E+01 -.1724E+01   .9999943  .0020152  .0027272
T 4627  1 .1987528E+07   1000168E-02 -.3731E+01 -.7780E+01   .9999976 -.0016327 -.0014368
T 4628  1 .1984005E+07   1000071E-02 -.1845E+02  .1751E+02   .9999899 -.0023321  .0038372
T 4629  1 .1986498E+07   1000111E-02 -.1200E+02 -.8755E+00   .9999957 -.0029196  .0001362
T 4630  1 .1982991E+07   1000098E-02  .4966E+01 -.1838E+02   .9999846  .0017837 -.0052570
T 4631  1 .1985825E+07   1000148E-02 -.1839E+01 -.1959E+01   .9999972 -.0009544 -.0021726
T 4632  1 .1984254E+07   1000067E-02  .6017E+01  .2829E+01   .9999997  .0004625  .0005984
T 4633  1 .1983976E+07   1000212E-02  .8472E+01  .7464E+01   .9999794  .0022332  .0060129
T 4634  1 .1983624E+07   1000068E-02 -.5773E+01 -.1788E+01   .9999989 -.0013958 -.0004584
T 4635  1 .1985582E+07   1000060E-02 -.2725E+01  .9260E+01   .9999997 -.0003330  .0006452
T 4636  1 .1983918E+07   1000023E-02 -.6928E+01  .2094E+01   .9999992 -.0007845 -.0009609
T 4637  1 .1984289E+07   1000152E-02  .1111E+02 -.1200E+02   .9999854  .0049173  .0022543
T 4638  1 .1985572E+07   1000195E-02 -.7211E+01  .9703E+01   .9999990 -.0013696  .0004551
T 4639  1 .1984491E+07   1000224E-02 -.5956E+00 -.2720E+01   .9999983  .0010424 -.0015385
T 4640  1 .1988952E+07   1000191E-02 -.3336E+02  .1483E+01   .9999797 -.0063710  .0001141
T 4641  1 .1982518E+07   1000092E-02  .1653E+01 -.1326E+02   .9999989 -.0000646 -.0014728
T 4642  1 .1984805E+07   1000034E-02 -.4600E+01  .1245E+02   .9998058 -.0060287  .0187639
T 4643  1 .1986617E+07   1000221E-02 -.6560E+00 -.8313E+01   .9999938 -.0013559 -.0032356
T 4644  1 .1984812E+07   1000062E-02  .1333E+02  .1439E+00   .9999951  .0030971 -.0005190
T 4645  1 .1989440E+07   1000083E-02 -.5703E+01  .5729E+01   .9999989 -.0013737  .0005998
T 4646  1 .1984455E+07   1000190E-02 -.8636E+01 -.1540E+02   .9999891 -.0022778 -.0040816
T 4647  1 .1985223E+07   1000226E-02 -.2726E+01  .1997E+01   .9999972 -.0023532  .0003536
T 4648  1 .1981316E+07   1000100E-02  .3875E+00 -.2061E+01   .9999995  .0002110  .0009556
T 4649  1 .1985308E+07   1000221E-02  .2558E+01  .1354E+02   .9999921  .0011502  .0038020
T 4650  1 .1983639E+07   1000147E-02 -.1307E+02 -.1726E+01   .9999975 -.0022403 -.0000236
T 4651  1 .1984260E+07   1000201E-02  .1801E+01 -.6853E+01   .9999862 -.0003569 -.0052445
T 4652  1 .1984577E+07   1000215E-02 -.3801E+01 -.7446E+01   .9999975 -.0010331 -.0019934
T 4653  1 .1980009E+07   1000118E-02 -.4019E+02  .3857E+02   .9999801 -.0040721  .0048240
T 4654  1 .1984950E+07   1000030E-02  .3677E+00 -.9102E+00   .9999955  .0019842 -.0022387
T 4655  1 .1984430E+07   1000184E-02 -.2926E+02  .1606E+02   .9999568 -.0078981  .0048952
T 4656  1 .1980365E+07   1000188E-02 -.1322E+02 -.1337E+01   .9999598 -.0078959 -.0042498
T 4657  1 .1985182E+07   1000217E-02  .5997E+01 -.3304E+01   .9999985  .0011609 -.0013174
T 4658  1 .1983411E+07   1000181E-02  .4225E+01 -.1487E+01   .9999994  .0008228  .0007820
T 4659  1 .1980772E+07   1000224E-02 -.1594E+01  .1038E+02   .9999985 -.0006627  .0016134
T 4660  1 .1985509E+07   1000135E-02 -.2623E+01  .9526E+01   .9999982  .0003517  .0018875
T 4661  1 .1980741E+07   1000202E-02 -.5427E+01 -.6847E+00   .9999948 -.0030519 -.0010235
T 4662  1 .1978456E+07   1000060E-02 -.1536E+01 -.1555E+01   .9999909 -.0039824 -.0015243
T 4663  1 .1983858E+07   1000222E-02 -.1049E+02 -.9028E+01   .9999922 -.0024904 -.0030795
T 4664  1 .1983153E+07   1000162E-02  .1475E+01  .6860E+01   .9999830  .0017700  .0055604
T 4665  1 .1985990E+07   1000202E-02 -.4390E+01 -.9574E+01   .9999915 -.0010883 -.0039788
T 4666  1 .1980388E+07   1000098E-02 -.7509E+01 -.3772E+00   .9999908 -.0042560  .0006165
T 4667  1 .1986962E+07   1000112E-02  .5293E+01  .9423E+01   .9999866 -.0018033  .0048426
T 4668  1 .1986924E+07   1000197E-02 -.1913E+01  .1687E+00   .9999998 -.0004059  .0004521
T 4669  1 .1988021E+07   1000192E-02  .1397E+01  .9406E+01   .9999998  .0004933  .0004199
T 4670  1 .1986683E+07   1000071E-02 -.1291E+02 -.1755E+00   .9999969 -.0020624  .0013894
T 4671  1 .1980551E+07   1000173E-02 -.1803E+01  .2604E+01   .9999959  .0027309  .0008679
T 4672  1 .1984938E+07   1000195E-02  .7080E+01 -.9638E+01   .9999980  .0019364  .0004915
T 4673  1 .1985368E+07   1000063E-02 -.4143E+01  .2361E+01   .9999957  .0005371 -.0028993
T 4674  1 .1990225E+07   1000031E-02 -.5550E+01  .2454E+01   .9999982 -.0012400 -.0014373
T 4675  1 .1985729E+07   1000221E-02 -.2095E+01  .1408E+01   .9999998 -.0000339  .0005542
T 4676  1 .1981163E+07   1000206E-02 -.3495E+00 -.4901E+01   .9999982 -.0002314 -.0018931
T 4677  1 .1983356E+07   1000034E-02 -.5657E+01  .8153E+00   .9999999 -.0004188  .0000769
T 4678  1 .1983906E+07   1000098E-02 -.5926E+01 -.1691E+02   .9999972 -.0007660 -.0022433
T 4679  1 .1983625E+07   1000205E-02  .4644E+01  .2648E+02   .9999874  .0026502  .0042692
T 4680  1 .1991399E+07   1000031E-02 -.4165E+01  .1016E+01   .9999984 -.0016248  .0007904
T 4681  1 .1985154E+07   1000025E-02 -.1532E+01  .7393E+01   .9999981 -.0005442  .0018819
T 4682  1 .1985804E+07   1000206E-02  .1928E+02 -.2521E+02   .9999926  .0014985 -.0035502
T 4683  1 .1984598E+07   1000170E-02  .4330E+01  .1456E+01   .9999966  .0025754 -.0004440
T 4684  1 .1988223E+07   1000170E-02 -.5888E+01 -.1768E+01   .9999979 -.0020297 -.0003168
T 4685  1 .1984551E+07   1000118E-02  .5596E+01  .3382E+01   .9999959  .0019987  .0020337
T 4686  1 .1985750E+07   1000083E-02 -.2826E+02 -.3521E+02   .9999651 -.0040595 -.0073004
T 4687  1 .1986414E+07   1000073E-02 -.2425E+00 -.6001E+01   .9999922 -.0000457 -.0039428
T 4688  1 .1988308E+07   1000001E-02 -.6380E+01  .9183E+01   .9999995 -.0004957  .0008941
T 4689  1 .1982933E+07   1000186E-02 -.3173E+00 -.2673E+00   .9999998 -.0002847  .0005867
T 4690  1 .1983099E+07   1000165E-02  .6075E+01 -.9447E+01   .9999972  .0008517 -.0022216
T 4691  1 .1984959E+07   1000002E-02  .1436E+02  .4488E+01   .9999736  .0072471  .0005951
T 4692  1 .1984926E+07   1000098E-02  .1582E+02  .1805E+03   .9993395  .0036525  .0361561
T 4693  1 .1979354E+07   1000000E-02  .2843E+01  .2401E+01   .9999911  .0036566  .0021128
T 4694  1 .1979929E+07   1000101E-02  .1116E+02  .1974E+01   .9999950  .0027313  .0016036
T 4695  1 .1984664E+07   1000197E-02  .7221E+01  .9816E+01   .9999981  .0008037  .0017758
T 4696  1 .1986726E+07   1000150E-02 -.1267E+01 -.4834E+00   .9999992 -.0012597 -.0002401
T 4697  1 .1979038E+07   1000205E-02  .8307E-01 -.6449E+01   .9999966 -.0007705 -.0024952
T 4698  1 .1988915E+07   1000199E-02  .1519E+01  .1020E+02   .9999975  .0010844  .0019697
T 4699  1 .1986862E+07   1000197E-02 -.5356E+01 -.2288E+01   .9999956 -.0015560  .0025265
T 4700  1 .1987962E+07   1000102E-02  .2486E+03  .6380E+02   .9992177  .0375409  .0124341
T 4701  1 .1987226E+07   1000087E-02  .3194E+01  .1397E+02   .9999995  .0004335  .0008587
T 4702  1 .1981643E+07   1000204E-02 -.5574E+01 -.1390E+02   .9999846 -.0021816 -.0050949
T 4703  1 .1986057E+07   1000064E-02 -.1846E+02 -.4320E+01   .9999898 -.0045137  .0000418
T 4704  1 .1987572E+07   1000023E-02 -.1500E+02  .1087E+02   .9999751 -.0033226  .0062336
T 4705  1 .1982847E+07   1000171E-02 -.3556E+01  .1984E+01   .9999979 -.0018325  .0008927
T 4706  1 .1990181E+07   1000224E-02  .9395E+01  .1292E+02   .9999480  .0049723  .0089069
T 4707  1 .1982534E+07   1000199E-02  .1288E+02 -.1234E+01   .9999969  .0024960  .0001444
T 4708  1 .1984496E+07   1000148E-02 -.1730E+01  .4583E+00   .9999997 -.0008052 -.0001197
T 4709  1 .1986018E+07   1000206E-02  .4391E+01 -.4832E+01   .9999994  .0003007 -.0010691
T 4710  1 .1985758E+07   1000062E-02 -.6243E+02 -.3603E+01   .9999517 -.0098212 -.0002418
T 4711  1 .1983619E+07   1000123E-02  .1741E+02  .9949E+01   .9999960  .0019126  .0020789
T 4712  1 .1980109E+07   1000195E-02  .1078E+02  .4185E+01   .9999984 -.0010148 -.0014838
T 4713  1 .1985115E+07   1000118E-02  .9460E-01 -.1349E+02   .9999996 -.0003910 -.0008146
T 4714  1 .1986034E+07   1000083E-02 -.1225E+01  .9358E+01   .9999987  .0001468  .0016074
T 4715  1 .1981340E+07   1000211E-02  .1355E+01  .2498E+02   .9999724 -.0008027  .0073920
T 4716  1 .1987482E+07   1000226E-02 -.6106E+01 -.2690E+01   .9999976 -.0020854  .0006188
T 4717  1 .1986281E+07   1000192E-02 -.5288E+01 -.1142E+02   .9999902 -.0031725 -.0031005
T 4718  1 .1988613E+07   1000117E-02  .4741E+01  .5102E+01   .9999996  .0007285  .0006008
T 4719  1 .1988712E+07   1000220E-02  .8809E+00  .2718E+01   .9999999  .0001629 -.0000835
T 4720  1 .1986227E+07   1000000E-02  .1726E+01  .3323E+01   .9999997  .0005190  .0005683
T 4721  1 .1986172E+07   1000040E-02  .1034E+02  .1743E+02   .9999957  .0019656  .0021593
T 4722  1 .1981619E+07   1000177E-02  .2852E+02  .2539E+01   .9999873  .0049007  .0012078
T 4723  1 .1990543E+07   1000128E-02 -.4320E+01 -.6939E+01   .9999994 -.0001385 -.0010673
T 4724  1 .1987659E+07   1000136E-02  .4110E+01 -.3543E+00   .9999986  .0012092 -.0011293
T 4725  1 .1984863E+07   1000036E-02 -.4219E+01 -.1714E+01   .9999990 -.0012584  .0006891
T 4726  1 .1988482E+07   1000209E-02 -.5604E+01  .9617E+00   .9999996 -.0006884  .0005264
T 4727  1 .1980800E+07   1000077E-02  .9661E+00  .1091E+01   .9999999  .0001789 -.0003265
T 4728  1 .1984971E+07   1000112E-02 -.1733E+02  .8955E+01   .9999950 -.0030136  .0009819
T 4729  1 .1986406E+07   1000054E-02  .2944E+00  .5086E+01   .9999978  .0009126  .0018829
T 4730  1 .1988954E+07   1000128E-02  .1125E+02  .2339E+02   .9999799  .0058758  .0023773
T 4731  1 .1982272E+07   1000163E-02  .7200E+01 -.2338E+02   .9999894  .0011216 -.0044569
T 4732  1 .1981128E+07   1000208E-02  .9090E+01  .3985E+01   .9999993  .0010812 -.0004137
T 4733  1 .1980508E+07   1000226E-02 -.5853E+02 -.4001E+01   .9999846 -.0055380 -.0003766
T 4734  1 .1989558E+07   1000165E-02 -.5385E+01  .1719E+01   .9999969  .0007621 -.0023578
T 4735  1 .1979591E+07   1000214E-02  .6700E+01 -.8695E+01   .9999986  .0016505 -.0000021
T 4736  1 .1982476E+07   1000203E-02 -.1522E+02  .2918E+01   .9999965 -.0023838  .0011153
T 4737  1 .1977776E+07   1000072E-02 -.8560E+01  .1291E+02   .9999902 -.0031597  .0030854
T 4738  1 .1988340E+07   1000211E-02  .7499E+01 -.5956E+01   .9999961 -.0012407 -.0025140
T 4739  1 .1989528E+07   1000169E-02 -.2023E+02  .3707E+02   .9999668 -.0042219  .0069626
T 4740  1 .1985441E+07   1000130E-02 -.4581E+01  .5528E+00   .9999998  .0002417  .0006328
T 4741  1 .1983229E+07   1000105E-02  .2001E+01  .1236E+02   .9999965 -.0001527  .0026544
T 4742  1 .1985759E+07   1000148E-02  .7612E+01 -.4072E+02   .9999876  .0018721 -.0046048
T 4743  1 .1988662E+07   1000196E-02 -.2102E+01 -.3243E+01   .9999980 -.0010487 -.0016768
T 4744  1 .1980600E+07   1000049E-02 -.2537E+01  .1732E+01   .9999999 -.0002921  .0003247
T 4745  1 .1988711E+07   1000194E-02 -.3664E+02 -.3576E+01   .9999807 -.0059344 -.0018215
T 4746  1 .1990737E+07   1000105E-02 -.7918E+00  .1116E+01   .9999984 -.0012144  .0012982
T 4747  1 .1978076E+07   1000019E-02  .5207E+00  .5248E+01   .9999920  .0007373  .0039370
T 4748  1 .1978773E+07   1000207E-02 -.3007E+01  .7348E+00   .9999998 -.0006561  .0002491
T 4749  1 .1981013E+07   1000110E-02 -.1126E+02 -.4644E+00   .9999934 -.0028705 -.0022413
T 4750  1 .1981786E+07   1000146E-02  .3414E+01 -.2717E+01   .9999968  .0022634 -.0011600
T 4751  1 .1983930E+07   1000008E-02 -.1010E+02  .1186E+02   .9999973 -.0016094  .0016930
T 4752  1 .1979849E+07   1000023E-02 -.8358E+01 -.8844E+01   .9999936 -.0011536 -.0033977
T 4753  1 .1981575E+07   1000131E-02  .3472E+02  .2487E+01   .9999898  .0045051  .0004504
T 4754  1 .1982674E+07   1000014E-02  .1213E+02  .5770E+00   .9999978  .0020996  .0002565
T 4755  1 .1984723E+07   1000200E-02  .6854E+01 -.1550E+02   .9999941 -.0021368 -.0026733
T 4756  1 .1987444E+07   1000152E-02  .1784E+02 -.2462E-01   .9999944  .0033197  .0005253
T 4757  1 .1988945E+07   1000032E-02  .4056E+01 -.4113E+01   .9999992  .0012132 -.0004737
T 4758  1 .1982258E+07   1000191E-02  .9988E+01  .4183E+01   .9999997 -.0001032  .0008108
T 4759  1 .1983795E+07   1000219E-02 -.6633E+00  .8304E+01   .9999989 -.0004850  .0014009
T 4760  1 .1980940E+07   1000021E-02  .1616E+01  .2197E+00   .9999981  .0018904  .0005668
T 4761  1 .1981838E+07   1000181E-02  .6039E+02  .5183E+02   .9999646  .0055389  .0063372
T 4762  1 .1986591E+07   1000218E-02 -.3839E+01 -.2106E+01   .9999990 -.0014180 -.0002033
T 4763  1 .1980532E+07   1000185E-02  .1366E+01 -.1485E+01   .9999995 -.0008475 -.0005853
T 4764  1 .1980570E+07   1000026E-02  .1732E+02 -.1302E+02   .9999733  .0037585 -.0062616
T 4765  1 .1987435E+07   1000125E-02 -.4411E+01  .7198E+00   .9999983 -.0009217 -.0015817
T 4766  1 .1982251E+07   1000006E-02  .9297E+00 -.4040E+01   .9999998 -.0002815 -.0005274
T 4767  1 .1982688E+07   1000203E-02 -.1636E+01  .4860E+00   .9999999 -.0000971  .0001267
T 4768  1 .1980439E+07   1000005E-02 -.1098E+02 -.5424E+01   .9999959 -.0025709 -.0012654
T 4769  1 .1982688E+07   1000222E-02 -.2560E+01 -.1528E+00   .9999873 -.0026982 -.0042492
T 4770  1 .1988967E+07   1000004E-02  .6572E+01 -.4438E+01   .9999997  .0007090  .0000452
T 4771  1 .1984188E+07   1000166E-02 -.1825E+02 -.2365E+02   .9999913 -.0027392 -.0031466
T 4772  1 .1984799E+07   1000177E-02 -.1497E+02  .2928E+02   .9999702 -.0034241  .0069183
T 4773  1 .1981604E+07   1000169E-02  .7269E-01  .5329E+01   .9999970 -.0007913  .0023126
T 4774  1 .1985016E+07   1000138E-02  .6682E+01  .2186E+01   .9999961  .0022552  .0016216
T 4775  1 .1989619E+07   1000096E-02  .1345E+02  .3480E+02   .9999528  .0037082  .0089830
T 4776  1 .1987060E+07   1000135E-02  .1728E+01 -.2645E+01   .9999989 -.0000653 -.0014743
T 4777  1 .1986024E+07   1000023E-02  .8681E+01  .1037E+02   .9999999  .0000819 -.0003264
T 4778  1 .1985867E+07   1000218E-02 -.3454E+01 -.2949E+01   .9999992 -.0009238 -.0008738
T 4779  1 .1987746E+07   1000207E-02 -.1109E+02  .2364E+01   .9999893 -.0039803  .0023389
T 4780  1 .1984677E+07   1000069E-02 -.2137E+01  .1400E+01   .9999991 -.0013202  .0003386
T 4781  1 .1983480E+07   1000219E-02  .1276E+01  .6144E+00   .9999991 -.0011348  .0007640
T 4782  1 .1985865E+07   1000053E-02  .1133E+01  .1717E+00   .9999998 -.0005262  .0004230
T 4783  1 .1983457E+07   1000128E-02 -.1087E+02  .1098E+02   .9999953 -.0008879  .0029432
T 4784  1 .1984804E+07   1000212E-02  .2880E+01 -.7266E+01   .9999963  .0012878 -.0023852
T 4785  1 .1985700E+07   1000033E-02  .1250E+03  .2511E+02   .9996977  .0240180  .0052658
T 4786  1 .1988525E+07   1000217E-02  .9482E+01  .8498E+01   .9999912  .0007405  .0041253
T 4787  1 .1986646E+07   1000044E-02 -.9177E+01  .2237E+01   .9999959 -.0024880  .0014501
T 4788  1 .1987390E+07   1000163E-02  .1287E+02 -.2592E+02   .9999407  .0034518 -.0103241
T 4789  1 .1985678E+07   1000211E-02 -.1524E+02 -.1184E+01   .9999999 -.0003569 -.0002442
T 4790  1 .1984450E+07   1000092E-02 -.4772E+01 -.6144E+00   .9999993 -.0010982  .0005100
T 4791  1 .1980888E+07   1000140E-02 -.4656E+01 -.8539E+01   .9999933 -.0021983 -.0029126
T 4792  1 .1981907E+07   1000207E-02 -.1337E+02 -.2354E+02   .9999949 -.0008873 -.0030650
T 4793  1 .1982777E+07   1000007E-02 -.2740E+02  .1598E+02   .9999922 -.0034009  .0020044
T 4794  1 .1982161E+07   1000006E-02 -.1787E+01  .4058E+01   .9999990 -.0004645  .0013213
T 4795  1 .1987817E+07   1000196E-02  .4939E+01 -.1332E+02   .9999985 -.0001162 -.0017291
T 4796  1 .1981145E+07   1000040E-02 -.2063E+02  .3475E+00   .9999955 -.0029336  .0006119
T 4797  1 .1991584E+07   1000153E-02 -.1850E+01  .3754E+01   .9999975 -.0004968  .0021859
T 4798  1 .1988915E+07   1000093E-02 -.8879E+01 -.1461E+02   .9999988  .0000895 -.0015456
T 4799  1 .1981132E+07   1000208E-02 -.8048E+01 -.3055E+01   .9999980 -.0015467 -.0012324
T 4800  1 .1979458E+07   1000215E-02  .7612E+01 -.6870E+01   .9999981  .0018829 -.0005111
T 4801  1 .1981604E+07   1000206E-02  .6885E+01 -.1171E+02   .9999958  .0021846 -.0019033
T 4802  1 .1987454E+07   1000068E-02  .1881E+01  .2712E+01   .9999997 -.0007402 -.0000210
T 4803  1 .1986402E+07   1000158E-02 -.2615E+01 -.8898E+01   .9999876 -.0013386 -.0047918
T 4804  1 .1987742E+07   1000078E-02 -.1669E+02  .8447E+01   .9999968 -.0024272  .0006802
T 4805  1 .1987031E+07   1000039E-02 -.5083E+00  .7098E+01   .9999992  .0011794  .0003577
T 4806  1 .1979998E+07   1000099E-02  .1338E+02 -.3648E+01   .9999969  .0024747 -.0002383
T 4807  1 .1978711E+07   1000169E-02 -.4455E+02  .3097E+02   .9999624 -.0040470  .0076686
T 4808  1 .1985041E+07   1000171E-02 -.1193E+02 -.3043E+01   .9999944 -.0030341 -.0014115
T 4809  1 .1984411E+07   1000179E-02 -.8058E+01 -.7700E+01   .9999954 -.0022540 -.0020328
T 4810  1 .1985888E+07   1000020E-02 -.1009E+02 -.1121E+02   .9999900 -.0027550 -.0035366
T 4811  1 .1983035E+07   1000021E-02 -.7827E+00 -.5297E+00   .9999994 -.0010491  .0002397
T 4812  1 .1989495E+07   1000148E-02 -.1580E+02  .8928E+01   .9999834 -.0047259  .0032929
T 4813  1 .1988403E+07   1000196E-02  .1130E+02 -.9938E+01   .9999972  .0015427 -.0017738
T 4814  1 .1985875E+07   1000017E-02 -.2079E+02  .9452E+01   .9999947 -.0032420 -.0000881
T 4815  1 .1985589E+07   1000157E-02 -.1705E+01  .1241E+01   .9999974 -.0017528  .0014667
T 4816  1 .1985345E+07   1000184E-02 -.4060E+01 -.7394E+01   .9999976 -.0013795 -.0016728
T 4817  1 .1978348E+07   1000183E-02 -.1098E+01 -.4230E+01   .9999978 -.0014059 -.0015778
T 4818  1 .1984874E+07   1000225E-02  .1854E+01 -.1715E+01   .9999887 -.0032379 -.0034847
T 4819  1 .1987348E+07   1000045E-02 -.9306E+01 -.7635E+01   .9999903 -.0028312 -.0033803
T 4820  1 .1987220E+07   1000104E-02 -.1163E+00  .2675E+02   .9999896  .0001497  .0045639
T 4821  1 .1981521E+07   1000136E-02  .1901E+02 -.1572E+02   .9999744  .0053670 -.0047275
T 4822  1 .1983212E+07   1000211E-02  .8166E+00  .4009E+01   .9999982  .0009953  .0016351
T 4823  1 .1982415E+07   1000081E-02  .5142E+01 -.1676E+00   .9999990  .0004695 -.0013061
T 4824  1 .1989857E+07   1000115E-02  .1974E+02 -.1097E+02   .9999945  .0031401 -.0010719
T 4825  1 .1987439E+07   1000040E-02 -.3674E+00  .4989E+00   .9999999  .0001648 -.0002061
T 4826  1 .1985593E+07   1000066E-02 -.2186E+02  .5431E+01   .9999849 -.0054064  .0010093
T 4827  1 .1984995E+07   1000110E-02 -.4097E+01  .1776E+02   .9999956  .0018335  .0023244
T 4828  1 .1987920E+07   1000104E-02 -.1683E+02 -.2627E+01   .9999674 -.0077394 -.0023166
T 4829  1 .1987202E+07   1000179E-02 -.2803E+01  .1842E+01   .9999972 -.0018310  .0014968
T 4830  1 .1982484E+07   1000161E-02  .1350E+02  .7890E+01   .9999966  .0022060  .0014160
T 4831  1 .1990077E+07   1000184E-02 -.1346E+02 -.1116E+02   .9999944 -.0027047 -.0019507
T 4832  1 .1985748E+07   1000201E-02 -.1175E+02 -.3075E+02   .9999916 -.0019099 -.0036369
T 4833  1 .1983478E+07   1000155E-02 -.2411E+01 -.5215E+01   .9999952 -.0014968 -.0026963
T 4834  1 .1984837E+07   1000063E-02 -.2939E+00  .3391E+01   .9999973 -.0004541  .0022745
T 4835  1 .1986950E+07   1000105E-02  .1162E+02  .1353E+02   .9999932  .0002728  .0036801
T 4836  1 .1990192E+07   1000177E-02  .3201E+02  .1896E+01   .9999525  .0097334  .0004083
T 4837  1 .1988789E+07   1000009E-02 -.1007E+02 -.1294E+00   .9999986 -.0015334  .0007223
T 4838  1 .1985105E+07   1000168E-02  .6588E+01  .1456E+02   .9999944  .0006375  .0032815
T 4839  1 .1984182E+07   1000181E-02  .1876E+01 -.3537E+01   .9999976  .0021053 -.0006706
T 4840  1 .1981034E+07   1000190E-02 -.3648E+01 -.2040E+02   .9999945 -.0018306 -.0027773
T 4841  1 .1981992E+07   1000059E-02 -.9880E+01 -.2589E+02   .9999719 -.0018401 -.0072607
T 4842  1 .1987547E+07   1000223E-02 -.7002E+01  .5165E+01   .9999954 -.0029918  .0004778
T 4843  1 .1982215E+07   1000064E-02  .3997E+01 -.6784E+00   .9999952  .0030994  .0000497
T 4844  1 .1980663E+07   1000215E-02 -.4066E+02 -.2527E+01   .9999853 -.0053648 -.0007280
T 4845  1 .1984206E+07   1000215E-02  .4582E+01 -.5302E+01   .9999998  .0003950  .0003824
T 4846  1 .1981012E+07   1000218E-02  .4444E+01  .1673E+01   .9999949  .0028065  .0015461
T 4847  1 .1980476E+07   1000054E-02  .9845E+01  .6341E+01   .9999933  .0034287  .0012572
T 4848  1 .1984991E+07   1000111E-02 -.9467E-01  .2594E+01   .9999996  .0007613  .0003969
T 4849  1 .1983977E+07   1000205E-02 -.8620E+00  .1749E+00   .9999999 -.0000748 -.0002421
T 4850  1 .1984898E+07   1000136E-02 -.2044E+02 -.9779E+01   .9999982 -.0012852 -.0014278
T 4851  1 .1981741E+07   1000086E-02  .9840E+01 -.4280E+01   .9999966  .0019731 -.0017052
T 4852  1 .1988006E+07   1000123E-02 -.1393E+02 -.1629E+01   .9999893 -.0042079 -.0019386
T 4853  1 .1980804E+07   1000194E-02 -.1773E+00  .1856E+01   .9999998  .0000493 -.0006071
T 4854  1 .1981239E+07   1000028E-02  .2576E+01  .1012E+02   .9999903  .0039691 -.0018973
T 4855  1 .1984805E+07   1000224E-02  .1213E+02 -.3113E+01   .9999978  .0019459  .0007317
T 4856  1 .1981389E+07   1000137E-02  .4141E+01  .6623E+00   .9999998  .0006301  .0003147
T 4857  1 .1988099E+07   1000059E-02  .1131E+01 -.1008E+01   .9999999  .0003522 -.0001607
T 4858  1 .1983362E+07   1000031E-02  .4407E+01 -.1762E+00   .9999910  .0033353 -.0026380
T 4859  1 .1987731E+07   1000068E-02  .8678E+01  .1097E+02   .9999996  .0002575  .0008642
T 4860  1 .1986892E+07   1000060E-02  .5102E+00 -.2542E+01   .9999983 -.0002837 -.0018382
T 4861  1 .1983751E+07   1000030E-02 -.5692E+01  .1817E+01   .9999992 -.0011885  .0005213
T 4862  1 .1982393E+07   1000141E-02 -.4587E+01 -.7419E+01   .9999881 -.0031191 -.0037489
T 4863  1 .1984239E+07   1000121E-02  .1204E+01  .7857E+01   .9999991 -.0009222  .0009498
T 4864  1 .1981913E+07   1000167E-02  .1482E+02 -.2933E+02   .9999564  .0037827 -.0085422
T 4865  1 .1982968E+07   1000176E-02 -.2812E+01 -.3105E+01   .9999999 -.0000921 -.0004414
T 4866  1 .1984973E+07   1000043E-02  .9731E+01 -.9493E+01   .9999959  .0021611 -.0018621
T 4867  1 .1985204E+07   1000105E-02 -.7553E+01 -.1936E+01   .9999871  .0018668 -.0047301
T 4868  1 .1982446E+07   1000159E-02 -.6946E+01 -.1424E+02   .9999946 -.0012207 -.0030525
T 4869  1 .1983475E+07   1000059E-02  .1056E+02 -.6779E+01   .9999914  .0041129 -.0004589
T 4870  1 .1987321E+07   1000121E-02  .5191E+01 -.6287E+01   .9999967  .0024419 -.0007334
T 4871  1 .1992059E+07   1000173E-02  .2985E+02  .4584E+01   .9999789  .0054282  .0035633
T 4872  1 .1981197E+07   1000224E-02 -.4713E+01 -.1100E+02   .9999971 -.0003782 -.0023818
T 4873  1 .1989277E+07   1000223E-02  .8135E+01  .4918E+01   .9999893  .0036939  .0027923
T 4874  1 .1981247E+07   1000121E-02  .3129E+00  .7852E+00   .9999999  .0001636  .0002104
T 4875  1 .1983227E+07   1000141E-02 -.2480E+01 -.3260E+00   .9999994 -.0010324 -.0004730
T 4876  1 .1981745E+07   1000210E-02 -.3520E+01 -.9384E+01   .9999979 -.0000286 -.0020338
T 4877  1 .1985328E+07   1000134E-02 -.9532E+01 -.5757E+01   .9999999 -.0002421 -.0002615
T 4878  1 .1983538E+07   1000001E-02 -.7266E+01  .1033E+02   .9999988 -.0010337  .0011298
T 4879  1 .1986078E+07   1000127E-02  .2501E+01  .2953E+01   .9999984  .0013888  .0010984
T 4880  1 .1985124E+07   1000183E-02 -.5258E+01  .8381E+01   .9999977 -.0012644  .0017423
T 4881  1 .1986723E+07   1000119E-02  .1057E+02  .1027E+02   .9999926  .0027251  .0027167
T 4882  1 .1984748E+07   1000216E-02 -.6092E+01 -.7155E+01   .9999921 -.0016394 -.0036278
T 4883  1 .1986887E+07   1000081E-02 -.8604E+02  .1933E+01   .9997479 -.0223491  .0021517
T 4884  1 .1980659E+07   1000074E-02 -.1005E+01  .4091E+01   .9999944 -.0010917  .0031766
T 4885  1 .1985866E+07   1000099E-02  .9584E+01 -.1367E+02   .9999989 -.0007023 -.0012997
T 4886  1 .1984901E+07   1000089E-02 -.9976E+01 -.3383E+01   .9999963 -.0020438 -.0017863
T 4887  1 .1985660E+07   1000124E-02 -.2664E+02 -.7059E+01   .9999569 -.0091490 -.0016086
T 4888  1 .1985552E+07   1000153E-02  .2154E+01  .1500E+02   .9999977  .0021161 -.0002751
T 4889  1 .1984397E+07   1000016E-02  .6002E+01 -.1580E+02   .9999921  .0011828 -.0037934
T 4890  1 .1982906E+07   1000049E-02 -.6315E+01  .2693E+02   .9999968 -.0006371  .0024479
T 4891  1 .1987603E+07   1000048E-02  .4449E+01 -.1371E+01   .9999942 -.0019578  .0027860
T 4892  1 .1987124E+07   1000000E-02 -.7669E+01  .1560E+01   .9999947 -.0032027  .0005378
T 4893  1 .1982607E+07   1000064E-02  .1768E+01  .2571E+01   .9999942  .0025877  .0022291
T 4894  1 .1982400E+07   1000029E-02  .5948E+01 -.1008E+02   .9999911  .0039556 -.0014546
T 4895  1 .1980995E+07   1000011E-02  .1102E+00  .6441E+00   .9999996  .0003875  .0007845
T 4896  1 .1986626E+07   1000005E-02 -.9495E+01 -.2533E+02   .9999834 -.0040846 -.0040755
T 4897  1 .1986754E+07   1000050E-02 -.6746E+01  .2179E+01   .9999987 -.0015040 -.0006001
T 4898  1 .1986037E+07   1000218E-02 -.1006E+02  .2021E+02   .9999910 -.0023629  .0035149
T 4899  1 .1983196E+07   1000111E-02  .6228E+00 -.2462E-01   .9999994  .0007683 -.0007265
T 4900  1 .1984991E+07   1000213E-02 -.2993E+02  .8327E+01   .9999879 -.0046746  .0015635
T 4901  1 .1982764E+07   1000105E-02 -.2558E+02  .3359E+02   .9999771 -.0037747  .0056200
T 4902  1 .1983601E+07   1000117E-02 -.9437E+01  .1124E+01   .9999960 -.0028154 -.0001861
T 4903  1 .1982844E+07   1000128E-02 -.1992E+02 -.6531E+01   .9999985 -.0014546 -.0009589
T 4904  1 .1982117E+07   1000038E-02 -.7605E+01 -.2185E+01   .9999989 -.0013922  .0005594
T 4905  1 .1982695E+07   1000015E-02 -.1107E+02  .1157E+01   .9999959 -.0028580 -.0003537
T 4906  1 .1984710E+07   1000179E-02  .6148E-01 -.1029E+01   .9999972  .0019719 -.0012801
T 4907  1 .1985333E+07   1000200E-02  .6359E+01 -.9740E+01   .9999965 -.0016276 -.0020948
T 4908  1 .1985804E+07   1000001E-02 -.1263E+02  .1713E+02   .9999961 -.0001799  .0027964
T 4909  1 .1984532E+07   1000095E-02  .1279E+02  .9494E+02   .9998033  .0018094  .0197508
T 4910  1 .1982488E+07   1000111E-02 -.2662E+02  .1864E+02   .9999679 -.0057341  .0055977
T 4911  1 .1978575E+07   1000122E-02 -.3665E+01  .1970E+01   .9999980 -.0013864  .0014681
T 4912  1 .1983351E+07   1000129E-02  .2837E+02 -.3053E+01   .9999833 -.0022473 -.0053228
T 4913  1 .1987382E+07   1000044E-02 -.4661E+01 -.1832E+02   .9999975 -.0001934 -.0022414
T 4914  1 .1981372E+07   1000099E-02  .1360E+01  .4883E+01   .9999995 -.0009184  .0004369
T 4915  1 .1987736E+07   1000001E-02 -.1880E+01 -.3177E+01   .9999999 -.0004696  .0000153
T 4916  1 .1982812E+07   1000141E-02  .1463E+02  .1646E+02   .9999811  .0047170  .0039551
T 4917  1 .1986545E+07   1000182E-02  .2336E+02 -.9697E+01   .9999863  .0052128 -.0005468
T 4918  1 .1983337E+07   1000058E-02 -.1761E+01  .2244E+01   .9999999  .0001337 -.0000203
T 4919  1 .1982542E+07   1000202E-02 -.7015E+00 -.2411E+01   .9999988 -.0012195 -.0009567
T 4920  1 .1986162E+07   1000188E-02 -.3448E+01 -.1004E+01   .9999997 -.0003043  .0007213
T 4921  1 .1979320E+07   1000175E-02  .3371E+01 -.3083E+01   .9999993 -.0003555 -.0011551
T 4922  1 .1988876E+07   1000189E-02 -.1052E+01 -.8855E+01   .9999994 -.0008456 -.0006993
T 4923  1 .1983979E+07   1000166E-02 -.1487E+01  .7425E+00   .9999994  .0003915  .0009775
T 4924  1 .1988069E+07   1000003E-02 -.3783E+01 -.7978E+01   .9999949 -.0030251 -.0010372
T 4925  1 .1987788E+07   1000190E-02  .8600E+01 -.1549E+02   .9999957  .0008526 -.0027988
T 4926  1 .1984052E+07   1000167E-02  .8211E+00 -.1593E+00   .9999998 -.0001526  .0006664
T 4927  1 .1987262E+07   1000150E-02 -.1460E+01  .1208E+01   .9999999 -.0001463  .0002236
T 4928  1 .1983190E+07   1000143E-02  .5816E+01  .1398E-01   .9999978  .0020250  .0005721
T 4929  1 .1986354E+07   1000152E-02  .2594E+00  .8365E+01   .9999965 -.0000788  .0026619
T 4930  1 .1986621E+07   1000120E-02 -.5395E-02 -.6639E+01   .9999973 -.0015018 -.0017806
T 4931  1 .1980433E+07   1000224E-02  .3500E+01  .1107E+02   .9999988  .0010510  .0011356
T 4932  1 .1988537E+07   1000008E-02 -.6424E+01  .2725E+01   .9999962 -.0027430  .0003494
T 4933  1 .1987845E+07   1000188E-02 -.5776E+01 -.4762E+01   .9999989 -.0011198 -.0009504
T 4934  1 .1986184E+07   1000158E-02  .5511E+01 -.4766E+01   .9999999  .0001812  .0000291
T 4935  1 .1982527E+07   1000170E-02 -.2799E+00  .4509E+01   .9999950 -.0011328  .0029387
T 4936  1 .1980157E+07   1000111E-02 -.2819E+00 -.6828E+01   .9999930 -.0001325 -.0037448
T 4937  1 .1980209E+07   1000026E-02  .2150E+02  .1078E+02   .9999963  .0017037  .0020982
T 4938  1 .1981706E+07   1000098E-02 -.1229E+02 -.1029E+02   .9999862 -.0050857 -.0013192
T 4939  1 .1987469E+07   1000155E-02  .5100E+01 -.4031E+01   .9999983  .0016987 -.0006769
T 4940  1 .1982309E+07   1000130E-02  .1362E+02 -.3950E+01   .9999979  .0018479 -.0009030
T 4941  1 .1985049E+07   1000093E-02 -.1128E+01 -.1158E+02   .9999951  .0010479 -.0029361
T 4942  1 .1983586E+07   1000010E-02 -.1176E+01  .1418E+01   .9999992 -.0001503  .0012615
T 4943  1 .1983900E+07   1000046E-02 -.8172E+01 -.1894E+02   .9999910 -.0011926 -.0040739
T 4944  1 .1983075E+07   1000144E-02  .2840E+02 -.3419E+01   .9999728  .0072645 -.0013042
T 4945  1 .1987674E+07   1000084E-02 -.9639E+01 -.2885E+01   .9999991 -.0013466 -.0002603
T 4946  1 .1988582E+07   1000097E-02 -.2148E+01 -.5525E+01   .9999919 -.0020609 -.0034671
T 4947  1 .1982110E+07   1000216E-02  .3239E+01 -.2990E+01   .9999982  .0005029 -.0018425
T 4948  1 .1987167E+07   1000032E-02  .2011E+01 -.2624E+01   .9999991  .0012820 -.0004450
T 4949  1 .1980757E+07   1000002E-02  .3148E+01 -.1531E+01   .9999976  .0019413 -.0010378
T 4950  1 .1984129E+07   1000118E-02  .7767E+01 -.1306E+01   .9999985  .0013405 -.0010656
T 4951  1 .1980670E+07   1000219E-02 -.2950E+00  .1731E+01   .9999999 -.0000003  .0004045
T 4952  1 .1985024E+07   1000106E-02 -.8770E+01  .1132E+02   .9999865 -.0051907  .0002937
T 4953  1 .1985496E+07   1000072E-02 -.9136E+01  .5354E+01   .9999954 -.0021238  .0021626
T 4954  1 .1982590E+07   1000173E-02 -.8191E+01 -.6772E+00   .9999967 -.0023009 -.0011307
T 4955  1 .1986206E+07   1000201E-02 -.1932E+02  .4310E+01   .9999974 -.0022178  .0005423
T 4956  1 .1989049E+07   1000146E-02 -.8034E+01  .6867E+00   .9999976 -.0021665  .0002982
T 4957  1 .1980539E+07   1000026E-02  .5115E+02  .1195E+02   .9998402  .0174281  .0039861
T 4958  1 .1985992E+07   1000001E-02  .8522E+00 -.1416E+01   .9999996  .0008370 -.0002090
T 4959  1 .1981156E+07   1000041E-02 -.1638E+03 -.3451E+03   .9988041 -.0226966 -.0433042
T 4960  1 .1985100E+07   1000223E-02  .7454E+00  .4310E+00   .9999989  .0014465  .0002944
T 4961  1 .1982620E+07   1000144E-02  .6058E+01 -.1061E+02   .9999906  .0023908 -.0036278
T 4962  1 .1987770E+07   1000006E-02 -.6244E+02  .1015E+03   .9994736 -.0154937  .0285027
T 4963  1 .1979339E+07   1000178E-02 -.1890E+01 -.3988E+01   .9999984 -.0012979 -.0012223
T 4964  1 .1984287E+07   1000170E-02 -.7296E+00  .8384E+00   .9999995  .0007308  .0006070
T 4965  1 .1983952E+07   1000066E-02 -.7782E+01 -.1276E+01   .9999954 -.0030002 -.0003348
T 4966  1 .1987009E+07   1000116E-02  .2060E+01 -.5365E+01   .9999982  .0005271 -.0018140
T 4967  1 .1984314E+07   1000209E-02 -.4861E+01 -.1156E+02   .9999941 -.0005353 -.0034047
T 4968  1 .1982839E+07   1000198E-02 -.9528E+01 -.9097E-01   .9999986 -.0013163  .0010257
T 4969  1 .1988470E+07   1000078E-02  .8785E+01  .1611E+02   .9999959  .0020109  .0020241
T 4970  1 .1987160E+07   1000220E-02 -.5147E+01 -.9392E+01   .9999875  .0008263 -.0049343
T 4971  1 .1986820E+07   1000141E-02 -.2378E+00 -.2634E+01   .9999995  .0000546 -.0009930
T 4972  1 .1983150E+07   1000174E-02 -.4480E+00 -.6004E+01   .9999999 -.0001001 -.0002599
T 4973  1 .1979892E+07   1000092E-02 -.1157E+02 -.9810E+00   .9999987 -.0015926  .0003633
T 4974  1 .1985377E+07   1000195E-02  .4723E+01 -.2716E+01   .9999954  .0028941 -.0009539
T 4975  1 .1987911E+07   1000150E-02  .1405E+00 -.2484E+01   .9999980 -.0019422 -.0005543
T 4976  1 .1986507E+07   1000172E-02  .1422E+01  .8087E+01   .9999966  .0015766  .0020608
T 4977  1 .1984970E+07   1000191E-02 -.2333E+02  .3502E+02   .9998824 -.0088318  .0125350
T 4978  1 .1983055E+07   1000016E-02 -.1973E+01 -.2274E+01   .9999993 -.0007586 -.0008702
T 4979  1 .1990187E+07   1000015E-02 -.5289E+01 -.6115E+01   .9999970 -.0023259  .0007346
T 4980  1 .1984103E+07   1000185E-02  .4260E+01 -.1290E+01   .9999981  .0019135 -.0004357
T 4981  1 .1984948E+07   1000191E-02  .8925E+01  .8085E+01   .9999925  .0024020  .0030407
T 4982  1 .1986414E+07   1000008E-02 -.3367E+01 -.1214E+02   .9999879  .0008583 -.0048449
T 4983  1 .1981821E+07   1000117E-02  .1416E+01  .9193E+01   .9999988 -.0000079  .0015321
T 4984  1 .1987675E+07   1000037E-02  .9079E+01  .3580E+01   .9999973  .0007514 -.0021963
T 4985  1 .1987970E+07   1000143E-02  .1706E+02 -.4617E+01   .9999925  .0038691 -.0002614
T 4986  1 .1984994E+07   1000159E-02 -.1105E+02  .2421E+02   .9999879 -.0022867  .0043665
T 4987  1 .1985283E+07   1000223E-02 -.1023E+02  .8863E+00   .9999982 -.0006114  .0017951
T 4988  1 .1987471E+07   1000200E-02 -.5851E+01 -.4672E+01   .9999983 -.0018139 -.0003268
T 4989  1 .1983340E+07   1000178E-02  .1950E+02 -.1105E+02   .9999885  .0031296 -.0036349
T 4990  1 .1986205E+07   1000191E-02  .8667E+01  .5948E+01   .9999925  .0030983  .0023164
T 4991  1 .1982758E+07   1000083E-02  .1028E+02 -.2610E+01   .9999930  .0037095  .0004331
T 4992  1 .1981201E+07   1000009E-02  .2236E+01 -.2072E+01   .9999978 -.0016292 -.0013285
T 4993  1 .1984998E+07   1000083E-02  .8304E+00 -.9075E+01   .9999983  .0012127 -.0014183
T 4994  1 .1981454E+07   1000020E-02 -.2083E+01 -.2862E+01   .9999841  .0031323 -.0046868
T 4995  1 .1987072E+07   1000003E-02  .2428E+01  .1627E+01   .9999975  .0021877  .0005316
T 4996  1 .1982996E+07   1000152E-02 -.3688E+01 -.2644E+00   .9999964 -.0024784 -.0010445
T 4997  1 .1982437E+07   1000219E-02 -.2325E+01 -.7893E+01   .9999994 -.0010577 -.0004134
T 4998  1 .1984005E+07   1000220E-02 -.4179E+01 -.1203E+02   .9999860 -.0051736  .0010922
T 4999  1 .1984177E+07   1000052E-02  .2009E+02  .4764E+02   .9999206  .0049126  .0116024
T 5000  1 .1985817E+07   1000169E-02  .1022E+02  .5803E+01   .9999526  .0057979  .0078230
T 5001  1 .1983111E+07   1000153E-02  .7016E+01 -.9808E+01   .9999977  .0006930 -.0020215
T 5002  1 .1983796E+07   1000179E-02 -.1956E+01  .2432E+01   .9999993  .0002027  .0011313
T 5003  1 .1978617E+07   1000212E-02  .3776E+01  .3956E+01   .9999903  .0043267  .0008754
T 5004  1 .1983261E+07   1000140E-02  .4984E+01 -.1383E+02   .9999898  .0019446 -.0040875
T 5005  1 .1981684E+07   1000225E-02 -.2755E+01  .2633E+01   .9999994 -.0009314  .0005923
T 5006  1 .1984278E+07   1000072E-02 -.8639E+01  .8029E+00   .9999987 -.0013677 -.0008433
T 5007  1 .1986535E+07   1000001E-02  .8273E+00 -.5751E+01   .9999973  .0000264 -.0023401
T 5008  1 .1986742E+07   1000054E-02  .4986E+01 -.1049E+02   .9999972  .0019854 -.0012873
T 5009  1 .1985653E+07   1000123E-02  .8052E+02  .5537E+02   .9992916  .0303650  .0222319
T 5010  1 .1983806E+07   1000097E-02 -.1964E+02  .3457E+02   .9999748 -.0029840  .0064455
T 5011  1 .1987701E+07   1000004E-02  .9749E+01  .6252E+01   .9999978  .0015266  .0014377
T 5012  1 .1987079E+07   1000126E-02  .1448E+02  .6968E+01   .9999963  .0024710  .0011355
T 5013  1 .1983263E+07   1000066E-02  .9055E+01 -.1029E+02   .9999875  .0034327 -.0036322
T 5014  1 .1987879E+07   1000070E-02 -.5233E+01  .8239E+01   .9999812 -.0043086  .0043539
T 5015  1 .1982684E+07   1000076E-02 -.6644E+01  .5287E+01   .9999966 -.0010181  .0024168
T 5016  1 .1982718E+07   1000060E-02 -.1413E+01  .4670E+01   .9999998 -.0004413 -.0003633
T 5017  1 .1984678E+07   1000124E-02 -.8793E+01  .2144E+01   .9999973 -.0019472 -.0013025
T 5018  1 .1981089E+07   1000226E-02  .3175E+01  .3695E+01   .9999999  .0002691  .0002131
T 5019  1 .1985678E+07   1000208E-02  .1232E+02  .3529E+01   .9999906  .0041055  .0014052
T 5020  1 .1983219E+07   1000040E-02  .3952E+01  .2710E+02   .9999789 -.0008535  .0064442
T 5021  1 .1983851E+07   1000037E-02 -.4206E+01 -.1210E+02   .9999977 -.0000509 -.0021343
T 5022  1 .1988658E+07   1000193E-02 -.5917E+00  .3300E+01   .9999999 -.0003045  .0002746
T 5023  1 .1981419E+07   1000182E-02 -.1955E+01  .1413E+01   .9999980 -.0017218  .0009724
T 5024  1 .1986299E+07   1000035E-02  .1006E+01 -.1754E+01   .9999987 -.0016162  .0002471
T 5025  1 .1983402E+07   1000039E-02 -.1814E+01 -.2680E+01   .9999998  .0003237 -.0006028
T 5026  1 .1984184E+07   1000106E-02  .2869E+01  .1025E+02   .9999969  .0019566  .0015190
T 5027  1 .1984398E+07   1000203E-02  .9632E+01 -.6661E+01   .9999999  .0005377 -.0000169
T 5028  1 .1985991E+07   1000047E-02 -.4681E+01 -.3252E+01   .9999957 -.0011866 -.0026762
T 5029  1 .1982662E+07   1000219E-02  .1328E+01  .8102E+00   .9999982 -.0007051  .0017354
T 5030  1 .1989478E+07   1000140E-02  .7856E+01  .1082E+01   .9999953  .0028395  .0011546
T 5031  1 .1986229E+07   1000050E-02 -.1287E+02  .1996E+01   .9999958 -.0028764 -.0003804
T 5032  1 .1988260E+07   1000129E-02  .1146E+01 -.2115E+00   .9999997  .0006217  .0004273
T 5033  1 .1979970E+07   1000022E-02  .6323E+01 -.5244E+01   .9999983  .0012434 -.0013449
T 5034  1 .1981432E+07   1000137E-02  .2427E+00 -.8575E+01   .9999787 -.0047202 -.0045076
T 5035  1 .1983493E+07   1000149E-02  .9694E+01 -.1260E+02   .9999948  .0012660 -.0029788
T 5036  1 .1983724E+07   1000154E-02  .1526E+01 -.4892E+01   .9999969 -.0012528 -.0021540
T 5037  1 .1984397E+07   1000145E-02 -.6079E+00 -.2544E+01   .9999996 -.0003852 -.0007952
T 5038  1 .1984382E+07   1000005E-02 -.2730E+02 -.8155E+01   .9999875 -.0046128 -.0019078
T 5039  1 .1983920E+07   1000208E-02 -.9357E+00 -.2326E+01   .9999994 -.0010496  .0000810
T 5040  1 .1984646E+07   1000145E-02 -.1121E+02 -.1384E+02   .9999832 -.0026296 -.0051572
T 5041  1 .1984986E+07   1000108E-02 -.1548E+01  .4017E+01   .9999991 -.0008633  .0009846
T 5042  1 .1987514E+07   1000170E-02 -.1157E+01 -.1070E+01   .9999987  .0015474  .0003463
T 5043  1 .1983739E+07   1000153E-02  .2133E+02  .5976E+01   .9999958  .0026376  .0011612
T 5044  1 .1984089E+07   1000222E-02  .1079E+01 -.8147E+00   .9999999 -.0003915 -.0001115
T 5045  1 .1983509E+07   1000121E-02 -.9366E+01  .2944E+01   .9999977 -.0021446  .0001115
T 5046  1 .1983433E+07   1000084E-02  .5156E+01 -.6355E+01   .9999975  .0017219 -.0014188
T 5047  1 .1983392E+07   1000209E-02 -.8812E+01 -.1802E+02   .9999718 -.0025287 -.0070717
T 5048  1 .1987034E+07   1000160E-02  .3605E+00 -.1369E+02   .9999972  .0020735 -.0011593
T 5049  1 .1982985E+07   1000223E-02  .1326E+02  .7287E+01   .9999926  .0032386  .0020734
T 5050  1 .1989396E+07   1000200E-02 -.5450E+00 -.4778E+01   .9999994 -.0003770 -.0009958
T 5051  1 .1984711E+07   1000095E-02  .4022E+01  .5827E+01   .9999996 -.0003569  .0008474
T 5052  1 .1984275E+07   1000166E-02 -.2813E+01  .1551E+01   .9999959 -.0011233 -.0026289
T 5053  1 .1987061E+07   1000209E-02  .3118E+01 -.3674E+01   .9999985 -.0000802 -.0017341
T 5054  1 .1982473E+07   1000223E-02  .3032E+01 -.5278E+01   .9999996  .0008662  .0001352
T 5055  1 .1984709E+07   1000190E-02  .2394E+01  .1225E+02   .9999970  .0020573  .0012916
T 5056  1 .1984494E+07   1000146E-02  .1846E+01  .9270E+01   .9999991  .0003402  .0012651
T 5057  1 .1981246E+07   1000063E-02 -.2560E+01  .1737E+00   .9999996 -.0006179 -.0006411
T 5058  1 .1982894E+07   1000114E-02 -.1394E+02 -.8669E+01   .9999922 -.0031950 -.0023161
T 5059  1 .1983524E+07   1000036E-02  .1534E+02 -.1608E+02   .9999916  .0015319 -.0038034
T 5060  1 .1986590E+07   1000135E-02 -.1783E+01  .1536E+02   .9999901 -.0013173  .0042502
T 5061  1 .1981024E+07   1000211E-02 -.1833E+02  .5045E+01   .9999939 -.0035011  .0000090
T 5062  1 .1982710E+07   1000165E-02  .2207E+01 -.1322E+01   .9999981 -.0007982  .0017714
T 5063  1 .1981484E+07   1000080E-02 -.1244E+02  .4437E+01   .9999970 -.0024002  .0005819
T 5064  1 .1988266E+07   1000226E-02 -.1884E+02  .1392E+02   .9999904 -.0039745  .0018234
T 5065  1 .1987225E+07   1000129E-02  .9751E+01 -.7278E+01   .9999983  .0016109 -.0009342
T 5066  1 .1993391E+07   1000060E-02  .7211E+01  .2004E+02   .9999963  .0003214  .0026938
T 5067  1 .1987798E+07   1000003E-02  .1326E+02  .2641E+01   .9999985  .0016598  .0005852
T 5068  1 .1986564E+07   1000103E-02 -.1171E+02 -.9962E+00   .9999992 -.0008779 -.0008907
T 5069  1 .1982443E+07   1000019E-02  .1389E+02 -.6672E+00   .9999927  .0037815 -.0005484
T 5070  1 .1982627E+07   1000104E-02  .9293E+01 -.2352E+01   .9999990  .0013794 -.0000201
T 5071  1 .1987350E+07   1000137E-02  .6525E+00  .8380E+01   .9999905 -.0025421  .0035471
T 5072  1 .1984945E+07   1000150E-02  .3719E+02  .3404E+01   .9999948  .0031586 -.0006094
T 5073  1 .1983554E+07   1000202E-02 -.1406E+02 -.2564E+02   .9999830 -.0028791 -.0050758
T 5074  1 .1987984E+07   1000056E-02 -.1932E+02 -.1809E+01   .9999962 -.0027069 -.0005317
T 5075  1 .1980210E+07   1000154E-02 -.7720E+01  .2561E-01   .9999990 -.0012467  .0005909
T 5076  1 .1979308E+07   1000075E-02  .1276E+01  .7584E-01   .9999983  .0002984  .0017965
T 5077  1 .1981997E+07   1000200E-02 -.8299E+01  .2665E+01   .9999985 -.0003943  .0017122
T 5078  1 .1988609E+07   1000031E-02  .3644E+01 -.5983E+01   .9999970  .0010137 -.0022302
T 5079  1 .1986217E+07   1000174E-02 -.4119E+01  .5302E+01   .9999992 -.0001750  .0012497
T 5080  1 .1987362E+07   1000041E-02  .1396E+01 -.2408E+01   .9999994  .0000917 -.0011351
T 5081  1 .1982175E+07   1000175E-02 -.1378E-01 -.1396E+01   .9999999 -.0003727 -.0003196
T 5082  1 .1987319E+07   1000204E-02  .7415E+01  .2868E+01   .9999984  .0011725 -.0013435
T 5083  1 .1985236E+07   1000191E-02 -.5440E+01 -.9619E+01   .9999946 -.0003714 -.0032684
T 5084  1 .1986509E+07   1000144E-02  .3710E+01 -.4531E+01   .9999996  .0001006 -.0009117
T 5085  1 .1989837E+07   1000094E-02  .1450E+02 -.2595E+01   .9999933  .0031919 -.0018126
T 5086  1 .1984309E+07   1000172E-02 -.2323E+01 -.6347E+00   .9999994 -.0008639 -.0006327
T 5087  1 .1987289E+07   1000220E-02  .1194E+02  .7625E+01   .9999959  .0019279  .0021092
T 5088  1 .1987386E+07   1000164E-02 -.2332E+02 -.3634E+01   .9999963 -.0026521 -.0005395
T 5089  1 .1980551E+07   1000136E-02  .1826E+02  .1159E+02   .9999916  .0040437  .0006062
T 5090  1 .1984178E+07   1000089E-02  .1239E+02 -.7770E+01   .9999923  .0037358 -.0011813
T 5091  1 .1983096E+07   1000071E-02 -.1460E+02  .2076E+01   .9999861 -.0052685  .0003189
T 5092  1 .1987052E+07   1000026E-02  .1587E+01  .9722E+00   .9999996  .0000823  .0008529
T 5093  1 .1987839E+07   1000172E-02  .2878E+01 -.8151E+00   .9999862  .0051629 -.0009691
T 5094  1 .1985389E+07   1000166E-02 -.2920E+02 -.5441E+01   .9999881 -.0048757 -.0001416
T 5095  1 .1980241E+07   1000141E-02  .2884E+01 -.1270E+01   .9999985  .0007795 -.0015364
T 5096  1 .1987855E+07   1000004E-02  .1387E+02  .2288E+01   .9999950  .0031217  .0004228
T 5097  1 .1983939E+07   1000166E-02  .8374E+01 -.8259E+00   .9999969  .0024847  .0000827
T 5098  1 .1982481E+07   1000182E-02 -.8956E+01  .9545E+01   .9999978 -.0013749  .0015951
T 5099  1 .1983355E+07   1000067E-02 -.6507E+01  .7186E+01   .9999998 -.0004902  .0004884
T 5100  1 .1983358E+07   1000001E-02 -.4828E+01 -.7625E+01   .9999988 -.0008967 -.0013021
T 5101  1 .1984651E+07   1000085E-02  .2132E+01  .9122E+00   .9999975  .0021514 -.0005215
T 5102  1 .1985242E+07   1000153E-02 -.3769E+01 -.6357E+01   .9999975 -.0022446  .0001712
T 5103  1 .1986839E+07   1000093E-02  .1988E+01 -.4847E+00   .9999982  .0018501  .0003561
T 5104  1 .1987923E+07   1000008E-02 -.1513E+02 -.3691E+01   .9999939 -.0033903 -.0008413
T 5105  1 .1983985E+07   1000113E-02  .6441E+01  .3231E+01   .9999983  .0015403  .0009725
T 5106  1 .1988797E+07   1000033E-02  .5397E+01  .6638E+00   .9999856  .0052132  .0012637
T 5107  1 .1988102E+07   1000020E-02 -.3198E+01 -.4362E+01   .9999983 -.0015940 -.0008769
T 5108  1 .1982101E+07   1000114E-02 -.1041E+02  .9718E+01   .9999964 -.0013447  .0023246
T 5109  1 .1987264E+07   1000014E-02  .1534E+01  .1223E+02   .9999911 -.0010756  .0040913
T 5110  1 .1987869E+07   1000146E-02 -.1043E+02  .1764E+02   .9999946 -.0015829  .0028916
T 5111  1 .1981841E+07   1000171E-02 -.3472E+00 -.1320E+01   .9999999  .0000866  .0002203
T 5112  1 .1984626E+07   1000212E-02 -.2618E+02 -.9938E+01   .9999983 -.0018219  .0000153
T 5113  1 .1985706E+07   1000165E-02 -.9465E+01 -.7154E+01   .9999977 -.0020937 -.0003949
T 5114  1 .1986582E+07   1000133E-02 -.9463E+01 -.1180E+01   .9999949 -.0027462  .0016087
T 5115  1 .1986028E+07   1000174E-02 -.5212E+01  .1667E+01   .9999993 -.0010863 -.0003552
T 5116  1 .1981931E+07   1000158E-02 -.3639E+01  .3602E+00   .9999996 -.0009008  .0000698
T 5117  1 .1985763E+07   1000016E-02 -.5202E+01 -.1639E+01   .9999929 -.0031055 -.0021261
T 5118  1 .1983567E+07   1000192E-02 -.1293E+02 -.2653E+01   .9999952 -.0030050 -.0007812
T 5119  1 .1990227E+07   1000226E-02 -.1795E+02  .9735E+01   .9999846 -.0041816  .0036474
T 5120  1 .1986340E+07   1000047E-02  .7640E+00  .1517E+02   .9999968 -.0003951  .0025146
T 5121  1 .1981330E+07   1000192E-02  .2570E+01 -.1471E+01   .9999967  .0011802 -.0022914
T 5122  1 .1987879E+07   1000209E-02 -.4471E+01  .8170E+00   .9999857 -.0052559  .0010170
T 5123  1 .1987692E+07   1000060E-02 -.4837E+01 -.1299E+01   .9999984 -.0016989 -.0005732
T 5124  1 .1988346E+07   1000112E-02 -.6591E+01  .1201E+02   .9999999  .0004479  .0000208
T 5125  1 .1986567E+07   1000193E-02  .9719E+00 -.1541E+01   .9999999 -.0002143 -.0002666
T 5126  1 .1985271E+07   1000209E-02 -.9057E+01 -.8722E+01   .9999988 -.0011275 -.0010358
T 5127  1 .1980892E+07   1000154E-02 -.3603E+01 -.3179E+01   .9999978 -.0020254 -.0005661
T 5128  1 .1986157E+07   1000174E-02  .8994E+01 -.1934E+02   .9999932  .0017521 -.0032570
T 5129  1 .1989044E+07   1000029E-02  .2046E+02  .1398E+02   .9999884  .0041642  .0024224
T 5130  1 .1985534E+07   1000161E-02  .1030E+01  .1215E+02   .9999954 -.0009882  .0028641
T 5131  1 .1983957E+07   1000116E-02  .1264E+02  .1173E+02   .9999937  .0027250  .0022830
T 5132  1 .1983005E+07   1000132E-02  .3662E+00  .1191E+01   .9999995  .0007925  .0005445
T 5133  1 .1988568E+07   1000080E-02  .6476E+00  .5467E+00   .9999987  .0009750  .0012677
T 5134  1 .1982038E+07   1000113E-02  .6148E+01 -.4748E+01   .9999998  .0004589 -.0003211
T 5135  1 .1981213E+07   1000210E-02 -.2956E+00  .1093E+02   .9999978 -.0019522 -.0008129
T 5136  1 .1978922E+07   1000204E-02  .5676E-01 -.2493E+01   .9999985 -.0005778 -.0016083
T 5137  1 .1983691E+07   1000201E-02 -.2718E+01 -.6726E+01   .9999974 -.0022681  .0003409
T 5138  1 .1982240E+07   1000089E-02 -.4836E+01  .1357E+01   .9999959 -.0028486  .0002539
T 5139  1 .1984683E+07   1000137E-02  .7345E+00  .1517E+01   .9999999  .0001628  .0001054
T 5140  1 .1987651E+07   1000154E-02  .9167E+02  .3789E+02   .9999351  .0099167  .0056041
T 5141  1 .1987448E+07   1000053E-02 -.2491E+02  .1902E+02   .9999784 -.0047403  .0045444
T 5142  1 .1982522E+07   1000003E-02  .1082E+02 -.1735E+02   .9999990  .0005116 -.0013553
T 5143  1 .1980964E+07   1000185E-02 -.3356E+01 -.1392E+02   .9999932 -.0008704 -.0035846
T 5144  1 .1980981E+07   1000159E-02 -.1431E+02  .1126E+02   .9999869 -.0040636  .0031104
T 5145  1 .1982036E+07   1000072E-02 -.7308E-01 -.7888E+01   .9999893  .0004342 -.0046103
T 5146  1 .1987264E+07   1000082E-02  .6840E+01  .6320E+01   .9999974  .0016379  .0015617
T 5147  1 .1985023E+07   1000071E-02 -.1174E+02 -.2125E+02   .9999974 -.0019347 -.0011863
T 5148  1 .1985737E+07   1000126E-02  .1092E+02 -.3708E+01   .9999914  .0015252 -.0038602
T 5149  1 .1981509E+07   1000013E-02 -.5848E+01  .1269E+02   .9999892  .0019064  .0042428
T 5150  1 .1984809E+07   1000196E-02  .3281E+01 -.1858E+01   .9999992  .0009730 -.0008271
T 5151  1 .1986390E+07   1000103E-02  .1479E+02 -.8155E+01   .9999944  .0029720 -.0015385
T 5152  1 .1983785E+07   1000165E-02  .4974E+01  .6955E+01   .9999984  .0003455  .0017658
T 5153  1 .1980430E+07   1000028E-02  .2103E+01  .6222E+00   .9999992  .0012637 -.0001480
T 5154  1 .1985090E+07   1000042E-02 -.1127E+02 -.1962E+01   .9999973 -.0015397 -.0017472
T 5155  1 .1985684E+07   1000005E-02  .1595E+01 -.2026E+01   .9999994  .0000591 -.0011272
T 5156  1 .1984696E+07   1000180E-02 -.9227E+01 -.2085E+01   .9999997 -.0007602 -.0001684
T 5157  1 .1982301E+07   1000069E-02  .1410E+02 -.3087E+00   .9999886  .0041894  .0023066
T 5158  1 .1984902E+07   1000003E-02 -.1998E+01  .1468E+02   .9999981 -.0005198  .0018928
T 5159  1 .1988490E+07   1000125E-02 -.5030E+01  .4550E+01   .9999976 -.0009099  .0019744
T 5160  1 .1981531E+07   1000167E-02 -.1011E+02 -.1156E+01   .9999965 -.0026432 -.0003336
T 5161  1 .1985940E+07   1000149E-02 -.1713E+02  .1360E+01   .9999910 -.0041911  .0007298
T 5162  1 .1985422E+07   1000193E-02  .8869E+00  .8317E+01   .9999972  .0022059  .0008857
T 5163  1 .1984985E+07   1000124E-02  .2077E+02 -.5512E+01   .9999953  .0027222 -.0014335
T 5164  1 .1984418E+07   1000041E-02 -.6157E+01 -.3266E+01   .9999974 -.0022457  .0002413
T 5165  1 .1986095E+07   1000134E-02 -.2546E+01  .1755E+00   .9999998 -.0004330 -.0005180
T 5166  1 .1986931E+07   1000003E-02  .5831E+01  .8838E+00   .9999959  .0026656  .0010495
T 5167  1 .1982122E+07   1000132E-02  .6024E+00 -.1346E+01   .9999998  .0004219 -.0004116
T 5168  1 .1980159E+07   1000154E-02 -.8406E+00 -.1856E+01   .9999995 -.0003004 -.0009390
T 5169  1 .1980559E+07   1000159E-02 -.3952E+01 -.9005E+01   .9999965 -.0013715 -.0022532
T 5170  1 .1985294E+07   1000202E-02 -.5801E+00 -.3974E+01   .9999995 -.0007641 -.0005656
T 5171  1 .1984514E+07   1000191E-02 -.5964E+01 -.4678E+01   .9999990  .0008018 -.0011798
T 5172  1 .1989344E+07   1000110E-02  .7173E+00 -.3081E+01   .9999966  .0003565 -.0025829
T 5173  1 .1984052E+07   1000046E-02  .2243E+00  .3408E+01   .9999974 -.0006482  .0021987
T 5174  1 .1986178E+07   1000191E-02  .1024E+01 -.5008E+00   .9999996 -.0007694 -.0005004
T 5175  1 .1981815E+07   1000119E-02  .7669E+01  .4375E+01   .9999957  .0021588 -.0019944
T 5176  1 .1982901E+07   1000191E-02 -.5766E+01 -.2986E+01   .9999957 -.0026287  .0012812
T 5177  1 .1984741E+07   1000038E-02  .2271E+01  .2141E+01   .9999996  .0004762  .0007813
T 5178  1 .1986734E+07   1000004E-02  .1991E+02  .7422E+01   .9999872  .0046867 -.0019201
T 5179  1 .1980618E+07   1000176E-02 -.1238E+02 -.7480E+01   .9999983 -.0006252 -.0017395
T 5180  1 .1980644E+07   1000133E-02 -.2302E+01 -.5356E+01   .9999997 -.0006042 -.0005740
T 5181  1 .1987695E+07   1000105E-02 -.3506E+01 -.2746E+01   .9999975 -.0021133 -.0007872
T 5182  1 .1987077E+07   1000080E-02 -.7004E+01 -.5662E+01   .9999768 -.0053145 -.0042566
T 5183  1 .1984417E+07   1000032E-02 -.3580E+01  .8579E+01   .9999946 -.0018859  .0026799
T 5184  1 .1980459E+07   1000195E-02  .3078E+01 -.7991E+01   .9999988 -.0014898 -.0002860
T 5185  1 .1982641E+07   1000027E-02 -.4304E+01  .1028E+02   .9999999 -.0001220  .0000298
T 5186  1 .1983188E+07   1000078E-02 -.3083E+01  .6641E+01   .9999989 -.0012629  .0007267
T 5187  1 .1981213E+07   1000192E-02 -.1208E+02 -.1066E+01   .9999941 -.0025431  .0023275
T 5188  1 .1981726E+07   1000120E-02 -.3930E+01 -.1652E+02   .9999940 -.0021455 -.0027168
T 5189  1 .1988017E+07   1000181E-02  .2850E+01  .2035E+01   .9999903  .0044081  .0002128
T 5190  1 .1982370E+07   1000079E-02 -.4110E+00  .9707E+00   .9999999  .0001426  .0003925
T 5191  1 .1982654E+07   1000026E-02 -.1090E+01  .5122E+01   .9999990 -.0006584  .0012475
T 5192  1 .1987725E+07   1000129E-02 -.3672E+00  .4476E+01   .9999997 -.0000381  .0007876
T 5193  1 .1986510E+07   1000104E-02  .1211E+02  .1222E+02   .9999900  .0028212  .0034781
T 5194  1 .1989943E+07   1000178E-02  .1148E+02 -.1544E+01   .9999989  .0014573  .0001377
T 5195  1 .1982339E+07   1000058E-02  .1494E+01  .3259E+00   .9999992 -.0011853 -.0004377
T 5196  1 .1982048E+07   1000025E-02 -.2608E+01  .1673E+02   .9999835 -.0049044  .0029806
T 5197  1 .1990421E+07   1000104E-02  .8555E+01  .7864E+01   .9999982  .0011951  .0014646
T 5198  1 .1984511E+07   1000225E-02 -.1789E+01 -.4539E+01   .9999801  .0013294 -.0061669
T 5199  1 .1983846E+07   1000081E-02 -.3996E+00  .8950E+01   .9999899 -.0011858  .0043299
T 5200  1 .1986024E+07   1000017E-02  .2638E+01 -.4022E+01   .9999985 -.0004435 -.0016523
T 5201  1 .1987008E+07   1000092E-02 -.1135E+02 -.2711E+01   .9999975 -.0013039 -.0018216
T 5202  1 .1986353E+07   1000035E-02  .1725E+02 -.1582E+01   .9999421  .0105039  .0023461
T 5203  1 .1985283E+07   1000202E-02  .4856E+01  .3759E+01   .9999975  .0017433  .0013817
T 5204  1 .1984173E+07   1000190E-02 -.4289E+01  .4119E+01   .9999994 -.0007043 -.0008155
T 5205  1 .1987193E+07   1000175E-02  .2511E+01 -.3322E+02   .9999810  .0007633 -.0061123
T 5206  1 .1981318E+07   1000008E-02  .1030E+02 -.2406E+02   .9999762  .0020113 -.0066033
T 5207  1 .1986701E+07   1000025E-02  .1370E+02  .2343E+01   .9999903  .0019377  .0039533
T 5208  1 .1983686E+07   1000142E-02 -.2968E+01  .1413E+01   .9999993 -.0003326  .0011143
T 5209  1 .1985951E+07   1000134E-02  .8551E+01  .6612E+01   .9999952  .0018546  .0024884
T 5210  1 .1987776E+07   1000080E-02  .4547E+01  .2006E+01   .9999992  .0012546 -.0000539
T 5211  1 .1984984E+07   1000160E-02 -.1873E+02  .3458E+02   .9999945  .0030151  .0014144
T 5212  1 .1982201E+07   1000013E-02  .4744E+01 -.8287E+01   .9999353  .0071969 -.0088077
T 5213  1 .1983551E+07   1000014E-02  .4876E+02 -.4760E+02   .9999620  .0060599 -.0062623
T 5214  1 .1983762E+07   1000215E-02 -.2287E+01  .7588E+01   .9999982 -.0013682  .0013042
T 5215  1 .1982010E+07   1000169E-02 -.6942E+01  .8230E+01   .9999900 -.0037691  .0024249
T 5216  1 .1987148E+07   1000124E-02 -.1808E+01  .1008E+02   .9999915 -.0005180  .0040831
T 5217  1 .1982675E+07   1000186E-02  .1586E+02 -.9883E+01   .9999557  .0085140 -.0040070
T 5218  1 .1986467E+07   1000075E-02 -.1826E+02 -.1272E+02   .9999940 -.0033789 -.0007921
T 5219  1 .1987776E+07   1000157E-02  .3286E+01 -.7018E+01   .9999996  .0001115 -.0009408
T 5220  1 .1983611E+07   1000206E-02 -.4311E+01  .3617E+00   .9999994 -.0007812  .0008138
T 5221  1 .1978461E+07   1000063E-02  .5527E+01  .1743E+02   .9999968  .0007006  .0024218
T 5222  1 .1987250E+07   1000048E-02 -.1312E+01 -.5153E+01   .9999945  .0006561 -.0032543
T 5223  1 .1986354E+07   1000077E-02 -.1249E+00 -.2828E+01   .9999981  .0004965 -.0019073
T 5224  1 .1984743E+07   1000184E-02  .1303E+02 -.8282E+01   .9999933  .0029547 -.0021517
T 5225  1 .1986638E+07   1000177E-02 -.5685E+01 -.1520E+02   .9999998 -.0006063 -.0002633
T 5226  1 .1992160E+07   1000147E-02 -.1786E+02  .8978E+01   .9999958  .0017059  .0023609
T 5227  1 .1982726E+07   1000222E-02  .7722E+01  .1130E+02   .9999918  .0023028  .0033356
T 5228  1 .1987387E+07   1000126E-02 -.7908E+01  .7093E+01   .9999948 -.0032208  .0000240
T 5229  1 .1979517E+07   1000168E-02 -.9101E+01  .1069E+01   .9999912 -.0029909  .0029342
T 5230  1 .1982714E+07   1000141E-02 -.4706E+01 -.1603E+00   .9999991 -.0011485  .0006512
T 5231  1 .1987355E+07   1000192E-02  .2484E+01  .2276E-01   .9999877  .0019838  .0045553
T 5232  1 .1986665E+07   1000027E-02  .3726E+01  .8111E+01   .9999933  .0023726  .0027703
T 5233  1 .1990605E+07   1000110E-02  .5211E+00 -.7536E-01   .9999997  .0007012 -.0001355
T 5234  1 .1986249E+07   1000012E-02  .1095E+01  .4399E+01   .9999990  .0007295  .0012024
T 5235  1 .1986500E+07   1000196E-02  .1062E+01 -.4964E+01   .9999987  .0001599 -.0016150
T 5236  1 .1986327E+07   1000218E-02  .1209E+02 -.2479E+01   .9999826  .0044724 -.0038499
T 5237  1 .1981974E+07   1000121E-02  .1524E+01 -.4087E+01   .9999985  .0017470  .0001813
T 5238  1 .1989470E+07   1000069E-02  .4508E+01  .3689E+00   .9999986  .0015963  .0005658
T 5239  1 .1977745E+07   1000198E-02 -.7099E+01  .3790E+02   .9999969  .0019685  .0015406
T 5240  1 .1987097E+07   1000216E-02 -.5706E+01  .1213E+02   .9999919 -.0019627  .0035002
T 5241  1 .1988043E+07   1000088E-02 -.1730E+01 -.1482E+01   .9999996  .0007543 -.0004947
T 5242  1 .1988501E+07   1000180E-02  .1951E+01  .3368E+01   .9999957  .0007816  .0028110
T 5243  1 .1981472E+07   1000108E-02  .1399E+02  .1921E+02   .9905060  .0973969  .0970135
T 5244  1 .1984635E+07   1000218E-02  .1637E+00  .1322E+01   .9999999 -.0002908  .0001338
T 5245  1 .1984498E+07   1000005E-02 -.2468E+01 -.1256E+02   .9999998 -.0006433 -.0001534
T 5246  1 .1986189E+07   1000147E-02 -.1471E+01  .2571E+01   .9999991  .0003464  .0013241
T 5247  1 .1981986E+07   1000180E-02 -.3968E+01 -.1155E+00   .9999981 -.0019351 -.0000319
T 5248  1 .1978984E+07   1000089E-02  .1526E+02 -.1157E+02   .9999860  .0020040 -.0048903
T 5249  1 .1986139E+07   1000004E-02 -.7895E+02  .1162E+03   .9998674 -.0074478  .0144818
T 5250  1 .1980801E+07   1000212E-02  .3385E+00  .2561E+01   .9999974 -.0022386  .0005045
T 5251  1 .1984371E+07   1000144E-02  .5362E+01  .1261E+02   .9999825  .0017184  .0056664
T 5252  1 .1980095E+07   1000173E-02 -.7899E+00 -.1304E+02   .9999899  .0006430 -.0044482
T 5253  1 .1983052E+07   1000023E-02  .1722E+00 -.6175E+00   .9999999 -.0001930  .0002060
T 5254  1 .1984705E+07   1000077E-02  .1073E+01 -.9916E+01   .9999978 -.0005403 -.0020140
T 5255  1 .1986798E+07   1000001E-02 -.9348E+01  .1078E+01   .9999960 -.0027737 -.0005927
T 5256  1 .1984682E+07   1000222E-02  .2444E+02 -.1252E+01   .9999916  .0040192 -.0007886
T 5257  1 .1986193E+07   1000132E-02  .5609E+01  .3450E+01   .9999917  .0037273  .0016648
T 5258  1 .1985201E+07   1000129E-02  .2356E+01  .9945E+01   .9999966 -.0003550  .0025734
T 5259  1 .1985678E+07   1000211E-02  .5641E+00 -.1046E+02   .9999944 -.0006798 -.0032817
T 5260  1 .1985268E+07   1000119E-02  .4823E+01  .2054E+01   .9999999 -.0001560 -.0004905
T 5261  1 .1981383E+07   1000193E-02  .1172E+02  .2874E+01   .9999847  .0054581  .0009094
T 5262  1 .1985068E+07   1000152E-02 -.2386E+01  .1289E+02   .9999974  .0017607  .0014516
T 5263  1 .1986544E+07   1000184E-02  .6293E+01  .2027E+01   .9999970  .0017330  .0017415
T 5264  1 .1981377E+07   1000016E-02  .3503E+00 -.1423E+01   .9999993  .0005745 -.0010008
T 5265  1 .1984333E+07   1000133E-02  .2010E+02 -.6934E+02   .9998741  .0054487 -.0149051
T 5266  1 .1983246E+07   1000199E-02  .6497E+01 -.1118E+02   .9999999  .0003572  .0000000
T 5267  1 .1980143E+07   1000202E-02 -.7309E+00 -.4123E+01   .9999988 -.0004490 -.0014946
T 5268  1 .1982915E+07   1000162E-02 -.3014E+01  .4030E+01   .9999932 -.0032420  .0017850
T 5269  1 .1981566E+07   1000184E-02  .9165E+01  .5836E+01   .9999999  .0002564 -.0000204
T 5270  1 .1982800E+07   1000147E-02  .7009E+01 -.8886E+01   .9999990  .0013966 -.0003060
T 5271  1 .1988697E+07   1000217E-02 -.1354E+01  .1216E+01   .9999986  .0014434  .0008969
T 5272  1 .1987808E+07   1000062E-02  .6598E+00 -.4681E+01   .9999888  .0042257  .0021410
T 5273  1 .1987662E+07   1000163E-02 -.3498E+01 -.1299E+01   .9999965 -.0025937 -.0005381
T 5274  1 .1986167E+07   1000011E-02  .4358E+00  .3736E+00   .9999998  .0005053 -.0002583
T 5275  1 .1984872E+07   1000160E-02  .3541E+01  .1653E+02   .9999947  .0009635  .0031161
T 5276  1 .1988207E+07   1000133E-02  .5345E+01  .6705E+01   .9999968  .0018981  .0016669
T 5277  1 .1986357E+07   1000213E-02 -.1371E+01  .9143E+01   .9999985 -.0004111  .0016699
T 5278  1 .1981853E+07   1000032E-02  .5258E+01  .3898E+01   .9999961  .0028047  .0000533
T 5279  1 .1982584E+07   1000209E-02  .1946E+02 -.4157E+01   .9999929  .0037107 -.0006778
T 5280  1 .1990766E+07   1000226E-02  .3799E+02  .4640E+02   .9999497  .0064485  .0076836
T 5281  1 .1987529E+07   1000184E-02  .3216E+01  .3115E+01   .9999985 -.0015396 -.0008230
T 5282  1 .1986789E+07   1000072E-02 -.7342E+00  .9687E+01   .9999979 -.0011527  .0017042
T 5283  1 .1988037E+07   1000094E-02  .1002E+02 -.6472E+01   .9999980  .0017853 -.0009063
T 5284  1 .1991188E+07   1000018E-02  .2830E+02  .3488E+01   .9999844  .0055769  .0004204
T 5285  1 .1985980E+07   1000137E-02  .1096E+02 -.1531E+01   .9999991  .0013204 -.0000661
T 5286  1 .1984605E+07   1000059E-02  .1311E+02 -.6220E+01   .9999873  .0033271 -.0037840
T 5287  1 .1982814E+07   1000214E-02 -.7852E+01  .3178E+01   .9999983 -.0018454  .0000631
T 5288  1 .1983800E+07   1000178E-02  .1063E+01 -.1263E+02   .9999976 -.0012381 -.0017897
T 5289  1 .1983221E+07   1000048E-02  .2875E+02 -.6008E+02   .9999104  .0048168 -.0124892
T 5290  1 .1988941E+07   1000065E-02  .2004E+00  .3619E+00   .9999996  .0007253  .0004980
T 5291  1 .1983453E+07   1000210E-02  .1041E+02 -.7142E+01   .9999711  .0032867 -.0068524
T 5292  1 .1987228E+07   1000132E-02 -.8474E+01  .3028E+02   .9999903 -.0006256  .0043521
T 5293  1 .1983707E+07   1000100E-02  .5103E+01 -.5455E+01   .9999985  .0008073 -.0015481
T 5294  1 .1987118E+07   1000117E-02 -.4526E+01 -.6627E+01   .9999936 -.0032503 -.0015261
T 5295  1 .1979926E+07   1000146E-02 -.2780E+01 -.2196E+01   .9999989 -.0012565 -.0007275
T 5296  1 .1983551E+07   1000101E-02  .4030E+01 -.1388E+01   .9999995 -.0000853  .0009758
T 5297  1 .1984881E+07   1000086E-02 -.2172E+01 -.4184E+01   .9999979 -.0013814 -.0014910
T 5298  1 .1985060E+07   1000207E-02 -.2622E+01 -.1430E+02   .9999961 -.0024312 -.0013756
T 5299  1 .1981999E+07   1000011E-02  .4998E+02  .1574E+02   .9999604  .0080305  .0038318
T 5300  1 .1987634E+07   1000059E-02 -.1891E+01  .4006E+00   .9999989 -.0014774 -.0000766
T 5301  1 .1985584E+07   1000171E-02  .2034E+02  .1548E+02   .9999941  .0027502  .0020657
T 5302  1 .1981099E+07   1000215E-02  .1074E+02  .1176E+02   .9999952  .0029031  .0010593
T 5303  1 .1991832E+07   1000053E-02  .3365E+01  .8640E+01   .9999900 -.0018129  .0040917
T 5304  1 .1983287E+07   1000043E-02  .4273E+01 -.1085E+01   .9999989  .0009891 -.0011018
T 5305  1 .1986420E+07   1000156E-02 -.6200E+01 -.8622E+01   .9999967 -.0014890 -.0020777
T 5306  1 .1981638E+07   1000046E-02  .1116E+02  .6557E+01   .9999957  .0023556  .0017283
T 5307  1 .1988783E+07   1000076E-02 -.4395E+00 -.3976E+00   .9999999 -.0002355 -.0004207
T 5308  1 .1983333E+07   1000037E-02  .5475E+01 -.1073E+02   .9999953  .0005285 -.0030149
T 5309  1 .1983525E+07   1000011E-02  .1230E+02 -.4053E+01   .9999965  .0024834 -.0009501
T 5310  1 .1984340E+07   1000150E-02  .7280E+00  .1341E+01   .9999999  .0003544  .0001367
T 5311  1 .1985997E+07   1000171E-02 -.8248E+01 -.5600E+01   .9999988 -.0013548 -.0007305
T 5312  1 .1983310E+07   1000121E-02 -.1434E+01  .2554E+01   .9999987 -.0009434  .0013326
T 5313  1 .1983351E+07   1000183E-02  .3358E+01  .1981E+01   .9999966  .0012765  .0022622
T 5314  1 .1984811E+07   1000196E-02 -.4879E+01  .1083E+02   .9999989  .0000957  .0014749
T 5315  1 .1989862E+07   1000014E-02  .9508E+01 -.5852E+01   .9999979 -.0001031 -.0020431
T 5316  1 .1984887E+07   1000056E-02  .1237E+01  .1428E+02   .9999899  .0018025  .0041132
T 5317  1 .1983983E+07   1000007E-02  .3427E+01 -.9505E+01   .9999978  .0001639 -.0020859
T 5318  1 .1984002E+07   1000098E-02  .3911E+01  .4358E+01   .9999988  .0005463  .0014463
T 5319  1 .1987274E+07   1000122E-02  .7613E+01  .7051E+01   .9999831  .0040412  .0041753
T 5320  1 .1979005E+07   1000218E-02  .5440E+02  .1652E+02   .9996817  .0231236  .0100905
T 5321  1 .1980235E+07   1000008E-02  .4796E+00  .1478E+01   .9999995 -.0002491  .0009850
T 5322  1 .1983830E+07   1000048E-02 -.1408E+02  .1593E+01   .9999973 -.0022738  .0005662
T 5323  1 .1985938E+07   1000118E-02 -.3856E+01 -.2166E+01   .9999999 -.0002808 -.0003880
T 5324  1 .1984580E+07   1000116E-02 -.1972E-01  .1815E+01   .9999997 -.0000014  .0008222
T 5325  1 .1984279E+07   1000181E-02 -.5828E+00  .8091E+01   .9999989 -.0003962  .0014419
T 5326  1 .1980372E+07   1000171E-02  .5402E+01 -.4105E+01   .9999990  .0012796 -.0005865
T 5327  1 .1985501E+07   1000199E-02 -.2409E+01  .2032E+01   .9999992  .0000050  .0012866
T 5328  1 .1983654E+07   1000001E-02 -.4492E+01 -.6471E+00   .9999956 -.0028482 -.0007848
T 5329  1 .1986225E+07   1000152E-02  .5962E+01 -.1458E+02   .9999937  .0013338 -.0032880
T 5330  1 .1982437E+07   1000219E-02 -.4552E+00 -.7565E+01   .9999987  .0000174 -.0015942
T 5331  1 .1982316E+07   1000115E-02 -.7494E+01 -.4009E+01   .9999965 -.0025127 -.0007854
T 5332  1 .1985837E+07   1000220E-02  .8787E+02 -.1030E+02   .9998623  .0164956 -.0018310
T 5333  1 .1985944E+07   1000036E-02 -.4197E+01  .5177E+01   .9999966 -.0025707 -.0004252
T 5334  1 .1985149E+07   1000153E-02 -.4325E+01 -.1427E+01   .9999998 -.0006507 -.0001645
T 5335  1 .1984400E+07   1000156E-02 -.2827E+01  .8220E+01   .9999936 -.0006495  .0035277
T 5336  1 .1977906E+07   1000066E-02  .1039E+02 -.1572E+02   .9999961  .0020005 -.0019366
T 5337  1 .1985041E+07   1000008E-02  .4145E+01  .2789E+02   .9999754  .0017770  .0067921
T 5338  1 .1982883E+07   1000163E-02 -.1747E+02 -.9970E+01   .9999938 -.0024355 -.0025383
T 5339  1 .1987467E+07   1000014E-02  .1357E+01  .5680E+01   .9999980 -.0017909  .0009284
T 5340  1 .1986919E+07   1000193E-02  .8841E+00 -.6891E+01   .9999997 -.0003980 -.0007267
T 5341  1 .1985776E+07   1000107E-02 -.6443E+00  .4222E+00   .9999996 -.0005268 -.0007525
T 5342  1 .1984833E+07   1000142E-02  .4820E+01 -.4997E+01   .9999974  .0000770 -.0022675
T 5343  1 .1988730E+07   1000170E-02 -.4479E+02  .1586E+02   .9999622 -.0086637  .0007428
T 5344  1 .1986790E+07   1000175E-02 -.4325E+01 -.1321E+02   .9999962 -.0002983 -.0027588
T 5345  1 .1990440E+07   1000160E-02 -.3123E+00  .1712E+02   .9999970 -.0010975  .0021975
T 5346  1 .1984361E+07   1000056E-02 -.3180E+00 -.8427E+00   .9999999  .0001770  .0000897
T 5347  1 .1984081E+07   1000087E-02 -.2556E+01 -.3572E+01   .9999998  .0001642 -.0005999
T 5348  1 .1985953E+07   1000170E-02 -.2436E+01 -.4146E+01   .9999989 -.0012371 -.0008546
T 5349  1 .1978653E+07   1000216E-02  .5102E+01  .1643E+02   .9999904 -.0001541  .0043892
T 5350  1 .1982336E+07   1000138E-02  .7488E+01  .2306E+02   .9999926  .0013991  .0035729
T 5351  1 .1985524E+07   1000226E-02 -.1082E+02 -.1871E+01   .9999989 -.0010195 -.0010780
T 5352  1 .1984766E+07   1000152E-02 -.5828E+01  .3381E+01   .9999978 -.0006991  .0019929
T 5353  1 .1987642E+07   1000213E-02  .7324E+01  .2325E+02   .9999917  .0029466  .0028181
T 5354  1 .1988374E+07   1000210E-02 -.2844E+01 -.8963E+01   .9999874 -.0016286 -.0047562
T 5355  1 .1982978E+07   1000111E-02 -.1658E+01 -.2385E+01   .9999999  .0000471  .0003643
T 5356  1 .1982079E+07   1000084E-02  .4994E+01  .7608E+01   .9999957  .0002605  .0029075
T 5357  1 .1981418E+07   1000223E-02  .4425E+01 -.8735E+01   .9999966  .0011139 -.0023534
T 5358  1 .1988805E+07   1000133E-02  .1718E+02  .4802E+01   .9999937  .0033208  .0012421
T 5359  1 .1987319E+07   1000108E-02 -.4262E+01 -.4761E+02   .9999742 -.0009135 -.0071206
T 5360  1 .1983142E+07   1000034E-02  .1770E+02 -.2752E+02   .9999812  .0026108 -.0055526
T 5361  1 .1986098E+07   1000002E-02 -.1488E+00 -.2773E+01   .9999835 -.0051102  .0026230
T 5362  1 .1985666E+07   1000008E-02 -.1095E+01  .1177E+01   .9999989  .0002379  .0014809
T 5363  1 .1984776E+07   1000135E-02 -.1114E+02  .6407E+01   .9999894 -.0045042  .0009180
T 5364  1 .1985805E+07   1000137E-02  .1717E+01 -.1242E+01   .9999991  .0003677 -.0012979
T 5365  1 .1984183E+07   1000153E-02 -.2085E+00 -.2101E+01   .9999998 -.0005945  .0002984
T 5366  1 .1983488E+07   1000202E-02 -.2489E+01 -.1291E+02   .9999931  .0001961 -.0036983
T 5367  1 .1985497E+07   1000155E-02 -.1277E+02 -.5105E+01   .9999967 -.0023754 -.0009791
T 5368  1 .1987521E+07   1000151E-02  .1683E+01  .1068E+02   .9999966  .0019606  .0016948
T 5369  1 .1986246E+07   1000181E-02  .2789E+01 -.3033E+01   .9999997  .0006038  .0005547
T 5370  1 .1983336E+07   1000118E-02 -.4421E+01  .4323E+01   .9999921 -.0039234 -.0006006
T 5371  1 .1982905E+07   1000112E-02  .1398E+01 -.4876E+01   .9999980  .0007377 -.0018769
T 5372  1 .1982177E+07   1000001E-02  .1827E+00 -.1273E+01   .9999966  .0012675 -.0022849
T 5373  1 .1979625E+07   1000170E-02  .3733E+01  .8506E+01   .9999986  .0007032  .0015151
T 5374  1 .1989837E+07   1000204E-02 -.1146E+02  .1585E+01   .9999989 -.0014963  .0002177
T 5375  1 .1982971E+07   1000192E-02  .1276E-01 -.5195E-01   .9999986  .0008253 -.0014292
T 5376  1 .1987930E+07   1000156E-02 -.8341E+01  .6266E+01   .9999991 -.0013153  .0002937
T 5377  1 .1983592E+07   1000151E-02  .5832E+01  .4083E+00   .9999982  .0018856  .0001174
T 5378  1 .1980848E+07   1000121E-02 -.1100E+02 -.3215E-02   .9999991 -.0013338 -.0000005
T 5379  1 .1979775E+07   1000127E-02  .6284E+00  .5476E+01   .9999996 -.0007302 -.0004305
T 5380  1 .1978552E+07   1000152E-02 -.5892E+01 -.8053E+01   .9999986 -.0013178 -.0009918
T 5381  1 .1982890E+07   1000068E-02 -.6480E+01  .8857E+01   .9999989 -.0012881  .0007826
T 5382  1 .1984925E+07   1000104E-02 -.2650E+01 -.1601E+01   .9999989  .0003374  .0014473
T 5383  1 .1985449E+07   1000204E-02  .5867E+01 -.1459E+02   .9999979  .0009798 -.0018123
T 5384  1 .1986976E+07   1000155E-02  .1170E+02 -.1409E+02   .9999778  .0054104 -.0038937
T 5385  1 .1986670E+07   1000164E-02 -.3303E+01 -.4626E+01   .9999983  .0016134  .0008429
T 5386  1 .1982481E+07   1000156E-02 -.6364E+01  .1529E+01   .9999983 -.0017517  .0006137
T 5387  1 .1985961E+07   1000095E-02  .1294E+02  .2031E+01   .9999994  .0010991  .0001150
T 5388  1 .1988180E+07   1000118E-02  .1582E+02  .3124E+02   .9999369  .0060358  .0094697
T 5389  1 .1985154E+07   1000149E-02  .1713E+01 -.1377E+02   .9999883 -.0003214 -.0048261
T 5390  1 .1982961E+07   1000142E-02  .1200E+01  .5992E+01   .9999980  .0014976  .0013019
T 5391  1 .1983314E+07   1000205E-02  .6268E+01  .3072E+01   .9999949  .0006804  .0031118
T 5392  1 .1982906E+07   1000146E-02  .8539E+01 -.1291E+02   .9999598  .0039976 -.0080262
T 5393  1 .1983520E+07   1000213E-02  .2410E+01  .3199E+01   .9999996  .0006032  .0006816
T 5394  1 .1979052E+07   1000223E-02  .3691E+02 -.3450E+02   .9999555  .0084023 -.0042988
T 5395  1 .1981466E+07   1000120E-02 -.1422E+01  .2135E+00   .9999995 -.0009881 -.0001739
T 5396  1 .1984176E+07   1000055E-02  .5411E+02  .2037E+02   .9998854  .0150258  .0018717
T 5397  1 .1986929E+07   1000158E-02 -.1729E+02  .1224E+01   .9999976 -.0021699 -.0001874
T 5398  1 .1982428E+07   1000122E-02  .2526E+01  .6247E+01   .9999747 -.0020087  .0068205
T 5399  1 .1983184E+07   1000178E-02  .1244E+02  .2472E+02   .9999939  .0014060  .0031894
T 5400  1 .1982245E+07   1000190E-02  .5500E+01  .3091E+01   .9999041 -.0021453  .0136791
T 5401  1 .1982383E+07   1000196E-02  .9868E+01  .1490E+02   .9999928  .0016821  .0034038
T 5402  1 .1983743E+07   1000184E-02  .4690E+00 -.7465E+01   .9999963  .0003526 -.0027041
T 5403  1 .1983301E+07   1000171E-02  .6670E+00  .1106E+02   .9999978  .0007494  .0019686
T 5404  1 .1989010E+07   1000176E-02  .7391E+01  .8109E+01   .9999988  .0012426  .0009054
T 5405  1 .1989246E+07   1000199E-02 -.4286E+00 -.5064E+01   .9999999 -.0004233  .0000597
T 5406  1 .1980720E+07   1000126E-02  .9122E+01 -.1642E-01   .9999990  .0013047 -.0004923
T 5407  1 .1987189E+07   1000155E-02  .6453E+01  .1064E+02   .9999979  .0012570  .0016391
T 5408  1 .1984637E+07   1000114E-02  .3727E+01 -.3958E+01   .9999967  .0009543 -.0023928
T 5409  1 .1978784E+07   1000116E-02  .3844E+01  .1013E+02   .9999954  .0010836  .0028187
T 5410  1 .1983758E+07   1000056E-02 -.8993E+01 -.1019E+02   .9999978  .0006783 -.0019633
T 5411  1 .1983494E+07   1000005E-02 -.6513E+01  .9122E+01   .9999917 -.0030406  .0026947
T 5412  1 .1985059E+07   1000046E-02 -.2340E+01 -.7555E+01   .9999969 -.0014060 -.0020782
T 5413  1 .1989162E+07   1000199E-02 -.2315E+01 -.1939E+01   .9999987 -.0014019 -.0007747
T 5414  1 .1983604E+07   1000215E-02 -.1929E+00  .6924E+01   .9999999  .0002203  .0002138
T 5415  1 .1982637E+07   1000110E-02  .9811E+01  .6735E+01   .9999980  .0016626  .0010816
T 5416  1 .1985827E+07   1000218E-02  .7026E+01  .7640E+01   .9999980  .0004776  .0019628
T 5417  1 .1993148E+07   1000130E-02 -.1126E+02  .4812E+01   .9999997 -.0006183  .0003465
T 5418  1 .1985320E+07   1000183E-02 -.5523E+00  .4737E+01   .9999973 -.0021601 -.0008394
T 5419  1 .1986965E+07   1000216E-02  .6702E+01  .2240E+01   .9998457  .0026188  .0173689
T 5420  1 .1984159E+07   1000214E-02 -.3741E+01 -.9916E+01   .9999966 -.0006887 -.0025166
T 5421  1 .1981247E+07   1000150E-02  .1862E+02 -.2373E+02   .9999951  .0028143 -.0013356
T 5422  1 .1984778E+07   1000135E-02  .1919E+01 -.1078E+02   .9999975 -.0000103 -.0022273
T 5423  1 .1980505E+07   1000165E-02  .4653E+01  .1545E+02   .9999689  .0033363  .0071526
T 5424  1 .1988250E+07   1000141E-02 -.9534E+01  .1081E-01   .9999972 -.0023212 -.0005323
T 5425  1 .1980582E+07   1000214E-02  .2493E+02 -.1334E+02   .9999851  .0038909 -.0038380
T 5426  1 .1986363E+07   1000220E-02 -.3143E+01 -.6718E+01   .9999998 -.0003636 -.0004270
T 5427  1 .1983312E+07   1000174E-02 -.8212E+01  .3762E+00   .9999982 -.0010128 -.0015815
T 5428  1 .1984663E+07   1000223E-02 -.2615E+02  .1903E+02   .9999919 -.0031170  .0025349
T 5429  1 .1985255E+07   1000004E-02 -.5788E+01  .9599E+00   .9999978 -.0012391 -.0017083
T 5430  1 .1982295E+07   1000131E-02 -.4066E+01  .1216E+02   .9999972 -.0000666  .0023697
T 5431  1 .1980228E+07   1000003E-02  .6287E+01  .3773E+01   .9999959  .0027408  .0008566
T 5432  1 .1983440E+07   1000053E-02  .4588E+01  .6339E+01   .9999976  .0006706  .0020764
T 5433  1 .1981592E+07   1000194E-02  .7761E+01  .1634E+02   .9999801 -.0009840  .0062385
T 5434  1 .1990860E+07   1000162E-02 -.6454E+01  .1583E+01   .9999996 -.0008459  .0001342
T 5435  1 .1992651E+07   1000152E-02  .9028E+02  .1516E+02   .9999306  .0116185  .0019282
T 5436  1 .1983915E+07   1000200E-02 -.8263E+00  .1383E+01   .9999999 -.0004612  .0002208
T 5437  1 .1990567E+07   1000126E-02 -.1203E+02  .3692E+01   .9999957 -.0022565  .0018504
T 5438  1 .1989942E+07   1000008E-02  .4576E+00 -.1974E+01   .9999999 -.0003410 -.0003062
T 5439  1 .1986338E+07   1000040E-02 -.1023E+02  .1099E+02   .9999971 -.0013904  .0019679
T 5440  1 .1985316E+07   1000151E-02  .4581E+01  .4434E+01   .9999987  .0012684  .0010133
T 5441  1 .1982233E+07   1000108E-02  .1203E+01  .2130E+02   .9999882  .0007358  .0048044
T 5442  1 .1987868E+07   1000190E-02  .2052E+01  .1697E+00   .9999994  .0009668  .0004234
T 5443  1 .1986943E+07   1000034E-02  .4263E+01 -.4397E+01   .9999972 -.0019690 -.0013154
T 5444  1 .1981885E+07   1000003E-02  .7874E+01 -.4656E+01   .9999964  .0003990 -.0026508
T 5445  1 .1987152E+07   1000068E-02  .7385E-01  .1978E+02   .9999877 -.0005135  .0049267
T 5446  1 .1985944E+07   1000201E-02 -.3104E+00 -.1986E+02   .9999975 -.0017562 -.0013897
T 5447  1 .1986502E+07   1000042E-02  .1040E+00 -.5666E+00   .9999974  .0007280  .0021735
T 5448  1 .1984349E+07   1000181E-02  .7779E+01 -.7606E+00   .9999987  .0015004 -.0006361
T 5449  1 .1984593E+07   1000216E-02 -.5434E+00  .2306E+02   .9999792  .0000585  .0064434
T 5450  1 .1986244E+07   1000142E-02 -.2440E+02 -.1949E+02   .9999889 -.0046004 -.0010238
T 5451  1 .1983703E+07   1000208E-02  .6887E+01 -.3269E+01   .9999956  .0028804 -.0006934
T 5452  1 .1982837E+07   1000017E-02 -.3322E+01  .6600E+01   .9999982 -.0006331  .0018134
T 5453  1 .1983041E+07   1000169E-02  .3744E+01 -.1346E+01   .9999988  .0014409 -.0006280
T 5454  1 .1984893E+07   1000221E-02  .2070E+02 -.9440E+01   .9999880  .0048392 -.0008068
T 5455  1 .1986084E+07   1000124E-02  .2324E+01 -.2553E+01   .9999994  .0003175 -.0010627
T 5456  1 .1983971E+07   1000207E-02  .5433E+01  .2848E+01   .9999979  .0020116 -.0003935
T 5457  1 .1986512E+07   1000114E-02  .7638E+02 -.5137E+02   .9999399  .0102791 -.0038225
T 5458  1 .1983019E+07   1000135E-02 -.7296E+00  .3207E+00   .9999985  .0016985  .0002688
T 5459  1 .1982996E+07   1000182E-02  .1154E+02 -.6634E+01   .9999962  .0010989 -.0025248
T 5460  1 .1978865E+07   1000026E-02 -.4675E+00  .3336E+00   .9999998  .0003785  .0004646
T 5461  1 .1985555E+07   1000219E-02  .1010E+02  .2210E+00   .9999916  .0040475  .0006111
T 5462  1 .1985007E+07   1000088E-02  .3521E+00  .2464E+01   .9999963 -.0005846  .0026616
T 5463  1 .1979722E+07   1000089E-02  .1431E+02 -.8120E+01   .9999920  .0036433 -.0016406
T 5464  1 .1983745E+07   1000214E-02 -.4387E+01 -.1240E+02   .9999981  .0002798 -.0019365
T 5465  1 .1986383E+07   1000002E-02 -.4290E+01  .1061E+02   .9999971 -.0021274  .0010906
T 5466  1 .1983282E+07   1000151E-02 -.2109E+01 -.1147E+02   .9999923  .0005189 -.0038852
T 5467  1 .1980668E+07   1000156E-02 -.3823E+01 -.1989E+02   .9999872 -.0003702 -.0050379
T 5468  1 .1985067E+07   1000206E-02 -.1341E+02  .1361E+02   .9999974 -.0019622  .0011842
T 5469  1 .1982745E+07   1000034E-02  .7953E+01  .3562E-01   .9999989  .0012023  .0008134
T 5470  1 .1984516E+07   1000005E-02  .6141E+01 -.1457E+02   .9999951  .0010732 -.0029379
T 5471  1 .1983771E+07   1000080E-02 -.8000E+01 -.2680E+01   .9999967 -.0003310 -.0025361
T 5472  1 .1979379E+07   1000060E-02  .8756E+01  .5818E+01   .9999984  .0011610  .0013517
T 5473  1 .1987538E+07   1000161E-02  .2170E+02 -.1833E+02   .9999914  .0039333 -.0012884
T 5474  1 .1982488E+07   1000073E-02 -.5569E+01  .1246E+02   .9999752  .0024706  .0065988
T 5475  1 .1983611E+07   1000115E-02  .4289E+01 -.1213E+01   .9999983  .0018289  .0002227
T 5476  1 .1983381E+07   1000042E-02 -.3409E+01  .9327E+01   .9999997 -.0004168  .0005962
T 5477  1 .1987157E+07   1000037E-02 -.8221E+00 -.1276E+00   .9999958 -.0002656  .0028976
T 5478  1 .1985384E+07   1000168E-02  .7258E+01 -.1022E+02   .9999986  .0000028 -.0016749
T 5479  1 .1985428E+07   1000127E-02 -.7879E+01 -.5891E+00   .9999863 -.0051902 -.0006482
T 5480  1 .1981543E+07   1000193E-02  .7357E+01 -.1734E+02   .9999696  .0044833 -.0063790
T 5481  1 .1983412E+07   1000134E-02  .1768E+01 -.1483E+00   .9999984  .0016308  .0007106
T 5482  1 .1982673E+07   1000133E-02 -.1899E+01 -.2011E+01   .9999972 -.0023302 -.0003130
T 5483  1 .1988571E+07   1000210E-02 -.1326E+01 -.7479E+00   .9999999  .0003894 -.0002330
T 5484  1 .1988612E+07   1000008E-02  .1264E+02  .8984E+01   .9999903  .0039685  .0018847
T 5485  1 .1988421E+07   1000019E-02  .8139E+01 -.2860E+01   .9999968 -.0008183 -.0023994
T 5486  1 .1979943E+07   1000006E-02  .7276E+00 -.2052E+02   .9999900  .0009268 -.0043747
T 5487  1 .1987868E+07   1000057E-02 -.6729E+01 -.1034E+02   .9999949 -.0014133 -.0028604
T 5488  1 .1979833E+07   1000059E-02  .1243E+02 -.2090E+02   .9999776  .0030888 -.0059428
T 5489  1 .1980297E+07   1000210E-02  .1130E+02  .1139E+01   .9999965  .0026039  .0005144
T 5490  1 .1982203E+07   1000195E-02  .1336E+02 -.1390E+02   .9999955  .0010369 -.0028210
T 5491  1 .1988402E+07   1000219E-02 -.1971E+02 -.3872E+02   .9999411 -.0047852 -.0097415
T 5492  1 .1980086E+07   1000155E-02  .1949E+01  .3588E+02   .9999708 -.0015287  .0074833
T 5493  1 .1988559E+07   1000157E-02 -.8648E+01  .1201E+00   .9999053 -.0129383  .0046919
T 5494  1 .1985419E+07   1000215E-02 -.2337E+01 -.3417E+01   .9999997  .0005366 -.0005836
T 5495  1 .1982841E+07   1000089E-02  .2425E+02  .7218E+02   .9999650  .0042187  .0072211
T 5496  1 .1987821E+07   1000068E-02  .9199E+01 -.1330E+01   .9999865  .0051481 -.0006461
T 5497  1 .1987107E+07   1000082E-02  .4933E+01 -.6122E+01   .9999961  .0007056 -.0027074
T 5498  1 .1982904E+07   1000081E-02  .2051E+01  .3102E+01   .9999974  .0013136  .0018675
T 5499  1 .1982554E+07   1000194E-02 -.1302E+02  .3927E+01   .9999978 -.0018766 -.0009248
T 5500  1 .1980517E+07   1000135E-02  .3663E+02  .4127E+01   .9999751  .0070137  .0008390
T 5501  1 .1984179E+07   1000215E-02 -.3631E+01  .2118E+02   .9999943  .0001298  .0033821
T 5502  1 .1980646E+07   1000150E-02  .1363E+02  .1172E+02   .9999942  .0030335  .0015602
T 5503  1 .1989348E+07   1000098E-02  .1163E+01 -.5919E-01   .9999982  .0010354  .0016002
T 5504  1 .1981215E+07   1000016E-02 -.4479E+01 -.4556E+01   .9999964 -.0014078 -.0022643
T 5505  1 .1988679E+07   1000076E-02 -.5418E+01 -.4741E+01   .9999977 -.0012202 -.0017438
T 5506  1 .1984688E+07   1000173E-02  .1768E+02 -.1098E+02   .9999975  .0019093 -.0011870
T 5507  1 .1987515E+07   1000119E-02  .1317E+02  .1433E+02   .9999814  .0030782  .0052635
T 5508  1 .1984362E+07   1000173E-02  .1539E+02 -.1048E+02   .9999932  .0024688 -.0027273
T 5509  1 .1990089E+07   1000128E-02 -.1167E+02  .4579E+01   .9999972 -.0020390  .0011624
T 5510  1 .1988709E+07   1000144E-02  .1668E+01  .5741E+01   .9999900  .0044533  .0003785
T 5511  1 .1985158E+07   1000048E-02 -.8603E+00  .3218E+01   .9999994 -.0007568  .0008278
T 5512  1 .1986909E+07   1000142E-02  .3902E+01  .4353E+01   .9999989  .0011473  .0008996
T 5513  1 .1985134E+07   1000195E-02 -.2814E+00  .1965E+01   .9999994 -.0001073  .0010568
T 5514  1 .1986705E+07   1000131E-02 -.1305E+01  .2237E+01   .9999999 -.0000420 -.0004959
T 5515  1 .1987969E+07   1000015E-02 -.8729E+00  .7059E+00   .9999981 -.0019510  .0002470
T 5516  1 .1983172E+07   1000108E-02  .6193E+01 -.5071E+01   .9999984  .0013915 -.0011322
T 5517  1 .1985149E+07   1000224E-02  .2636E+01  .1631E+01   .9999996  .0005778 -.0006828
T 5518  1 .1991995E+07   1000098E-02 -.7300E+01  .3555E+02   .9999322  .0030504  .0112363
T 5519  1 .1986050E+07   1000078E-02  .4583E+01  .7735E+00   .9999989  .0005668  .0013576
T 5520  1 .1982177E+07   1000176E-02  .1079E+02 -.2749E+01   .9999986  .0014119 -.0008468
T 5521  1 .1988888E+07   1000001E-02  .1042E+02 -.3640E+01   .9999948  .0022025 -.0023514
T 5522  1 .1980683E+07   1000179E-02  .1383E+01 -.6031E+00   .9999995  .0000253 -.0010319
T 5523  1 .1985796E+07   1000225E-02 -.3451E+01 -.5769E+00   .9999982 -.0011480 -.0014949
T 5524  1 .1986387E+07   1000100E-02  .2093E+00 -.5221E+01   .9999955  .0014444 -.0026110
T 5525  1 .1983880E+07   1000050E-02  .3608E+00  .3332E+01   .9999968  .0024859 -.0005103
T 5526  1 .1986669E+07   1000188E-02  .4033E+00 -.1150E+01   .9999988 -.0014112 -.0006944
T 5527  1 .1988488E+07   1000075E-02  .5587E+01 -.3429E+01   .9999996  .0006151 -.0007103
T 5528  1 .1987788E+07   1000166E-02  .1905E+03 -.1207E+03   .9989755  .0379772 -.0246101
T 5529  1 .1988424E+07   1000160E-02 -.1883E+00  .9871E+00   .9999997 -.0005575  .0004796
T 5530  1 .1982398E+07   1000223E-02 -.4876E+02 -.5088E+01   .9999886 -.0047100  .0007909
T 5531  1 .1981841E+07   1000217E-02 -.9753E+01 -.1265E+01   .9999938 -.0027477  .0022085
T 5532  1 .1983350E+07   1000112E-02 -.1683E+01  .1246E+01   .9999999  .0003687  .0000112
T 5533  1 .1984974E+07   1000136E-02 -.1602E+01 -.8430E+01   .9999991  .0003676 -.0013051
T 5534  1 .1980697E+07   1000112E-02  .6152E+00  .4559E+00   .9999989  .0003120  .0014811
T 5535  1 .1984342E+07   1000001E-02 -.2420E+01 -.4947E+01   .9999940 -.0011156 -.0032745
T 5536  1 .1986334E+07   1000203E-02  .2645E+01 -.1164E+01   .9999999  .0004676  .0002712
T 5537  1 .1979861E+07   1000127E-02 -.1018E+02 -.3502E-01   .9999960 -.0024055 -.0014897
T 5538  1 .1987197E+07   1000072E-02  .9525E+01 -.1269E+02   .9999944  .0017402 -.0028422
T 5539  1 .1981170E+07   1000112E-02  .8874E+01  .9617E+01   .9999824  .0023664  .0054346
T 5540  1 .1984462E+07   1000207E-02 -.2117E+02 -.7595E+01   .9997690 -.0195823 -.0088552
T 5541  1 .1986270E+07   1000225E-02  .1680E+01  .1413E+01   .9999908  .0003763  .0042623
T 5542  1 .1986738E+07   1000163E-02 -.3478E+01 -.2843E+01   .9999996 -.0005041 -.0007765
T 5543  1 .1985370E+07   1000154E-02 -.5530E+00  .6145E+01   .9999989  .0010424  .0010537
T 5544  1 .1985374E+07   1000031E-02 -.1326E+02 -.9970E+01   .9999924 -.0032511 -.0021417
T 5545  1 .1985625E+07   1000186E-02 -.6493E+00  .5183E+01   .9999995 -.0005783  .0008231
T 5546  1 .1981194E+07   1000065E-02  .1374E+01  .9421E+01   .9999955  .0007130  .0029166
T 5547  1 .1989808E+07   1000220E-02  .5600E+01 -.1584E+01   .9999995  .0001452 -.0009853
T 5548  1 .1982349E+07   1000129E-02  .9144E+01  .4237E+01   .9999969  .0024485  .0004930
T 5549  1 .1982673E+07   1000084E-02 -.1575E+01 -.2535E+01   .9999998 -.0001043 -.0006706
T 5550  1 .1984982E+07   1000076E-02 -.6238E+02  .9096E+02   .9995763 -.0140434  .0254933
T 5551  1 .1983832E+07   1000147E-02 -.2453E+00  .2785E+01   .9999982  .0004464  .0018197
T 5552  1 .1985425E+07   1000005E-02  .2185E+01  .2090E+01   .9999970  .0007019 -.0023452
T 5553  1 .1987564E+07   1000078E-02  .1064E+02 -.8267E+01   .9999947  .0023049 -.0022781
T 5554  1 .1987584E+07   1000093E-02 -.3092E+01  .1535E+02   .9999972 -.0023265  .0003702
T 5555  1 .1981445E+07   1000177E-02  .7535E+01  .4158E+01   .9999925  .0029705  .0024881
T 5556  1 .1985395E+07   1000122E-02 -.3012E+01 -.1577E+02   .9999908 -.0000879 -.0042848
T 5557  1 .1983216E+07   1000041E-02 -.3073E+01 -.9001E+01   .9999991  .0006411 -.0011480
T 5558  1 .1987814E+07   1000226E-02  .5659E+01 -.4288E+01   .9999967  .0020756 -.0015397
T 5559  1 .1981044E+07   1000167E-02 -.1183E+01 -.3995E+01   .9999991 -.0013015 -.0003758
T 5560  1 .1988327E+07   1000207E-02  .3487E+01  .3435E-01   .9999999  .0004509 -.0001883
T 5561  1 .1983665E+07   1000199E-02  .1424E+02  .2549E+02   .9999909  .0013667  .0040383
T 5562  1 .1984970E+07   1000040E-02  .7493E+00  .2006E+01   .9999993 -.0002051  .0011739
T 5563  1 .1980462E+07   1000078E-02  .1352E+01  .2718E+01   .9999992  .0012632  .0000662
T 5564  1 .1986200E+07   1000112E-02 -.5855E+00 -.1793E+01   .9999982 -.0016159 -.0009956
T 5565  1 .1988438E+07   1000207E-02  .4212E+01  .7018E+01   .9999916  .0036631  .0018137
T 5566  1 .1984344E+07   1000066E-02 -.1811E+01 -.2109E+00   .9999988 -.0015347  .0002161
T 5567  1 .1983818E+07   1000159E-02 -.3288E+02 -.1222E+02   .9999902 -.0044030 -.0004651
T 5568  1 .1979730E+07   1000125E-02  .5994E+01  .3621E+01   .9999969  .0021560  .0012238
T 5569  1 .1984580E+07   1000208E-02 -.3902E+01  .4453E+01   .9999996 -.0005907  .0007295
T 5570  1 .1989260E+07   1000067E-02  .5584E+01 -.1000E+02   .9999811  .0028826 -.0054258
T 5571  1 .1989082E+07   1000180E-02  .1510E+02 -.2938E+02   .9999873  .0036852 -.0034322
T 5572  1 .1980903E+07   1000208E-02 -.2946E+00 -.4201E+01   .9999997  .0000020 -.0007813
T 5573  1 .1982516E+07   1000140E-02  .8601E+01  .2400E+02   .9999915  .0026473  .0031495
T 5574  1 .1988328E+07   1000207E-02  .2624E+01 -.9142E+00   .9999988  .0012685 -.0008356
T 5575  1 .1987476E+07   1000195E-02 -.4860E+00  .1136E+01   .9999978 -.0014995  .0014338
T 5576  1 .1988581E+07   1000174E-02 -.8150E+01  .5226E+01   .9999994 -.0010639  .0001318
T 5577  1 .1984924E+07   1000114E-02  .1140E+02 -.1214E+02   .9999880  .0022113 -.0043792
T 5578  1 .1984764E+07   1000044E-02  .1395E+00  .1277E+02   .9999954  .0011887  .0027914
T 5579  1 .1981506E+07   1000066E-02 -.2654E+01  .5530E+01   .9999966 -.0009923  .0024196
T 5580  1 .1987946E+07   1000096E-02  .2123E+02 -.9716E+01   .9999843  .0054549 -.0012768
T 5581  1 .1988379E+07   1000040E-02  .4159E+00 -.1158E+01   .9999988  .0015340  .0001064
T 5582  1 .1981276E+07   1000006E-02  .1870E+01  .2711E+00   .9999983  .0018469  .0001390
T 5583  1 .1988388E+07   1000187E-02 -.2363E+01 -.4776E+01   .9999985 -.0016110 -.0006903
T 5584  1 .1986267E+07   1000199E-02  .1064E+02  .1046E+01   .9999973  .0022232  .0006797
T 5585  1 .1982793E+07   1000166E-02 -.1685E+02 -.2145E+02   .9999610 -.0030970 -.0082655
T 5586  1 .1984387E+07   1000093E-02 -.1023E+02  .1296E+02   .9999972 -.0013264  .0019726
T 5587  1 .1985040E+07   1000117E-02  .1424E+02  .2619E+02   .9999928  .0008063  .0037017
T 5588  1 .1985658E+07   1000041E-02  .1186E+02  .1441E+02   .9999969 -.0018915  .0016390
T 5589  1 .1984298E+07   1000204E-02 -.1025E+02  .2683E+01   .9999990 -.0005126  .0013238
T 5590  1 .1985357E+07   1000120E-02  .1250E+02 -.7685E+01   .9999951  .0028268 -.0013082
T 5591  1 .1983199E+07   1000089E-02  .3069E+01 -.9711E+00   .9999996  .0007186 -.0005389
T 5592  1 .1985209E+07   1000030E-02 -.3675E+02 -.1080E+02   .9999655 -.0082483 -.0009429
T 5593  1 .1985367E+07   1000161E-02  .1740E+02 -.3286E+01   .9999974  .0022652 -.0003675
T 5594  1 .1982095E+07   1000218E-02 -.5584E+01  .5664E+01   .9999967 -.0015605  .0020455
T 5595  1 .1981925E+07   1000136E-02 -.1751E+01 -.3197E+01   .9999996 -.0008138  .0004132
T 5596  1 .1980450E+07   1000204E-02 -.6073E+01  .2219E+01   .9999979 -.0019525  .0005689
T 5597  1 .1984502E+07   1000174E-02 -.5445E+01  .3272E+01   .9999917 -.0029540  .0027946
T 5598  1 .1987235E+07   1000142E-02 -.4066E+01  .7607E+01   .9999994 -.0004425  .0009850
T 5599  1 .1988529E+07   1000087E-02  .9969E+01 -.2080E+02   .9999679  .0060856 -.0052167
T 5600  1 .1985350E+07   1000125E-02 -.6180E+01  .1501E+02   .9999930 -.0018018  .0032716
T 5601  1 .1988013E+07   1000175E-02 -.8188E+01 -.2840E+00   .9999985 -.0017370 -.0000134
T 5602  1 .1988089E+07   1000089E-02  .2209E+01 -.1970E+01   .9999982  .0009137 -.0016499
T 5603  1 .1984636E+07   1000017E-02  .3480E+00  .5145E+01   .9999864  .0005153  .0051821
T 5604  1 .1981866E+07   1000187E-02  .2058E+01 -.4283E+01   .9999958  .0025855 -.0013115
T 5605  1 .1980281E+07   1000072E-02 -.4490E+01 -.4097E+01   .9999979 -.0012186 -.0016601
T 5606  1 .1981972E+07   1000154E-02 -.1310E+02 -.1062E+02   .9999906 -.0031480 -.0029979
T 5607  1 .1987668E+07   1000196E-02 -.9668E+01 -.2693E+01   .9999992 -.0012921 -.0001718
T 5608  1 .1982832E+07   1000146E-02  .1617E+01  .1453E+02   .9999801 -.0023520  .0058620
T 5609  1 .1983444E+07   1000099E-02  .2083E+01  .1353E+02   .9999882 -.0018300  .0045050
T 5610  1 .1985980E+07   1000184E-02  .3295E+00  .2928E+01   .9999968  .0007354  .0024150
T 5611  1 .1989388E+07   1000060E-02  .1095E+01  .1871E+01   .9999998 -.0003116  .0005581
T 5612  1 .1984608E+07   1000021E-02  .7956E+00  .4389E+00   .9999998 -.0001959 -.0005188
T 5613  1 .1985441E+07   1000103E-02  .2436E+02 -.3282E+02   .9999743  .0037768 -.0061010
T 5614  1 .1987347E+07   1000180E-02  .1519E+01 -.8006E+01   .9999999  .0000063 -.0000589
T 5615  1 .1986010E+07   1000047E-02 -.5063E+01  .2704E+01   .9999954 -.0013094  .0027234
T 5616  1 .1985691E+07   1000200E-02  .6798E+01  .3665E+01   .9999972  .0023156 -.0005123
T 5617  1 .1987196E+07   1000095E-02  .6884E+01  .7034E+01   .9999979  .0014106  .0014742
T 5618  1 .1989920E+07   1000112E-02 -.6004E+01  .5473E+01   .9999968 -.0017231  .0018420
T 5619  1 .1986621E+07   1000164E-02 -.6782E+01 -.1729E+02   .9999851 -.0021902 -.0050043
T 5620  1 .1979224E+07   1000033E-02  .2038E+02 -.3121E+01   .9999925  .0038822  .0000781
T 5621  1 .1984250E+07   1000108E-02 -.4826E+01  .7944E+00   .9999992 -.0011929  .0003668
T 5622  1 .1985007E+07   1000170E-02 -.7885E+01  .1543E+02   .9999970 -.0020962  .0012590
T 5623  1 .1988341E+07   1000010E-02  .2002E+02  .2592E+02   .9999915  .0020460  .0035701
T 5624  1 .1985746E+07   1000014E-02 -.1541E+02 -.2003E+02   .9999771 -.0027843 -.0061676
T 5625  1 .1985903E+07   1000122E-02  .1749E+02  .2755E+01   .9999981  .0018438  .0006881
T 5626  1 .1988012E+07   1000169E-02 -.7310E+01 -.8266E+01   .9999960 -.0017351 -.0022166
T 5627  1 .1982020E+07   1000224E-02  .2432E+01  .2023E+01   .9999998  .0005833 -.0000393
T 5628  1 .1984147E+07   1000013E-02 -.2565E+01 -.9405E+01   .9999964 -.0012500 -.0023640
T 5629  1 .1982675E+07   1000191E-02  .3558E+01  .5680E+01   .9999945  .0012246  .0030967
T 5630  1 .1983157E+07   1000131E-02 -.7877E+01  .2906E+01   .9999857 -.0049023  .0021148
T 5631  1 .1983574E+07   1000023E-02 -.4663E+01 -.5131E+01   .9999919 -.0029302 -.0027554
T 5632  1 .1986513E+07   1000145E-02 -.5010E+00  .8411E+00   .9999992 -.0010369 -.0007806
T 5633  1 .1983279E+07   1000006E-02  .1321E+01  .1148E+02   .9999990 -.0012897  .0005762
T 5634  1 .1980519E+07   1000153E-02  .3754E-01  .2377E+01   .9999906 -.0020305  .0038217
T 5635  1 .1985854E+07   1000003E-02 -.8184E+01  .3578E+02   .9999816 -.0007404  .0060194
T 5636  1 .1986392E+07   1000123E-02  .2645E+01  .1232E+02   .9999973 -.0003105  .0023073
T 5637  1 .1983419E+07   1000188E-02  .1730E+02  .3184E+01   .9999943  .0030072  .0015062
T 5638  1 .1979746E+07   1000134E-02 -.1109E+02  .7957E+01   .9999965 -.0011451  .0023837
T 5639  1 .1986403E+07   1000139E-02 -.2431E+01 -.4337E+01   .9999997  .0001717 -.0007684
T 5640  1 .1984334E+07   1000140E-02  .2093E+01  .1350E+02   .9999962  .0015183  .0022905
T 5641  1 .1981955E+07   1000106E-02  .7197E+01  .2240E+01   .9999990  .0014009 -.0000956
T 5642  1 .1992458E+07   1000065E-02  .9249E+01  .1632E+02   .9999864  .0038023  .0035789
T 5643  1 .1985520E+07   1000161E-02 -.3944E+01 -.6027E+01   .9999996  .0004731 -.0007770
T 5644  1 .1989016E+07   1000182E-02 -.4189E+01 -.9871E+01   .9999978 -.0014196 -.0015672
T 5645  1 .1981297E+07   1000024E-02 -.3520E+00 -.7051E+00   .9999995 -.0007672 -.0005847
T 5646  1 .1984110E+07   1000197E-02  .1444E+00  .1824E+02   .9999946  .0014837  .0029196
T 5647  1 .1990467E+07   1000088E-02 -.1409E+01 -.1341E+02   .9999662  .0015636 -.0080680
T 5648  1 .1984400E+07   1000108E-02 -.1808E+01 -.9649E+00   .9999998 -.0006322  .0002379
T 5649  1 .1985506E+07   1000172E-02  .9101E+00  .1728E+01   .9999996  .0008823 -.0000576
T 5650  1 .1988617E+07   1000038E-02  .2627E+01 -.8274E+00   .9999996  .0008875  .0001891
T 5651  1 .1986262E+07   1000153E-02 -.2641E+02  .4037E+01   .9999932 -.0035295  .0010856
T 5652  1 .1987761E+07   1000005E-02 -.4115E+01  .2884E+01   .9999968 -.0016488  .0019196
T 5653  1 .1982128E+07   1000219E-02 -.5187E+01 -.1362E+01   .9999912  .0035572 -.0022340
T 5654  1 .1986209E+07   1000187E-02 -.3684E+01 -.9119E+00   .9999966 -.0024247  .0009657
T 5655  1 .1985568E+07   1000175E-02  .1322E+02 -.2556E+01   .9999971  .0023938 -.0002396
T 5656  1 .1984918E+07   1000121E-02 -.2393E+01  .5494E+01   .9999983 -.0018248 -.0001018
T 5657  1 .1986207E+07   1000205E-02 -.1313E+02 -.6439E-01   .9999994 -.0010864 -.0000317
T 5658  1 .1983146E+07   1000048E-02  .2414E+01  .1526E+02   .9999952 -.0002001  .0031066
T 5659  1 .1983472E+07   1000136E-02  .5921E+00 -.2087E+02   .9999929  .0004019 -.0037587
T 5660  1 .1983166E+07   1000142E-02 -.5449E+01  .7617E+01   .9999971 -.0003591  .0023868
T 5661  1 .1988073E+07   1000018E-02 -.3561E+01  .2108E+01   .9999945 -.0021207  .0025626
T 5662  1 .1980921E+07   1000203E-02 -.1348E+02 -.1019E+02   .9999815 -.0056199 -.0023073
T 5663  1 .1984500E+07   1000073E-02 -.4028E+00 -.4776E+01   .9999978  .0007493 -.0019435
T 5664  1 .1986688E+07   1000163E-02 -.2528E+01  .5978E+01   .9999997 -.0003499 -.0006816
T 5665  1 .1982118E+07   1000188E-02  .6045E+01  .2410E+01   .9999973  .0022759 -.0005054
T 5666  1 .1985723E+07   1000130E-02  .7455E+00 -.2244E+01   .9999977  .0000998 -.0021368
T 5667  1 .1980580E+07   1000169E-02  .1983E+02 -.3541E+01   .9999972  .0021957 -.0008861
T 5668  1 .1988895E+07   1000200E-02  .1653E+02  .5338E+01   .9999914  .0037739  .0017263
T 5669  1 .1985098E+07   1000029E-02  .1516E+01  .3849E+01   .9999997 -.0005921  .0004585
T 5670  1 .1984663E+07   1000030E-02  .1098E+01  .3297E+01   .9999986  .0016103  .0003488
T 5671  1 .1986083E+07   1000028E-02  .3029E+01  .9670E+00   .9999987  .0014023  .0007437
T 5672  1 .1985568E+07   1000182E-02 -.3177E+02 -.8733E+01   .9999921 -.0039047 -.0008017
T 5673  1 .1983259E+07   1000213E-02  .1472E+01 -.4900E+01   .9999981 -.0006141 -.0018421
T 5674  1 .1988496E+07   1000175E-02  .5146E+01 -.1174E+02   .9999911  .0015269 -.0039403
T 5675  1 .1985719E+07   1000165E-02  .3189E+01 -.5191E+01   .9999986  .0008857 -.0014327
T 5676  1 .1982634E+07   1000185E-02  .3021E+01  .9488E+01   .9999992 -.0003917  .0012002
T 5677  1 .1985408E+07   1000160E-02  .7094E+01 -.2220E+01   .9999985  .0016804 -.0005190
T 5678  1 .1988634E+07   1000179E-02 -.1039E+02  .6122E+01   .9999971 -.0019187  .0014411
T 5679  1 .1985738E+07   1000126E-02 -.5501E+00 -.1272E+01   .9999975 -.0011974 -.0018874
T 5680  1 .1980810E+07   1000119E-02 -.2289E+01  .6026E+01   .9999974 -.0012725  .0018795
T 5681  1 .1986510E+07   1000002E-02 -.4053E+00  .6785E+00   .9999991  .0013068  .0003209
T 5682  1 .1985660E+07   1000054E-02  .4356E+00  .1972E+01   .9999962 -.0021461 -.0017049
T 5683  1 .1986774E+07   1000001E-02 -.1642E+01  .2374E+01   .9999834  .0021134 -.0053668
T 5684  1 .1990277E+07   1000007E-02  .2891E+01 -.1341E+02   .9999996  .0002786 -.0008131
T 5685  1 .1982361E+07   1000225E-02  .2822E-01  .1147E+00   .9999991 -.0005338  .0011908
T 5686  1 .1986198E+07   1000218E-02 -.2389E+01 -.3464E+01   .9999999 -.0001579 -.0004247
T 5687  1 .1982292E+07   1000127E-02  .6839E+01 -.9156E+00   .9999971  .0012528 -.0020348
T 5688  1 .1983781E+07   1000206E-02  .5398E+01 -.1242E+02   .9999999 -.0000224 -.0003129
T 5689  1 .1991432E+07   1000159E-02  .5173E-01 -.3502E+01   .9999992  .0010607 -.0006987
T 5690  1 .1981990E+07   1000170E-02  .3086E+02 -.8113E+01   .9999865  .0051024 -.0010248
T 5691  1 .1985620E+07   1000160E-02  .1628E+01  .5741E+01   .9999938 -.0003505  .0035106
T 5692  1 .1983558E+07   1000058E-02  .6788E+01 -.1026E+02   .9999946  .0019582 -.0026346
T 5693  1 .1991163E+07   1000026E-02 -.3169E+02  .6755E+00   .9999904 -.0041517  .0013662
T 5694  1 .1980270E+07   1000148E-02  .2439E+01 -.1015E+02   .9999932 -.0005729 -.0036343
T 5695  1 .1988114E+07   1000134E-02 -.3353E+01  .7766E+01   .9999995 -.0001548  .0009627
T 5696  1 .1984265E+07   1000189E-02  .1090E+02  .3820E+01   .9999722  .0070371  .0024825
T 5697  1 .1980654E+07   1000197E-02 -.3423E+02  .1643E+02   .9999757 -.0062952  .0030009
T 5698  1 .1982391E+07   1000124E-02  .9331E+00 -.1554E+02   .9999983  .0011861 -.0014102
T 5699  1 .1991016E+07   1000027E-02  .1889E+02  .2848E+01   .9999923  .0039026  .0003070
T 5700  1 .1979129E+07   1000027E-02  .1667E+01  .5785E+00   .9999995  .0003409 -.0009464
T 5701  1 .1987479E+07   1000202E-02 -.9466E+01 -.1122E+02   .9999972  .0005654 -.0022767
T 5702  1 .1981370E+07   1000129E-02  .7536E+01 -.2051E+02   .9999955 -.0007063 -.0029316
T 5703  1 .1989233E+07   1000135E-02 -.9929E+00 -.4447E+01   .9999995  .0000062 -.0010111
T 5704  1 .1983619E+07   1000006E-02  .1179E+01  .4709E+01   .9999895  .0044840  .0009468
T 5705  1 .1981845E+07   1000060E-02 -.7136E+01 -.2216E+01   .9999988 -.0015153 -.0002485
T 5706  1 .1985517E+07   1000097E-02 -.5017E+01 -.6731E+01   .9999886 -.0021696 -.0042642
T 5707  1 .1989846E+07   1000198E-02 -.5593E+01 -.1130E+02   .9999970 -.0012847 -.0021013
T 5708  1 .1986829E+07   1000219E-02  .9737E+01  .7845E+00   .9999974  .0022422  .0004756
T 5709  1 .1983814E+07   1000182E-02 -.4853E+01  .1691E+01   .9999946 -.0032291 -.0006156
T 5710  1 .1988740E+07   1000001E-02  .7978E+01 -.8279E+00   .9999977  .0017484 -.0012339
T 5711  1 .1984385E+07   1000153E-02  .4670E+01  .5356E+01   .9999928  .0035513  .0013639
T 5712  1 .1986245E+07   1000080E-02  .2589E+01  .2303E+01   .9999958  .0024591  .0015372
T 5713  1 .1987482E+07   1000018E-02  .4631E+01  .4843E+01   .9999950  .0031693  .0001534
T 5714  1 .1986651E+07   1000161E-02 -.1013E+01  .1524E+00   .9999993 -.0006505  .0009713
T 5715  1 .1983607E+07   1000208E-02 -.4074E+01 -.3443E+01   .9999991 -.0006244  .0011642
T 5716  1 .1986009E+07   1000007E-02  .3518E+01 -.9586E+01   .9999974  .0007978 -.0021526
T 5717  1 .1988722E+07   1000201E-02 -.6875E+01 -.7135E+01   .9999982 -.0015743 -.0010803
T 5718  1 .1983664E+07   1000208E-02  .5753E+01 -.2037E+02   .9999813  .0024367 -.0056067
T 5719  1 .1990133E+07   1000125E-02 -.2039E+02 -.2439E+02   .9999813 -.0034572 -.0050533
T 5720  1 .1985236E+07   1000147E-02  .4136E+01 -.5290E+01   .9999977  .0012872 -.0017146
T 5721  1 .1981149E+07   1000045E-02  .1008E+02 -.1538E+01   .9999935  .0036058 -.0000297
T 5722  1 .1980065E+07   1000006E-02 -.1895E+01  .7591E+00   .9999993 -.0010336  .0006508
T 5723  1 .1990869E+07   1000187E-02 -.3592E+02 -.5719E+01   .9999840 -.0056035  .0008206
T 5724  1 .1986017E+07   1000102E-02 -.1661E+01 -.1980E+01   .9999989 -.0003004 -.0014750
T 5725  1 .1984068E+07   1000052E-02 -.1761E+02  .4395E+01   .9999954 -.0029779  .0006044
T 5726  1 .1982701E+07   1000123E-02 -.7204E+01  .7773E+01   .9999951 -.0027685  .0014555
T 5727  1 .1986551E+07   1000167E-02 -.7275E+01 -.5596E+01   .9999980 -.0016806 -.0011117
T 5728  1 .1983359E+07   1000054E-02  .6746E+00  .2104E+01   .9999969  .0020485  .0014462
T 5729  1 .1988550E+07   1000059E-02  .4866E+01 -.1443E+02   .9999990  .0011556 -.0008431
T 5730  1 .1986641E+07   1000060E-02 -.4552E+01  .1380E+02   .9999946 -.0008367  .0031674
T 5731  1 .1981343E+07   1000105E-02 -.9245E+00 -.4275E+01   .9999985  .0000483 -.0017561
T 5732  1 .1990263E+07   1000198E-02 -.3125E+02 -.2422E+02   .9999632 -.0081262 -.0027346
T 5733  1 .1989033E+07   1000068E-02 -.2083E+01  .2462E+01   .9999996 -.0003011  .0008577
T 5734  1 .1985109E+07   1000195E-02  .1110E+02 -.1673E+02   .9999897  .0027816 -.0035728
T 5735  1 .1982536E+07   1000069E-02  .7432E+01  .4657E+01   .9999991  .0006833  .0011171
T 5736  1 .1986537E+07   1000058E-02  .2124E+02 -.7972E+01   .9999852  .0048468 -.0024540
T 5737  1 .1977574E+07   1000016E-02  .1226E+02 -.2059E+01   .9999922  .0037069 -.0013520
T 5738  1 .1983686E+07   1000185E-02 -.1317E+02  .6443E+01   .9999948 -.0027193  .0017168
T 5739  1 .1984282E+07   1000200E-02 -.4108E+01 -.2280E+00   .9999998 -.0006772 -.0001361
T 5740  1 .1986403E+07   1000020E-02  .1016E+02  .9107E+01   .9999891  .0030759  .0035180
T 5741  1 .1986374E+07   1000038E-02 -.2766E+01 -.7568E+01   .9999989  .0005090 -.0014243
T 5742  1 .1984966E+07   1000115E-02 -.2311E+02 -.1591E+02   .9999973  .0004282  .0022986
T 5743  1 .1986689E+07   1000046E-02  .5979E+01 -.5477E+01   .9999997  .0005965 -.0004868
T 5744  1 .1987683E+07   1000174E-02  .8781E+00 -.1469E+01   .9999999 -.0000799  .0001227
T 5745  1 .1980764E+07   1000180E-02  .1019E+01 -.8411E+00   .9999990  .0013707 -.0003010
T 5746  1 .1982266E+07   1000121E-02 -.2765E+01 -.4711E+00   .9999998 -.0005899 -.0000029
T 5747  1 .1983066E+07   1000093E-02 -.4534E+01  .5032E+01   .9999979 -.0003701  .0019969
T 5748  1 .1984119E+07   1000220E-02  .7255E+01  .2695E+01   .9999703  .0047530  .0060724
T 5749  1 .1988329E+07   1000201E-02  .1601E+01 -.9267E+01   .9999989 -.0004474 -.0014254
T 5750  1 .1983053E+07   1000141E-02 -.9239E+01  .4623E+01   .9999991 -.0009423  .0009346
T 5751  1 .1980915E+07   1000215E-02  .5183E+00 -.1615E+01   .9999960 -.0022001  .0017773
T 5752  1 .1987871E+07   1000159E-02  .1208E+02 -.1741E+01   .9999989  .0015053 -.0001722
T 5753  1 .1987893E+07   1000165E-02  .1623E+01 -.1541E+01   .9999996  .0004801 -.0007067
T 5754  1 .1980393E+07   1000068E-02  .5956E+01 -.3326E+01   .9999975  .0015793  .0016099
T 5755  1 .1985259E+07   1000113E-02  .4759E+01  .5691E+01   .9999975  .0003996  .0022009
T 5756  1 .1981597E+07   1000184E-02  .7774E+00 -.1934E+01   .9999998 -.0001250 -.0006195
T 5757  1 .1982290E+07   1000213E-02 -.9767E+00  .1800E+02   .9999963  .0008670  .0025628
T 5758  1 .1982761E+07   1000055E-02 -.1931E+01 -.3600E+01   .9999983 -.0008478 -.0016393
T 5759  1 .1984661E+07   1000046E-02 -.1376E+02 -.5267E+00   .9999969 -.0023263 -.0009005
T 5760  1 .1986818E+07   1000209E-02  .1097E+02  .1345E+01   .9999975  .0021502 -.0006718
T 5761  1 .1980838E+07   1000118E-02  .8127E+01  .8046E+00   .9999936  .0035529  .0004297
T 5762  1 .1984042E+07   1000135E-02 -.8992E+01  .3700E+02   .9999751 -.0018484  .0068159
T 5763  1 .1986264E+07   1000192E-02  .1166E+01 -.5077E+01   .9999979 -.0015920  .0013020
T 5764  1 .1984469E+07   1000192E-02 -.2013E+02  .1986E+02   .9999775 -.0045105  .0049562
T 5765  1 .1983587E+07   1000219E-02  .1105E+02  .1252E+02   .9999974  .0022799 -.0000237
T 5766  1 .1981574E+07   1000066E-02  .7764E+01  .3129E+01   .9999984  .0016711  .0005920
T 5767  1 .1982091E+07   1000171E-02 -.6924E+00  .2550E+01   .9999972 -.0011411  .0020708
T 5768  1 .1988383E+07   1000187E-02 -.2756E+01  .8235E+01   .9999971 -.0002899  .0023925
T 5769  1 .1981798E+07   1000218E-02 -.2107E+02 -.2594E+02   .9999440 -.0092614 -.0051209
T 5770  1 .1986650E+07   1000041E-02 -.8710E+01  .2878E+01   .9999943 -.0033442  .0003507
T 5771  1 .1981326E+07   1000011E-02 -.2816E+01 -.2970E+01   .9999997 -.0005861 -.0005740
T 5772  1 .1986037E+07   1000175E-02  .5545E+01 -.1805E+02   .9999951  .0016739 -.0026284
T 5773  1 .1988766E+07   1000155E-02  .7349E+01 -.1794E+01   .9999998  .0005200 -.0003152
T 5774  1 .1985755E+07   1000013E-02  .5841E+01 -.9074E+01   .9999921  .0039769 -.0002402
T 5775  1 .1988763E+07   1000183E-02  .4139E+01  .2043E+02   .9999985  .0012182  .0011952
T 5776  1 .1982283E+07   1000087E-02  .6053E+00 -.8733E+00   .9999990  .0004751 -.0013682
T 5777  1 .1982860E+07   1000217E-02  .8210E+01  .2555E+01   .9999889  .0047099  .0001452
T 5778  1 .1981888E+07   1000157E-02 -.1044E+01 -.1384E+01   .9999887 -.0024435  .0040870
T 5779  1 .1983907E+07   1000104E-02  .1718E+00 -.4492E+01   .9999964 -.0001883 -.0026626
T 5780  1 .1983636E+07   1000151E-02 -.4047E+02 -.5982E+00   .9999619 -.0083004 -.0027004
T 5781  1 .1990551E+07   1000150E-02  .3729E+01 -.3339E+02   .9999878  .0012571 -.0047852
T 5782  1 .1986163E+07   1000086E-02  .4857E+01  .2215E+02   .9999977  .0003608  .0021239
T 5783  1 .1987524E+07   1000004E-02 -.2603E+01 -.1282E+01   .9999979 -.0020374  .0003275
T 5784  1 .1988321E+07   1000003E-02  .6125E+01 -.3869E+01   .9999875  .0042215 -.0026843
T 5785  1 .1986004E+07   1000142E-02  .1083E+02 -.7495E+01   .9999977  .0019576 -.0009214
T 5786  1 .1981981E+07   1000001E-02  .4763E+02  .2340E+01   .9999716  .0073759 -.0015304
T 5787  1 .1985297E+07   1000194E-02 -.6721E+00 -.4393E+01   .9999985 -.0015965 -.0006535
T 5788  1 .1985647E+07   1000023E-02 -.1192E+02 -.2772E+01   .9999888 -.0045689 -.0012429
T 5789  1 .1984718E+07   1000206E-02  .4798E-01 -.9557E-01   .9999998  .0006039  .0001530
T 5790  1 .1989167E+07   1000067E-02  .2823E+01 -.6841E+01   .9999978  .0014168 -.0015574
T 5791  1 .1984033E+07   1000213E-02  .3068E+01 -.1354E+02   .9999911 -.0011440 -.0040715
T 5792  1 .1981932E+07   1000105E-02 -.1497E+01  .1217E+02   .9999873 -.0026304  .0043004
T 5793  1 .1985095E+07   1000123E-02 -.1836E+01 -.5353E+01   .9999981 -.0004969 -.0018826
T 5794  1 .1979670E+07   1000134E-02  .4114E+01  .5283E+01   .9999981  .0001466  .0019681
T 5795  1 .1984328E+07   1000154E-02 -.8433E+01  .7928E+01   .9999993 -.0011624  .0002982
T 5796  1 .1987453E+07   1000166E-02  .2013E+01 -.1565E+01   .9999968  .0011902 -.0022416
T 5797  1 .1989173E+07   1000058E-02 -.1610E+01 -.1879E+02   .9999919  .0006653 -.0039763
T 5798  1 .1982859E+07   1000188E-02 -.2334E+02 -.2706E+01   .9999955 -.0030030 -.0002101
T 5799  1 .1984595E+07   1000107E-02  .4250E+00  .3449E+01   .9999994  .0009407  .0006344
T 5800  1 .1987555E+07   1000190E-02  .2304E+00 -.8046E+01   .9999975 -.0017585 -.0013777
T 5801  1 .1984547E+07   1000078E-02 -.1016E+02 -.1513E+01   .9999981 -.0018106  .0007208
T 5802  1 .1987280E+07   1000057E-02  .2809E+02  .3588E+01   .9999906  .0042548  .0007864
T 5803  1 .1987807E+07   1000157E-02 -.1038E+02 -.2958E+02   .9999821 -.0027764 -.0052910
T 5804  1 .1984538E+07   1000158E-02  .3826E+01  .4073E+01   .9999985 -.0014027  .0010114
T 5805  1 .1986735E+07   1000166E-02  .1997E+02 -.1704E+02   .9999919  .0033692 -.0022179
T 5806  1 .1987386E+07   1000199E-02 -.4778E+01 -.2309E+02   .9999923 -.0005057 -.0038811
T 5807  1 .1985142E+07   1000013E-02  .8521E+01  .4508E+01   .9999944  .0005984  .0032917
T 5808  1 .1984332E+07   1000169E-02  .8014E+01  .1113E+02   .9999999  .0005233  .0000684
T 5809  1 .1981012E+07   1000151E-02  .7229E+01  .1387E+01   .9999983  .0018538 -.0001654
T 5810  1 .1984704E+07   1000183E-02 -.1513E+01  .2493E+01   .9999990  .0001838  .0013856
T 5811  1 .1981789E+07   1000008E-02  .8512E+01 -.5306E+01   .9999999 -.0000859 -.0004169
T 5812  1 .1985767E+07   1000203E-02 -.6725E+01  .8143E+01   .9999985 -.0008315  .0014914
T 5813  1 .1983255E+07   1000213E-02  .6488E+01 -.9564E+01   .9999991  .0012263 -.0004717
T 5814  1 .1988296E+07   1000212E-02  .1668E+01  .1001E+01   .9999999  .0003984 -.0002467
T 5815  1 .1985586E+07   1000223E-02 -.4632E+01  .6149E+01   .9999997 -.0006336 -.0004507
T 5816  1 .1984057E+07   1000087E-02 -.2687E+00  .4624E+01   .9999988 -.0013214 -.0007893
T 5817  1 .1985348E+07   1000207E-02 -.8509E+00  .5738E+01   .9999926 -.0019212  .0033253
T 5818  1 .1983626E+07   1000132E-02  .1814E+01 -.6896E+01   .9999999  .0005201 -.0000291
T 5819  1 .1983385E+07   1000193E-02  .6523E+01 -.8215E+01   .9999121  .0122051  .0051747
T 5820  1 .1985036E+07   1000221E-02 -.1301E+01 -.4262E+00   .9999999 -.0001907 -.0004378
T 5821  1 .1986919E+07   1000054E-02  .8034E+00  .9699E-01   .9999993 -.0003473  .0010969
T 5822  1 .1981692E+07   1000008E-02 -.7935E+00 -.8033E+00   .9999996  .0008020  .0004964
T 5823  1 .1984369E+07   1000067E-02 -.6242E+01 -.5746E+01   .9999999  .0004161 -.0002561
T 5824  1 .1983885E+07   1000083E-02 -.1220E+02 -.5746E+01   .9999975 -.0019989 -.0009562
T 5825  1 .1981528E+07   1000111E-02  .5711E+00 -.7273E+01   .9999922  .0005488 -.0039136
T 5826  1 .1979351E+07   1000123E-02  .2158E+01  .7793E+00   .9999993  .0010860  .0005030
T 5827  1 .1976847E+07   1000046E-02  .2186E+02 -.4205E+00   .9999982  .0018437 -.0004180
T 5828  1 .1984583E+07   1000036E-02  .1692E+02 -.2688E+02   .9999796  .0038863 -.0050724
T 5829  1 .1984518E+07   1000130E-02  .6291E+01 -.3482E+02   .9999873  .0008844 -.0049716
T 5830  1 .1980031E+07   1000061E-02 -.7747E+01 -.5826E+01   .9999998 -.0004464 -.0004617
T 5831  1 .1984232E+07   1000064E-02 -.5907E+01 -.2145E+02   .9999771 -.0023203 -.0063550
T 5832  1 .1988680E+07   1000225E-02 -.9518E+00  .6943E+01   .9999995  .0003342  .0009873
T 5833  1 .1980440E+07   1000218E-02 -.5469E+02 -.2361E+02   .9998975 -.0130068 -.0059810
T 5834  1 .1984852E+07   1000002E-02  .1468E+02  .1263E+02   .9999882  .0028764  .0039048
T 5835  1 .1990052E+07   1000109E-02 -.1668E+01 -.3980E+01   .9999973 -.0023421  .0000976
T 5836  1 .1981282E+07   1000125E-02 -.2285E+01  .3642E+01   .9999998  .0003965  .0005275
T 5837  1 .1982802E+07   1000073E-02 -.7845E+01 -.1433E+01   .9999991  .0003025 -.0013001
T 5838  1 .1990175E+07   1000159E-02 -.2844E+01  .1202E+01   .9999972 -.0011965  .0020458
T 5839  1 .1984265E+07   1000152E-02  .5932E+01 -.9001E+01   .9999998  .0006628 -.0001170
T 5840  1 .1981902E+07   1000161E-02  .5862E+00 -.1121E+01   .9999991 -.0011653 -.0007144
T 5841  1 .1987909E+07   1000215E-02 -.1472E+01 -.3105E+01   .9999967 -.0021847 -.0013819
T 5842  1 .1991048E+07   1000086E-02 -.3594E+01 -.4742E+01   .9999970 -.0023604 -.0006896
T 5843  1 .1982658E+07   1000183E-02  .7052E+00 -.8304E+00   .9999997  .0007164 -.0002629
T 5844  1 .1981432E+07   1000212E-02  .3441E+01 -.3045E+01   .9999979  .0016085 -.0012953
T 5845  1 .1987325E+07   1000179E-02 -.1078E+02  .3061E+01   .9999878 -.0048649  .0008218
T 5846  1 .1988772E+07   1000118E-02 -.7466E+01  .6789E+01   .9999950 -.0027230  .0015784
T 5847  1 .1980292E+07   1000203E-02 -.4622E+01  .6721E+01   .9999841 -.0032519  .0046098
T 5848  1 .1983657E+07   1000183E-02  .4628E+01 -.7540E+01   .9999983  .0014876 -.0011215
T 5849  1 .1987177E+07   1000136E-02  .4714E+01 -.5676E+01   .9999985  .0011702 -.0012630
T 5850  1 .1989094E+07   1000010E-02  .5818E+01  .6012E+01   .9999976  .0016888  .0014118
T 5851  1 .1988571E+07   1000146E-02  .7612E+01 -.3970E+01   .9999994  .0007554 -.0008084
T 5852  1 .1982030E+07   1000084E-02  .2012E+00  .2926E+01   .9999990  .0012118  .0007306
T 5853  1 .1985401E+07   1000212E-02 -.9610E+00 -.6411E+01   .9999998  .0006159  .0000754
T 5854  1 .1984714E+07   1000073E-02 -.1468E+01 -.2948E+01   .9999984 -.0008497 -.0015587
T 5855  1 .1988369E+07   1000007E-02  .1647E+01  .6449E+00   .9999998  .0006519  .0000362
T 5856  1 .1989128E+07   1000221E-02  .4066E+01 -.6849E+01   .9999970  .0013578 -.0020280
T 5857  1 .1983135E+07   1000218E-02  .5632E+01  .1670E+01   .9999997 -.0000673 -.0008024
T 5858  1 .1986412E+07   1000197E-02  .4938E+01  .1132E+01   .9999999  .0003964  .0001279
T 5859  1 .1986682E+07   1000195E-02  .3114E+01  .7935E+01   .9999884  .0008015  .0047599
T 5860  1 .1984741E+07   1000021E-02 -.1075E+01 -.1448E+02   .9999931 -.0008908 -.0036073
T 5861  1 .1979534E+07   1000170E-02  .1561E+02  .8882E+01   .9999806  .0043318  .0044690
T 5862  1 .1986252E+07   1000003E-02  .3452E+01  .1309E+02   .9999978  .0003933  .0020457
T 5863  1 .1986052E+07   1000052E-02 -.2425E+01 -.4696E+01   .9999812 -.0025588 -.0055711
T 5864  1 .1984671E+07   1000095E-02  .1875E+01 -.5271E+01   .9999967 -.0013930 -.0021376
T 5865  1 .1983497E+07   1000156E-02 -.1714E+01  .8045E+01   .9999975 -.0004427  .0021997
T 5866  1 .1985987E+07   1000189E-02  .1417E+02 -.7837E+01   .9999954  .0014789 -.0026432
T 5867  1 .1981987E+07   1000205E-02 -.2301E+01  .6571E+00   .9999988 -.0012797 -.0008668
T 5868  1 .1981648E+07   1000215E-02  .4321E+01  .6563E+01   .9999973  .0000137  .0023035
T 5869  1 .1987394E+07   1000196E-02  .6423E+01 -.1508E+02   .9999984  .0010200 -.0014915
T 5870  1 .1983498E+07   1000187E-02 -.2427E+01 -.4219E+01   .9999984 -.0008092 -.0016170
T 5871  1 .1984751E+07   1000161E-02 -.7681E+01  .1481E+02   .9999893 -.0023524  .0039762
T 5872  1 .1980638E+07   1000132E-02  .3156E+01 -.1734E+02   .9999943  .0016101 -.0029649
T 5873  1 .1983406E+07   1000112E-02 -.6945E+01  .2246E+01   .9999987 -.0016382  .0000997
T 5874  1 .1981537E+07   1000165E-02  .5400E+01 -.9292E+01   .9999951  .0025395 -.0018441
T 5875  1 .1986902E+07   1000021E-02 -.2465E+01  .2988E+01   .9999974 -.0006134  .0021785
T 5876  1 .1988215E+07   1000000E-02  .1347E+02  .2085E+02   .9999886  .0026907  .0039565
T 5877  1 .1986195E+07   1000087E-02  .6402E+01  .1920E+01   .9999974  .0022454  .0003401
T 5878  1 .1988103E+07   1000188E-02 -.1920E+02  .7833E+01   .9999949 -.0031713 -.0003298
T 5879  1 .1989224E+07   1000224E-02  .9151E+01  .6576E+01   .9999940  .0015782  .0030878
T 5880  1 .1985636E+07   1000139E-02 -.4121E+01 -.9689E+01   .9999992 -.0006691  .0010872
T 5881  1 .1982181E+07   1000046E-02 -.3033E+01  .1682E-01   .9999997  .0001893  .0007607
T 5882  1 .1984343E+07   1000011E-02  .5161E+01 -.7610E+01   .9999994  .0006480 -.0008503
T 5883  1 .1981850E+07   1000194E-02 -.7228E+00  .8841E+00   .9999997 -.0007021  .0002785
T 5884  1 .1985216E+07   1000032E-02  .1253E+02 -.1371E+02   .9999935  .0030313 -.0019728
T 5885  1 .1985507E+07   1000116E-02 -.3579E+01  .1340E+02   .9999896 -.0038439  .0024440
T 5886  1 .1981354E+07   1000176E-02 -.4675E+01  .7631E+01   .9999900 -.0019122  .0040507
T 5887  1 .1986628E+07   1000211E-02 -.1571E+02 -.2464E+01   .9999961 -.0027896 -.0002556
T 5888  1 .1983433E+07   1000185E-02  .8826E+00 -.6273E+01   .9999978  .0013228 -.0016306
T 5889  1 .1983980E+07   1000170E-02 -.9391E-02  .1839E+01   .9999996  .0002574 -.0008682
T 5890  1 .1980048E+07   1000001E-02 -.2333E+02 -.2932E+01   .9999799 -.0061517  .0015139
T 5891  1 .1989854E+07   1000196E-02  .3266E-01  .7822E+00   .9999997 -.0003771  .0007418
T 5892  1 .1981382E+07   1000173E-02  .1594E+02  .2507E+02   .9999829  .0040908  .0041719
T 5893  1 .1984281E+07   1000191E-02  .7470E+01  .1012E+02   .9999972  .0009608  .0021402
T 5894  1 .1986485E+07   1000014E-02  .8730E+01  .1488E+01   .9999985  .0011973 -.0012485
T 5895  1 .1980439E+07   1000163E-02 -.2234E+01  .5075E+00   .9999995 -.0009635 -.0003043
T 5896  1 .1982011E+07   1000175E-02  .1076E+02  .9644E+00   .9999917  .0039107 -.0011288
T 5897  1 .1983027E+07   1000158E-02 -.1231E+02  .1672E+02   .9999754 -.0027658  .0064394
T 5898  1 .1983923E+07   1000170E-02  .6388E+01 -.1267E+01   .9999972  .0022300  .0008014
T 5899  1 .1983132E+07   1000041E-02 -.3905E+01 -.6167E+01   .9999987 -.0012218 -.0010063
T 5900  1 .1978905E+07   1000015E-02  .1612E+02  .7734E+01   .9999297  .0116795  .0020333
T 5901  1 .1981982E+07   1000217E-02 -.1346E+02 -.4403E+01   .9999981 -.0009269 -.0017190
T 5902  1 .1984834E+07   1000185E-02 -.3705E+01  .1031E+02   .9999955  .0000958  .0029928
T 5903  1 .1987465E+07   1000099E-02 -.3530E+01  .5934E+01   .9999980 -.0009645  .0017479
T 5904  1 .1986384E+07   1000034E-02 -.1693E+02 -.9424E+01   .9999969 -.0016462 -.0018924
T 5905  1 .1986630E+07   1000090E-02 -.1884E+02 -.9110E+01   .9999952 -.0028163 -.0012552
T 5906  1 .1982310E+07   1000222E-02  .1902E+01  .1808E+01   .9999997 -.0006332  .0004725
T 5907  1 .1989660E+07   1000173E-02  .4641E+01  .5771E+01   .9999984  .0016986  .0005940
T 5908  1 .1983917E+07   1000010E-02  .5130E+01  .6470E+01   .9999966  .0013762  .0022369
T 5909  1 .1983083E+07   1000163E-02 -.4163E+01  .4736E+01   .9999986 -.0009907  .0013360
T 5910  1 .1982742E+07   1000191E-02 -.1037E+02 -.5280E+00   .9999991 -.0012967  .0003926
T 5911  1 .1982941E+07   1000060E-02 -.3165E+01  .1205E+01   .9999987 -.0014347 -.0007300
T 5912  1 .1980663E+07   1000040E-02 -.2712E+01 -.1200E+02   .9999989 -.0014477 -.0003259
T 5913  1 .1984035E+07   1000103E-02 -.4747E+01  .8811E+01   .9999965 -.0000370  .0026383
T 5914  1 .1978382E+07   1000210E-02 -.2487E+02  .6012E+01   .9999963 -.0023148  .0014401
T 5915  1 .1981244E+07   1000207E-02  .8323E+01 -.2704E+01   .9999981  .0018525 -.0005217
T 5916  1 .1980994E+07   1000090E-02  .2560E+02 -.6990E+01   .9999890  .0045621  .0011291
T 5917  1 .1986573E+07   1000025E-02 -.1681E+01 -.5039E+01   .9999964 -.0026863  .0000831
T 5918  1 .1980987E+07   1000008E-02  .3727E+01 -.7043E+01   .9999972 -.0000572 -.0023724
T 5919  1 .1984071E+07   1000208E-02 -.5079E+02 -.4880E+02   .9998424 -.0140875 -.0108018
T 5920  1 .1985802E+07   1000223E-02 -.5110E+01 -.2072E+01   .9999999 -.0003958  .0003127
T 5921  1 .1985229E+07   1000018E-02  .4783E+01 -.9084E+01   .9999989 -.0006866 -.0013046
T 5922  1 .1983847E+07   1000147E-02  .4570E+01 -.1794E+01   .9999979  .0019669  .0006158
T 5923  1 .1982647E+07   1000005E-02  .3176E+01 -.1178E-01   .9999986  .0015638  .0005263
T 5924  1 .1986656E+07   1000199E-02 -.1591E+00 -.2146E+01   .9999974  .0013899 -.0017873
T 5925  1 .1986118E+07   1000096E-02 -.7610E+00  .3367E+00   .9999997  .0007000  .0001544
T 5926  1 .1987011E+07   1000097E-02 -.1957E+01 -.1832E+02   .9999223  .0093609 -.0082311
T 5927  1 .1983616E+07   1000214E-02  .5508E+01  .1854E+01   .9999987  .0015891 -.0001539
T 5928  1 .1983811E+07   1000183E-02 -.8154E+01 -.3370E+01   .9999971 -.0020703 -.0012612
T 5929  1 .1984412E+07   1000195E-02  .1500E+01  .2567E+00   .9999959  .0026428  .0010590
T 5930  1 .1986263E+07   1000224E-02  .1418E+02  .3726E+01   .9999955  .0024895  .0016987
T 5931  1 .1980961E+07   1000005E-02 -.9252E+00 -.2589E+01   .9999973 -.0020873  .0010248
T 5932  1 .1983049E+07   1000047E-02  .5867E-01  .1525E+01   .9999993  .0011229  .0003114
T 5933  1 .1981092E+07   1000083E-02 -.1446E+01  .1309E+02   .9999979 -.0000074  .0020395
T 5934  1 .1990685E+07   1000001E-02 -.1497E+02 -.1507E+02   .9999926 -.0027553 -.0026866
T 5935  1 .1980356E+07   1000222E-02 -.2984E+01 -.1184E+01   .9999969 -.0024598  .0002366
T 5936  1 .1984609E+07   1000131E-02 -.8552E+01 -.9365E+01   .9999925 -.0021911 -.0032045
T 5937  1 .1989156E+07   1000012E-02 -.3602E+01  .2203E+01   .9999993 -.0010639  .0004958
T 5938  1 .1983482E+07   1000176E-02  .5709E+01 -.1055E+02   .9999980  .0017853 -.0009018
T 5939  1 .1986025E+07   1000215E-02 -.1267E+01 -.2636E+01   .9999990  .0007503 -.0011808
T 5940  1 .1987540E+07   1000100E-02 -.1300E+02  .9099E+01   .9999973 -.0011059  .0020227
T 5941  1 .1991634E+07   1000000E-02  .1303E+01 -.1743E+01   .9999998 -.0000706 -.0005760
T 5942  1 .1987738E+07   1000177E-02  .1269E+02  .1417E+00   .9999976  .0021288  .0004913
T 5943  1 .1985876E+07   1000218E-02 -.8654E+00 -.6739E+00   .9999999  .0003284  .0002422
T 5944  1 .1981881E+07   1000068E-02 -.5422E+01 -.2313E+01   .9999757 -.0063220  .0029514
T 5945  1 .1987119E+07   1000007E-02  .2628E+02 -.2248E+02   .9999887  .0037845 -.0028903
T 5946  1 .1991357E+07   1000070E-02 -.8741E+01 -.5584E+00   .9999981 -.0019360  .0000073
T 5947  1 .1979633E+07   1000196E-02 -.1268E+01 -.1220E+01   .9999982 -.0016269 -.0009352
T 5948  1 .1987623E+07   1000069E-02  .6278E+01  .2930E+01   .9999979  .0020226 -.0001626
T 5949  1 .1984735E+07   1000189E-02 -.1572E+01 -.1071E+01   .9999998 -.0000923 -.0006529
T 5950  1 .1983921E+07   1000007E-02  .1573E+02  .5472E+01   .9999956  .0029573 -.0003278
T 5951  1 .1986893E+07   1000154E-02  .1367E+02 -.8169E+01   .9999992 -.0009396 -.0008909
T 5952  1 .1982203E+07   1000039E-02  .6890E+01 -.1676E+01   .9999985  .0017237 -.0000649
T 5953  1 .1984803E+07   1000081E-02 -.1509E+01 -.5044E-01   .9999982  .0003283  .0018541
T 5954  1 .1986001E+07   1000069E-02 -.2123E+00  .8068E+01   .9999974 -.0001888  .0022638
T 5955  1 .1987532E+07   1000148E-02 -.4040E+01 -.7642E+01   .9999993  .0000474 -.0012212
T 5956  1 .1988769E+07   1000137E-02 -.1990E+02  .1268E+02   .9999979 -.0017624  .0010117
T 5957  1 .1986065E+07   1000126E-02  .4229E+01  .2411E+01   .9999990  .0006077 -.0013069
T 5958  1 .1980192E+07   1000227E-02  .4501E+02  .9358E+00   .9999869  .0051059  .0001863
T 5959  1 .1978131E+07   1000038E-02 -.4599E+01  .6495E-02   .9999988 -.0015198  .0000657
T 5960  1 .1988620E+07   1000076E-02  .2247E+01  .9227E-01   .9999996  .0008390 -.0000158
T 5961  1 .1986385E+07   1000209E-02  .3389E+01  .5590E+01   .9999996  .0004136  .0007575
T 5962  1 .1981290E+07   1000209E-02  .4353E+00  .4221E+01   .9999954  .0030255  .0002561
T 5963  1 .1992413E+07   1000092E-02 -.1330E+01 -.2350E+01   .9999999  .0001114  .0002647
T 5964  1 .1982081E+07   1000028E-02  .1922E+01 -.1227E+02   .9999985 -.0006038 -.0016054
T 5965  1 .1982464E+07   1000113E-02  .5771E+01 -.4004E+01   .9999969  .0024447  .0004836
T 5966  1 .1985497E+07   1000140E-02  .5569E+01 -.6606E+01   .9999991 -.0013562 -.0001588
T 5967  1 .1984682E+07   1000122E-02 -.1760E+01 -.8783E+00   .9999994 -.0010874  .0000447
T 5968  1 .1987505E+07   1000193E-02 -.8750E+01 -.7118E+01   .9999963 -.0021927 -.0015933
T 5969  1 .1984196E+07   1000090E-02 -.1928E+01 -.1193E+01   .9999997  .0001240 -.0007016
T 5970  1 .1988321E+07   1000168E-02  .9563E+00  .8133E+00   .9999999 -.0001077 -.0003344
T 5971  1 .1986773E+07   1000003E-02  .6835E+01 -.2341E+01   .9999986  .0014037  .0008549
T 5972  1 .1982261E+07   1000094E-02 -.2446E+02 -.1714E+02   .9999874  .0007810 -.0049589
T 5973  1 .1983590E+07   1000192E-02 -.8901E+00 -.7458E+01   .9999973  .0011835 -.0019924
T 5974  1 .1988287E+07   1000221E-02  .4155E+01  .1411E+01   .9999989  .0014359 -.0004107
T 5975  1 .1983170E+07   1000148E-02 -.4734E+00 -.5119E+00   .9999997 -.0002605 -.0006738
T 5976  1 .1986254E+07   1000212E-02  .7292E+01 -.6986E+01   .9999975  .0019050 -.0011335
T 5977  1 .1988472E+07   1000135E-02 -.5551E-01 -.2452E+01   .9999993  .0008216 -.0008269
T 5978  1 .1987293E+07   1000126E-02  .1821E+01 -.3671E+01   .9999973  .0011435 -.0020198
T 5979  1 .1982737E+07   1000129E-02 -.1144E+02 -.1844E+02   .9999910 -.0035838 -.0022919
T 5980  1 .1983133E+07   1000179E-02 -.2800E+01  .5533E+01   .9999997 -.0002404  .0007380
T 5981  1 .1979914E+07   1000070E-02  .2174E+01 -.3238E+01   .9999993 -.0011440  .0001029
T 5982  1 .1986739E+07   1000083E-02 -.4053E+01 -.3677E+00   .9999995 -.0007375  .0006917
T 5983  1 .1986380E+07   1000153E-02  .1063E+01 -.1395E+01   .9999965 -.0007455 -.0025544
T 5984  1 .1986737E+07   1000187E-02  .6839E+01 -.1168E+02   .9999991 -.0010426 -.0008176
T 5985  1 .1988071E+07   1000200E-02  .2333E+02 -.1784E+02   .9999767  .0041984 -.0053902
T 5986  1 .1978697E+07   1000171E-02  .8881E+00  .5024E+01   .9999985 -.0017201  .0001699
T 5987  1 .1982725E+07   1000171E-02  .2740E+02  .1022E+02   .9999895  .0045877 -.0000441
T 5988  1 .1984204E+07   1000142E-02  .7616E+00  .3713E+00   .9999996  .0005318 -.0007538
T 5989  1 .1984335E+07   1000193E-02 -.1359E+01 -.7994E+01   .9999987 -.0009034 -.0013698
T 5990  1 .1987584E+07   1000173E-02 -.7264E+01 -.2776E+01   .9999986 -.0016306 -.0002290
T 5991  1 .1981598E+07   1000152E-02  .1362E+01 -.2537E+01   .9999983 -.0016401 -.0008824
T 5992  1 .1983497E+07   1000134E-02 -.1383E+00  .6530E+00   .9999988 -.0003490 -.0014982
T 5993  1 .1988353E+07   1000100E-02  .1654E+02 -.1839E+01   .9999955  .0028965  .0007275
T 5994  1 .1980766E+07   1000187E-02  .4370E+01  .7517E+01   .9999993  .0009529  .0006656
T 5995  1 .1982239E+07   1000185E-02  .6899E+01 -.1399E+01   .9999989  .0007416 -.0013187
T 5996  1 .1985977E+07   1000216E-02  .3690E+01 -.7255E+01   .9999992  .0003202 -.0012479
T 5997  1 .1988399E+07   1000091E-02 -.2136E+02  .7811E+01   .9999924 -.0032429  .0021681
T 5998  1 .1983925E+07   1000177E-02  .1818E+02  .2017E+02   .9997632  .0185671  .0113530
T 5999  1 .1984255E+07   1000170E-02  .3029E+01  .8038E+01   .9999978 -.0014770  .0014835
T 6000  1 .1985216E+07   1000211E-02  .4431E+01 -.5579E+00   .9999991  .0010161  .0008410
T 6001  1 .1981826E+07   1000169E-02  .2025E+01 -.1366E+01   .9999998  .0006764  .0000002
T 6002  1 .1982255E+07   1000160E-02 -.1339E+02  .9481E+01   .9999966 -.0025371  .0005276
T 6003  1 .1984558E+07   1000087E-02 -.2286E+01 -.1627E+02   .9999926  .0001021 -.0038493
T 6004  1 .1983723E+07   1000214E-02  .6390E+01 -.6957E+00   .9999990  .0006442 -.0012866
T 6005  1 .1990040E+07   1000126E-02  .3477E+00  .2250E+01   .9999999  .0001412  .0001202
T 6006  1 .1977864E+07   1000090E-02 -.3558E+01 -.3761E+01   .9999986 -.0007644 -.0015064
T 6007  1 .1985647E+07   1000172E-02  .4119E+01 -.6068E+01   .9999858 -.0040112 -.0035151
T 6008  1 .1980539E+07   1000185E-02 -.8821E+00 -.1065E+01   .9999987 -.0015787  .0004492
T 6009  1 .1988256E+07   1000099E-02 -.3678E+01 -.6327E+01   .9999994 -.0007065 -.0008106
T 6010  1 .1983984E+07   1000202E-02  .1256E+01  .4162E+01   .9999961  .0010747  .0025904
T 6011  1 .1988582E+07   1000114E-02 -.2296E+01  .3314E+00   .9999989 -.0013308  .0005759
T 6012  1 .1986516E+07   1000225E-02  .2549E+01  .6107E+01   .9999998  .0000747  .0005694
T 6013  1 .1989214E+07   1000041E-02  .4049E+01  .6917E+01   .9999991 -.0005817  .0012269
T 6014  1 .1989193E+07   1000029E-02 -.3251E+01 -.3500E+00   .9999999  .0003079  .0001297
T 6015  1 .1988924E+07   1000114E-02 -.2262E+00  .2190E+02   .9999864  .0011117  .0050984
T 6016  1 .1989381E+07   1000022E-02 -.6854E+01 -.6409E+01   .9999721 -.0070255 -.0025432
T 6017  1 .1980358E+07   1000187E-02  .3098E+01  .8315E-01   .9999999 -.0000328 -.0002829
T 6018  1 .1982646E+07   1000206E-02 -.1039E+02  .5196E+01   .9999950  .0026560 -.0017247
T 6019  1 .1983965E+07   1000168E-02  .5921E+01 -.1457E+01   .9999947  .0029548 -.0013402
T 6020  1 .1985456E+07   1000210E-02 -.9970E+00  .3759E+01   .9999999  .0001316 -.0001245
T 6021  1 .1980241E+07   1000197E-02  .2734E+01  .7790E+01   .9999961  .0004374  .0027715
T 6022  1 .1987095E+07   1000084E-02  .1348E+02 -.2842E+02   .9999906  .0019980 -.0038463
T 6023  1 .1986564E+07   1000185E-02  .1819E+02  .8116E+01   .9999981  .0019566 -.0001085
T 6024  1 .1983242E+07   1000120E-02  .9504E+01 -.7425E+00   .9999936  .0035884  .0001229
T 6025  1 .1981785E+07   1000007E-02 -.5876E-01  .1695E+02   .9997145 -.0041361  .0235334
T 6026  1 .1986188E+07   1000041E-02 -.2987E+01  .2482E+01   .9999993 -.0011434  .0001040
T 6027  1 .1984826E+07   1000199E-02  .1116E+02 -.6080E+01   .9999820  .0049822 -.0033313
T 6028  1 .1985947E+07   1000144E-02 -.1270E+02 -.8769E+01   .9999871 -.0047713  .0017327
T 6029  1 .1985759E+07   1000168E-02 -.2518E+01  .9752E+00   .9999994 -.0007651  .0007670
T 6030  1 .1985829E+07   1000144E-02  .3791E+02 -.1603E+02   .9999846  .0055140 -.0005770
T 6031  1 .1989087E+07   1000006E-02 -.6376E+01  .7480E+01   .9999970 -.0018675  .0016129
T 6032  1 .1982619E+07   1000078E-02 -.1213E+02 -.4144E+01   .9999990 -.0012088 -.0006629
T 6033  1 .1979962E+07   1000214E-02 -.1891E+01  .1851E+01   .9999981 -.0010853 -.0016323
T 6034  1 .1984167E+07   1000081E-02  .5603E+00 -.8546E+00   .9999997  .0006016  .0004064
T 6035  1 .1983004E+07   1000214E-02 -.2815E+01 -.4661E+01   .9999954 -.0006050 -.0029799
T 6036  1 .1983650E+07   1000164E-02 -.1543E+01 -.2090E+01   .9999996 -.0001251 -.0008513
T 6037  1 .1983629E+07   1000196E-02 -.1978E+01  .4530E+01   .9999988  .0000407  .0015609
T 6038  1 .1986069E+07   1000003E-02  .3981E+01  .9188E+01   .9999917  .0012447  .0038760
T 6039  1 .1987688E+07   1000056E-02  .1645E+01 -.5163E+02   .9999639  .0019753 -.0082607
T 6040  1 .1983741E+07   1000098E-02 -.1079E+01  .9754E+00   .9999997 -.0003759  .0006185
T 6041  1 .1989027E+07   1000004E-02 -.1072E+02 -.1319E+02   .9999966 -.0018954 -.0018020
T 6042  1 .1978539E+07   1000157E-02 -.6747E+01 -.8964E+00   .9999954 -.0019722 -.0023000
T 6043  1 .1989329E+07   1000185E-02 -.3809E+00 -.1984E+02   .9996580  .0017725 -.0260906
T 6044  1 .1984932E+07   1000048E-02 -.1383E+01  .8804E+01   .9999982  .0018687  .0003131
T 6045  1 .1986091E+07   1000047E-02 -.3835E+01  .7902E+00   .9999982 -.0017379  .0008171
T 6046  1 .1985693E+07   1000216E-02 -.1404E+02  .2086E+01   .9999883 -.0046163  .0014190
T 6047  1 .1981512E+07   1000163E-02 -.8039E+01 -.1997E+02   .9999940 -.0013867 -.0031728
T 6048  1 .1988514E+07   1000202E-02 -.1843E+02 -.1105E+02   .9999969 -.0024816 -.0003359
T 6049  1 .1983004E+07   1000131E-02 -.2431E+02 -.1620E+02   .9999922 -.0024761 -.0030685
T 6050  1 .1988730E+07   1000180E-02  .2249E+02  .1940E+02   .9999766  .0043714  .0052685
T 6051  1 .1979762E+07   1000214E-02 -.1678E+02  .5337E+00   .9999965 -.0024836  .0009592
T 6052  1 .1983113E+07   1000215E-02 -.1783E+01 -.8459E+00   .9999997 -.0003002 -.0007035
T 6053  1 .1982032E+07   1000070E-02  .1077E+02  .1314E+01   .9999993  .0000348 -.0011808
T 6054  1 .1984140E+07   1000037E-02 -.2159E+00  .1210E+00   .9999999 -.0000852  .0004339
T 6055  1 .1986151E+07   1000198E-02 -.8398E+01  .3810E+01   .9999822 -.0044043  .0040247
T 6056  1 .1980600E+07   1000097E-02 -.6386E+01  .1031E+02   .9999937 -.0025877  .0024331
T 6057  1 .1981774E+07   1000067E-02  .1799E+00 -.4098E+02   .9999898  .0027894 -.0035466
T 6058  1 .1982723E+07   1000133E-02  .1808E+02 -.2092E-01   .9999877  .0047634 -.0013493
T 6059  1 .1981845E+07   1000010E-02 -.6550E+01 -.1443E+02   .9999833 -.0047526 -.0032783
T 6060  1 .1977732E+07   1000168E-02  .3847E+01 -.4736E+01   .9999998 -.0006673  .0002012
T 6061  1 .1985243E+07   1000083E-02 -.6910E+01 -.6611E+01   .9999997  .0002049 -.0006990
T 6062  1 .1982686E+07   1000085E-02 -.1266E+01  .3713E+01   .9999993 -.0003529  .0011535
T 6063  1 .1986759E+07   1000119E-02 -.5943E+01  .3368E+02   .9999763 -.0012734  .0067592
T 6064  1 .1979703E+07   1000223E-02  .8444E+01 -.1057E+02   .9999980  .0019070 -.0005733
T 6065  1 .1981970E+07   1000164E-02 -.2723E+01 -.1369E+01   .9999992 -.0012578 -.0002346
T 6066  1 .1989372E+07   1000213E-02 -.1562E+02  .1171E+02   .9999716 -.0058168  .0047988
T 6067  1 .1982513E+07   1000130E-02  .4445E+01  .1334E+02   .9999975 -.0002696  .0022373
T 6068  1 .1983523E+07   1000020E-02 -.1116E+02 -.1661E+01   .9999690 -.0078628 -.0003392
T 6069  1 .1983563E+07   1000176E-02  .1455E+00 -.8811E+01   .9999988  .0004920 -.0014644
T 6070  1 .1986770E+07   1000200E-02 -.6538E+01  .6352E+01   .9999886 -.0020826  .0042871
T 6071  1 .1983504E+07   1000190E-02  .2473E+01 -.3736E+01   .9999959  .0022106  .0018330
T 6072  1 .1981471E+07   1000209E-02  .4368E+02 -.6647E+01   .9999424  .0106081 -.0016217
T 6073  1 .1980859E+07   1000220E-02 -.6110E+00  .1721E+02   .9999969 -.0005500  .0024387
T 6074  1 .1988813E+07   1000167E-02 -.5926E+00  .1858E+01   .9999997 -.0005142  .0004954
T 6075  1 .1981382E+07   1000040E-02 -.2021E+02 -.1662E+02   .9999884 -.0023608 -.0042055
T 6076  1 .1988410E+07   1000085E-02  .6663E+00  .3931E+00   .9999786  .0058180  .0030050
T 6077  1 .1983829E+07   1000164E-02 -.3832E+01 -.9845E+01   .9999957 -.0011572 -.0026861
T 6078  1 .1989845E+07   1000209E-02 -.6473E+01 -.1922E+02   .9999979  .0002620 -.0020434
T 6079  1 .1983018E+07   1000013E-02 -.1519E+02  .4741E+01   .9999926 -.0031723  .0021632
T 6080  1 .1981794E+07   1000021E-02 -.4689E+02 -.1821E+02   .9999631 -.0083657 -.0019678
T 6081  1 .1985189E+07   1000205E-02 -.1019E+02 -.7727E+01   .9999972 -.0020905 -.0011192
T 6082  1 .1984159E+07   1000193E-02  .1035E+02 -.2454E+02   .9999588  .0041073 -.0080961
T 6083  1 .1985224E+07   1000001E-02 -.6733E+00 -.1910E+01   .9999996 -.0008546 -.0002383
T 6084  1 .1979334E+07   1000157E-02 -.7080E+00  .7794E+01   .9999560  .0037767 -.0085850
T 6085  1 .1982587E+07   1000089E-02  .1962E+01  .1318E+02   .9999860 -.0007472  .0052338
T 6086  1 .1980249E+07   1000066E-02 -.3768E+01  .5316E+01   .9999991 -.0013314 -.0001647
T 6087  1 .1984678E+07   1000032E-02 -.9821E+01 -.5384E+01   .9999980  .0019984  .0002123
T 6088  1 .1985123E+07   1000034E-02  .3496E+01 -.1251E+01   .9999985  .0016042 -.0005721
T 6089  1 .1990003E+07   1000200E-02  .3996E+01 -.2001E+01   .9999996  .0003442 -.0008806
T 6090  1 .1983918E+07   1000222E-02 -.8117E+01  .2370E+01   .9999987 -.0013358  .0008601
T 6091  1 .1980181E+07   1000143E-02 -.1299E+02  .2935E+01   .9999965 -.0019963  .0017299
T 6092  1 .1986997E+07   1000045E-02 -.1615E+01  .1371E+01   .9999987 -.0005875  .0015202
T 6093  1 .1988047E+07   1000047E-02 -.2722E+01  .5004E+00   .9999997 -.0006884 -.0003342
T 6094  1 .1977898E+07   1000156E-02 -.4226E+01  .1741E+01   .9999996 -.0005308  .0006700
T 6095  1 .1987190E+07   1000193E-02  .1021E+02 -.2047E+01   .9999986  .0016755 -.0001809
T 6096  1 .1981849E+07   1000191E-02  .3178E+01 -.3084E+01   .9999998  .0001099 -.0005852
T 6097  1 .1979986E+07   1000148E-02 -.2569E+02  .6490E+01   .9999837 -.0057023  .0003609
T 6098  1 .1981717E+07   1000002E-02 -.8704E+00  .8708E+01   .9998895  .0079003  .0125913
T 6099  1 .1988648E+07   1000102E-02 -.2054E+01 -.2886E+00   .9999999 -.0000512 -.0000788
T 6100  1 .1988080E+07   1000143E-02 -.1053E+02  .3360E+02   .9999672  .0009135  .0080442
T 6101  1 .1983547E+07   1000202E-02 -.9829E+01 -.1442E+02   .9999963 -.0020330 -.0018261
T 6102  1 .1982097E+07   1000155E-02  .4260E+01 -.1753E+01   .9999990  .0007692 -.0012244
T 6103  1 .1985074E+07   1000167E-02  .1182E+02  .5414E+01   .9999972  .0021875  .0009100
T 6104  1 .1986444E+07   1000072E-02  .1421E+02  .2781E+02   .9999534  .0038754  .0088372
T 6105  1 .1989687E+07   1000010E-02 -.1816E+01  .3793E+00   .9999994 -.0009905  .0005521
T 6106  1 .1983258E+07   1000095E-02 -.2660E+01 -.7760E+01   .9999984  .0008606 -.0015797
T 6107  1 .1987243E+07   1000029E-02  .1493E+02  .4576E+01   .9999939  .0034803 -.0003662
T 6108  1 .1986672E+07   1000112E-02 -.1050E+02 -.5651E+00   .9999993 -.0010309  .0005444
T 6109  1 .1983771E+07   1000024E-02 -.6901E+01 -.2337E+02   .9999625 -.0019904 -.0084236
T 6110  1 .1985221E+07   1000081E-02  .7755E+00 -.1118E+02   .9999698 -.0006002 -.0077493
T 6111  1 .1982175E+07   1000121E-02  .2823E+01 -.1489E+01   .9999999  .0002809 -.0001582
T 6112  1 .1984515E+07   1000132E-02  .8774E+01 -.1970E+01   .9999966  .0025861 -.0004399
T 6113  1 .1985510E+07   1000139E-02 -.2722E+00 -.2455E+00   .9999999  .0004055  .0000189
T 6114  1 .1987989E+07   1000070E-02 -.3393E+01 -.3612E+01   .9999997 -.0007787 -.0002636
T 6115  1 .1986537E+07   1000109E-02  .7763E+01  .7074E+01   .9999992  .0012669 -.0001816
T 6116  1 .1986750E+07   1000108E-02 -.3707E+01  .2944E+01   .9999994 -.0004707  .0010234
T 6117  1 .1986388E+07   1000185E-02 -.2326E+02 -.3673E+02   .9999780 -.0025452 -.0061332
T 6118  1 .1984851E+07   1000192E-02  .3247E+01  .6817E+00   .9999963  .0024109  .0012675
T 6119  1 .1982455E+07   1000034E-02 -.2689E+02 -.1900E+02   .9999830 -.0046221 -.0035598
T 6120  1 .1985468E+07   1000047E-02  .1004E+01  .2752E-01   .9999999  .0003863  .0001431
T 6121  1 .1982061E+07   1000075E-02 -.5924E+01 -.1442E+02   .9999939 -.0008106 -.0034093
T 6122  1 .1978975E+07   1000177E-02  .2096E+02  .1601E+02   .9999910  .0035792  .0022704
T 6123  1 .1982001E+07   1000209E-02  .8127E+00 -.6540E+01   .9999723  .0063949 -.0038190
T 6124  1 .1982982E+07   1000106E-02 -.4860E+01  .4397E+01   .9999979 -.0007424  .0019348
T 6125  1 .1980011E+07   1000082E-02 -.6285E+01  .5614E+01   .9999988 -.0015524  .0000485
T 6126  1 .1983144E+07   1000023E-02  .7469E+01  .1404E+02   .9999992  .0004294  .0011999
T 6127  1 .1983864E+07   1000000E-02 -.1194E+02  .1446E+02   .9999911 -.0018228  .0038110
T 6128  1 .1988674E+07   1000127E-02 -.2051E+00  .1415E+02   .9999934 -.0012252  .0034124
T 6129  1 .1980089E+07   1000001E-02 -.6678E+01 -.1107E+02   .9999975 -.0011584 -.0018963
T 6130  1 .1984722E+07   1000100E-02  .2950E+02  .8420E+01   .9999884  .0035996  .0031911
T 6131  1 .1984056E+07   1000080E-02 -.1488E+02  .1375E+02   .9999785 -.0054489  .0036357
T 6132  1 .1985216E+07   1000172E-02  .3821E+02  .2477E+00   .9999700  .0077407 -.0002350
T 6133  1 .1986515E+07   1000073E-02 -.2573E+01  .1166E+02   .9999915  .0002920  .0041062
T 6134  1 .1988025E+07   1000214E-02 -.1556E+01 -.1071E+01   .9999995 -.0006832 -.0007105
T 6135  1 .1978822E+07   1000184E-02 -.3920E+00  .5299E+01   .9999983  .0014576 -.0011095
T 6136  1 .1985829E+07   1000119E-02  .6654E+00 -.6140E+01   .9999971  .0023758  .0003310
T 6137  1 .1985095E+07   1000123E-02 -.1051E+02  .2388E+01   .9999981 -.0015549  .0011409
T 6138  1 .1985300E+07   1000116E-02 -.1160E+01  .2615E+01   .9999980  .0002119  .0019735
T 6139  1 .1982815E+07   1000001E-02 -.1060E+01 -.2510E+01   .9999997 -.0005457 -.0004656
T 6140  1 .1982204E+07   1000051E-02 -.1189E+01 -.1262E+02   .9999953 -.0007226 -.0029763
T 6141  1 .1984862E+07   1000022E-02  .6444E+01  .5440E+01   .9999997  .0007554 -.0001553
T 6142  1 .1987956E+07   1000027E-02 -.9717E+01 -.1343E+02   .9999945 -.0027790 -.0018220
T 6143  1 .1990166E+07   1000035E-02 -.9314E+00 -.8434E+01   .9999981  .0003337 -.0019424
T 6144  1 .1984524E+07   1000070E-02 -.3049E+02  .1798E+02   .9999726 -.0054164  .0050513
T 6145  1 .1990645E+07   1000213E-02 -.4442E+01 -.9700E+01   .9999906 -.0020003 -.0038515
T 6146  1 .1987683E+07   1000001E-02 -.1140E+01 -.1571E+02   .9999977  .0005049 -.0020865
T 6147  1 .1985249E+07   1000172E-02  .2048E+02 -.1586E+02   .9999929  .0032592 -.0018991
T 6148  1 .1986926E+07   1000061E-02 -.5434E+01 -.2000E+01   .9999964 -.0026390 -.0005044
T 6149  1 .1985512E+07   1000196E-02 -.1060E+02 -.7226E+01   .9999990  .0008954  .0010946
T 6150  1 .1979164E+07   1000213E-02 -.3302E+01 -.2702E+01   .9999993 -.0011991  .0001471
T 6151  1 .1982595E+07   1000202E-02 -.2606E+02 -.7018E+01   .9999752 -.0067080 -.0021495
T 6152  1 .1987356E+07   1000049E-02 -.1711E+02  .3735E+01   .9999899 -.0003678  .0044740
T 6153  1 .1986873E+07   1000006E-02 -.1063E+02  .3163E+01   .9999945 -.0022563  .0024185
T 6154  1 .1985785E+07   1000031E-02  .5513E+00 -.1803E+01   .9999991 -.0003460 -.0012683
T 6155  1 .1987950E+07   1000042E-02 -.1265E+02 -.2525E+02   .9999481 -.0036312 -.0095210
T 6156  1 .1986362E+07   1000208E-02 -.3550E+01  .1488E+02   .9999904 -.0014709  .0041209
T 6157  1 .1983681E+07   1000152E-02  .1406E+02 -.1346E+02   .9999937  .0018693 -.0030184
T 6158  1 .1984146E+07   1000108E-02 -.5238E+00  .1064E+00   .9999995 -.0000768 -.0010239
T 6159  1 .1988385E+07   1000226E-02  .8119E+01 -.1778E+02   .9999909 -.0007235 -.0042054
T 6160  1 .1983700E+07   1000183E-02 -.9657E+00 -.1333E+02   .9999939  .0008463 -.0033929
T 6161  1 .1989039E+07   1000173E-02 -.1578E+02 -.4186E+01   .9999940 -.0034284 -.0005746
T 6162  1 .1987575E+07   1000182E-02 -.1142E+02 -.3540E+02   .9999777 -.0023008 -.0062620
T 6163  1 .1984998E+07   1000112E-02  .1315E+00 -.2681E+00   .9999998  .0001570 -.0006097
T 6164  1 .1981165E+07   1000100E-02  .1583E+01  .1596E+02   .9999904 -.0009166  .0042908
T 6165  1 .1987742E+07   1000037E-02  .5190E+01 -.5446E+01   .9999992  .0012239  .0000732
T 6166  1 .1987377E+07   1000082E-02  .4907E+01 -.2062E+02   .9999690  .0012038 -.0077854
T 6167  1 .1982175E+07   1000196E-02 -.1021E+02  .4946E+01   .9999981 -.0018615  .0006337
T 6168  1 .1982392E+07   1000001E-02  .3909E+01  .5143E+01   .9999996  .0003371 -.0007780
T 6169  1 .1984678E+07   1000202E-02 -.7266E+00  .1392E+01   .9999999  .0000761  .0005344
T 6170  1 .1981175E+07   1000187E-02 -.2170E+01 -.1269E+02   .9999919 -.0003574 -.0040073
T 6171  1 .1984163E+07   1000002E-02  .6324E+00 -.5387E+01   .9999997 -.0007158 -.0001839
T 6172  1 .1986658E+07   1000004E-02  .1344E+01  .4842E+00   .9999997  .0008261 -.0000634
T 6173  1 .1984382E+07   1000127E-02 -.2349E+01 -.6521E+01   .9999985 -.0010467 -.0013744
T 6174  1 .1979340E+07   1000116E-02 -.2722E+02 -.4544E+01   .9999726 -.0057885 -.0046084
T 6175  1 .1982774E+07   1000069E-02 -.2669E+02 -.2608E+02   .9999776 -.0046443 -.0048281
T 6176  1 .1984801E+07   1000034E-02 -.7098E+01 -.6264E+01   .9999978 -.0012349 -.0017067
T 6177  1 .1983660E+07   1000115E-02  .3256E+01  .2139E+02   .9999797  .0013285  .0062328
T 6178  1 .1985685E+07   1000216E-02 -.7425E+01 -.7634E+01   .9999969 -.0024247 -.0005426
T 6179  1 .1987305E+07   1000052E-02 -.1551E+02 -.8899E+01   .9999950 -.0026674 -.0016900
T 6180  1 .1981833E+07   1000088E-02  .3040E+01  .7657E+01   .9999948  .0013477  .0029208
T 6181  1 .1986757E+07   1000017E-02 -.1484E+02 -.1256E+02   .9999693 -.0059435 -.0051015
T 6182  1 .1990736E+07   1000220E-02 -.5798E+01  .3016E+01   .9999988 -.0014366 -.0005723
T 6183  1 .1986640E+07   1000046E-02 -.1865E+02 -.5533E+01   .9999888 -.0047296 -.0003010
T 6184  1 .1978941E+07   1000003E-02 -.4378E+01 -.1316E+01   .9999930  .0032654  .0017998
T 6185  1 .1987481E+07   1000066E-02  .1443E+01  .7384E+01   .9999927  .0005874  .0037865
T 6186  1 .1984480E+07   1000093E-02  .1117E+02 -.8471E+01   .9999955  .0026052 -.0014748
T 6187  1 .1985395E+07   1000151E-02 -.4044E+01  .2604E+01   .9999988 -.0014919  .0002799
T 6188  1 .1984809E+07   1000209E-02  .2278E+01 -.1940E+02   .9999933 -.0034642  .0011462
T 6189  1 .1984688E+07   1000030E-02 -.3882E+02  .3782E+02   .9999508 -.0061406  .0077851
T 6190  1 .1987084E+07   1000145E-02 -.3479E+00  .6104E+01   .9999956  .0003144  .0029568
T 6191  1 .1989066E+07   1000088E-02  .1173E+01 -.5781E+00   .9999998  .0005652 -.0002452
T 6192  1 .1983738E+07   1000007E-02 -.8100E+00 -.2860E+01   .9999998  .0004870  .0003132
T 6193  1 .1986348E+07   1000065E-02 -.6219E+01 -.2080E+01   .9999986 -.0016720  .0003157
T 6194  1 .1987338E+07   1000194E-02 -.4066E+01 -.6554E+01   .9999979  .0014408 -.0014787
T 6195  1 .1986744E+07   1000183E-02 -.1241E+02 -.1740E+02   .9999887 -.0031187 -.0035844
T 6196  1 .1980684E+07   1000071E-02 -.9458E+01 -.5612E+01   .9999881 -.0039900 -.0028147
T 6197  1 .1991617E+07   1000208E-02  .1043E+02  .8085E+01   .9999917  .0030894  .0026749
T 6198  1 .1981705E+07   1000134E-02  .6758E+00  .1076E+01   .9999998 -.0005532  .0000607
T 6199  1 .1981918E+07   1000168E-02  .1003E+02 -.2905E+02   .9999614  .0021166 -.0085304
T 6200  1 .1985367E+07   1000188E-02  .4736E+01 -.2438E+01   .9999948  .0013147 -.0029503
T 6201  1 .1982701E+07   1000212E-02 -.6607E+00  .2631E+01   .9999990  .0003497  .0013615
T 6202  1 .1981117E+07   1000210E-02 -.2700E+00 -.8526E+01   .9999854  .0029011 -.0045530
T 6203  1 .1982800E+07   1000047E-02 -.5866E+01 -.2214E+01   .9999909 -.0034754 -.0024747
T 6204  1 .1985786E+07   1000005E-02  .2392E+01  .2404E+01   .9999998  .0006859 -.0000338
T 6205  1 .1985623E+07   1000197E-02  .3223E+01 -.1092E+02   .9999978  .0014319 -.0015305
T 6206  1 .1988083E+07   1000097E-02  .2538E+01  .8097E+01   .9999999  .0003506 -.0001540
T 6207  1 .1991047E+07   1000063E-02 -.2109E+02  .5469E+01   .9999789 -.0064624  .0006349
T 6208  1 .1985174E+07   1000102E-02  .5667E+01 -.2449E+00   .9999972  .0021528 -.0010238
T 6209  1 .1982821E+07   1000083E-02 -.5662E+00 -.4760E+01   .9999955 -.0007676 -.0028978
T 6210  1 .1987413E+07   1000010E-02 -.9301E+01 -.1593E+01   .9999986 -.0015561  .0005472
T 6211  1 .1985880E+07   1000183E-02 -.8805E+01 -.1684E+01   .9999869 -.0048773  .0015808
T 6212  1 .1983475E+07   1000177E-02  .5253E+01 -.1255E+01   .9999973  .0010022 -.0021161
T 6213  1 .1984680E+07   1000129E-02 -.1785E+02 -.9298E+01   .9999925 -.0038672 -.0001428
T 6214  1 .1981652E+07   1000076E-02  .3316E+01  .9929E+01   .9999946  .0008091  .0031790
T 6215  1 .1982732E+07   1000044E-02  .3514E+01 -.1232E+01   .9999998  .0001090 -.0006856
T 6216  1 .1985017E+07   1000021E-02 -.7411E+01 -.3641E+01   .9999999  .0001919  .0004387
T 6217  1 .1988684E+07   1000151E-02  .1351E+02  .1283E+02   .9999922  .0002341  .0039496
T 6218  1 .1986555E+07   1000197E-02  .8516E+00 -.2540E+01   .9999992  .0001271 -.0012793
T 6219  1 .1980786E+07   1000120E-02 -.5749E+01  .3554E+01   .9999985 -.0014480  .0009599
T 6220  1 .1984536E+07   1000052E-02  .4963E+00  .7771E+00   .9999987 -.0012723 -.0009576
T 6221  1 .1988591E+07   1000192E-02  .4069E+00 -.2109E+02   .9999957  .0003284 -.0029044
T 6222  1 .1983645E+07   1000121E-02 -.1439E+02  .6266E+01   .9999758 -.0067537  .0016928
T 6223  1 .1982571E+07   1000191E-02 -.1113E+01 -.1202E+02   .9999981  .0006337 -.0018655
T 6224  1 .1985796E+07   1000215E-02  .3797E+02  .2076E+01   .9999858  .0052533  .0009269
T 6225  1 .1983369E+07   1000214E-02  .5254E+00  .1029E+02   .9999983 -.0008597  .0016171
T 6226  1 .1983120E+07   1000227E-02 -.2334E+01  .6288E+01   .9999942 -.0001297  .0034149
T 6227  1 .1985964E+07   1000200E-02 -.4950E+01 -.2270E+01   .9999984  .0005205 -.0016955
T 6228  1 .1989440E+07   1000206E-02 -.9388E+01 -.1136E+02   .9999836 -.0031017 -.0048079
T 6229  1 .1985315E+07   1000010E-02 -.1373E+01 -.1842E+01   .9999974  .0018195  .0013417
T 6230  1 .1987765E+07   1000204E-02  .2892E+02 -.3545E+02   .9999842  .0035588 -.0043521
T 6231  1 .1985927E+07   1000181E-02 -.3152E+01 -.6274E+01   .9999917 -.0020594 -.0035121
T 6232  1 .1986520E+07   1000103E-02  .5301E+01 -.7525E+01   .9999973  .0019838 -.0012382
T 6233  1 .1986054E+07   1000060E-02  .2920E+01 -.2205E+01   .9999994  .0002305 -.0010283
T 6234  1 .1985076E+07   1000209E-02  .9415E+01  .1390E+01   .9999997  .0006689  .0003004
T 6235  1 .1980708E+07   1000045E-02  .4044E+01  .6752E+01   .9999958  .0021266  .0019860
T 6236  1 .1984220E+07   1000196E-02 -.1891E+02  .7534E+01   .9999462 -.0094547  .0042602
T 6237  1 .1982862E+07   1000022E-02 -.1514E+01 -.5060E+00   .9999998  .0002341 -.0005625
T 6238  1 .1983218E+07   1000079E-02 -.4121E+01 -.1508E+02   .9999916 -.0013427 -.0038713
T 6239  1 .1985382E+07   1000190E-02 -.1096E+00 -.6037E+01   .9999973  .0005052 -.0022901
T 6240  1 .1981528E+07   1000091E-02  .3174E+01  .8060E+00   .9999994  .0008666  .0006241
T 6241  1 .1982867E+07   1000176E-02  .1472E+02 -.1930E+02   .9999967  .0011679 -.0022868
T 6242  1 .1988247E+07   1000136E-02 -.5433E+01  .4500E+02   .9999362 -.0016684  .0111745
T 6243  1 .1985464E+07   1000077E-02  .1042E+02  .6467E+01   .9999962  .0025700 -.0009822
T 6244  1 .1983227E+07   1000163E-02 -.1024E+02  .3055E+00   .9999931 -.0031808  .0019063
T 6245  1 .1984175E+07   1000158E-02  .1556E+02 -.4516E+01   .9999922  .0039412 -.0003718
T 6246  1 .1985193E+07   1000121E-02 -.3002E+01 -.1257E+02   .9999985  .0005402 -.0016658
T 6247  1 .1988627E+07   1000088E-02  .5204E+01  .1009E+02   .9999940  .0009153  .0033324
T 6248  1 .1984515E+07   1000077E-02 -.2011E+01  .2205E+02   .9999933  .0012467  .0034333
T 6249  1 .1987206E+07   1000087E-02  .1508E+02 -.1855E+01   .9999968  .0023347 -.0010016
T 6250  1 .1983979E+07   1000113E-02  .1049E+02 -.1269E+02   .9999878  .0024322 -.0042975
T 6251  1 .1986851E+07   1000220E-02 -.4176E+00 -.1550E+02   .9999903 -.0016800 -.0040654
T 6252  1 .1987547E+07   1000168E-02  .4633E+01  .1498E+01   .9999982  .0018838  .0002243
T 6253  1 .1988447E+07   1000075E-02 -.2416E+00  .1755E+01   .9999995 -.0001707  .0009785
T 6254  1 .1986184E+07   1000166E-02  .9124E+01  .2300E+01   .9999985  .0011426 -.0012861
T 6255  1 .1979639E+07   1000192E-02 -.7741E+01 -.8119E+01   .9999960 -.0023967 -.0014742
T 6256  1 .1986352E+07   1000003E-02  .2786E+02  .8476E+01   .9999592  .0083613  .0034161
T 6257  1 .1983901E+07   1000201E-02  .1916E+01 -.1206E+00   .9999932  .0000362  .0036746
T 6258  1 .1987511E+07   1000193E-02 -.1849E+01  .3513E+01   .9999957 -.0023794  .0016999
T 6259  1 .1981771E+07   1000167E-02  .4193E+00 -.4342E+01   .9999977 -.0021240  .0000470
T 6260  1 .1981356E+07   1000169E-02 -.1875E+01  .1003E-01   .9999991 -.0007135  .0011531
T 6261  1 .1981385E+07   1000071E-02 -.1800E+02 -.3130E+02   .9999905 -.0021514 -.0037786
T 6262  1 .1986991E+07   1000213E-02  .5334E+02  .2350E+02   .9998419  .0164299  .0068047
T 6263  1 .1982476E+07   1000175E-02  .2441E+00  .1042E+01   .9999975  .0000531  .0022219
T 6264  1 .1982247E+07   1000197E-02 -.2533E+01 -.6599E+01   .9999990  .0001144 -.0014300
T 6265  1 .1981995E+07   1000029E-02  .1016E+02  .4270E+01   .9999997  .0006045  .0004509
T 6266  1 .1980015E+07   1000185E-02  .1517E+02  .1095E+01   .9999862  .0051867  .0008727
T 6267  1 .1987546E+07   1000035E-02 -.1864E+02  .5339E+00   .9999951 -.0024698 -.0019364
T 6268  1 .1988419E+07   1000114E-02 -.4682E+01 -.1475E+02   .9999819 -.0027677 -.0053485
T 6269  1 .1988610E+07   1000002E-02 -.3829E+00 -.2622E+00   .9999999 -.0001178 -.0002083
T 6270  1 .1986541E+07   1000079E-02 -.7956E+01  .1697E+02   .9999925  .0004679  .0038418
T 6271  1 .1983121E+07   1000225E-02 -.3850E+01 -.1467E+02   .9999938 -.0006944 -.0034577
T 6272  1 .1981444E+07   1000025E-02  .6428E-01  .5594E+01   .9999998 -.0001516  .0006807
T 6273  1 .1983407E+07   1000064E-02  .2906E+01  .8741E+01   .9999992 -.0010801  .0006342
T 6274  1 .1985250E+07   1000123E-02  .5202E+01 -.3639E+01   .9999988  .0014098  .0006551
T 6275  1 .1988022E+07   1000166E-02 -.4358E+00  .3568E+01   .9999992 -.0002313 -.0012776
T 6276  1 .1983123E+07   1000222E-02 -.1125E+02 -.1732E+02   .9999969 -.0018682 -.0016632
T 6277  1 .1986523E+07   1000141E-02  .1070E+02  .3419E+01   .9999950  .0031426  .0002429
T 6278  1 .1983516E+07   1000156E-02 -.1977E+01  .7969E+01   .9999972 -.0017310  .0016377
T 6279  1 .1987694E+07   1000107E-02  .2328E+01  .9180E+01   .9999982  .0000137  .0018959
T 6280  1 .1980559E+07   1000154E-02 -.1905E+02  .1126E+02   .9999752 -.0058236  .0039719
T 6281  1 .1981426E+07   1000110E-02  .2634E+01 -.2140E+01   .9999991  .0006862 -.0011882
T 6282  1 .1989713E+07   1000166E-02  .1394E+02  .2428E+02   .9999760  .0058661  .0036929
T 6283  1 .1985024E+07   1000157E-02 -.1891E+01 -.3059E+01   .9999971 -.0009404 -.0022394
T 6284  1 .1984899E+07   1000168E-02  .9714E+01  .1573E+02   .9999835  .0034296  .0046159
T 6285  1 .1986461E+07   1000224E-02 -.3151E+02 -.7505E+01   .9999925 -.0037304 -.0010285
T 6286  1 .1986558E+07   1000139E-02 -.6742E+01  .1362E+02   .9999974 -.0005259  .0022335
T 6287  1 .1981656E+07   1000131E-02 -.2578E+02  .1437E+01   .9999837 -.0056914  .0003610
T 6288  1 .1986545E+07   1000033E-02  .1286E+02 -.5041E+01   .9999955  .0028506 -.0008829
T 6289  1 .1988581E+07   1000145E-02  .1170E+01  .6636E+01   .9999999 -.0000985 -.0001966
T 6290  1 .1984296E+07   1000059E-02 -.4111E+01  .1333E+02   .9999952 -.0020264  .0023524
T 6291  1 .1985080E+07   1000204E-02 -.8819E+01  .8345E+01   .9999994 -.0010751  .0002387
T 6292  1 .1980197E+07   1000027E-02 -.1597E+01  .4456E+01   .9999847 -.0043595  .0034135
T 6293  1 .1984685E+07   1000056E-02  .1075E+02  .1226E+02   .9999950  .0005044  .0031366
T 6294  1 .1981023E+07   1000215E-02  .8201E+01 -.3166E+01   .9999994  .0010345  .0002622
T 6295  1 .1984132E+07   1000078E-02 -.5150E+01 -.4342E+01   .9999999 -.0004169  .0000391
T 6296  1 .1986999E+07   1000178E-02  .6870E+01  .2293E+01   .9999997  .0002162  .0006737
T 6297  1 .1987470E+07   1000193E-02  .4477E+01  .1708E+01   .9999967  .0014383 -.0021214
T 6298  1 .1985940E+07   1000103E-02 -.1186E+02  .6001E+01   .9999980 -.0018398  .0008131
T 6299  1 .1981627E+07   1000070E-02 -.9266E+01 -.5848E+01   .9999982 -.0009939 -.0016252
T 6300  1 .1982236E+07   1000091E-02  .2795E+01  .4880E+01   .9999937  .0004501  .0035208
T 6301  1 .1985813E+07   1000060E-02 -.1198E+02 -.1093E+02   .9999926 -.0038170 -.0004817
T 6302  1 .1980407E+07   1000093E-02 -.1909E+02 -.2318E+01   .9999963 -.0019907 -.0018268
T 6303  1 .1987774E+07   1000164E-02  .5851E+01 -.1535E+02   .9999878 -.0002241 -.0049380
T 6304  1 .1983686E+07   1000182E-02  .1824E+02  .1974E+01   .9999976  .0016380  .0014560
T 6305  1 .1983728E+07   1000046E-02  .6411E+01  .6618E+01   .9999969  .0024122  .0006356
T 6306  1 .1982794E+07   1000094E-02  .6157E+01 -.4743E+00   .9999949  .0030688 -.0008518
T 6307  1 .1984869E+07   1000115E-02  .3580E+01  .6002E+01   .9999998 -.0000732  .0005750
T 6308  1 .1987007E+07   1000156E-02  .3422E+01 -.2063E+01   .9999992  .0010242 -.0007142
T 6309  1 .1984988E+07   1000198E-02 -.1471E+02  .7668E+01   .9999997 -.0002739  .0007014
T 6310  1 .1987203E+07   1000050E-02 -.1850E+02 -.2031E+01   .9999940 -.0034533  .0003086
T 6311  1 .1981744E+07   1000142E-02 -.1161E+02  .7738E+00   .9999844 -.0049415  .0026117
T 6312  1 .1984264E+07   1000047E-02 -.2637E+01 -.1628E+01   .9999964 -.0015407 -.0021817
T 6313  1 .1984102E+07   1000116E-02  .2796E+01  .2068E+01   .9999941  .0030536  .0015646
T 6314  1 .1983043E+07   1000128E-02  .2210E+02 -.1788E+02   .9999881  .0036670 -.0032320
T 6315  1 .1986224E+07   1000143E-02  .3337E+02  .1618E+02   .9999848  .0049327  .0024443
T 6316  1 .1984815E+07   1000186E-02  .2171E+02 -.9862E+01   .9999880  .0043886 -.0021881
T 6317  1 .1982768E+07   1000057E-02  .2444E+02  .7257E+01   .9999900  .0044633  .0003363
T 6318  1 .1979932E+07   1000142E-02 -.2551E+02 -.1404E+02   .9999924 -.0031718 -.0022824
T 6319  1 .1981625E+07   1000179E-02  .2446E+02 -.5481E+01   .9999897  .0045114 -.0005819
T 6320  1 .1982974E+07   1000213E-02 -.8524E+01  .2182E+01   .9999924 -.0038866 -.0003674
T 6321  1 .1981675E+07   1000163E-02  .1561E+01 -.3339E+02   .9999412  .0010680 -.0107923
T 6322  1 .1986822E+07   1000110E-02 -.1612E+02 -.1756E+02   .9999772 -.0034359 -.0058179
T 6323  1 .1980198E+07   1000152E-02 -.2145E+02 -.2330E+02   .9999885 -.0047856 -.0003309
T 6324  1 .1987146E+07   1000122E-02  .1468E+02 -.4844E+02   .9999544  .0022803 -.0092715
T 6325  1 .1990670E+07   1000014E-02  .8229E+01 -.2274E+02   .9999831  .0031975 -.0048464
T 6326  1 .1989781E+07   1000079E-02  .1507E+01  .8259E+01   .9999975  .0011590  .0019159
T 6327  1 .1983968E+07   1000206E-02  .1377E+02  .3178E+01   .9999977  .0017977  .0011637
T 6328  1 .1983219E+07   1000189E-02 -.2615E+01  .8826E+01   .9999915  .0001315  .0041253
T 6329  1 .1984763E+07   1000098E-02  .2078E+01  .7298E+01   .9999992 -.0008564  .0009110
T 6330  1 .1987879E+07   1000090E-02 -.8310E+00 -.2419E+01   .9999996  .0000506 -.0009343
T 6331  1 .1987621E+07   1000103E-02 -.7589E+01 -.1896E+02   .9999212 -.0007197 -.0125352
T 6332  1 .1980815E+07   1000100E-02  .1951E+01 -.1170E+01   .9999998  .0005192 -.0002022
T 6333  1 .1986204E+07   1000003E-02 -.2190E+01  .2247E+01   .9999996 -.0004066  .0008406
T 6334  1 .1984479E+07   1000172E-02 -.7203E+01 -.2708E+01   .9999977  .0007681  .0020237
T 6335  1 .1985366E+07   1000105E-02 -.1412E+02 -.4826E+01   .9999990 -.0002173 -.0013639
T 6336  1 .1983999E+07   1000014E-02  .1993E+01  .2664E+01   .9999977  .0020105 -.0006978
T 6337  1 .1985820E+07   1000072E-02  .1424E+02 -.7838E+01   .9999773 -.0050410 -.0044670
T 6338  1 .1983249E+07   1000146E-02  .2152E+00 -.1073E+02   .9999982 -.0001339 -.0018818
T 6339  1 .1984971E+07   1000132E-02  .4382E+01 -.9515E+00   .9999991  .0013674  .0000209
T 6340  1 .1990452E+07   1000197E-02 -.7619E+01  .8145E+01   .9999991 -.0013298  .0001094
T 6341  1 .1982068E+07   1000196E-02 -.6965E+01  .1049E+02   .9999993  .0000724  .0012128
T 6342  1 .1986555E+07   1000220E-02  .1224E+01 -.8304E+00   .9999985  .0004797  .0016530
T 6343  1 .1979806E+07   1000214E-02 -.4746E+02  .1335E+02   .9999626 -.0085633  .0011914
T 6344  1 .1989478E+07   1000174E-02  .3502E+01 -.2279E+01   .9999993  .0011302 -.0001849
T 6345  1 .1980025E+07   1000082E-02 -.2015E+01 -.1198E+02   .9999965 -.0003569 -.0026178
T 6346  1 .1987214E+07   1000189E-02  .5642E+01 -.7743E+01   .9999935  .0018368 -.0031013
T 6347  1 .1985484E+07   1000080E-02  .6236E+00 -.1322E+02   .9999839 -.0003754 -.0056619
T 6348  1 .1978660E+07   1000079E-02 -.1943E+02  .2324E+01   .9999658 -.0082427  .0006423
T 6349  1 .1986477E+07   1000099E-02  .9956E+01  .2430E+01   .9999980  .0020033  .0000123
T 6350  1 .1984035E+07   1000203E-02 -.3742E+01 -.8719E+00   .9999986 -.0002161 -.0016404
T 6351  1 .1986126E+07   1000025E-02  .1346E+02  .1909E+02   .9999899  .0016451  .0041708
T 6352  1 .1979586E+07   1000211E-02 -.3480E+01 -.6871E+01   .9999905 -.0022173 -.0037514
T 6353  1 .1982875E+07   1000191E-02  .4374E+01 -.1902E+02   .9999917  .0025699 -.0031715
T 6354  1 .1981005E+07   1000002E-02 -.8077E+00 -.8858E+00   .9999976 -.0016843 -.0013973
T 6355  1 .1985295E+07   1000133E-02  .3254E+01 -.9114E+00   .9999967 -.0024485  .0007696
T 6356  1 .1986390E+07   1000122E-02 -.4459E+00 -.8736E+00   .9999999  .0001089 -.0000649
T 6357  1 .1986036E+07   1000122E-02 -.3942E+00  .2049E+01   .9999930 -.0023604  .0029011
T 6358  1 .1979958E+07   1000071E-02  .1841E+02  .4027E+02   .9999102  .0066662  .0116226
T 6359  1 .1984810E+07   1000055E-02  .4286E+01 -.8358E+01   .9999979  .0014387 -.0014461
T 6360  1 .1984472E+07   1000226E-02 -.3248E+01  .1988E+01   .9999995 -.0006196  .0007599
T 6361  1 .1987547E+07   1000067E-02 -.2633E+01  .4731E+01   .9999999  .0000751  .0002798
T 6362  1 .1984810E+07   1000224E-02  .3156E+01 -.9224E+01   .9999955  .0008685 -.0028818
T 6363  1 .1986755E+07   1000052E-02 -.1630E+01 -.1168E+02   .9999861 -.0013826 -.0050905
T 6364  1 .1982276E+07   1000211E-02  .4846E+01  .6328E+01   .9999883  .0025707  .0040962
T 6365  1 .1985071E+07   1000002E-02  .2538E+01  .1759E+01   .9999995 -.0006237 -.0007166
T 6366  1 .1982908E+07   1000092E-02  .1802E+02 -.1089E+02   .9999851  .0025409 -.0048369
T 6367  1 .1982217E+07   1000142E-02  .2018E+02  .2971E+01   .9999915  .0039114  .0012961
T 6368  1 .1986245E+07   1000090E-02  .2978E+01  .9920E+01   .9999950  .0006646  .0031057
T 6369  1 .1981016E+07   1000197E-02 -.6648E+01 -.4340E+01   .9999948 -.0005626  .0031830
T 6370  1 .1982113E+07   1000099E-02  .1290E+02 -.1073E+02   .9999921  .0031220 -.0024581
T 6371  1 .1985382E+07   1000207E-02  .5932E+01 -.7567E+01   .9999928  .0024133 -.0029376
T 6372  1 .1981734E+07   1000084E-02 -.9319E+01 -.5330E+01   .9999935 -.0031514 -.0017316
T 6373  1 .1984579E+07   1000220E-02 -.2009E+00 -.1108E+02   .9999884  .0029308 -.0038123
T 6374  1 .1985881E+07   1000134E-02 -.2904E+01 -.1627E+02   .9999009  .0043300 -.0133981
T 6375  1 .1986252E+07   1000109E-02 -.2466E+00  .4787E+01   .9999998  .0001029  .0006411
T 6376  1 .1982513E+07   1000190E-02  .3050E+00  .2423E+00   .9999985  .0005074  .0016618
T 6377  1 .1987225E+07   1000027E-02  .1010E+02  .9384E-01   .9999985  .0013368 -.0011002
T 6378  1 .1983560E+07   1000137E-02  .7592E+00  .3781E+00   .9999999 -.0001147  .0000198
T 6379  1 .1983218E+07   1000128E-02  .4437E+01  .2909E+01   .9999948  .0024300  .0020989
T 6380  1 .1981427E+07   1000007E-02  .8591E+01 -.1588E+02   .9999980  .0011517 -.0016316
T 6381  1 .1982042E+07   1000151E-02  .2486E+02 -.1323E+02   .9999515  .0089086 -.0041958
T 6382  1 .1984107E+07   1000079E-02  .2718E+01 -.1210E+02   .9999992  .0005598 -.0010926
T 6383  1 .1982894E+07   1000041E-02 -.5204E+01 -.1968E+01   .9999947 -.0028835  .0015017
T 6384  1 .1986523E+07   1000061E-02  .4480E+01  .2975E-02   .9999996  .0008147 -.0003682
T 6385  1 .1987780E+07   1000131E-02  .9882E+01 -.1674E+02   .9999973  .0015968 -.0017067
T 6386  1 .1986656E+07   1000134E-02 -.2361E+02 -.6338E+02   .9999598 -.0032255 -.0083655
T 6387  1 .1982428E+07   1000053E-02  .7265E+01 -.1344E+01   .9999982  .0018189 -.0005361
T 6388  1 .1988494E+07   1000178E-02 -.1582E+02 -.1257E+02   .9999976  .0003865 -.0021568
T 6389  1 .1981338E+07   1000002E-02 -.3326E+00  .7240E+01   .9999993  .0008112  .0008241
T 6390  1 .1986184E+07   1000004E-02  .1926E+02  .1061E+01   .9999941  .0033322  .0008164
T 6391  1 .1984825E+07   1000127E-02  .3081E+01 -.4726E+00   .9999973  .0022971  .0004354
T 6392  1 .1992196E+07   1000208E-02  .4707E+01  .6102E+01   .9999951  .0015153  .0027330
T 6393  1 .1986411E+07   1000165E-02  .5283E+01 -.1411E+02   .9999990  .0008165  .0011602
T 6394  1 .1978975E+07   1000111E-02  .4776E+01 -.2664E+01   .9999966 -.0004537 -.0025693
T 6395  1 .1987855E+07   1000188E-02 -.2158E+01 -.3152E+01   .9999971 -.0019679  .0014048
T 6396  1 .1981350E+07   1000206E-02 -.2794E+01  .3838E+01   .9999987 -.0006268  .0015076
T 6397  1 .1987877E+07   1000123E-02 -.8696E+00  .4294E+01   .9999989  .0007856  .0012460
T 6398  1 .1983125E+07   1000206E-02 -.4599E+01  .3510E+01   .9999915 -.0041133  .0003372
T 6399  1 .1983381E+07   1000219E-02  .1020E+01 -.2910E+01   .9999995 -.0007937  .0006009
T 6400  1 .1983884E+07   1000153E-02  .9552E+01 -.3644E+01   .9999898  .0021227 -.0039986
T 6401  1 .1981035E+07   1000010E-02 -.6868E+01 -.6938E+01   .9999917 -.0009083 -.0039757
T 6402  1 .1981701E+07   1000159E-02 -.5751E+01 -.5836E-01   .9999964 -.0026462  .0004438
T 6403  1 .1981358E+07   1000212E-02 -.6596E+01  .3506E+01   .9999998 -.0006916 -.0000848
T 6404  1 .1984623E+07   1000063E-02  .1513E+01 -.1273E+02   .9999911 -.0012680 -.0040133
T 6405  1 .1985106E+07   1000219E-02 -.1517E+01 -.7663E+01   .9999979 -.0003083 -.0020102
T 6406  1 .1981412E+07   1000008E-02 -.4877E+01  .1282E+01   .9999950 -.0031026 -.0006433
T 6407  1 .1978460E+07   1000135E-02  .8363E+01  .3667E+01   .9999956  .0027153  .0011832
T 6408  1 .1981627E+07   1000122E-02 -.5543E+01  .3967E+01   .9999965 -.0021463  .0015460
T 6409  1 .1983786E+07   1000022E-02  .2639E+01  .2077E+01   .9999998  .0004591  .0004979
T 6410  1 .1988180E+07   1000217E-02  .2003E+01  .1508E+01   .9999997  .0005155 -.0005326
T 6411  1 .1988163E+07   1000008E-02  .1968E+02  .4685E+01   .9999967  .0025538  .0001428
T 6412  1 .1990670E+07   1000032E-02  .3545E+02 -.1629E+02   .9999586  .0088922 -.0019102
T 6413  1 .1978944E+07   1000178E-02 -.1001E+01 -.7410E+01   .9999984 -.0007992 -.0016211
T 6414  1 .1979380E+07   1000021E-02  .1485E+02 -.2544E+01   .9999990  .0013912  .0003000
T 6415  1 .1984930E+07   1000091E-02 -.1629E+01 -.2095E+00   .9999986 -.0015938 -.0005117
T 6416  1 .1985098E+07   1000020E-02 -.7474E+00  .9941E+00   .9999971 -.0021753  .0010634
T 6417  1 .1984797E+07   1000100E-02 -.3763E+01 -.2438E+00   .9999852 -.0011891  .0053047
T 6418  1 .1982065E+07   1000073E-02  .7132E-01 -.6438E+00   .9999997 -.0001420 -.0007330
T 6419  1 .1981005E+07   1000089E-02  .3454E+02 -.3591E+01   .9999486  .0101093 -.0007440
T 6420  1 .1984723E+07   1000173E-02 -.9850E+01  .3596E+01   .9999989 -.0008132  .0012074
T 6421  1 .1988392E+07   1000174E-02  .3506E+01  .8373E+01   .9999950 -.0007912  .0030526
T 6422  1 .1981985E+07   1000034E-02 -.1612E+01  .6485E+01   .9999982  .0003698  .0018365
T 6423  1 .1985151E+07   1000210E-02  .5580E-01  .7349E+00   .9999999 -.0005129 -.0001651
T 6424  1 .1985381E+07   1000109E-02 -.1296E+02 -.3785E+02   .9999695 -.0024022 -.0074288
T 6425  1 .1984504E+07   1000218E-02 -.5052E+01 -.1227E+01   .9999983 -.0001624 -.0018205
T 6426  1 .1985239E+07   1000157E-02  .3301E+02 -.1840E+01   .9999678  .0080174 -.0001787
T 6427  1 .1985238E+07   1000039E-02 -.2722E+01 -.3370E+01   .9999992 -.0005353 -.0011043
T 6428  1 .1989406E+07   1000222E-02 -.2253E+01 -.2620E+01   .9999981 -.0017757 -.0008405
T 6429  1 .1983329E+07   1000074E-02  .5160E+02 -.1722E+02   .9999718  .0067474 -.0032842
T 6430  1 .1982522E+07   1000083E-02  .1222E+02  .2128E+02   .9999904  .0016889  .0040440
T 6431  1 .1988582E+07   1000125E-02  .4314E+01 -.1016E+02   .9999966  .0002595 -.0025962
T 6432  1 .1986208E+07   1000023E-02 -.4186E+01 -.3808E+01   .9999980 -.0012529 -.0015549
T 6433  1 .1986224E+07   1000019E-02  .5799E+01 -.4875E+01   .9999975  .0017065 -.0014154
T 6434  1 .1986276E+07   1000100E-02  .4949E+01  .2456E+01   .9999976  .0010127  .0019647
T 6435  1 .1985600E+07   1000178E-02  .3801E+01  .1477E+02   .9999958  .0021432  .0019765
T 6436  1 .1983691E+07   1000186E-02  .2821E+01 -.3676E+01   .9999965  .0024915 -.0008757
T 6437  1 .1982558E+07   1000214E-02 -.7967E+01 -.7956E+01   .9999973 -.0007268 -.0021998
T 6438  1 .1988937E+07   1000064E-02 -.9998E+01 -.8082E+01   .9999965 -.0026239  .0003669
T 6439  1 .1990250E+07   1000072E-02  .6982E+00 -.7909E+01   .9999936  .0023658 -.0026904
T 6440  1 .1982299E+07   1000188E-02  .1345E+02 -.5645E+01   .9999904  .0027513 -.0033965
T 6441  1 .1980075E+07   1000214E-02 -.1154E+01  .3967E+01   .9999987  .0010190  .0012198
T 6442  1 .1987116E+07   1000143E-02  .2893E+01 -.7503E+00   .9999988  .0011572 -.0010129
T 6443  1 .1983229E+07   1000100E-02 -.4047E+01  .2023E+00   .9999998 -.0005777 -.0001976
T 6444  1 .1986730E+07   1000164E-02 -.1224E+01  .6501E+01   .9999896  .0041704  .0018282
T 6445  1 .1987654E+07   1000123E-02 -.9971E+01  .1415E+02   .9999951 -.0006380  .0030519
T 6446  1 .1981269E+07   1000177E-02  .2685E+00 -.1847E+01   .9999985  .0004683 -.0016600
T 6447  1 .1988837E+07   1000042E-02  .5135E+01  .5606E+01   .9999986 -.0014946  .0007559
T 6448  1 .1987568E+07   1000055E-02  .1556E+02  .1432E+01   .9999959  .0027632 -.0006929
T 6449  1 .1978260E+07   1000200E-02 -.3437E+01 -.5010E+01   .9999999  .0004624 -.0001811
T 6450  1 .1985267E+07   1000138E-02 -.2217E+01  .3259E+00   .9999999 -.0004533  .0002075
T 6451  1 .1979257E+07   1000224E-02 -.4321E+01 -.8625E+01   .9999978 -.0004815  .0020236
T 6452  1 .1980778E+07   1000156E-02  .4411E+01 -.3220E+01   .9999988 -.0001254 -.0015375
T 6453  1 .1984422E+07   1000220E-02  .6864E+01  .3320E+01   .9999991  .0010135  .0009018
T 6454  1 .1980787E+07   1000043E-02 -.1554E+02 -.8966E+01   .9999887 -.0036430 -.0030686
T 6455  1 .1983576E+07   1000147E-02 -.8010E+01  .5805E+01   .9999995 -.0006384  .0008067
T 6456  1 .1986087E+07   1000027E-02  .1734E+02  .8456E+01   .9999966  .0017553  .0019388
T 6457  1 .1985253E+07   1000131E-02 -.2172E+02  .4794E+01   .9999866 -.0048006  .0019579
T 6458  1 .1984054E+07   1000213E-02  .2404E+02 -.3231E+01   .9999911  .0041703  .0006278
T 6459  1 .1979840E+07   1000155E-02  .1373E+01 -.7943E+01   .9999991  .0002496 -.0013298
T 6460  1 .1983636E+07   1000064E-02  .1551E+02  .1630E+01   .9999984  .0013708 -.0011596
T 6461  1 .1982394E+07   1000063E-02 -.2411E+02 -.1924E+01   .9999915 -.0038128 -.0015900
T 6462  1 .1984255E+07   1000140E-02  .5491E+01  .4679E+01   .9999983  .0005703  .0017562
T 6463  1 .1985418E+07   1000195E-02 -.1880E+01 -.3647E+01   .9999981 -.0018484  .0006049
T 6464  1 .1984395E+07   1000156E-02  .8065E+01  .5972E+01   .9999923  .0037501  .0011832
T 6465  1 .1983376E+07   1000125E-02  .1851E+01  .1298E+01   .9999988  .0007730  .0013538
T 6466  1 .1986083E+07   1000214E-02  .1242E+01  .2200E+01   .9999991 -.0013047  .0001821
T 6467  1 .1984711E+07   1000225E-02 -.5592E+01 -.3816E+01   .9999980 -.0016852 -.0011111
T 6468  1 .1980913E+07   1000220E-02  .2363E+01 -.6649E+01   .9999999  .0000315 -.0005294
T 6469  1 .1983193E+07   1000097E-02  .1187E+01 -.6453E+00   .9999984  .0002003  .0017902
T 6470  1 .1986672E+07   1000053E-02 -.1709E+01  .1450E+01   .9999998 -.0004784  .0003278
T 6471  1 .1984618E+07   1000110E-02  .6294E+01 -.3858E+01   .9999983  .0017719  .0004997
T 6472  1 .1984783E+07   1000187E-02  .1205E+02 -.8874E+01   .9999892  .0000606 -.0046452
T 6473  1 .1983161E+07   1000002E-02  .1123E+02  .3297E+01   .9999946  .0031533  .0008751
T 6474  1 .1984952E+07   1000124E-02 -.6946E+01 -.4731E+01   .9999896 -.0044482 -.0009989
T 6475  1 .1985595E+07   1000140E-02 -.4359E+01  .9180E-01   .9999993 -.0012053 -.0000855
T 6476  1 .1983975E+07   1000096E-02  .1186E+01 -.3601E+01   .9999972  .0000422 -.0023518
T 6477  1 .1989926E+07   1000167E-02 -.8185E-01 -.5866E+01   .9999941 -.0004814 -.0033886
T 6478  1 .1984502E+07   1000129E-02 -.1105E+02 -.7259E+01   .9999970 -.0019004 -.0015631
T 6479  1 .1986017E+07   1000155E-02 -.5989E+01 -.6210E+01   .9999971 -.0021018 -.0012156
T 6480  1 .1984355E+07   1000177E-02 -.2668E+00  .4411E+00   .9999994  .0011151  .0000716
T 6481  1 .1979647E+07   1000115E-02  .4547E+01  .3828E+01   .9999978 -.0015515  .0014206
T 6482  1 .1981826E+07   1000165E-02  .3414E+01  .8351E+01   .9999990  .0013295  .0004938
T 6483  1 .1987216E+07   1000225E-02  .1115E-01  .2595E+00   .9999999 -.0001624  .0004765
T 6484  1 .1987749E+07   1000164E-02 -.6289E+01  .3269E+01   .9999971 -.0021798  .0010133
T 6485  1 .1985845E+07   1000083E-02  .1348E+01  .2117E+01   .9999963 -.0020930  .0017305
T 6486  1 .1988251E+07   1000158E-02  .1090E+02  .1537E+01   .9999993  .0009527 -.0006576
T 6487  1 .1986116E+07   1000188E-02 -.6311E+00 -.1126E+02   .9999963  .0010722 -.0024850
T 6488  1 .1979944E+07   1000212E-02 -.6824E+00  .8937E+00   .9999999 -.0004863 -.0001641
T 6489  1 .1982017E+07   1000016E-02 -.5348E+01  .1359E+02   .9999841 -.0017955  .0053512
T 6490  1 .1983122E+07   1000008E-02 -.4295E+01 -.1238E+01   .9998936 -.0095455 -.0110294
T 6491  1 .1985556E+07   1000110E-02  .4908E+01 -.9920E+01   .9999965  .0013831 -.0022432
T 6492  1 .1978039E+07   1000210E-02  .6646E+01 -.9341E+00   .9999987  .0016142 -.0001757
T 6493  1 .1984271E+07   1000146E-02 -.5122E+02  .4657E+02   .9998877 -.0114166  .0097072
T 6494  1 .1983203E+07   1000006E-02  .4291E+00  .4756E+01   .9999998 -.0000701  .0005449
T 6495  1 .1980202E+07   1000131E-02  .1636E+01 -.5285E+00   .9999993  .0008469 -.0008005
T 6496  1 .1982033E+07   1000001E-02 -.7446E+01 -.1155E+02   .9999806 -.0040775 -.0047167
T 6497  1 .1984607E+07   1000027E-02 -.8644E+01 -.2204E+02   .9999840 -.0004080 -.0056414
T 6498  1 .1984327E+07   1000086E-02  .1089E+01  .4620E+00   .9999997 -.0003501 -.0006805
T 6499  1 .1982681E+07   1000145E-02 -.2733E+01  .3051E+01   .9999996 -.0000960  .0008726
T 6500  1 .1985664E+07   1000131E-02 -.4246E+01  .2404E+02   .9999953 -.0006094  .0029981
T 6501  1 .1989729E+07   1000182E-02 -.6663E+01 -.1522E+02   .9999551 -.0025385 -.0091338
T 6502  1 .1985384E+07   1000043E-02 -.1254E+01  .4703E+02   .9999665  .0003636  .0081811
T 6503  1 .1986856E+07   1000166E-02 -.1771E+02 -.2235E+02   .9999626 -.0048852 -.0071408
T 6504  1 .1982316E+07   1000151E-02 -.5351E+01 -.5146E+00   .9999949 -.0022412 -.0022653
T 6505  1 .1981315E+07   1000151E-02  .1177E+02  .7972E+01   .9999979  .0010772  .0017588
T 6506  1 .1986365E+07   1000041E-02  .3898E+02 -.5825E+02   .9999338  .0068461 -.0092510
T 6507  1 .1985020E+07   1000067E-02 -.1246E+02 -.6720E+01   .9999888 -.0033984 -.0033055
T 6508  1 .1987474E+07   1000056E-02 -.1496E+02  .1060E+02   .9998293 -.0148002  .0110628
T 6509  1 .1986692E+07   1000110E-02  .1375E+02  .3100E+01   .9999922  .0038699  .0007309
T 6510  1 .1989129E+07   1000143E-02 -.5877E+01  .1961E+01   .9999940 -.0033805  .0008014
T 6511  1 .1985405E+07   1000173E-02  .2364E+01 -.1334E+01   .9999993 -.0011957  .0002553
T 6512  1 .1986269E+07   1000194E-02 -.1801E+02  .7939E-01   .9999935 -.0035999 -.0002541
T 6513  1 .1983575E+07   1000086E-02 -.2990E+01  .1581E+00   .9999978 -.0020647  .0002217
T 6514  1 .1982641E+07   1000086E-02  .2343E+00  .4736E+01   .9999953  .0002187  .0030636
T 6515  1 .1985707E+07   1000024E-02 -.8885E+02 -.5531E+02   .9998073 -.0168331 -.0101033
T 6516  1 .1984973E+07   1000118E-02 -.5496E+01 -.3418E+01   .9999989 -.0003828 -.0014366
T 6517  1 .1990531E+07   1000086E-02  .1110E+01  .1072E+02   .9999997 -.0002754  .0007265
T 6518  1 .1981309E+07   1000217E-02 -.2812E+02  .5236E+01   .9999919 -.0026084  .0030557
T 6519  1 .1985789E+07   1000132E-02 -.7085E+00  .1876E+00   .9999986 -.0011312  .0012341
T 6520  1 .1988389E+07   1000204E-02  .2631E+02 -.5302E+01   .9999829  .0056870 -.0013779
T 6521  1 .1985770E+07   1000079E-02  .7758E+01 -.7724E+01   .9999989  .0007948 -.0012577
T 6522  1 .1986844E+07   1000114E-02  .2739E+01  .9092E+00   .9999992  .0012969 -.0000663
T 6523  1 .1984475E+07   1000178E-02  .7045E+00 -.2593E+00   .9999970  .0024449  .0001719
T 6524  1 .1986336E+07   1000176E-02  .1058E+02 -.6317E+01   .9999264  .0120625 -.0013004
T 6525  1 .1987529E+07   1000218E-02  .1545E+01  .1442E+01   .9999982  .0015566  .0010842
T 6526  1 .1989542E+07   1000164E-02  .1042E+01  .3508E+01   .9999960 -.0028255  .0000467
T 6527  1 .1991902E+07   1000061E-02 -.1051E+02  .7217E+01   .9999641 -.0054888  .0064579
T 6528  1 .1981458E+07   1000066E-02 -.4248E+01  .3035E+02   .9999839 -.0013635  .0055076
T 6529  1 .1981790E+07   1000216E-02 -.6859E+01 -.5984E+01   .9999987  .0008692 -.0013554
T 6530  1 .1985524E+07   1000218E-02  .8606E+01 -.1025E+02   .9999940  .0033062 -.0010665
T 6531  1 .1984494E+07   1000207E-02 -.5810E+01  .1949E+02   .9999953 -.0008807  .0029409
T 6532  1 .1982466E+07   1000206E-02 -.1526E+02 -.2874E+01   .9999881 -.0047415 -.0011396
T 6533  1 .1985175E+07   1000115E-02 -.1748E+02  .2473E+02   .9999814 -.0051188  .0033118
T 6534  1 .1983042E+07   1000122E-02  .3123E+01 -.7324E+01   .9999975  .0017356 -.0014236
T 6535  1 .1987722E+07   1000178E-02 -.1804E+01  .9397E+01   .9999969  .0001576  .0024759
T 6536  1 .1983678E+07   1000106E-02  .1536E+01  .6165E+01   .9999997  .0007933  .0002170
T 6537  1 .1986527E+07   1000096E-02 -.1426E+01 -.2433E+01   .9999993 -.0011191  .0004901
T 6538  1 .1987360E+07   1000141E-02 -.5865E+01  .2729E+01   .9999993 -.0011609  .0002134
T 6539  1 .1985989E+07   1000047E-02 -.1755E+01 -.1183E+01   .9999991 -.0010987 -.0007101
T 6540  1 .1984477E+07   1000138E-02 -.1117E+02  .2107E+02   .9999645 -.0053513  .0065150
T 6541  1 .1987322E+07   1000173E-02 -.1192E+02 -.5033E+01   .9999951 -.0026909 -.0016211
T 6542  1 .1987093E+07   1000015E-02 -.6236E+01  .2253E+01   .9999980 -.0019107  .0005731
T 6543  1 .1985375E+07   1000101E-02 -.2292E+02 -.3089E+02   .9999942 -.0028038  .0019519
T 6544  1 .1986437E+07   1000013E-02  .3585E+00 -.3391E+00   .9999991  .0003658 -.0012926
T 6545  1 .1984047E+07   1000143E-02 -.1241E+02  .1178E+02   .9999958 -.0026544  .0011570
T 6546  1 .1983674E+07   1000076E-02 -.4821E+01 -.7003E+00   .9999995 -.0002976 -.0009757
T 6547  1 .1986802E+07   1000024E-02  .1422E+01  .4370E+01   .9999978 -.0020874  .0000778
T 6548  1 .1984129E+07   1000153E-02  .2524E+01 -.4099E+01   .9999910  .0023930 -.0035115
T 6549  1 .1982522E+07   1000155E-02 -.3403E+02 -.2165E+02   .9999919 -.0005200 -.0039934
T 6550  1 .1989095E+07   1000217E-02 -.9107E+01  .5796E+01   .9999707 -.0065463  .0039745
T 6551  1 .1985307E+07   1000002E-02 -.1221E+02  .4592E+02   .9999201 -.0029455  .0122891
T 6552  1 .1986742E+07   1000142E-02  .2457E+02  .3874E+02   .9999845  .0029269  .0047394
T 6553  1 .1984113E+07   1000021E-02  .5509E+00  .9391E+00   .9999954  .0017706 -.0024768
T 6554  1 .1981220E+07   1000222E-02 -.1138E+02  .1971E+01   .9999910 -.0042096  .0005288
T 6555  1 .1980473E+07   1000005E-02 -.5034E+01 -.2697E+01   .9999978 -.0012968 -.0016266
T 6556  1 .1987431E+07   1000220E-02 -.9566E+00  .4558E+01   .9999962 -.0002579  .0027336
T 6557  1 .1983012E+07   1000097E-02 -.2896E+01 -.1247E+01   .9999961 -.0014065 -.0024049
T 6558  1 .1984968E+07   1000040E-02 -.1928E+01 -.1357E+01   .9999993  .0010923 -.0004128
T 6559  1 .1984356E+07   1000189E-02 -.8587E+01 -.2006E+00   .9999960 -.0016649 -.0022996
T 6560  1 .1984447E+07   1000212E-02 -.1697E+01  .1220E+02   .9999991  .0010384 -.0008383
T 6561  1 .1982729E+07   1000169E-02 -.7501E+02 -.4246E+02   .9998934 -.0131483 -.0063517
T 6562  1 .1986044E+07   1000139E-02 -.9613E+01 -.3546E+01   .9999996 -.0008608  .0002163
T 6563  1 .1993640E+07   1000042E-02  .1525E+02  .6139E+01   .9999912  .0039064  .0015047
T 6564  1 .1984375E+07   1000079E-02  .1112E+02  .1718E+02   .9999904  .0032493  .0029444
T 6565  1 .1985430E+07   1000063E-02 -.7904E+01 -.6521E+00   .9999968 -.0025098 -.0004135
T 6566  1 .1985826E+07   1000152E-02  .3877E+02  .1686E+02   .9999813  .0061189  .0001216
T 6567  1 .1986274E+07   1000100E-02  .5833E+01  .6234E+01   .9999985  .0016091 -.0005645
T 6568  1 .1985328E+07   1000134E-02  .2757E+01 -.1944E+01   .9999925  .0007629 -.0037913
T 6569  1 .1984330E+07   1000013E-02  .8192E+01  .6961E+01   .9999988  .0003011  .0015082
T 6570  1 .1980207E+07   1000164E-02  .4866E+01 -.1908E+01   .9999876  .0025827 -.0042533
T 6571  1 .1984799E+07   1000142E-02  .6664E+02 -.5434E+01   .9999758  .0069120 -.0008197
T 6572  1 .1980078E+07   1000061E-02  .1291E+01 -.6516E+01   .9999971  .0011509 -.0021265
T 6573  1 .1986930E+07   1000070E-02  .7416E+01 -.9308E+01   .9999860  .0033938 -.0040624
T 6574  1 .1981106E+07   1000058E-02  .3067E+01  .2163E+01   .9999992  .0010421  .0007620
T 6575  1 .1987656E+07   1000145E-02  .2110E+02  .1473E+02   .9999747  .0053209  .0047302
T 6576  1 .1984324E+07   1000005E-02 -.1628E+02 -.5285E+00   .9999875 -.0049630  .0005471
T 6577  1 .1982097E+07   1000186E-02 -.1440E+01 -.2736E+01   .9999985 -.0006389 -.0015946
T 6578  1 .1984159E+07   1000132E-02  .1937E+01 -.8596E+00   .9999969  .0021607 -.0012682
T 6579  1 .1985196E+07   1000129E-02 -.1380E+01 -.1003E+02   .9999991 -.0000375 -.0013525
T 6580  1 .1989083E+07   1000047E-02  .1204E+00  .4595E+00   .9999994  .0010975  .0002692
T 6581  1 .1988216E+07   1000164E-02 -.1120E+02 -.8476E+01   .9999858 -.0053092 -.0003790
T 6582  1 .1990939E+07   1000102E-02 -.2190E+02  .1470E+01   .9999970 -.0018296  .0016217
T 6583  1 .1990188E+07   1000197E-02  .2607E+01 -.1023E+01   .9999981  .0018739 -.0005027
T 6584  1 .1988051E+07   1000226E-02  .1155E+02  .1501E+02   .9999991  .0000794  .0013357
T 6585  1 .1984435E+07   1000191E-02 -.1157E+02  .1317E+01   .9999909 -.0042652  .0001340
T 6586  1 .1986339E+07   1000062E-02  .1685E+01 -.5848E+01   .9999995  .0008763 -.0004531
T 6587  1 .1983184E+07   1000051E-02 -.1138E+02 -.1083E+02   .9999986 -.0009732 -.0013688
T 6588  1 .1980581E+07   1000088E-02  .9078E+01 -.2027E+01   .9999933  .0036499 -.0000235
T 6589  1 .1981500E+07   1000084E-02  .2509E+01 -.1022E+02   .9999986  .0013899 -.0009508
T 6590  1 .1982125E+07   1000144E-02  .9335E+01 -.3294E+01   .9999968  .0025009  .0002808
T 6591  1 .1989734E+07   1000098E-02 -.1849E+01 -.2293E+00   .9999947 -.0032474 -.0000147
T 6592  1 .1982648E+07   1000058E-02  .5818E+01 -.9896E+01   .9999766  .0033799 -.0059467
T 6593  1 .1986730E+07   1000168E-02  .2637E+01 -.1612E+01   .9999992  .0011067 -.0006875
T 6594  1 .1983943E+07   1000143E-02  .1105E+01 -.1174E+02   .9999996 -.0000466 -.0009177
T 6595  1 .1980568E+07   1000117E-02 -.4486E+01  .5075E+01   .9999977 -.0016966  .0013001
T 6596  1 .1987435E+07   1000159E-02  .4180E+01  .6220E+00   .9999998  .0002019 -.0006716
T 6597  1 .1984802E+07   1000180E-02  .1695E+02 -.5295E+01   .9999967  .0022496 -.0012034
T 6598  1 .1985314E+07   1000221E-02  .2366E+01  .4964E+01   .9999989 -.0006774 -.0013045
T 6599  1 .1983149E+07   1000194E-02  .3183E+01 -.9834E+00   .9999958 -.0009068 -.0027531
T 6600  1 .1983738E+07   1000144E-02  .2795E+01 -.7444E+01   .9999937  .0013983 -.0032652
T 6601  1 .1981525E+07   1000205E-02  .1408E+02 -.1923E+02   .9999687  .0059247 -.0052416
T 6602  1 .1985354E+07   1000108E-02  .7811E+01 -.6772E+01   .9999975  .0020866 -.0007558
T 6603  1 .1984258E+07   1000016E-02 -.3546E+01 -.1042E+01   .9999999  .0001333  .0000481
T 6604  1 .1986682E+07   1000138E-02 -.9311E+01 -.5534E+01   .9999975 -.0014933 -.0016738
T 6605  1 .1981228E+07   1000176E-02  .9633E+00 -.1140E+02   .9999855  .0028534 -.0045598
T 6606  1 .1981154E+07   1000184E-02 -.7355E+00  .1984E+01   .9999996  .0005865  .0007444
T 6607  1 .1984974E+07   1000175E-02 -.8620E+01  .1385E+02   .9999941 -.0015494  .0030507
T 6608  1 .1980809E+07   1000155E-02 -.8029E+01 -.4660E+01   .9999985 -.0006560 -.0015939
T 6609  1 .1981642E+07   1000025E-02 -.1741E+01  .5405E+00   .9999999 -.0000048  .0003149
T 6610  1 .1985031E+07   1000185E-02 -.1435E+01 -.1094E+02   .9999951 -.0015005 -.0027461
T 6611  1 .1985078E+07   1000102E-02 -.1065E+01  .2201E+01   .9999985  .0003461  .0016737
T 6612  1 .1985649E+07   1000043E-02 -.9222E+01 -.1159E+02   .9999946 -.0009227 -.0031613
T 6613  1 .1987993E+07   1000118E-02  .4451E+01  .7582E+01   .9999991 -.0000181  .0013245
T 6614  1 .1982616E+07   1000056E-02  .9944E+01  .1741E+02   .9999866  .0028302  .0043365
T 6615  1 .1985410E+07   1000196E-02  .1657E+01  .4386E+01   .9999961  .0022884  .0016147
T 6616  1 .1985828E+07   1000087E-02  .4459E+01 -.1927E+01   .9999997 -.0000412 -.0007154
T 6617  1 .1984922E+07   1000069E-02  .6765E+01 -.2628E+01   .9999887  .0044805 -.0015752
T 6618  1 .1984545E+07   1000168E-02  .1021E+02  .7146E+01   .9999775  .0049910  .0044745
T 6619  1 .1985495E+07   1000090E-02  .6564E+01  .4271E+01   .9999999 -.0001988  .0004202
T 6620  1 .1977185E+07   1000101E-02 -.1070E+02  .3887E+01   .9999985 -.0015798 -.0007263
T 6621  1 .1980850E+07   1000101E-02  .1129E+02  .1492E+02   .9999916  .0022441  .0034431
T 6622  1 .1985941E+07   1000002E-02  .6683E+01 -.7244E+01   .9999998  .0005370  .0002233
T 6623  1 .1987526E+07   1000001E-02  .5677E+01  .1919E+00   .9999978  .0020967 -.0000619
T 6624  1 .1981594E+07   1000145E-02  .4128E+01 -.2566E+01   .9999996 -.0008738  .0001732
T 6625  1 .1978817E+07   1000049E-02 -.1070E+01 -.5144E+01   .9999978 -.0018524 -.0010309
T 6626  1 .1984040E+07   1000126E-02  .1216E+01 -.2484E+01   .9999990  .0003294 -.0013851
T 6627  1 .1985822E+07   1000072E-02  .9240E+01  .2156E+01   .9999978  .0020816  .0003623
T 6628  1 .1983304E+07   1000046E-02 -.7785E+01 -.1235E+02   .9999918 -.0011933 -.0038724
T 6629  1 .1984605E+07   1000071E-02  .1262E+01 -.3793E+01   .9999992  .0012240  .0002832
T 6630  1 .1986707E+07   1000009E-02  .7402E+01 -.5763E+01   .9999966  .0026061  .0003117
T 6631  1 .1984291E+07   1000100E-02 -.9206E+01 -.1295E+02   .9999963 -.0011061 -.0025046
T 6632  1 .1986324E+07   1000128E-02  .5194E+01  .6951E+01   .9999990  .0006339  .0012759
T 6633  1 .1982699E+07   1000002E-02 -.1935E+01  .1631E+00   .9999995 -.0010227 -.0002113
T 6634  1 .1981444E+07   1000176E-02  .2386E+01  .4189E+01   .9999993  .0012012  .0001483
T 6635  1 .1983384E+07   1000012E-02  .1474E+01  .3456E+01   .9999985  .0003093  .0016761
T 6636  1 .1987784E+07   1000112E-02 -.3147E+00 -.2296E+02   .9999937  .0002938 -.0035405
T 6637  1 .1987487E+07   1000003E-02 -.2261E+01  .1379E+01   .9999984 -.0009350  .0015419
T 6638  1 .1983968E+07   1000222E-02 -.1755E+01  .3405E+01   .9999982  .0012030  .0014445
T 6639  1 .1985188E+07   1000048E-02  .6856E+01 -.1145E+02   .9999927  .0010384 -.0036813
T 6640  1 .1983053E+07   1000058E-02  .2536E+02 -.2321E+02   .9999864  .0036816 -.0036922
T 6641  1 .1981598E+07   1000045E-02 -.6156E+01  .6085E+01   .9999996 -.0006957  .0005100
T 6642  1 .1983958E+07   1000053E-02 -.8265E+01  .5466E+01   .9999983 -.0017882  .0004360
T 6643  1 .1985142E+07   1000202E-02  .1231E+02  .3275E+01   .9999989  .0013845  .0005707
T 6644  1 .1986031E+07   1000226E-02  .3628E+01  .1311E+01   .9999989  .0003914  .0014252
T 6645  1 .1985430E+07   1000176E-02  .1529E+02  .8625E+01   .9999942  .0031991  .0011915
T 6646  1 .1979284E+07   1000200E-02  .4771E+01  .5144E+01   .9999994 -.0000706 -.0010858
T 6647  1 .1987334E+07   1000088E-02  .1556E+02 -.4773E+00   .9999914  .0041174  .0004692
T 6648  1 .1985714E+07   1000210E-02  .4011E+02 -.1745E+02   .9999743  .0063423 -.0033349
T 6649  1 .1987537E+07   1000084E-02 -.9993E+01  .6724E+01   .9999999 -.0000283 -.0000386
T 6650  1 .1989505E+07   1000170E-02  .1571E+02 -.8931E+01   .9999975  .0015364 -.0015993
T 6651  1 .1985188E+07   1000008E-02  .3844E+01  .3735E+01   .9999922  .0032731  .0021953
T 6652  1 .1979790E+07   1000106E-02  .1859E+01  .1731E+02   .9999951  .0009169  .0030056
T 6653  1 .1986321E+07   1000224E-02 -.1364E+01  .1111E+01   .9999989  .0009216  .0011764
T 6654  1 .1984290E+07   1000170E-02  .1425E+02 -.1682E+02   .9999871  .0022191 -.0045604
T 6655  1 .1987743E+07   1000124E-02  .1062E+02 -.2316E+02   .9999890  .0024936 -.0039799
T 6656  1 .1983971E+07   1000136E-02  .1151E+02 -.1437E+02   .9999854  .0043134 -.0032562
T 6657  1 .1988644E+07   1000072E-02 -.4141E+01 -.4770E+01   .9999897 -.0007979 -.0044714
T 6658  1 .1985451E+07   1000195E-02 -.3415E+00  .3866E+01   .9999999 -.0003192 -.0000255
T 6659  1 .1985538E+07   1000120E-02  .1459E+02  .8022E+01   .9999991  .0013524 -.0001939
T 6660  1 .1981988E+07   1000105E-02 -.1648E+02  .1919E+01   .9999964 -.0025491 -.0007897
T 6661  1 .1980800E+07   1000025E-02  .2052E+01 -.5333E+01   .9999988  .0008224 -.0012892
T 6662  1 .1988094E+07   1000083E-02  .2117E+01 -.4022E+01   .9999956  .0017652 -.0023791
T 6663  1 .1983625E+07   1000190E-02 -.7862E+00 -.2139E+01   .9999984 -.0001228 -.0017661
T 6664  1 .1980177E+07   1000057E-02  .7827E+01  .7272E+01   .9999980 -.0018630  .0006576
T 6665  1 .1987691E+07   1000215E-02  .3888E+01 -.4072E+01   .9999987  .0016127 -.0000361
T 6666  1 .1987358E+07   1000087E-02  .6414E+01 -.1029E+02   .9999937  .0021559 -.0028087
T 6667  1 .1977721E+07   1000130E-02  .6594E+02  .8180E+01   .9998730  .0159131  .0008845
T 6668  1 .1988084E+07   1000097E-02  .4419E-01 -.4206E+01   .9999982  .0009787 -.0016411
T 6669  1 .1983053E+07   1000224E-02 -.1418E+01  .9147E+01   .9999994  .0002477  .0010463
T 6670  1 .1989385E+07   1000159E-02  .8028E+01  .2963E+02   .9999717  .0013175  .0074129
T 6671  1 .1983612E+07   1000200E-02 -.1153E+02  .1751E+01   .9999950 -.0031633  .0000961
T 6672  1 .1976844E+07   1000180E-02  .6494E+01 -.2024E+02   .9999969  .0004640 -.0024659
T 6673  1 .1982171E+07   1000144E-02 -.8155E+01 -.3692E+01   .9999997 -.0007288 -.0001679
T 6674  1 .1981133E+07   1000056E-02 -.3041E+01 -.3297E+01   .9999989 -.0008862 -.0011977
T 6675  1 .1982089E+07   1000072E-02  .1191E+02  .4766E+01   .9999890  .0042885  .0019035
T 6676  1 .1985263E+07   1000060E-02  .1079E+02  .3353E+01   .9999995  .0010177 -.0002443
T 6677  1 .1985972E+07   1000224E-02 -.1450E+02 -.6761E+01   .9999905 -.0037089 -.0022819
T 6678  1 .1983417E+07   1000079E-02  .7066E+00  .8484E+01   .9999996  .0003665 -.0008734
T 6679  1 .1985259E+07   1000096E-02 -.8954E+01  .2743E+00   .9999903 -.0043859  .0004205
T 6680  1 .1985794E+07   1000018E-02 -.8508E+01 -.1862E+02   .9999913  .0012019 -.0039826
T 6681  1 .1986167E+07   1000220E-02  .1128E+02  .3227E+01   .9999972  .0022761  .0006568
T 6682  1 .1982753E+07   1000131E-02 -.3258E+01 -.2834E+01   .9999984 -.0016792 -.0006283
T 6683  1 .1983349E+07   1000209E-02 -.5184E+01  .1536E+02   .9999962 -.0006223  .0026749
T 6684  1 .1985701E+07   1000169E-02  .1012E+02  .5195E+01   .9999991  .0011958  .0005812
T 6685  1 .1987847E+07   1000068E-02  .4591E+01  .1191E+01   .9999957  .0027681  .0009831
T 6686  1 .1984567E+07   1000146E-02 -.1297E+01  .9034E+01   .9999986  .0013482  .0009732
T 6687  1 .1986163E+07   1000016E-02  .1241E+02 -.2112E+00   .9999980  .0019999  .0000427
T 6688  1 .1982383E+07   1000161E-02 -.1807E+01  .4077E+01   .9999945 -.0011976  .0031044
T 6689  1 .1986113E+07   1000151E-02 -.1450E+02 -.2495E+01   .9999988 -.0012330 -.0009143
T 6690  1 .1986496E+07   1000179E-02  .4906E+02  .4470E+02   .9999250  .0088852  .0084242
T 6691  1 .1983770E+07   1000163E-02  .1550E+02  .1531E+01   .9999958  .0028221 -.0006114
T 6692  1 .1988641E+07   1000069E-02 -.5844E+01 -.1981E+00   .9999983 -.0017944 -.0004802
T 6693  1 .1986019E+07   1000185E-02  .8158E+01  .6311E+01   .9999968  .0019877  .0015778
T 6694  1 .1985591E+07   1000197E-02  .2048E+02 -.7862E+01   .9999801  .0060313 -.0018586
T 6695  1 .1991226E+07   1000065E-02  .6397E+02  .3467E+02   .9999222  .0113300  .0052125
T 6696  1 .1985081E+07   1000151E-02  .7472E+01 -.2001E+01   .9999988  .0014989 -.0003213
T 6697  1 .1989175E+07   1000063E-02  .4774E+01  .2570E+01   .9999984  .0017538 -.0002491
T 6698  1 .1983203E+07   1000008E-02 -.3011E+01 -.3646E+00   .9999983 -.0018017  .0003522
T 6699  1 .1983137E+07   1000127E-02  .2537E+02  .4126E+01   .9999929  .0037445  .0004763
T 6700  1 .1980964E+07   1000003E-02 -.4664E+01  .3069E+01   .9999977 -.0021241  .0002039
T 6701  1 .1984644E+07   1000143E-02  .3300E+00 -.1032E+02   .9999963 -.0013617 -.0023348
T 6702  1 .1982388E+07   1000133E-02 -.9916E+01  .2325E+01   .9999991 -.0013480  .0001000
T 6703  1 .1986423E+07   1000164E-02 -.5124E+00 -.1227E+01   .9999991 -.0013414 -.0000676
T 6704  1 .1982831E+07   1000148E-02 -.1210E+01  .1162E+01   .9999993 -.0007909  .0008595
T 6705  1 .1984109E+07   1000209E-02  .3697E+00 -.2130E+01   .9999987  .0001121 -.0016095
T 6706  1 .1986214E+07   1000170E-02  .5311E+01 -.2782E+01   .9999997  .0006501  .0003860
T 6707  1 .1983118E+07   1000009E-02  .4466E+01 -.1642E+01   .9999892  .0018182 -.0042672
T 6708  1 .1979707E+07   1000071E-02 -.2089E+02  .1083E+02   .9999877 -.0035048  .0035033
T 6709  1 .1983546E+07   1000192E-02  .7896E+00 -.3072E+00   .9999999  .0002819 -.0000651
T 6710  1 .1983534E+07   1000053E-02 -.7223E+01 -.4860E+01   .9999998 -.0005715 -.0000037
T 6711  1 .1983876E+07   1000193E-02 -.1330E+02 -.2705E+01   .9999855 -.0037190 -.0038960
T 6712  1 .1984626E+07   1000074E-02  .2880E+01  .6740E+01   .9999988  .0005590  .0014573
T 6713  1 .1982546E+07   1000224E-02  .2330E+02 -.1433E+02   .9999895  .0026623 -.0037392
T 6714  1 .1984790E+07   1000160E-02 -.1674E+01  .2992E+01   .9999926  .0013191  .0036221
T 6715  1 .1979678E+07   1000128E-02  .2178E+01 -.7211E+01   .9999880  .0037847 -.0031161
T 6716  1 .1984391E+07   1000006E-02 -.3791E+01  .1132E+02   .9999998 -.0005574  .0004071
T 6717  1 .1979444E+07   1000173E-02 -.1192E+02 -.1324E+02   .9999751 -.0054008 -.0045421
T 6718  1 .1986620E+07   1000098E-02  .4137E+01  .3337E+01   .9999989  .0012439  .0008488
T 6719  1 .1987805E+07   1000167E-02 -.2378E+01  .8816E+00   .9999915 -.0033663  .0023704
T 6720  1 .1982783E+07   1000205E-02  .3023E+01  .7104E+01   .9999979  .0017895  .0009614
T 6721  1 .1990795E+07   1000194E-02  .1216E+02 -.4834E+01   .9999974  .0020515 -.0010040
T 6722  1 .1991009E+07   1000206E-02 -.3105E+01 -.2997E+01   .9999999 -.0004447  .0002238
T 6723  1 .1987030E+07   1000141E-02  .2996E+01  .1862E+01   .9999998  .0000435 -.0006313
T 6724  1 .1988878E+07   1000114E-02 -.1059E+01  .3038E+00   .9999997 -.0001940 -.0008116
T 6725  1 .1981570E+07   1000178E-02  .1015E+02 -.2857E+02   .9999434  .0036709 -.0099852
T 6726  1 .1984347E+07   1000185E-02 -.5954E+01  .1660E+02   .9999879 -.0020088  .0044964
T 6727  1 .1985976E+07   1000081E-02  .1055E+02 -.1173E+02   .9999956  .0018170 -.0023523
T 6728  1 .1985111E+07   1000092E-02  .8384E+00  .7534E+01   .9999970 -.0014154  .0019758
T 6729  1 .1981692E+07   1000103E-02 -.1378E+02 -.1908E+02   .9999886 -.0047500  .0004868
T 6730  1 .1980353E+07   1000206E-02  .1044E+02 -.1045E+01   .9999980  .0016763 -.0011321
T 6731  1 .1986540E+07   1000004E-02 -.8238E+01  .2410E+01   .9999931 -.0037107 -.0000095
T 6732  1 .1985276E+07   1000189E-02  .2603E+01 -.4120E+01   .9999994  .0005942  .0009076
T 6733  1 .1983994E+07   1000068E-02  .3169E+01 -.1617E+01   .9999998 -.0001954  .0006321
T 6734  1 .1986198E+07   1000060E-02 -.2867E+01 -.1134E+01   .9999997 -.0007726 -.0000577
T 6735  1 .1986904E+07   1000144E-02 -.5882E+01 -.9412E+01   .9999919 -.0020439 -.0034755
T 6736  1 .1988295E+07   1000186E-02  .2164E+01 -.6562E+01   .9999930  .0014233 -.0034476
T 6737  1 .1987834E+07   1000162E-02 -.1233E+01 -.1753E+01   .9999979 -.0017554 -.0011033
T 6738  1 .1980696E+07   1000182E-02 -.2669E+01 -.1624E+01   .9999956 -.0021417 -.0020746
T 6739  1 .1986678E+07   1000010E-02 -.3113E+01 -.3296E+02   .9999876 -.0007421 -.0049259
T 6740  1 .1985059E+07   1000223E-02 -.1617E+02 -.1756E+02   .9999965 -.0007254 -.0025568
T 6741  1 .1988904E+07   1000008E-02  .4128E+01 -.1655E+01   .9999961  .0027824  .0001733
T 6742  1 .1985757E+07   1000025E-02  .2751E+01 -.1355E+01   .9999995  .0009471  .0002340
T 6743  1 .1982914E+07   1000149E-02  .2607E+01  .2839E+01   .9999853  .0053656 -.0007877
T 6744  1 .1979556E+07   1000040E-02 -.1026E+02 -.4302E+01   .9999985 -.0011767 -.0013080
T 6745  1 .1982144E+07   1000218E-02 -.1041E+02  .2200E+02   .9999890 -.0019387  .0042714
T 6746  1 .1987884E+07   1000116E-02 -.1106E+02  .1317E+02   .9999958 -.0017115  .0023204
T 6747  1 .1985291E+07   1000213E-02  .4933E+01 -.2538E+01   .9999990  .0007553 -.0012222
T 6748  1 .1981225E+07   1000055E-02 -.2418E+02  .2306E+02   .9999821 -.0044294  .0040181
T 6749  1 .1986288E+07   1000032E-02  .5881E+00 -.1013E+01   .9999957  .0027859  .0008719
T 6750  1 .1985955E+07   1000132E-02 -.8090E+00 -.4881E+01   .9999969 -.0017678 -.0017282
T 6751  1 .1986458E+07   1000056E-02  .3028E+01 -.1299E+01   .9999983  .0018008 -.0003497
T 6752  1 .1984824E+07   1000102E-02  .4641E+01  .1242E+02   .9999874  .0043044  .0025927
T 6753  1 .1984001E+07   1000219E-02 -.1917E+01  .1870E+02   .9999317 -.0010551  .0116380
T 6754  1 .1990089E+07   1000217E-02 -.3387E+00  .1584E+02   .9999966 -.0008524  .0024525
T 6755  1 .1982800E+07   1000054E-02 -.9546E+00 -.3255E+01   .9999955 -.0010945 -.0027857
T 6756  1 .1983090E+07   1000218E-02 -.3205E+00 -.1858E+01   .9999998  .0000878 -.0007005
T 6757  1 .1981667E+07   1000195E-02 -.7236E+01 -.2186E+02   .9999937 -.0023180 -.0026778
T 6758  1 .1982635E+07   1000154E-02 -.7990E+01  .3116E+01   .9999992 -.0009591 -.0008519
T 6759  1 .1983344E+07   1000147E-02 -.2414E+02 -.1279E+02   .9999846 -.0053201 -.0016046
T 6760  1 .1985072E+07   1000221E-02 -.3080E+01  .2512E+02   .9999815  .0012718  .0059459
T 6761  1 .1989579E+07   1000116E-02 -.3416E+01  .5259E+01   .9999961 -.0001059  .0027849
T 6762  1 .1981264E+07   1000004E-02  .6919E+01  .3962E+01   .9999996  .0008381  .0002608
T 6763  1 .1985017E+07   1000089E-02 -.1927E+01 -.8944E+01   .9999998 -.0003970 -.0003998
T 6764  1 .1986288E+07   1000089E-02 -.1583E+02  .1374E+02   .9999940 -.0022108  .0026487
T 6765  1 .1980835E+07   1000219E-02 -.1952E+02  .1699E+02   .9999925 -.0034346  .0017832
T 6766  1 .1984418E+07   1000129E-02 -.2653E+00 -.8873E+00   .9999993 -.0007459 -.0009580
T 6767  1 .1979902E+07   1000149E-02  .2208E+02  .1670E+01   .9999966  .0025991  .0000226
T 6768  1 .1988426E+07   1000074E-02 -.5443E+01  .7450E+01   .9999974 -.0000370  .0022748
T 6769  1 .1982499E+07   1000016E-02 -.7007E+01 -.8940E+00   .9999975 -.0022145  .0001026
T 6770  1 .1984462E+07   1000213E-02 -.1224E+01 -.4917E+01   .9999947 -.0000385 -.0032500
T 6771  1 .1982542E+07   1000164E-02 -.5099E+02 -.5007E+02   .9999427 -.0081261 -.0069720
T 6772  1 .1986845E+07   1000059E-02 -.4091E+01 -.1568E+01   .9999989 -.0012538  .0007624
T 6773  1 .1987290E+07   1000114E-02 -.3882E+01 -.2554E+02   .9999765 -.0019719 -.0065679
T 6774  1 .1982305E+07   1000195E-02 -.1357E+01 -.3629E+01   .9999988 -.0003195 -.0015378
T 6775  1 .1983605E+07   1000161E-02  .1483E+01  .1538E+01   .9999994  .0001715  .0010408
T 6776  1 .1981175E+07   1000164E-02  .4537E+01  .6103E+01   .9999999  .0002069 -.0000028
T 6777  1 .1983895E+07   1000162E-02 -.3028E+01  .9970E+00   .9999868  .0041169  .0030888
T 6778  1 .1984835E+07   1000198E-02 -.3236E+01 -.1677E+01   .9999993 -.0004008 -.0010814
T 6779  1 .1981210E+07   1000132E-02  .1198E+01 -.9125E+00   .9999998  .0005838 -.0001063
T 6780  1 .1985335E+07   1000174E-02 -.6011E+01 -.8547E+01   .9999927 -.0028145 -.0025762
T 6781  1 .1981455E+07   1000045E-02 -.4110E+01  .1145E+02   .9999940 -.0016483  .0030491
T 6782  1 .1982101E+07   1000219E-02  .1685E+02 -.2049E+01   .9999991  .0010802 -.0007475
T 6783  1 .1985847E+07   1000144E-02  .4003E+01  .7046E+01   .9999963  .0013822  .0023319
T 6784  1 .1980456E+07   1000219E-02 -.1036E+00 -.1127E+02   .9999938  .0006947 -.0034560
T 6785  1 .1986106E+07   1000160E-02 -.6626E+01  .2277E+01   .9999925 -.0038646 -.0002069
T 6786  1 .1986674E+07   1000030E-02  .2824E+00  .1161E+01   .9999995  .0003401  .0009362
T 6787  1 .1986379E+07   1000226E-02  .4859E+01 -.5475E+00   .9999950  .0031551  .0002803
T 6788  1 .1987561E+07   1000096E-02 -.2556E+00  .6753E+00   .9999989 -.0006904  .0013057
T 6789  1 .1982642E+07   1000012E-02 -.3638E+02 -.1373E+02   .9999914 -.0034297 -.0023246
T 6790  1 .1984896E+07   1000031E-02  .1346E+02 -.2091E+01   .9999971  .0023862  .0000915
T 6791  1 .1979578E+07   1000059E-02  .1684E+02 -.2801E+01   .9999994  .0010363 -.0001791
T 6792  1 .1981661E+07   1000099E-02 -.2305E+02 -.2243E+02   .9999575 -.0070064 -.0059934
T 6793  1 .1985393E+07   1000216E-02  .3290E+01  .1937E+01   .9999764 -.0053471 -.0043118
T 6794  1 .1983976E+07   1000225E-02 -.9251E+01 -.1710E+02   .9999983 -.0008991 -.0015934
T 6795  1 .1984253E+07   1000120E-02 -.3301E+00  .5873E+01   .9999988 -.0001126  .0015190
T 6796  1 .1979848E+07   1000178E-02  .1314E+02 -.5913E+01   .9999934  .0034385 -.0011758
T 6797  1 .1983275E+07   1000022E-02 -.3915E+01  .4535E+01   .9999960 -.0011581  .0025933
T 6798  1 .1988802E+07   1000196E-02 -.1334E+01 -.8890E+00   .9999992 -.0011756  .0005627
T 6799  1 .1983642E+07   1000199E-02 -.1144E+02 -.2247E+02   .9999770 -.0031355 -.0060222
T 6800  1 .1988953E+07   1000123E-02  .1048E+02 -.4099E+01   .9999928  .0029867 -.0023396
T 6801  1 .1983766E+07   1000057E-02  .3772E+01 -.2997E+01   .9999823  .0059217 -.0006480
T 6802  1 .1987441E+07   1000186E-02  .8223E+01 -.3976E+00   .9999937  .0035417  .0003384
T 6803  1 .1980339E+07   1000204E-02 -.1004E+02  .4923E+01   .9999991 -.0008549  .0010223
T 6804  1 .1983238E+07   1000074E-02 -.2177E+01  .3088E+00   .9999989 -.0008501  .0012208
T 6805  1 .1983081E+07   1000157E-02  .1279E+02 -.1096E+02   .9999956  .0023677 -.0017918
T 6806  1 .1983121E+07   1000023E-02  .9987E+01  .6285E+01   .9999973  .0010616  .0020565
T 6807  1 .1986932E+07   1000120E-02 -.1088E+02  .6354E+01   .9999888 -.0031251  .0035565
T 6808  1 .1988592E+07   1000038E-02  .1672E+01  .7776E+01   .9999994  .0007569  .0008110
T 6809  1 .1987839E+07   1000150E-02 -.6850E+01  .4460E+00   .9999941 -.0034309  .0002315
T 6810  1 .1980085E+07   1000152E-02 -.3632E+01  .3109E+01   .9999981 -.0016631  .0010072
T 6811  1 .1983980E+07   1000180E-02  .5517E+01 -.2963E+01   .9999992  .0012300 -.0004084
T 6812  1 .1982662E+07   1000069E-02  .3287E+01 -.6322E+01   .9999965  .0025134 -.0008243
T 6813  1 .1981477E+07   1000202E-02 -.7945E+01  .3456E+01   .9999964 -.0024552  .0010503
T 6814  1 .1991054E+07   1000038E-02  .7834E+01 -.6248E+01   .9999985  .0012574 -.0011760
T 6815  1 .1989166E+07   1000067E-02 -.9128E+00 -.1005E+00   .9999999 -.0000109  .0004847
T 6816  1 .1986368E+07   1000205E-02  .8165E+01  .1392E+01   .9999993  .0011848  .0002126
T 6817  1 .1986109E+07   1000122E-02  .1164E+01 -.8197E+00   .9999999  .0000639 -.0002737
T 6818  1 .1983234E+07   1000188E-02  .5026E+02  .2733E+02   .9999284  .0098604  .0067815
T 6819  1 .1981223E+07   1000005E-02  .1975E+02  .1833E+02   .9999924  .0025603  .0029242
T 6820  1 .1982303E+07   1000167E-02 -.2126E+02  .1367E+01   .9999875 -.0049742  .0004257
T 6821  1 .1988707E+07   1000183E-02 -.1225E+02  .2051E+02   .9999990 -.0011088  .0009252
T 6822  1 .1986445E+07   1000164E-02  .7625E+01 -.1060E+02   .9999998 -.0004225 -.0003624
T 6823  1 .1979541E+07   1000102E-02 -.1947E+02 -.2536E+00   .9999863 -.0052147 -.0004555
T 6824  1 .1988333E+07   1000204E-02 -.5479E+01 -.1358E+02   .9999467 -.0030220 -.0098754
T 6825  1 .1982172E+07   1000196E-02 -.6056E+01 -.6290E+00   .9999989  .0001643 -.0014807
T 6826  1 .1984344E+07   1000038E-02  .8462E+00  .6331E+01   .9999998 -.0003029  .0004818
T 6827  1 .1988232E+07   1000184E-02 -.8598E-01 -.6545E+00   .9999976 -.0021220 -.0005225
T 6828  1 .1982238E+07   1000020E-02  .6475E+01 -.6121E+01   .9999950  .0011466 -.0029607
T 6829  1 .1982172E+07   1000038E-02  .6312E+00 -.1325E+01   .9999995  .0003943  .0009394
T 6830  1 .1985245E+07   1000161E-02  .2903E+01 -.6709E+01   .9999973 -.0003344 -.0022851
T 6831  1 .1983824E+07   1000047E-02  .3962E+02 -.4079E+02   .9999391  .0086410 -.0068583
T 6832  1 .1983000E+07   1000124E-02 -.7466E+00  .5622E+01   .9999995  .0009240  .0004723
T 6833  1 .1986342E+07   1000201E-02  .9495E+00  .1893E+01   .9999978  .0000414  .0020771
T 6834  1 .1979902E+07   1000049E-02  .6906E+01 -.8148E+01   .9999914  .0037680 -.0017594
T 6835  1 .1989879E+07   1000124E-02 -.3546E+01 -.8328E+01   .9999985  .0011596 -.0012561
T 6836  1 .1983613E+07   1000219E-02  .7146E+01  .1928E+00   .9999996  .0009020  .0002060
T 6837  1 .1984073E+07   1000210E-02 -.3275E+02  .1291E+02   .9999815 -.0058508  .0016747
T 6838  1 .1979642E+07   1000187E-02 -.1333E+01 -.2889E+01   .9999946 -.0018611  .0027203
T 6839  1 .1986198E+07   1000043E-02 -.7558E+00  .4063E+00   .9999973 -.0020411  .0011367
T 6840  1 .1988002E+07   1000111E-02  .1623E+02 -.7999E+01   .9999974  .0015533 -.0016959
T 6841  1 .1983891E+07   1000165E-02  .2600E+00  .7961E+00   .9999993 -.0000704  .0011843
T 6842  1 .1986502E+07   1000193E-02 -.3570E+01  .1124E+02   .9999991 -.0002829  .0013335
T 6843  1 .1978358E+07   1000130E-02 -.1257E+02 -.1533E+02   .9999946 -.0031226 -.0010389
T 6844  1 .1983502E+07   1000205E-02  .1258E+02  .9856E+01   .9999977  .0016109  .0013865
T 6845  1 .1983250E+07   1000056E-02  .7856E+01  .2428E+01   .9999986 -.0000405  .0016637
T 6846  1 .1981998E+07   1000134E-02  .3102E+01 -.2431E+01   .9999999  .0000394  .0003351
T 6847  1 .1982911E+07   1000120E-02  .2988E+01  .1312E+02   .9999858 -.0003666  .0053090
T 6848  1 .1988078E+07   1000003E-02  .2670E+01 -.3100E+01   .9999994 -.0000460 -.0010695
T 6849  1 .1986690E+07   1000005E-02 -.3428E+00 -.3192E+00   .9999999 -.0004181 -.0001358
T 6850  1 .1986892E+07   1000038E-02  .1169E+02  .3929E+01   .9999941  .0032020  .0012065
T 6851  1 .1986251E+07   1000064E-02 -.9779E+01 -.7887E+01   .9999826 -.0051081 -.0029674
T 6852  1 .1982996E+07   1000202E-02 -.6375E+00  .6613E+01   .9999702 -.0077236 -.0000760
T 6853  1 .1984815E+07   1000224E-02 -.6749E+01  .3347E+01   .9999993 -.0010545  .0005784
T 6854  1 .1981108E+07   1000193E-02  .8198E+01 -.1326E+02   .9999954 -.0000923 -.0030214
T 6855  1 .1990287E+07   1000109E-02 -.3721E+01 -.6137E+01   .9999984 -.0015480 -.0009180
T 6856  1 .1986922E+07   1000030E-02 -.6933E+01 -.3751E+01   .9999999 -.0003787 -.0003318
T 6857  1 .1981872E+07   1000208E-02 -.8252E+01 -.3168E+01   .9999983 -.0009540  .0015729
T 6858  1 .1988149E+07   1000135E-02  .1047E+01 -.6109E+01   .9999976  .0003981 -.0021448
T 6859  1 .1988764E+07   1000105E-02  .1229E+03 -.1455E+03   .9997624  .0139899 -.0167144
T 6860  1 .1980940E+07   1000056E-02 -.1888E+02 -.4614E+01   .9999840 -.0043143 -.0036587
T 6861  1 .1988836E+07   1000220E-02 -.3260E+01 -.1532E+00   .9999994 -.0007634  .0007633
T 6862  1 .1985717E+07   1000011E-02  .1627E+01 -.2394E+01   .9999982  .0009751 -.0016115
T 6863  1 .1978973E+07   1000207E-02  .3718E+01 -.1475E+02   .9999939  .0013849 -.0031943
T 6864  1 .1982141E+07   1000045E-02  .3297E+01 -.1818E+01   .9999994  .0002650 -.0010647
T 6865  1 .1979507E+07   1000153E-02 -.1918E+00 -.2978E+00   .9999999  .0000452 -.0005073
T 6866  1 .1986458E+07   1000030E-02  .2741E+02  .6740E+01   .9999875  .0043996  .0023681
T 6867  1 .1985392E+07   1000026E-02  .5934E+00  .2221E+00   .9999999  .0001897  .0004546
T 6868  1 .1982888E+07   1000150E-02  .4666E+01  .3534E+01   .9999926  .0025137  .0028975
T 6869  1 .1986809E+07   1000014E-02  .7206E+01 -.1952E+02   .9999779  .0025122 -.0061615
T 6870  1 .1979390E+07   1000025E-02 -.8302E+00 -.5256E+01   .9999994 -.0006109 -.0009278
T 6871  1 .1982679E+07   1000056E-02 -.1578E+02 -.1170E+02   .9999953 -.0006999 -.0029849
T 6872  1 .1983418E+07   1000111E-02 -.5829E+01  .2631E+01   .9999821 -.0058551 -.0011984
T 6873  1 .1986103E+07   1000196E-02 -.4162E+01  .1806E+01   .9999968 -.0010333  .0023164
T 6874  1 .1984815E+07   1000184E-02 -.1026E+01  .4868E+00   .9999979 -.0019309  .0007487
T 6875  1 .1982823E+07   1000200E-02  .1499E+02  .1408E+02   .9999986  .0005775  .0015650
T 6876  1 .1984962E+07   1000100E-02  .2180E+01 -.7599E+00   .9999956  .0005701 -.0029047
T 6877  1 .1988391E+07   1000149E-02  .6728E+01  .2168E+01   .9999950  .0031424  .0001997
T 6878  1 .1984542E+07   1000184E-02 -.2184E+01  .5590E+01   .9999995  .0002039 -.0009286
T 6879  1 .1978470E+07   1000039E-02 -.2382E+01 -.2007E+01   .9999986 -.0013179 -.0009831
T 6880  1 .1982507E+07   1000102E-02  .2334E+02  .7180E+01   .9999951  .0031400 -.0001057
T 6881  1 .1985721E+07   1000102E-02  .8962E+00  .3271E+01   .9999975  .0022170  .0001052
T 6882  1 .1987579E+07   1000194E-02 -.3116E+01 -.1299E+01   .9999997 -.0001343 -.0007231
T 6883  1 .1988851E+07   1000148E-02  .3194E+01 -.1956E+02   .9999964  .0005833 -.0026302
T 6884  1 .1990346E+07   1000226E-02  .6574E+01  .1034E+01   .9999980  .0019555 -.0004636
T 6885  1 .1983631E+07   1000050E-02  .3347E+01  .1184E+02   .9999898  .0043643 -.0011685
T 6886  1 .1985297E+07   1000051E-02 -.7195E-01 -.7144E+01   .9999935  .0003329 -.0035991
T 6887  1 .1986588E+07   1000063E-02 -.6333E+01 -.1609E+02   .9999902 -.0022366 -.0038155
T 6888  1 .1979810E+07   1000046E-02 -.7021E+01 -.7453E+01   .9999972 -.0021268 -.0010801
T 6889  1 .1984872E+07   1000003E-02 -.4238E+01 -.3187E+00   .9999994 -.0008879  .0006764
T 6890  1 .1986139E+07   1000023E-02 -.7306E+01  .7797E+01   .9999952 -.0028399  .0012524
T 6891  1 .1986271E+07   1000001E-02 -.5357E+01  .2048E+02   .9999848 -.0026970  .0048180
T 6892  1 .1985845E+07   1000192E-02  .8374E+01  .8620E+01   .9999947  .0021828  .0023965
T 6893  1 .1979242E+07   1000222E-02  .1611E+01 -.1282E+02   .9999937  .0005022 -.0035233
T 6894  1 .1982920E+07   1000185E-02 -.5294E+01  .6247E+01   .9999996  .0002689  .0008352
T 6895  1 .1985617E+07   1000001E-02  .7242E+01  .1090E+02   .9999884  .0026230  .0040332
T 6896  1 .1989457E+07   1000096E-02 -.8775E+01  .1903E+02   .9999927 -.0009956  .0036945
T 6897  1 .1984980E+07   1000124E-02  .3315E+00  .3037E+01   .9999845 -.0021884  .0051144
T 6898  1 .1985919E+07   1000133E-02  .1372E+02  .2107E+02   .9999713  .0074418  .0014450
T 6899  1 .1985324E+07   1000221E-02 -.1090E+02 -.5865E+01   .9999929 -.0036231 -.0010398
T 6900  1 .1984139E+07   1000209E-02 -.1869E+00  .1512E+01   .9999999 -.0001178  .0004312
T 6901  1 .1982357E+07   1000009E-02  .1189E+01 -.3014E+01   .9999974  .0007941 -.0021265
T 6902  1 .1982399E+07   1000089E-02 -.1419E+01  .3562E+01   .9999976  .0016720  .0014032
T 6903  1 .1982914E+07   1000019E-02 -.5155E+01 -.1360E+01   .9999991 -.0011183 -.0007962
T 6904  1 .1978461E+07   1000093E-02  .1449E+02 -.8128E+01   .9999951  .0030248 -.0008135
T 6905  1 .1988498E+07   1000018E-02 -.1029E+01 -.3519E+01   .9999998  .0003824  .0005521
T 6906  1 .1982274E+07   1000122E-02  .3882E+02  .6031E+01   .9999871  .0050168  .0008120
T 6907  1 .1981585E+07   1000059E-02 -.2079E+01  .4026E+01   .9999999 -.0003238  .0002706
T 6908  1 .1987821E+07   1000170E-02  .6849E+00  .3555E+00   .9999995  .0009982  .0000883
T 6909  1 .1985874E+07   1000155E-02  .2072E+01  .8162E+01   .9999973  .0010377  .0020987
T 6910  1 .1986566E+07   1000083E-02 -.7764E+01 -.1021E+02   .9999953 -.0018894 -.0024170
T 6911  1 .1983427E+07   1000220E-02  .2089E+02  .2262E+02   .9999809  .0030834  .0053647
T 6912  1 .1986995E+07   1000164E-02 -.1403E+02  .8842E+01   .9999803 -.0052479  .0034362
T 6913  1 .1980731E+07   1000125E-02 -.1855E+01 -.1405E+02   .9999909 -.0012364 -.0040950
T 6914  1 .1986937E+07   1000094E-02  .4532E+02 -.1984E+02   .9999746  .0057093 -.0042637
T 6915  1 .1987652E+07   1000004E-02  .6313E-01 -.1053E+01   .9999998 -.0001626 -.0005463
T 6916  1 .1981865E+07   1000105E-02 -.4152E+02  .2239E+02   .9999589 -.0078958  .0044496
T 6917  1 .1983309E+07   1000097E-02  .1598E+01 -.2549E+01   .9999990  .0010386  .0009064
T 6918  1 .1982115E+07   1000068E-02  .9540E+01  .3426E+01   .9999932  .0031031  .0020109
T 6919  1 .1987919E+07   1000136E-02  .2661E+02 -.3756E+02   .9999539  .0066363 -.0069467
T 6920  1 .1980749E+07   1000114E-02  .1987E+01 -.1741E+01   .9999997 -.0001222 -.0007177
T 6921  1 .1989914E+07   1000005E-02 -.1294E+00  .1838E+01   .9999999  .0002253 -.0000959
T 6922  1 .1986316E+07   1000022E-02  .2125E+01 -.6948E+02   .9999647 -.0027814 -.0079226
T 6923  1 .1988191E+07   1000073E-02 -.7029E+01 -.2244E+02   .9999936 -.0007687 -.0034947
T 6924  1 .1980045E+07   1000047E-02 -.1032E+02 -.1678E+02   .9999937 -.0017652 -.0030756
T 6925  1 .1982050E+07   1000185E-02  .2192E+00 -.1278E+01   .9999993  .0000699 -.0011712
T 6926  1 .1984440E+07   1000048E-02  .3079E+02 -.2504E+02   .9999509  .0093460 -.0032940
T 6927  1 .1987807E+07   1000027E-02 -.1692E+02 -.1461E+02   .9999616 -.0062008 -.0061964
T 6928  1 .1982729E+07   1000123E-02  .6585E+01 -.1855E+02   .9999872  .0016985 -.0047627
T 6929  1 .1987943E+07   1000068E-02  .3026E+01  .5671E+01   .9999986  .0013597  .0009407
T 6930  1 .1988006E+07   1000117E-02 -.2675E+01  .1518E+01   .9999996 -.0002843  .0008915
T 6931  1 .1988301E+07   1000105E-02 -.8487E+00  .2571E+02   .9999931  .0018899  .0031880
T 6932  1 .1981971E+07   1000133E-02  .1985E+01 -.2841E-02   .9999999  .0003337  .0000692
T 6933  1 .1989820E+07   1000003E-02  .4375E+01  .3139E+01   .9999938  .0027391  .0022111
T 6934  1 .1987557E+07   1000189E-02 -.7163E+01 -.1591E+02   .9999871 -.0034268 -.0037622
T 6935  1 .1980916E+07   1000002E-02  .6190E+01  .2564E+01   .9999984  .0014450  .0010651
T 6936  1 .1980176E+07   1000205E-02  .2012E+02 -.2856E+02   .9999796  .0044547 -.0045704
T 6937  1 .1984213E+07   1000005E-02  .6601E+02 -.1193E+02   .9999729  .0066143 -.0032215
T 6938  1 .1985193E+07   1000103E-02 -.1737E+01  .1636E+01   .9999933 -.0027282  .0024212
T 6939  1 .1979518E+07   1000051E-02  .2340E+00  .5199E+01   .9999996  .0002123  .0008444
T 6940  1 .1984874E+07   1000106E-02 -.2242E+02  .1208E+02   .9999975 -.0016745  .0014552
T 6941  1 .1985155E+07   1000084E-02 -.2391E+02  .3152E+01   .9999913 -.0041704 -.0003045
T 6942  1 .1981549E+07   1000206E-02 -.5258E+01  .1245E+02   .9999908 -.0004311  .0042582
T 6943  1 .1981954E+07   1000010E-02  .7391E+01 -.1771E+02   .9999730  .0064118 -.0036034
T 6944  1 .1984145E+07   1000055E-02  .1176E+02 -.6029E+01   .9999974  .0022891 -.0002284
T 6945  1 .1988470E+07   1000015E-02  .8006E+01  .2041E+02   .9999909 -.0035992 -.0022703
T 6946  1 .1986461E+07   1000187E-02  .4678E+01 -.2992E+01   .9999976  .0011950 -.0018419
T 6947  1 .1984893E+07   1000101E-02  .3483E+01 -.7939E+01   .9999954  .0030277 -.0000824
T 6948  1 .1988338E+07   1000222E-02  .7052E+01 -.9438E+01   .9999910  .0024597 -.0034515
T 6949  1 .1981139E+07   1000189E-02  .7370E+01  .5458E+01   .9999911  .0027072  .0032400
T 6950  1 .1980171E+07   1000006E-02 -.2081E+01 -.6444E+00   .9999961 -.0018433  .0021051
T 6951  1 .1986076E+07   1000198E-02 -.2739E+01 -.1215E+01   .9999996 -.0002421  .0008638
T 6952  1 .1983822E+07   1000090E-02  .1884E+02 -.1414E+02   .9999952  .0024890 -.0018510
T 6953  1 .1979978E+07   1000158E-02 -.5407E+01 -.9479E-01   .9999958 -.0028761  .0004106
T 6954  1 .1981097E+07   1000227E-02  .7032E+01  .6731E+00   .9999970  .0023479 -.0006393
T 6955  1 .1979317E+07   1000013E-02  .5844E+01  .4437E+02   .9999658  .0015919  .0081209
T 6956  1 .1985416E+07   1000201E-02 -.6507E+01 -.1730E+01   .9999981 -.0019706 -.0001287
T 6957  1 .1991013E+07   1000010E-02 -.6093E+01 -.7504E+01   .9999980 -.0009040 -.0017775
T 6958  1 .1982734E+07   1000169E-02 -.1471E+02 -.5332E-01   .9999927 -.0035462 -.0013967
T 6959  1 .1984048E+07   1000206E-02 -.2570E+00 -.1991E+01   .9999993 -.0003701 -.0011093
T 6960  1 .1983766E+07   1000108E-02 -.1483E+01  .3703E+00   .9999999 -.0004276 -.0001149
T 6961  1 .1989230E+07   1000018E-02  .1052E+02 -.3629E-01   .9999939  .0032887 -.0012021
T 6962  1 .1980823E+07   1000173E-02 -.8785E+01  .7965E+01   .9999942 -.0001805  .0034010
T 6963  1 .1984201E+07   1000182E-02 -.3592E+00  .1790E+00   .9999994 -.0009509  .0004768
T 6964  1 .1979595E+07   1000010E-02 -.3115E+01 -.1190E+02   .9999954  .0011529 -.0027919
T 6965  1 .1984699E+07   1000196E-02  .1034E+03  .7596E+02   .9995628  .0235416  .0178867
T 6966  1 .1984327E+07   1000180E-02  .3811E+02  .8995E+01   .9999806  .0053848  .0031236
T 6967  1 .1982486E+07   1000144E-02 -.5513E+01  .2507E+01   .9999997  .0007722 -.0002146
T 6968  1 .1983243E+07   1000151E-02  .2277E+01 -.9472E+01   .9999977 -.0006335 -.0020333
T 6969  1 .1984858E+07   1000182E-02  .3418E+01  .2937E+01   .9999863  .0007432 -.0051831
T 6970  1 .1991110E+07   1000003E-02 -.2157E+01  .1319E+02   .9999915 -.0033870  .0023718
T 6971  1 .1984450E+07   1000089E-02 -.2524E+01  .7591E+01   .9999989 -.0000734  .0014732
T 6972  1 .1986730E+07   1000187E-02 -.3431E+02 -.1277E+02   .9999810 -.0057815 -.0021242
T 6973  1 .1981597E+07   1000003E-02 -.4611E+01  .1046E+01   .9999999  .0002313  .0001061
T 6974  1 .1984095E+07   1000129E-02 -.3991E+01 -.9129E+01   .9999891 -.0027002 -.0038107
T 6975  1 .1986568E+07   1000021E-02 -.6553E+01  .1002E+01   .9999978 -.0010022  .0018173
T 6976  1 .1988498E+07   1000095E-02  .2490E+01  .1698E+00   .9999993  .0008537  .0008269
T 6977  1 .1984805E+07   1000170E-02 -.6798E+01  .4350E+01   .9999945 -.0027550  .0018315
T 6978  1 .1979189E+07   1000099E-02  .5139E+01 -.2524E+01   .9999989 -.0004926 -.0014185
T 6979  1 .1983211E+07   1000194E-02 -.1509E+02  .1237E+02   .9999842 -.0054943  .0012018
T 6980  1 .1982829E+07   1000005E-02  .2356E+01 -.1244E+01   .9999995  .0001790 -.0009338
T 6981  1 .1982265E+07   1000027E-02  .2561E+01  .2360E+01   .9999949  .0030978  .0007201
T 6982  1 .1987249E+07   1000186E-02 -.5359E+02  .3650E+02   .9998923 -.0118399  .0086676
T 6983  1 .1981629E+07   1000168E-02  .5920E+01  .2412E+01   .9999982 -.0011092  .0015262
T 6984  1 .1984315E+07   1000092E-02  .3012E+01  .1351E+01   .9999992  .0012642 -.0002144
T 6985  1 .1989878E+07   1000145E-02  .1243E+01 -.9197E+01   .9999963  .0007545 -.0026305
T 6986  1 .1984897E+07   1000015E-02 -.1778E+02 -.8480E+01   .9999951 -.0022655 -.0021631
T 6987  1 .1983114E+07   1000151E-02  .1630E+02  .2585E+01   .9999951  .0031264  .0002965
T 6988  1 .1987178E+07   1000144E-02  .5621E+01 -.3301E+01   .9999988  .0015330 -.0001819
T 6989  1 .1983058E+07   1000155E-02  .4163E+01  .1620E+02   .9999913  .0009629  .0040487
T 6990  1 .1984599E+07   1000009E-02  .2115E+02 -.1285E+02   .9999923  .0039107 -.0001120
T 6991  1 .1983006E+07   1000114E-02 -.5999E+01  .5580E+01   .9999983  .0003792  .0017991
T 6992  1 .1983907E+07   1000042E-02  .5654E+01 -.2653E+02   .9999911  .0001440 -.0042158
T 6993  1 .1980314E+07   1000155E-02  .3271E+01 -.1320E+01   .9999999 -.0002337  .0002356
T 6994  1 .1982468E+07   1000224E-02  .9786E+01  .2191E+01   .9999940  .0033548  .0008339
T 6995  1 .1981645E+07   1000009E-02  .1464E+02  .3115E+01   .9999913  .0040723  .0008779
T 6996  1 .1983573E+07   1000117E-02  .2254E+01 -.4890E+01   .9999990  .0003762 -.0013484
T 6997  1 .1982788E+07   1000055E-02  .3331E+01 -.6720E+00   .9999987  .0006630 -.0014839
T 6998  1 .1984178E+07   1000183E-02  .5312E+02 -.2879E+02   .9999638  .0070411 -.0047780
T 6999  1 .1981966E+07   1000154E-02 -.5482E+00 -.6512E+00   .9999999 -.0002487  .0002285
T 7000  1 .1982277E+07   1000181E-02 -.6460E+01 -.1747E+00   .9999979 -.0017955 -.0009757
T 7001  1 .1984254E+07   1000175E-02 -.6869E+01 -.3261E+01   .9999995 -.0008423 -.0004949
T 7002  1 .1983686E+07   1000033E-02  .1053E+02  .4047E+01   .9999932  .0036906 -.0000528
T 7003  1 .1984585E+07   1000199E-02  .8394E+00 -.4908E+01   .9999986  .0016993  .0000076
T 7004  1 .1986819E+07   1000212E-02  .1976E+01 -.1167E+02   .9999923  .0019682 -.0033840
T 7005  1 .1986927E+07   1000205E-02 -.1887E+02  .1836E+02   .9999972 -.0014454  .0018529
T 7006  1 .1980432E+07   1000225E-02 -.6376E+01  .1234E+02   .9999967 -.0013552  .0021804
T 7007  1 .1986709E+07   1000154E-02  .2926E+01  .6992E+01   .9999907  .0021395  .0037515
T 7008  1 .1983973E+07   1000081E-02  .4192E+01  .2894E+01   .9999950 -.0025957  .0017912
T 7009  1 .1981213E+07   1000122E-02  .1282E+02  .5588E+01   .9999882  .0034123  .0034688
T 7010  1 .1980553E+07   1000223E-02  .1119E+02  .1219E+02   .9999851  .0033099  .0043349
T 7011  1 .1983278E+07   1000036E-02  .1045E+01  .1760E+02   .9999850 -.0011456  .0053628
T 7012  1 .1988106E+07   1000185E-02  .1055E+02 -.5550E+02   .9999593  .0032083 -.0084356
T 7013  1 .1983957E+07   1000208E-02 -.9684E+01 -.1317E+01   .9999990 -.0013405 -.0004977
T 7014  1 .1983018E+07   1000083E-02  .2632E+01 -.1385E+01   .9999967  .0017431 -.0018673
T 7015  1 .1987864E+07   1000071E-02  .5056E+01  .6849E+01   .9999954  .0020830  .0022106
T 7016  1 .1981109E+07   1000050E-02  .2884E+01 -.7953E+00   .9999999  .0000907  .0000087
T 7017  1 .1983241E+07   1000042E-02  .6171E+01  .2784E+01   .9999981  .0017240  .0009005
T 7018  1 .1984576E+07   1000113E-02 -.2366E+01 -.6443E+01   .9999959 -.0018972 -.0021493
T 7019  1 .1985343E+07   1000065E-02  .2355E+01 -.3352E+01   .9999973  .0017940 -.0014805
T 7020  1 .1981692E+07   1000068E-02  .1339E+01 -.6531E+01   .9999985 -.0001386 -.0017407
T 7021  1 .1978190E+07   1000060E-02  .2006E+01  .2386E+01   .9999996  .0007414  .0004412
T 7022  1 .1988687E+07   1000184E-02 -.6449E+01 -.1707E+01   .9999996 -.0009089 -.0002666
T 7023  1 .1985358E+07   1000199E-02 -.3005E+02  .2264E+02   .9999840 -.0035088  .0044307
T 7024  1 .1986337E+07   1000141E-02 -.1286E+02  .3515E+01   .9999999 -.0001882  .0001937
T 7025  1 .1986878E+07   1000186E-02  .1551E+03 -.5576E+02   .9997899  .0191165 -.0073978
T 7026  1 .1987246E+07   1000028E-02  .1746E+02  .6196E+01   .9999901  .0044299  .0003860
T 7027  1 .1981067E+07   1000150E-02 -.1267E+02 -.5969E+00   .9999984 -.0017405 -.0005023
T 7028  1 .1981964E+07   1000143E-02  .4016E+00  .2695E+00   .9999999  .0005301 -.0000581
T 7029  1 .1980508E+07   1000040E-02 -.5730E+01 -.8077E+01   .9999993 -.0010880 -.0004573
T 7030  1 .1985130E+07   1000150E-02  .6208E+01  .3213E+01   .9999808  .0046690  .0040664
T 7031  1 .1980036E+07   1000209E-02 -.1339E+01  .5022E-01   .9999897 -.0040307  .0020953
T 7032  1 .1985110E+07   1000180E-02 -.4164E+02  .7323E+01   .9999814 -.0060982  .0002428
T 7033  1 .1984800E+07   1000153E-02 -.4876E+01  .5103E+01   .9999993 -.0003069  .0011030
T 7034  1 .1982361E+07   1000217E-02  .3196E+00 -.1420E+02   .9999893 -.0002493 -.0046148
T 7035  1 .1986281E+07   1000040E-02  .1621E+02 -.8732E+01   .9999665  .0064141 -.0050829
T 7036  1 .1985967E+07   1000177E-02  .2465E+01  .9587E+01   .9999983  .0004118  .0017799
T 7037  1 .1984016E+07   1000076E-02 -.2929E+01  .9468E+01   .9999924 -.0032345  .0021953
T 7038  1 .1983538E+07   1000206E-02 -.9678E+01 -.6828E+01   .9999944 -.0022796 -.0024389
T 7039  1 .1980923E+07   1000216E-02  .2391E+02 -.8042E+01   .9999817  .0055125 -.0025092
T 7040  1 .1984623E+07   1000013E-02  .9270E+00  .9546E+01   .9999970 -.0007446  .0023229
T 7041  1 .1981922E+07   1000181E-02  .2751E+01  .1301E+02   .9999950 -.0014991  .0027990
T 7042  1 .1982327E+07   1000129E-02  .8362E+01 -.4998E+01   .9999993  .0012144 -.0000589
T 7043  1 .1983290E+07   1000157E-02 -.7917E+00  .1117E+02   .9999997  .0004385  .0006645
T 7044  1 .1985189E+07   1000001E-02 -.8416E-01  .5525E+01   .9999967 -.0000997  .0025786
T 7045  1 .1980615E+07   1000071E-02 -.3483E+01  .8941E+01   .9999951  .0005135  .0030996
T 7046  1 .1982495E+07   1000046E-02 -.2530E+01 -.3503E+01   .9999999 -.0000859  .0004196
T 7047  1 .1981909E+07   1000175E-02 -.1107E+02  .4109E+01   .9999987 -.0014010  .0008498
T 7048  1 .1983041E+07   1000104E-02  .8528E+01  .2831E+01   .9999973  .0018151  .0014619
T 7049  1 .1981442E+07   1000138E-02 -.1278E+01 -.2674E+01   .9999952 -.0006732 -.0030282
T 7050  1 .1986190E+07   1000182E-02 -.3686E+01  .2060E+02   .9999932 -.0009922  .0035485
T 7051  1 .1985046E+07   1000142E-02  .3601E+01 -.9988E+01   .9999984 -.0014230 -.0010861
T 7052  1 .1985287E+07   1000026E-02 -.1188E+01  .1570E+00   .9999999 -.0004128 -.0001701
T 7053  1 .1988704E+07   1000066E-02 -.9222E+00  .1916E+01   .9999999 -.0002971  .0004408
T 7054  1 .1987077E+07   1000181E-02 -.1422E+02  .3536E+02   .9998505 -.0068539  .0158720
T 7055  1 .1987194E+07   1000033E-02 -.4864E+01 -.5404E+00   .9999987 -.0016308 -.0000964
T 7056  1 .1982687E+07   1000064E-02 -.6596E+01  .1075E+02   .9999988 -.0010017  .0012129
T 7057  1 .1983592E+07   1000013E-02 -.1190E+01  .3928E+01   .9999999 -.0003029  .0004351
T 7058  1 .1982257E+07   1000187E-02 -.7215E+01  .1917E+02   .9999962 -.0013575  .0023982
T 7059  1 .1979066E+07   1000090E-02  .2934E+01  .8606E+01   .9999975  .0015895  .0015802
T 7060  1 .1987479E+07   1000180E-02 -.6504E+01 -.2189E+01   .9999954 -.0029832  .0005754
T 7061  1 .1981736E+07   1000180E-02  .3979E+01  .7509E+01   .9999999  .0001688  .0004620
T 7062  1 .1982720E+07   1000112E-02  .2637E+01  .8440E+01   .9999998  .0005870  .0003852
T 7063  1 .1985771E+07   1000104E-02 -.9245E+01  .1269E+02   .9999960 -.0016264  .0023174
T 7064  1 .1981368E+07   1000004E-02  .1008E+02 -.4360E+01   .9999983 -.0012961 -.0012804
T 7065  1 .1985133E+07   1000120E-02  .4186E+01 -.1622E+02   .9999732 -.0001118 -.0073158
T 7066  1 .1980174E+07   1000121E-02 -.1754E+02  .1612E+02   .9999940 -.0021126  .0027413
T 7067  1 .1987127E+07   1000174E-02 -.4695E+01 -.1059E+02   .9999911 -.0009791 -.0040928
T 7068  1 .1985831E+07   1000089E-02 -.8023E+01  .1479E+01   .9999988 -.0014683  .0003844
T 7069  1 .1986195E+07   1000166E-02  .9358E+00  .4482E+01   .9999999 -.0004080 -.0001497
T 7070  1 .1985527E+07   1000224E-02 -.5353E+01  .6173E+01   .9999815 -.0015956  .0058676
T 7071  1 .1980135E+07   1000110E-02  .4856E+00  .1940E+01   .9999992  .0003392  .0012216
T 7072  1 .1984896E+07   1000002E-02  .3468E+01 -.6580E+01   .9999989 -.0001836  .0014964
T 7073  1 .1984265E+07   1000163E-02  .1538E+02  .3897E+01   .9999975  .0022191 -.0000378
T 7074  1 .1989096E+07   1000162E-02  .1778E+02  .2055E+02   .9999926  .0011681  .0036752
T 7075  1 .1982742E+07   1000115E-02 -.1442E+02 -.6342E+01   .9999926 -.0038225 -.0005117
T 7076  1 .1986644E+07   1000142E-02  .1315E+01  .1811E+02   .9999984  .0002627  .0017483
T 7077  1 .1988260E+07   1000110E-02  .7984E+01 -.9661E+01   .9999912  .0036654 -.0020199
T 7078  1 .1987193E+07   1000044E-02 -.2306E+01  .1282E+01   .9999986 -.0013124  .0010434
T 7079  1 .1981640E+07   1000074E-02 -.4115E+01 -.1707E+02   .9999610 -.0003905 -.0088189
T 7080  1 .1986313E+07   1000161E-02 -.1000E+02  .9308E+01   .9999941 -.0031417  .0014053
T 7081  1 .1989980E+07   1000193E-02 -.6730E+01 -.1548E+02   .9999967 -.0012764 -.0022430
T 7082  1 .1979979E+07   1000153E-02 -.4687E+00  .1166E+02   .9999666  .0005564  .0081549
T 7083  1 .1985941E+07   1000126E-02  .2080E+01 -.6676E+00   .9999960  .0026704 -.0008956
T 7084  1 .1982867E+07   1000061E-02  .6963E+00  .3514E+00   .9999993  .0011065  .0005165
T 7085  1 .1989656E+07   1000058E-02  .1412E+02  .4257E+02   .9999953  .0024996  .0018022
T 7086  1 .1982670E+07   1000208E-02 -.2051E+01  .2099E+01   .9999984 -.0017749  .0003332
T 7087  1 .1983510E+07   1000115E-02 -.9472E+01 -.8025E+01   .9999977 -.0020879 -.0004621
T 7088  1 .1982048E+07   1000025E-02  .9439E+01 -.9626E+01   .9999916  .0014521 -.0038306
T 7089  1 .1983541E+07   1000192E-02  .2387E+01  .7828E+01   .9999932  .0011241  .0035075
T 7090  1 .1985899E+07   1000225E-02  .1027E+00  .4735E+01   .9999997  .0007004 -.0001439
T 7091  1 .1986758E+07   1000162E-02  .1120E+01  .4339E+01   .9999986  .0005670  .0015853
T 7092  1 .1981647E+07   1000083E-02  .8152E+01  .2464E+01   .9999992  .0012349 -.0001124
T 7093  1 .1981376E+07   1000001E-02  .1180E+02 -.6669E+01   .9999937  .0028756 -.0020631
T 7094  1 .1983326E+07   1000203E-02 -.1139E+01 -.5425E-01   .9999998 -.0006915  .0001070
T 7095  1 .1990579E+07   1000151E-02 -.3013E+01  .5553E+01   .9999992 -.0008802  .0009534
T 7096  1 .1982007E+07   1000099E-02  .1959E+02  .5762E+02   .9999813 -.0013090  .0059716
T 7097  1 .1984887E+07   1000041E-02 -.1891E+01 -.1819E+01   .9999984  .0014609 -.0009966
T 7098  1 .1986343E+07   1000036E-02  .8993E+01  .1204E+02   .9999969  .0015113  .0019743
T 7099  1 .1982859E+07   1000118E-02 -.2602E+01 -.2305E+01   .9999924 -.0038494  .0006530
T 7100  1 .1983486E+07   1000191E-02 -.9635E+00  .4582E+01   .9999991  .0005263  .0012019
T 7101  1 .1987809E+07   1000183E-02  .2776E+02 -.4328E+00   .9999899  .0044927  .0001328
T 7102  1 .1987065E+07   1000064E-02  .1800E+02  .1913E+02   .9999947  .0031063  .0009837
T 7103  1 .1985287E+07   1000173E-02 -.7431E+01  .1327E+01   .9999991 -.0013164 -.0000020
T 7104  1 .1978615E+07   1000043E-02 -.5499E+01 -.2464E+01   .9999934 -.0031279 -.0018540
T 7105  1 .1983587E+07   1000030E-02  .7897E+00 -.1055E+01   .9999999  .0003319  .0002209
T 7106  1 .1981775E+07   1000081E-02 -.3637E+01 -.2062E+01   .9999978 -.0007276 -.0019513
T 7107  1 .1988509E+07   1000037E-02  .8966E+00  .2385E+01   .9999999  .0002985  .0001264
T 7108  1 .1983242E+07   1000160E-02 -.1062E+01  .3784E+00   .9999997  .0003029  .0007064
T 7109  1 .1984293E+07   1000164E-02 -.1607E+02 -.5066E+00   .9999911 -.0041023  .0009664
T 7110  1 .1986735E+07   1000130E-02 -.1302E+02 -.1199E+01   .9999997  .0004590  .0006522
T 7111  1 .1980409E+07   1000044E-02  .5163E+00 -.3356E+01   .9999990 -.0013782 -.0000381
T 7112  1 .1987065E+07   1000222E-02 -.5773E+01 -.8148E+01   .9999944 -.0024338 -.0023055
T 7113  1 .1983485E+07   1000179E-02  .6797E+01 -.1656E+02   .9999917  .0021878 -.0034415
T 7114  1 .1987374E+07   1000063E-02  .1124E+02  .1666E+02   .9999931  .0011960  .0035272
T 7115  1 .1982683E+07   1000134E-02  .6222E+01 -.4329E+01   .9999874  .0032138 -.0038503
T 7116  1 .1982494E+07   1000027E-02  .6450E+01  .7428E-01   .9999938  .0034566  .0006289
T 7117  1 .1984838E+07   1000138E-02  .5012E+01  .3251E+01   .9999999  .0002994  .0002893
T 7118  1 .1980163E+07   1000135E-02 -.4917E+02  .4394E+01   .9999435 -.0105444  .0013543
T 7119  1 .1984314E+07   1000181E-02  .1663E+01  .5656E+00   .9999998 -.0006985  .0000221
T 7120  1 .1982727E+07   1000128E-02  .8076E+01  .4717E+01   .9999964  .0025018  .0009665
T 7121  1 .1978479E+07   1000039E-02 -.4446E+00  .1183E+02   .9999987  .0001994  .0015704
T 7122  1 .1984614E+07   1000140E-02  .9700E+01 -.1534E+01   .9999933  .0035967  .0006663
T 7123  1 .1982947E+07   1000201E-02  .1740E+02  .1209E+02   .9999951  .0024617  .0019401
T 7124  1 .1985286E+07   1000163E-02  .1648E+02 -.4691E+01   .9999892  .0045722 -.0007797
T 7125  1 .1980114E+07   1000007E-02 -.3769E+01 -.6341E+01   .9999973 -.0014640 -.0018091
T 7126  1 .1978791E+07   1000206E-02  .3345E+01 -.5934E+01   .9999995  .0004245 -.0008646
T 7127  1 .1982337E+07   1000086E-02 -.2351E+01  .9898E+00   .9999995 -.0005306  .0007929
T 7128  1 .1984988E+07   1000104E-02  .2461E+01 -.2763E+01   .9999992  .0009614 -.0008307
T 7129  1 .1980639E+07   1000151E-02 -.1111E+00 -.5084E+01   .9999916 -.0033293  .0023807
T 7130  1 .1983603E+07   1000147E-02  .8359E+01 -.2763E+01   .9999992  .0009691 -.0007921
T 7131  1 .1978978E+07   1000094E-02  .2195E+01 -.1278E+01   .9999994  .0008911 -.0006513
T 7132  1 .1981653E+07   1000171E-02 -.4034E+01  .3213E+01   .9999999 -.0002852  .0003290
T 7133  1 .1980364E+07   1000049E-02 -.1081E+01 -.1432E+01   .9999997 -.0004384 -.0006534
T 7134  1 .1981622E+07   1000028E-02  .1591E+01 -.4108E+01   .9999990  .0011532 -.0007563
T 7135  1 .1981849E+07   1000217E-02  .1086E+02  .3625E+02   .9999799  .0031216  .0055258
T 7136  1 .1981616E+07   1000086E-02  .3569E+00  .2616E+01   .9999989  .0007895  .0012820
T 7137  1 .1981871E+07   1000108E-02 -.3227E+01 -.4973E+01   .9999973  .0007272 -.0022259
T 7138  1 .1984314E+07   1000014E-02  .1633E+02 -.4693E+01   .9999915  .0037434  .0017317
T 7139  1 .1977355E+07   1000070E-02 -.1529E+02 -.8759E+01   .9999993 -.0002467 -.0011994
T 7140  1 .1987920E+07   1000163E-02  .9162E+00  .5549E+01   .9999994 -.0008375  .0007141
T 7141  1 .1984751E+07   1000097E-02  .6492E+01 -.1570E+02   .9999996 -.0002995 -.0008122
T 7142  1 .1982164E+07   1000191E-02 -.2104E+01 -.2343E+01   .9999999 -.0000781 -.0001188
T 7143  1 .1989065E+07   1000214E-02 -.2220E+01  .6827E+01   .9999997  .0006814  .0003867
T 7144  1 .1988155E+07   1000125E-02  .2697E+01 -.5475E+01   .9999996 -.0007406 -.0004429
T 7145  1 .1986772E+07   1000134E-02  .2005E+01 -.7891E+00   .9999986 -.0004345 -.0016357
T 7146  1 .1985832E+07   1000034E-02  .4677E+01  .4626E+01   .9999988  .0013637  .0007992
T 7147  1 .1987434E+07   1000208E-02 -.2803E+01 -.9128E+01   .9999970 -.0003467 -.0024446
T 7148  1 .1983280E+07   1000008E-02  .1080E+02 -.1581E+02   .9999954  .0017712 -.0024560
T 7149  1 .1981213E+07   1000130E-02  .3452E+01  .8135E+01   .9999990  .0005870  .0012590
T 7150  1 .1988706E+07   1000058E-02  .5625E+00 -.7106E+00   .9999975  .0018840 -.0011827
T 7151  1 .1983329E+07   1000139E-02  .1415E+02 -.2404E+02   .9999698  .0056320 -.0053603
T 7152  1 .1981313E+07   1000041E-02 -.1136E+00  .4466E+01   .9999996  .0006446 -.0006504
T 7153  1 .1986712E+07   1000142E-02 -.1203E+02 -.1440E+02   .9999994 -.0004895 -.0010254
T 7154  1 .1986042E+07   1000186E-02  .1530E+00  .1235E+02   .9999971  .0006435  .0023021
T 7155  1 .1988536E+07   1000200E-02  .1373E+02 -.4567E+01   .9999971  .0023979  .0002657
T 7156  1 .1983325E+07   1000087E-02 -.8940E+00  .1187E+02   .9999981 -.0007694  .0017921
T 7157  1 .1981860E+07   1000054E-02 -.2144E+01 -.1006E+02   .9999936 -.0025961 -.0024676
T 7158  1 .1983967E+07   1000149E-02 -.1728E+02  .5587E+01   .9999885 -.0041504  .0023869
T 7159  1 .1987076E+07   1000020E-02  .8818E+00 -.5408E+01   .9999973  .0013531 -.0019093
T 7160  1 .1982463E+07   1000143E-02  .3186E+01 -.5249E+01   .9999962  .0020375 -.0018660
T 7161  1 .1987575E+07   1000009E-02  .5961E+01  .1063E+02   .9999967  .0020115  .0016000
T 7162  1 .1988977E+07   1000100E-02  .7184E+01 -.2443E+02   .9999984 -.0012502 -.0012685
T 7163  1 .1984893E+07   1000125E-02 -.8689E+00  .2617E+02   .9999806  .0027772  .0055749
T 7164  1 .1986462E+07   1000160E-02 -.1244E+01  .3177E+01   .9999984 -.0017651  .0001758
T 7165  1 .1982144E+07   1000180E-02 -.3938E+01 -.1651E+01   .9999969 -.0010364 -.0022671
T 7166  1 .1988353E+07   1000054E-02 -.1454E+01  .5718E+01   .9999994 -.0000519  .0010709
T 7167  1 .1983976E+07   1000047E-02  .3116E+02 -.1701E+02   .9999801  .0061517 -.0013757
T 7168  1 .1983998E+07   1000196E-02  .9338E+00 -.1250E+00   .9999950  .0030840 -.0006836
T 7169  1 .1987697E+07   1000164E-02  .1018E+02 -.4172E+01   .9999918  .0037695 -.0015060
T 7170  1 .1985808E+07   1000004E-02 -.9768E+01 -.4240E+00   .9999993 -.0009914  .0005955
T 7171  1 .1981431E+07   1000124E-02 -.8455E-01  .5982E+01   .9999981  .0001791  .0019297
T 7172  1 .1981729E+07   1000055E-02  .2101E+01  .2519E+00   .9999999  .0003126  .0003530
T 7173  1 .1987657E+07   1000060E-02 -.2793E+01 -.2008E+02   .9999971  .0000395 -.0024005
T 7174  1 .1988437E+07   1000099E-02  .2679E+01 -.5593E+01   .9999970  .0000946 -.0024666
T 7175  1 .1986185E+07   1000035E-02  .2692E+01 -.1646E+01   .9999978 -.0018698 -.0009890
T 7176  1 .1981226E+07   1000167E-02 -.3554E+01  .8209E+01   .9999985  .0005506  .0016241
T 7177  1 .1983351E+07   1000142E-02 -.4601E+01  .2680E+02   .9999816 -.0053960  .0027779
T 7178  1 .1983542E+07   1000147E-02  .7004E+01  .9567E+01   .9999937  .0003307  .0035274
T 7179  1 .1986002E+07   1000032E-02  .7198E+01 -.5635E+01   .9999969  .0018517 -.0016382
T 7180  1 .1980269E+07   1000149E-02  .2320E+01 -.1047E+02   .9999959 -.0002749 -.0028537
T 7181  1 .1983405E+07   1000016E-02  .5529E+00  .2130E+01   .9999971 -.0005277  .0023378
T 7182  1 .1985224E+07   1000153E-02  .7092E+01  .2770E+01   .9999995  .0008365 -.0005521
T 7183  1 .1979533E+07   1000187E-02 -.2590E+00 -.4500E+01   .9999948  .0000114 -.0032106
T 7184  1 .1989030E+07   1000201E-02 -.3051E+00 -.1537E+02   .9999939 -.0001744 -.0035020
T 7185  1 .1987411E+07   1000136E-02  .1721E+02 -.1499E+02   .9999938  .0014221 -.0032167
T 7186  1 .1988259E+07   1000192E-02  .1198E+02  .2822E+01   .9999999  .0003657 -.0003107
T 7187  1 .1982722E+07   1000205E-02  .3735E+00 -.4077E+01   .9999989 -.0011453 -.0009500
T 7188  1 .1979162E+07   1000021E-02 -.1971E+00 -.8109E+01   .9999959 -.0007323 -.0027719
T 7189  1 .1983596E+07   1000077E-02  .8889E+01  .1662E+02   .9999894  .0027160  .0037274
T 7190  1 .1981048E+07   1000101E-02  .8760E+01 -.3869E+01   .9999967  .0019229 -.0017261
T 7191  1 .1990711E+07   1000114E-02 -.2253E+00  .4322E+01   .9999999  .0003790  .0001708
T 7192  1 .1987152E+07   1000134E-02  .7024E+01 -.1449E+01   .9999997  .0008052  .0001782
T 7193  1 .1984703E+07   1000197E-02 -.2828E+01 -.1236E+02   .9999868 -.0011473 -.0050077
T 7194  1 .1987001E+07   1000196E-02 -.8922E+01 -.8111E+01   .9999910 -.0040539 -.0012402
T 7195  1 .1984428E+07   1000131E-02 -.1079E+01 -.9870E+01   .9999986 -.0008323 -.0014243
T 7196  1 .1988749E+07   1000219E-02 -.2741E+01 -.3471E+01   .9999964 -.0025801 -.0007995
T 7197  1 .1985512E+07   1000107E-02 -.1491E+01  .2629E+02   .9999799 -.0012520  .0062193
T 7198  1 .1983679E+07   1000157E-02 -.5707E+01  .3047E+02   .9999713  .0024072  .0071901
T 7199  1 .1985329E+07   1000206E-02  .2132E+01 -.8209E+01   .9999934  .0010222 -.0034918
T 7200  1 .1991747E+07   1000006E-02  .7683E+00  .7895E+01   .9999941 -.0008748  .0033259
T 7201  1 .1978282E+07   1000162E-02 -.7086E+01  .9343E+00   .9999940 -.0034397  .0003447
T 7202  1 .1986541E+07   1000058E-02 -.2756E+02 -.1402E+02   .9999906 -.0037578 -.0021594
T 7203  1 .1983940E+07   1000132E-02  .1624E+02 -.1496E+01   .9999948  .0028259 -.0015632
T 7204  1 .1986693E+07   1000207E-02  .1793E+02  .1021E+02   .9999959  .0028157  .0004451
T 7205  1 .1988533E+07   1000207E-02  .1116E+02 -.2200E+02   .9999955  .0025244  .0016200
T 7206  1 .1982014E+07   1000197E-02  .5289E+01 -.3551E+01   .9999992  .0012114  .0001916
T 7207  1 .1988452E+07   1000054E-02  .4238E+01  .1062E+02   .9999951  .0001971  .0031161
T 7208  1 .1983048E+07   1000142E-02  .1016E+02 -.8016E+00   .9999976  .0014854  .0016405
T 7209  1 .1981675E+07   1000108E-02 -.3454E+01  .2124E+00   .9999993 -.0004493  .0011278
T 7210  1 .1986749E+07   1000211E-02 -.3218E+01  .2839E+01   .9999998  .0004215 -.0004682
T 7211  1 .1988628E+07   1000090E-02  .3010E+01  .5377E+01   .9999996  .0008863  .0002847
T 7212  1 .1984479E+07   1000189E-02 -.9052E+01  .2915E+02   .9999755  .0012635  .0068907
T 7213  1 .1988320E+07   1000086E-02  .8077E+01  .1328E+02   .9999938  .0019130  .0029709
T 7214  1 .1988342E+07   1000175E-02 -.7227E+01  .3040E+01   .9999926 -.0036720  .0011034
T 7215  1 .1986091E+07   1000209E-02 -.3384E+00 -.1179E+01   .9999998  .0003242  .0004866
T 7216  1 .1987687E+07   1000168E-02 -.1293E+01  .1072E+01   .9999998 -.0003458  .0005391
T 7217  1 .1979169E+07   1000089E-02 -.1042E+02  .6740E+01   .9999971 -.0021526  .0011019
T 7218  1 .1983221E+07   1000063E-02 -.1605E+02 -.8176E+00   .9999911 -.0040882  .0010782
T 7219  1 .1985713E+07   1000037E-02  .2601E+01 -.1736E+01   .9999986  .0015130 -.0006936
T 7220  1 .1986409E+07   1000057E-02  .4735E+01 -.1172E+02   .9999992  .0006586 -.0011235
T 7221  1 .1984920E+07   1000179E-02 -.1049E+01  .1625E+01   .9999998 -.0006299 -.0001286
T 7222  1 .1981547E+07   1000207E-02  .9605E+01  .3327E+01   .9999990  .0012669  .0006724
T 7223  1 .1984728E+07   1000205E-02 -.7790E+00  .7658E+00   .9999969  .0024715 -.0001102
T 7224  1 .1986175E+07   1000061E-02  .2193E+02  .5532E+01   .9999818  .0056746  .0020484
T 7225  1 .1987567E+07   1000065E-02  .1935E+01  .5339E+01   .9999969  .0006786  .0023979
T 7226  1 .1987235E+07   1000006E-02  .7950E+00 -.5717E+01   .9999997 -.0007414  .0002647
T 7227  1 .1983811E+07   1000061E-02 -.6637E+01 -.3652E+01   .9999981 -.0019348 -.0002639
T 7228  1 .1989292E+07   1000068E-02  .7498E+01 -.1100E+02   .9999998  .0006322 -.0002430
T 7229  1 .1986103E+07   1000061E-02  .1212E+02  .1070E+01   .9999966  .0019305 -.0017721
T 7230  1 .1983134E+07   1000079E-02  .1918E+02  .9063E+01   .9999919  .0032552  .0023672
T 7231  1 .1979815E+07   1000041E-02  .1615E+01 -.6878E+01   .9999995  .0000867 -.0009662
T 7232  1 .1989768E+07   1000001E-02  .5059E+01 -.6765E+01   .9999998  .0001936 -.0005611
T 7233  1 .1985706E+07   1000158E-02  .5520E+01  .1394E+02   .9999837  .0022477  .0052508
T 7234  1 .1985113E+07   1000002E-02 -.2924E+01 -.3243E+01   .9999983 -.0007203 -.0017218
T 7235  1 .1983677E+07   1000212E-02 -.2033E+02 -.2322E+01   .9999965 -.0026429  .0001222
T 7236  1 .1985463E+07   1000179E-02  .2626E+02 -.1961E+02   .9999799  .0052105 -.0036035
T 7237  1 .1982290E+07   1000049E-02 -.1065E+02  .1680E+01   .9999910 -.0041515  .0008407
T 7238  1 .1982808E+07   1000144E-02  .5153E+01 -.6801E+01   .9999979  .0014227 -.0014518
T 7239  1 .1982666E+07   1000028E-02 -.5260E-02  .4830E+01   .9999976 -.0002695  .0021815
T 7240  1 .1987487E+07   1000006E-02 -.8489E+01 -.9890E+01   .9999856 -.0027931 -.0045869
T 7241  1 .1985306E+07   1000138E-02  .1092E+02  .5418E+01   .9999919  .0024194  .0032195
T 7242  1 .1987726E+07   1000165E-02 -.7201E+00  .9727E+01   .9999966 -.0007079  .0025189
T 7243  1 .1989816E+07   1000183E-02  .3494E+01  .3596E+01   .9999971  .0012870  .0020571
T 7244  1 .1981739E+07   1000105E-02 -.6632E+00  .8380E+01   .9999998 -.0000001  .0006291
T 7245  1 .1985107E+07   1000020E-02  .1717E+01  .1422E+02   .9999962  .0004500  .0027380
T 7246  1 .1981072E+07   1000211E-02  .5506E+00  .3936E+01   .9999978  .0008637  .0019345
T 7247  1 .1987345E+07   1000085E-02  .1723E+02  .8734E+01   .9999822  .0048309  .0035149
T 7248  1 .1988155E+07   1000181E-02  .2723E+01 -.5552E+01   .9999987 -.0005913 -.0015020
T 7249  1 .1981928E+07   1000029E-02  .8722E+01 -.1594E+02   .9999967  .0016707 -.0019437
T 7250  1 .1984500E+07   1000000E-02  .1351E+02 -.8469E+00   .9999953  .0029968  .0006838
T 7251  1 .1991645E+07   1000012E-02 -.8798E+01 -.1280E+01   .9999982 -.0007573 -.0017655
T 7252  1 .1983183E+07   1000164E-02 -.9572E+01 -.8380E+01   .9999968 -.0022916 -.0010895
T 7253  1 .1983534E+07   1000094E-02 -.6523E+01 -.4327E+01   .9999989 -.0008707 -.0012040
T 7254  1 .1987573E+07   1000059E-02  .8947E+01 -.1404E+00   .9999961  .0027926  .0000543
T 7255  1 .1990829E+07   1000191E-02  .1146E+00  .2229E+01   .9999982  .0011435 -.0015323
T 7256  1 .1980757E+07   1000209E-02  .2785E+01 -.1413E+01   .9999982  .0015295 -.0011415
T 7257  1 .1986362E+07   1000215E-02  .6183E+01 -.1064E+02   .9999978  .0011482 -.0017835
T 7258  1 .1988828E+07   1000161E-02  .1774E+02 -.7147E+01   .9999845  .0049558 -.0025463
T 7259  1 .1982654E+07   1000146E-02  .1773E+02  .3274E+00   .9999967  .0024558  .0006975
T 7260  1 .1978914E+07   1000008E-02  .1925E+02  .1995E+02   .9999610  .0059979  .0064780
T 7261  1 .1988250E+07   1000207E-02 -.6271E+00 -.3188E+01   .9999971 -.0002483 -.0024025
T 7262  1 .1984468E+07   1000165E-02  .3963E+01 -.1514E+02   .9999937 -.0003981 -.0035364
T 7263  1 .1983711E+07   1000206E-02  .2220E+01  .4095E+01   .9999999 -.0001869 -.0000908
T 7264  1 .1985990E+07   1000221E-02  .1529E+01 -.8583E+00   .9999994  .0008169  .0007450
T 7265  1 .1982651E+07   1000169E-02 -.3317E+01 -.1994E+02   .9999987 -.0002662 -.0015844
T 7266  1 .1980355E+07   1000185E-02 -.1338E+02 -.3383E+02   .9999780 -.0028373 -.0059937
T 7267  1 .1985317E+07   1000003E-02 -.4542E-01  .1257E+01   .9999995 -.0004820  .0008387
T 7268  1 .1987103E+07   1000188E-02  .1514E+01  .9849E+00   .9999999 -.0000058  .0004651
T 7269  1 .1988283E+07   1000035E-02  .1012E+02  .1742E+02   .9999957  .0015563  .0024829
T 7270  1 .1983546E+07   1000160E-02 -.1580E+01 -.5102E+01   .9999994  .0000600 -.0011045
T 7271  1 .1983720E+07   1000224E-02 -.4842E+02 -.8059E+01   .9999483 -.0099436 -.0021482
T 7272  1 .1987539E+07   1000223E-02 -.6155E+01 -.1749E+02   .9999867 -.0008618 -.0050802
T 7273  1 .1983159E+07   1000029E-02 -.1323E+01 -.4711E+01   .9999969 -.0003842 -.0024772
T 7274  1 .1983024E+07   1000141E-02 -.1450E+02 -.2951E+03   .9989806 -.0016512 -.0451103
T 7275  1 .1983387E+07   1000007E-02  .3619E+01  .9706E+00   .9999998  .0005437 -.0001490
T 7276  1 .1986434E+07   1000187E-02 -.6754E+00  .5711E+01   .9999838 -.0009182  .0056120
T 7277  1 .1982778E+07   1000076E-02  .7142E+01 -.1895E+02   .9999890  .0016294 -.0043887
T 7278  1 .1987387E+07   1000204E-02  .5437E+01 -.1513E+02   .9999905  .0001400 -.0043587
T 7279  1 .1987376E+07   1000157E-02 -.1833E+02  .2730E+02   .9999786 -.0059740  .0026545
T 7280  1 .1984098E+07   1000179E-02 -.8290E+00 -.1564E+02   .9999995  .0007850 -.0006494
T 7281  1 .1984419E+07   1000142E-02  .1327E+01  .6480E-01   .9999996  .0009132 -.0002514
T 7282  1 .1985445E+07   1000023E-02  .1331E+02  .2520E+02   .9999836  .0025654  .0051295
T 7283  1 .1985682E+07   1000215E-02  .6326E+01 -.2557E+02   .9999880  .0027635 -.0040545
T 7284  1 .1984660E+07   1000167E-02 -.9625E+01 -.1048E+02   .9999967 -.0021525 -.0014008
T 7285  1 .1982887E+07   1000089E-02  .2986E+01 -.5181E+01   .9999988  .0007691 -.0013787
T 7286  1 .1982738E+07   1000018E-02  .2485E+01  .2309E+01   .9999974 -.0022077 -.0005486
T 7287  1 .1982929E+07   1000225E-02  .1873E+03  .1872E+03   .9968011  .0570822  .0559389
T 7288  1 .1980605E+07   1000076E-02  .9332E+01 -.2953E+01   .9999995 -.0010192  .0002470
T 7289  1 .1981727E+07   1000156E-02  .8673E+01  .2839E+01   .9999952  .0029155  .0010894
T 7290  1 .1986826E+07   1000191E-02  .1222E+01  .1580E+01   .9999976  .0009339  .0019931
T 7291  1 .1987126E+07   1000072E-02 -.4443E+01  .5406E+01   .9999974 -.0009145 -.0020727
T 7292  1 .1987015E+07   1000215E-02  .2711E+01  .7747E+00   .9999999  .0005184  .0000442
T 7293  1 .1988280E+07   1000217E-02  .5514E-01  .1901E+01   .9999934  .0011479  .0034356
T 7294  1 .1983005E+07   1000209E-02  .1123E+02 -.5646E+01   .9999993  .0010353  .0005005
T 7295  1 .1983135E+07   1000050E-02 -.1565E+01 -.4964E+01   .9999823 -.0000559 -.0059432
T 7296  1 .1980367E+07   1000182E-02 -.1056E+02  .2114E+01   .9999974 -.0022245  .0004029
T 7297  1 .1983948E+07   1000038E-02 -.6964E+01 -.4937E+01   .9999998 -.0003770 -.0005097
T 7298  1 .1982440E+07   1000034E-02 -.2261E+01 -.8739E+01   .9999999  .0000204 -.0003363
T 7299  1 .1983564E+07   1000082E-02 -.1747E+02 -.1506E+02   .9999899 -.0035797 -.0027355
T 7300  1 .1983195E+07   1000035E-02  .2621E+01 -.1099E+01   .9999973  .0021530 -.0009064
T 7301  1 .1987646E+07   1000092E-02  .3204E+01  .7397E+00   .9999998  .0005186  .0004182
T 7302  1 .1986963E+07   1000166E-02 -.1549E+02 -.4813E+01   .9999662 -.0045769 -.0068348
T 7303  1 .1985121E+07   1000001E-02 -.2150E+02  .2552E+01   .9999826 -.0058000  .0011205
T 7304  1 .1987362E+07   1000178E-02  .1124E+01  .8336E+00   .9999998 -.0005240  .0002578
T 7305  1 .1984535E+07   1000182E-02  .1415E+02 -.8686E+00   .9999959  .0018459  .0021996
T 7306  1 .1979188E+07   1000009E-02  .2499E+01  .1117E+02   .9999848  .0047243  .0028406
T 7307  1 .1990255E+07   1000161E-02 -.7735E+00  .1538E+01   .9999754  .0057802 -.0039853
T 7308  1 .1991160E+07   1000101E-02 -.2438E+01  .9769E+01   .9999994  .0007505  .0007838
T 7309  1 .1987774E+07   1000169E-02 -.1099E+02  .1701E+00   .9999978 -.0019679 -.0007504
T 7310  1 .1981330E+07   1000189E-02  .9757E+01  .5702E+01   .9999956  .0019421  .0022411
T 7311  1 .1981187E+07   1000165E-02  .1366E+00 -.6532E-01   .9999999  .0004101 -.0002635
T 7312  1 .1989518E+07   1000096E-02  .4293E+01 -.1340E+02   .9999963  .0011375 -.0024840
T 7313  1 .1981857E+07   1000017E-02 -.1777E+01 -.5340E+01   .9999993 -.0010418 -.0004703
T 7314  1 .1989606E+07   1000021E-02  .2973E+00  .9153E+01   .9999963 -.0006772  .0026254
T 7315  1 .1984353E+07   1000048E-02 -.6213E+01 -.9467E-01   .9999961 -.0024173 -.0014076
T 7316  1 .1988460E+07   1000002E-02  .7477E+00  .2408E+01   .9999995  .0005020  .0009018
T 7317  1 .1985758E+07   1000105E-02 -.4966E+01 -.9516E+01   .9999993 -.0000288 -.0011631
T 7318  1 .1986548E+07   1000163E-02  .3434E+01 -.3421E+01   .9999999 -.0001206 -.0003139
T 7319  1 .1981416E+07   1000020E-02 -.3057E+01 -.8876E+00   .9999999 -.0002934  .0001307
T 7320  1 .1985604E+07   1000157E-02 -.3031E+01 -.1101E+02   .9999971  .0000566 -.0023980
T 7321  1 .1992018E+07   1000219E-02 -.2405E+02 -.2894E+02   .9999771 -.0043796 -.0051601
T 7322  1 .1983507E+07   1000006E-02  .2478E+01  .8351E+01   .9999976  .0004850  .0021139
T 7323  1 .1989997E+07   1000210E-02  .9735E+00  .1606E+01   .9999944  .0032860  .0006852
T 7324  1 .1987939E+07   1000189E-02  .7307E+01 -.1283E+02   .9999990  .0010831 -.0009303
T 7325  1 .1986886E+07   1000182E-02  .3521E+00  .5766E+01   .9999988 -.0001020  .0015554
T 7326  1 .1981875E+07   1000156E-02  .1802E+01 -.2268E+02   .9999942  .0000363 -.0033911
T 7327  1 .1986921E+07   1000163E-02  .3670E+00 -.4062E+01   .9999922 -.0038838 -.0006961
T 7328  1 .1983198E+07   1000055E-02  .3507E+01 -.2112E+02   .9999932 -.0004743 -.0036644
T 7329  1 .1986111E+07   1000002E-02 -.6231E+01  .4741E+01   .9999999 -.0000131  .0004510
T 7330  1 .1987079E+07   1000038E-02 -.1084E+02 -.8550E+01   .9999974 -.0017968  .0013913
T 7331  1 .1987701E+07   1000172E-02  .1717E+02 -.5376E+01   .9999929  .0036833 -.0008332
T 7332  1 .1988343E+07   1000083E-02 -.1636E+02  .1285E+02   .9999949 -.0028277  .0014673
T 7333  1 .1983220E+07   1000115E-02 -.1065E+02 -.8139E+01   .9999942 -.0031540 -.0012646
T 7334  1 .1989313E+07   1000173E-02 -.1032E+02  .9618E+01   .9999953 -.0020527  .0022981
T 7335  1 .1983802E+07   1000222E-02  .1081E+02  .1430E+02   .9999881  .0014427  .0046617
T 7336  1 .1984858E+07   1000046E-02  .1069E+02  .1709E+02   .9999938  .0023389  .0026179
T 7337  1 .1986999E+07   1000171E-02  .4949E+01  .8500E+01   .9999926  .0032857  .0020030
T 7338  1 .1987378E+07   1000166E-02 -.5345E+01  .9294E+01   .9999922 -.0016890  .0035777
T 7339  1 .1988554E+07   1000119E-02 -.5492E+02 -.7339E+02   .9997394 -.0137818 -.0181989
T 7340  1 .1982985E+07   1000163E-02  .1932E+02 -.3182E+01   .9999960  .0028275 -.0001353
T 7341  1 .1985168E+07   1000186E-02 -.1369E+01 -.1032E+01   .9999995  .0009336  .0002736
T 7342  1 .1982000E+07   1000076E-02  .4520E+01 -.1106E+02   .9999891  .0015584 -.0044059
T 7343  1 .1981788E+07   1000015E-02 -.8820E+00 -.4009E+01   .9999991 -.0004163 -.0013040
T 7344  1 .1987353E+07   1000169E-02 -.1543E+01 -.6769E+00   .9999990 -.0013807  .0003371
T 7345  1 .1984565E+07   1000138E-02  .1221E+01 -.1468E+02   .9999934 -.0010629 -.0034723
T 7346  1 .1979453E+07   1000055E-02  .4121E+00  .9166E+00   .9999998 -.0001041  .0005739
T 7347  1 .1982829E+07   1000062E-02  .1649E+02  .4346E+01   .9999876  .0039635  .0030005
T 7348  1 .1983374E+07   1000151E-02  .2553E+02  .1921E+02   .9999832  .0046395  .0034666
T 7349  1 .1979126E+07   1000200E-02  .8181E+00  .6886E+01   .9999995 -.0005414  .0008086
T 7350  1 .1982400E+07   1000166E-02  .8289E+02  .4079E+02   .9999077  .0121138  .0061494
T 7351  1 .1983366E+07   1000114E-02  .9722E+01  .1083E+02   .9999977  .0016647 -.0013784
T 7352  1 .1988140E+07   1000207E-02  .8292E+01  .8135E+01   .9999981  .0011407  .0015527
T 7353  1 .1981938E+07   1000170E-02  .2492E+01  .7291E+01   .9999951  .0006922  .0030686
T 7354  1 .1989064E+07   1000096E-02  .9129E+00 -.2425E+01   .9999982 -.0004097 -.0018572
T 7355  1 .1984628E+07   1000209E-02 -.4389E+01 -.5136E+01   .9999916 -.0032754  .0024671
T 7356  1 .1985306E+07   1000211E-02  .5894E+01 -.7744E+01   .9999906  .0031002 -.0030376
T 7357  1 .1986777E+07   1000114E-02 -.8473E+00  .1038E+01   .9999999 -.0001929  .0000062
T 7358  1 .1987269E+07   1000208E-02 -.3159E+01  .7553E+01   .9999999  .0001482  .0003737
T 7359  1 .1984940E+07   1000192E-02 -.3275E-01 -.3225E+01   .9999985  .0005531 -.0016129
T 7360  1 .1984472E+07   1000146E-02  .7332E+01 -.2158E+01   .9999994  .0010466  .0001211
T 7361  1 .1985350E+07   1000192E-02 -.1331E+02  .1708E+02   .9999863 -.0032125  .0041261
T 7362  1 .1983462E+07   1000191E-02  .9459E+00 -.2062E+01   .9999991  .0006033 -.0011921
T 7363  1 .1979088E+07   1000197E-02 -.3465E+01  .2502E+02   .9999894  .0004307  .0045835
T 7364  1 .1982556E+07   1000114E-02 -.2626E+01 -.4155E+01   .9999974 -.0018304 -.0013324
T 7365  1 .1986303E+07   1000131E-02  .2372E+01 -.2313E+02   .9999926  .0014936 -.0035430
T 7366  1 .1981564E+07   1000151E-02  .1232E+02  .1761E+02   .9999886  .0017540  .0044508
T 7367  1 .1984015E+07   1000197E-02 -.3072E+01 -.4878E+01   .9999949 -.0014615 -.0028238
T 7368  1 .1984776E+07   1000108E-02 -.1958E+01 -.4869E+01   .9999992 -.0002992 -.0012001
T 7369  1 .1982777E+07   1000209E-02 -.1582E+01 -.5879E+01   .9999989 -.0009924 -.0010993
T 7370  1 .1983520E+07   1000073E-02  .3593E+02 -.4173E+02   .9999216  .0055225 -.0112343
T 7371  1 .1983722E+07   1000220E-02  .3708E+01 -.2855E+01   .9999987  .0015093 -.0006330
T 7372  1 .1988959E+07   1000125E-02 -.5501E+01 -.3254E+00   .9999956 -.0028901 -.0007117
T 7373  1 .1984572E+07   1000118E-02 -.1197E+02  .3513E+02   .9999783 -.0023477  .0061560
T 7374  1 .1987467E+07   1000026E-02 -.1290E+01 -.2568E+02   .9999806 -.0002045 -.0062290
T 7375  1 .1981845E+07   1000194E-02 -.3756E+01  .9308E+01   .9999952 -.0018415  .0024979
T 7376  1 .1979300E+07   1000138E-02 -.1406E+02  .7491E+01   .9999977 -.0019423  .0008800
T 7377  1 .1980035E+07   1000128E-02 -.6461E+01 -.1842E+01   .9999947 -.0032408 -.0003203
T 7378  1 .1983501E+07   1000159E-02 -.1172E+01 -.4566E+00   .9999986 -.0016710 -.0000909
T 7379  1 .1986149E+07   1000222E-02 -.2143E+02  .6308E+01   .9999903 -.0030480  .0031715
T 7380  1 .1984784E+07   1000033E-02  .3796E+01  .5169E+01   .9999913  .0028012  .0031065
T 7381  1 .1984629E+07   1000103E-02  .8698E+00  .3711E+00   .9999997  .0004829  .0005196
T 7382  1 .1982364E+07   1000122E-02 -.1494E+02  .2357E+01   .9999931 -.0036740  .0006298
T 7383  1 .1986533E+07   1000091E-02  .1196E+02  .4718E+02   .9999703  .0029429  .0071258
T 7384  1 .1987933E+07   1000173E-02  .8182E+01 -.1685E+01   .9999987  .0016284  .0001311
T 7385  1 .1986672E+07   1000184E-02  .7681E+00  .1394E+00   .9999999 -.0003629  .0002616
T 7386  1 .1988419E+07   1000148E-02 -.7768E+01 -.6550E+01   .9999951 -.0030060 -.0008575
T 7387  1 .1990030E+07   1000047E-02 -.9563E+01 -.7818E+01   .9999927 -.0035072 -.0014992
T 7388  1 .1982236E+07   1000220E-02  .2246E+02 -.1416E+02   .9999931  .0029065 -.0023174
T 7389  1 .1982661E+07   1000050E-02 -.1451E+02  .6103E+01   .9999929 -.0022395  .0030392
T 7390  1 .1981906E+07   1000214E-02  .1547E+02  .5483E+01   .9999932  .0036675  .0003477
T 7391  1 .1989547E+07   1000084E-02 -.3718E+01  .8340E+01   .9999994  .0000474  .0010591
T 7392  1 .1981797E+07   1000219E-02  .1005E+01 -.1062E+01   .9999994  .0007651 -.0008443
T 7393  1 .1986833E+07   1000103E-02  .1691E+01 -.1039E+02   .9999941 -.0028290 -.0019622
T 7394  1 .1990154E+07   1000091E-02 -.1251E+02 -.1203E+02   .9999927 -.0026235 -.0027736
T 7395  1 .1984592E+07   1000053E-02  .5406E+00 -.3490E+01   .9999950  .0011721 -.0029441
T 7396  1 .1982577E+07   1000088E-02  .1645E+01  .1490E+02   .9999913  .0001434  .0041622
T 7397  1 .1986590E+07   1000164E-02 -.8591E+00 -.2707E+01   .9999990  .0006434 -.0012645
T 7398  1 .1984156E+07   1000154E-02  .6061E+00  .2135E+01   .9999998  .0004009  .0004649
T 7399  1 .1989105E+07   1000080E-02 -.6615E+01 -.1139E+02   .9999904 -.0020088 -.0039018
T 7400  1 .1985339E+07   1000194E-02 -.8094E+01 -.3798E+00   .9999997  .0000781  .0007114
T 7401  1 .1981713E+07   1000007E-02 -.2761E+00  .2241E+01   .9999997  .0001312  .0007616
T 7402  1 .1986053E+07   1000060E-02  .4939E+01  .1012E+01   .9999989  .0012889 -.0007339
T 7403  1 .1989053E+07   1000202E-02  .2024E+01 -.1841E+02   .9999895 -.0010890 -.0044495
T 7404  1 .1981062E+07   1000007E-02 -.8397E+01 -.8822E+01   .9999996 -.0008159 -.0002085
T 7405  1 .1982574E+07   1000226E-02 -.8955E+01 -.1796E+01   .9999967 -.0024265 -.0008401
T 7406  1 .1979796E+07   1000155E-02  .7865E+01  .5009E+00   .9999942  .0022597  .0025447
T 7407  1 .1984175E+07   1000216E-02  .6356E+00  .1017E+02   .9999954  .0008726  .0029120
T 7408  1 .1985979E+07   1000004E-02 -.1578E+02  .1458E+02   .9999806 -.0052604  .0033505
T 7409  1 .1983604E+07   1000050E-02 -.5275E+00 -.6658E+00   .9999988  .0015389 -.0000294
T 7410  1 .1985621E+07   1000059E-02  .1131E+02  .1636E+01   .9999918  .0040388 -.0003691
T 7411  1 .1981529E+07   1000211E-02 -.1632E+01  .4666E+01   .9999994  .0003868  .0010305
T 7412  1 .1986563E+07   1000100E-02  .2991E+02  .1978E+02   .9999935  .0031333  .0018028
T 7413  1 .1985842E+07   1000015E-02 -.3169E+00  .1173E+02   .9999967  .0010838  .0023489
T 7414  1 .1981294E+07   1000121E-02  .1203E+01 -.1857E+01   .9999994  .0000365 -.0011129
T 7415  1 .1983866E+07   1000063E-02  .5867E+01 -.1221E+02   .9999569  .0034874 -.0085996
T 7416  1 .1983780E+07   1000103E-02 -.1251E+01 -.1197E+02   .9999894  .0000179 -.0046016
T 7417  1 .1987901E+07   1000031E-02  .1205E+01 -.1965E+01   .9999998  .0003249 -.0006272
T 7418  1 .1989458E+07   1000120E-02  .2929E+02 -.1368E+02   .9999914  .0039590 -.0012211
T 7419  1 .1985628E+07   1000204E-02 -.9440E+01  .3332E+01   .9999957 -.0020133  .0021183
T 7420  1 .1987067E+07   1000165E-02 -.9524E+00 -.2407E+01   .9999995 -.0002049 -.0009416
T 7421  1 .1982715E+07   1000116E-02 -.4786E+01  .1751E+01   .9999999  .0001307  .0000426
T 7422  1 .1983197E+07   1000227E-02  .1790E+01 -.6936E+01   .9999989 -.0006692 -.0013281
T 7423  1 .1982100E+07   1000035E-02  .7031E+01 -.3047E+01   .9999951 -.0010646 -.0029409
T 7424  1 .1986567E+07   1000116E-02 -.7246E+01  .5559E-01   .9999997 -.0006122 -.0004635
T 7425  1 .1980898E+07   1000023E-02 -.1092E+01  .3986E+01   .9999999  .0001570  .0001546
T 7426  1 .1983234E+07   1000146E-02  .3337E+01 -.5067E+01   .9999996  .0000990 -.0008376
T 7427  1 .1981327E+07   1000111E-02 -.1279E+02  .2168E+02   .9999921 -.0006372  .0039109
T 7428  1 .1985921E+07   1000058E-02 -.1811E+01 -.1009E+01   .9999989 -.0014458 -.0003478
T 7429  1 .1981201E+07   1000132E-02  .5328E+01 -.2282E+02   .9999381  .0015700 -.0110161
T 7430  1 .1985007E+07   1000164E-02  .4677E+01 -.7521E+01   .9999981  .0007420 -.0017877
T 7431  1 .1979557E+07   1000098E-02  .2119E+01  .1080E+02   .9999909 -.0010010  .0041386
T 7432  1 .1985873E+07   1000197E-02  .7339E+01  .6671E+01   .9999985  .0006968  .0015609
T 7433  1 .1985379E+07   1000011E-02  .9842E+00 -.1238E+02   .9999938 -.0020233 -.0028761
T 7434  1 .1984086E+07   1000211E-02  .1177E+02 -.2708E+00   .9999982  .0017221 -.0007743
T 7435  1 .1987797E+07   1000094E-02  .2661E+02 -.6618E+01   .9999721  .0067136 -.0032878
T 7436  1 .1985222E+07   1000206E-02  .1592E+02  .1841E+01   .9999915  .0038855  .0014078
T 7437  1 .1984275E+07   1000013E-02 -.7963E+01  .1319E+02   .9999959 -.0018012  .0022116
T 7438  1 .1988288E+07   1000223E-02 -.8146E+01  .4920E-01   .9999975 -.0015740 -.0015770
T 7439  1 .1981831E+07   1000001E-02  .5197E+01 -.1055E+02   .9999968  .0006164 -.0024568
T 7440  1 .1982488E+07   1000092E-02 -.1650E+02  .1337E+02   .9995795 -.0243796  .0156974
T 7441  1 .1982294E+07   1000120E-02  .1909E+01  .4285E+01   .9999992  .0001794  .0012376
T 7442  1 .1986263E+07   1000219E-02 -.7117E+00 -.4856E+01   .9999962 -.0011991 -.0024636
T 7443  1 .1983456E+07   1000070E-02  .9446E+01 -.3589E+01   .9999982  .0016246 -.0010145
T 7444  1 .1984546E+07   1000182E-02 -.8955E+01 -.2669E+01   .9999917 -.0039269  .0011000
T 7445  1 .1984245E+07   1000004E-02 -.2331E+02 -.2554E+02   .9999897 -.0001446 -.0045347
T 7446  1 .1984693E+07   1000151E-02  .7123E+01  .7864E+01   .9999925  .0038168  .0006241
T 7447  1 .1981633E+07   1000002E-02 -.2528E+02 -.1485E+02   .9999701 -.0066617 -.0039345
T 7448  1 .1987324E+07   1000219E-02  .1937E+01  .2640E+01   .9999998  .0004466  .0003459
T 7449  1 .1984796E+07   1000109E-02  .2481E+01  .4949E+01   .9999973 -.0013925  .0018434
T 7450  1 .1984788E+07   1000076E-02  .9547E+01 -.1795E+02   .9999818  .0026280 -.0054332
T 7451  1 .1983293E+07   1000201E-02  .4870E+00  .1757E+01   .9999999  .0003453  .0002646
T 7452  1 .1985499E+07   1000107E-02  .6644E+01  .1274E+02   .9999975  .0009323  .0020504
T 7453  1 .1990257E+07   1000189E-02  .3174E+02  .3898E+02   .9999611  .0069971  .0053705
T 7454  1 .1981271E+07   1000163E-02 -.1030E+01  .9932E+00   .9999995 -.0009697  .0000058
T 7455  1 .1985065E+07   1000170E-02  .7369E+00  .8303E+01   .9999991 -.0010743  .0008154
T 7456  1 .1991519E+07   1000109E-02 -.9912E+00  .3383E+01   .9999998 -.0001429  .0006496
T 7457  1 .1984460E+07   1000079E-02  .1723E+01  .2538E+01   .9999967  .0020777  .0014937
T 7458  1 .1985085E+07   1000176E-02 -.2541E+00 -.7267E+01   .9999998 -.0004222 -.0005175
T 7459  1 .1987551E+07   1000197E-02  .1328E+01 -.1074E+01   .9999892 -.0037890 -.0026856
T 7460  1 .1986645E+07   1000093E-02 -.9096E-03  .7465E+01   .9999970  .0002014  .0024508
T 7461  1 .1986366E+07   1000029E-02 -.3421E+01 -.8127E+00   .9999995 -.0009876 -.0002281
T 7462  1 .1980911E+07   1000129E-02 -.1248E+02  .1050E+02   .9999926 -.0027397  .0026832
T 7463  1 .1987674E+07   1000176E-02 -.1541E+02  .3019E+01   .9999825 -.0037079 -.0046136
T 7464  1 .1985387E+07   1000211E-02 -.5989E+01 -.1481E+02   .9999949 -.0005121 -.0031497
T 7465  1 .1985127E+07   1000019E-02 -.5653E+00 -.8448E+01   .9999020  .0053242 -.0129477
T 7466  1 .1981416E+07   1000122E-02  .3322E+01 -.6497E+01   .9999969  .0013613 -.0020642
T 7467  1 .1982932E+07   1000139E-02  .8212E-01  .1061E+01   .9999999 -.0002181 -.0001749
T 7468  1 .1982822E+07   1000079E-02  .2537E+02  .2993E+02   .9999194  .0070819  .0105374
T 7469  1 .1987138E+07   1000222E-02  .5920E+00 -.3681E+01   .9999989  .0000760 -.0014920
T 7470  1 .1981684E+07   1000116E-02  .1465E+02 -.3813E+00   .9999976  .0021924  .0002896
T 7471  1 .1991341E+07   1000090E-02 -.5970E+01  .3960E+01   .9999610 -.0085522  .0022198
T 7472  1 .1984498E+07   1000135E-02 -.8483E+01  .9512E+01   .9999951 -.0019302  .0024449
T 7473  1 .1985259E+07   1000196E-02  .4055E+02 -.5042E+02   .9999652  .0065486 -.0051756
T 7474  1 .1983370E+07   1000017E-02 -.4691E+01 -.7752E+00   .9999999 -.0000632 -.0001393
T 7475  1 .1984420E+07   1000143E-02 -.1076E+02  .2679E+01   .9999976 -.0021439  .0004314
T 7476  1 .1983333E+07   1000016E-02  .2859E+02 -.3871E+02   .9999068  .0090209 -.0102488
T 7477  1 .1984154E+07   1000036E-02 -.6806E+01  .1328E+01   .9999982  .0008865 -.0016863
T 7478  1 .1980001E+07   1000212E-02  .2187E+01 -.1907E+01   .9999988  .0013510 -.0007876
T 7479  1 .1984794E+07   1000225E-02 -.8577E+01 -.2404E+01   .9999854 -.0037680 -.0038825
T 7480  1 .1988083E+07   1000173E-02 -.2175E+00 -.1209E+01   .9999979  .0007259 -.0019072
T 7481  1 .1984107E+07   1000049E-02  .7761E+01  .6679E+00   .9999975  .0012368  .0018472
T 7482  1 .1987867E+07   1000145E-02 -.1125E+01  .1236E+02   .9999968 -.0007521  .0024241
T 7483  1 .1982311E+07   1000088E-02 -.2006E+01  .2256E+01   .9999993 -.0007392  .0009431
T 7484  1 .1985820E+07   1000123E-02 -.2051E+01  .3561E+01   .9999982 -.0015890  .0010813
T 7485  1 .1984898E+07   1000173E-02  .1319E+01  .1016E+01   .9999999 -.0001780  .0005167
T 7486  1 .1985082E+07   1000017E-02 -.1257E+01  .1832E+01   .9999983 -.0005641  .0017767
T 7487  1 .1986333E+07   1000140E-02  .1879E+02  .8335E+01   .9999996  .0002576  .0008308
T 7488  1 .1988141E+07   1000045E-02 -.4596E+01  .3007E+00   .9999952 -.0030992 -.0001440
T 7489  1 .1986117E+07   1000073E-02 -.3081E+01  .5037E+02   .9999772 -.0000362  .0067462
T 7490  1 .1983906E+07   1000182E-02 -.2245E+01  .3552E+01   .9999999 -.0001594  .0002919
T 7491  1 .1984672E+07   1000105E-02 -.7954E+02  .6773E+02   .9998171 -.0145231  .0124427
T 7492  1 .1989749E+07   1000208E-02 -.5112E+01 -.3418E+01   .9999974 -.0011132 -.0019745
T 7493  1 .1984243E+07   1000049E-02 -.6372E+01  .1073E+02   .9999998 -.0006884 -.0000061
T 7494  1 .1989738E+07   1000171E-02 -.1041E+02 -.2066E+01   .9999964 -.0026548 -.0002925
T 7495  1 .1984088E+07   1000198E-02  .6273E+00 -.5278E+01   .9999971  .0004953 -.0023693
T 7496  1 .1984911E+07   1000181E-02 -.6442E+01  .1094E+01   .9999990 -.0013878  .0000553
T 7497  1 .1986601E+07   1000184E-02 -.6049E+01  .5535E+01   .9999996  .0007452 -.0003831
T 7498  1 .1989391E+07   1000157E-02  .1428E+01  .2984E+02   .9999843  .0010126  .0055114
T 7499  1 .1990973E+07   1000108E-02 -.1176E+01 -.1463E+02   .9999914  .0000982 -.0041564
T 7500  1 .1988238E+07   1000157E-02  .4053E+01  .7314E+00   .9999986  .0016260  .0002857
T 7501  1 .1980104E+07   1000007E-02  .3218E+01  .1170E+02   .9999932  .0006135  .0036232
T 7502  1 .1983617E+07   1000010E-02  .3432E+01 -.5265E+01   .9999990 -.0002494 -.0014195
T 7503  1 .1980135E+07   1000031E-02  .4006E+00  .1229E+01   .9999999 -.0003733  .0003383
T 7504  1 .1983836E+07   1000145E-02 -.4409E+00  .2230E+01   .9999999  .0001171  .0001841
T 7505  1 .1992027E+07   1000145E-02  .2697E+00  .6665E+01   .9999988  .0013539  .0006836
T 7506  1 .1983796E+07   1000173E-02 -.1647E+01  .1805E+01   .9999945 -.0010954 -.0031359
T 7507  1 .1981627E+07   1000000E-02 -.2023E+01 -.8313E+01   .9999967 -.0003166 -.0025447
T 7508  1 .1983597E+07   1000160E-02  .2181E+02  .4388E+02   .9999730  .0026168  .0068737
T 7509  1 .1988207E+07   1000062E-02 -.1746E+01 -.4754E+01   .9999957 -.0014203 -.0025646
T 7510  1 .1985673E+07   1000107E-02  .1020E+00 -.6743E+00   .9999999  .0003409 -.0003033
T 7511  1 .1987927E+07   1000215E-02 -.2072E+00 -.1019E+01   .9999999  .0002164  .0002893
T 7512  1 .1988451E+07   1000222E-02  .2318E+00 -.6901E+00   .9999940  .0020067 -.0028344
T 7513  1 .1986089E+07   1000204E-02 -.3237E+02  .2225E+01   .9999865 -.0051719 -.0004810
T 7514  1 .1985962E+07   1000195E-02  .2340E+01  .1618E+01   .9999995  .0009899 -.0000371
T 7515  1 .1983114E+07   1000065E-02 -.7047E+01  .9861E+01   .9999991 -.0009550  .0009164
T 7516  1 .1989030E+07   1000159E-02 -.2417E+02  .5114E+02   .9998958 -.0058535  .0131925
T 7517  1 .1987743E+07   1000089E-02 -.3329E+01  .1710E+00   .9999987 -.0002703 -.0015648
T 7518  1 .1985615E+07   1000133E-02  .7185E+01  .4299E+01   .9999913  .0035528  .0021844
T 7519  1 .1987111E+07   1000007E-02 -.7123E+00  .7141E+01   .9999980 -.0003787  .0019867
T 7520  1 .1983988E+07   1000200E-02  .6347E+00 -.7070E+00   .9999996  .0001998 -.0008133
T 7521  1 .1990853E+07   1000216E-02 -.6428E+01 -.1092E+02   .9999394 -.0031561 -.0105431
T 7522  1 .1982312E+07   1000133E-02 -.3037E+02  .7961E+01   .9999903 -.0042953  .0009510
T 7523  1 .1990767E+07   1000057E-02  .1082E+01 -.5190E+01   .9999999 -.0001765 -.0003210
T 7524  1 .1985067E+07   1000078E-02  .1157E+01  .4591E+01   .9999977 -.0003704  .0021351
T 7525  1 .1980376E+07   1000174E-02  .3653E+02 -.9690E+02   .9999297  .0027723 -.0115283
T 7526  1 .1986933E+07   1000002E-02 -.1636E+01  .1223E+01   .9999999  .0000276 -.0001925
T 7527  1 .1989445E+07   1000106E-02 -.5032E+01  .8785E+00   .9999970 -.0008500  .0022776
T 7528  1 .1981891E+07   1000204E-02 -.1513E+02 -.1074E+02   .9999930 -.0029434 -.0023286
T 7529  1 .1988209E+07   1000170E-02 -.1092E+02  .5271E+01   .9999972 -.0016340  .0016834
T 7530  1 .1987480E+07   1000028E-02 -.6848E+01  .2484E+01   .9999988  .0000122  .0015219
T 7531  1 .1985403E+07   1000214E-02 -.2452E+01  .2158E+00   .9999994  .0005420  .0009551
T 7532  1 .1990005E+07   1000223E-02  .1347E+02 -.4840E+01   .9999954  .0027452 -.0012787
T 7533  1 .1988003E+07   1000034E-02  .1083E-01 -.4721E+01   .9999968  .0023891 -.0007791
T 7534  1 .1981653E+07   1000179E-02  .1053E+02  .8446E+01   .9999927  .0029402  .0024235
T 7535  1 .1989986E+07   1000018E-02  .2666E+02 -.5150E+01   .9999942  .0027902 -.0019592
T 7536  1 .1985191E+07   1000068E-02  .1810E+02 -.2986E+02   .9999205  .0057623 -.0112171
T 7537  1 .1984823E+07   1000191E-02  .1820E+01 -.2494E+02   .9999645  .0042327 -.0072818
T 7538  1 .1982730E+07   1000210E-02  .6766E+02 -.6194E+02   .9988507  .0353055 -.0324151
T 7539  1 .1989671E+07   1000138E-02  .2763E+01 -.1187E+02   .9999913  .0033087 -.0025324
T 7540  1 .1978109E+07   1000136E-02  .4720E+01 -.5982E+01   .9999999  .0000894  .0002328
T 7541  1 .1985564E+07   1000187E-02  .8412E+00  .1633E+00   .9999993  .0011621 -.0002179
T 7542  1 .1986229E+07   1000202E-02 -.5300E+01  .6536E+01   .9999986 -.0010750  .0013168
T 7543  1 .1985701E+07   1000201E-02  .6458E+00 -.8091E+01   .9999969  .0002044 -.0024946
T 7544  1 .1976226E+07   1000100E-02  .5884E+01  .5147E+01   .9999995  .0002242  .0009362
T 7545  1 .1978431E+07   1000167E-02 -.1513E+01 -.1603E+01   .9999995 -.0005283 -.0008057
T 7546  1 .1986023E+07   1000174E-02 -.8491E+01  .1328E+02   .9999953 -.0026281  .0015775
T 7547  1 .1985624E+07   1000156E-02  .1163E+02  .7640E+01   .9999939  .0027568  .0021328
T 7548  1 .1986575E+07   1000006E-02 -.6985E+01 -.3290E+01   .9999999  .0000966 -.0001351
T 7549  1 .1982728E+07   1000014E-02  .1243E+02  .1150E+02   .9999960  .0022648  .0017131
T 7550  1 .1982053E+07   1000139E-02 -.3799E+02 -.2218E+02   .9999697 -.0056030 -.0054010
T 7551  1 .1988101E+07   1000025E-02 -.5824E+01  .2992E+01   .9999963 -.0025346  .0010115
T 7552  1 .1983512E+07   1000008E-02  .6072E+01  .2254E+01   .9999911  .0024524  .0034221
T 7553  1 .1987287E+07   1000189E-02 -.1043E+01 -.2814E+01   .9999994 -.0007912 -.0006928
T 7554  1 .1984319E+07   1000095E-02 -.1475E+00  .7361E+01   .9999975 -.0012178  .0018519
T 7555  1 .1988339E+07   1000088E-02  .4711E+01  .4734E+01   .9999984 -.0002569  .0017557
T 7556  1 .1982187E+07   1000099E-02 -.5496E+01 -.6004E+01   .9999957 -.0015661 -.0024967
T 7557  1 .1987300E+07   1000151E-02  .1399E+02 -.6257E+01   .9999946  .0029790 -.0014092
T 7558  1 .1984281E+07   1000137E-02  .8191E+01 -.1900E+02   .9999897  .0023295 -.0038854
T 7559  1 .1984473E+07   1000223E-02  .9304E+01 -.1416E+02   .9999902  .0033879 -.0028380
T 7560  1 .1983353E+07   1000177E-02 -.1434E+02 -.4068E+01   .9999936 -.0016580  .0031783
T 7561  1 .1986512E+07   1000109E-02  .1274E+02 -.6770E+01   .9999880  .0036500 -.0032828
T 7562  1 .1984416E+07   1000004E-02  .1366E+02  .8298E+01   .9999966  .0026231  .0001002
T 7563  1 .1985174E+07   1000179E-02 -.2602E+01 -.3327E+00   .9999998 -.0004389  .0003414
T 7564  1 .1986391E+07   1000177E-02 -.2402E+02  .1243E+02   .9999745 -.0062292  .0034816
T 7565  1 .1984368E+07   1000197E-02  .1616E-01 -.2865E-01   .9999999 -.0000712 -.0000050
T 7566  1 .1987769E+07   1000119E-02 -.2618E+00 -.1087E+01   .9999999  .0002736 -.0002211
T 7567  1 .1982573E+07   1000226E-02 -.5756E+01 -.6860E+00   .9999999 -.0003207  .0004376
T 7568  1 .1986473E+07   1000221E-02 -.5500E+01 -.4523E+01   .9999973 -.0022484 -.0005422
T 7569  1 .1980274E+07   1000015E-02 -.3942E+01 -.6724E+01   .9999971  .0007823 -.0022904
T 7570  1 .1986003E+07   1000215E-02 -.9216E+00  .8666E+01   .9999999 -.0002989  .0002583
T 7571  1 .1982379E+07   1000070E-02 -.2266E+00  .2123E+02   .9999951 -.0004043  .0031202
T 7572  1 .1987110E+07   1000152E-02 -.3250E+01  .1328E+02   .9999903 -.0014295  .0041663
T 7573  1 .1988068E+07   1000095E-02  .1331E+01 -.2430E+00   .9999997  .0007109 -.0000165
T 7574  1 .1982288E+07   1000002E-02 -.2427E+02  .1669E+02   .9999844 -.0052007  .0020224
T 7575  1 .1986840E+07   1000006E-02 -.4612E+00 -.1606E+01   .9999953  .0006711 -.0029989
T 7576  1 .1985020E+07   1000205E-02 -.1077E+01  .1619E+01   .9999999  .0004461 -.0001806
T 7577  1 .1980000E+07   1000188E-02 -.9080E+01 -.8045E+01   .9999927 -.0023147 -.0030431
T 7578  1 .1984562E+07   1000006E-02  .2341E+01  .8061E+01   .9999999  .0000858  .0003354
T 7579  1 .1982362E+07   1000091E-02  .1595E+02 -.9114E+01   .9999994  .0009568 -.0005539
T 7580  1 .1984985E+07   1000114E-02 -.5726E+01 -.1518E+02   .9999940  .0008787 -.0033415
T 7581  1 .1988986E+07   1000162E-02 -.1685E+01 -.3904E+00   .9999996 -.0009297 -.0001205
T 7582  1 .1979385E+07   1000130E-02 -.6092E+01  .5270E+01   .9999969 -.0020845  .0013466
T 7583  1 .1981671E+07   1000004E-02 -.1027E+02 -.2601E+00   .9999958 -.0028922 -.0002906
T 7584  1 .1983803E+07   1000019E-02 -.1673E+00 -.1212E+02   .9999989  .0004284 -.0014013
T 7585  1 .1980928E+07   1000170E-02  .7697E+00 -.1017E+01   .9999999  .0004952 -.0002064
T 7586  1 .1983600E+07   1000180E-02 -.3616E+01 -.3153E+02   .9999934 -.0007057 -.0035696
T 7587  1 .1990884E+07   1000146E-02 -.1916E+01  .5254E+00   .9999780 -.0064969 -.0013501
T 7588  1 .1985680E+07   1000203E-02  .2615E+02 -.2284E+02   .9999631  .0037346 -.0077349
T 7589  1 .1984907E+07   1000182E-02 -.1040E+01  .6034E+00   .9999995 -.0009834  .0000275
T 7590  1 .1983506E+07   1000001E-02  .6905E+01 -.2481E+02   .9999870  .0020333 -.0046817
T 7591  1 .1989073E+07   1000221E-02 -.7319E+01  .6057E+01   .9999971 -.0022407  .0008574
T 7592  1 .1987744E+07   1000215E-02  .2678E+01 -.6714E+00   .9999989  .0014700 -.0002368
T 7593  1 .1988882E+07   1000215E-02  .1691E+01  .2521E+01   .9999985  .0009381  .0014494
T 7594  1 .1986655E+07   1000212E-02  .2602E+02 -.5576E+02   .9999634  .0012744 -.0084600
T 7595  1 .1991562E+07   1000104E-02 -.6871E+01 -.8937E+01   .9999993 -.0005190 -.0010209
T 7596  1 .1986398E+07   1000100E-02 -.4569E+01  .3529E+01   .9999997  .0000161  .0007834
T 7597  1 .1983414E+07   1000211E-02  .2624E+00 -.1287E+01   .9999999  .0003478 -.0000298
T 7598  1 .1980577E+07   1000140E-02  .1732E+02 -.1278E+02   .9999919  .0038924 -.0010232
T 7599  1 .1987559E+07   1000032E-02 -.3429E+01  .1599E+00   .9999998 -.0003323 -.0004932
T 7600  1 .1982258E+07   1000001E-02 -.1748E+00  .1107E-01   .9999994 -.0009951 -.0005033
T 7601  1 .1987050E+07   1000005E-02 -.7202E+01 -.4982E+01   .9999975 -.0022134  .0002841
T 7602  1 .1985071E+07   1000094E-02  .9365E+01  .2615E+01   .9999915  .0032518  .0025490
T 7603  1 .1989532E+07   1000097E-02  .1914E+01 -.8739E+01   .9999986  .0002449 -.0016848
T 7604  1 .1986335E+07   1000149E-02 -.1737E+02  .2813E+01   .9999953 -.0030526 -.0003498
T 7605  1 .1991466E+07   1000160E-02 -.2054E+02 -.6821E+01   .9999862 -.0045911 -.0025503
T 7606  1 .1981550E+07   1000201E-02  .4459E+01 -.4997E+01   .9999992  .0008245 -.0009639
T 7607  1 .1986888E+07   1000036E-02 -.5633E+01  .7659E+01   .9999856 -.0030149  .0044407
T 7608  1 .1985773E+07   1000123E-02  .2829E+01  .4897E+01   .9999974  .0008411  .0021239
T 7609  1 .1984393E+07   1000063E-02 -.4955E+01  .6932E+01   .9999988 -.0010078  .0011835
T 7610  1 .1986005E+07   1000076E-02  .1804E+02  .7355E+01   .9999985  .0017113  .0000188
T 7611  1 .1987072E+07   1000181E-02  .3830E+01  .1176E+02   .9999988  .0011181  .0011113
T 7612  1 .1979643E+07   1000155E-02 -.2015E+02 -.1379E+02   .9999895 -.0039973 -.0022400
T 7613  1 .1984263E+07   1000097E-02 -.1587E+01  .1280E+02   .9999908 -.0013070  .0040977
T 7614  1 .1981911E+07   1000177E-02  .1435E+02  .9120E+01   .9999937  .0030947  .0017332
T 7615  1 .1989160E+07   1000092E-02  .5272E-01  .3525E+00   .9999999  .0001826  .0005117
T 7616  1 .1988435E+07   1000114E-02 -.5191E+01 -.6790E+01   .9999980 -.0017309 -.0009963
T 7617  1 .1987754E+07   1000173E-02 -.2937E+01 -.9433E+00   .9999994 -.0008646  .0007299
T 7618  1 .1985157E+07   1000125E-02  .2219E+01  .4895E+00   .9999983  .0016303  .0008576
T 7619  1 .1980028E+07   1000207E-02  .7847E+01  .1119E+02   .9999979  .0020180  .0003910
T 7620  1 .1981033E+07   1000222E-02  .1094E+02  .7397E+01   .9999955  .0020698  .0021740
T 7621  1 .1981180E+07   1000194E-02  .3599E+01  .1215E+01   .9999968  .0024648  .0005648
T 7622  1 .1982678E+07   1000051E-02 -.5503E+01 -.6211E+00   .9999970 -.0018619 -.0015956
T 7623  1 .1983146E+07   1000211E-02  .9778E+01 -.1622E+01   .9999972  .0020365 -.0011995
T 7624  1 .1987120E+07   1000009E-02 -.1934E+01  .2577E+01   .9999975  .0012943 -.0018182
T 7625  1 .1987614E+07   1000194E-02 -.1959E+01  .1401E+01   .9999979 -.0016613  .0012214
T 7626  1 .1983295E+07   1000091E-02 -.8379E+01  .7110E+01   .9999977 -.0021389 -.0001607
T 7627  1 .1987960E+07   1000210E-02 -.1234E+01 -.1216E+02   .9999986  .0016654 -.0003154
T 7628  1 .1982821E+07   1000198E-02  .1686E+01 -.1398E+02   .9999944 -.0006242 -.0032906
T 7629  1 .1982544E+07   1000196E-02 -.2790E+02 -.1488E+02   .9999914 -.0037647 -.0017644
T 7630  1 .1981391E+07   1000025E-02  .1606E+02 -.3250E+01   .9999976  .0021586  .0003366
T 7631  1 .1984890E+07   1000165E-02  .1788E+02 -.1066E+02   .9999907  .0043150  .0000255
T 7632  1 .1982944E+07   1000088E-02  .9056E+01 -.2677E+01   .9999996  .0008494  .0001964
T 7633  1 .1983057E+07   1000152E-02 -.2661E+01  .1502E+02   .9999953 -.0016999  .0025578
T 7634  1 .1982112E+07   1000153E-02  .3648E+01  .3648E+01   .9999999 -.0000036  .0004351
T 7635  1 .1984138E+07   1000226E-02  .6962E+01  .1279E+02   .9999847  .0052911  .0016410
T 7636  1 .1984254E+07   1000073E-02 -.6156E+01 -.8495E+01   .9999923 -.0030961 -.0024124
T 7637  1 .1981900E+07   1000176E-02 -.1040E+03 -.9257E+02   .9992225 -.0289816 -.0267300
T 7638  1 .1987504E+07   1000203E-02 -.4788E+01 -.3704E+01   .9999990 -.0011597 -.0007558
T 7639  1 .1979957E+07   1000045E-02  .6397E+01 -.4625E+01   .9999987  .0011439 -.0011579
T 7640  1 .1984514E+07   1000218E-02 -.6858E+01  .2665E+01   .9999992 -.0011636 -.0004014
T 7641  1 .1982419E+07   1000170E-02  .3111E+02 -.2376E+02   .9999780  .0051292 -.0042154
T 7642  1 .1984082E+07   1000193E-02 -.2288E+02  .1211E+02   .9999891 -.0039139  .0025553
T 7643  1 .1987665E+07   1000134E-02  .2208E+02 -.1208E+01   .9999934  .0035036 -.0009741
T 7644  1 .1986317E+07   1000002E-02 -.3836E+01  .1700E+02   .9999952  .0008078  .0029936
T 7645  1 .1989274E+07   1000125E-02  .2953E+01 -.2172E+00   .9999940  .0034494  .0004405
T 7646  1 .1985611E+07   1000215E-02 -.2638E+01  .6545E+01   .9999974  .0006928  .0021601
T 7647  1 .1983997E+07   1000106E-02  .5392E+01 -.2913E+01   .9999989  .0004614 -.0013870
T 7648  1 .1982706E+07   1000217E-02 -.2615E+01  .3733E+01   .9999940 -.0022792  .0026061
T 7649  1 .1985244E+07   1000219E-02  .4772E+01  .1154E+02   .9999982  .0009724  .0016140
T 7650  1 .1981496E+07   1000167E-02  .4192E+01 -.7369E+01   .9999929  .0026920 -.0026322
T 7651  1 .1985158E+07   1000048E-02 -.5427E+00  .7573E+00   .9999978 -.0000961  .0020763
T 7652  1 .1979557E+07   1000194E-02  .1888E+02  .5071E+01   .9999837  .0055129  .0014616
T 7653  1 .1981450E+07   1000092E-02 -.2379E+01  .1189E+02   .9999986 -.0006559  .0015612
T 7654  1 .1983622E+07   1000147E-02 -.1007E+01  .6465E+00   .9999993  .0004174  .0011068
T 7655  1 .1988509E+07   1000083E-02 -.8030E+01  .3077E+01   .9999989 -.0014063  .0004613
T 7656  1 .1982146E+07   1000118E-02 -.7074E+00 -.2587E+01   .9999988 -.0007593 -.0013494
T 7657  1 .1985351E+07   1000198E-02 -.2832E+00 -.7129E+00   .9999985  .0016930 -.0003176
T 7658  1 .1980523E+07   1000021E-02  .1127E+01  .7968E+00   .9999999  .0002390 -.0000179
T 7659  1 .1986456E+07   1000143E-02  .1884E+01 -.7918E+01   .9999989  .0006272 -.0013327
T 7660  1 .1988016E+07   1000200E-02 -.2611E+02 -.1568E+02   .9999915 -.0039450 -.0011834
T 7661  1 .1980195E+07   1000031E-02  .8864E+00  .1570E+02   .9999795  .0006155  .0063735
T 7662  1 .1985753E+07   1000203E-02 -.1369E+02 -.2584E+01   .9999965 -.0025594 -.0006614
T 7663  1 .1987413E+07   1000021E-02 -.6192E+01 -.8467E+01   .9999982 -.0013426 -.0013662
T 7664  1 .1988706E+07   1000072E-02 -.3401E+01  .7714E+01   .9999980  .0005459  .0019260
T 7665  1 .1977462E+07   1000181E-02 -.1850E+02 -.1342E+02   .9999814 -.0046045 -.0039924
T 7666  1 .1983920E+07   1000161E-02  .1549E+02  .2230E+02   .9999922  .0011286  .0037831
T 7667  1 .1983379E+07   1000127E-02 -.1138E+02 -.6299E+01   .9999834 -.0055995 -.0013409
T 7668  1 .1988546E+07   1000172E-02  .3584E+01 -.7007E+00   .9999969  .0024833 -.0000493
T 7669  1 .1984596E+07   1000142E-02 -.2320E+02  .9538E+01   .9999894 -.0031613  .0033539
T 7670  1 .1984282E+07   1000203E-02 -.6345E+00  .1594E+01   .9999965  .0003678  .0026364
T 7671  1 .1983535E+07   1000164E-02 -.2586E+01 -.4769E+00   .9999998 -.0004568  .0005300
T 7672  1 .1983575E+07   1000099E-02  .2987E+01 -.1184E+02   .9999948  .0010119 -.0030556
T 7673  1 .1982921E+07   1000209E-02  .1247E-01 -.5262E+00   .9999984 -.0002125 -.0017788
T 7674  1 .1985387E+07   1000052E-02 -.7997E+01 -.3890E+01   .9999989 -.0014218 -.0004075
T 7675  1 .1985304E+07   1000145E-02  .4194E+02  .2181E+02   .9999614  .0076230  .0043616
T 7676  1 .1989395E+07   1000009E-02  .4247E+01 -.1311E+01   .9999997  .0006881 -.0002938
T 7677  1 .1986850E+07   1000184E-02 -.1668E+00 -.1438E+01   .9999983  .0010160 -.0015556
T 7678  1 .1986209E+07   1000203E-02  .7205E+01  .1385E+01   .9999990  .0014039 -.0001603
T 7679  1 .1983884E+07   1000213E-02  .1238E+00  .2057E+01   .9999982 -.0015132  .0011253
T 7680  1 .1987740E+07   1000163E-02 -.5876E+01 -.9651E+01   .9999964 -.0004946 -.0026275
T 7681  1 .1983602E+07   1000126E-02  .4001E+01  .1348E+02   .9999966  .0023256  .0012173
T 7682  1 .1985117E+07   1000178E-02 -.5075E+01 -.2597E+02   .9999678 -.0051104 -.0061832
T 7683  1 .1986289E+07   1000166E-02 -.1651E+02 -.1132E+02   .9999741 -.0057895 -.0042702
T 7684  1 .1982640E+07   1000205E-02  .1367E+01  .1674E+01   .9999999  .0003649 -.0001908
T 7685  1 .1983356E+07   1000139E-02  .9809E+01  .3950E+01   .9999995  .0009291 -.0004215
T 7686  1 .1982101E+07   1000031E-02 -.8873E+01  .1098E+02   .9999981 -.0004795  .0018690
T 7687  1 .1983219E+07   1000210E-02  .1059E+02 -.2848E+01   .9999948  .0025126  .0020090
T 7688  1 .1983186E+07   1000006E-02  .6514E+01 -.7926E+01   .9999965  .0004757 -.0026132
T 7689  1 .1979865E+07   1000028E-02  .2339E+01  .1511E+02   .9999831  .0011213  .0057030
T 7690  1 .1983469E+07   1000084E-02 -.2778E+01 -.3199E+01   .9999999  .0000880  .0003463
T 7691  1 .1983110E+07   1000182E-02  .1233E+01 -.2568E+02   .9999691 -.0012227 -.0077638
T 7692  1 .1983627E+07   1000222E-02 -.2768E+01 -.1793E+02   .9999899  .0010335 -.0043667
T 7693  1 .1980666E+07   1000081E-02  .3067E+01 -.1135E+00   .9999927  .0035501  .0014296
T 7694  1 .1988291E+07   1000008E-02 -.9998E+01  .1889E+01   .9999984 -.0014745  .0010233
T 7695  1 .1982902E+07   1000018E-02 -.7216E+01  .6126E+01   .9999951 -.0026167  .0017359
T 7696  1 .1986898E+07   1000089E-02  .5204E+01 -.3024E+01   .9999999 -.0002989 -.0000851
T 7697  1 .1988030E+07   1000182E-02  .1061E+01 -.6293E+00   .9999994  .0008348 -.0006969
T 7698  1 .1979859E+07   1000071E-02  .1130E+01 -.3739E+01   .9999999 -.0002725 -.0000204
T 7699  1 .1981385E+07   1000006E-02 -.1448E+02  .2862E+01   .9999927 -.0035853  .0013315
T 7700  1 .1985208E+07   1000174E-02 -.7381E+00 -.2676E+00   .9999997  .0006148 -.0004548
T 7701  1 .1984173E+07   1000093E-02  .3586E+01 -.1882E+01   .9999999  .0000968 -.0003158
T 7702  1 .1987960E+07   1000209E-02  .4293E+01 -.2314E+01   .9999972  .0023606 -.0001461
T 7703  1 .1990008E+07   1000017E-02  .2371E+01  .2044E+01   .9999963 -.0026337 -.0006596
T 7704  1 .1985002E+07   1000147E-02 -.1756E+00  .2979E+01   .9999999  .0001317  .0005047
T 7705  1 .1978563E+07   1000136E-02 -.9192E+00  .8764E+01   .9999968 -.0000432  .0025435
T 7706  1 .1983843E+07   1000154E-02 -.5112E+01 -.4681E+01   .9999990  .0010248  .0009862
T 7707  1 .1985310E+07   1000022E-02 -.3746E+01  .4991E+01   .9999964 -.0019718  .0018188
T 7708  1 .1984224E+07   1000003E-02  .5041E+01  .4352E+00   .9999999 -.0004668  .0000311
T 7709  1 .1983651E+07   1000073E-02 -.8943E+00 -.2889E+01   .9999987 -.0011737 -.0010901
T 7710  1 .1985511E+07   1000113E-02  .4213E+00 -.1558E+01   .9999959  .0008640 -.0027131
T 7711  1 .1981622E+07   1000043E-02  .1836E+01  .6378E-02   .9999999  .0004691  .0001882
T 7712  1 .1985447E+07   1000209E-02 -.1073E+02  .3258E+01   .9999987 -.0015247  .0005212
T 7713  1 .1987795E+07   1000130E-02 -.7039E+00  .2906E+00   .9999998 -.0003130  .0006219
T 7714  1 .1982422E+07   1000208E-02 -.6217E+01  .1456E+02   .9999990  .0002808  .0014157
T 7715  1 .1982526E+07   1000156E-02 -.1102E+01 -.2137E+00   .9999990  .0011008  .0008592
T 7716  1 .1981751E+07   1000191E-02  .2260E+01 -.6735E+00   .9999986  .0003492 -.0016661
T 7717  1 .1989881E+07   1000080E-02 -.6168E+01  .7364E+01   .9999907 -.0033836  .0026699
T 7718  1 .1982611E+07   1000102E-02 -.9994E+01 -.4156E+01   .9999830 -.0018861 -.0055228
T 7719  1 .1987831E+07   1000097E-02  .2304E+01 -.1587E+02   .9999963  .0000100 -.0027259
T 7720  1 .1980056E+07   1000139E-02 -.1044E+02  .1710E+02   .9999847 -.0038012  .0040198
T 7721  1 .1986967E+07   1000190E-02 -.1166E+01 -.5407E+01   .9999926 -.0023476 -.0030423
T 7722  1 .1978809E+07   1000166E-02 -.1161E+02  .4994E+00   .9999962 -.0027109 -.0005238
T 7723  1 .1988631E+07   1000012E-02 -.6948E+00 -.8369E+01   .9999994 -.0003844 -.0009793
T 7724  1 .1985069E+07   1000167E-02 -.6040E+00 -.3421E+02   .9999862 -.0012129 -.0051191
T 7725  1 .1984645E+07   1000024E-02  .1872E+01  .1630E+01   .9999998 -.0006166  .0001254
T 7726  1 .1980880E+07   1000194E-02 -.6538E+01  .4777E+00   .9999998 -.0005789 -.0003593
T 7727  1 .1988119E+07   1000031E-02 -.5631E+00  .1327E+01   .9999988  .0000111  .0015358
T 7728  1 .1985952E+07   1000221E-02  .2703E+02  .1866E+02   .9999868  .0040836  .0031269
T 7729  1 .1986005E+07   1000003E-02  .1358E+02 -.9911E+00   .9999937  .0035377 -.0001414
T 7730  1 .1989324E+07   1000115E-02 -.2069E+01  .7187E+01   .9999871 -.0014602  .0048666
T 7731  1 .1985644E+07   1000185E-02  .1821E+02 -.6915E+01   .9999801  .0061747 -.0012594
T 7732  1 .1985634E+07   1000225E-02 -.3164E+00 -.1170E+02   .9999924  .0004974 -.0038786
T 7733  1 .1982987E+07   1000163E-02  .6348E+02  .5349E+02   .9999324  .0066255  .0095576
T 7734  1 .1981781E+07   1000171E-02  .1340E+01 -.1041E+01   .9999998  .0005516 -.0004340
T 7735  1 .1982873E+07   1000214E-02  .1118E+02  .3663E+01   .9999991  .0012960  .0002443
T 7736  1 .1984419E+07   1000131E-02 -.2331E+01 -.2636E+01   .9999996 -.0001509  .0009123
T 7737  1 .1978947E+07   1000024E-02 -.3581E+00 -.6289E+01   .9999987 -.0010240 -.0012652
T 7738  1 .1985379E+07   1000039E-02 -.5736E+00  .6650E+01   .9999945 -.0008037  .0032028
T 7739  1 .1984405E+07   1000000E-02 -.4572E+01 -.1767E+02   .9999995 -.0004513  .0009093
T 7740  1 .1986716E+07   1000163E-02 -.8158E+01  .9345E+01   .9999960 -.0024635  .0013567
T 7741  1 .1980330E+07   1000063E-02  .1238E+02 -.1371E+02   .9999927  .0032631 -.0019810
T 7742  1 .1989571E+07   1000192E-02  .6594E+01  .2327E+00   .9999981  .0019688 -.0000760
T 7743  1 .1982219E+07   1000147E-02 -.1130E+02 -.1249E+02   .9999953 -.0016750 -.0025540
T 7744  1 .1990653E+07   1000219E-02 -.2776E+00 -.5145E+00   .9999995 -.0008189  .0005663
T 7745  1 .1985082E+07   1000183E-02 -.6149E+01  .7849E+01   .9999960 -.0013058  .0025050
T 7746  1 .1989639E+07   1000030E-02  .1315E+02  .1108E+01   .9999987  .0016302 -.0000237
T 7747  1 .1985269E+07   1000146E-02 -.2946E+01  .6558E+01   .9999996 -.0008669 -.0003423
T 7748  1 .1989232E+07   1000134E-02  .3895E+00  .7577E+01   .9999985 -.0013218  .0011328
T 7749  1 .1986610E+07   1000111E-02  .5934E+01 -.1545E+01   .9999997  .0002650 -.0007243
T 7750  1 .1986497E+07   1000195E-02  .1990E+02 -.1788E+02   .9999974  .0014728 -.0017373
T 7751  1 .1982432E+07   1000224E-02  .1533E+01 -.1411E+02   .9999934  .0015207 -.0032925
T 7752  1 .1987047E+07   1000178E-02 -.6178E+01  .1428E+02   .9999971 -.0004819  .0023655
T 7753  1 .1982179E+07   1000175E-02  .5824E+01 -.1823E+01   .9999957 -.0002439 -.0029173
T 7754  1 .1984631E+07   1000114E-02  .1035E+01  .8324E+00   .9999962  .0022669  .0015740
T 7755  1 .1989078E+07   1000113E-02 -.1115E+02  .1130E+02   .9999945 -.0020513  .0025902
T 7756  1 .1986105E+07   1000207E-02 -.5116E+01 -.5306E+01   .9999980 -.0015297 -.0012992
T 7757  1 .1985579E+07   1000045E-02  .6499E-01  .4222E+01   .9999989  .0013757  .0005484
T 7758  1 .1986069E+07   1000184E-02 -.4257E+01  .5645E+01   .9999974 -.0018405  .0013506
T 7759  1 .1982792E+07   1000219E-02  .1457E+01  .6014E+01   .9999930  .0018682  .0032426
T 7760  1 .1987012E+07   1000095E-02 -.2416E+02  .6204E+01   .9999928 -.0037775  .0003182
T 7761  1 .1981882E+07   1000098E-02  .2271E+01 -.4160E+01   .9999960  .0017459 -.0022365
T 7762  1 .1986040E+07   1000199E-02  .5266E+01  .3484E+01   .9999926  .0031580  .0022154
T 7763  1 .1981751E+07   1000211E-02 -.4619E+01  .6472E+01   .9999989  .0006994  .0013300
T 7764  1 .1981973E+07   1000055E-02  .2519E+02 -.2429E+02   .9999530  .0071549 -.0065462
T 7765  1 .1985449E+07   1000126E-02 -.3754E+02 -.2341E+02   .9999858 -.0043807 -.0030453
T 7766  1 .1985794E+07   1000005E-02  .4756E+01  .1548E+01   .9999985  .0013862  .0010413
T 7767  1 .1985333E+07   1000085E-02 -.2716E+01 -.3257E+01   .9999977 -.0008335  .0019879
T 7768  1 .1980434E+07   1000162E-02  .1221E+01  .1449E+02   .9999975  .0013399  .0017877
T 7769  1 .1988618E+07   1000192E-02  .4167E+01  .5754E+00   .9999999  .0005059 -.0000255
T 7770  1 .1987761E+07   1000001E-02  .4603E+01  .2953E+02   .9999881  .0006079  .0048369
T 7771  1 .1981357E+07   1000157E-02  .7486E+01 -.2215E+02   .9999924  .0001074 -.0038963
T 7772  1 .1988089E+07   1000088E-02  .2317E+01  .1788E+02   .9999898  .0011025  .0043755
T 7773  1 .1983628E+07   1000210E-02  .2484E+01 -.3191E+00   .9999987  .0015408  .0004856
T 7774  1 .1983893E+07   1000147E-02  .3764E+01  .1595E+01   .9999968  .0024367  .0006210
T 7775  1 .1987929E+07   1000158E-02  .1660E+01 -.1167E+02   .9999901  .0022318 -.0038390
T 7776  1 .1988067E+07   1000015E-02  .5862E+00 -.7250E+01   .9999936  .0003381 -.0035710
T 7777  1 .1985457E+07   1000169E-02  .2489E+02  .1573E+02   .9999822  .0051114  .0030850
T 7778  1 .1985652E+07   1000142E-02  .5056E+01  .6442E+01   .9999993  .0003017  .0011268
T 7779  1 .1985818E+07   1000020E-02 -.2628E+00 -.9357E+01   .9999899 -.0010675 -.0043660
T 7780  1 .1981867E+07   1000215E-02  .2800E+02 -.2456E+02   .9999770  .0043845 -.0051828
T 7781  1 .1982908E+07   1000159E-02  .3462E+01 -.1391E+01   .9999973  .0013626 -.0018871
T 7782  1 .1986227E+07   1000188E-02  .1293E+00 -.6115E+01   .9999979 -.0002013 -.0020183
T 7783  1 .1984005E+07   1000219E-02 -.6279E+00  .4034E+00   .9999997 -.0008093  .0001057
T 7784  1 .1983480E+07   1000198E-02  .7763E+00  .3428E+01   .9999978  .0004375  .0020726
T 7785  1 .1980931E+07   1000087E-02 -.1123E+02 -.2029E+02   .9999893 -.0013209 -.0044436
T 7786  1 .1979024E+07   1000118E-02 -.1234E+01 -.1136E+02   .9999973 -.0004434 -.0022630
T 7787  1 .1984815E+07   1000060E-02  .3894E+01  .1504E+01   .9999998  .0003732  .0004656
T 7788  1 .1980486E+07   1000024E-02 -.2585E+00  .1139E+00   .9999998 -.0004112  .0004535
T 7789  1 .1985327E+07   1000002E-02 -.1550E+01  .7703E+01   .9999517  .0015340  .0097129
T 7790  1 .1987459E+07   1000051E-02 -.3971E+01 -.1248E+01   .9999996 -.0008007  .0003964
T 7791  1 .1985156E+07   1000150E-02  .2056E+01  .2679E+01   .9999993  .0004803  .0010607
T 7792  1 .1985077E+07   1000051E-02 -.3150E+02  .1240E+02   .9999823 -.0054447  .0024008
T 7793  1 .1990630E+07   1000104E-02  .6961E+00  .1512E+01   .9999988  .0014779 -.0005511
T 7794  1 .1989966E+07   1000167E-02 -.1355E+02  .1416E+02   .9999713 -.0055900  .0051160
T 7795  1 .1988123E+07   1000017E-02 -.3738E+00  .3594E+01   .9999994 -.0001922  .0010922
T 7796  1 .1985489E+07   1000217E-02 -.2979E+01 -.2091E+01   .9999943 -.0026389 -.0021186
T 7797  1 .1987710E+07   1000044E-02  .5257E+01  .4281E+02   .9999725  .0007870  .0073748
T 7798  1 .1977591E+07   1000118E-02 -.8117E+01  .4253E+01   .9999980 -.0019183  .0004714
T 7799  1 .1984221E+07   1000193E-02 -.8948E+01  .1937E+01   .9999934 -.0034790  .0010831
T 7800  1 .1987256E+07   1000000E-02 -.1138E+02 -.2023E+01   .9999934 -.0036191 -.0000790
T 7801  1 .1982917E+07   1000109E-02 -.4538E+01  .6748E+01   .9999957 -.0009099  .0028045
T 7802  1 .1984280E+07   1000047E-02  .3085E+00  .1082E+02   .9999973  .0014478  .0018300
T 7803  1 .1986069E+07   1000181E-02  .5564E+01  .1198E+02   .9999931  .0012973  .0034786
T 7804  1 .1991283E+07   1000106E-02  .1477E+02 -.1536E+02   .9999899  .0022022 -.0039189
T 7805  1 .1988197E+07   1000223E-02  .2476E+01  .6064E+01   .9999990  .0001556  .0014008
T 7806  1 .1984693E+07   1000092E-02  .8529E+01  .2126E+00   .9999987  .0014088 -.0008057
T 7807  1 .1982395E+07   1000107E-02 -.2764E+01  .4795E+01   .9999997 -.0007703  .0002591
T 7808  1 .1984920E+07   1000165E-02 -.1483E+02  .6857E+01   .9999961 -.0026204  .0010120
T 7809  1 .1980766E+07   1000069E-02  .3098E+01 -.6059E+01   .9999983  .0013136 -.0012605
T 7810  1 .1985542E+07   1000135E-02 -.1991E+02 -.8459E+01   .9999934 -.0035320  .0008347
T 7811  1 .1990439E+07   1000166E-02  .3505E+00  .1430E+01   .9999999 -.0000797  .0005182
T 7812  1 .1986008E+07   1000203E-02  .4208E+01 -.3988E+01   .9999997 -.0006949 -.0002832
T 7813  1 .1987714E+07   1000225E-02 -.1486E+02  .2084E+01   .9999920 -.0039001  .0009275
T 7814  1 .1984183E+07   1000142E-02  .1044E+01  .9055E+00   .9999997 -.0006079  .0005162
T 7815  1 .1986528E+07   1000217E-02  .2530E+01  .1194E+02   .9999968  .0007210  .0024276
T 7816  1 .1984918E+07   1000124E-02  .8247E+01  .1899E+02   .9999952  .0013995  .0027596
T 7817  1 .1981269E+07   1000091E-02 -.2399E+01  .2147E+01   .9999991  .0009058  .0010187
T 7818  1 .1986020E+07   1000179E-02  .6692E+01 -.1422E+01   .9999955  .0029872  .0001086
T 7819  1 .1986311E+07   1000179E-02 -.6907E+01  .2910E+01   .9999956 -.0028770 -.0007730
T 7820  1 .1988165E+07   1000164E-02  .2181E+01 -.3818E+01   .9999960  .0021706 -.0017865
T 7821  1 .1981761E+07   1000149E-02  .5019E+01 -.2984E+01   .9999964  .0015995 -.0021448
T 7822  1 .1986654E+07   1000099E-02 -.4142E+01  .2855E+01   .9999979  .0010900  .0017530
T 7823  1 .1985524E+07   1000216E-02  .1444E+01 -.2392E+01   .9999998 -.0005263 -.0002331
T 7824  1 .1983646E+07   1000084E-02 -.7710E+01  .4647E+01   .9999986 -.0014181  .0008955
T 7825  1 .1985502E+07   1000015E-02  .2715E+01 -.1491E+01   .9999999 -.0001344  .0001857
T 7826  1 .1989118E+07   1000216E-02 -.5974E+00  .1697E+01   .9999997  .0007423 -.0002661
T 7827  1 .1980500E+07   1000219E-02  .5333E+01  .6184E+01   .9999953 -.0005109  .0030178
T 7828  1 .1982243E+07   1000223E-02 -.5760E+01 -.1892E+01   .9999970 -.0015013 -.0019277
T 7829  1 .1978425E+07   1000138E-02 -.8824E+01  .3876E+01   .9999974 -.0022540 -.0003742
T 7830  1 .1981241E+07   1000001E-02  .4819E+00  .4388E+01   .9999965 -.0007495  .0025312
T 7831  1 .1985117E+07   1000085E-02  .2710E+01  .6015E+01   .9999964  .0023162  .0013669
T 7832  1 .1985936E+07   1000110E-02  .1783E+02 -.3818E+01   .9999949  .0029665 -.0011939
T 7833  1 .1986293E+07   1000175E-02  .1031E+02  .4892E+01   .9999998 -.0005473 -.0002556
T 7834  1 .1986960E+07   1000136E-02  .3344E+01  .1004E+01   .9999983  .0014100  .0011979
T 7835  1 .1985622E+07   1000204E-02  .6616E+02  .1503E+01   .9999590  .0090578  .0000838
T 7836  1 .1984784E+07   1000047E-02 -.2438E+02  .3121E+01   .9999932 -.0035806  .0008910
T 7837  1 .1982820E+07   1000051E-02  .4089E+00 -.1691E+02   .9999924  .0015762 -.0035559
T 7838  1 .1985301E+07   1000203E-02 -.1487E+02 -.2719E+02   .9999925 -.0028131 -.0026495
T 7839  1 .1981544E+07   1000163E-02 -.8792E+01 -.2859E+01   .9999894 -.0033262 -.0031735
T 7840  1 .1980955E+07   1000063E-02  .3362E+01 -.1395E+02   .9999488  .0076367 -.0066363
T 7841  1 .1986193E+07   1000155E-02 -.1434E+01 -.5829E+01   .9999993 -.0008840  .0007660
T 7842  1 .1986081E+07   1000056E-02 -.7729E+01 -.9663E+01   .9999959 -.0019419 -.0021107
T 7843  1 .1987641E+07   1000042E-02  .3630E+01  .5839E+01   .9999959  .0014262  .0024997
T 7844  1 .1989648E+07   1000144E-02  .1068E+02 -.4492E+00   .9999939  .0029060 -.0019615
T 7845  1 .1985814E+07   1000193E-02  .1870E+01 -.7470E+01   .9999996 -.0004984 -.0008041
T 7846  1 .1979583E+07   1000169E-02 -.1180E+00  .1611E+01   .9999998 -.0005620 -.0002467
T 7847  1 .1986585E+07   1000186E-02  .4914E+01 -.4003E+01   .9999997  .0000787 -.0007768
T 7848  1 .1980581E+07   1000203E-02 -.6158E+00 -.1927E+01   .9999997 -.0005938 -.0005435
T 7849  1 .1983993E+07   1000037E-02 -.1095E+01  .4844E+00   .9999990 -.0011514  .0008449
T 7850  1 .1984061E+07   1000113E-02 -.6632E+01 -.4324E+01   .9999996 -.0006630 -.0005597
T 7851  1 .1986777E+07   1000212E-02  .5857E+01  .6614E+01   .9999978  .0020992  .0002875
T 7852  1 .1984678E+07   1000023E-02 -.4062E+00 -.2390E+01   .9999999  .0002148 -.0002472
T 7853  1 .1987291E+07   1000109E-02 -.2348E+01 -.2957E+01   .9999907 -.0030470 -.0030556
T 7854  1 .1985035E+07   1000020E-02 -.4326E+00  .2071E+01   .9999994 -.0009225  .0005377
T 7855  1 .1983947E+07   1000099E-02  .7294E+01 -.8879E+00   .9999997 -.0006061 -.0003681
T 7856  1 .1985643E+07   1000189E-02 -.3420E+01  .5114E+01   .9999975 -.0020591  .0009017
T 7857  1 .1983828E+07   1000043E-02 -.1164E+02  .1509E+01   .9999961 -.0017951  .0021327
T 7858  1 .1982875E+07   1000004E-02  .3201E+01 -.6412E+01   .9999962  .0014872 -.0023361
T 7859  1 .1985662E+07   1000211E-02 -.6071E+01  .6555E+01   .9999942 -.0030234 -.0015451
T 7860  1 .1988028E+07   1000101E-02  .2495E+01 -.9415E+00   .9999963  .0014316 -.0023064
T 7861  1 .1987271E+07   1000168E-02  .3561E+01  .1024E+02   .9999927  .0009957  .0036962
T 7862  1 .1988576E+07   1000021E-02  .3818E+01  .1811E+02   .9999923  .0008622  .0038174
T 7863  1 .1981864E+07   1000093E-02  .2426E+01 -.2549E+01   .9999973 -.0017058  .0015490
T 7864  1 .1984184E+07   1000167E-02 -.9909E+01 -.2458E+01   .9999964 -.0024121 -.0012063
T 7865  1 .1987376E+07   1000186E-02 -.1884E+02 -.2015E+01   .9999963 -.0026993 -.0003037
T 7866  1 .1985381E+07   1000090E-02 -.5075E+01 -.5291E+01   .9999967 -.0014881 -.0021055
T 7867  1 .1983991E+07   1000039E-02 -.8853E+01  .1671E+02   .9999965  .0003212  .0026148
T 7868  1 .1984350E+07   1000076E-02  .4255E+01  .1613E+01   .9999977  .0016187  .0014301
T 7869  1 .1987413E+07   1000091E-02  .4511E-01 -.1011E+02   .9999987 -.0006115 -.0014614
T 7870  1 .1984578E+07   1000169E-02 -.3946E+01 -.9363E+01   .9999956 -.0015252 -.0025551
T 7871  1 .1983271E+07   1000189E-02 -.1710E+01 -.8039E+01   .9999996 -.0008796  .0000486
T 7872  1 .1981363E+07   1000183E-02  .4412E+00 -.4594E+01   .9999938  .0011273 -.0033444
T 7873  1 .1982484E+07   1000024E-02  .4394E+01 -.1075E+02   .9999988 -.0000667 -.0015622
T 7874  1 .1986598E+07   1000140E-02 -.9889E+01 -.7960E+01   .9999236 -.0091158 -.0083447
T 7875  1 .1981657E+07   1000061E-02 -.4411E+01  .2572E+02   .9999914 -.0000513  .0041522
T 7876  1 .1987027E+07   1000225E-02  .1422E+02  .4465E+01   .9999921  .0027918  .0028290
T 7877  1 .1984619E+07   1000165E-02  .1480E+02  .9593E+01   .9999922  .0035547  .0017053
T 7878  1 .1986938E+07   1000066E-02  .1859E+01 -.1007E+02   .9999965  .0004751 -.0026082
T 7879  1 .1987318E+07   1000088E-02  .1137E+02  .2225E+02   .9999902 -.0003156  .0044205
T 7880  1 .1991046E+07   1000099E-02  .8965E+01 -.1980E+01   .9999992  .0006458 -.0010517
T 7881  1 .1983333E+07   1000122E-02 -.1527E+02 -.2362E+01   .9999969 -.0002577  .0024626
T 7882  1 .1985249E+07   1000180E-02 -.3413E+01  .5230E+01   .9999984 -.0003040  .0017411
T 7883  1 .1986936E+07   1000216E-02 -.4294E+01 -.2497E+01   .9999971 -.0013172 -.0020307
T 7884  1 .1981908E+07   1000188E-02  .2175E+01 -.1999E+02   .9999957 -.0015120 -.0025257
T 7885  1 .1989201E+07   1000165E-02 -.9367E+01  .1119E+01   .9999967 -.0025656  .0000846
T 7886  1 .1984385E+07   1000205E-02 -.8865E+00  .2803E+01   .9999886  .0007700  .0047055
T 7887  1 .1985062E+07   1000024E-02  .6813E+01  .1525E+01   .9999999 -.0000419  .0000325
T 7888  1 .1981881E+07   1000091E-02 -.1056E+02  .2878E+01   .9999976 -.0021283  .0005197
T 7889  1 .1985922E+07   1000173E-02 -.3413E+01  .1757E+01   .9999971 -.0014353  .0019133
T 7890  1 .1983489E+07   1000221E-02 -.7268E+01 -.7940E+00   .9999994 -.0011312 -.0001374
T 7891  1 .1983637E+07   1000015E-02 -.1669E+01  .5227E+01   .9999946 -.0004226  .0032440
T 7892  1 .1989668E+07   1000075E-02 -.1268E+01 -.1236E+01   .9999982  .0010019 -.0015991
T 7893  1 .1986134E+07   1000052E-02  .5656E+01  .3397E+01   .9999970  .0012687  .0020936
T 7894  1 .1979960E+07   1000042E-02  .1551E+01 -.9099E+00   .9999883  .0047522  .0009097
T 7895  1 .1982564E+07   1000145E-02 -.3806E+01  .2998E+01   .9999946 -.0028257  .0016504
T 7896  1 .1986104E+07   1000025E-02  .6957E+01 -.1108E+02   .9999991  .0009256 -.0009566
T 7897  1 .1988525E+07   1000189E-02  .1372E+01 -.6881E+01   .9999789  .0012805 -.0063686
T 7898  1 .1983403E+07   1000008E-02  .2836E+02  .9871E+01   .9999537  .0091328  .0030426
T 7899  1 .1984167E+07   1000163E-02  .8373E+01  .9197E+01   .9999992  .0011339  .0005271
T 7900  1 .1984764E+07   1000145E-02  .6460E+01 -.5837E+01   .9999969  .0023353 -.0009000
T 7901  1 .1985048E+07   1000028E-02 -.1674E+02 -.1278E+02   .9999917 -.0029331 -.0028103
T 7902  1 .1986541E+07   1000056E-02 -.8909E+00 -.1253E+02   .9999983  .0011018 -.0014949
T 7903  1 .1989499E+07   1000178E-02  .3577E+01  .1087E+02   .9999973  .0021677  .0008565
T 7904  1 .1986225E+07   1000199E-02 -.3756E+01 -.6884E+01   .9999981 -.0000807 -.0019576
T 7905  1 .1982521E+07   1000094E-02  .1739E+02  .3445E+00   .9999923  .0039253 -.0001056
T 7906  1 .1982664E+07   1000217E-02 -.1741E+01  .3198E+02   .9999925  .0002071  .0038644
T 7907  1 .1983883E+07   1000145E-02 -.2390E+02 -.2904E+02   .9999797 -.0033410 -.0054205
T 7908  1 .1988662E+07   1000221E-02 -.1995E+01 -.2022E+00   .9999966 -.0014406 -.0021601
T 7909  1 .1985268E+07   1000086E-02  .1193E+02 -.1300E+02   .9999953  .0026289 -.0015759
T 7910  1 .1982204E+07   1000074E-02 -.2751E+01 -.4218E+01   .9999993 -.0011434  .0001372
T 7911  1 .1983087E+07   1000092E-02  .2204E+01 -.9022E+01   .9999983  .0005197 -.0017419
T 7912  1 .1989247E+07   1000196E-02 -.2038E+01  .1394E+02   .9999977 -.0014446  .0015568
T 7913  1 .1989795E+07   1000031E-02 -.5866E+01 -.3480E+01   .9999976 -.0021343  .0004889
T 7914  1 .1981742E+07   1000061E-02 -.2339E+01 -.1862E+01   .9999988 -.0015632 -.0000105
T 7915  1 .1986386E+07   1000079E-02  .2617E+02 -.1182E+02   .9999755  .0065599 -.0024330
T 7916  1 .1987285E+07   1000111E-02 -.1431E+00 -.6622E+01   .9999977 -.0018663 -.0010735
T 7917  1 .1985644E+07   1000130E-02 -.4813E+01 -.4191E+01   .9999986 -.0015817 -.0006207
T 7918  1 .1980522E+07   1000036E-02 -.1760E+01 -.2766E+02   .9999579 -.0016004 -.0090348
T 7919  1 .1985235E+07   1000123E-02  .5405E+01 -.3772E+01   .9999979  .0019708 -.0006023
T 7920  1 .1983014E+07   1000223E-02  .5383E+01 -.1021E+02   .9999965 -.0002499 -.0026323
T 7921  1 .1987865E+07   1000153E-02 -.4437E+01  .8599E+01   .9999964 -.0006296  .0026074
T 7922  1 .1983620E+07   1000181E-02 -.7436E+00  .8298E+01   .9999968 -.0017761  .0017784
T 7923  1 .1986668E+07   1000049E-02  .4059E+01  .1890E+01   .9999974  .0012746  .0018996
T 7924  1 .1982174E+07   1000056E-02  .7691E+01  .8294E+01   .9999963  .0017141  .0021322
T 7925  1 .1984105E+07   1000152E-02  .4237E+01  .7030E+01   .9999952  .0028156  .0012955
T 7926  1 .1982974E+07   1000135E-02  .6049E+01 -.1431E+01   .9999958  .0023269 -.0017171
T 7927  1 .1980196E+07   1000022E-02 -.2546E+00  .8056E+00   .9999995  .0006724  .0007983
T 7928  1 .1983448E+07   1000001E-02  .5237E+02 -.7477E+02   .9997379  .0138412 -.0182360
T 7929  1 .1982372E+07   1000087E-02 -.1187E+02  .8186E+00   .9999993 -.0011704  .0001553
T 7930  1 .1983872E+07   1000162E-02  .1346E+02  .3669E+02   .9999953  .0010632  .0028684
T 7931  1 .1987004E+07   1000137E-02  .1594E+02  .3625E+01   .9999915  .0036767  .0018440
T 7932  1 .1979655E+07   1000160E-02  .3841E+01 -.2518E+01   .9999759 -.0050252 -.0047997
T 7933  1 .1987576E+07   1000114E-02 -.1402E+02  .6137E+00   .9999955 -.0029879 -.0000131
T 7934  1 .1988315E+07   1000166E-02 -.9234E+01  .7889E+01   .9999966 -.0023332  .0011213
T 7935  1 .1979864E+07   1000144E-02 -.3169E+02 -.1696E+02   .9999066 -.0121929 -.0061733
T 7936  1 .1984556E+07   1000157E-02 -.4497E+01  .6577E+01   .9999975 -.0009195  .0020406
T 7937  1 .1985613E+07   1000003E-02 -.6556E+01  .6585E+01   .9999882 -.0045665 -.0016861
T 7938  1 .1982031E+07   1000124E-02  .1073E+02 -.5198E+01   .9999983  .0016226  .0008676
T 7939  1 .1981840E+07   1000219E-02  .2162E+01  .4718E+01   .9999992 -.0006674 -.0010521
T 7940  1 .1981657E+07   1000047E-02  .1137E+02  .1254E+01   .9999974  .0022448 -.0002521
T 7941  1 .1981413E+07   1000067E-02 -.4172E+01  .5324E-01   .9999984 -.0017630  .0003580
T 7942  1 .1988805E+07   1000220E-02 -.4351E-01 -.9711E+01   .9999976  .0005644 -.0021060
T 7943  1 .1990836E+07   1000036E-02  .1426E+02  .2082E+02   .9999813  .0010403  .0060339
T 7944  1 .1982211E+07   1000160E-02 -.1353E+01 -.1504E+00   .9999993 -.0006340  .0009810
T 7945  1 .1986981E+07   1000218E-02 -.3311E+01 -.8340E+00   .9999989 -.0014613  .0001400
T 7946  1 .1988276E+07   1000039E-02 -.7871E+00  .1265E+02   .9999973 -.0001019  .0023324
T 7947  1 .1981389E+07   1000061E-02  .7725E+01  .6672E+01   .9999960  .0012448  .0025367
T 7948  1 .1986298E+07   1000219E-02 -.1368E+01 -.6226E+01   .9999989 -.0007767 -.0012342
T 7949  1 .1982713E+07   1000190E-02 -.4118E+01 -.3006E+01   .9999928 -.0033139 -.0018682
T 7950  1 .1980714E+07   1000169E-02  .1361E+02  .5418E+01   .9999931  .0031549  .0019828
T 7951  1 .1989867E+07   1000065E-02 -.1313E+01  .1113E+01   .9999999  .0005082  .0000730
T 7952  1 .1982459E+07   1000193E-02  .9418E+01 -.7123E+00   .9999948  .0021682  .0023838
T 7953  1 .1982414E+07   1000003E-02  .3827E+00 -.2049E+01   .9999991  .0007203 -.0010955
T 7954  1 .1982314E+07   1000087E-02 -.3759E+01  .9409E+00   .9999996 -.0005556  .0007586
T 7955  1 .1990628E+07   1000216E-02 -.2822E+01  .6083E+00   .9999999  .0003614 -.0002268
T 7956  1 .1984233E+07   1000057E-02 -.3388E+01  .3769E+01   .9999957 -.0025040  .0015222
T 7957  1 .1983489E+07   1000028E-02 -.2431E-01  .3017E+01   .9999973 -.0023140 -.0002026
T 7958  1 .1982802E+07   1000176E-02  .1592E+02  .1460E+01   .9999959  .0028499  .0001614
T 7959  1 .1986520E+07   1000127E-02 -.1408E+01  .1090E+01   .9999995 -.0006153  .0007950
T 7960  1 .1987248E+07   1000179E-02  .1769E+01 -.1358E+02   .9999894 -.0016702 -.0042858
T 7961  1 .1986875E+07   1000038E-02  .2965E+01  .2869E+00   .9999933  .0036519 -.0000883
T 7962  1 .1988135E+07   1000188E-02 -.1277E+01  .6306E+00   .9999999  .0000154 -.0002050
T 7963  1 .1986314E+07   1000122E-02 -.3099E+01  .5184E+01   .9999975 -.0013345  .0017686
T 7964  1 .1979100E+07   1000149E-02  .1116E+02 -.2791E+01   .9999924  .0038936 -.0002361
T 7965  1 .1976306E+07   1000062E-02  .3322E+00 -.2935E+01   .9999993 -.0010180 -.0006534
T 7966  1 .1982946E+07   1000192E-02 -.3886E+01  .4808E+01   .9999825 -.0016607  .0056773
T 7967  1 .1985704E+07   1000217E-02 -.4637E+01  .4361E+01   .9999977 -.0021214 -.0004311
T 7968  1 .1982903E+07   1000214E-02  .3235E+01  .1562E+02   .9999655  .0007645  .0082746
T 7969  1 .1985562E+07   1000147E-02 -.1987E+01 -.4326E+01   .9999853 -.0011547 -.0052959
T 7970  1 .1983432E+07   1000213E-02 -.1183E+01  .6841E+01   .9999984 -.0017510  .0003250
T 7971  1 .1989593E+07   1000126E-02  .5635E+01  .6849E+00   .9999983  .0015889  .0008896
T 7972  1 .1984274E+07   1000006E-02  .1899E+01 -.6193E+00   .9999985  .0017087 -.0003419
T 7973  1 .1985862E+07   1000099E-02  .1021E+01 -.6128E+00   .9999995  .0005477 -.0007944
T 7974  1 .1984314E+07   1000034E-02  .2563E+01 -.6266E+01   .9999971  .0008124 -.0022848
T 7975  1 .1985923E+07   1000078E-02  .1601E+02 -.6436E+01   .9999918  .0039305  .0009802
T 7976  1 .1982224E+07   1000215E-02 -.1309E+02 -.3130E+00   .9999972 -.0023434  .0003447
T 7977  1 .1983371E+07   1000091E-02  .1894E+00  .9556E+00   .9999995  .0006205  .0008371
T 7978  1 .1979178E+07   1000011E-02 -.7119E+00 -.3353E+01   .9999835 -.0010420 -.0056571
T 7979  1 .1984839E+07   1000122E-02  .6744E+01 -.6940E+00   .9999993 -.0003637  .0011118
T 7980  1 .1984659E+07   1000181E-02 -.5845E+01  .4856E+01   .9999960 -.0021814  .0018093
T 7981  1 .1984777E+07   1000180E-02 -.5774E+01 -.2582E+02   .9999836  .0014397 -.0055495
T 7982  1 .1987896E+07   1000087E-02  .2564E+01 -.3217E+01   .9999992  .0011695 -.0003737
T 7983  1 .1983157E+07   1000008E-02  .1872E+01  .3823E+00   .9999977  .0015393  .0014989
T 7984  1 .1985410E+07   1000196E-02  .2556E+01 -.2175E+02   .9999297  .0023912 -.0116135
T 7985  1 .1986974E+07   1000103E-02  .2074E+01  .3875E-02   .9999998 -.0001968  .0006426
T 7986  1 .1985541E+07   1000221E-02  .3689E+01  .6778E+01   .9999997  .0002406 -.0007392
T 7987  1 .1984444E+07   1000175E-02 -.8293E+01 -.4412E+01   .9999948 -.0029122 -.0013962
T 7988  1 .1990611E+07   1000058E-02 -.2027E+02  .4465E+02   .9999569 -.0038814  .0084389
T 7989  1 .1983946E+07   1000184E-02 -.1458E+02 -.2363E+01   .9999913 -.0040019 -.0011528
T 7990  1 .1986180E+07   1000141E-02  .1834E+02  .1818E+02   .9999950  .0026127  .0017656
T 7991  1 .1985231E+07   1000174E-02 -.6661E+01  .5862E+01   .9999994  .0004066  .0010531
T 7992  1 .1984163E+07   1000193E-02  .1343E+00  .1238E+01   .9999976 -.0021142  .0005661
T 7993  1 .1991087E+07   1000043E-02  .2223E+01  .3762E+01   .9999996  .0006630  .0005587
T 7994  1 .1986551E+07   1000008E-02  .1842E+02  .1386E+02   .9999919  .0005994  .0039684
T 7995  1 .1986085E+07   1000161E-02 -.9361E+01 -.6176E+01   .9999981 -.0012827 -.0015011
T 7996  1 .1990923E+07   1000025E-02 -.2895E+01 -.1045E+02   .9999969 -.0022864 -.0010355
T 7997  1 .1987211E+07   1000096E-02  .3716E+01  .3559E+01   .9999586  .0086175 -.0029227
T 7998  1 .1984508E+07   1000129E-02  .6075E+02 -.1177E+02   .9999287  .0117990 -.0018218
T 7999  1 .1985138E+07   1000227E-02  .3964E+02  .6536E+01   .9999406  .0108537  .0010341
T 8000  1 .1983402E+07   1000110E-02  .1567E+02  .1155E+02   .9999890  .0016832  .0043685
T 8001  1 .1985155E+07   1000005E-02  .4763E+01  .5462E+00   .9999970  .0020346  .0013525
T 8002  1 .1985588E+07   1000116E-02 -.3706E+01 -.2591E+01   .9999986 -.0015838 -.0005532
T 8003  1 .1986919E+07   1000209E-02  .4577E+02 -.4041E+02   .9999037  .0112696 -.0081011
T 8004  1 .1981967E+07   1000146E-02  .9489E+00 -.3467E+01   .9999990  .0007854 -.0011674
T 8005  1 .1988187E+07   1000043E-02 -.3303E+01  .7251E+00   .9999983 -.0009244  .0015885
T 8006  1 .1983857E+07   1000123E-02  .5588E+00 -.1733E+02   .9999957 -.0010798 -.0027113
T 8007  1 .1984903E+07   1000203E-02 -.1760E+02 -.1132E+02   .9999954 -.0021211 -.0021719
T 8008  1 .1986266E+07   1000196E-02 -.4592E+01 -.9961E+01   .9999969 -.0013703 -.0020932
T 8009  1 .1984668E+07   1000169E-02 -.5519E+01  .3339E+01   .9999999  .0001819  .0000645
T 8010  1 .1988181E+07   1000100E-02  .1143E+01  .2704E+01   .9999996  .0009260  .0000598
T 8011  1 .1985418E+07   1000094E-02 -.7622E+01  .1142E+03   .9998229 -.0024684  .0186576
T 8012  1 .1988522E+07   1000017E-02 -.4297E+01 -.3665E+01   .9999972 -.0015388 -.0018111
T 8013  1 .1983322E+07   1000002E-02 -.7895E+00  .8969E+01   .9999960  .0010594  .0026067
T 8014  1 .1989444E+07   1000167E-02  .1542E+02 -.1784E+01   .9999984  .0014848 -.0010242
T 8015  1 .1980001E+07   1000110E-02 -.3653E+01 -.3576E+01   .9999975 -.0019131 -.0011748
T 8016  1 .1984158E+07   1000136E-02 -.9137E+01 -.7762E+01   .9999866 -.0028907 -.0042972
T 8017  1 .1986180E+07   1000154E-02 -.2356E+01 -.4172E+02   .9999711  .0006735 -.0075752
T 8018  1 .1987771E+07   1000017E-02 -.6046E+01 -.8571E+01   .9999995 -.0004228 -.0008601
T 8019  1 .1986831E+07   1000118E-02  .1241E+01 -.7170E+01   .9999995  .0009117  .0004451
T 8020  1 .1988843E+07   1000162E-02 -.1264E+02  .1323E+02   .9999903 -.0035832  .0025769
T 8021  1 .1980064E+07   1000122E-02 -.1142E+02 -.5531E+01   .9999964 -.0024263 -.0011643
T 8022  1 .1989641E+07   1000031E-02  .1274E+02  .2357E+01   .9999895  .0025561 -.0038029
T 8023  1 .1985584E+07   1000023E-02  .1497E+02 -.1058E+02   .9999886  .0042664 -.0021518
T 8024  1 .1987745E+07   1000104E-02  .1321E+01  .2702E+01   .9999977  .0008298  .0019830
T 8025  1 .1986527E+07   1000102E-02 -.4696E+01 -.5039E+01   .9999954 -.0018126 -.0024383
T 8026  1 .1980336E+07   1000141E-02  .2548E+02 -.7017E+01   .9999920  .0039524  .0006538
T 8027  1 .1983385E+07   1000013E-02 -.6660E+01 -.4114E+01   .9999949 -.0027381 -.0016550
T 8028  1 .1984771E+07   1000015E-02  .1598E+01  .3105E+02   .9999756 -.0008919  .0069308
T 8029  1 .1986563E+07   1000143E-02 -.1829E+01  .7893E+00   .9999999 -.0003876 -.0000462
T 8030  1 .1988303E+07   1000007E-02 -.2280E+01  .3068E+01   .9999993 -.0009780  .0007342
T 8031  1 .1980512E+07   1000052E-02 -.1584E+01  .1472E+02   .9999975 -.0001219  .0022493
T 8032  1 .1982783E+07   1000055E-02 -.7754E+01 -.9085E+01   .9999969 -.0023874  .0007356
T 8033  1 .1986652E+07   1000013E-02  .8208E+01 -.2015E+02   .9999888  .0012286 -.0045796
T 8034  1 .1982144E+07   1000126E-02 -.4094E+01 -.7704E+01   .9999998 -.0004429 -.0005309
T 8035  1 .1983569E+07   1000080E-02  .6474E+01 -.9253E+00   .9999997  .0007607 -.0002753
T 8036  1 .1988337E+07   1000117E-02  .4593E+01  .7000E+01   .9999976  .0021288  .0004981
T 8037  1 .1981086E+07   1000050E-02  .1033E+02 -.2686E+01   .9999960  .0028363 -.0000212
T 8038  1 .1987322E+07   1000165E-02  .9299E+00 -.2740E+00   .9999989  .0000465  .0014545
T 8039  1 .1988965E+07   1000212E-02  .1261E+02 -.2805E+01   .9999824  .0053809 -.0025077
T 8040  1 .1989171E+07   1000188E-02 -.1400E+01 -.1723E+01   .9999935 -.0018987 -.0030675
T 8041  1 .1985644E+07   1000063E-02 -.4199E+01  .6069E+00   .9999995 -.0009845  .0000433
T 8042  1 .1986300E+07   1000165E-02  .9144E+00  .4371E+00   .9999790  .0002789  .0064775
T 8043  1 .1981714E+07   1000002E-02 -.8719E+01  .1294E+02   .9999994  .0010035  .0005348
T 8044  1 .1987326E+07   1000108E-02 -.1036E+02 -.1642E+01   .9999946 -.0031385 -.0009891
T 8045  1 .1979295E+07   1000115E-02 -.7716E+00  .3727E+00   .9999998 -.0000805  .0006248
T 8046  1 .1985488E+07   1000078E-02  .2127E+01 -.4745E+01   .9999994  .0004688 -.0009385
T 8047  1 .1986102E+07   1000205E-02  .2452E+01  .1479E+01   .9999967  .0016534  .0019781
T 8048  1 .1984880E+07   1000184E-02  .5809E+01  .1007E+02   .9999978  .0011224  .0017937
T 8049  1 .1989837E+07   1000155E-02  .8888E+01 -.6701E+01   .9999885  .0010839 -.0046628
T 8050  1 .1986553E+07   1000111E-02 -.2085E+03 -.6010E+02   .9996538 -.0250305 -.0081097
T 8051  1 .1986789E+07   1000142E-02 -.8534E+01  .3147E+01   .9999982 -.0015862  .0010278
T 8052  1 .1980897E+07   1000182E-02  .4991E+01  .2740E+01   .9999924  .0034229  .0018575
T 8053  1 .1985776E+07   1000083E-02 -.2306E+00 -.1411E+01   .9999995 -.0009068 -.0004082
T 8054  1 .1977984E+07   1000098E-02  .7148E+00 -.1557E+02   .9999978  .0002339 -.0021002
T 8055  1 .1983236E+07   1000163E-02  .1251E+02  .1275E+02   .9999845  .0042098  .0036377
T 8056  1 .1981923E+07   1000110E-02  .3140E+01 -.3919E+01   .9999978  .0011731 -.0017400
T 8057  1 .1984376E+07   1000150E-02  .1337E+02 -.1787E+02   .9999930  .0004167 -.0037106
T 8058  1 .1980837E+07   1000199E-02  .2778E+01  .2590E+01   .9999950  .0031506  .0003857
T 8059  1 .1986096E+07   1000197E-02 -.1764E+01  .8943E+00   .9999994 -.0006127  .0008894
T 8060  1 .1986003E+07   1000203E-02  .1478E+01 -.1830E+00   .9999997 -.0007572  .0002972
T 8061  1 .1984523E+07   1000107E-02 -.5187E+01  .1918E+01   .9999992 -.0007931 -.0009522
T 8062  1 .1986103E+07   1000205E-02 -.9514E+01  .9463E+01   .9999863 -.0019918  .0048365
T 8063  1 .1985977E+07   1000156E-02  .2988E+02  .1565E+02   .9999802  .0048967  .0039546
T 8064  1 .1985681E+07   1000210E-02  .7127E+01 -.5525E+00   .9999999  .0000282  .0001681
T 8065  1 .1987442E+07   1000212E-02  .1072E+02  .6072E+01   .9999961  .0025575  .0011647
T 8066  1 .1980797E+07   1000008E-02 -.9410E+01  .7044E+01   .9999954 -.0024048  .0018580
T 8067  1 .1987847E+07   1000178E-02  .9609E+00  .3858E+00   .9999994  .0010791  .0001819
T 8068  1 .1979979E+07   1000005E-02 -.1017E+01 -.1245E+01   .9999996 -.0005363 -.0007466
T 8069  1 .1989224E+07   1000185E-02 -.1977E+01  .3746E+01   .9999994  .0003363  .0010552
T 8070  1 .1989781E+07   1000062E-02  .6659E+01  .1254E+02   .9999987 -.0003961  .0015418
T 8071  1 .1982256E+07   1000085E-02  .2110E+01  .1494E+01   .9999998  .0006067  .0002453
T 8072  1 .1983378E+07   1000130E-02 -.4773E+01  .1239E+02   .9999957  .0004711  .0028893
T 8073  1 .1986879E+07   1000057E-02 -.4004E+01  .6072E+01   .9999993 -.0005116  .0010981
T 8074  1 .1986717E+07   1000088E-02  .5112E+00  .1671E+01   .9999972  .0006770  .0022808
T 8075  1 .1984068E+07   1000128E-02  .6636E-01 -.3216E+00   .9999997  .0002376 -.0007118
T 8076  1 .1983367E+07   1000210E-02  .4974E+01 -.2350E+01   .9999985  .0012234 -.0012074
T 8077  1 .1983836E+07   1000200E-02  .1023E+02  .1342E+01   .9999946  .0029432  .0014612
T 8078  1 .1992058E+07   1000224E-02  .8072E+01  .4371E+01   .9999971  .0019776 -.0013992
T 8079  1 .1988011E+07   1000197E-02 -.4208E+01  .7087E-01   .9999990 -.0011152 -.0009047
T 8080  1 .1981504E+07   1000003E-02  .9875E+01 -.3081E+01   .9999928  .0038000  .0002274
T 8081  1 .1985723E+07   1000028E-02 -.1763E+02 -.5922E+01   .9999987 -.0015972  .0001954
T 8082  1 .1982042E+07   1000118E-02 -.4723E+01  .8852E+01   .9999957  .0008017  .0028251
T 8083  1 .1985958E+07   1000104E-02 -.1236E+01  .1823E+00   .9999999  .0002635  .0002325
T 8084  1 .1983608E+07   1000032E-02  .1717E+01 -.2781E+01   .9999975  .0007657 -.0020901
T 8085  1 .1986239E+07   1000171E-02  .1269E+02  .2169E+02   .9999698  .0042945  .0064834
T 8086  1 .1987699E+07   1000176E-02  .9153E+01 -.4232E+01   .9999915  .0039626 -.0011635
T 8087  1 .1984777E+07   1000155E-02  .2161E+01  .1814E+01   .9999993  .0002577  .0011948
T 8088  1 .1984027E+07   1000213E-02  .6481E+01 -.4747E+01   .9999981  .0019210 -.0004332
T 8089  1 .1986966E+07   1000108E-02 -.3716E+01  .2122E+02   .9999869  .0017507  .0048177
T 8090  1 .1987238E+07   1000086E-02 -.1081E+02 -.5095E+01   .9999983 -.0017571 -.0005785
T 8091  1 .1984515E+07   1000009E-02  .2159E+01  .3938E+01   .9999984  .0015030  .0009291
T 8092  1 .1981901E+07   1000026E-02  .1444E+02 -.5042E+01   .9999954  .0030274 -.0001203
T 8093  1 .1981517E+07   1000001E-02  .2484E+01 -.4945E+01   .9999980  .0016635  .0011065
T 8094  1 .1989912E+07   1000221E-02  .3342E+01 -.1121E+01   .9999989 -.0003433 -.0014351
T 8095  1 .1982882E+07   1000004E-02  .8431E+00 -.2194E+01   .9999998 -.0003190 -.0004713
T 8096  1 .1984551E+07   1000214E-02 -.1404E+02 -.6465E+01   .9999981 -.0018499 -.0005273
T 8097  1 .1986865E+07   1000118E-02  .5598E+00  .2106E+02   .9999512  .0014363  .0097743
T 8098  1 .1984921E+07   1000112E-02 -.9453E+01 -.1116E+02   .9999550 -.0005418 -.0094736
T 8099  1 .1988279E+07   1000216E-02  .3381E+01  .4898E+01   .9999979  .0014811  .0014405
T 8100  1 .1984339E+07   1000094E-02 -.4118E+01 -.4847E+01   .9999975 -.0014690 -.0016910
T 8101  1 .1979288E+07   1000043E-02 -.8966E+01 -.8180E+00   .9999981 -.0017413 -.0008828
T 8102  1 .1985256E+07   1000005E-02  .4781E+01  .1019E+02   .9999988  .0009838  .0011862
T 8103  1 .1981570E+07   1000044E-02  .1145E+02  .3374E+01   .9999964  .0025613  .0008396
T 8104  1 .1987537E+07   1000165E-02 -.2444E+01  .3366E-01   .9999954 -.0020846  .0022023
T 8105  1 .1987883E+07   1000170E-02 -.7316E+00  .7886E+00   .9999999 -.0001627  .0003456
T 8106  1 .1986344E+07   1000015E-02 -.7001E+01 -.5038E+02   .9997669 -.0038960 -.0212376
T 8107  1 .1984819E+07   1000220E-02 -.4245E+01 -.5398E+01   .9999988 -.0009358 -.0012500
T 8108  1 .1986079E+07   1000051E-02  .1013E+01  .4923E+01   .9999979 -.0006984  .0019033
T 8109  1 .1986042E+07   1000166E-02  .6419E-01  .1466E+02   .9999845  .0011555  .0054470
T 8110  1 .1987489E+07   1000028E-02  .1827E+01 -.6588E+01   .9999904  .0009492 -.0042852
T 8111  1 .1987011E+07   1000177E-02 -.2450E+01  .9061E+01   .9999997 -.0005959 -.0004112
T 8112  1 .1982158E+07   1000035E-02  .3472E+01  .2282E+01   .9999996  .0009198 -.0001114
T 8113  1 .1982767E+07   1000144E-02  .1649E+02 -.7971E+01   .9999913  .0034580  .0023407
T 8114  1 .1982644E+07   1000042E-02  .5999E+01  .5960E+01   .9999951  .0020956  .0023340
T 8115  1 .1988581E+07   1000096E-02 -.4168E+00  .1241E+02   .9999987 -.0005032  .0015593
T 8116  1 .1983839E+07   1000163E-02 -.6608E+01 -.1873E+01   .9999941 -.0034031 -.0004483
T 8117  1 .1988208E+07   1000162E-02  .1455E+01 -.8525E+01   .9999983 -.0008062 -.0016449
T 8118  1 .1988591E+07   1000193E-02 -.5243E+01  .4088E+01   .9999981 -.0007078  .0018121
T 8119  1 .1987765E+07   1000134E-02  .2109E+01 -.1088E+02   .9999943  .0001782 -.0033632
T 8120  1 .1986747E+07   1000206E-02 -.5230E+01 -.1432E+02   .9999952 -.0002410 -.0030994
T 8121  1 .1983088E+07   1000213E-02  .1846E+02 -.5643E+01   .9999784  .0060956 -.0024652
T 8122  1 .1988329E+07   1000054E-02  .1142E+02  .9273E+01   .9999972  .0018607  .0014744
T 8123  1 .1981632E+07   1000215E-02  .4951E+01 -.3052E+01   .9999982  .0018913 -.0001860
T 8124  1 .1983869E+07   1000109E-02  .1389E+01 -.7495E+01   .9999956 -.0028314 -.0009190
T 8125  1 .1980579E+07   1000074E-02 -.1547E+02  .3262E+01   .9999902 -.0042001  .0014042
T 8126  1 .1985331E+07   1000139E-02 -.2877E+01 -.8098E+01   .9999995  .0010023 -.0000866
T 8127  1 .1982845E+07   1000221E-02  .2212E+01  .1008E+02   .9999892  .0018786  .0042416
T 8128  1 .1985021E+07   1000116E-02 -.1103E+02  .6067E+01   .9999955 -.0014620  .0026248
T 8129  1 .1984864E+07   1000022E-02  .1640E+00 -.7053E+01   .9999970 -.0008280 -.0023058
T 8130  1 .1978661E+07   1000179E-02  .4712E-01 -.8300E+01   .9999990  .0011183  .0008263
T 8131  1 .1984638E+07   1000204E-02 -.3601E+01  .7903E+01   .9999980  .0007973  .0018246
T 8132  1 .1985832E+07   1000085E-02  .1358E+01 -.9296E+01   .9999936  .0007871 -.0034920
T 8133  1 .1982228E+07   1000144E-02  .8591E+00 -.3522E+01   .9999985  .0005716 -.0016506
T 8134  1 .1987279E+07   1000048E-02  .1383E+02 -.1400E+02   .9999944  .0015208 -.0029911
T 8135  1 .1980551E+07   1000118E-02  .4973E+01 -.1149E+01   .9999995  .0009229 -.0004232
T 8136  1 .1982919E+07   1000154E-02  .1793E+02 -.7335E+01   .9999940  .0020768 -.0027704
T 8137  1 .1986235E+07   1000182E-02 -.4104E+01  .2684E+00   .9999984  .0004598  .0017215
T 8138  1 .1979195E+07   1000068E-02 -.3223E+01  .9745E+01   .9999984 -.0008846  .0015622
T 8139  1 .1988274E+07   1000075E-02 -.1703E+01  .2018E+01   .9999897  .0018851  .0041339
T 8140  1 .1986965E+07   1000042E-02 -.2293E+01  .3099E+00   .9999993 -.0010646  .0005709
T 8141  1 .1982400E+07   1000194E-02  .6864E-02 -.3396E+01   .9999950 -.0026560 -.0017440
T 8142  1 .1981665E+07   1000162E-02  .9254E+00 -.1654E+01   .9999997  .0001946  .0008033
T 8143  1 .1986650E+07   1000204E-02 -.3137E+01 -.6441E+01   .9999985 -.0000342 -.0017264
T 8144  1 .1984661E+07   1000154E-02  .1800E+02  .7793E+02   .9999745 -.0009695  .0070801
T 8145  1 .1984532E+07   1000115E-02  .4981E+01  .2710E+01   .9999988  .0015294  .0002840
T 8146  1 .1984896E+07   1000139E-02 -.1151E+02 -.2912E+01   .9999981 -.0018581 -.0005182
T 8147  1 .1983259E+07   1000175E-02 -.6794E+01 -.2551E+01   .9999651 -.0012047  .0082676
T 8148  1 .1979362E+07   1000138E-02  .1442E+02 -.4989E+01   .9999920  .0033623 -.0021494
T 8149  1 .1981184E+07   1000201E-02  .2083E+01  .9210E+01   .9999997  .0002549  .0007508
T 8150  1 .1985396E+07   1000214E-02 -.3208E+01 -.3029E+01   .9999995 -.0007024 -.0006575
T 8151  1 .1984131E+07   1000109E-02 -.1172E+02  .6750E+01   .9999953 -.0030493  .0001660
T 8152  1 .1989240E+07   1000184E-02  .5809E+01 -.1695E+00   .9999970  .0024533  .0001626
T 8153  1 .1981562E+07   1000167E-02 -.4442E+00  .2008E+02   .9999962 -.0002181  .0027628
T 8154  1 .1986969E+07   1000107E-02 -.2728E+01 -.1225E+02   .9999953 -.0013985 -.0027290
T 8155  1 .1982739E+07   1000167E-02  .2471E+01 -.2064E+01   .9999977  .0020489  .0006126
T 8156  1 .1987642E+07   1000108E-02 -.1115E+02 -.1375E+01   .9999997 -.0006188  .0004846
T 8157  1 .1982340E+07   1000002E-02 -.3264E+00  .1223E-01   .9999975 -.0022415 -.0000672
T 8158  1 .1984281E+07   1000159E-02  .2414E+01  .8667E+01   .9999981  .0006082  .0018695
T 8159  1 .1984853E+07   1000003E-02  .1359E+02  .1158E+02   .9999906  .0025125  .0035477
T 8160  1 .1986227E+07   1000180E-02  .1204E+02 -.5760E+01   .9999981  .0014650 -.0012800
T 8161  1 .1979011E+07   1000096E-02 -.5138E+00  .4031E+01   .9999974 -.0007088  .0021611
T 8162  1 .1984006E+07   1000156E-02 -.2539E+01 -.7513E+01   .9999990 -.0004226 -.0013657
T 8163  1 .1981393E+07   1000119E-02  .3051E+01  .1113E+02   .9999936  .0019669  .0029987
T 8164  1 .1984994E+07   1000084E-02 -.9288E+01  .1172E+02   .9999979 -.0017219  .0011024
T 8165  1 .1986464E+07   1000200E-02  .4586E+01 -.5441E+01   .9999933 -.0002475 -.0036574
T 8166  1 .1987809E+07   1000121E-02 -.1614E+01 -.9159E+00   .9999988 -.0015168  .0001658
T 8167  1 .1988187E+07   1000156E-02 -.2948E+01  .4250E+01   .9999979 -.0014092  .0014924
T 8168  1 .1983401E+07   1000092E-02  .5867E+00 -.4672E+00   .9999998  .0003740 -.0005453
T 8169  1 .1987154E+07   1000135E-02 -.2656E+01 -.7110E+01   .9999984 -.0017738 -.0003856
T 8170  1 .1988139E+07   1000009E-02  .6950E+01  .1586E+01   .9999984  .0015932 -.0008150
T 8171  1 .1986089E+07   1000007E-02 -.8721E+00 -.4517E+01   .9999966 -.0013324 -.0022391
T 8172  1 .1985002E+07   1000044E-02 -.2498E+02  .4890E+02   .9999121 -.0055606  .0120370
T 8173  1 .1983788E+07   1000101E-02  .7565E+01 -.3042E+01   .9999983 -.0004092 -.0018158
T 8174  1 .1985319E+07   1000214E-02  .8668E+00  .8704E+00   .9999998  .0000316 -.0006297
T 8175  1 .1989695E+07   1000135E-02 -.8066E+00  .6537E+01   .9999981  .0006543  .0018315
T 8176  1 .1986260E+07   1000214E-02 -.1643E+01 -.4586E+01   .9999999 -.0001689 -.0004687
T 8177  1 .1985515E+07   1000164E-02  .1431E+01  .2555E+01   .9999989  .0005283  .0013793
T 8178  1 .1983037E+07   1000171E-02 -.4114E+02  .6190E+02   .9998742 -.0056935  .0148069
T 8179  1 .1989991E+07   1000209E-02 -.3466E+00  .4168E+00   .9999965 -.0020701  .0016461
T 8180  1 .1983198E+07   1000202E-02 -.8006E+01 -.1110E+01   .9999997 -.0000048  .0007309
T 8181  1 .1983492E+07   1000174E-02  .5350E+01 -.4071E+01   .9999997 -.0001031  .0007607
T 8182  1 .1986396E+07   1000080E-02 -.2881E+01 -.4414E+00   .9999983 -.0017960 -.0004938
T 8183  1 .1985739E+07   1000225E-02 -.2570E+01 -.1948E+01   .9999999 -.0003083  .0004054
T 8184  1 .1984853E+07   1000009E-02  .7260E+01  .5446E+01   .9999936 -.0007341  .0034880
T 8185  1 .1982718E+07   1000118E-02 -.3355E+01  .5521E+01   .9999996 -.0008714  .0003114
T 8186  1 .1986099E+07   1000040E-02  .6247E+01  .1038E+02   .9999992  .0003103  .0011983
T 8187  1 .1983435E+07   1000210E-02  .4635E+01  .9649E+01   .9999960  .0013628  .0024727
T 8188  1 .1980601E+07   1000183E-02 -.1669E+01 -.2265E+00   .9999984 -.0017703  .0000968
T 8189  1 .1984608E+07   1000220E-02 -.7431E+01  .4329E+01   .9999996 -.0003089  .0008547
T 8190  1 .1982672E+07   1000208E-02  .1929E+02 -.2272E+02   .9999873  .0021081 -.0045722
T 8191  1 .1985481E+07   1000052E-02 -.3711E+01  .6504E+00   .9999955 -.0029896  .0002127
T 8192  1 .1984473E+07   1000159E-02 -.3339E+01 -.1932E+02   .9999886 -.0022791 -.0041951
T 8193  1 .1985711E+07   1000021E-02  .6532E+01  .1279E+02   .9999990  .0008436  .0011597
T 8194  1 .1989108E+07   1000083E-02  .2169E+02  .3829E+01   .9999869  .0045871  .0022744
T 8195  1 .1987885E+07   1000090E-02 -.1765E+01  .1126E+02   .9999959 -.0022150  .0017979
T 8196  1 .1983893E+07   1000061E-02 -.9415E+00  .2701E+01   .9999994  .0000467  .0010923
T 8197  1 .1980228E+07   1000216E-02  .1183E+00 -.7206E+00   .9999990  .0013806 -.0001568
T 8198  1 .1985806E+07   1000138E-02  .9511E+00 -.3328E+01   .9999969  .0006753 -.0024161
T 8199  1 .1984167E+07   1000107E-02  .4712E+01  .1634E+01   .9999926  .0004343  .0038232
T 8200  1 .1985481E+07   1000124E-02 -.2371E+01 -.5093E+01   .9999998 -.0005696 -.0002249
T 8201  1 .1982729E+07   1000143E-02  .2433E+02 -.1489E+02   .9999890  .0038991 -.0025908
T 8202  1 .1984056E+07   1000072E-02  .3215E+02  .2913E+02   .9999568  .0066555  .0064923
T 8203  1 .1984293E+07   1000140E-02  .5795E+00  .1258E+02   .9999968 -.0004243  .0024934
T 8204  1 .1981693E+07   1000084E-02  .1569E+02 -.4205E+01   .9999841  .0047866 -.0029766
T 8205  1 .1982331E+07   1000114E-02  .1734E+01  .2813E+01   .9999983  .0011883  .0014378
T 8206  1 .1983549E+07   1000160E-02  .1503E+01 -.1087E+00   .9999994  .0006452 -.0009291
T 8207  1 .1981599E+07   1000216E-02  .1066E+01  .3275E+00   .9999987  .0010123  .0012258
T 8208  1 .1989468E+07   1000013E-02 -.7708E+01  .1743E+02   .9999972 -.0003679  .0023245
T 8209  1 .1980428E+07   1000144E-02 -.5311E+01  .4654E+01   .9999975 -.0014352  .0017084
T 8210  1 .1988664E+07   1000200E-02  .2214E+02 -.2060E+02   .9999756  .0046230 -.0052328
T 8211  1 .1986516E+07   1000160E-02 -.4450E+01  .5953E+01   .9999978 -.0012486  .0016699
T 8212  1 .1985526E+07   1000206E-02  .5362E+01  .1643E+02   .9999975  .0008615  .0020742
T 8213  1 .1988171E+07   1000189E-02  .2126E+01  .5741E+01   .9999992 -.0007466  .0009934
T 8214  1 .1990132E+07   1000185E-02 -.7403E+00  .3008E+01   .9999992 -.0000601  .0012951
T 8215  1 .1985803E+07   1000215E-02 -.1149E+02  .4510E+01   .9999929 -.0037558 -.0000895
T 8216  1 .1988994E+07   1000174E-02  .5347E+01 -.8160E-01   .9999789  .0015055  .0063139
T 8217  1 .1983641E+07   1000189E-02 -.9878E+01  .4692E+01   .9999974 -.0016284 -.0016251
T 8218  1 .1981417E+07   1000140E-02 -.7083E+01  .9144E+01   .9999934 -.0015799  .0032664
T 8219  1 .1984540E+07   1000006E-02 -.4480E+01  .4110E+00   .9999998 -.0005937  .0002678
T 8220  1 .1981234E+07   1000024E-02 -.9637E+00  .1448E+01   .9999999  .0001557  .0005107
T 8221  1 .1985389E+07   1000204E-02 -.9137E+01 -.6705E+01   .9999982 -.0017816 -.0007156
T 8222  1 .1984954E+07   1000129E-02 -.1994E+01  .5585E+01   .9999990  .0012928 -.0005115
T 8223  1 .1982873E+07   1000050E-02  .2479E+01  .6992E+01   .9999994  .0010501  .0002137
T 8224  1 .1986331E+07   1000157E-02 -.5881E+02  .1242E+02   .9999539 -.0092348  .0026454
T 8225  1 .1984415E+07   1000221E-02 -.4090E+01  .3873E+01   .9999993  .0004366  .0010740
T 8226  1 .1983741E+07   1000131E-02  .1325E+02 -.1352E+02   .9999956  .0021193 -.0020930
T 8227  1 .1985252E+07   1000184E-02  .4629E+01  .3374E+01   .9999984  .0018125 -.0000071
T 8228  1 .1987813E+07   1000129E-02 -.1226E+02  .3740E+01   .9999984 -.0014811  .0010400
T 8229  1 .1984105E+07   1000066E-02  .8270E+01 -.2501E+01   .9999963  .0018833 -.0019684
T 8230  1 .1982125E+07   1000044E-02 -.1497E+02  .1350E+02   .9999887 -.0029459  .0037184
T 8231  1 .1985870E+07   1000193E-02 -.2447E+01  .3282E+01   .9999984 -.0003004  .0017388
T 8232  1 .1987711E+07   1000189E-02 -.2424E+01 -.8339E+01   .9999971 -.0023958 -.0002393
T 8233  1 .1989851E+07   1000082E-02 -.6945E+01  .3227E+01   .9999926 -.0031923  .0021441
T 8234  1 .1979087E+07   1000155E-02 -.6110E+01 -.4373E+01   .9999955  .0013321 -.0026875
T 8235  1 .1981688E+07   1000191E-02  .4295E+01 -.4514E+01   .9999996  .0004730 -.0007057
T 8236  1 .1983221E+07   1000003E-02  .4748E+00  .5678E+01   .9999962  .0014610  .0023539
T 8237  1 .1982642E+07   1000162E-02 -.1155E+02  .1853E+02   .9999970 -.0014196  .0020076
T 8238  1 .1985899E+07   1000001E-02 -.6312E+01 -.4643E+00   .9999985 -.0000139 -.0017104
T 8239  1 .1984280E+07   1000152E-02 -.1085E+02  .5588E+01   .9999992 -.0006531  .0010608
T 8240  1 .1984044E+07   1000118E-02 -.1875E+01 -.7322E+01   .9999961  .0002564 -.0027879
T 8241  1 .1989296E+07   1000130E-02 -.1041E+00  .2520E+00   .9999999  .0002013  .0003818
T 8242  1 .1983553E+07   1000009E-02 -.8466E+01 -.3004E+01   .9999976 -.0021303  .0005323
T 8243  1 .1986979E+07   1000224E-02  .2910E+02  .2035E+02   .9999089  .0114810  .0071010
T 8244  1 .1987325E+07   1000001E-02  .1760E+02 -.1678E+01   .9999946  .0030792 -.0011770
T 8245  1 .1986497E+07   1000118E-02 -.1351E+00 -.6934E+00   .9999997 -.0000363 -.0007514
T 8246  1 .1987416E+07   1000149E-02  .1337E+02  .2005E+02   .9999945  .0023002  .0023775
T 8247  1 .1988868E+07   1000007E-02 -.5967E+00 -.8684E+00   .9999991 -.0006521 -.0011384
T 8248  1 .1989183E+07   1000067E-02 -.6005E+00  .3302E+00   .9999993 -.0012157  .0000511
T 8249  1 .1990190E+07   1000111E-02  .6023E+01  .3082E+01   .9999956  .0028009  .0010003
T 8250  1 .1984073E+07   1000013E-02  .1041E+01 -.2500E+01   .9999999  .0004323  .0003282
T 8251  1 .1982704E+07   1000091E-02  .1054E+02 -.1625E+02   .9999930  .0033576 -.0016321
T 8252  1 .1986816E+07   1000168E-02  .4802E+01  .2575E+01   .9999968  .0020037 -.0015383
T 8253  1 .1989949E+07   1000104E-02  .1085E+02  .1368E+01   .9999979  .0019993 -.0004414
T 8254  1 .1988065E+07   1000108E-02  .7657E+01  .3213E+01   .9999998 -.0006104  .0001244
T 8255  1 .1985963E+07   1000064E-02 -.8886E+01  .3345E+01   .9999992 -.0012361 -.0003590
T 8256  1 .1982354E+07   1000077E-02  .1143E+02 -.8475E+01   .9999968  .0017517 -.0018405
T 8257  1 .1984183E+07   1000123E-02  .7933E+01  .2032E+01   .9999985  .0016993  .0002138
T 8258  1 .1986086E+07   1000040E-02  .9424E+01 -.5249E+01   .9999892  .0036367 -.0029060
T 8259  1 .1985750E+07   1000168E-02  .8541E+01 -.6152E-01   .9999963  .0023120  .0014104
T 8260  1 .1983160E+07   1000179E-02  .2687E+01  .2100E+01   .9999999 -.0000614  .0001370
T 8261  1 .1987747E+07   1000222E-02 -.7366E+01  .3217E+01   .9999968 -.0021917  .0012684
T 8262  1 .1983542E+07   1000098E-02  .3136E+01  .8128E+01   .9999884  .0016285  .0045359
T 8263  1 .1981581E+07   1000168E-02  .1202E+02  .1776E+01   .9999945  .0029903 -.0014609
T 8264  1 .1985561E+07   1000110E-02 -.7621E+01  .2764E+02   .9999556 -.0039079  .0085795
T 8265  1 .1989737E+07   1000077E-02 -.2064E+01  .1643E+01   .9999996  .0000700  .0009173
T 8266  1 .1986091E+07   1000204E-02 -.8401E+01  .5189E+01   .9999992  .0001005  .0012217
T 8267  1 .1987818E+07   1000037E-02 -.3239E+01 -.2508E+00   .9999988 -.0015290 -.0003253
T 8268  1 .1983942E+07   1000001E-02  .1630E+01 -.6295E+01   .9999967 -.0005718 -.0025127
T 8269  1 .1990198E+07   1000152E-02 -.4158E+01 -.1782E-01   .9999987 -.0014578  .0006208
T 8270  1 .1986648E+07   1000000E-02  .1553E+02  .7103E+00   .9999691  .0077029 -.0015748
T 8271  1 .1984927E+07   1000146E-02 -.1417E+01 -.2497E+01   .9999890  .0008853 -.0046115
T 8272  1 .1986590E+07   1000135E-02  .1346E+02 -.4963E+01   .9999962  .0018070 -.0020588
T 8273  1 .1982526E+07   1000223E-02 -.3998E+01  .2926E+01   .9999965 -.0014860  .0021878
T 8274  1 .1983172E+07   1000151E-02 -.1656E+02  .2274E+02   .9999445 -.0062711  .0084689
T 8275  1 .1979428E+07   1000146E-02 -.8090E+00 -.1397E+02   .9999941  .0020155 -.0027806
T 8276  1 .1985432E+07   1000017E-02 -.5680E+02 -.1446E+02   .9999195 -.0121439 -.0036636
T 8277  1 .1985809E+07   1000180E-02  .8146E+01 -.1047E+02   .9999989  .0013292 -.0006466
T 8278  1 .1985549E+07   1000115E-02 -.2100E+01 -.8439E+01   .9999968  .0010366 -.0022965
T 8279  1 .1983318E+07   1000085E-02 -.2917E+01  .1250E+01   .9999987 -.0015835 -.0002340
T 8280  1 .1984226E+07   1000224E-02 -.6538E+01 -.9350E+00   .9999995 -.0007770 -.0006908
T 8281  1 .1984482E+07   1000113E-02 -.1125E+02 -.8430E+01   .9999968 -.0020599 -.0014710
T 8282  1 .1986997E+07   1000226E-02  .1598E+02  .8533E+01   .9999943  .0031313  .0012483
T 8283  1 .1980067E+07   1000175E-02  .9072E+00 -.3450E+01   .9999988  .0000945 -.0015179
T 8284  1 .1982121E+07   1000106E-02 -.8351E+01  .4423E+01   .9999975 -.0021294  .0006731
T 8285  1 .1986165E+07   1000196E-02  .4195E+00  .4878E+00   .9999996  .0009111 -.0002112
T 8286  1 .1986779E+07   1000118E-02  .7201E+01 -.1983E+01   .9999994  .0011219  .0001296
T 8287  1 .1988314E+07   1000084E-02  .1316E+02 -.5777E+01   .9999820  .0049021 -.0034587
T 8288  1 .1992484E+07   1000188E-02  .5387E+01  .6167E+01   .9999943  .0019789  .0027380
T 8289  1 .1987589E+07   1000110E-02 -.1325E+02  .7290E+01   .9999979 -.0004380  .0020266
T 8290  1 .1984696E+07   1000035E-02  .7683E+01  .3059E+01   .9999947  .0004191  .0032387
T 8291  1 .1986625E+07   1000161E-02  .3356E+00 -.4713E+01   .9999986  .0013658 -.0009606
T 8292  1 .1982728E+07   1000169E-02  .1065E+02 -.4774E+01   .9999917  .0039346 -.0010769
T 8293  1 .1985275E+07   1000073E-02 -.2052E+02 -.5689E+01   .9999967 -.0018410 -.0018019
T 8294  1 .1982919E+07   1000102E-02 -.3946E+00  .7621E+00   .9999998 -.0005322 -.0002972
T 8295  1 .1988048E+07   1000004E-02  .2850E+01  .2781E+02   .9999907  .0006392  .0042762
T 8296  1 .1987795E+07   1000161E-02 -.5176E+01 -.1249E+02   .9999980  .0012386 -.0015870
T 8297  1 .1982226E+07   1000122E-02  .8286E+01  .5655E+01   .9999943  .0029109  .0017262
T 8298  1 .1986308E+07   1000062E-02  .7176E+01  .1921E+01   .9999993  .0011691 -.0002950
T 8299  1 .1988764E+07   1000122E-02  .2070E+01  .3900E+01   .9999951 -.0013239  .0028459
T 8300  1 .1984456E+07   1000034E-02 -.1786E+02 -.2701E+02   .9999872 -.0035218 -.0036220
T 8301  1 .1983727E+07   1000162E-02 -.3431E+00  .1121E+01   .9999972 -.0006004  .0022945
T 8302  1 .1988805E+07   1000180E-02 -.1936E+02  .3336E+02   .9999578 -.0029970  .0086811
T 8303  1 .1986336E+07   1000013E-02  .7648E+01 -.1127E+01   .9999984  .0017754  .0001647
T 8304  1 .1984021E+07   1000186E-02  .2204E+02 -.1233E+02   .9999821  .0056780 -.0018980
T 8305  1 .1986072E+07   1000147E-02  .1550E+01 -.2259E+02   .9999982 -.0011041 -.0015257
T 8306  1 .1988052E+07   1000037E-02 -.4695E+01  .3540E+01   .9999992  .0002687  .0012033
T 8307  1 .1981584E+07   1000218E-02  .4033E+01 -.1520E+01   .9999984  .0017882  .0000108
T 8308  1 .1983038E+07   1000219E-02  .5656E+00 -.1500E+01   .9999997  .0005266  .0005253
T 8309  1 .1982063E+07   1000014E-02 -.1368E+01 -.3105E+01   .9999990 -.0014441  .0000311
T 8310  1 .1987490E+07   1000101E-02 -.2104E+01 -.1821E+01   .9999997 -.0007825 -.0002238
T 8311  1 .1984809E+07   1000208E-02 -.4618E+00 -.6287E+01   .9999966 -.0015170 -.0021439
T 8312  1 .1985672E+07   1000154E-02  .7336E+01  .3865E+01   .9999945  .0030868 -.0012271
T 8313  1 .1982998E+07   1000200E-02  .2572E+01  .1620E+00   .9999991  .0013171 -.0000037
T 8314  1 .1980925E+07   1000149E-02 -.1048E+02  .2173E+01   .9999947 -.0031697  .0007730
T 8315  1 .1983646E+07   1000001E-02  .5353E+01 -.2544E+01   .9999959  .0011537 -.0026307
T 8316  1 .1988547E+07   1000097E-02  .2422E+01  .5871E+01   .9999991  .0010845 -.0007851
T 8317  1 .1981532E+07   1000149E-02  .4810E+01 -.7441E+01   .9999988  .0009573 -.0012370
T 8318  1 .1987781E+07   1000011E-02 -.3790E+01 -.3546E+02   .9999556 -.0013013 -.0093291
T 8319  1 .1986086E+07   1000027E-02  .7395E+01 -.1725E+02   .9999894  .0035876 -.0028688
T 8320  1 .1984933E+07   1000006E-02  .3450E+01  .7068E+00   .9999988  .0014295  .0005352
T 8321  1 .1985767E+07   1000045E-02  .1272E+01 -.1699E+01   .9999916  .0032199  .0025266
T 8322  1 .1990308E+07   1000136E-02 -.8605E+01 -.3652E+01   .9999928 -.0034795  .0015332
T 8323  1 .1980429E+07   1000054E-02  .1433E+02  .1755E+02   .9999917  .0030943  .0026556
T 8324  1 .1984039E+07   1000216E-02 -.1168E+01  .1524E+01   .9999992 -.0009860  .0007836
T 8325  1 .1981002E+07   1000047E-02  .1207E+02 -.8704E+01   .9999854  .0011843 -.0052752
T 8326  1 .1985586E+07   1000173E-02 -.4279E+01  .5771E+01   .9999999 -.0003958  .0002871
T 8327  1 .1986127E+07   1000191E-02  .8819E+01 -.3234E+01   .9999972  .0022280  .0008013
T 8328  1 .1984925E+07   1000005E-02  .7342E+01  .1923E+01   .9999985  .0010480  .0013799
T 8329  1 .1985461E+07   1000220E-02 -.4081E+01 -.1126E+00   .9999983 -.0017182 -.0005900
T 8330  1 .1985464E+07   1000225E-02 -.8264E+01  .3266E+01   .9999995 -.0009608  .0002294
T 8331  1 .1988361E+07   1000096E-02  .3162E+01  .8666E+01   .9999985  .0002901  .0017186
T 8332  1 .1982634E+07   1000118E-02  .1074E+02 -.1418E+02   .9999970  .0017066 -.0017637
T 8333  1 .1982064E+07   1000117E-02  .9342E+01  .9160E+01   .9999945  .0032507  .0005951
T 8334  1 .1986269E+07   1000117E-02 -.1895E+01  .4601E+02   .9999544  .0034206  .0089188
T 8335  1 .1983646E+07   1000167E-02 -.3188E+00 -.5307E+01   .9999978  .0020543  .0004384
T 8336  1 .1988194E+07   1000115E-02 -.2867E+02 -.5063E+01   .9999538 -.0095254 -.0013006
T 8337  1 .1985877E+07   1000107E-02  .1249E+02 -.1070E+02   .9999965  .0005395 -.0025831
T 8338  1 .1978721E+07   1000190E-02  .1047E+02  .2024E+01   .9999999 -.0005102 -.0001076
T 8339  1 .1980321E+07   1000127E-02 -.1926E+01 -.9370E+01   .9999978 -.0010923 -.0018097
T 8340  1 .1988968E+07   1000029E-02 -.5337E+01  .1822E+01   .9999987 -.0015936 -.0001454
T 8341  1 .1986408E+07   1000150E-02  .6223E+01 -.9618E+01   .9999911  .0008687 -.0041231
T 8342  1 .1982796E+07   1000053E-02  .5038E+01  .4400E+01   .9999988  .0015518 -.0002242
T 8343  1 .1980010E+07   1000159E-02  .5581E+00 -.2762E-01   .9999991  .0012204  .0005498
T 8344  1 .1982017E+07   1000083E-02 -.1350E+02  .2171E+02   .9999986 -.0005779  .0015724
T 8345  1 .1985694E+07   1000004E-02 -.1358E+01 -.4471E+01   .9999986 -.0005501 -.0015774
T 8346  1 .1984679E+07   1000133E-02 -.4120E+01  .1634E+01   .9999997  .0006176 -.0005207
T 8347  1 .1986332E+07   1000029E-02 -.6115E+01 -.6490E+01   .9999994  .0009434 -.0006137
T 8348  1 .1985543E+07   1000215E-02  .1772E+01 -.1374E+01   .9999990  .0011444 -.0008005
T 8349  1 .1983989E+07   1000133E-02  .1234E+02 -.6856E+01   .9999996  .0008305  .0003378
T 8350  1 .1982779E+07   1000156E-02  .3703E+01 -.8443E+01   .9999953 -.0003840 -.0030480
T 8351  1 .1987948E+07   1000004E-02  .1531E+01  .1082E+01   .9999992 -.0003088  .0011999
T 8352  1 .1986106E+07   1000217E-02  .1346E+00 -.1234E+01   .9999998  .0004012 -.0004744
T 8353  1 .1983885E+07   1000210E-02  .8000E+01  .6195E+01   .9999947  .0021158  .0024635
T 8354  1 .1982820E+07   1000090E-02  .2687E+02  .2440E+02   .9999615  .0038723  .0078688
T 8355  1 .1985262E+07   1000165E-02  .1597E+00 -.2830E+01   .9999995 -.0003600  .0009118
T 8356  1 .1987393E+07   1000062E-02  .3747E+01  .1385E+01   .9999993  .0011056  .0004523
T 8357  1 .1982824E+07   1000210E-02 -.1044E+01  .6732E+01   .9999957 -.0000374  .0029401
T 8358  1 .1984598E+07   1000028E-02 -.9533E+01  .1439E+01   .9999953 -.0024685  .0018324
T 8359  1 .1983269E+07   1000205E-02  .1645E+02 -.1601E+02   .9999748  .0048867 -.0051435
T 8360  1 .1983294E+07   1000062E-02  .2841E+01  .1376E+02   .9999969 -.0005477  .0024200
T 8361  1 .1984660E+07   1000210E-02  .2059E+02  .3415E+02   .9999836  .0025000  .0051495
T 8362  1 .1986021E+07   1000187E-02  .9427E+01  .5340E+01   .9999746  .0043835 -.0056240
T 8363  1 .1983789E+07   1000145E-02 -.2182E+00 -.1619E+02   .9999993  .0007918 -.0009299
T 8364  1 .1986764E+07   1000163E-02  .1157E+02 -.1502E+01   .9999884  .0041828 -.0023825
T 8365  1 .1983927E+07   1000040E-02  .3822E+01 -.1545E+02   .9999945  .0017117 -.0028580
T 8366  1 .1986310E+07   1000156E-02  .5207E+01 -.1926E+01   .9999994  .0010413 -.0002116
T 8367  1 .1985162E+07   1000223E-02  .1066E+01 -.1402E+02   .9999952 -.0006366 -.0030301
T 8368  1 .1979814E+07   1000072E-02  .3593E+01  .6822E+01   .9999990  .0002389  .0014046
T 8369  1 .1986350E+07   1000040E-02  .1973E+01  .1004E+01   .9999994  .0009233  .0005517
T 8370  1 .1988591E+07   1000180E-02  .1518E+02  .3069E+01   .9999963  .0024319  .0012094
T 8371  1 .1988602E+07   1000090E-02  .1631E+02  .1121E+00   .9999893  .0038975 -.0025048
T 8372  1 .1986657E+07   1000090E-02  .2304E+01  .2007E+02   .9999844  .0000972  .0055778
T 8373  1 .1987095E+07   1000125E-02  .1370E+01 -.2652E+01   .9999981  .0002489 -.0019081
T 8374  1 .1983385E+07   1000195E-02 -.6931E+00 -.2137E+01   .9999997 -.0004967 -.0005970
T 8375  1 .1986300E+07   1000097E-02 -.1416E+02 -.1218E+02   .9999748 -.0039931 -.0058621
T 8376  1 .1984944E+07   1000108E-02 -.4526E+01 -.8466E+00   .9999995 -.0009689 -.0003678
T 8377  1 .1981853E+07   1000174E-02  .1323E+02  .1705E+02   .9999872  .0038276  .0032955
T 8378  1 .1985472E+07   1000207E-02 -.7925E+01 -.5473E+01   .9999951 -.0015844 -.0027161
T 8379  1 .1987967E+07   1000214E-02 -.2847E+01 -.2031E+01   .9999998 -.0004555  .0003603
T 8380  1 .1989382E+07   1000076E-02 -.6653E-01  .2822E+01   .9999990  .0003390  .0013841
T 8381  1 .1984415E+07   1000070E-02 -.8827E+01  .4395E+01   .9999991 -.0013680  .0001261
T 8382  1 .1984908E+07   1000021E-02  .2687E+01 -.5434E+01   .9999936  .0033556 -.0012658
T 8383  1 .1981241E+07   1000010E-02 -.1961E+01 -.1075E+02   .9999827 -.0001682 -.0058772
T 8384  1 .1982730E+07   1000133E-02  .1644E+02 -.6401E+01   .9999948  .0030603 -.0010319
T 8385  1 .1987920E+07   1000204E-02  .1405E+01  .2558E+02   .9999960  .0002530  .0028178
T 8386  1 .1988078E+07   1000223E-02 -.2220E+01  .5149E+00   .9999998  .0003555 -.0004722
T 8387  1 .1986207E+07   1000221E-02 -.1196E+02 -.1834E+00   .9999868 -.0049637  .0013569
T 8388  1 .1986821E+07   1000045E-02  .1242E+02  .8049E+01   .9999958  .0023129  .0017561
T 8389  1 .1983600E+07   1000136E-02 -.1029E+02  .1152E+02   .9999967 -.0025051  .0005052
T 8390  1 .1988507E+07   1000168E-02  .3438E+01  .2173E+01   .9999999  .0004717 -.0002612
T 8391  1 .1985101E+07   1000032E-02  .2254E+02 -.5428E+01   .9999853  .0049511 -.0022304
T 8392  1 .1985478E+07   1000021E-02  .2658E+01  .1419E+01   .9999997  .0004607  .0006965
T 8393  1 .1986354E+07   1000206E-02 -.2867E+02  .2543E+02   .9999484 -.0061094  .0081208
T 8394  1 .1984397E+07   1000174E-02 -.5897E+01  .2252E+02   .9999951 -.0007579  .0030443
T 8395  1 .1981981E+07   1000196E-02 -.3763E+01  .2419E+01   .9999978 -.0003485  .0020562
T 8396  1 .1983453E+07   1000057E-02  .5996E+01  .6441E+01   .9999986  .0011172  .0012100
T 8397  1 .1984641E+07   1000037E-02  .1691E+01  .3817E+01   .9999992  .0010541  .0006620
T 8398  1 .1981464E+07   1000088E-02 -.1026E+02  .7463E+01   .9999980 -.0016276  .0011623
T 8399  1 .1982912E+07   1000023E-02  .1115E+02  .9262E+01   .9999963  .0017922  .0020632
T 8400  1 .1985433E+07   1000094E-02 -.1658E+00  .9037E+01   .9999971 -.0015394  .0018734
T 8401  1 .1987835E+07   1000050E-02 -.7969E+01 -.1021E+02   .9999958 -.0019612 -.0021283
T 8402  1 .1978722E+07   1000097E-02 -.1648E+02  .2999E+02   .9999832 -.0035656  .0045648
T 8403  1 .1988212E+07   1000154E-02 -.1326E+03 -.4041E+02   .9998312 -.0173920 -.0059211
T 8404  1 .1987628E+07   1000123E-02  .1265E+02  .2916E+01   .9999997  .0002889 -.0007206
T 8405  1 .1982748E+07   1000108E-02  .3569E+01 -.2140E+01   .9999977  .0021078 -.0004865
T 8406  1 .1987973E+07   1000197E-02 -.4507E+00  .7821E+01   .9999989  .0000270  .0014774
T 8407  1 .1981691E+07   1000160E-02  .1352E+01  .3001E+01   .9999961 -.0009451  .0026429
T 8408  1 .1988717E+07   1000134E-02 -.2479E+01  .9449E+00   .9999999  .0000097  .0002301
T 8409  1 .1985646E+07   1000219E-02  .4562E+01  .5272E+01   .9999942  .0010461  .0032563
T 8410  1 .1984568E+07   1000177E-02 -.9408E+00  .4886E+01   .9999970 -.0021391  .0012214
T 8411  1 .1984821E+07   1000027E-02 -.2352E+01 -.4219E+01   .9999983 -.0000770 -.0018436
T 8412  1 .1988856E+07   1000169E-02 -.1936E+02  .5826E+01   .9999778 -.0065034  .0014734
T 8413  1 .1981929E+07   1000188E-02 -.6750E+01 -.2469E+01   .9999972 -.0012935  .0019596
T 8414  1 .1983423E+07   1000218E-02  .8744E+01 -.2217E+01   .9999946  .0030545 -.0012021
T 8415  1 .1980840E+07   1000152E-02 -.1344E+02  .4206E+01   .9999908 -.0039564  .0016286
T 8416  1 .1986949E+07   1000119E-02 -.1859E+01  .2411E+02   .9999923  .0005148  .0038910
T 8417  1 .1982355E+07   1000205E-02 -.1086E+02  .1858E+02   .9999859 -.0027794  .0045253
T 8418  1 .1987840E+07   1000075E-02 -.8869E+01  .2991E+01   .9999987 -.0015784 -.0001468
T 8419  1 .1984394E+07   1000091E-02 -.3672E+01 -.9517E+00   .9999994  .0009136  .0005892
T 8420  1 .1981674E+07   1000080E-02 -.6416E+01 -.6334E+01   .9999950 -.0030206 -.0009865
T 8421  1 .1986499E+07   1000205E-02  .7047E+00  .2270E+00   .9999998  .0005699  .0002531
T 8422  1 .1987120E+07   1000013E-02 -.2410E+01  .2783E+01   .9999992 -.0010869  .0007161
T 8423  1 .1989033E+07   1000182E-02  .6939E+01  .4187E+01   .9999988 -.0002642  .0015359
T 8424  1 .1986882E+07   1000115E-02  .1306E+02  .6842E+01   .9999992  .0003513  .0011905
T 8425  1 .1985643E+07   1000089E-02 -.1543E+02 -.2689E+01   .9999937 -.0029056 -.0020490
T 8426  1 .1983457E+07   1000166E-02 -.1319E+01 -.6753E+01   .9999969 -.0024222 -.0005250
T 8427  1 .1989000E+07   1000090E-02  .4417E+02 -.6569E+02   .9999199  .0072748 -.0103534
T 8428  1 .1982705E+07   1000086E-02 -.2951E+02 -.9803E+01   .9999623 -.0078437 -.0037115
T 8429  1 .1983031E+07   1000074E-02 -.3285E+01 -.2200E+01   .9999992 -.0012132  .0002286
T 8430  1 .1982292E+07   1000190E-02 -.1646E+01 -.2246E+01   .9999999  .0004732  .0001181
T 8431  1 .1986432E+07   1000218E-02 -.4052E+01 -.3191E+01   .9999941 -.0033431  .0008376
T 8432  1 .1982840E+07   1000187E-02 -.8036E+01 -.5130E+00   .9999997 -.0006262 -.0003625
T 8433  1 .1982605E+07   1000158E-02 -.3099E+01 -.2847E+01   .9999961 -.0018924 -.0020295
T 8434  1 .1984400E+07   1000224E-02  .1882E+01  .6284E+01   .9999883  .0035489  .0032787
T 8435  1 .1979903E+07   1000210E-02  .2113E+02 -.1511E+02   .9999966  .0025395 -.0006374
T 8436  1 .1983008E+07   1000006E-02 -.7145E+02 -.8121E+02   .9998449 -.0116433 -.0132128
T 8437  1 .1981549E+07   1000083E-02 -.9918E+00  .3729E+00   .9999966 -.0009348  .0024283
T 8438  1 .1982723E+07   1000209E-02 -.7154E+00 -.7317E+01   .9999936 -.0028251  .0022137
T 8439  1 .1988973E+07   1000168E-02 -.3364E+00  .3356E+01   .9999999  .0002924  .0000233
T 8440  1 .1983128E+07   1000114E-02 -.1231E+01 -.3568E+01   .9999964  .0007558 -.0025834
T 8441  1 .1987137E+07   1000050E-02 -.4777E+00  .8718E+01   .9999988 -.0003584  .0014976
T 8442  1 .1983993E+07   1000029E-02 -.1667E+02  .1240E+02   .9999974 -.0014761  .0017464
T 8443  1 .1984515E+07   1000144E-02 -.1178E+02 -.1282E+02   .9999947 -.0020347 -.0025581
T 8444  1 .1988138E+07   1000082E-02 -.1125E+01 -.2189E+01   .9999867  .0039979 -.0032622
T 8445  1 .1988727E+07   1000135E-02 -.1172E+02 -.6173E+01   .9999959 -.0025263 -.0013690
T 8446  1 .1984883E+07   1000193E-02 -.1692E+02 -.2367E+01   .9999973 -.0022537  .0006472
T 8447  1 .1987718E+07   1000171E-02 -.1432E+02 -.9806E+01   .9999973 -.0022561 -.0005072
T 8448  1 .1985802E+07   1000158E-02 -.2215E+02  .2644E+02   .9999843 -.0027136  .0048949
T 8449  1 .1987169E+07   1000204E-02 -.1142E+01  .7960E+01   .9999955  .0003060  .0029900
T 8450  1 .1983264E+07   1000192E-02 -.2517E+01  .1264E+02   .9999984  .0007437  .0016205
T 8451  1 .1988023E+07   1000179E-02  .5819E+01  .1788E+02   .9999954  .0009591  .0028834
T 8452  1 .1982230E+07   1000079E-02 -.3743E+02  .8780E+01   .9999346 -.0111988  .0023078
T 8453  1 .1981689E+07   1000101E-02  .7459E+00  .1190E+01   .9999996  .0006876  .0006158
T 8454  1 .1986857E+07   1000151E-02  .9475E+01  .4056E+01   .9999727  .0066007  .0033098
T 8455  1 .1989662E+07   1000188E-02 -.1119E+02 -.1239E+02   .9999963 -.0027078 -.0004056
T 8456  1 .1984122E+07   1000032E-02 -.9911E+01  .2569E+01   .9999993 -.0006222  .0010456
T 8457  1 .1983307E+07   1000216E-02  .9367E+01 -.1956E+01   .9999972  .0016599  .0016799
T 8458  1 .1986116E+07   1000128E-02 -.7532E+01  .1060E+01   .9999908 -.0042318  .0006541
T 8459  1 .1984138E+07   1000004E-02  .2940E+01  .1743E+01   .9999999 -.0002752 -.0002342
T 8460  1 .1988501E+07   1000183E-02  .8508E+01  .1141E+02   .9999994 -.0007970  .0007402
T 8461  1 .1984824E+07   1000111E-02 -.4730E+02 -.2064E+02   .9999862 -.0049852 -.0016395
T 8462  1 .1984336E+07   1000092E-02 -.7074E+01 -.5039E+01   .9999969 -.0022843 -.0009422
T 8463  1 .1982667E+07   1000112E-02 -.9885E+01 -.2892E+01   .9999974 -.0014977 -.0017107
T 8464  1 .1985956E+07   1000204E-02  .1031E+01  .3397E+01   .9999980 -.0002451  .0019954
T 8465  1 .1980563E+07   1000145E-02  .5334E+01  .8628E+01   .9999996  .0007599  .0003921
T 8466  1 .1987986E+07   1000004E-02 -.2535E+01  .3118E+02   .9999651 -.0027588  .0078857
T 8467  1 .1989584E+07   1000142E-02 -.2452E+01 -.5652E+01   .9999970 -.0020340 -.0013706
T 8468  1 .1986347E+07   1000127E-02  .1381E+02  .1245E+02   .9999925  .0023711  .0030491
T 8469  1 .1984282E+07   1000112E-02  .2544E+01  .6991E+00   .9999832  .0052861  .0023579
T 8470  1 .1987040E+07   1000118E-02  .1385E+01 -.1240E+01   .9999997  .0003295 -.0006700
T 8471  1 .1986235E+07   1000209E-02 -.8815E+01 -.1330E+01   .9999981 -.0017896  .0007748
T 8472  1 .1987369E+07   1000149E-02 -.1842E+02 -.1812E+02   .9999982 -.0018631 -.0003504
T 8473  1 .1988653E+07   1000132E-02 -.2374E+01  .8344E+01   .9999973  .0003165  .0022891
T 8474  1 .1986930E+07   1000186E-02  .1276E+02  .8162E+01   .9999814  .0054504  .0027471
T 8475  1 .1985250E+07   1000002E-02  .1091E+02  .1272E+02   .9999792  .0063809  .0009822
T 8476  1 .1987853E+07   1000061E-02  .1449E+02 -.5208E+01   .9999636  .0075799 -.0039103
T 8477  1 .1985090E+07   1000143E-02 -.9124E+01 -.5652E+01   .9999967 -.0003054 -.0025456
T 8478  1 .1986982E+07   1000085E-02  .3679E+01 -.5347E+01   .9999994  .0008792  .0006307
T 8479  1 .1986029E+07   1000218E-02 -.1284E+02  .4596E+01   .9999910 -.0040069  .0013955
T 8480  1 .1987243E+07   1000206E-02 -.2519E+01  .1568E+00   .9999968 -.0024312 -.0006660
T 8481  1 .1990508E+07   1000090E-02 -.3378E-01 -.7495E+01   .9999948  .0011175 -.0030154
T 8482  1 .1982752E+07   1000048E-02 -.2033E+01  .1289E+02   .9999966 -.0025203  .0006214
T 8483  1 .1981841E+07   1000151E-02 -.1692E+02  .4475E+01   .9999889 -.0046725  .0006427
T 8484  1 .1986244E+07   1000151E-02 -.3696E+01 -.6855E+01   .9999957 -.0025680 -.0014158
T 8485  1 .1981318E+07   1000227E-02  .6603E+01 -.9623E+01   .9999963  .0014925 -.0022845
T 8486  1 .1989005E+07   1000098E-02  .2140E+01  .3547E+01   .9999995  .0006996  .0007716
T 8487  1 .1983740E+07   1000115E-02  .3220E+01 -.1177E+01   .9999949  .0024760  .0020100
T 8488  1 .1983352E+07   1000129E-02  .1007E+02  .2895E+01   .9999998  .0003922 -.0005661
T 8489  1 .1982104E+07   1000210E-02  .3538E+01 -.6668E+01   .9999990 -.0012514  .0006372
T 8490  1 .1987033E+07   1000211E-02  .2848E+01 -.1694E+02   .9999976  .0021425 -.0004889
T 8491  1 .1981527E+07   1000134E-02 -.6443E+00  .3373E+01   .9999969 -.0013818 -.0020570
T 8492  1 .1990512E+07   1000025E-02  .5215E+01  .1269E+02   .9999974  .0010268  .0020269
T 8493  1 .1981511E+07   1000137E-02  .3478E-01 -.4084E+00   .9999999  .0001609  .0001710
T 8494  1 .1982459E+07   1000202E-02  .9352E+01 -.9368E+01   .9999867  .0010974 -.0050488
T 8495  1 .1986964E+07   1000144E-02  .1614E+02 -.3299E+01   .9999946  .0031520 -.0009081
T 8496  1 .1984673E+07   1000169E-02 -.8233E+01 -.1930E+01   .9999986 -.0014773  .0007375
T 8497  1 .1980232E+07   1000056E-02 -.6335E+00 -.5921E+01   .9999927 -.0002992 -.0038067
T 8498  1 .1981711E+07   1000041E-02 -.8237E+01  .3639E+01   .9999933 -.0036441  .0003160
T 8499  1 .1986917E+07   1000134E-02 -.1896E+02  .6904E+01   .9999962 -.0026414 -.0007741
T 8500  1 .1987333E+07   1000215E-02  .2959E+01  .3732E+01   .9999966  .0006706  .0025083
T 8501  1 .1980159E+07   1000162E-02  .4908E+01 -.8568E+01   .9999922 -.0006980 -.0038855
T 8502  1 .1983741E+07   1000123E-02  .6726E+01  .2335E+02   .9999893  .0005077  .0045967
T 8503  1 .1984792E+07   1000079E-02 -.1794E+01  .8081E+01   .9999995  .0007593  .0007164
T 8504  1 .1986084E+07   1000126E-02  .1164E+02  .8283E+01   .9999988  .0004649  .0014465
T 8505  1 .1987483E+07   1000198E-02  .6724E+00 -.4949E+01   .9999989  .0010829 -.0009966
T 8506  1 .1983094E+07   1000154E-02  .6743E+01 -.2496E+01   .9999974  .0022809 -.0001017
T 8507  1 .1987237E+07   1000013E-02  .7787E+00 -.3161E+00   .9999999 -.0001286 -.0004229
T 8508  1 .1992358E+07   1000202E-02  .6357E+01 -.5475E+01   .9999986  .0013284 -.0009942
T 8509  1 .1981731E+07   1000005E-02  .8590E+00 -.4490E+01   .9999999  .0001702 -.0001840
T 8510  1 .1988011E+07   1000157E-02 -.4312E+01 -.5264E+02   .9999273 -.0002041 -.0120598
T 8511  1 .1984161E+07   1000192E-02  .5031E+01 -.2225E+02   .9999948 -.0003066 -.0032107
T 8512  1 .1987463E+07   1000096E-02  .6484E+01  .1751E+01   .9999941  .0028964  .0018488
T 8513  1 .1989015E+07   1000007E-02  .7296E+01 -.2822E+01   .9999904  .0041685 -.0013798
T 8514  1 .1955875E+07   1000141E-02 -.1834E+04 -.2984E+04   .9321557 -.1884778 -.3091310
T 8515  1 .1988703E+07   1000180E-02  .7472E+01 -.4350E+01   .9999981  .0017108 -.0009783
T 8516  1 .1981728E+07   1000147E-02 -.2275E+01 -.1159E+01   .9999996 -.0005717 -.0006142
T 8517  1 .1988196E+07   1000211E-02 -.1348E+02  .2075E+01   .9999989 -.0014725  .0000201
T 8518  1 .1984347E+07   1000100E-02 -.1666E+02 -.1361E+02   .9999931 -.0023950 -.0028260
T 8519  1 .1980030E+07   1000168E-02 -.1788E+02  .7879E+01   .9999975  .0001273  .0022282
T 8520  1 .1983461E+07   1000055E-02  .4801E+01  .1128E+02   .9999901  .0016535  .0041421
T 8521  1 .1987865E+07   1000003E-02  .2004E+01 -.5077E+00   .9999999  .0003718  .0003977
T 8522  1 .1984740E+07   1000080E-02 -.1600E+02 -.1379E+02   .9999920 -.0025864 -.0030587
T 8523  1 .1985702E+07   1000053E-02 -.9908E+01  .1897E+02   .9999973 -.0015166  .0017797
T 8524  1 .1984135E+07   1000159E-02 -.9891E+01  .5114E+01   .9999896 -.0040151  .0021626
T 8525  1 .1985694E+07   1000037E-02 -.1469E+02 -.7046E+01   .9999966 -.0018210 -.0018529
T 8526  1 .1986070E+07   1000033E-02  .7838E+01 -.1395E+02   .9999959  .0020004 -.0020372
T 8527  1 .1982011E+07   1000163E-02  .1469E+00 -.2648E+01   .9999998  .0004493 -.0003908
T 8528  1 .1983125E+07   1000006E-02  .5197E+01 -.3672E+01   .9999996 -.0003901 -.0008205
T 8529  1 .1982362E+07   1000009E-02  .1098E+02  .2276E+01   .9999979  .0017004  .0011463
T 8530  1 .1988933E+07   1000146E-02  .1318E+02 -.5833E+01   .9999806  .0051079 -.0035647
T 8531  1 .1983457E+07   1000119E-02 -.5876E+01  .3947E+01   .9999986  .0009008  .0013793
T 8532  1 .1991894E+07   1000225E-02  .9187E+01  .1834E+01   .9999977  .0020676  .0005495
T 8533  1 .1983648E+07   1000166E-02  .2638E+01 -.3230E+01   .9999991  .0008369 -.0010497
T 8534  1 .1982489E+07   1000201E-02  .1263E+02 -.7301E+01   .9999871  .0035028 -.0036768
T 8535  1 .1984603E+07   1000156E-02  .3636E+01 -.3634E+00   .9999998 -.0005376 -.0004309
T 8536  1 .1983215E+07   1000166E-02 -.1330E+01 -.1332E+01   .9999994 -.0008741 -.0006416
T 8537  1 .1983897E+07   1000141E-02  .1051E+01 -.9746E+00   .9999996  .0007699 -.0004452
T 8538  1 .1988456E+07   1000152E-02  .7082E+00  .1379E+01   .9999999  .0004841  .0000726
T 8539  1 .1983201E+07   1000005E-02  .6218E+00  .1259E+00   .9999996  .0006477  .0005726
T 8540  1 .1987189E+07   1000022E-02 -.9680E+00 -.1694E+01   .9999996 -.0000356 -.0008721
T 8541  1 .1983552E+07   1000032E-02  .1965E+02  .2933E+01   .9999822  .0059695 -.0001837
T 8542  1 .1989134E+07   1000127E-02  .1217E+02  .1301E+02   .9999958  .0015456  .0024439
T 8543  1 .1984920E+07   1000205E-02  .8119E+00 -.2476E+00   .9999998 -.0003236 -.0005059
T 8544  1 .1983686E+07   1000117E-02 -.7823E+01  .2129E+01   .9999999 -.0003846  .0000709
T 8545  1 .1986924E+07   1000105E-02 -.4435E+01 -.3901E+00   .9999959 -.0027293 -.0009032
T 8546  1 .1988643E+07   1000075E-02  .4263E+01 -.5217E+01   .9999977  .0012469 -.0017533
T 8547  1 .1987083E+07   1000008E-02  .8364E+01  .3323E+01   .9999993  .0011896  .0002359
T 8548  1 .1984963E+07   1000052E-02  .1825E+01 -.9394E+00   .9999999 -.0000190  .0002416
T 8549  1 .1981567E+07   1000132E-02  .1933E+02 -.1532E+02   .9999893  .0020511 -.0041480
T 8550  1 .1984160E+07   1000166E-02  .2808E+01 -.1762E+02   .9999992 -.0004934 -.0011364
T 8551  1 .1981407E+07   1000015E-02 -.5850E+01  .1079E+02   .9999992  .0002029  .0012803
T 8552  1 .1983828E+07   1000178E-02 -.3096E+01 -.8749E+01   .9999959 -.0019627 -.0021023
T 8553  1 .1989867E+07   1000116E-02 -.2971E+01 -.1127E+01   .9999832 -.0057942 -.0000339
T 8554  1 .1982860E+07   1000189E-02 -.3144E+02  .5877E+01   .9999670 -.0081192  .0001742
T 8555  1 .1978688E+07   1000225E-02  .3748E+01  .6303E+00   .9999959  .0022154  .0018341
T 8556  1 .1981959E+07   1000191E-02  .7384E+01  .4669E+01   .9999987  .0015837  .0003663
T 8557  1 .1987484E+07   1000212E-02 -.3737E+01  .2249E+01   .9999989 -.0013374  .0006642
T 8558  1 .1980020E+07   1000183E-02  .1769E+02  .3105E+01   .9999941  .0022926  .0025577
T 8559  1 .1988042E+07   1000188E-02 -.9850E+01 -.3735E+01   .9999969 -.0018336 -.0016945
T 8560  1 .1978285E+07   1000190E-02  .7035E+01 -.1787E+00   .9999999  .0000190  .0001308
T 8561  1 .1984233E+07   1000182E-02  .1003E+02  .5023E+02   .9999350  .0019729  .0112331
T 8562  1 .1986298E+07   1000062E-02  .8839E+01  .5167E+00   .9999961  .0027504  .0004639
T 8563  1 .1983163E+07   1000195E-02 -.3162E+01 -.6368E+02   .9999641 -.0001638 -.0084716
T 8564  1 .1991237E+07   1000183E-02  .2631E+02  .4518E+01   .9999978  .0019209  .0008972
T 8565  1 .1985129E+07   1000004E-02  .6737E+01  .3140E+00   .9999941  .0019811 -.0028220
T 8566  1 .1983342E+07   1000103E-02 -.1274E+01  .3653E+01   .9999955 -.0004054  .0029591
T 8567  1 .1985235E+07   1000029E-02  .1466E+01  .7370E+01   .9999954 -.0027916  .0011971
T 8568  1 .1989879E+07   1000131E-02  .1019E+02  .2232E+01   .9999995  .0008282  .0005676
T 8569  1 .1984590E+07   1000148E-02 -.5583E+01  .6425E+01   .9999990 -.0014095 -.0002622
T 8570  1 .1983061E+07   1000025E-02  .2444E+01 -.3271E+00   .9999927  .0028911 -.0025000
T 8571  1 .1983944E+07   1000140E-02 -.1756E+02 -.1771E+01   .9999879 -.0049202 -.0002808
T 8572  1 .1983785E+07   1000085E-02  .3056E+01  .4598E+01   .9999595  .0053847  .0072064
T 8573  1 .1982627E+07   1000194E-02 -.4559E+02  .5090E+01   .9999828 -.0057411  .0011661
T 8574  1 .1984680E+07   1000142E-02  .2189E+02  .2658E+01   .9999841  .0056193  .0004983
T 8575  1 .1986072E+07   1000013E-02 -.4895E+00 -.1563E+02   .9999843  .0005992 -.0055703
T 8576  1 .1985889E+07   1000211E-02 -.6046E+01  .2471E+01   .9999988 -.0004529  .0014669
T 8577  1 .1983691E+07   1000189E-02 -.1190E+02  .2475E+02   .9999943 -.0006011  .0033173
T 8578  1 .1987401E+07   1000120E-02  .5885E+01  .6808E+01   .9999995  .0006649  .0007855
T 8579  1 .1985785E+07   1000153E-02  .5557E+01  .1161E+01   .9999968  .0020394  .0015237
T 8580  1 .1987706E+07   1000116E-02  .6197E+01 -.2162E+01   .9999225  .0102392 -.0070846
T 8581  1 .1986671E+07   1000200E-02 -.4511E+01 -.3501E+01   .9999543 -.0075554 -.0058508
T 8582  1 .1987545E+07   1000175E-02 -.1793E+02  .1922E+01   .9999890 -.0045498  .0011682
T 8583  1 .1985394E+07   1000217E-02  .7843E+00  .5210E+01   .9999995 -.0002412  .0009584
T 8584  1 .1986427E+07   1000061E-02 -.1021E+03  .8283E+02   .9996956 -.0187588  .0160257
T 8585  1 .1986714E+07   1000003E-02 -.8565E+00 -.1053E+02   .9999941  .0014925 -.0031007
T 8586  1 .1983419E+07   1000008E-02  .1021E+01  .1900E+01   .9999991 -.0011462 -.0006226
T 8587  1 .1985802E+07   1000222E-02 -.1735E+02 -.1500E+02   .9998915 -.0096297 -.0111495
T 8588  1 .1991308E+07   1000188E-02 -.1066E+02 -.3776E+01   .9999926 -.0037432 -.0009321
T 8589  1 .1982438E+07   1000058E-02  .2361E+01 -.1972E+01   .9999780 -.0053460 -.0039195
T 8590  1 .1985269E+07   1000062E-02  .1252E+02  .5950E+01   .9999947  .0030139  .0012595
T 8591  1 .1983113E+07   1000108E-02  .5728E+00 -.1657E+00   .9999992  .0002965  .0012691
T 8592  1 .1982155E+07   1000176E-02 -.2220E+01 -.3765E+01   .9999967 -.0011697 -.0022914
T 8593  1 .1984636E+07   1000086E-02  .2228E+02 -.4384E+02   .9999842  .0023084 -.0051262
T 8594  1 .1984193E+07   1000080E-02 -.1707E+01  .6701E+01   .9999999  .0003319  .0003610
T 8595  1 .1989646E+07   1000124E-02  .1260E+02  .9152E+00   .9999963  .0023633  .0013565
T 8596  1 .1985875E+07   1000201E-02  .2275E+00 -.1104E+01   .9999996  .0007667 -.0004639
T 8597  1 .1989939E+07   1000144E-02  .2609E+01 -.3201E+01   .9999976  .0021753 -.0004094
T 8598  1 .1984712E+07   1000175E-02  .7077E+01  .2100E+01   .9999988  .0014569 -.0005174
T 8599  1 .1984509E+07   1000125E-02  .2439E+01 -.4537E+01   .9999904 -.0002642 -.0043748
T 8600  1 .1982458E+07   1000183E-02  .1321E+02 -.2245E+01   .9999975  .0020656 -.0008143
T 8601  1 .1984286E+07   1000211E-02 -.5099E+01 -.1461E+01   .9999940  .0027451  .0021016
T 8602  1 .1990313E+07   1000217E-02  .2571E+01  .1239E+01   .9999995  .0008992  .0003297
T 8603  1 .1989458E+07   1000165E-02  .2757E+01 -.2355E+01   .9999961  .0017523  .0021917
T 8604  1 .1982510E+07   1000034E-02  .1142E+02 -.4951E+01   .9999942  .0033250 -.0007360
T 8605  1 .1984683E+07   1000148E-02  .8976E+01 -.6046E+01   .9999984  .0017601 -.0001823
T 8606  1 .1983599E+07   1000099E-02 -.1400E+01 -.2293E+01   .9999960  .0025002  .0013396
T 8607  1 .1978428E+07   1000213E-02  .2975E+00 -.4285E+01   .9999922  .0002094 -.0039327
T 8608  1 .1981998E+07   1000102E-02  .1462E+01  .1272E+01   .9999997 -.0000051  .0008197
T 8609  1 .1990071E+07   1000150E-02  .1836E+02  .2712E+01   .9999896  .0044702  .0008770
T 8610  1 .1985420E+07   1000056E-02  .5330E+00 -.1138E+01   .9999943  .0030276 -.0015071
T 8611  1 .1983513E+07   1000137E-02 -.1846E+02  .1744E+02   .9999894 -.0039623  .0023312
T 8612  1 .1984821E+07   1000088E-02 -.6497E+01  .3093E+01   .9999969 -.0016729 -.0018377
T 8613  1 .1983658E+07   1000208E-02 -.3775E+01 -.3552E+01   .9999933 -.0016061 -.0032909
T 8614  1 .1989777E+07   1000118E-02 -.1282E+02 -.2127E+01   .9999957 -.0029146  .0002512
T 8615  1 .1987208E+07   1000072E-02 -.2755E+02  .3332E+01   .9999967 -.0021819 -.0013356
T 8616  1 .1985483E+07   1000108E-02 -.1250E+01 -.2574E+01   .9999946  .0011982 -.0030458
T 8617  1 .1986729E+07   1000209E-02  .1387E+02 -.4810E+01   .9999926  .0036019 -.0013521
T 8618  1 .1982101E+07   1000166E-02  .5008E+00 -.1462E+01   .9999997  .0007185  .0000393
T 8619  1 .1990037E+07   1000060E-02 -.1161E+01 -.3166E+02   .9999786 -.0018216 -.0062809
T 8620  1 .1982190E+07   1000165E-02 -.4408E+01  .1277E+01   .9999992 -.0011968  .0003923
T 8621  1 .1987639E+07   1000122E-02 -.4558E+01  .1020E+02   .9999962 -.0001703  .0027389
T 8622  1 .1979889E+07   1000166E-02  .7587E+01  .7511E+01   .9999959  .0019268  .0020988
T 8623  1 .1981623E+07   1000151E-02  .3850E+01  .9149E+01   .9999955  .0013130  .0026986
T 8624  1 .1983030E+07   1000148E-02 -.1172E+02 -.4739E+01   .9998427 -.0147950  .0097819
T 8625  1 .1986463E+07   1000004E-02  .1213E+02  .2797E+01   .9999924  .0032735  .0021010
T 8626  1 .1985721E+07   1000165E-02 -.7533E+01  .3081E+02   .9999821 -.0003033  .0059809
T 8627  1 .1981527E+07   1000095E-02 -.2743E+01  .8386E+00   .9999997 -.0007029 -.0003763
T 8628  1 .1981327E+07   1000047E-02 -.3919E+01 -.2428E+01   .9999988 -.0014645 -.0005608
T 8629  1 .1985500E+07   1000218E-02  .1695E+02 -.4606E+01   .9999961  .0027790 -.0004082
T 8630  1 .1984638E+07   1000145E-02 -.2939E+00  .1480E+01   .9999986  .0008921  .0014001
T 8631  1 .1981613E+07   1000215E-02  .4467E+01 -.5235E-01   .9999514  .0097503  .0014612
T 8632  1 .1984378E+07   1000211E-02  .7448E+00 -.2685E+01   .9999979 -.0016174  .0012832
T 8633  1 .1987180E+07   1000001E-02  .1115E+00 -.4137E+00   .9999947  .0027832 -.0017120
T 8634  1 .1986458E+07   1000027E-02 -.2660E+01  .1283E+02   .9999956 -.0002087  .0029670
T 8635  1 .1980160E+07   1000177E-02 -.4043E+01  .5839E+01   .9999983 -.0018292  .0001215
T 8636  1 .1984017E+07   1000088E-02 -.6197E+01 -.4785E+01   .9999968  .0021764  .0012972
T 8637  1 .1985005E+07   1000173E-02 -.2053E+01 -.2092E+01   .9999967 -.0017650 -.0018475
T 8638  1 .1984770E+07   1000210E-02 -.7702E+01 -.1321E+02   .9999940 -.0000407 -.0034537
T 8639  1 .1983186E+07   1000202E-02 -.1239E+02  .2312E+02   .9999886 -.0001879  .0047755
T 8640  1 .1985583E+07   1000160E-02  .5323E+01 -.1509E+02   .9999980  .0017397 -.0009425
T 8641  1 .1986530E+07   1000175E-02 -.1103E+02  .5112E+01   .9999965 -.0026464 -.0000078
T 8642  1 .1984124E+07   1000124E-02  .2175E+01  .1054E+02   .9999903  .0006680  .0043542
T 8643  1 .1984830E+07   1000033E-02  .2798E+01  .2064E+00   .9999999  .0002784  .0003812
T 8644  1 .1986008E+07   1000075E-02  .2386E+02 -.1470E+01   .9999893  .0045997 -.0004207
T 8645  1 .1983521E+07   1000133E-02  .1752E+01 -.1021E+02   .9999951 -.0002509 -.0031079
T 8646  1 .1982098E+07   1000096E-02 -.8286E+00  .5730E+00   .9999999 -.0002579  .0000213
T 8647  1 .1987713E+07   1000055E-02  .1131E+01 -.3080E+01   .9999995  .0005946 -.0008338
T 8648  1 .1986327E+07   1000163E-02  .6561E+01 -.9470E+01   .9999993  .0000362  .0011680
T 8649  1 .1982950E+07   1000078E-02 -.4375E+01  .1106E+01   .9999997 -.0003437 -.0007625
T 8650  1 .1986112E+07   1000105E-02 -.3680E+00 -.2347E+01   .9999992  .0010496 -.0006733
T 8651  1 .1987023E+07   1000208E-02 -.1632E+00 -.3252E+01   .9999995  .0009937 -.0001894
T 8652  1 .1985531E+07   1000160E-02 -.4921E+01 -.7363E+00   .9999976 -.0021770  .0002118
T 8653  1 .1978109E+07   1000163E-02  .1581E+02 -.4699E+01   .9999967  .0024461 -.0008401
T 8654  1 .1989775E+07   1000072E-02  .1521E+02 -.4639E+02   .9999723  .0006636 -.0074129
T 8655  1 .1984952E+07   1000137E-02  .2376E+02  .2359E+02   .9999757  .0034985  .0060221
T 8656  1 .1983888E+07   1000172E-02  .3514E+01  .8160E+01   .9999923 -.0005625  .0038860
T 8657  1 .1988069E+07   1000148E-02  .7711E+01  .4976E+01   .9999887  .0032493  .0034731
T 8658  1 .1985427E+07   1000064E-02 -.1602E+01  .1595E+01   .9999998 -.0006317  .0002787
T 8659  1 .1985331E+07   1000147E-02 -.1747E+02 -.2554E+02   .9999872 -.0025945 -.0043534
T 8660  1 .1979703E+07   1000003E-02  .1729E+02 -.4891E+02   .9999828  .0030874 -.0049836
T 8661  1 .1983468E+07   1000167E-02  .4615E+01 -.1940E+02   .9999963  .0007126 -.0026111
T 8662  1 .1979154E+07   1000096E-02 -.7750E+01 -.8862E+01   .9999856 -.0051229 -.0016273
T 8663  1 .1983638E+07   1000078E-02  .5963E+00  .3687E+01   .9999991 -.0004429  .0012869
T 8664  1 .1987482E+07   1000174E-02 -.1037E+02 -.2231E+01   .9999992 -.0012704 -.0001354
T 8665  1 .1989186E+07   1000123E-02  .2869E+01 -.1370E+01   .9999993 -.0001981  .0011674
T 8666  1 .1985504E+07   1000079E-02  .1801E+02  .2127E+02   .9999889  .0021929  .0041714
T 8667  1 .1985632E+07   1000167E-02  .5753E+00 -.7369E+00   .9999988  .0009744 -.0012127
T 8668  1 .1981801E+07   1000057E-02 -.3165E+01 -.4531E+01   .9999993 -.0010285  .0005849
T 8669  1 .1983744E+07   1000146E-02  .1435E+01 -.1108E+01   .9999997  .0002989  .0007737
T 8670  1 .1987582E+07   1000120E-02  .6726E+01  .1575E+01   .9999993  .0011945 -.0001852
T 8671  1 .1984567E+07   1000123E-02  .8757E+02 -.3044E+02   .9998658  .0152432 -.0060090
T 8672  1 .1985640E+07   1000220E-02 -.3926E+01  .5376E+01   .9999959 -.0027599  .0007523
T 8673  1 .1985233E+07   1000184E-02 -.8074E+00 -.1859E+01   .9999999 -.0001260 -.0001347
T 8674  1 .1982330E+07   1000143E-02  .1158E+01  .3037E+01   .9999994  .0007441  .0007690
T 8675  1 .1979320E+07   1000161E-02  .1859E+01  .1450E+01   .9999996  .0007057  .0005341
T 8676  1 .1986057E+07   1000034E-02 -.4665E+01  .1534E+02   .9999977 -.0001512  .0021370
T 8677  1 .1983023E+07   1000190E-02  .6388E+01 -.3759E+01   .9999969  .0024204  .0005049
T 8678  1 .1981205E+07   1000176E-02  .1923E+01 -.6287E+00   .9999998 -.0000255  .0005513
T 8679  1 .1979664E+07   1000001E-02  .1092E+02  .1644E+00   .9999917  .0040746  .0002260
T 8680  1 .1987216E+07   1000042E-02  .2684E+01 -.1592E+02   .9999890 -.0007143 -.0046344
T 8681  1 .1980114E+07   1000191E-02 -.3594E+00  .3176E+01   .9999850  .0030541  .0045359
T 8682  1 .1983631E+07   1000081E-02  .9680E+01  .9145E+01   .9999969  .0020431  .0013915
T 8683  1 .1985589E+07   1000221E-02  .1370E+01 -.5979E+01   .9999760  .0034406 -.0060126
T 8684  1 .1981024E+07   1000157E-02  .6884E+01 -.5729E+00   .9999994 -.0004788 -.0009571
T 8685  1 .1980287E+07   1000141E-02 -.4199E+01  .3416E+01   .9999839  .0053574  .0018678
T 8686  1 .1981246E+07   1000164E-02  .6032E+01 -.7143E+01   .9999997  .0004957 -.0005287
T 8687  1 .1985301E+07   1000142E-02 -.7456E+01  .7842E+01   .9999976 -.0018250  .0011965
T 8688  1 .1985071E+07   1000099E-02  .1932E+01  .4222E+01   .9999944  .0016166  .0029367
T 8689  1 .1979981E+07   1000007E-02 -.1022E+02  .2478E+01   .9999962 -.0027257  .0003415
T 8690  1 .1985598E+07   1000192E-02 -.6727E+01 -.2114E+02   .9999916 -.0016202 -.0037632
T 8691  1 .1987006E+07   1000196E-02 -.6710E+01  .4237E+01   .9999990 -.0012014  .0007585
T 8692  1 .1982308E+07   1000113E-02  .1198E+01 -.9696E+01   .9999973  .0012229 -.0019748
T 8693  1 .1984061E+07   1000023E-02 -.1805E+02  .1005E+02   .9999838 -.0047974  .0030743
T 8694  1 .1986138E+07   1000030E-02  .8060E+01  .5616E+01   .9999964  .0019125  .0019043
T 8695  1 .1987312E+07   1000179E-02  .4877E+01 -.1147E+02   .9999967  .0021103 -.0014830
T 8696  1 .1985163E+07   1000154E-02  .1081E+02 -.2148E+01   .9999982  .0018244 -.0005225
T 8697  1 .1986224E+07   1000164E-02 -.2824E+01  .5906E+00   .9999952 -.0029742 -.0008470
T 8698  1 .1985956E+07   1000040E-02 -.9176E+01 -.1166E+02   .9999973 -.0001097 -.0023229
T 8699  1 .1980215E+07   1000004E-02 -.6134E+00 -.2550E+01   .9999878  .0003682 -.0049238
T 8700  1 .1989951E+07   1000179E-02 -.5299E+01 -.3968E+01   .9999999 -.0002466 -.0003442
T 8701  1 .1979333E+07   1000146E-02 -.6901E+01  .9668E+01   .9999936 -.0017866  .0030941
T 8702  1 .1985239E+07   1000136E-02 -.4681E+01 -.2152E+01   .9999993 -.0011558 -.0002667
T 8703  1 .1980662E+07   1000140E-02  .1222E+01 -.6058E+01   .9999956  .0000675 -.0029760
T 8704  1 .1985013E+07   1000214E-02 -.1424E+02  .1484E+02   .9999933 -.0032237  .0017221
T 8705  1 .1983135E+07   1000205E-02 -.6726E+01 -.9314E+01   .9999991 -.0002282 -.0013149
T 8706  1 .1986641E+07   1000189E-02 -.9433E+01  .2559E+01   .9999979 -.0018745  .0008755
T 8707  1 .1982964E+07   1000168E-02  .2460E+02  .3800E+01   .9999907  .0040029  .0015749
T 8708  1 .1989340E+07   1000122E-02 -.5389E+01  .9130E+01   .9999961 -.0009139  .0026441
T 8709  1 .1985449E+07   1000180E-02  .9202E+02 -.3265E+02   .9998840  .0146111 -.0043127
T 8710  1 .1989122E+07   1000177E-02  .1886E+02 -.4428E+01   .9999940  .0030932 -.0015696
T 8711  1 .1982122E+07   1000052E-02  .1107E+02 -.1232E+01   .9999907  .0042605 -.0006162
T 8712  1 .1984677E+07   1000169E-02  .6620E+01  .8519E+01   .9999942  .0015814  .0030262
T 8713  1 .1983502E+07   1000038E-02 -.3713E+02  .5873E+02   .9999474 -.0055611  .0086138
T 8714  1 .1984006E+07   1000175E-02 -.2528E+01 -.6642E+01   .9999906 -.0007165  .0042690
T 8715  1 .1987849E+07   1000137E-02 -.1284E+02 -.4072E+01   .9999827 -.0056470 -.0016613
T 8716  1 .1984725E+07   1000174E-02  .1166E-03 -.2660E+02   .9999849 -.0002531 -.0054829
T 8717  1 .1983745E+07   1000092E-02 -.1119E+02  .2123E+01   .9999979 -.0006424  .0019559
T 8718  1 .1987221E+07   1000220E-02  .7062E+01 -.3592E+01   .9999990 -.0005298  .0013358
T 8719  1 .1983719E+07   1000197E-02 -.3975E-01  .1219E+01   .9999998 -.0002337  .0006267
T 8720  1 .1981926E+07   1000029E-02 -.8024E+01 -.1835E+01   .9999980 -.0019014 -.0005453
T 8721  1 .1984477E+07   1000038E-02  .3256E-01 -.1781E+01   .9999999 -.0001702 -.0001123
T 8722  1 .1987372E+07   1000030E-02  .6194E+01 -.1298E+02   .9999897  .0018557 -.0041412
T 8723  1 .1986576E+07   1000131E-02  .4093E+01  .3903E+01   .9999994 -.0002100 -.0010716
T 8724  1 .1982777E+07   1000157E-02 -.1633E+02  .8004E+00   .9999928 -.0022291  .0030558
T 8725  1 .1986379E+07   1000172E-02  .3309E+01  .6404E+01   .9999997  .0003536  .0006990
T 8726  1 .1988300E+07   1000025E-02 -.8594E+00  .9460E+00   .9999999 -.0002942  .0001973
T 8727  1 .1981640E+07   1000044E-02 -.1331E+01  .7927E+01   .9999999  .0000374  .0004428
T 8728  1 .1985225E+07   1000082E-02  .2800E+01  .1336E+01   .9999995  .0007856  .0005539
T 8729  1 .1987065E+07   1000198E-02  .1937E+01 -.1628E+02   .9999918  .0015403 -.0037407
T 8730  1 .1982019E+07   1000212E-02  .2011E+01  .5093E+02   .9999850 -.0006687  .0054377
T 8731  1 .1979962E+07   1000190E-02  .2593E+01 -.3216E+01   .9999997  .0000167 -.0008319
T 8732  1 .1983007E+07   1000219E-02 -.2572E+01  .4010E+01   .9999993  .0005485  .0010033
T 8733  1 .1985190E+07   1000154E-02  .4249E+01  .1078E+02   .9999991 -.0000398  .0013139
T 8734  1 .1986586E+07   1000118E-02  .9904E+00 -.6626E+00   .9999999 -.0004228  .0002461
T 8735  1 .1982932E+07   1000157E-02  .5594E+01 -.7949E+01   .9999980  .0018540 -.0007603
T 8736  1 .1980614E+07   1000012E-02  .8777E+00 -.4451E+00   .9999961  .0007217 -.0027144
T 8737  1 .1984691E+07   1000171E-02  .9553E+00  .3493E+01   .9999996  .0008900 -.0000018
T 8738  1 .1987109E+07   1000122E-02 -.3627E+02 -.4398E+02   .9999530 -.0047105 -.0084770
T 8739  1 .1987090E+07   1000080E-02 -.7601E+01 -.1235E+01   .9999974 -.0021709 -.0006881
T 8740  1 .1989559E+07   1000025E-02  .1139E+01  .8932E+01   .9999998 -.0000954  .0005544
T 8741  1 .1981807E+07   1000209E-02  .8601E+01  .1342E+02   .9999944  .0010363  .0031942
T 8742  1 .1990592E+07   1000064E-02  .9916E+01  .7916E+00   .9999996  .0008269  .0001885
T 8743  1 .1982044E+07   1000161E-02 -.2288E+01 -.6422E+00   .9999974  .0022964  .0001471
T 8744  1 .1991238E+07   1000194E-02 -.9962E+01 -.1292E+02   .9999945 -.0027308 -.0018587
T 8745  1 .1984742E+07   1000090E-02 -.3283E+01  .3444E+01   .9999998 -.0003178  .0006075
T 8746  1 .1981927E+07   1000225E-02 -.7662E-01 -.1366E+01   .9999998  .0004603 -.0004261
T 8747  1 .1982884E+07   1000106E-02 -.2922E+01 -.2674E+01   .9999997  .0007374  .0003878
T 8748  1 .1984141E+07   1000187E-02 -.4584E+00  .8749E+01   .9999935 -.0003846  .0035949
T 8749  1 .1984058E+07   1000096E-02  .1067E+02  .4439E+01   .9999966  .0025221  .0007332
T 8750  1 .1982876E+07   1000032E-02  .2121E+01 -.2735E+02   .9999271  .0019304 -.0119205
T 8751  1 .1986136E+07   1000002E-02  .8899E+01 -.7529E+00   .9999967  .0022771 -.0011927
T 8752  1 .1981771E+07   1000035E-02  .6152E+01 -.9042E+00   .9999985  .0004182 -.0016603
T 8753  1 .1980446E+07   1000158E-02 -.3723E+01 -.2146E+01   .9999955  .0016590 -.0025039
T 8754  1 .1983676E+07   1000185E-02  .1792E+01 -.2042E+02   .9999310  .0008368 -.0117199
T 8755  1 .1980456E+07   1000194E-02  .1937E+02 -.3761E+01   .9999917  .0040384 -.0005196
T 8756  1 .1983165E+07   1000113E-02  .1396E+02  .2262E+00   .9999942  .0033887  .0003689
T 8757  1 .1981049E+07   1000146E-02  .7909E+01  .1681E+02   .9999951  .0009226  .0029884
T 8758  1 .1984764E+07   1000129E-02 -.1390E+02 -.8093E+01   .9999951 -.0030310 -.0007526
T 8759  1 .1985520E+07   1000225E-02  .5833E+01 -.3424E+01   .9999876  .0039479 -.0030189
T 8760  1 .1980716E+07   1000071E-02 -.4106E+02  .7181E+01   .9999731 -.0072596  .0010771
T 8761  1 .1983015E+07   1000021E-02 -.6243E+01  .1019E+02   .9999965 -.0010474  .0024157
T 8762  1 .1981518E+07   1000192E-02  .2354E+01  .3694E+01   .9999975 -.0007817  .0021055
T 8763  1 .1986305E+07   1000056E-02  .8477E+01 -.6789E+01   .9999972  .0014275 -.0018717
T 8764  1 .1987230E+07   1000127E-02 -.7415E+01 -.6419E+01   .9999758 -.0022930 -.0065724
T 8765  1 .1983509E+07   1000152E-02  .2317E+01 -.2079E+02   .9999905 -.0021140 -.0038237
T 8766  1 .1988809E+07   1000053E-02 -.1862E+01 -.6663E+00   .9999995 -.0010299  .0000775
T 8767  1 .1985211E+07   1000185E-02  .5242E+01 -.7905E+01   .9999992  .0000907 -.0012562
T 8768  1 .1982022E+07   1000217E-02  .1141E+01  .1340E+00   .9999995  .0009604 -.0001817
T 8769  1 .1985092E+07   1000047E-02 -.4502E+01  .4536E+01   .9999935 -.0018163  .0031233
T 8770  1 .1985211E+07   1000004E-02 -.5293E+01 -.7989E+01   .9999933 -.0021533 -.0029770
T 8771  1 .1985316E+07   1000188E-02  .1307E+01 -.7393E+01   .9999940 -.0003378 -.0034513
T 8772  1 .1984909E+07   1000206E-02 -.5509E+01 -.9913E+01   .9999957 -.0007662 -.0028303
T 8773  1 .1989091E+07   1000092E-02 -.7603E+01  .2732E+01   .9999948 -.0004320 -.0031951
T 8774  1 .1986121E+07   1000002E-02 -.6535E+01  .2493E+01   .9999950 -.0028349  .0014199
T 8775  1 .1988404E+07   1000225E-02 -.1649E+02 -.1907E+02   .9999953 -.0020766 -.0022568
T 8776  1 .1987308E+07   1000132E-02  .7792E+01  .4867E+01   .9999979  .0018963  .0007318
T 8777  1 .1979890E+07   1000086E-02 -.2383E+01  .1098E+02   .9999979  .0004444  .0019961
T 8778  1 .1987486E+07   1000061E-02  .3262E+01 -.8799E+00   .9999996  .0006575  .0006598
T 8779  1 .1989927E+07   1000074E-02  .2858E+01  .1299E+01   .9999976  .0021224  .0005631
T 8780  1 .1982447E+07   1000110E-02 -.6801E+00  .3913E+00   .9999999 -.0003453  .0001576
T 8781  1 .1984711E+07   1000224E-02 -.5439E+01  .5104E+01   .9999898  .0020323  .0040290
T 8782  1 .1982579E+07   1000139E-02 -.4983E+01 -.1219E+02   .9999969 -.0006204 -.0024290
T 8783  1 .1981981E+07   1000164E-02  .1932E+01  .1886E+01   .9999986  .0014214  .0008252
T 8784  1 .1980511E+07   1000055E-02  .4138E+01  .2066E+01   .9999993  .0011745  .0003399
T 8785  1 .1988355E+07   1000103E-02  .1539E+02  .1502E+02   .9999673  .0060696  .0053430
T 8786  1 .1983831E+07   1000215E-02 -.6931E+01 -.5120E+01   .9999986 -.0015786  .0005564
T 8787  1 .1984104E+07   1000181E-02  .7283E+01  .8230E+01   .9999968  .0022429  .0011854
T 8788  1 .1983570E+07   1000028E-02 -.1097E+01  .1480E+02   .9999988 -.0006308  .0013816
T 8789  1 .1983799E+07   1000138E-02 -.2677E+01 -.2777E+01   .9999997 -.0006237 -.0003717
T 8790  1 .1984046E+07   1000006E-02 -.6090E+01  .6013E+01   .9999987 -.0012604  .0010183
T 8791  1 .1988287E+07   1000056E-02  .1163E+02  .3362E+02   .9999363  .0044487  .0103751
T 8792  1 .1985118E+07   1000172E-02  .5483E+01 -.1524E+02   .9999789  .0027124 -.0058957
T 8793  1 .1982642E+07   1000102E-02  .4868E+01 -.2959E+01   .9999980  .0011543 -.0016551
T 8794  1 .1988396E+07   1000078E-02 -.2812E+01  .2173E+01   .9999992  .0007065  .0010511
T 8795  1 .1981040E+07   1000059E-02  .1113E+02 -.3418E+00   .9999942  .0009066 -.0032953
T 8796  1 .1986491E+07   1000175E-02 -.4876E+01 -.3594E+01   .9999962 -.0025860 -.0009330
T 8797  1 .1987299E+07   1000204E-02 -.1499E+02 -.1503E+02   .9999955 -.0005474 -.0029471
T 8798  1 .1983118E+07   1000077E-02  .1067E+02  .1200E+02   .9999948  .0024850  .0020336
T 8799  1 .1990132E+07   1000218E-02 -.1733E+01  .1900E+01   .9999991 -.0012067  .0005984
T 8800  1 .1981964E+07   1000127E-02  .1229E+02  .3098E+01   .9999994  .0011021 -.0000334
T 8801  1 .1983268E+07   1000034E-02 -.7230E+00 -.2500E+01   .9999971  .0009420 -.0022143
T 8802  1 .1979597E+07   1000001E-02  .3842E+01 -.2299E+01   .9999999  .0003058 -.0003544
T 8803  1 .1981528E+07   1000165E-02  .2342E+02  .5795E+01   .9999842  .0054216  .0014822
T 8804  1 .1988121E+07   1000027E-02 -.3280E+01  .1720E+02   .9999970  .0002777  .0024293
T 8805  1 .1985631E+07   1000130E-02 -.7960E+00 -.1333E+01   .9999983  .0012577  .0013243
T 8806  1 .1980664E+07   1000219E-02 -.8058E+01 -.8393E+01   .9999985 -.0013408 -.0011212
T 8807  1 .1985074E+07   1000088E-02 -.3007E+01 -.4997E+01   .9999989 -.0002756 -.0014353
T 8808  1 .1982685E+07   1000200E-02 -.1220E+02 -.6211E+01   .9999983 -.0001198 -.0018266
T 8809  1 .1983728E+07   1000054E-02 -.3235E+01  .1660E+01   .9999998 -.0003031  .0005132
T 8810  1 .1981585E+07   1000007E-02 -.3442E+02 -.4383E+02   .9999187 -.0100135 -.0078961
T 8811  1 .1986766E+07   1000101E-02  .8472E+00 -.1450E+01   .9999993  .0010917  .0003887
T 8812  1 .1987845E+07   1000036E-02  .1091E+02 -.7078E+01   .9999992  .0009758 -.0008250
T 8813  1 .1983003E+07   1000056E-02 -.4033E+01 -.1327E+01   .9999977 -.0017009 -.0012985
T 8814  1 .1984926E+07   1000175E-02  .8004E+01  .1409E+02   .9999938  .0020949  .0028433
T 8815  1 .1983046E+07   1000157E-02 -.1560E+01 -.1652E+01   .9999955 -.0029787 -.0003238
T 8816  1 .1980611E+07   1000146E-02  .5503E+01  .2819E+01   .9999997 -.0001173 -.0007235
T 8817  1 .1983299E+07   1000225E-02 -.1011E+02  .2138E+00   .9999992  .0003153  .0011835
T 8818  1 .1987284E+07   1000005E-02  .2532E+01 -.2668E+01   .9999980  .0001851 -.0019708
T 8819  1 .1981547E+07   1000131E-02  .1569E+02 -.2743E+02   .9999901  .0026874 -.0035562
T 8820  1 .1985744E+07   1000222E-02 -.2172E+01 -.3539E+01   .9999997 -.0000860  .0007664
T 8821  1 .1979411E+07   1000137E-02 -.2496E+01 -.8692E+00   .9999968 -.0017809  .0018003
T 8822  1 .1980927E+07   1000031E-02  .6816E+01 -.2146E+01   .9999967  .0023568  .0009914
T 8823  1 .1983941E+07   1000089E-02  .1188E+01  .9078E+01   .9999994 -.0001960  .0010620
T 8824  1 .1978283E+07   1000025E-02 -.2925E+02 -.1116E+03   .9999240 -.0032244 -.0119013
T 8825  1 .1986630E+07   1000223E-02  .1363E+01 -.9199E+01   .9999989  .0012027  .0008754
T 8826  1 .1986379E+07   1000067E-02 -.1542E+02 -.7902E+00   .9999933 -.0031497 -.0018540
T 8827  1 .1985776E+07   1000182E-02  .1239E+01 -.8213E+01   .9999966  .0003411 -.0025922
T 8828  1 .1983615E+07   1000036E-02  .1431E+02 -.8162E+00   .9999904  .0040936 -.0015689
T 8829  1 .1980981E+07   1000213E-02 -.8337E+01 -.9914E+01   .9999645 -.0056028 -.0062961
T 8830  1 .1978541E+07   1000137E-02  .4503E+01 -.1007E+01   .9999790  .0064612  .0004702
T 8831  1 .1980053E+07   1000171E-02  .2368E+01  .1114E+02   .9999982 -.0006776  .0017605
T 8832  1 .1987383E+07   1000111E-02 -.1495E+01  .1273E+02   .9999957  .0004803  .0028771
T 8833  1 .1985194E+07   1000158E-02 -.2726E+01 -.9525E+00   .9999992 -.0003001  .0012567
T 8834  1 .1988878E+07   1000104E-02  .7476E+01 -.7377E+01   .9999979  .0003785 -.0020116
T 8835  1 .1981681E+07   1000119E-02  .1103E+02 -.1223E+02   .9999944  .0022675 -.0024438
T 8836  1 .1985149E+07   1000215E-02 -.7184E+00 -.6813E+00   .9999999 -.0004493 -.0000367
T 8837  1 .1987188E+07   1000186E-02 -.3056E+01 -.3326E+01   .9999986 -.0007462 -.0015102
T 8838  1 .1980927E+07   1000088E-02 -.6644E+00 -.1300E+02   .9999930  .0008183 -.0036404
T 8839  1 .1982547E+07   1000218E-02  .2152E+01  .1247E+02   .9999961  .0009253  .0026462
T 8840  1 .1987024E+07   1000013E-02  .5866E+01  .9602E+01   .9999972 -.0002023  .0023617
T 8841  1 .1987850E+07   1000158E-02  .1167E+02  .4033E+01   .9999970  .0024554  .0000772
T 8842  1 .1983252E+07   1000206E-02  .1194E+02 -.7861E+01   .9999943  .0030339 -.0014582
T 8843  1 .1981317E+07   1000183E-02 -.3170E+01 -.9416E+01   .9999994  .0003541 -.0010345
T 8844  1 .1983372E+07   1000060E-02  .4500E+01 -.8523E+01   .9999959  .0020546 -.0019870
T 8845  1 .1985735E+07   1000134E-02 -.1520E+01 -.9025E+00   .9999987 -.0014428 -.0007572
T 8846  1 .1983197E+07   1000137E-02  .1186E+02  .2448E+01   .9999945  .0030420  .0012898
T 8847  1 .1988299E+07   1000208E-02 -.2161E+01 -.1216E+01   .9999997 -.0007023 -.0001879
T 8848  1 .1986517E+07   1000212E-02 -.1308E+02 -.1188E+01   .9999971 -.0019789  .0013664
T 8849  1 .1984963E+07   1000028E-02 -.1023E+02 -.1321E+01   .9999949 -.0021704 -.0023378
T 8850  1 .1980242E+07   1000131E-02  .9138E+00 -.2754E+00   .9999999  .0002266  .0003642
T 8851  1 .1987021E+07   1000154E-02 -.1521E+01 -.5182E+01   .9999972  .0006708 -.0022591
T 8852  1 .1983709E+07   1000106E-02 -.2834E+02  .2030E+01   .9999936 -.0034740 -.0008336
T 8853  1 .1986014E+07   1000148E-02 -.2737E+01  .2900E+01   .9999997 -.0007377  .0003068
T 8854  1 .1981779E+07   1000208E-02  .2379E+01 -.7971E+01   .9999975 -.0004825 -.0021699
T 8855  1 .1985773E+07   1000107E-02  .4274E+01 -.4034E+02   .9999634  .0016615 -.0083928
T 8856  1 .1983312E+07   1000006E-02  .5000E+01  .8535E+00   .9999962  .0025989 -.0008893
T 8857  1 .1980391E+07   1000145E-02  .2378E+01  .1406E+02   .9999969  .0002898  .0024709
T 8858  1 .1987558E+07   1000180E-02  .2025E+01  .5397E+01   .9999953 -.0030428 -.0003438
T 8859  1 .1986846E+07   1000086E-02 -.1207E+02  .8697E+01   .9999960 -.0021370  .0018694
T 8860  1 .1978196E+07   1000224E-02 -.1392E+02 -.7722E+01   .9999906 -.0040208 -.0016410
T 8861  1 .1988370E+07   1000063E-02  .5411E+01  .3106E+01   .9999998  .0004722 -.0004080
T 8862  1 .1980922E+07   1000187E-02 -.5742E+01  .6812E+01   .9999946 -.0020241  .0025838
T 8863  1 .1987406E+07   1000004E-02  .1264E+02 -.1532E+01   .9999993  .0008008  .0008492
T 8864  1 .1985377E+07   1000188E-02  .2087E+02  .5557E+01   .9999844  .0045340  .0032620
T 8865  1 .1985485E+07   1000219E-02 -.2015E+01 -.1735E+01   .9999994 -.0001993 -.0010586
T 8866  1 .1985940E+07   1000001E-02 -.1269E+00 -.3368E+01   .9999996  .0008261 -.0002061
T 8867  1 .1986443E+07   1000043E-02  .4262E+00  .5325E+01   .9999982  .0011108  .0015588
T 8868  1 .1987415E+07   1000208E-02  .2139E+01  .9553E+00   .9999955  .0029604  .0003814
T 8869  1 .1981021E+07   1000094E-02  .2325E+01  .7840E+01   .9999992 -.0011783 -.0005538
T 8870  1 .1979586E+07   1000225E-02 -.2915E+01  .7000E+01   .9999744  .0052452  .0048636
T 8871  1 .1981583E+07   1000067E-02 -.2115E+02 -.1257E+02   .9999902 -.0034549 -.0027726
T 8872  1 .1984220E+07   1000181E-02 -.1616E+01 -.1605E+01   .9999894  .0022054 -.0040446
T 8873  1 .1988158E+07   1000043E-02  .2170E+01 -.4384E+01   .9999992  .0010102  .0008155
T 8874  1 .1983090E+07   1000191E-02 -.2982E+01 -.1110E+02   .9999986  .0016047  .0005311
T 8875  1 .1981638E+07   1000154E-02  .4077E+01 -.6392E+01   .9999976  .0008069  .0020278
T 8876  1 .1987789E+07   1000218E-02 -.4310E+01 -.1298E+02   .9999976 -.0004384 -.0021439
T 8877  1 .1981492E+07   1000179E-02  .4963E+01 -.3836E+01   .9999927  .0022210 -.0030977
T 8878  1 .1987044E+07   1000217E-02 -.1751E+02  .9238E+01   .9999881 -.0035329  .0033692
T 8879  1 .1983272E+07   1000195E-02  .9484E+01 -.3793E+02   .9999865  .0015498 -.0049593
T 8880  1 .1984643E+07   1000010E-02 -.9252E+01  .1819E+02   .9999924  .0026175  .0028824
T 8881  1 .1986632E+07   1000180E-02  .1727E+02  .2763E+01   .9999949  .0027101 -.0016954
T 8882  1 .1982052E+07   1000060E-02  .2019E+00 -.2676E+01   .9999994  .0011021  .0001540
T 8883  1 .1984717E+07   1000173E-02  .5904E+01 -.2249E+01   .9999998  .0005139 -.0002875
T 8884  1 .1985429E+07   1000148E-02 -.1080E+02  .3976E+01   .9999998 -.0000025  .0006640
T 8885  1 .1982053E+07   1000131E-02 -.1680E+02 -.6754E+00   .9999950 -.0031325 -.0004057
T 8886  1 .1986762E+07   1000016E-02 -.3287E+01  .4959E+01   .9999965 -.0000720  .0026464
T 8887  1 .1984156E+07   1000035E-02  .6298E+01  .1052E+01   .9999987  .0010632 -.0012222
T 8888  1 .1984964E+07   1000002E-02 -.9051E+00  .2012E+01   .9999999 -.0000730  .0000011
T 8889  1 .1988794E+07   1000195E-02  .8686E+01  .7526E+01   .9999999  .0003943  .0003420
T 8890  1 .1985594E+07   1000032E-02  .1220E+01 -.9971E+00   .9999996 -.0007372 -.0004937
T 8891  1 .1983980E+07   1000008E-02 -.7467E+01  .1732E+02   .9999792 -.0043027  .0048152
T 8892  1 .1988712E+07   1000074E-02  .4823E+01 -.5353E+01   .9999967  .0022833 -.0011633
T 8893  1 .1987745E+07   1000040E-02  .5492E+01  .7796E+00   .9999973  .0000381  .0023171
T 8894  1 .1984087E+07   1000162E-02  .1452E+02 -.1488E+02   .9999926  .0004164 -.0038189
T 8895  1 .1987069E+07   1000220E-02  .2041E+01  .1690E+00   .9999993 -.0011078 -.0003016
T 8896  1 .1983101E+07   1000005E-02 -.3212E+01 -.5051E+02   .9999731 -.0015050 -.0071731
T 8897  1 .1985996E+07   1000189E-02  .5217E+01  .8412E+01   .9999987  .0008384  .0013455
T 8898  1 .1985947E+07   1000100E-02 -.2135E+01  .4344E+02   .9999687  .0005347  .0078978
T 8899  1 .1982688E+07   1000165E-02 -.7502E+00 -.7277E+00   .9999997 -.0006994 -.0001361
T 8900  1 .1984372E+07   1000196E-02 -.4147E+01 -.4900E+01   .9999933 -.0033859 -.0014215
T 8901  1 .1990111E+07   1000121E-02 -.5953E+01  .2376E+00   .9999944 -.0032093  .0009720
T 8902  1 .1984836E+07   1000074E-02  .8428E+01 -.2712E+02   .9999931  .0005509 -.0036622
T 8903  1 .1987438E+07   1000085E-02 -.2345E+01  .7417E+01   .9999971 -.0008260  .0022600
T 8904  1 .1986165E+07   1000056E-02 -.2506E+01 -.1475E+00   .9999980 -.0017912 -.0008435
T 8905  1 .1985136E+07   1000096E-02 -.2050E+02 -.2243E+02   .9999836 -.0036685 -.0043957
T 8906  1 .1986913E+07   1000130E-02  .3063E+01  .7070E+01   .9999947  .0011146  .0030456
T 8907  1 .1984733E+07   1000016E-02 -.4759E+01  .4606E+01   .9999986 -.0012454  .0011169
T 8908  1 .1987279E+07   1000046E-02  .1099E+02 -.7901E+01   .9999981  .0019450 -.0001157
T 8909  1 .1986050E+07   1000197E-02  .7835E+00  .7092E+00   .9999994  .0010776  .0001053
T 8910  1 .1985656E+07   1000087E-02 -.2762E+02  .6805E+02   .9999689 -.0028796  .0073459
T 8911  1 .1987601E+07   1000151E-02 -.8509E+00  .1253E+02   .9999975  .0013523  .0017807
T 8912  1 .1980352E+07   1000176E-02  .4351E+01  .1572E+02   .9999948  .0004762  .0032047
T 8913  1 .1980372E+07   1000031E-02 -.4712E+01 -.4892E+01   .9999997 -.0005690 -.0005937
T 8914  1 .1986718E+07   1000124E-02  .2233E+01 -.4252E+01   .9999997  .0005248 -.0005062
T 8915  1 .1982803E+07   1000166E-02  .1307E+02 -.3938E+01   .9999963  .0026291 -.0006690
T 8916  1 .1986087E+07   1000051E-02 -.5352E+01 -.1004E+02   .9999971 -.0008964 -.0022225
T 8917  1 .1982625E+07   1000211E-02  .2964E+01  .1412E+02   .9999930  .0035678  .0011259
T 8918  1 .1978277E+07   1000179E-02 -.1225E+02  .8890E+01   .9999850 -.0027729  .0047144
T 8919  1 .1986836E+07   1000212E-02  .5771E+01  .1442E+02   .9999971 -.0012597  .0020624
T 8920  1 .1985360E+07   1000219E-02 -.2547E+02  .1061E+02   .9999797 -.0056085  .0030386
T 8921  1 .1985128E+07   1000123E-02  .2083E+02  .1069E+01   .9999923  .0038013  .0009661
T 8922  1 .1984392E+07   1000048E-02  .9183E+01 -.1272E+01   .9999995  .0009374  .0001747
T 8923  1 .1988947E+07   1000100E-02 -.1146E+00 -.4514E+00   .9999984 -.0002148 -.0017577
T 8924  1 .1985624E+07   1000147E-02 -.3853E+00  .1204E+01   .9999997 -.0006976 -.0002988
T 8925  1 .1988017E+07   1000136E-02 -.9951E+00  .4206E+01   .9999989 -.0008570  .0012137
T 8926  1 .1984686E+07   1000178E-02  .1178E+02  .8509E+00   .9999987 -.0004856 -.0015346
T 8927  1 .1991198E+07   1000011E-02  .8297E+01 -.4166E+01   .9999981  .0013896 -.0013712
T 8928  1 .1986256E+07   1000065E-02  .7579E+01  .6314E+00   .9999948  .0020019  .0025163
T 8929  1 .1987333E+07   1000088E-02  .7283E+00  .3068E+01   .9999997 -.0008114  .0001949
T 8930  1 .1987085E+07   1000073E-02 -.7374E+01 -.1065E+02   .9999780 -.0035663 -.0056015
T 8931  1 .1980083E+07   1000148E-02 -.1019E+02  .9876E+01   .9999965 -.0026273  .0004134
T 8932  1 .1987418E+07   1000169E-02 -.1543E+01 -.1319E+01   .9999976 -.0019780 -.0009105
T 8933  1 .1987689E+07   1000073E-02 -.1641E+02 -.5183E+01   .9999891 -.0046621  .0001263
T 8934  1 .1983441E+07   1000185E-02  .1615E+02 -.2596E+02   .9999838  .0044958 -.0034783
T 8935  1 .1981832E+07   1000152E-02  .5885E+00  .3114E+00   .9999999 -.0001738 -.0001226
T 8936  1 .1987535E+07   1000100E-02 -.9910E+01  .1763E+02   .9999899 -.0042145  .0015795
T 8937  1 .1980808E+07   1000000E-02  .1840E+02  .5191E+01   .9999894  .0040993  .0020859
T 8938  1 .1985749E+07   1000009E-02  .2264E+01  .7111E+01   .9999995  .0002322  .0009282
T 8939  1 .1982651E+07   1000216E-02  .5736E+01 -.6367E+01   .9999975  .0021981  .0003829
T 8940  1 .1985465E+07   1000221E-02  .7745E+01 -.5846E+00   .9999923  .0039074  .0003487
T 8941  1 .1986655E+07   1000149E-02 -.4548E+01 -.1495E+01   .9999994  .0003941 -.0010478
T 8942  1 .1979958E+07   1000173E-02  .1887E+02 -.9932E+01   .9999982  .0012783  .0013992
T 8943  1 .1986844E+07   1000115E-02 -.6614E+01 -.1080E+02   .9999975 -.0005569 -.0021452
T 8944  1 .1982272E+07   1000090E-02  .1058E+02 -.2060E+02   .9999932  .0018099 -.0032274
T 8945  1 .1990219E+07   1000073E-02  .6004E+01  .7230E+01   .9999986 -.0007926  .0014609
T 8946  1 .1985807E+07   1000146E-02 -.7222E+01 -.1656E+02   .9999971 -.0013718 -.0019895
T 8947  1 .1983437E+07   1000062E-02 -.9528E+01  .2102E+02   .9999895 -.0025056  .0038334
T 8948  1 .1983020E+07   1000198E-02 -.1512E+02  .7704E+01   .9999979 -.0014782  .0014465
T 8949  1 .1987006E+07   1000032E-02  .1319E+02 -.4548E+02   .9999792  .0002367 -.0064492
T 8950  1 .1991346E+07   1000215E-02 -.7198E+01  .6647E-01   .9999969 -.0021816 -.0011625
T 8951  1 .1986123E+07   1000225E-02  .4564E+00 -.1221E+01   .9999959 -.0025176 -.0013338
T 8952  1 .1985526E+07   1000210E-02 -.2520E+01 -.1360E+02   .9999816  .0009975 -.0059868
T 8953  1 .1985445E+07   1000133E-02 -.4331E+01 -.6916E+01   .9999994 -.0006190 -.0009468
T 8954  1 .1985595E+07   1000114E-02 -.2734E+02 -.6661E+01   .9999885 -.0046681 -.0010674
T 8955  1 .1990713E+07   1000047E-02  .4919E+01  .5254E+01   .9999968  .0015607  .0019688
T 8956  1 .1982894E+07   1000179E-02 -.5854E+01 -.1441E+01   .9999953 -.0030244  .0004337
T 8957  1 .1988457E+07   1000197E-02 -.6260E+01  .1490E+01   .9999997 -.0007506  .0001054
T 8958  1 .1986555E+07   1000208E-02  .1036E+01 -.2037E+01   .9999998  .0002905  .0004844
T 8959  1 .1988551E+07   1000104E-02  .1189E+02  .1618E+02   .9999872  .0032100  .0039021
T 8960  1 .1988935E+07   1000199E-02 -.2428E+01 -.1063E+02   .9999832  .0006895 -.0057598
T 8961  1 .1982514E+07   1000127E-02  .3226E+00  .4128E+01   .9999947 -.0012150  .0030133
T 8962  1 .1985316E+07   1000064E-02  .8671E+00 -.5292E+01   .9999980  .0019859 -.0001617
T 8963  1 .1986248E+07   1000213E-02 -.1668E+00 -.5887E+01   .9999989 -.0005375 -.0013531
T 8964  1 .1985613E+07   1000194E-02  .8531E+01  .8654E+01   .9999871  .0038734  .0032817
T 8965  1 .1988930E+07   1000171E-02  .9870E+00 -.4760E+01   .9999996 -.0006592 -.0005171
T 8966  1 .1983552E+07   1000079E-02  .4036E+01  .2735E+02   .9999875  .0007794  .0049402
T 8967  1 .1982007E+07   1000127E-02 -.3729E+00  .5487E+00   .9999999 -.0004248  .0001273
T 8968  1 .1986541E+07   1000133E-02  .8495E+01  .1131E+02   .9999952  .0022902  .0021095
T 8969  1 .1984727E+07   1000133E-02 -.6314E+01 -.4760E+01   .9999974 -.0022664  .0002114
T 8970  1 .1982327E+07   1000145E-02 -.5923E+01 -.2488E+01   .9999999 -.0004954  .0000358
T 8971  1 .1984706E+07   1000095E-02 -.2128E+01  .6048E+01   .9999986  .0011197  .0012525
T 8972  1 .1980721E+07   1000067E-02 -.1422E+00 -.7540E+01   .9999993  .0008130 -.0008099
T 8973  1 .1984373E+07   1000183E-02  .2025E+02 -.2825E+01   .9999954  .0030234 -.0001743
T 8974  1 .1985851E+07   1000102E-02  .2483E+01 -.1589E+01   .9999977  .0018974 -.0010444
T 8975  1 .1985668E+07   1000050E-02 -.1789E+02 -.5822E+01   .9999962 -.0025184 -.0011043
T 8976  1 .1982659E+07   1000161E-02  .2500E+00 -.3778E+01   .9999996 -.0008303 -.0001652
T 8977  1 .1985584E+07   1000141E-02 -.1151E+01 -.5201E+01   .9999999  .0001155 -.0004505
T 8978  1 .1987909E+07   1000172E-02 -.7824E+01 -.1290E+02   .9999963 -.0018107 -.0020092
T 8979  1 .1985654E+07   1000220E-02 -.7107E+01  .1476E+02   .9999932 -.0009189  .0035605
T 8980  1 .1989586E+07   1000224E-02 -.3957E+01 -.1267E+02   .9999950 -.0014161 -.0028316
T 8981  1 .1980245E+07   1000021E-02  .3182E+01  .8900E+00   .9999991  .0013241 -.0001599
T 8982  1 .1987668E+07   1000137E-02  .5700E+01 -.1780E+02   .9999847  .0013995 -.0053456
T 8983  1 .1982157E+07   1000227E-02 -.5070E+01 -.1521E+02   .9999905 -.0009657 -.0042531
T 8984  1 .1985560E+07   1000001E-02  .1750E+01  .1726E+01   .9999992  .0007644  .0010534
T 8985  1 .1986782E+07   1000101E-02 -.1806E+01 -.4570E+01   .9999995  .0006366 -.0008268
T 8986  1 .1989496E+07   1000063E-02  .4925E+01  .2854E+01   .9999970  .0024079 -.0005058
T 8987  1 .1979612E+07   1000226E-02 -.1305E+02  .5829E+01   .9999987 -.0016135  .0003058
T 8988  1 .1981139E+07   1000224E-02 -.1002E+02 -.1265E+02   .9999959 -.0023147 -.0017115
T 8989  1 .1986769E+07   1000192E-02  .2458E+01  .1232E+01   .9999965 -.0014438 -.0022386
T 8990  1 .1982070E+07   1000216E-02  .6866E+00 -.2118E+01   .9999994  .0004154 -.0009720
T 8991  1 .1986703E+07   1000027E-02  .8629E+01 -.9532E+00   .9999972  .0009320  .0021645
T 8992  1 .1981818E+07   1000034E-02  .2109E+00 -.7586E+01   .9999999 -.0001431 -.0003841
T 8993  1 .1983782E+07   1000040E-02  .1114E+02  .2189E+01   .9999999 -.0000584  .0002782
T 8994  1 .1980516E+07   1000033E-02  .7374E+01 -.1505E+01   .9999977  .0021456 -.0001971
T 8995  1 .1983959E+07   1000080E-02 -.3070E+01  .9228E+00   .9999999  .0003500 -.0002176
T 8996  1 .1982372E+07   1000158E-02  .9577E+01 -.2610E+01   .9999981  .0018202 -.0006622
T 8997  1 .1983109E+07   1000024E-02 -.1401E+02  .1352E+02   .9999933 -.0016179  .0032784
T 8998  1 .1984562E+07   1000099E-02 -.1239E+02 -.2706E+02   .9999604 -.0027707 -.0084621
T 8999  1 .1981258E+07   1000164E-02 -.7138E+01 -.2531E+01   .9999968 -.0018372 -.0017528
T 9000  1 .1987903E+07   1000048E-02  .6212E+01  .5560E+00   .9999989 -.0008662 -.0011993
T 9001  1 .1989285E+07   1000119E-02  .9759E+01 -.6096E+01   .9999986  .0015873  .0004455
T 9002  1 .1982563E+07   1000145E-02  .3478E+01  .6286E+00   .9999958  .0021553 -.0019594
T 9003  1 .1979861E+07   1000022E-02  .1219E+02  .3711E+01   .9999978  .0018867  .0008657
T 9004  1 .1985892E+07   1000207E-02 -.6303E+01 -.8043E+01   .9999920 -.0035151 -.0018857
T 9005  1 .1984086E+07   1000226E-02  .5511E+01  .2263E+01   .9999966  .0024694  .0008939
T 9006  1 .1985466E+07   1000163E-02  .2739E+01 -.1978E+01   .9999990  .0012539  .0006996
T 9007  1 .1981338E+07   1000160E-02 -.1029E+02 -.5358E+01   .9999830 -.0052325 -.0025889
T 9008  1 .1982309E+07   1000124E-02 -.6159E+01  .7011E+00   .9999906 -.0019251  .0038829
T 9009  1 .1986516E+07   1000195E-02  .1087E+02  .1367E+01   .9999959  .0028410 -.0002194
T 9010  1 .1987969E+07   1000084E-02 -.2370E+01 -.1935E+01   .9999998  .0005332 -.0002693
T 9011  1 .1984317E+07   1000179E-02  .4822E+01 -.1336E+01   .9999999 -.0000180  .0001598
T 9012  1 .1989611E+07   1000006E-02  .1932E+02  .9693E+01   .9999945  .0027227  .0018710
T 9013  1 .1982583E+07   1000175E-02 -.3575E+01  .4233E+01   .9999982 -.0007175  .0017673
T 9014  1 .1987158E+07   1000211E-02 -.1014E+01  .1186E+00   .9999999 -.0000471 -.0000698
T 9015  1 .1983544E+07   1000124E-02  .2911E+01 -.4665E+01   .9999993  .0007164 -.0009305
T 9016  1 .1991316E+07   1000198E-02 -.5861E+01 -.5793E+01   .9999999 -.0004367  .0001573
T 9017  1 .1989563E+07   1000207E-02 -.7575E+00 -.4027E+01   .9999981  .0002993 -.0019337
T 9018  1 .1981814E+07   1000159E-02  .2723E+01  .2298E+02   .9999828 -.0008231  .0058142
T 9019  1 .1984450E+07   1000200E-02 -.1170E+01 -.1046E+02   .9999864 -.0028840 -.0043450
T 9020  1 .1976410E+07   1000033E-02  .2752E+01  .1286E+01   .9999977 -.0007421  .0020246
T 9021  1 .1987613E+07   1000210E-02  .1052E+02  .3143E+01   .9999942  .0032113  .0011282
T 9022  1 .1984003E+07   1000020E-02 -.8824E+00  .2042E+01   .9999999 -.0004436 -.0001951
T 9023  1 .1987811E+07   1000105E-02 -.1352E+01 -.8480E+01   .9999927 -.0028716 -.0025226
T 9024  1 .1988142E+07   1000108E-02  .5142E+00 -.1919E+01   .9999984  .0015753  .0008541
T 9025  1 .1984691E+07   1000209E-02 -.1682E+02  .1231E+02   .9999868 -.0042776  .0028578
T 9026  1 .1981549E+07   1000188E-02 -.2027E+01  .4459E+01   .9999971 -.0006661  .0023296
T 9027  1 .1981966E+07   1000198E-02  .2422E+02  .7129E+01   .9999790  .0053885  .0036064
T 9028  1 .1985748E+07   1000078E-02 -.1513E+01 -.1765E+01   .9999982 -.0012836 -.0014143
T 9029  1 .1986563E+07   1000102E-02 -.3600E+02  .1297E+02   .9999842 -.0050287  .0024985
T 9030  1 .1983013E+07   1000183E-02  .6305E+01 -.2352E+02   .9999881  .0013874 -.0046765
T 9031  1 .1981929E+07   1000120E-02  .4140E+00 -.3459E+01   .9999992  .0012645 -.0000215
T 9032  1 .1981532E+07   1000170E-02  .1285E+02 -.1302E+02   .9999768  .0039227 -.0055625
T 9033  1 .1981835E+07   1000164E-02 -.3405E+01 -.1137E+00   .9999990 -.0013954  .0002927
T 9034  1 .1981070E+07   1000020E-02 -.2451E+01 -.1426E+01   .9999979 -.0010039 -.0017773
T 9035  1 .1982152E+07   1000017E-02 -.3628E+00 -.1599E+01   .9999995 -.0009500  .0000265
T 9036  1 .1984863E+07   1000081E-02  .3984E+00  .2389E+01   .9999994  .0004894  .0010084
T 9037  1 .1983545E+07   1000156E-02  .2666E+01  .9189E+01   .9999956 -.0000807  .0029814
T 9038  1 .1983257E+07   1000192E-02  .5045E+00  .7968E+00   .9999993  .0011202  .0004395
T 9039  1 .1982897E+07   1000059E-02  .7108E+01 -.1279E+02   .9999959 -.0018613  .0021654
T 9040  1 .1983824E+07   1000224E-02 -.5108E+01  .1298E+01   .9999999  .0004471 -.0000517
T 9041  1 .1981558E+07   1000026E-02 -.4020E+01 -.1261E+01   .9999999 -.0005259  .0000461
T 9042  1 .1979875E+07   1000108E-02 -.3921E+01  .1032E+02   .9999987 -.0012113  .0010832
T 9043  1 .1983249E+07   1000179E-02  .1309E+02 -.6354E+01   .9999975  .0022138  .0003333
T 9044  1 .1982673E+07   1000032E-02  .1764E+02 -.1373E+02   .9999796  .0041106 -.0048843
T 9045  1 .1980710E+07   1000141E-02  .4634E+01 -.1709E+02   .9999951  .0019527 -.0024590
T 9046  1 .1985138E+07   1000065E-02 -.4032E+01  .8946E+01   .9999996 -.0001864  .0008167
T 9047  1 .1989601E+07   1000133E-02 -.1703E+02 -.7014E+01   .9999886 -.0044648 -.0016775
T 9048  1 .1982307E+07   1000206E-02  .1663E+02  .1773E+02   .9999899  .0020032  .0040187
T 9049  1 .1981070E+07   1000212E-02  .7512E+01 -.3028E+00   .9999930  .0037309 -.0002035
T 9050  1 .1987425E+07   1000161E-02  .6959E+01  .4041E+02   .9999772  .0027460  .0061715
T 9051  1 .1981211E+07   1000035E-02 -.4780E+01 -.1476E+02   .9999926 -.0009028 -.0037504
T 9052  1 .1987017E+07   1000174E-02  .2399E+02 -.1436E+02   .9999784  .0065633 -.0002579
T 9053  1 .1983704E+07   1000010E-02  .1475E+02 -.2362E+02   .9999728  .0023554 -.0069870
T 9054  1 .1985845E+07   1000196E-02  .1316E+02 -.1197E+02   .9999999  .0003668 -.0002998
T 9055  1 .1984035E+07   1000156E-02 -.3817E+01 -.1902E+02   .9999969  .0000410 -.0024970
T 9056  1 .1989967E+07   1000134E-02  .4126E+00  .2349E+01   .9999996 -.0009349  .0001142
T 9057  1 .1984559E+07   1000139E-02 -.1016E+02 -.4962E+01   .9999988 -.0014607  .0005077
T 9058  1 .1982723E+07   1000167E-02 -.4812E+02  .9110E+01   .9998310 -.0182280  .0024014
T 9059  1 .1985224E+07   1000183E-02  .1729E+01  .1643E+01   .9999992  .0008287  .0009871
T 9060  1 .1982656E+07   1000177E-02 -.2523E+02  .1488E+02   .9999803 -.0056047  .0028316
T 9061  1 .1979720E+07   1000030E-02 -.2255E+01  .3818E+00   .9999994 -.0010754  .0003599
T 9062  1 .1980513E+07   1000182E-02 -.7486E+01 -.1113E-01   .9999631 -.0085728 -.0004881
T 9063  1 .1984416E+07   1000078E-02  .5879E+01 -.1552E+01   .9999969  .0015959  .0019204
T 9064  1 .1986197E+07   1000225E-02  .2433E+01 -.1629E+01   .9999925  .0035834 -.0014948
T 9065  1 .1989271E+07   1000189E-02 -.1469E+01  .6479E+00   .9999984  .0003536  .0017328
T 9066  1 .1986126E+07   1000216E-02 -.1889E+00  .4746E+00   .9999999  .0004476  .0002809
T 9067  1 .1984076E+07   1000061E-02 -.2511E+01 -.1228E+02   .9999927  .0013414 -.0035698
T 9068  1 .1981883E+07   1000185E-02  .1696E+01  .2338E-01   .9999995  .0009981  .0001155
T 9069  1 .1985802E+07   1000117E-02 -.9413E+01  .7056E+00   .9999995 -.0010108 -.0002019
T 9070  1 .1983384E+07   1000104E-02 -.7647E+01 -.5724E+01   .9999987 -.0005838 -.0014947
T 9071  1 .1981444E+07   1000204E-02  .3806E+01  .5805E+01   .9999999  .0000554  .0004545
T 9072  1 .1984605E+07   1000161E-02  .4127E+01  .2012E+01   .9999997  .0007882  .0001056
T 9073  1 .1983754E+07   1000150E-02  .2164E+02  .2737E+02   .9999898  .0027464  .0035853
T 9074  1 .1984060E+07   1000013E-02  .2645E+01  .1701E+00   .9999997  .0007782  .0002823
T 9075  1 .1982795E+07   1000177E-02  .6882E+01 -.8894E+01   .9999979  .0006794 -.0019178
T 9076  1 .1983092E+07   1000129E-02  .2824E+01 -.1368E+01   .9999984  .0009279  .0015186
T 9077  1 .1986852E+07   1000007E-02  .9024E+01  .8930E+01   .9999980  .0006537  .0018712
T 9078  1 .1991218E+07   1000182E-02 -.4860E+01 -.3422E+01   .9999998 -.0001084 -.0006319
T 9079  1 .1985021E+07   1000153E-02  .1027E+02  .4106E+00   .9999954  .0029349  .0007126
T 9080  1 .1980955E+07   1000058E-02 -.1505E+01  .1610E+02   .9999607  .0075416 -.0046698
T 9081  1 .1982909E+07   1000092E-02  .9968E+01  .5301E+01   .9999934  .0034777  .0010144
T 9082  1 .1980961E+07   1000135E-02 -.6036E+01  .5784E+01   .9999974 -.0012178  .0019222
T 9083  1 .1985947E+07   1000126E-02 -.1006E+02 -.5611E+01   .9999962 -.0019650 -.0019202
T 9084  1 .1983799E+07   1000012E-02 -.7425E-01 -.3079E+00   .9999999 -.0002031 -.0000849
T 9085  1 .1979372E+07   1000006E-02  .2126E+01 -.1546E+01   .9999999  .0002474  .0002414
T 9086  1 .1988179E+07   1000022E-02 -.4336E+01 -.1938E+02   .9999795 -.0017249 -.0061635
T 9087  1 .1985319E+07   1000084E-02 -.6413E+01 -.2518E+01   .9999957 -.0027991  .0008257
T 9088  1 .1985138E+07   1000202E-02  .3101E+01  .9372E+01   .9999938  .0011489  .0033248
T 9089  1 .1978934E+07   1000199E-02 -.1301E+02 -.6453E+01   .9999952 -.0023903  .0019683
T 9090  1 .1982623E+07   1000133E-02 -.8397E+00 -.1099E+02   .9999957 -.0004105 -.0029043
T 9091  1 .1979194E+07   1000203E-02  .1059E+02 -.1720E+02   .9999977 -.0012681 -.0017530
T 9092  1 .1981107E+07   1000163E-02 -.1620E+02  .9216E+01   .9999926 -.0028264  .0026133
T 9093  1 .1986188E+07   1000184E-02 -.1865E+01  .4577E+01   .9999932 -.0022460  .0029103
T 9094  1 .1986080E+07   1000140E-02  .2736E+00  .4177E+01   .9999998 -.0000193  .0005915
T 9095  1 .1983898E+07   1000158E-02  .1733E+01  .1804E+02   .9999939  .0002346  .0034968
T 9096  1 .1982334E+07   1000186E-02 -.2868E+01 -.2926E+01   .9999995 -.0004360 -.0008707
T 9097  1 .1982458E+07   1000081E-02  .1736E+02 -.4736E+02   .9999886 -.0002318 -.0047754
T 9098  1 .1988386E+07   1000094E-02 -.1000E+02 -.1216E+02   .9999975  .0002605 -.0022021
T 9099  1 .1985046E+07   1000091E-02 -.1782E+02  .8321E+01   .9999941 -.0026939  .0021178
T 9100  1 .1991268E+07   1000176E-02  .8160E+01  .1009E+01   .9999993  .0010746  .0004756
T 9101  1 .1986700E+07   1000067E-02 -.3622E+01  .5022E+01   .9999980 -.0018258  .0008534
T 9102  1 .1979656E+07   1000059E-02 -.1997E+02  .1280E+02   .9999797 -.0043290  .0046708
T 9103  1 .1984537E+07   1000161E-02  .1292E+01 -.7417E+01   .9999946  .0006309 -.0032107
T 9104  1 .1985916E+07   1000086E-02  .1315E+02  .3097E+01   .9999988  .0013001 -.0008715
T 9105  1 .1985991E+07   1000206E-02  .1991E+01 -.3897E+01   .9999981 -.0005671  .0018399
T 9106  1 .1984963E+07   1000226E-02 -.1241E+02 -.4042E+01   .9999990 -.0013606  .0004162
T 9107  1 .1979336E+07   1000058E-02 -.2193E+02  .6164E+00   .9999934 -.0036175  .0003972
T 9108  1 .1979631E+07   1000031E-02 -.1961E+01  .1757E+01   .9999996  .0001322  .0008496
T 9109  1 .1985663E+07   1000161E-02 -.1750E+01 -.1905E+02   .9999896 -.0012235 -.0043877
T 9110  1 .1986349E+07   1000213E-02 -.8863E+00  .2153E+00   .9999999  .0003203 -.0001540
T 9111  1 .1981032E+07   1000153E-02 -.4950E+01  .5981E+01   .9999975 -.0011179  .0019331
T 9112  1 .1981941E+07   1000063E-02  .3492E+01  .7290E+01   .9999997  .0006058  .0004491
T 9113  1 .1986707E+07   1000212E-02  .1684E+01  .9052E+01   .9999991 -.0006580  .0011389
T 9114  1 .1985306E+07   1000079E-02  .4119E+01  .5244E+01   .9999980  .0013460  .0015032
T 9115  1 .1988640E+07   1000005E-02 -.1251E+01 -.3980E+01   .9999848  .0048884  .0025340
T 9116  1 .1985075E+07   1000193E-02  .9361E+01 -.1339E+02   .9999999 -.0001281 -.0005070
T 9117  1 .1980020E+07   1000137E-02 -.8723E+01  .6563E+01   .9999998 -.0005731  .0003808
T 9118  1 .1981894E+07   1000009E-02 -.1610E+01  .4927E+00   .9999991 -.0013270  .0001398
T 9119  1 .1981642E+07   1000217E-02  .4726E+01 -.4778E+01   .9999978  .0003629  .0020668
T 9120  1 .1988941E+07   1000165E-02 -.1106E+02  .1221E+01   .9999969 -.0016573 -.0018646
T 9121  1 .1987467E+07   1000104E-02 -.2002E+02 -.1218E+02   .9999958 -.0021884 -.0018996
T 9122  1 .1987256E+07   1000190E-02 -.7855E+01  .9444E+01   .9999985 -.0015528  .0007880
T 9123  1 .1983274E+07   1000183E-02  .2855E+01 -.2421E+01   .9999995 -.0006546  .0008074
T 9124  1 .1980049E+07   1000223E-02  .1187E+02 -.5698E+01   .9999964  .0021008 -.0016916
T 9125  1 .1991866E+07   1000056E-02  .9968E+01  .7100E+01   .9999909  .0033073 -.0027081
T 9126  1 .1991266E+07   1000193E-02 -.1435E+01 -.1377E+01   .9999981  .0000278 -.0019654
T 9127  1 .1984450E+07   1000059E-02 -.1628E+01 -.2053E+02   .9999927  .0013575 -.0035656
T 9128  1 .1986011E+07   1000197E-02  .3260E+02 -.2546E+02   .9999814  .0058149 -.0018170
T 9129  1 .1987762E+07   1000007E-02 -.7686E+01 -.8125E+01   .9999960 -.0027083 -.0008098
T 9130  1 .1984075E+07   1000221E-02  .6787E+01  .5835E+00   .9999960  .0018942  .0020906
T 9131  1 .1988268E+07   1000147E-02 -.4315E+01  .6654E+01   .9999958 -.0015205  .0024613
T 9132  1 .1985284E+07   1000182E-02  .1485E+02  .1243E+02   .9999958  .0012985  .0025884
T 9133  1 .1984292E+07   1000225E-02 -.2671E+01 -.1466E+02   .9999982 -.0008018 -.0017294
T 9134  1 .1988033E+07   1000129E-02 -.8307E+01 -.5623E+01   .9999948 -.0023174 -.0022567
T 9135  1 .1982902E+07   1000033E-02 -.5299E+01 -.1008E+02   .9999992 -.0009981 -.0007410
T 9136  1 .1986170E+07   1000170E-02  .5831E+01  .4276E+01   .9999973  .0018091  .0014267
T 9137  1 .1980267E+07   1000059E-02  .1112E+02 -.1623E+02   .9999820  .0025949 -.0054150
T 9138  1 .1979786E+07   1000212E-02  .1318E+00  .8873E+00   .9999997  .0006904 -.0002918
T 9139  1 .1978790E+07   1000003E-02 -.2268E+01 -.1432E+01   .9999999 -.0004350  .0001842
T 9140  1 .1981337E+07   1000160E-02  .9515E+00 -.6476E+01   .9999995  .0002643 -.0009265
T 9141  1 .1987131E+07   1000226E-02 -.1504E+01  .3223E+01   .9999996 -.0004826  .0006874
T 9142  1 .1988946E+07   1000019E-02  .8197E+00  .5514E+01   .9999987 -.0012230  .0010963
T 9143  1 .1981632E+07   1000105E-02  .1931E+02  .7925E+01   .9999840  .0053449  .0018306
T 9144  1 .1983654E+07   1000197E-02  .2795E+02  .2375E+02   .9999752  .0057449  .0040646
T 9145  1 .1983923E+07   1000081E-02 -.6290E+01  .1475E+02   .9999914 -.0013963  .0039121
T 9146  1 .1981023E+07   1000063E-02 -.8663E+01 -.1382E+01   .9999982 -.0018975  .0000304
T 9147  1 .1990547E+07   1000194E-02  .3490E+02 -.3847E+02   .9998916  .0093547 -.0113730
T 9148  1 .1985670E+07   1000061E-02 -.2136E+01 -.7991E+01   .9999976  .0016079 -.0014594
T 9149  1 .1983914E+07   1000115E-02  .1745E+00 -.3338E+01   .9999974  .0001072 -.0022955
T 9150  1 .1987642E+07   1000150E-02 -.5853E+00 -.5316E+01   .9999884 -.0037755 -.0029953
T 9151  1 .1983617E+07   1000121E-02  .9050E+01 -.4756E+01   .9999958  .0025668 -.0013191
T 9152  1 .1984485E+07   1000091E-02 -.1280E+02 -.1540E+02   .9999937 -.0010444 -.0033848
T 9153  1 .1981849E+07   1000133E-02 -.4317E+01  .2569E+01   .9999967 -.0019084  .0017263
T 9154  1 .1982132E+07   1000050E-02  .8952E+01  .1904E+00   .9999969  .0024943 -.0002447
T 9155  1 .1977302E+07   1000209E-02 -.8404E+01 -.1842E+01   .9999971 -.0020317  .0012591
T 9156  1 .1977601E+07   1000150E-02  .1691E+02 -.3754E+01   .9999953  .0025672 -.0017016
T 9157  1 .1983748E+07   1000216E-02  .9195E+01  .1270E+02   .9999984  .0004849  .0017064
T 9158  1 .1980815E+07   1000101E-02  .2788E+01  .2743E+01   .9999996  .0004253  .0008321
T 9159  1 .1989737E+07   1000145E-02 -.1847E+02  .8258E+01   .9999953 -.0030253  .0004160
T 9160  1 .1981517E+07   1000179E-02 -.6440E+01  .5279E+01   .9999977 -.0020911  .0003569
T 9161  1 .1987361E+07   1000194E-02 -.8100E+01  .1579E+01   .9999992 -.0012878  .0001254
T 9162  1 .1982658E+07   1000194E-02  .9906E+01  .1166E+02   .9999948  .0025103  .0020283
T 9163  1 .1985054E+07   1000143E-02 -.2541E+02 -.1040E+02   .9999847 -.0050145 -.0023252
T 9164  1 .1987705E+07   1000093E-02 -.9290E+01 -.3662E+01   .9999973 -.0022018 -.0007459
T 9165  1 .1982213E+07   1000204E-02 -.9062E+01 -.7356E+00   .9999993  .0007256  .0009210
T 9166  1 .1985884E+07   1000005E-02  .9554E+01 -.4063E+01   .9999954  .0022259 -.0020394
T 9167  1 .1983064E+07   1000057E-02 -.5755E+00  .9660E+01   .9999987 -.0002541  .0015777
T 9168  1 .1985293E+07   1000017E-02 -.2273E+01 -.1373E+02   .9999975 -.0003531 -.0021865
T 9169  1 .1986516E+07   1000134E-02  .5541E+01 -.6226E+01   .9999990  .0002527 -.0014171
T 9170  1 .1988534E+07   1000185E-02  .6824E+01 -.5029E+00   .9999996  .0008649  .0003008
T 9171  1 .1985188E+07   1000047E-02  .1960E+02 -.1125E+02   .9999913  .0035113 -.0022591
T 9172  1 .1984251E+07   1000213E-02 -.6864E+00 -.1612E+00   .9999993 -.0005740  .0010114
T 9173  1 .1982943E+07   1000204E-02  .5858E+01  .2433E+02   .9999934 -.0008125  .0035514
T 9174  1 .1987175E+07   1000223E-02  .7047E+01  .1360E+02   .9999955  .0026071  .0014535
T 9175  1 .1982727E+07   1000185E-02 -.1772E+01 -.7583E+01   .9999977 -.0005614 -.0020633
T 9176  1 .1983353E+07   1000209E-02 -.3061E+01  .3904E+01   .9999999  .0002117  .0002566
T 9177  1 .1984136E+07   1000002E-02  .1429E+01 -.9564E+00   .9999997  .0007401 -.0001386
T 9178  1 .1981793E+07   1000048E-02 -.1532E+02  .2643E+01   .9999995  .0009624  .0001606
T 9179  1 .1984958E+07   1000018E-02 -.7040E+01  .9705E+00   .9999969  .0022117 -.0011139
T 9180  1 .1985187E+07   1000184E-02  .1738E+01  .1593E+01   .9999995 -.0001544  .0009551
T 9181  1 .1985780E+07   1000143E-02 -.3963E+01 -.7566E+01   .9999937 -.0021255 -.0028263
T 9182  1 .1983428E+07   1000084E-02 -.9104E+01  .1133E+02   .9999962 -.0019419  .0019770
T 9183  1 .1988463E+07   1000165E-02  .6766E+01  .4983E+01   .9999954  .0023990  .0018771
T 9184  1 .1980624E+07   1000141E-02  .2036E+01  .1647E+01   .9999870  .0001735  .0050959
T 9185  1 .1986090E+07   1000198E-02  .4021E+01  .8473E+00   .9999980  .0017916 -.0009210
T 9186  1 .1978528E+07   1000116E-02 -.1528E+02 -.6278E+01   .9999900 -.0041428 -.0016743
T 9187  1 .1986911E+07   1000024E-02 -.2344E+02 -.2546E+01   .9999972 -.0022564 -.0007185
T 9188  1 .1985671E+07   1000036E-02  .1100E+02 -.9025E+01   .9999938  .0021377 -.0028110
T 9189  1 .1986390E+07   1000004E-02  .2306E+00  .2121E+00   .9999988 -.0013919  .0007282
T 9190  1 .1981316E+07   1000085E-02 -.4385E+01  .3587E+01   .9999938 -.0017149  .0030757
T 9191  1 .1985820E+07   1000154E-02  .1102E+01  .3671E+01   .9999971  .0001842  .0023976
T 9192  1 .1986478E+07   1000185E-02 -.1713E+01  .7040E+01   .9999992 -.0005307  .0011824
T 9193  1 .1982478E+07   1000217E-02 -.1818E+00  .1159E+02   .9999956 -.0010677  .0027795
T 9194  1 .1980570E+07   1000103E-02  .2617E+00 -.3752E+01   .9999987  .0008410 -.0013779
T 9195  1 .1983652E+07   1000006E-02  .6079E+01 -.8254E+01   .9999923  .0021091 -.0032967
T 9196  1 .1986154E+07   1000070E-02 -.4096E+01 -.5694E+01   .9999993 -.0010786 -.0005594
T 9197  1 .1989455E+07   1000083E-02  .1341E+02  .5620E+01   .9999976  .0019276  .0010246
T 9198  1 .1980786E+07   1000068E-02 -.1454E+02 -.6346E+02   .9999752 -.0012378 -.0069371
T 9199  1 .1986830E+07   1000222E-02 -.3747E+01 -.6602E+00   .9999987 -.0015127 -.0006085
T 9200  1 .1983699E+07   1000061E-02 -.6510E+00  .3187E+01   .9999999  .0003609 -.0003710
T 9201  1 .1980598E+07   1000077E-02 -.1604E+01  .3986E+01   .9999998 -.0001893  .0005566
T 9202  1 .1984346E+07   1000178E-02 -.1495E+02  .3623E+01   .9999924 -.0038920  .0001801
T 9203  1 .1979733E+07   1000137E-02  .3392E+01 -.9321E+01   .9999998  .0006632  .0000758
T 9204  1 .1982973E+07   1000026E-02 -.1318E+01 -.1163E+02   .9999982 -.0010902 -.0015221
T 9205  1 .1989976E+07   1000118E-02  .5804E+00 -.1518E+01   .9999997 -.0001776 -.0007155
T 9206  1 .1984431E+07   1000156E-02 -.4454E+01  .1464E+01   .9999997 -.0006922  .0003474
T 9207  1 .1984164E+07   1000177E-02  .5602E+01 -.6465E+01   .9999988 -.0008419 -.0012832
T 9208  1 .1982076E+07   1000180E-02  .1020E+02 -.2780E+01   .9999976  .0019378 -.0010615
T 9209  1 .1988027E+07   1000199E-02  .8781E+01 -.8112E+01   .9999968  .0023797 -.0008192
T 9210  1 .1978758E+07   1000202E-02  .1486E+01  .2530E+00   .9999997 -.0007106 -.0001617
T 9211  1 .1986433E+07   1000196E-02 -.1023E+02 -.5025E+01   .9999900 -.0036216 -.0026412
T 9212  1 .1990143E+07   1000202E-02 -.9942E+01 -.6081E+01   .9999923 -.0030233 -.0025212
T 9213  1 .1985732E+07   1000222E-02 -.1830E+01 -.3561E+01   .9999999  .0004077 -.0001198
T 9214  1 .1983637E+07   1000057E-02  .2053E+01 -.1309E+01   .9999995  .0008692  .0004706
T 9215  1 .1983953E+07   1000139E-02  .2852E+01  .2392E+02   .9999842  .0014321  .0054366
T 9216  1 .1982220E+07   1000129E-02 -.1038E+02  .5483E+00   .9999978 -.0020699  .0004530
T 9217  1 .1982659E+07   1000130E-02 -.1511E+01 -.3381E+01   .9999986  .0009336 -.0013983
T 9218  1 .1981823E+07   1000195E-02  .5721E+01  .1408E+02   .9999971  .0009164  .0022084
T 9219  1 .1987731E+07   1000223E-02 -.3801E+01 -.2064E+01   .9999962 -.0027616  .0002432
T 9220  1 .1984466E+07   1000165E-02 -.2887E+01 -.6783E+01   .9999963 -.0025528 -.0009836
T 9221  1 .1984138E+07   1000016E-02  .1480E+01  .4246E+01   .9999983  .0003022  .0018027
T 9222  1 .1982638E+07   1000116E-02  .8199E+01  .1496E+01   .9999927  .0037333  .0007742
T 9223  1 .1985631E+07   1000105E-02  .1444E+01 -.3364E+01   .9999959 -.0000166 -.0028646
T 9224  1 .1983031E+07   1000164E-02  .1054E+02  .4822E+01   .9999961  .0016882  .0022086
T 9225  1 .1986243E+07   1000001E-02 -.3857E+01  .6353E+01   .9999960 -.0026687  .0009109
T 9226  1 .1982557E+07   1000025E-02  .2109E+02 -.2013E+02   .9999966  .0023792 -.0010281
T 9227  1 .1979204E+07   1000192E-02 -.5421E+01 -.2365E+01   .9999987 -.0000451 -.0015939
T 9228  1 .1988074E+07   1000169E-02  .8174E+01 -.7399E+01   .9999944  .0026432 -.0020625
T 9229  1 .1985206E+07   1000143E-02 -.1022E+01 -.1099E+00   .9999999  .0003235 -.0001004
T 9230  1 .1979340E+07   1000225E-02 -.2309E+01  .3095E+01   .9999954  .0015638  .0026036
T 9231  1 .1985024E+07   1000085E-02  .3824E+00  .2894E+01   .9999977 -.0003074  .0021369
T 9232  1 .1989889E+07   1000066E-02  .9233E+01  .1796E+02   .9999856  .0023068  .0048353
T 9233  1 .1984051E+07   1000146E-02 -.2877E-01  .1664E+01   .9999989  .0013315 -.0006740
T 9234  1 .1986316E+07   1000111E-02  .9431E+00 -.1511E+01   .9999999  .0002579  .0004435
T 9235  1 .1986486E+07   1000043E-02  .1555E+02 -.9676E+01   .9999922  .0037323 -.0012787
T 9236  1 .1986890E+07   1000173E-02  .5410E+01  .2745E+01   .9999966  .0025988  .0002133
T 9237  1 .1986559E+07   1000177E-02 -.5208E+01 -.1504E+02   .9999963 -.0011821 -.0024692
T 9238  1 .1985261E+07   1000124E-02  .1657E+02  .8690E+01   .9999941  .0033362  .0008438
T 9239  1 .1984573E+07   1000153E-02 -.1979E+01  .1729E+02   .9999893  .0010864  .0044953
T 9240  1 .1984622E+07   1000152E-02 -.1406E+01 -.3595E+00   .9999999  .0000913  .0000207
T 9241  1 .1982732E+07   1000063E-02 -.2490E+01  .1491E+01   .9999993 -.0001610 -.0011308
T 9242  1 .1984691E+07   1000224E-02 -.1531E+01 -.1017E+02   .9999914 -.0012292 -.0039735
T 9243  1 .1984133E+07   1000192E-02 -.3555E+02 -.7790E+01   .9999696 -.0071556 -.0030906
T 9244  1 .1987836E+07   1000186E-02 -.1395E+01  .1885E+01   .9999991 -.0012777 -.0004557
T 9245  1 .1988589E+07   1000124E-02  .4228E+01  .4656E+01   .9999914  .0012317  .0039478
T 9246  1 .1984183E+07   1000130E-02  .1148E+01 -.4372E+01   .9999790  .0025192 -.0059647
T 9247  1 .1980533E+07   1000104E-02 -.1256E+02  .4672E+02   .9999797 -.0013607  .0062238
T 9248  1 .1987442E+07   1000103E-02  .1129E+02 -.6557E+01   .9999914  .0028779 -.0029975
T 9249  1 .1987148E+07   1000136E-02 -.2898E+01  .2035E+00   .9999988 -.0015183 -.0000927
T 9250  1 .1985658E+07   1000221E-02 -.3429E+01  .1750E+02   .9999926 -.0025750  .0028714
T 9251  1 .1982325E+07   1000099E-02 -.1950E+00 -.1992E+01   .9999998 -.0001666 -.0006273
T 9252  1 .1984152E+07   1000001E-02 -.1221E+01 -.6308E+01   .9999976 -.0014254 -.0016731
T 9253  1 .1990985E+07   1000193E-02 -.1902E+01 -.5377E+01   .9999999 -.0001573  .0001978
T 9254  1 .1986187E+07   1000185E-02 -.6833E+01  .6318E+01   .9999971 -.0016237  .0017588
T 9255  1 .1985367E+07   1000138E-02 -.1376E+02 -.9103E+01   .9999907 -.0039394 -.0017573
T 9256  1 .1983145E+07   1000183E-02 -.3782E+01 -.1978E+01   .9999976  .0022008 -.0002249
T 9257  1 .1984137E+07   1000213E-02  .4016E+01 -.2949E+01   .9999990  .0008065 -.0012015
T 9258  1 .1987385E+07   1000031E-02  .1763E+01  .1005E+01   .9999937  .0019340  .0029697
T 9259  1 .1983459E+07   1000146E-02  .9364E+00  .6007E+00   .9999990  .0008413  .0011451
T 9260  1 .1985152E+07   1000145E-02  .1634E+01 -.7219E+01   .9999983  .0008324 -.0016260
T 9261  1 .1982846E+07   1000194E-02  .1286E+02  .1776E+02   .9999951  .0013224  .0028402
T 9262  1 .1983369E+07   1000118E-02  .1540E+02  .7016E+01   .9999886  .0044423  .0017531
T 9263  1 .1983411E+07   1000052E-02  .9705E+00  .1967E+01   .9999958  .0020076  .0020816
T 9264  1 .1981880E+07   1000007E-02 -.1612E+01  .1453E+01   .9999992 -.0012874 -.0000790
T 9265  1 .1982658E+07   1000107E-02  .8524E+00  .8244E+00   .9999957  .0028500 -.0007478
T 9266  1 .1988932E+07   1000226E-02  .1544E+01  .2350E+01   .9999992  .0005989  .0011274
T 9267  1 .1987036E+07   1000138E-02  .8657E+01 -.3108E+01   .9999890  .0046150 -.0007961
T 9268  1 .1989288E+07   1000139E-02 -.2360E+02  .2774E+00   .9999838 -.0056753 -.0003683
T 9269  1 .1985183E+07   1000189E-02  .1329E+02  .3787E+01   .9999977  .0016643  .0013222
T 9270  1 .1983252E+07   1000120E-02 -.5232E+01  .1643E+00   .9999991 -.0013584  .0001126
T 9271  1 .1985071E+07   1000217E-02 -.1098E+02  .5061E+01   .9999956 -.0018809  .0022752
T 9272  1 .1987361E+07   1000031E-02  .2686E+01 -.2006E+00   .9999992  .0012144 -.0004012
T 9273  1 .1987099E+07   1000032E-02  .9911E+01 -.1689E+01   .9999925  .0031387 -.0022623
T 9274  1 .1985880E+07   1000102E-02 -.2406E+02 -.1095E+02   .9999978 -.0008799 -.0018796
T 9275  1 .1988192E+07   1000051E-02 -.1795E+01  .1376E+01   .9999998 -.0005000  .0002888
T 9276  1 .1980198E+07   1000220E-02 -.2855E+01 -.3836E+01   .9999997 -.0007265  .0001910
T 9277  1 .1989587E+07   1000133E-02 -.7440E+00 -.1552E+01   .9999973 -.0018204 -.0014476
T 9278  1 .1986887E+07   1000100E-02  .1507E+02  .1554E+02   .9999949  .0010152  .0030128
T 9279  1 .1985016E+07   1000205E-02 -.3559E+01  .2637E+00   .9999998 -.0005738  .0002867
T 9280  1 .1982827E+07   1000117E-02 -.6844E+01  .1706E+01   .9999986 -.0016572 -.0002595
T 9281  1 .1988588E+07   1000061E-02 -.2679E+02  .5011E+01   .9999968 -.0017053 -.0018697
T 9282  1 .1988690E+07   1000075E-02  .1493E+01 -.7552E+01   .9999996 -.0001034 -.0008427
T 9283  1 .1979011E+07   1000153E-02  .3961E+01 -.6713E+02   .9999464 -.0012124 -.0102868
T 9284  1 .1983767E+07   1000081E-02  .1750E+02 -.2680E+01   .9999986  .0016926 -.0001252
T 9285  1 .1983946E+07   1000087E-02  .7762E+02  .6068E+02   .9994192  .0280995  .0192791
T 9286  1 .1983505E+07   1000177E-02 -.6496E+00  .3297E+01   .9999952 -.0030690 -.0003294
T 9287  1 .1991102E+07   1000186E-02 -.1826E+01  .7116E+01   .9999996  .0000509  .0009129
T 9288  1 .1984735E+07   1000147E-02 -.8740E+01  .1222E+02   .9999940 -.0013635  .0031781
T 9289  1 .1983790E+07   1000152E-02 -.3897E+00  .1853E+00   .9999999  .0003140 -.0004384
T 9290  1 .1984978E+07   1000216E-02 -.3613E+01  .1030E+02   .9999971 -.0008972  .0022294
T 9291  1 .1988152E+07   1000117E-02  .1397E+02  .3659E+02   .9999517 -.0000136  .0098279
T 9292  1 .1981112E+07   1000051E-02  .8066E+00  .4426E+01   .9999974 -.0006210  .0022168
T 9293  1 .1985210E+07   1000206E-02 -.1731E+02 -.1003E+02   .9999938 -.0028069 -.0021484
T 9294  1 .1983826E+07   1000006E-02  .6764E+00  .8774E+01   .9999909 -.0003000  .0042472
T 9295  1 .1985700E+07   1000183E-02  .2426E+01 -.1521E+02   .9999976 -.0019177 -.0010502
T 9296  1 .1985616E+07   1000022E-02 -.2717E+01  .4427E+01   .9999997 -.0000035 -.0007110
T 9297  1 .1987460E+07   1000106E-02  .6582E+01  .1734E+02   .9999958 -.0000457  .0029050
T 9298  1 .1984284E+07   1000136E-02  .8674E+01  .1239E+02   .9999844  .0007888  .0055375
T 9299  1 .1982201E+07   1000049E-02 -.6870E+01 -.4216E+01   .9999990 -.0005165 -.0012972
T 9300  1 .1985278E+07   1000201E-02 -.1933E+02  .6770E+01   .9999762 -.0063642  .0026742
T 9301  1 .1988290E+07   1000203E-02 -.5354E+01  .1963E+02   .9999930 -.0014390  .0034398
T 9302  1 .1987693E+07   1000213E-02 -.1187E+02 -.4370E+01   .9999901 -.0029703 -.0033048
T 9303  1 .1987304E+07   1000046E-02  .5047E+01  .1790E+02   .9999974 -.0011201  .0019805
T 9304  1 .1987208E+07   1000217E-02 -.4295E+01  .1701E+02   .9999948 -.0014533  .0028784
T 9305  1 .1978152E+07   1000191E-02  .1841E+01 -.3917E+01   .9999996  .0007101 -.0005196
T 9306  1 .1986101E+07   1000043E-02  .3312E+01 -.6149E+01   .9998751 -.0154343 -.0033955
T 9307  1 .1984543E+07   1000120E-02  .1276E+02  .2106E+01   .9999986  .0011386  .0012144
T 9308  1 .1983840E+07   1000215E-02  .1413E+02 -.5967E+00   .9999966  .0025854  .0003328
T 9309  1 .1982250E+07   1000210E-02  .1670E+01 -.2855E+01   .9999976  .0001606 -.0021985
T 9310  1 .1987866E+07   1000193E-02 -.1053E+02 -.3135E+01   .9999991 -.0012997 -.0004386
T 9311  1 .1986036E+07   1000199E-02  .7134E+01 -.3956E+01   .9999987  .0014054 -.0007864
T 9312  1 .1984532E+07   1000226E-02 -.7216E+01 -.5584E+01   .9999936 -.0021746 -.0028342
T 9313  1 .1988300E+07   1000210E-02  .4212E+01  .7514E+01   .9999982  .0005154  .0018375
T 9314  1 .1983109E+07   1000200E-02 -.6670E+00  .1150E+01   .9999990  .0006561  .0012881
T 9315  1 .1987517E+07   1000189E-02 -.9922E+01  .2330E+01   .9999853 -.0053554  .0008410
T 9316  1 .1984640E+07   1000190E-02  .1289E+02  .6623E+01   .9999899  .0027222  .0035755
T 9317  1 .1985033E+07   1000059E-02  .5326E+01 -.7466E+01   .9999954  .0002499 -.0030302
T 9318  1 .1982868E+07   1000130E-02  .3039E+00 -.5858E+01   .9999992 -.0003613 -.0012087
T 9319  1 .1984682E+07   1000159E-02  .7902E+01  .5236E+01   .9999981  .0016069  .0010908
T 9320  1 .1987122E+07   1000206E-02  .4982E+01 -.1037E+02   .9999859  .0014180 -.0051125
T 9321  1 .1988634E+07   1000137E-02 -.4433E+01  .6769E+00   .9999997 -.0000899 -.0008080
T 9322  1 .1988573E+07   1000166E-02 -.1038E+02  .1924E+02   .9999950 -.0008269  .0030595
T 9323  1 .1986174E+07   1000112E-02  .8994E+01 -.1691E+02   .9999908  .0026906 -.0033398
T 9324  1 .1984266E+07   1000131E-02 -.2690E+02  .1897E+02   .9999566 -.0057679  .0073203
T 9325  1 .1988232E+07   1000146E-02 -.3963E+01  .9029E+01   .9999970 -.0004273  .0024259
T 9326  1 .1979030E+07   1000042E-02  .1150E+02  .3643E+01   .9999954  .0016324  .0025677
T 9327  1 .1981576E+07   1000226E-02  .1095E+02  .1151E+01   .9999949  .0028440  .0014651
T 9328  1 .1988301E+07   1000103E-02 -.9815E+01 -.5208E+01   .9999929 -.0027916 -.0025194
T 9329  1 .1984344E+07   1000114E-02 -.5153E+01 -.2648E+01   .9999994 -.0010698 -.0003098
T 9330  1 .1989074E+07   1000028E-02  .4136E+01 -.2451E+01   .9999982  .0016186 -.0009913
T 9331  1 .1984040E+07   1000191E-02 -.2618E+01 -.4304E+00   .9999999 -.0001247 -.0000483
T 9332  1 .1986386E+07   1000064E-02 -.8272E+01  .7583E+01   .9999990 -.0013995  .0001069
T 9333  1 .1988204E+07   1000196E-02 -.1986E+01  .1352E+02   .9999944 -.0020184  .0026713
T 9334  1 .1983232E+07   1000110E-02  .1925E+02  .9658E+01   .9999951  .0030213  .0008667
T 9335  1 .1983390E+07   1000208E-02 -.6283E+01 -.2934E+01   .9999989 -.0015049 -.0001834
T 9336  1 .1984008E+07   1000126E-02  .7669E+00 -.4157E+00   .9999999  .0002865 -.0001406
T 9337  1 .1980755E+07   1000183E-02 -.7827E+00  .1763E+01   .9999999  .0000433 -.0003834
T 9338  1 .1984947E+07   1000083E-02  .6437E+01  .1210E+01   .9999986 -.0004174 -.0016460
T 9339  1 .1982954E+07   1000188E-02  .1810E+01  .2040E+00   .9999995  .0001063  .0010278
T 9340  1 .1982578E+07   1000162E-02 -.1596E+01 -.7538E+00   .9999995 -.0007833  .0006155
T 9341  1 .1978464E+07   1000210E-02 -.1149E+02  .1189E+02   .9999956 -.0026785  .0013116
T 9342  1 .1984813E+07   1000194E-02 -.1843E+02  .8764E+01   .9999824 -.0056808  .0016879
T 9343  1 .1985190E+07   1000111E-02  .4651E+00  .7290E+00   .9999995 -.0009112  .0003822
T 9344  1 .1987134E+07   1000034E-02 -.1973E+02  .1606E+02   .9999893 -.0041766  .0019931
T 9345  1 .1987286E+07   1000063E-02 -.1128E+01  .3119E+01   .9999989 -.0010921  .0009811
T 9346  1 .1989391E+07   1000080E-02  .1674E+01 -.4763E+01   .9999957  .0001919 -.0029178
T 9347  1 .1984097E+07   1000169E-02  .1911E+01 -.1133E+02   .9999994  .0005149 -.0009255
T 9348  1 .1987042E+07   1000197E-02  .5169E+01  .2742E+00   .9999993 -.0002248 -.0011700
T 9349  1 .1982523E+07   1000021E-02  .4921E+01  .1661E+02   .9999985  .0007594  .0015517
T 9350  1 .1987456E+07   1000000E-02 -.2598E+02  .1772E+02   .9999776 -.0051106  .0043122
T 9351  1 .1984701E+07   1000002E-02  .9401E+01  .1118E+02   .9999934  .0020208  .0030040
T 9352  1 .1984568E+07   1000202E-02 -.1674E+01  .3554E+01   .9999992 -.0005502  .0011159
T 9353  1 .1986535E+07   1000096E-02 -.1814E+00  .1389E+02   .9999935 -.0009020  .0034968
T 9354  1 .1980096E+07   1000156E-02  .4223E+00 -.4041E+00   .9999990 -.0013554  .0005008
T 9355  1 .1985467E+07   1000082E-02 -.1072E+02  .1766E+01   .9999976 -.0018008  .0012730
T 9356  1 .1981830E+07   1000220E-02 -.4951E+01  .1203E+02   .9999916 -.0021431  .0035064
T 9357  1 .1985181E+07   1000106E-02 -.7075E+00  .6077E+01   .9999972 -.0017776  .0015565
T 9358  1 .1985625E+07   1000219E-02  .6146E+00 -.7067E+00   .9999997  .0007210  .0002652
T 9359  1 .1984741E+07   1000103E-02 -.3264E+01  .7621E+00   .9999998  .0001590  .0006036
T 9360  1 .1983389E+07   1000063E-02  .3889E+02  .1443E+02   .9999208  .0115176  .0050671
T 9361  1 .1989153E+07   1000208E-02 -.2511E+01 -.3826E+00   .9999995 -.0009226  .0003144
T 9362  1 .1987212E+07   1000066E-02  .7654E+01  .4283E+01   .9999969  .0021691  .0012230
T 9363  1 .1982759E+07   1000125E-02  .4117E+01  .1012E+02   .9999986  .0000907  .0016514
T 9364  1 .1987802E+07   1000103E-02  .7719E+01 -.2593E+00   .9999981  .0012337 -.0015011
T 9365  1 .1983402E+07   1000165E-02  .3131E+01 -.2207E+01   .9999989 -.0014911  .0000922
T 9366  1 .1986952E+07   1000095E-02  .5657E+00  .1289E+02   .9999975  .0002964  .0022135
T 9367  1 .1982255E+07   1000155E-02 -.2797E+01  .5891E+01   .9999989 -.0001830  .0014666
T 9368  1 .1985019E+07   1000004E-02 -.3010E+01  .2136E+00   .9999992 -.0011642 -.0003948
T 9369  1 .1982265E+07   1000214E-02 -.6954E+01  .8293E+01   .9999980 -.0017779 -.0008685
T 9370  1 .1983045E+07   1000213E-02 -.4879E+01  .1482E+01   .9999958 -.0022985  .0017420
T 9371  1 .1986275E+07   1000042E-02 -.9152E+01 -.1287E+02   .9999924 -.0022438 -.0031888
T 9372  1 .1982995E+07   1000226E-02 -.9722E+01  .9482E+01   .9999948 -.0025219  .0019950
T 9373  1 .1979237E+07   1000000E-02  .3600E+01  .4377E+01   .9999975  .0012335  .0018405
T 9374  1 .1985468E+07   1000175E-02  .2083E+01  .2784E+02   .9999505 -.0006279  .0099332
T 9375  1 .1983782E+07   1000008E-02 -.5776E+01  .1581E+02   .9999892 -.0024716  .0039453
T 9376  1 .1985396E+07   1000016E-02 -.5337E+00  .8111E+00   .9999990  .0007355 -.0012465
T 9377  1 .1980894E+07   1000112E-02 -.1110E+02 -.5409E+01   .9999941 -.0033429 -.0008106
T 9378  1 .1976260E+07   1000154E-02 -.3250E+01  .9976E+00   .9999995 -.0008516  .0005059
T 9379  1 .1979089E+07   1000061E-02 -.5383E+01  .1516E+01   .9999998 -.0004460  .0005095
T 9380  1 .1984214E+07   1000016E-02 -.1526E+01  .2128E+01   .9999990 -.0008464  .0011540
T 9381  1 .1985647E+07   1000164E-02  .5795E+01  .3050E+01   .9999968  .0024907  .0003383
T 9382  1 .1979555E+07   1000096E-02  .1420E+02 -.1100E+02   .9999636  .0065921 -.0054135
T 9383  1 .1981644E+07   1000120E-02 -.1659E+02  .7195E+00   .9999925 -.0038211 -.0005810
T 9384  1 .1986308E+07   1000179E-02  .6978E+01  .2319E+01   .9999990  .0014297  .0001971
T 9385  1 .1982308E+07   1000220E-02 -.2094E+01  .1067E+02   .9999936 -.0026489  .0023863
T 9386  1 .1980393E+07   1000013E-02 -.7939E+00  .3480E+00   .9999997  .0006457 -.0005080
T 9387  1 .1984341E+07   1000002E-02  .1239E+02 -.1010E+01   .9999920  .0035638  .0018285
T 9388  1 .1988295E+07   1000047E-02 -.7438E+00  .1076E+00   .9999997 -.0007436 -.0002076
T 9389  1 .1983347E+07   1000009E-02  .1370E+02 -.3343E+02   .9999876  .0019087 -.0046079
T 9390  1 .1986646E+07   1000198E-02 -.7447E+00 -.2243E+01   .9999997 -.0007763 -.0000988
T 9391  1 .1980932E+07   1000177E-02 -.4374E+01  .2144E+02   .9999941  .0010008  .0032782
T 9392  1 .1987809E+07   1000217E-02  .4338E+01  .1927E+02   .9999956 -.0027230  .0011931
T 9393  1 .1978913E+07   1000032E-02 -.3297E+01 -.4939E+00   .9999997 -.0006440  .0003272
T 9394  1 .1983783E+07   1000075E-02  .1794E+01 -.2957E+01   .9999973  .0011692 -.0020304
T 9395  1 .1988345E+07   1000224E-02  .7671E+01 -.8510E+01   .9999989 -.0008402  .0012227
T 9396  1 .1985096E+07   1000194E-02 -.7940E-01  .9275E+01   .9999943 -.0008767  .0032708
T 9397  1 .1983446E+07   1000029E-02 -.1592E+00  .1318E+00   .9999997 -.0005488  .0005936
T 9398  1 .1985463E+07   1000188E-02  .1241E+01  .1299E+01   .9999994  .0003790  .0009882
T 9399  1 .1983317E+07   1000186E-02  .8333E+00  .5682E+00   .9999998  .0003581 -.0004176
T 9400  1 .1984489E+07   1000129E-02  .4269E+00  .3350E+01   .9999937  .0022257  .0027470
T 9401  1 .1979524E+07   1000207E-02  .1035E+01  .8820E+00   .9999999 -.0002555 -.0000273
T 9402  1 .1982100E+07   1000136E-02  .1894E+01 -.1265E+02   .9999979  .0004874 -.0019682
T 9403  1 .1986205E+07   1000153E-02 -.1215E+01  .1618E+02   .9999928  .0007493  .0037294
T 9404  1 .1985675E+07   1000004E-02 -.2451E+01 -.6688E+01   .9999913 -.0000959 -.0041667
T 9405  1 .1987001E+07   1000198E-02  .2429E+01 -.2275E+01   .9999998 -.0005959 -.0002568
T 9406  1 .1982013E+07   1000177E-02  .8162E+01  .1405E+02   .9999997  .0006718  .0002395
T 9407  1 .1981721E+07   1000004E-02 -.8704E+01  .1772E+02   .9999948 -.0002973  .0031969
T 9408  1 .1986444E+07   1000095E-02 -.3358E+01 -.7760E+01   .9999991 -.0008811 -.0009773
T 9409  1 .1986775E+07   1000217E-02  .9990E+01 -.4405E+01   .9999969  .0019489 -.0015243
T 9410  1 .1986144E+07   1000117E-02  .1847E+02 -.1837E+02   .9999871  .0040879 -.0030057
T 9411  1 .1985021E+07   1000016E-02  .1121E+02 -.1500E+02   .9999898  .0027007 -.0036252
T 9412  1 .1983823E+07   1000187E-02 -.1575E+02  .2174E+01   .9999962 -.0027224  .0005363
T 9413  1 .1988399E+07   1000115E-02 -.3315E+02  .4322E+00   .9999578 -.0090022  .0018091
T 9414  1 .1988117E+07   1000006E-02  .2053E+02  .4821E+01   .9999893  .0043287  .0016573
T 9415  1 .1988690E+07   1000171E-02 -.6457E+00 -.1330E+02   .9999952 -.0003884 -.0030861
T 9416  1 .1989890E+07   1000141E-02  .2304E+01  .6585E+01   .9999955  .0024998 -.0016703
T 9417  1 .1986499E+07   1000137E-02 -.1211E+01 -.3088E+01   .9999998 -.0002940 -.0005586
T 9418  1 .1982639E+07   1000104E-02 -.6392E+01  .9125E+01   .9999923 -.0019927  .0033717
T 9419  1 .1983843E+07   1000148E-02 -.5840E+01  .3513E+01   .9999984  .0005714  .0017201
T 9420  1 .1988434E+07   1000215E-02 -.6713E+01 -.6754E+01   .9999962 -.0012476 -.0024683
T 9421  1 .1984508E+07   1000174E-02 -.4559E+01 -.1086E+02   .9999957 -.0006741 -.0028660
T 9422  1 .1982946E+07   1000049E-02 -.1473E+02 -.7070E+01   .9999976 -.0018562 -.0011934
T 9423  1 .1983276E+07   1000137E-02 -.3311E+02  .2499E+02   .9998878 -.0122829  .0085765
T 9424  1 .1983406E+07   1000115E-02  .1207E+01  .7130E+01   .9999980  .0016512  .0011368
T 9425  1 .1988322E+07   1000222E-02  .8869E+00  .5298E+00   .9999984  .0007384  .0016231
T 9426  1 .1986626E+07   1000052E-02  .1603E+01  .1580E+02   .9999967 -.0004602  .0025116
T 9427  1 .1989886E+07   1000216E-02 -.2792E+01 -.6450E+00   .9999999 -.0005024  .0002096
T 9428  1 .1978553E+07   1000001E-02 -.1732E+02 -.4945E+01   .9999739 -.0072240  .0000503
T 9429  1 .1986475E+07   1000105E-02  .2835E+01  .2133E+02   .9999627  .0061585  .0060495
T 9430  1 .1982020E+07   1000065E-02  .3687E+01  .2150E+01   .9999999  .0001127 -.0001183
T 9431  1 .1986621E+07   1000145E-02  .6064E+01 -.3848E+01   .9999988  .0014241 -.0006811
T 9432  1 .1983396E+07   1000161E-02  .7701E+01 -.1516E+02   .9999930  .0002649 -.0037234
T 9433  1 .1985068E+07   1000222E-02 -.9880E+01  .4525E+01   .9999980  .0006075  .0018878
T 9434  1 .1987887E+07   1000221E-02  .1682E+01 -.1415E+02   .9999913  .0024246 -.0034083
T 9435  1 .1988132E+07   1000127E-02  .1422E+01 -.8331E+01   .9999827  .0004970 -.0058635
T 9436  1 .1983250E+07   1000226E-02 -.4065E+00  .6425E+01   .9999989 -.0005272  .0013906
T 9437  1 .1988281E+07   1000024E-02  .6383E+02  .5332E+02   .9997892  .0158788  .0130150
T 9438  1 .1984776E+07   1000034E-02 -.2826E+02  .2602E+02   .9999569 -.0065239  .0066008
T 9439  1 .1983280E+07   1000076E-02 -.7561E+01 -.1242E+01   .9999906 -.0030383 -.0030889
T 9440  1 .1987490E+07   1000214E-02  .1329E+02 -.2732E+01   .9999983  .0015904 -.0009181
T 9441  1 .1983338E+07   1000210E-02 -.1075E+02 -.5265E+01   .9999976 -.0019910 -.0009339
T 9442  1 .1985562E+07   1000139E-02 -.1714E+01 -.3489E+01   .9999993  .0011369  .0001229
T 9443  1 .1986741E+07   1000032E-02  .4637E+01 -.7521E+01   .9999971  .0014505 -.0019092
T 9444  1 .1982759E+07   1000225E-02  .7888E+01  .7606E+01   .9999976  .0010872  .0018920
T 9445  1 .1983459E+07   1000117E-02  .1857E+00 -.7729E+01   .9999938  .0010500 -.0033562
T 9446  1 .1987641E+07   1000159E-02  .1790E+01 -.9165E+01   .9999953  .0029716 -.0007843
T 9447  1 .1985607E+07   1000182E-02 -.5655E+01 -.3276E+01   .9999779 -.0061637 -.0025101
T 9448  1 .1987949E+07   1000075E-02  .4145E+00  .5566E+01   .9999985  .0000353  .0017581
T 9449  1 .1982958E+07   1000072E-02  .1646E+02 -.3848E+02   .9999819  .0010312 -.0059220
T 9450  1 .1983710E+07   1000223E-02 -.4408E+01 -.4231E+01   .9999963 -.0012474 -.0024169
T 9451  1 .1980807E+07   1000107E-02  .2303E+01 -.1558E+02   .9999758 -.0003885 -.0069519
T 9452  1 .1989556E+07   1000098E-02 -.5721E+00 -.3941E+01   .9999995  .0006435 -.0007183
T 9453  1 .1988364E+07   1000201E-02 -.7706E+01 -.2427E+01   .9999984 -.0013445 -.0011474
T 9454  1 .1984901E+07   1000117E-02  .5536E+00 -.1192E+02   .9999924 -.0008216 -.0038075
T 9455  1 .1984890E+07   1000204E-02 -.8355E+01 -.1946E+01   .9999997 -.0007165  .0004254
T 9456  1 .1987490E+07   1000121E-02 -.1771E+02 -.3395E-02   .9999933 -.0036519  .0000772
T 9457  1 .1984215E+07   1000007E-02  .6535E+01  .1964E+02   .9999901  .0016993  .0041027
T 9458  1 .1984397E+07   1000106E-02  .5353E+01  .7435E+01   .9999948  .0006922  .0031486
T 9459  1 .1990960E+07   1000144E-02  .7967E+01  .3427E+01   .9999973  .0021803  .0008386
T 9460  1 .1982209E+07   1000056E-02  .8844E+01  .8316E+01   .9999969  .0018589  .0016517
T 9461  1 .1991841E+07   1000079E-02 -.2575E+01 -.1302E+01   .9999996  .0008310 -.0004485
T 9462  1 .1988790E+07   1000099E-02 -.1261E+02  .5750E+00   .9999925 -.0031361 -.0022926
T 9463  1 .1988885E+07   1000007E-02  .5619E+01  .6203E+01   .9999998  .0004761  .0004914
T 9464  1 .1985513E+07   1000176E-02 -.2423E+02  .3599E+01   .9999521 -.0095989 -.0019026
T 9465  1 .1985486E+07   1000199E-02  .5737E-01 -.2062E+01   .9999993  .0010370 -.0005749
T 9466  1 .1985381E+07   1000158E-02  .5308E+01 -.7765E+01   .9999991  .0004125 -.0012495
T 9467  1 .1983091E+07   1000085E-02  .1644E+00 -.7279E+01   .9999989  .0000481 -.0014886
T 9468  1 .1983182E+07   1000197E-02 -.2313E+02  .5858E+00   .9999927 -.0038112  .0000369
T 9469  1 .1987125E+07   1000026E-02  .1668E+01 -.3295E+01   .9999998  .0002918 -.0006235
T 9470  1 .1984105E+07   1000087E-02 -.1252E+01 -.1175E+02   .9999910 -.0001425 -.0042470
T 9471  1 .1987393E+07   1000145E-02  .1511E+02 -.2064E+02   .9999926  .0023535 -.0030455
T 9472  1 .1988111E+07   1000062E-02  .4238E+01  .1333E+01   .9999970  .0014069  .0019995
T 9473  1 .1989081E+07   1000179E-02 -.1799E+02  .6330E+01   .9999938 -.0029941 -.0018555
T 9474  1 .1983612E+07   1000128E-02 -.3758E+01  .6187E+01   .9999915 -.0026141  .0031950
T 9475  1 .1983552E+07   1000092E-02 -.1113E+02  .3328E+01   .9999977 -.0020657  .0005044
T 9476  1 .1984539E+07   1000069E-02 -.1952E+01  .5862E+01   .9999980 -.0019046  .0005320
T 9477  1 .1979581E+07   1000083E-02  .6147E+01 -.2690E+01   .9999948  .0027883 -.0015912
T 9478  1 .1984885E+07   1000099E-02  .1785E+02 -.1492E+02   .9999934  .0030893 -.0019049
T 9479  1 .1988007E+07   1000100E-02 -.5380E+00 -.7090E+00   .9999998 -.0003424 -.0005030
T 9480  1 .1986297E+07   1000179E-02 -.1287E+02  .1957E+01   .9999984 -.0016552  .0006442
T 9481  1 .1984415E+07   1000075E-02 -.3510E+01  .9738E+01   .9999934 -.0012099  .0034309
T 9482  1 .1983170E+07   1000064E-02 -.7173E+00 -.3019E+01   .9999994 -.0009275 -.0006421
T 9483  1 .1984373E+07   1000205E-02 -.7267E+01 -.1488E+02   .9999946  .0001084 -.0032953
T 9484  1 .1982963E+07   1000086E-02  .3545E+01  .1199E+01   .9999998  .0005979 -.0000046
T 9485  1 .1979199E+07   1000098E-02  .7374E+01  .7313E+01   .9999927  .0023681  .0029960
T 9486  1 .1983522E+07   1000056E-02  .4941E+01  .5693E+01   .9999942  .0011192  .0032194
T 9487  1 .1986017E+07   1000207E-02 -.8919E+00 -.1584E+01   .9999988 -.0015211 -.0002925
T 9488  1 .1988587E+07   1000010E-02 -.1363E+02 -.5127E+01   .9999922 -.0038662 -.0007449
T 9489  1 .1985260E+07   1000018E-02 -.3327E+01 -.1877E+01   .9999970 -.0023103 -.0008676
T 9490  1 .1988661E+07   1000201E-02  .1913E+02  .6406E+01   .9999956  .0029239  .0005107
T 9491  1 .1982638E+07   1000109E-02 -.3023E+02 -.3133E+01   .9999712 -.0073652 -.0018387
T 9492  1 .1984624E+07   1000209E-02 -.5336E+01 -.5021E+00   .9999994 -.0008971  .0006828
T 9493  1 .1981181E+07   1000221E-02 -.6822E+01  .1031E+02   .9999817 -.0034294  .0049854
T 9494  1 .1986127E+07   1000122E-02  .3645E+01  .1583E+01   .9999999  .0003064  .0001912
T 9495  1 .1983537E+07   1000188E-02  .8253E+01  .4924E+01   .9999991 -.0002090  .0013295
T 9496  1 .1979552E+07   1000025E-02 -.3720E+01 -.9479E+00   .9999996 -.0008728 -.0001584
T 9497  1 .1987270E+07   1000115E-02  .2205E+02 -.2328E+02   .9999812  .0050084 -.0035507
T 9498  1 .1986033E+07   1000085E-02  .4373E+02 -.1447E+02   .9999796  .0062383 -.0013682
T 9499  1 .1981784E+07   1000164E-02  .4744E+01 -.1640E+01   .9999950  .0019995  .0024491
T 9500  1 .1989009E+07   1000061E-02  .9433E+00  .8264E+01   .9999977 -.0009338  .0019149
T 9501  1 .1981111E+07   1000003E-02  .9260E+01 -.2126E+02   .9999907 -.0030769 -.0030210
T 9502  1 .1980554E+07   1000205E-02  .1934E+01  .1088E+00   .9999999  .0002462 -.0003988
T 9503  1 .1987557E+07   1000158E-02 -.5019E+01  .1716E+01   .9999997  .0000968  .0007233
T 9504  1 .1985716E+07   1000015E-02  .1746E+02  .1899E+01   .9999989  .0010009 -.0011265
T 9505  1 .1982000E+07   1000031E-02  .1489E+01 -.8449E+00   .9999985 -.0012780 -.0011524
T 9506  1 .1987861E+07   1000175E-02  .1234E+02 -.2441E+02   .9999848  .0031727 -.0045172
T 9507  1 .1985821E+07   1000200E-02  .4750E+01  .6064E+00   .9999993  .0008714  .0008027
T 9508  1 .1987180E+07   1000108E-02  .7759E+01 -.1431E+00   .9999999 -.0001363 -.0001819
T 9509  1 .1987461E+07   1000175E-02  .1185E+02  .9793E+01   .9999817  .0013191  .0059122
T 9510  1 .1985558E+07   1000134E-02  .9187E+00 -.1728E+01   .9999999 -.0002800 -.0000660
T 9511  1 .1987328E+07   1000219E-02  .5762E+00 -.7243E+01   .9999940  .0003616 -.0034545
T 9512  1 .1980929E+07   1000217E-02 -.1663E+02  .2943E+01   .9999987 -.0001942  .0015780
T 9513  1 .1981672E+07   1000185E-02 -.2656E+01 -.5485E+00   .9999991 -.0013079 -.0003822
T 9514  1 .1985997E+07   1000093E-02  .3604E+00 -.1938E+01   .9999970 -.0015111  .0019450
T 9515  1 .1987748E+07   1000226E-02  .3975E+01 -.3563E+01   .9999963  .0019075 -.0019374
T 9516  1 .1986075E+07   1000195E-02 -.6912E+00 -.5812E+00   .9999997  .0004751 -.0005841
T 9517  1 .1982899E+07   1000178E-02 -.7118E+00 -.8016E+01   .9999940  .0029622 -.0017825
T 9518  1 .1984689E+07   1000109E-02  .6003E+01  .5566E+01   .9999976 -.0002293  .0021867
T 9519  1 .1984656E+07   1000190E-02 -.5267E+02 -.6536E+02   .9999489 -.0064603 -.0077801
T 9520  1 .1989517E+07   1000221E-02  .4146E+01  .5388E+01   .9999989 -.0007891  .0012374
T 9521  1 .1987308E+07   1000200E-02 -.1902E+02 -.1060E+02   .9999928 -.0032497 -.0019449
T 9522  1 .1981865E+07   1000097E-02  .1548E+01  .2849E+01   .9999986  .0015453  .0006743
T 9523  1 .1985316E+07   1000224E-02 -.2256E+01  .2307E+01   .9999999 -.0000768 -.0000843
T 9524  1 .1983699E+07   1000204E-02  .3833E+01 -.9741E+00   .9999983  .0004213 -.0018060
T 9525  1 .1987146E+07   1000101E-02 -.7729E+00 -.5625E+00   .9999986 -.0013595 -.0009388
T 9526  1 .1982088E+07   1000149E-02 -.5330E+01 -.8071E+01   .9999985 -.0016299 -.0006307
T 9527  1 .1986662E+07   1000116E-02 -.1287E+02 -.1811E+02   .9999738 -.0054290 -.0047922
T 9528  1 .1985453E+07   1000031E-02 -.3217E+00 -.5943E+01   .9999993 -.0001076 -.0011683
T 9529  1 .1988823E+07   1000203E-02 -.5421E+01  .1147E+01   .9999982  .0019091  .0000792
T 9530  1 .1980620E+07   1000100E-02 -.7422E+01 -.1021E+02   .9999941  .0008257 -.0033278
T 9531  1 .1986356E+07   1000112E-02 -.5479E+01 -.1433E+02   .9999980  .0020199 -.0001148
T 9532  1 .1985341E+07   1000134E-02 -.5031E+01  .1748E+02   .9999928 -.0019695  .0032295
T 9533  1 .1986300E+07   1000048E-02 -.2663E+01  .2308E+01   .9999974  .0006331  .0021812
T 9534  1 .1983379E+07   1000150E-02 -.2476E+01  .2681E+01   .9999999  .0000719  .0004092
T 9535  1 .1985592E+07   1000000E-02  .1226E+02  .4315E+01   .9999983  .0016538  .0008512
T 9536  1 .1986093E+07   1000157E-02  .1251E+02 -.2069E+02   .9999921  .0019634 -.0034478
T 9537  1 .1979364E+07   1000117E-02 -.1340E+01  .9160E+00   .9999999  .0002086 -.0002041
T 9538  1 .1987881E+07   1000204E-02  .8221E+01  .1451E+01   .9999977  .0021275 -.0003191
T 9539  1 .1982595E+07   1000155E-02 -.8859E+01  .7994E+01   .9999984 -.0017436  .0003391
T 9540  1 .1987002E+07   1000110E-02  .8586E+01  .6651E+01   .9999905  .0031865  .0029901
T 9541  1 .1985830E+07   1000050E-02 -.1361E+01 -.5810E+01   .9999935 -.0005643 -.0035541
T 9542  1 .1987153E+07   1000025E-02 -.1118E+02  .3019E+01   .9999964 -.0025957 -.0006138
T 9543  1 .1983032E+07   1000210E-02  .3125E+01  .1294E+01   .9999988  .0013656  .0006748
T 9544  1 .1984421E+07   1000211E-02 -.9029E+01 -.6313E+01   .9999975 -.0022085 -.0003997
T 9545  1 .1989253E+07   1000132E-02 -.1869E+02 -.1565E+02   .9999881 -.0034130 -.0034920
T 9546  1 .1985758E+07   1000082E-02 -.1963E+01  .3311E+01   .9999987  .0008427  .0013665
T 9547  1 .1983373E+07   1000097E-02  .7631E+00 -.1776E+01   .9999996  .0003239 -.0008497
T 9548  1 .1988697E+07   1000136E-02  .4118E+00 -.7458E+00   .9999992  .0011162 -.0006709
T 9549  1 .1987381E+07   1000082E-02 -.2112E+02 -.4280E+01   .9999910 -.0040773 -.0011363
T 9550  1 .1984042E+07   1000135E-02 -.3350E+01  .3335E+00   .9999995 -.0010115  .0001787
T 9551  1 .1985461E+07   1000008E-02  .9427E+00  .4739E+01   .9999962 -.0019132  .0019665
T 9552  1 .1984825E+07   1000008E-02  .7133E+00  .9983E+00   .9999977  .0002785  .0021127
T 9553  1 .1983944E+07   1000169E-02  .2078E+01  .1909E+01   .9999997 -.0001195  .0007457
T 9554  1 .1986330E+07   1000171E-02  .9069E+01  .1750E+02   .9999891  .0026463  .0038477
T 9555  1 .1984681E+07   1000163E-02 -.2240E+02 -.1272E+02   .9999952 -.0021164 -.0022410
T 9556  1 .1982902E+07   1000129E-02  .9798E-01 -.3118E+01   .9999996 -.0005150 -.0007264
T 9557  1 .1980617E+07   1000185E-02  .7278E+01 -.1010E+01   .9999990  .0013971 -.0001016
T 9558  1 .1985166E+07   1000132E-02  .1028E+01 -.5163E+01   .9999915  .0013332 -.0038899
T 9559  1 .1987038E+07   1000009E-02 -.1118E+02  .2576E+02   .9999754 -.0050017  .0049195
T 9560  1 .1980781E+07   1000044E-02  .6338E+01  .4465E+01   .9999981  .0014972  .0012085
T 9561  1 .1987629E+07   1000216E-02 -.3194E+01  .6772E+01   .9999927  .0007051  .0037441
T 9562  1 .1978447E+07   1000065E-02 -.5138E+01  .3339E+02   .9999758 -.0000311  .0069552
T 9563  1 .1985538E+07   1000088E-02  .1334E+02 -.6600E+00   .9999964  .0026727 -.0003159
T 9564  1 .1983632E+07   1000172E-02  .3819E+00 -.4603E+00   .9999999 -.0002745  .0001565
T 9565  1 .1983081E+07   1000116E-02  .4397E+01 -.9483E+01   .9999950  .0020252 -.0024480
T 9566  1 .1984258E+07   1000000E-02  .1762E+02  .1621E+02   .9999853  .0024288  .0048386
T 9567  1 .1980126E+07   1000082E-02 -.4847E+01  .6623E+01   .9999975 -.0018984  .0012219
T 9568  1 .1986623E+07   1000225E-02  .1650E+01 -.3005E+01   .9999968 -.0002972 -.0024969
T 9569  1 .1981226E+07   1000019E-02 -.1529E+02 -.1149E+00   .9999929 -.0015681  .0034323
T 9570  1 .1985698E+07   1000115E-02 -.5230E+01 -.1654E+01   .9999932 -.0013258 -.0034460
T 9571  1 .1979599E+07   1000165E-02  .2747E+02  .1301E+02   .9999844  .0043267  .0035374
T 9572  1 .1987565E+07   1000090E-02  .1885E+02 -.9683E+01   .9999788  .0044266 -.0047858
T 9573  1 .1983254E+07   1000063E-02 -.1535E+02 -.2407E+01   .9999977 -.0021513  .0001330
T 9574  1 .1984254E+07   1000216E-02 -.5436E+01  .3900E+01   .9999977 -.0021465 -.0002172
T 9575  1 .1982505E+07   1000114E-02 -.2024E+01 -.6183E+01   .9999983 -.0007378 -.0016616
T 9576  1 .1988746E+07   1000226E-02 -.1398E+01 -.4801E+01   .9999993  .0003708 -.0010968
T 9577  1 .1985660E+07   1000223E-02  .3291E+01 -.2553E+02   .9998876  .0045483 -.0142856
T 9578  1 .1988146E+07   1000210E-02  .4076E+01  .3316E+02   .9999914  .0013164  .0039270
T 9579  1 .1984489E+07   1000018E-02 -.3210E+01  .9352E-01   .9999975 -.0021305  .0007460
T 9580  1 .1987495E+07   1000045E-02  .6686E+01  .7136E+01   .9999915  .0026201  .0031966
T 9581  1 .1981910E+07   1000114E-02  .1188E+02  .2864E+01   .9999854  .0047391  .0026098
T 9582  1 .1989797E+07   1000046E-02 -.1883E+01  .5976E+01   .9999985 -.0011418  .0012774
T 9583  1 .1989967E+07   1000153E-02 -.4784E+01  .6421E-01   .9999986 -.0015509 -.0005674
T 9584  1 .1981379E+07   1000037E-02  .1857E+02 -.8745E+01   .9998669  .0144631 -.0075523
T 9585  1 .1980655E+07   1000192E-02 -.1015E+02 -.2234E+01   .9999964  .0006834 -.0025756
T 9586  1 .1988465E+07   1000215E-02  .2958E+01 -.1053E+01   .9999994  .0011032 -.0000511
T 9587  1 .1983673E+07   1000066E-02  .2001E+02  .3494E+01   .9999815  .0059409  .0013155
T 9588  1 .1989816E+07   1000128E-02  .2232E+01 -.4194E+00   .9999997  .0006006 -.0005279
T 9589  1 .1989171E+07   1000115E-02  .8948E+02 -.9204E+01   .9989924  .0439908 -.0088920
T 9590  1 .1982591E+07   1000181E-02  .1337E+01  .2039E+01   .9999953  .0029029  .0010006
T 9591  1 .1984334E+07   1000000E-02  .4421E+01 -.1437E+02   .9999988 -.0002579 -.0015132
T 9592  1 .1984863E+07   1000074E-02 -.4609E+01 -.1429E+02   .9999783 -.0035803 -.0055224
T 9593  1 .1982269E+07   1000156E-02  .2031E+01  .5622E+00   .9999999  .0000521  .0000083
T 9594  1 .1989966E+07   1000108E-02 -.8022E+01 -.5961E+01   .9999739 -.0067600 -.0025369
T 9595  1 .1980054E+07   1000008E-02 -.2398E+01  .2138E+00   .9999992 -.0012093 -.0003863
T 9596  1 .1990870E+07   1000023E-02 -.4399E+01  .1001E+01   .9999999 -.0000899 -.0001347
T 9597  1 .1986950E+07   1000158E-02  .8838E+01  .6013E+01   .9999984  .0017589 -.0001855
T 9598  1 .1981717E+07   1000043E-02  .3864E+01 -.5750E+00   .9999936  .0035560  .0003582
T 9599  1 .1986890E+07   1000214E-02 -.1640E+02  .2582E+01   .9999946 -.0031670  .0008428
T 9600  1 .1987256E+07   1000007E-02  .1192E+02 -.6213E+01   .9999952  .0030985 -.0001912
T 9601  1 .1981066E+07   1000004E-02 -.4182E+01 -.1060E+02   .9999928 -.0013388 -.0035595
T 9602  1 .1983034E+07   1000078E-02 -.1071E+02 -.1563E+02   .9999911 -.0018054 -.0038253
T 9603  1 .1985313E+07   1000022E-02  .6480E+01 -.5881E+01   .9999996  .0006608 -.0005273
T 9604  1 .1989528E+07   1000076E-02 -.3805E+00  .1603E+01   .9999998  .0004901  .0004586
T 9605  1 .1981169E+07   1000066E-02 -.9505E+01 -.9815E+01   .9999852 -.0040745 -.0035987
T 9606  1 .1982420E+07   1000171E-02 -.6202E+01 -.1053E+01   .9999953 -.0030061 -.0005241
T 9607  1 .1986173E+07   1000157E-02  .1963E+01 -.1602E+01   .9999968  .0018733 -.0016899
T 9608  1 .1980724E+07   1000157E-02  .6624E+01 -.7913E+01   .9999887  .0034593 -.0032696
T 9609  1 .1982307E+07   1000153E-02  .8131E+01  .4554E+02   .9999874  .0001420  .0050167
T 9610  1 .1981973E+07   1000102E-02  .1163E+02  .6204E+01   .9999954  .0030188 -.0000961
T 9611  1 .1986453E+07   1000200E-02  .5033E+01  .4914E+02   .9999753  .0032417  .0062415
T 9612  1 .1985060E+07   1000108E-02  .3374E+01  .8613E+00   .9999996  .0008762  .0000718
T 9613  1 .1982660E+07   1000177E-02  .1818E+01 -.3341E+01   .9999999 -.0002019 -.0004663
T 9614  1 .1984504E+07   1000170E-02  .7317E+01  .7151E+01   .9999973  .0001132  .0023372
T 9615  1 .1985721E+07   1000142E-02  .4060E+01  .5535E+01   .9999989  .0012730  .0008195
T 9616  1 .1985485E+07   1000126E-02 -.3822E+01  .4546E+01   .9999964 -.0023916  .0012550
T 9617  1 .1987467E+07   1000221E-02  .7987E+01 -.4797E+00   .9999964  .0026675  .0004201
T 9618  1 .1989851E+07   1000224E-02 -.6543E+01 -.1395E+02   .9999990  .0002833 -.0013863
T 9619  1 .1986514E+07   1000083E-02 -.8119E+00 -.9720E+01   .9999942 -.0032595 -.0010194
T 9620  1 .1986168E+07   1000159E-02  .8127E+01 -.6230E+01   .9999953  .0025249 -.0017245
T 9621  1 .1986088E+07   1000054E-02  .1392E+02 -.1233E+01   .9999940  .0034109 -.0005700
T 9622  1 .1983010E+07   1000116E-02 -.3750E+01 -.9575E+01   .9999980 -.0001317  .0019993
T 9623  1 .1983521E+07   1000163E-02  .2155E+00  .3040E+01   .9999997 -.0007199 -.0001226
T 9624  1 .1985244E+07   1000141E-02 -.2261E+02  .1214E+02   .9999999 -.0001044  .0003434
T 9625  1 .1985054E+07   1000038E-02  .2143E+01 -.5820E+01   .9999998  .0006154  .0000481
T 9626  1 .1986191E+07   1000041E-02  .9687E+01 -.6173E+00   .9999979  .0020471 -.0002824
T 9627  1 .1982932E+07   1000210E-02  .3860E+01  .8033E+01   .9999978 -.0012040  .0017454
T 9628  1 .1986503E+07   1000063E-02  .5461E+01 -.1795E+01   .9999992 -.0004344 -.0011510
T 9629  1 .1980950E+07   1000090E-02  .7821E+01 -.3026E+02   .9999477  .0002099 -.0102273
T 9630  1 .1987846E+07   1000046E-02 -.6776E+01  .4461E+01   .9999969 -.0022641  .0010775
T 9631  1 .1982679E+07   1000068E-02 -.1699E+00  .7987E+00   .9999987  .0001422 -.0016018
T 9632  1 .1985358E+07   1000131E-02 -.8829E+01 -.1834E+02   .9999973 -.0021266 -.0009883
T 9633  1 .1989355E+07   1000024E-02  .3530E-01  .7865E+00   .9999997 -.0005716 -.0004619
T 9634  1 .1986353E+07   1000030E-02  .1657E+02  .7538E+01   .9999969  .0023571  .0008262
T 9635  1 .1987083E+07   1000154E-02 -.2283E+01 -.8442E+01   .9999983 -.0000086 -.0018685
T 9636  1 .1980957E+07   1000066E-02 -.1076E+02 -.1340E+02   .9999908 -.0023357 -.0036044
T 9637  1 .1982280E+07   1000185E-02 -.4877E+01 -.9219E+01   .9999938 -.0009777 -.0033883
T 9638  1 .1990039E+07   1000217E-02  .1662E+02 -.2576E+02   .9999868  .0024530 -.0045142
T 9639  1 .1986780E+07   1000092E-02 -.4434E+01  .7972E+01   .9999910 -.0014590  .0039751
T 9640  1 .1986830E+07   1000008E-02  .1926E+02 -.1163E+02   .9999829  .0055878 -.0016989
T 9641  1 .1983028E+07   1000019E-02 -.5479E+00 -.5535E+00   .9999994 -.0000585 -.0011330
T 9642  1 .1987485E+07   1000099E-02 -.7218E+01 -.7846E+01   .9999989 -.0008401 -.0012323
T 9643  1 .1989362E+07   1000157E-02 -.1066E+02 -.5259E+01   .9999989 -.0011519 -.0008795
T 9644  1 .1989305E+07   1000160E-02 -.4882E+01  .1144E+02   .9999936 -.0018630  .0030676
T 9645  1 .1986948E+07   1000081E-02  .1867E+01  .6777E+01   .9999940 -.0002059  .0034519
T 9646  1 .1987751E+07   1000146E-02 -.3174E+00 -.6611E+00   .9999999  .0000032 -.0003830
T 9647  1 .1984076E+07   1000211E-02 -.8004E+01  .4779E+01   .9999956 -.0015562  .0025291
T 9648  1 .1984185E+07   1000130E-02  .5550E+01  .6978E+01   .9999971  .0009903  .0021935
T 9649  1 .1980273E+07   1000210E-02  .4951E+01  .2062E+01   .9999682  .0075352  .0026043
T 9650  1 .1986307E+07   1000046E-02  .7823E+01  .9897E+01   .9999965 -.0003252  .0026096
T 9651  1 .1985582E+07   1000023E-02  .4406E-01  .2568E+01   .9999888 -.0000600  .0047226
T 9652  1 .1981774E+07   1000050E-02 -.3014E+00  .4283E+01   .9999991 -.0001808  .0012948
T 9653  1 .1982231E+07   1000134E-02  .2309E+01 -.2593E+01   .9999999  .0004651 -.0001702
T 9654  1 .1980985E+07   1000063E-02  .2353E+02  .3412E+02   .9999781  .0036732  .0054977
T 9655  1 .1986726E+07   1000214E-02 -.7740E+00  .9059E+01   .9999989 -.0009260  .0011538
T 9656  1 .1987006E+07   1000091E-02  .1114E+01 -.1756E+00   .9999998  .0004274  .0003734
T 9657  1 .1985366E+07   1000067E-02  .2841E+01 -.4267E+01   .9999976  .0013283 -.0017214
T 9658  1 .1989771E+07   1000195E-02 -.7620E+01 -.1685E+01   .9999984 -.0016951  .0005195
T 9659  1 .1986257E+07   1000132E-02 -.4162E+00  .2353E+01   .9999980 -.0010006  .0017509
T 9660  1 .1983245E+07   1000114E-02 -.5600E+01  .1233E+02   .9999899 -.0021442  .0039588
T 9661  1 .1985993E+07   1000004E-02 -.4499E+01  .5514E+01   .9999999 -.0000351 -.0003752
T 9662  1 .1979318E+07   1000084E-02 -.4187E+01  .3247E+01   .9999993 -.0011541  .0002754
T 9663  1 .1985520E+07   1000226E-02 -.5330E+01 -.8126E+01   .9999970 -.0021257 -.0012160
T 9664  1 .1980899E+07   1000020E-02 -.5256E+00 -.8198E+00   .9999996 -.0008508  .0002796
T 9665  1 .1986915E+07   1000008E-02 -.2763E+01  .3344E+01   .9999999 -.0002631 -.0001961
T 9666  1 .1982822E+07   1000148E-02  .4519E+00 -.8420E+00   .9999989 -.0008084 -.0012129
T 9667  1 .1983349E+07   1000083E-02  .4161E+00 -.1389E+02   .9999932 -.0003938 -.0036617
T 9668  1 .1985550E+07   1000011E-02 -.2104E+01 -.2190E+01   .9999946 -.0032093 -.0007242
T 9669  1 .1983461E+07   1000222E-02 -.1118E+02  .7100E+01   .9999980 -.0019655  .0003540
T 9670  1 .1982619E+07   1000170E-02 -.4873E+01  .3041E+01   .9999999  .0002689  .0001470
T 9671  1 .1982487E+07   1000138E-02  .8996E+01 -.2519E-01   .9999950  .0030483 -.0008381
T 9672  1 .1991520E+07   1000215E-02 -.8730E+01 -.1542E+02   .9999974 -.0006961 -.0021603
T 9673  1 .1987609E+07   1000196E-02 -.3838E+01  .4122E+01   .9999990 -.0007465  .0012143
T 9674  1 .1983788E+07   1000019E-02  .1859E+02 -.1605E+02   .9999914  .0027298 -.0031144
T 9675  1 .1984473E+07   1000018E-02 -.9074E+00  .6402E+01   .9999965 -.0006961  .0025635
T 9676  1 .1985395E+07   1000006E-02 -.3871E+01  .1805E+01   .9999994 -.0007174 -.0007890
T 9677  1 .1987941E+07   1000121E-02 -.4771E+01 -.7512E+01   .9999979 -.0010625 -.0017784
T 9678  1 .1990286E+07   1000129E-02 -.6085E+01 -.4426E+01   .9999967 -.0021061 -.0014934
T 9679  1 .1986769E+07   1000201E-02 -.1454E+00  .1030E+02   .9999959 -.0017030  .0023178
T 9680  1 .1983048E+07   1000087E-02 -.5772E+01 -.3423E+01   .9999922 -.0033387 -.0021298
T 9681  1 .1984743E+07   1000199E-02 -.5800E+01 -.1796E+01   .9999992 -.0012313  .0003844
T 9682  1 .1981696E+07   1000084E-02  .1549E+00 -.6507E+00   .9999998 -.0000604 -.0006150
T 9683  1 .1983435E+07   1000174E-02 -.1317E+02  .1957E+02   .9999970 -.0007769  .0023178
T 9684  1 .1981179E+07   1000164E-02 -.5819E+00 -.9477E+00   .9999998 -.0004171 -.0003641
T 9685  1 .1986260E+07   1000096E-02 -.4049E+01 -.7618E+01   .9999955 -.0014175 -.0026364
T 9686  1 .1985939E+07   1000209E-02 -.2266E+02 -.3527E+02   .9999832 -.0033193 -.0047488
T 9687  1 .1984134E+07   1000113E-02  .1455E+01 -.6009E+00   .9999995 -.0000023 -.0009592
T 9688  1 .1978440E+07   1000100E-02  .8342E+01 -.1322E+02   .9999960  .0014677 -.0024199
T 9689  1 .1986963E+07   1000189E-02 -.6682E+01  .2933E+01   .9999978 -.0011189  .0017657
T 9690  1 .1984823E+07   1000020E-02  .1644E+01  .5761E+01   .9999983 -.0001586  .0018610
T 9691  1 .1980810E+07   1000209E-02  .2476E+00  .1918E+01   .9999998 -.0002542  .0005284
T 9692  1 .1986220E+07   1000080E-02  .6964E+00 -.3122E+01   .9999998  .0006323  .0000094
T 9693  1 .1982164E+07   1000129E-02  .5882E+01 -.2514E+01   .9999943  .0033114 -.0006511
T 9694  1 .1983117E+07   1000219E-02 -.1158E+02 -.6635E+01   .9999933 -.0033873 -.0014024
T 9695  1 .1990070E+07   1000105E-02  .2801E+02 -.1865E+02   .9999260  .0100443 -.0068670
T 9696  1 .1981230E+07   1000055E-02 -.6643E+00  .6240E+00   .9999999  .0000909 -.0003362
T 9697  1 .1983806E+07   1000119E-02 -.3420E+01  .1075E+02   .9999956  .0005894  .0028917
T 9698  1 .1981857E+07   1000146E-02  .6443E+00 -.3454E+01   .9999977  .0014171 -.0015867
T 9699  1 .1978319E+07   1000018E-02 -.7026E+01 -.2076E+01   .9999980 -.0019685  .0002208
T 9700  1 .1989199E+07   1000130E-02  .9479E+01  .4459E+01   .9999975  .0022089 -.0003230
T 9701  1 .1980229E+07   1000182E-02  .6500E+01  .3114E+01   .9999987  .0014329  .0006881
T 9702  1 .1985391E+07   1000096E-02 -.1925E+02 -.1022E+02   .9999911 -.0029791 -.0029999
T 9703  1 .1990177E+07   1000216E-02  .3271E+01 -.1799E+02   .9999950  .0026254 -.0017795
T 9704  1 .1988413E+07   1000094E-02 -.6222E+02  .9707E+00   .9999582 -.0091115 -.0008117
T 9705  1 .1980842E+07   1000184E-02  .1568E+02  .5083E+01   .9999970  .0023667  .0006290
T 9706  1 .1987445E+07   1000139E-02  .1256E+02 -.1194E+01   .9999976  .0021575  .0003472
T 9707  1 .1982591E+07   1000166E-02  .2811E+01  .3552E+01   .9999986 -.0001341  .0016746
T 9708  1 .1981197E+07   1000011E-02  .3528E+01 -.6950E+00   .9999991  .0010417 -.0008430
T 9709  1 .1988121E+07   1000096E-02  .3205E+02 -.1300E+02   .9999904  .0033585 -.0028166
T 9710  1 .1989168E+07   1000224E-02 -.2100E+01  .8438E+01   .9999865  .0006070  .0051594
T 9711  1 .1986269E+07   1000125E-02 -.9123E+01 -.9167E+01   .9999995 -.0010292 -.0000082
T 9712  1 .1986668E+07   1000136E-02 -.1203E+02  .6560E+01   .9999976 -.0021310  .0005715
T 9713  1 .1981966E+07   1000206E-02 -.1206E+02 -.6666E+01   .9999984 -.0015738  .0008164
T 9714  1 .1986237E+07   1000156E-02  .5606E+01 -.3000E+01   .9999992  .0012149 -.0002918
T 9715  1 .1984953E+07   1000221E-02 -.9608E+01 -.1255E+01   .9999981 -.0014382 -.0012885
T 9716  1 .1986579E+07   1000157E-02 -.1153E+02  .2481E+01   .9999925 -.0038782  .0002425
T 9717  1 .1984381E+07   1000156E-02  .2608E+01 -.1507E+01   .9999993  .0004585 -.0010616
T 9718  1 .1986235E+07   1000037E-02  .1984E+02 -.1936E+02   .9999841  .0024087 -.0050973
T 9719  1 .1985172E+07   1000180E-02 -.1363E+01 -.4443E+00   .9999998  .0001117 -.0005788
T 9720  1 .1986130E+07   1000076E-02 -.3172E+02 -.4294E+02   .9999607 -.0059389 -.0065868
T 9721  1 .1988171E+07   1000212E-02  .2461E+02  .9273E+00   .9999922  .0038991  .0006699
T 9722  1 .1988992E+07   1000162E-02  .5243E+01  .9286E+01   .9999974  .0010781  .0020135
T 9723  1 .1978377E+07   1000039E-02  .2876E+01  .9148E+00   .9999970  .0024606  .0001955
T 9724  1 .1979157E+07   1000032E-02 -.3043E+01  .1737E+02   .9999981  .0004510  .0018889
T 9725  1 .1984957E+07   1000015E-02  .6542E+01 -.7660E+00   .9999971  .0013195 -.0020035
T 9726  1 .1984213E+07   1000047E-02  .2592E+01  .1008E+02   .9999732  .0050888  .0052703
T 9727  1 .1983321E+07   1000049E-02  .1726E+01 -.9562E+01   .9999929  .0025737 -.0027606
T 9728  1 .1986806E+07   1000182E-02 -.1185E+02  .5969E+01   .9999880 -.0019280  .0044964
T 9729  1 .1981401E+07   1000161E-02 -.5067E+00  .4273E+00   .9999994  .0000939 -.0011073
T 9730  1 .1979308E+07   1000160E-02 -.2175E+01  .3762E+00   .9999997 -.0007778 -.0000666
T 9731  1 .1987330E+07   1000183E-02  .5737E+01  .4413E+00   .9999976  .0020708  .0007322
T 9732  1 .1987433E+07   1000030E-02 -.4339E+01  .1071E+02   .9999966  .0018295  .0018516
T 9733  1 .1985510E+07   1000115E-02 -.1652E+02  .1326E+02   .9999824 -.0059326 -.0001695
T 9734  1 .1987187E+07   1000205E-02 -.7840E+01 -.5762E+01   .9999976 -.0008276 -.0020274
T 9735  1 .1985692E+07   1000152E-02  .5437E+00 -.1275E+01   .9999989  .0011093 -.0009928
T 9736  1 .1984553E+07   1000135E-02  .4642E+01  .1679E+01   .9999999  .0003591  .0003782
T 9737  1 .1983919E+07   1000073E-02 -.9971E+00 -.3846E+01   .9999884  .0042692 -.0022513
T 9738  1 .1984508E+07   1000223E-02  .5346E+01 -.4453E+00   .9999988  .0014025  .0007046
T 9739  1 .1987102E+07   1000142E-02 -.6809E+01 -.1478E+02   .9999946 -.0021816 -.0024507
T 9740  1 .1981159E+07   1000055E-02 -.3111E+02  .3664E+02   .9999721 -.0046619  .0058295
T 9741  1 .1984103E+07   1000187E-02 -.1457E+02  .1577E+01   .9999797 -.0063568  .0004296
T 9742  1 .1985931E+07   1000090E-02  .2387E+02 -.3427E+02   .9999764  .0026861 -.0063253
T 9743  1 .1986970E+07   1000052E-02  .2259E+02 -.4927E+01   .9999959  .0028724  .0001250
T 9744  1 .1987245E+07   1000179E-02  .3670E+01  .5368E+01   .9999977  .0011321  .0017982
T 9745  1 .1988122E+07   1000005E-02  .3207E+01 -.1689E+01   .9999965  .0025435  .0007778
T 9746  1 .1987758E+07   1000180E-02 -.5966E+01  .8475E+01   .9999710 -.0021410  .0073032
T 9747  1 .1985226E+07   1000054E-02 -.6430E+01 -.2734E+01   .9999961 -.0004459 -.0027518
T 9748  1 .1986230E+07   1000095E-02 -.4395E+02 -.1886E+02   .9999573 -.0091512 -.0013225
T 9749  1 .1980998E+07   1000037E-02 -.6148E+02  .4606E+02   .9999324 -.0084733  .0079589
T 9750  1 .1985222E+07   1000158E-02  .2514E+01 -.1579E+01   .9999997  .0006573  .0004172
T 9751  1 .1982251E+07   1000127E-02 -.1137E+02 -.1282E+02   .9999991 -.0012394 -.0004796
T 9752  1 .1980553E+07   1000160E-02 -.7618E+01  .4887E+01   .9999980 -.0011706  .0015948
T 9753  1 .1985911E+07   1000008E-02  .1602E+01  .3158E+01   .9999999 -.0000608 -.0000345
T 9754  1 .1980439E+07   1000002E-02 -.5887E+00 -.3097E+01   .9999993 -.0004711 -.0010457
T 9755  1 .1989198E+07   1000200E-02 -.2149E+02 -.8404E+01   .9999955 -.0018040 -.0023797
T 9756  1 .1984853E+07   1000112E-02 -.2028E+01  .7068E+01   .9999992 -.0000359  .0012665
T 9757  1 .1983060E+07   1000049E-02  .7624E+01 -.8907E+01   .9999907  .0018946 -.0038615
T 9758  1 .1985857E+07   1000159E-02  .9455E+01 -.2228E+01   .9999978  .0004449 -.0020472
T 9759  1 .1982997E+07   1000025E-02 -.2363E+02  .4859E+02   .9999751 -.0020758  .0067409
T 9760  1 .1988055E+07   1000134E-02 -.3840E-02 -.1084E+01   .9999978 -.0001512 -.0021050
T 9761  1 .1982990E+07   1000133E-02  .5961E+01  .1116E+02   .9999928  .0032709  .0019266
T 9762  1 .1986119E+07   1000056E-02 -.9641E+00 -.8954E+00   .9999990 -.0003449 -.0013384
T 9763  1 .1984139E+07   1000067E-02 -.1820E+01  .3148E+01   .9999996 -.0000470  .0008716
T 9764  1 .1981100E+07   1000028E-02  .6281E+01  .1514E+01   .9999998 -.0005894 -.0003373
T 9765  1 .1985116E+07   1000224E-02  .9055E+00  .4577E+01   .9999973  .0007581  .0022103
T 9766  1 .1984425E+07   1000209E-02 -.1404E+02 -.1191E+02   .9999748 -.0045991 -.0054082
T 9767  1 .1987755E+07   1000179E-02  .1436E+02 -.8022E+01   .9999926  .0028075 -.0026349
T 9768  1 .1984638E+07   1000095E-02 -.2424E+02 -.1702E+01   .9999915 -.0041254  .0001992
T 9769  1 .1983715E+07   1000126E-02  .6836E+01  .1291E+02   .9999973  .0016365  .0016388
T 9770  1 .1982817E+07   1000008E-02 -.5247E+01  .3027E+01   .9999996  .0008376  .0004012
T 9771  1 .1984521E+07   1000086E-02  .6117E+00  .5562E+01   .9999957 -.0006754  .0028466
T 9772  1 .1979607E+07   1000049E-02  .2696E+01 -.1199E+02   .9999981  .0003942 -.0019172
T 9773  1 .1989681E+07   1000084E-02 -.1035E+01  .3585E+00   .9999992  .0012213  .0001209
T 9774  1 .1985990E+07   1000214E-02  .4515E+00  .5487E+01   .9999970  .0015480  .0019175
T 9775  1 .1986919E+07   1000188E-02 -.9382E+01 -.2035E+01   .9999991 -.0012557  .0004181
T 9776  1 .1989653E+07   1000188E-02  .2910E+01 -.1464E+02   .9999968  .0010664 -.0022970
T 9777  1 .1980233E+07   1000193E-02  .2145E+01 -.1683E+01   .9999991  .0013110 -.0000487
T 9778  1 .1984424E+07   1000038E-02  .2956E+01  .1723E+01   .9999960  .0028215  .0002543
T 9779  1 .1984544E+07   1000157E-02 -.1003E+02  .4894E+00   .9999995 -.0010436 -.0000143
T 9780  1 .1983743E+07   1000053E-02  .5110E+01  .1034E+02   .9999950  .0026117  .0017882
T 9781  1 .1984535E+07   1000204E-02  .1675E+02 -.6299E+01   .9999967  .0021223 -.0014655
T 9782  1 .1983964E+07   1000179E-02  .9861E-01  .5431E+00   .9999998  .0003555 -.0004770
T 9783  1 .1986940E+07   1000023E-02 -.1749E+02  .5607E+02   .9999916 -.0015404  .0037923
T 9784  1 .1987894E+07   1000076E-02  .9159E+01 -.1729E+01   .9999976  .0021247 -.0004743
T 9785  1 .1985896E+07   1000053E-02  .2381E+00 -.4808E+00   .9999994 -.0000210 -.0010960
T 9786  1 .1986946E+07   1000177E-02  .2141E+01 -.1072E+02   .9999970  .0012733 -.0021139
T 9787  1 .1985598E+07   1000023E-02 -.6089E+01  .4764E+00   .9999981 -.0019468 -.0000944
T 9788  1 .1988853E+07   1000168E-02  .1527E+01  .6819E+01   .9999983  .0000848  .0018214
T 9789  1 .1981945E+07   1000091E-02  .2417E+01 -.1632E+01   .9999999  .0002147 -.0000753
T 9790  1 .1984504E+07   1000102E-02 -.2492E+01  .1670E+01   .9999988 -.0014292  .0006559
T 9791  1 .1984773E+07   1000134E-02 -.5970E+01 -.6013E+00   .9999982  .0009128 -.0016903
T 9792  1 .1986608E+07   1000175E-02 -.8545E+01  .8389E+00   .9999968 -.0025210  .0000936
T 9793  1 .1981922E+07   1000154E-02  .1421E+02  .3381E+01   .9999963  .0023000  .0014383
T 9794  1 .1986020E+07   1000163E-02 -.5519E+01 -.1670E+02   .9999962 -.0011400 -.0025231
T 9795  1 .1987021E+07   1000110E-02  .2092E+01 -.4001E+01   .9999948  .0023289 -.0022492
T 9796  1 .1985587E+07   1000116E-02  .2387E+01 -.3771E+01   .9999956  .0004252 -.0029232
T 9797  1 .1982793E+07   1000149E-02 -.1572E+02 -.1035E+02   .9999976 -.0005595 -.0021314
T 9798  1 .1978750E+07   1000027E-02 -.4579E+01  .2365E+01   .9999951 -.0030180  .0008857
T 9799  1 .1985512E+07   1000176E-02 -.6015E+01  .1602E+02   .9999894  .0014020  .0043786
T 9800  1 .1982234E+07   1000036E-02 -.1052E+02  .5153E+01   .9999960 -.0027029  .0008513
T 9801  1 .1983648E+07   1000057E-02 -.5998E+01  .6303E+01   .9999995 -.0008160 -.0005884
T 9802  1 .1987382E+07   1000153E-02  .1052E+02 -.2502E+02   .9999869  .0024899 -.0044727
T 9803  1 .1985598E+07   1000061E-02  .1762E+01 -.4262E+00   .9999998 -.0005785 -.0003852
T 9804  1 .1986594E+07   1000205E-02 -.2134E+00  .2984E+01   .9999999  .0001994 -.0000241
T 9805  1 .1983640E+07   1000213E-02  .1784E+01 -.2231E+01   .9999939 -.0028571  .0020015
T 9806  1 .1984829E+07   1000159E-02  .7880E+01 -.1181E+02   .9999923  .0023407 -.0031350
T 9807  1 .1980867E+07   1000211E-02  .5625E+01 -.1495E+02   .9999456  .0033110 -.0098888
T 9808  1 .1987417E+07   1000147E-02  .1672E+01 -.3425E+00   .9999995  .0009543  .0003830
T 9809  1 .1987792E+07   1000149E-02  .2241E+01  .6490E+00   .9999970  .0016828  .0017717
T 9810  1 .1991347E+07   1000065E-02 -.3041E+01  .7105E+01   .9999990 -.0002145  .0013889
T 9811  1 .1988415E+07   1000134E-02  .2663E+01 -.1162E+02   .9999988  .0005263 -.0014596
T 9812  1 .1983055E+07   1000157E-02  .2559E+01 -.2199E+01   .9999980  .0019360 -.0005614
T 9813  1 .1983999E+07   1000105E-02  .6410E+01  .1049E+02   .9999981  .0003640  .0018909
T 9814  1 .1980591E+07   1000200E-02 -.7055E+00 -.5336E+01   .9999828 -.0022987 -.0053982
T 9815  1 .1993008E+07   1000189E-02 -.8600E+01 -.2010E+01   .9999919 -.0037375 -.0015080
T 9816  1 .1982402E+07   1000167E-02 -.1183E+02 -.3872E+01   .9999940 -.0034658  .0002753
T 9817  1 .1987331E+07   1000179E-02  .1178E+02 -.8216E+01   .9999969  .0019899 -.0014949
T 9818  1 .1987798E+07   1000210E-02  .1069E+02  .6035E+01   .9999939  .0035023 -.0001753
T 9819  1 .1986830E+07   1000192E-02 -.1579E+02 -.9727E+01   .9999967 -.0018351 -.0017856
T 9820  1 .1985342E+07   1000017E-02  .2159E+01  .2386E-01   .9999973  .0014420 -.0018248
T 9821  1 .1984191E+07   1000078E-02  .7367E+02 -.1477E+02   .9996401  .0265956 -.0035072
T 9822  1 .1987215E+07   1000158E-02  .4652E+01 -.6798E+00   .9999997  .0006406 -.0004695
T 9823  1 .1984312E+07   1000213E-02 -.1352E+01 -.1836E+02   .9999914 -.0009017 -.0040488
T 9824  1 .1984363E+07   1000080E-02  .2363E+01  .8303E+00   .9999988  .0005378  .0014809
T 9825  1 .1984037E+07   1000070E-02  .1819E+02 -.1421E+02   .9999932  .0024036 -.0027906
T 9826  1 .1985621E+07   1000114E-02  .2434E+01  .1140E+02   .9999935  .0012751  .0033803
T 9827  1 .1988041E+07   1000085E-02 -.1624E+01  .1220E+01   .9999941 -.0032944  .0009601
T 9828  1 .1984704E+07   1000178E-02  .7416E+01  .2472E+01   .9999993  .0010694 -.0004180
T 9829  1 .1986222E+07   1000127E-02  .3246E+01 -.2396E-01   .9999992  .0012515 -.0002222
T 9830  1 .1986540E+07   1000193E-02 -.6125E+01 -.1065E+02   .9999973 -.0007198 -.0022107
T 9831  1 .1982244E+07   1000120E-02 -.6712E+01  .8254E+01   .9999921 -.0022387  .0032965
T 9832  1 .1985182E+07   1000141E-02 -.1989E+02  .5569E+01   .9999826 -.0055426  .0020251
T 9833  1 .1989178E+07   1000069E-02 -.3017E+02  .8958E+01   .9999848 -.0053568  .0013091
T 9834  1 .1985403E+07   1000118E-02 -.5716E+01  .1133E+02   .9999979 -.0012617  .0016001
T 9835  1 .1983194E+07   1000139E-02 -.2753E+01  .4196E+01   .9999993  .0002528  .0011827
T 9836  1 .1986165E+07   1000172E-02  .4451E+01  .2220E+01   .9999944  .0030884 -.0012622
T 9837  1 .1988649E+07   1000188E-02 -.5925E+01 -.2690E+02   .9999842 -.0005302 -.0056052
T 9838  1 .1988877E+07   1000110E-02  .1790E+02  .1395E+02   .9999930  .0029828  .0022502
T 9839  1 .1987070E+07   1000193E-02  .4476E+00  .2391E-01   .9999991 -.0013091  .0001695
T 9840  1 .1984442E+07   1000007E-02 -.1856E+01  .1018E+02   .9999951  .0009039  .0029852
T 9841  1 .1981905E+07   1000226E-02  .8113E+02 -.2966E+02   .9999520  .0091080 -.0036005
T 9842  1 .1984397E+07   1000006E-02 -.8748E+01 -.3303E+01   .9999984 -.0011810 -.0013209
T 9843  1 .1984885E+07   1000189E-02 -.1153E+02 -.2312E+01   .9999976 -.0021925 -.0001966
T 9844  1 .1978466E+07   1000003E-02  .5215E+01  .9409E+01   .9999986  .0007137  .0015145
T 9845  1 .1984604E+07   1000118E-02  .1823E+02  .1848E+02   .9999917  .0032380  .0024845
T 9846  1 .1977378E+07   1000214E-02  .9606E+00  .1080E+02   .9999986 -.0016475  .0001308
T 9847  1 .1981365E+07   1000182E-02 -.7306E+01  .4230E+01   .9999981 -.0017909 -.0007561
T 9848  1 .1985128E+07   1000037E-02 -.1068E+02  .9140E+01   .9999981 -.0009575  .0016951
T 9849  1 .1980906E+07   1000069E-02 -.2778E+01 -.9071E+01   .9999979 -.0003893 -.0020115
T 9850  1 .1987850E+07   1000113E-02 -.4538E+01  .6736E+01   .9999946 -.0024955  .0021471
T 9851  1 .1988419E+07   1000119E-02 -.3703E+01 -.1915E+00   .9999992 -.0012345 -.0000267
T 9852  1 .1986193E+07   1000080E-02 -.4774E+02 -.1465E+02   .9999833 -.0055140 -.0017502
T 9853  1 .1982544E+07   1000180E-02  .2940E+01 -.1197E+02   .9999994  .0005818 -.0009023
T 9854  1 .1981012E+07   1000003E-02 -.3143E+00 -.7471E+01   .9999964 -.0019656  .0018032
T 9855  1 .1988240E+07   1000045E-02  .2706E+01  .1246E+01   .9999999  .0002946 -.0004328
T 9856  1 .1984461E+07   1000008E-02  .2689E+00 -.4612E+01   .9999989  .0003347 -.0014598
T 9857  1 .1985961E+07   1000192E-02  .5179E+02  .3454E+02   .9999548  .0082455  .0047443
T 9858  1 .1989147E+07   1000115E-02  .1658E+01 -.2055E+01   .9999996 -.0000244 -.0009086
T 9859  1 .1981107E+07   1000116E-02 -.9906E-01 -.1033E+01   .9999996 -.0008798 -.0000568
T 9860  1 .1987649E+07   1000168E-02 -.1259E+01  .9861E+00   .9999998 -.0005841 -.0000973
T 9861  1 .1983199E+07   1000217E-02  .5605E+01 -.1017E+02   .9999968  .0016861 -.0018640
T 9862  1 .1986751E+07   1000044E-02 -.3600E+01  .6292E+01   .9999995 -.0004492  .0008454
T 9863  1 .1988150E+07   1000125E-02 -.1725E+01  .7427E+00   .9999999  .0002487 -.0001707
T 9864  1 .1984650E+07   1000174E-02  .6589E+01  .1558E+02   .9999927  .0023106  .0030438
T 9865  1 .1988714E+07   1000077E-02  .6079E+01  .5592E+01   .9999992  .0005185  .0011648
T 9866  1 .1985803E+07   1000204E-02 -.6846E+01 -.4718E+00   .9999989 -.0001670  .0014466
T 9867  1 .1984570E+07   1000224E-02 -.1291E+01  .3621E+01   .9999989  .0002024  .0014386
T 9868  1 .1985005E+07   1000051E-02 -.6422E+01 -.5487E+01   .9999966 -.0024675  .0008490
T 9869  1 .1989944E+07   1000179E-02 -.1649E+02  .2481E+01   .9999924 -.0032019 -.0022119
T 9870  1 .1987244E+07   1000017E-02 -.2280E+02  .1930E+01   .9999886 -.0047748  .0003118
T 9871  1 .1987444E+07   1000193E-02 -.1184E+00 -.2956E+01   .9999991 -.0000038 -.0013474
T 9872  1 .1979596E+07   1000018E-02  .1446E+02  .1563E+01   .9999458  .0101582  .0022708
T 9873  1 .1983094E+07   1000013E-02  .1282E+00  .8539E+01   .9999969  .0001674  .0024888
T 9874  1 .1986691E+07   1000156E-02 -.2781E+01 -.3158E+01   .9999967 -.0021745 -.0013796
T 9875  1 .1981613E+07   1000148E-02 -.2211E+02  .9131E+01   .9999824 -.0057211  .0015920
T 9876  1 .1984444E+07   1000098E-02  .2425E+01  .7820E-01   .9999997  .0003926 -.0006361
T 9877  1 .1980822E+07   1000181E-02 -.5111E+01  .1002E+02   .9999844 -.0026742  .0049084
T 9878  1 .1981759E+07   1000088E-02 -.4901E+01  .9418E+01   .9999928 -.0011226  .0036209
T 9879  1 .1982867E+07   1000149E-02  .1893E+00 -.2761E+01   .9999972  .0000657 -.0023444
T 9880  1 .1988095E+07   1000211E-02  .2520E+02 -.1183E+02   .9999962  .0026737 -.0006386
T 9881  1 .1990017E+07   1000217E-02  .6210E+01 -.2235E+02   .9999959  .0011161 -.0026392
T 9882  1 .1986925E+07   1000223E-02 -.1251E+02  .6610E+01   .9999935 -.0029877  .0019969
T 9883  1 .1985423E+07   1000083E-02 -.4968E+01  .4800E+01   .9999989  .0000785 -.0015091
T 9884  1 .1984657E+07   1000202E-02  .7559E+01  .8346E+00   .9999998 -.0006281  .0002908
T 9885  1 .1985622E+07   1000186E-02  .1870E+01 -.7362E+01   .9999992 -.0012020 -.0002506
T 9886  1 .1980409E+07   1000159E-02  .5328E+01 -.2644E+01   .9999982  .0016018 -.0010156
T 9887  1 .1986617E+07   1000128E-02  .2783E+01  .1195E+01   .9999964  .0026687 -.0003325
T 9888  1 .1984758E+07   1000144E-02  .5888E+01  .4063E+00   .9999985  .0017476 -.0001621
T 9889  1 .1981912E+07   1000220E-02  .2174E+01 -.5068E+00   .9999987  .0016315 -.0000941
T 9890  1 .1980487E+07   1000043E-02 -.1419E+02  .1234E+02   .9999962 -.0026092  .0009276
T 9891  1 .1980576E+07   1000200E-02 -.2721E+01  .3282E+01   .9999964 -.0026868  .0000066
T 9892  1 .1983724E+07   1000187E-02 -.6012E+02 -.1979E+02   .9999506 -.0093018 -.0035107
T 9893  1 .1986158E+07   1000094E-02  .1178E+02  .7985E+00   .9999948  .0029681 -.0012669
T 9894  1 .1980343E+07   1000060E-02  .2324E+01 -.5675E+01   .9999992 -.0001722 -.0012517
T 9895  1 .1983626E+07   1000005E-02 -.1671E+02 -.2514E+01   .9999917 -.0038335  .0014132
T 9896  1 .1985845E+07   1000185E-02  .2871E+01  .1222E+02   .9999961 -.0012523  .0024770
T 9897  1 .1979570E+07   1000144E-02 -.3084E+02 -.4354E+02   .9999787 -.0054449 -.0035989
T 9898  1 .1986870E+07   1000002E-02 -.1190E+01  .1409E+02   .9999970  .0006127  .0023836
T 9899  1 .1980535E+07   1000098E-02 -.9853E+00  .5584E+00   .9999998 -.0005172  .0002172
T 9900  1 .1985928E+07   1000170E-02  .2833E+01 -.5299E+01   .9999965  .0023820 -.0011878
T 9901  1 .1987790E+07   1000208E-02 -.2393E+01  .1139E+01   .9999937 -.0028898  .0020548
T 9902  1 .1991724E+07   1000067E-02  .1087E+01 -.3433E+00   .9999995  .0009706 -.0000666
T 9903  1 .1983090E+07   1000073E-02 -.1057E+02  .1727E+01   .9999938 -.0002044 -.0035099
T 9904  1 .1985488E+07   1000097E-02  .1116E+02  .1311E+02   .9999920  .0023787  .0032029
T 9905  1 .1983057E+07   1000185E-02 -.5436E+00  .3789E+01   .9999991  .0007214  .0011294
T 9906  1 .1981378E+07   1000081E-02  .1618E+02 -.1375E+02   .9999885  .0040795 -.0025209
T 9907  1 .1984422E+07   1000178E-02  .5549E-01 -.4958E+00   .9999969 -.0016702 -.0018408
T 9908  1 .1986350E+07   1000005E-02 -.3719E+01 -.5326E+01   .9999976  .0021902 -.0002921
T 9909  1 .1981249E+07   1000163E-02  .3372E+00  .1135E+02   .9999961  .0016083  .0022851
T 9910  1 .1985887E+07   1000101E-02  .7901E+00  .2371E+02   .9999856  .0007801  .0053027
T 9911  1 .1983323E+07   1000121E-02 -.1594E+02 -.1362E+02   .9999911 -.0036853 -.0020509
T 9912  1 .1980635E+07   1000025E-02 -.4446E+01 -.5795E+00   .9999999 -.0005335 -.0000115
T 9913  1 .1984647E+07   1000170E-02 -.5351E+01  .2065E+02   .9999846  .0029312  .0047192
T 9914  1 .1985620E+07   1000226E-02  .6655E+01 -.9980E+01   .9999974  .0006626 -.0021969
T 9915  1 .1980446E+07   1000045E-02 -.2217E+01 -.1372E+02   .9999920  .0002481 -.0039919
T 9916  1 .1983029E+07   1000081E-02  .2208E+01 -.4294E+01   .9999970 -.0006128 -.0023698
T 9917  1 .1985176E+07   1000224E-02 -.5654E-01  .2297E+01   .9999997  .0002557  .0006712
T 9918  1 .1983509E+07   1000187E-02 -.2540E+01  .8118E+00   .9999996 -.0008438 -.0000897
T 9919  1 .1985054E+07   1000136E-02 -.1796E+02  .7875E+00   .9999940 -.0026893 -.0021982
T 9920  1 .1987186E+07   1000025E-02 -.2041E+02  .2756E+01   .9999395 -.0105742 -.0030289
T 9921  1 .1985674E+07   1000030E-02 -.6369E+01 -.2110E+02   .9999936 -.0017757 -.0031076
T 9922  1 .1985749E+07   1000148E-02  .2312E+01  .7306E+01   .9999982  .0017803  .0006926
T 9923  1 .1990038E+07   1000215E-02 -.2115E+02 -.8509E+01   .9999587 -.0087452 -.0024746
T 9924  1 .1979883E+07   1000118E-02 -.4290E+02 -.7404E+02   .9999731 -.0023100 -.0069584
T 9925  1 .1984942E+07   1000185E-02 -.2022E+02  .1002E+02   .9999927 -.0036380  .0011353
T 9926  1 .1985415E+07   1000222E-02 -.3498E+01  .9038E+01   .9999994  .0004051  .0009889
T 9927  1 .1984780E+07   1000157E-02 -.5267E+01 -.5741E+01   .9999997  .0006403 -.0004217
T 9928  1 .1984866E+07   1000192E-02 -.2055E+02 -.5722E+02   .9999022 -.0043544 -.0132892
T 9929  1 .1989882E+07   1000158E-02  .2661E+02  .7393E+01   .9999414  .0107291  .0014469
T 9930  1 .1990061E+07   1000190E-02  .1939E+01 -.1424E+01   .9999977  .0016667 -.0013671
T 9931  1 .1986958E+07   1000191E-02  .7895E+01 -.5928E+01   .9999989  .0012808 -.0007227
T 9932  1 .1986570E+07   1000190E-02 -.3777E+02 -.4939E+02   .9998065 -.0109135 -.0163657
T 9933  1 .1982889E+07   1000130E-02 -.6003E+02  .9034E+02   .9998847 -.0092628  .0120310
T 9934  1 .1985634E+07   1000093E-02  .9761E+01 -.9668E+00   .9999947  .0032174 -.0005394
T 9935  1 .1989465E+07   1000190E-02 -.5959E+00 -.9046E+01   .9999924 -.0003668 -.0038935
T 9936  1 .1984363E+07   1000222E-02  .2746E+01 -.1458E+01   .9999969  .0024972 -.0002363
T 9937  1 .1990620E+07   1000130E-02 -.1783E+02 -.1006E+02   .9999943 -.0028457 -.0017953
T 9938  1 .1980782E+07   1000222E-02 -.3105E+02 -.2890E+01   .9999867 -.0051398  .0003650
T 9939  1 .1985632E+07   1000182E-02 -.5127E+01  .5866E+01   .9999963 -.0006568  .0026587
T 9940  1 .1985765E+07   1000132E-02  .1090E+00  .8040E+02   .9999397 -.0008309  .0109462
T 9941  1 .1983346E+07   1000049E-02 -.1563E+01  .1238E+00   .9999961 -.0022144  .0017278
T 9942  1 .1983591E+07   1000012E-02  .6811E+01  .3679E+01   .9999996  .0008987  .0002967
T 9943  1 .1983034E+07   1000108E-02  .1651E+02  .1781E+02   .9999875  .0031923  .0038428
T 9944  1 .1984858E+07   1000134E-02  .3183E+00 -.3909E+00   .9999989  .0004719 -.0014351
T 9945  1 .1985339E+07   1000069E-02 -.2775E+01  .8040E+01   .9999934 -.0012036  .0034368
T 9946  1 .1989026E+07   1000154E-02  .6741E+01  .1844E+01   .9999844  .0031214  .0046238
T 9947  1 .1982958E+07   1000044E-02 -.1188E+02  .1387E+02   .9999922 -.0028602  .0027242
T 9948  1 .1987461E+07   1000007E-02  .1023E+02  .1449E+02   .9999941  .0012288  .0032072
T 9949  1 .1984527E+07   1000207E-02 -.4547E+01 -.2822E+01   .9999998 -.0001930  .0006225
T 9950  1 .1985582E+07   1000204E-02  .1111E+02  .5109E+01   .9999983  .0014551  .0011471
T 9951  1 .1990973E+07   1000152E-02 -.9490E+02 -.1023E+03   .9998433 -.0098893 -.0146855
T 9952  1 .1986667E+07   1000039E-02  .2217E+01 -.5842E+01   .9999984  .0011243 -.0013805
T 9953  1 .1984958E+07   1000137E-02  .2454E+01  .1675E+02   .9999919  .0013446  .0037885
T 9954  1 .1985602E+07   1000005E-02  .1310E+02 -.1124E+02   .9999907  .0034983 -.0025307
T 9955  1 .1980747E+07   1000207E-02  .7032E+01  .3132E+01   .9999985  .0014887 -.0008385
T 9956  1 .1981031E+07   1000171E-02 -.9732E+01 -.2492E+02   .9999913 -.0007605 -.0041121
T 9957  1 .1984072E+07   1000185E-02 -.1556E+02  .3078E+01   .9999963 -.0026729  .0005343
T 9958  1 .1985517E+07   1000188E-02  .1658E+01  .8792E+01   .9999993 -.0010805 -.0004064
T 9959  1 .1983874E+07   1000086E-02 -.3704E+01 -.1889E+01   .9999979 -.0019954  .0004201
T 9960  1 .1989629E+07   1000175E-02  .4781E+01 -.2022E+01   .9999945  .0033237  .0001659
T 9961  1 .1984383E+07   1000146E-02 -.6386E+01  .1965E+02   .9999885 -.0017624  .0044615
T 9962  1 .1986723E+07   1000139E-02 -.1725E+01 -.3765E+00   .9999956 -.0012717  .0026894
T 9963  1 .1984731E+07   1000185E-02 -.6280E+01 -.3868E+01   .9999979  .0010002 -.0017674
T 9964  1 .1980875E+07   1000019E-02  .4073E+01 -.6268E+01   .9999997  .0001871 -.0007140
T 9965  1 .1981901E+07   1000127E-02 -.2879E+01  .6727E+01   .9999999 -.0001639  .0001575
T 9966  1 .1989729E+07   1000101E-02  .9246E+01 -.8661E+01   .9999967  .0016551 -.0019596
T 9967  1 .1984789E+07   1000069E-02 -.8022E+02 -.4040E+02   .9999019 -.0119736 -.0072713
T 9968  1 .1981881E+07   1000075E-02  .1207E+02 -.1288E+02   .9999945  .0022796 -.0023971
T 9969  1 .1990249E+07   1000133E-02 -.3486E+01  .4116E+01   .9999992 -.0001557  .0012498
T 9970  1 .1990000E+07   1000026E-02 -.4954E+01  .5234E+01   .9999937 -.0014861  .0032381
T 9971  1 .1988031E+07   1000213E-02  .1609E+02 -.3649E+02   .9999434  .0030671 -.0101914
T 9972  1 .1987299E+07   1000205E-02  .5600E+02 -.7267E+00   .9999719  .0072956  .0017173
T 9973  1 .1979767E+07   1000116E-02 -.1839E+01  .2509E+01   .9999981  .0002134  .0019369
T 9974  1 .1985541E+07   1000127E-02 -.2004E+02 -.1513E+01   .9999940 -.0034618  .0000825
T 9975  1 .1986868E+07   1000126E-02 -.3165E+01 -.2695E+01   .9999979 -.0020421  .0001188
T 9976  1 .1987885E+07   1000025E-02 -.1927E+02  .2146E+01   .9999860 -.0042304  .0031669
T 9977  1 .1989270E+07   1000100E-02  .6018E+01  .7793E+00   .9999951  .0030316 -.0008008
T 9978  1 .1985904E+07   1000212E-02 -.5852E+01 -.4156E+01   .9999869 -.0037660 -.0034750
T 9979  1 .1986665E+07   1000100E-02 -.1992E+02  .1942E+01   .9999937 -.0035417 -.0002698
T 9980  1 .1987467E+07   1000153E-02  .1473E+02  .1232E+01   .9999940  .0034010  .0005779
T 9981  1 .1990277E+07   1000060E-02 -.1984E+01 -.1975E+01   .9999989 -.0014387 -.0003839
T 9982  1 .1982548E+07   1000205E-02  .3174E+01  .1122E+02   .9999952  .0009091  .0029772
T 9983  1 .1981623E+07   1000145E-02  .2566E+01  .2554E+01   .9999991  .0011770  .0005925
T 9984  1 .1981947E+07   1000151E-02  .1435E+01  .5157E+01   .9999979  .0017058  .0011319
T 9985  1 .1984662E+07   1000169E-02 -.1106E+02 -.1312E+00   .9999945 -.0029981  .0014441
T 9986  1 .1989465E+07   1000168E-02 -.6672E+01  .5543E+01   .9999963 -.0021381  .0016876
T 9987  1 .1981021E+07   1000175E-02  .1774E+01 -.1646E+01   .9999980  .0002447 -.0020006
T 9988  1 .1984696E+07   1000157E-02 -.7155E+00  .3617E+01   .9999970  .0021736  .0010894
T 9989  1 .1985878E+07   1000206E-02  .5004E+01  .2076E+01   .9999979  .0012283  .0016694
T 9990  1 .1980811E+07   1000149E-02 -.1653E+01  .2434E+02   .9999891  .0010357  .0045582
T 9991  1 .1983217E+07   1000036E-02  .2337E+02 -.2269E+01   .9999973  .0023201 -.0000106
T 9992  1 .1985115E+07   1000222E-02 -.2294E+00  .2216E+01   .9999970  .0018866 -.0015359
T 9993  1 .1984569E+07   1000199E-02  .9190E+00  .4697E+00   .9999999  .0000094  .0000099
T 9994  1 .1982115E+07   1000221E-02  .6419E+01 -.1280E+02   .9999971  .0018255 -.0015458
T 9995  1 .1983239E+07   1000117E-02 -.7695E+01 -.2239E+01   .9999993 -.0009961 -.0006222
T 9996  1 .1979745E+07   1000127E-02  .6239E+01  .4265E+01   .9999995  .0008496 -.0005162
T 9997  1 .1986156E+07   1000045E-02 -.2343E+01 -.2790E+01   .9999990 -.0014145 -.0000094
T 9998  1 .1986212E+07   1000195E-02  .4572E+01  .3707E+00   .9999990  .0012046 -.0006996
T 9999  1 .1988470E+07   1000204E-02 -.1031E+02 -.1874E+01   .99