143,142,149,144,143,146,141,141,149,146,147,146,150,145,145,150,149,151,148,149,150,147,149,144,149,148,148,148,147,148,151,147,147,153,144,143,138,141,141,142,136,135,141,140,137,133,134,135,131,134,142,131,144,150,153,152,151,154,154,153,147,147,145,148,144,150,148,147,148,151,148,152,147,143,142,147,151,149,153,157,152,144,156,153,148,154,157,152,156,151,156,153,151,152,156,153,151,157,156,152,152,152,153,152,157,152,157,156,160,161,156,155,159,161,166,162,163,155,158,155,162,156,154,162,157,153,158,157,156,155,159,166,164,159,160,155,153,159,153,158,158,155,153,158,159,166,167,159,165,159,161,164,160,167,163,166,164,165,169,161,165,164,166,160,160,161,165,165,163,158,162,164,162,164,160,161,159,162,164,169,228,249,237,134,126,122,122,123,123,123,121,121,122,124,126,125,122,122,125,125,122,125,126,124,127,122,120,128,125,122,125,129,123,127,125,122,124,121,122,128,127,125,125,129,121,125,126,125,129,127,119,127,124,132,128,124,127,129,123,127,132,129,124,126,127,127,129,130,128,123,125,126,128,122,126,125,130,129,128,125,129,126,136,130,125,124,123,128,126,126,129,130,124,126,129,126,129,131,128,124,129,123,132,124,128,123,124,127,126,124,128,131,126,128,130
147,143,141,145,143,145,143,144,142,149,145,148,150,148,143,149,150,149,150,154,147,148,154,151,146,145,145,150,149,144,149,146,146,147,146,141,135,138,138,130,128,123,115,118,110,104,103,100,95,93,97,102,116,132,141,150,149,153,153,156,153,155,152,151,148,148,151,150,149,150,143,147,150,147,141,144,152,153,149,153,152,151,154,147,150,158,155,157,156,153,149,157,155,152,149,160,155,160,155,151,156,158,153,159,158,152,154,154,155,159,159,157,169,159,157,163,160,159,151,149,151,153,159,158,156,159,153,161,162,157,155,148,154,155,164,154,159,155,152,162,154,156,152,153,157,157,160,161,163,163,158,159,162,163,164,163,162,159,160,161,164,165,161,164,164,157,161,160,157,160,158,168,162,158,155,164,162,164,165,172,182,255,211,131,124,123,123,123,119,126,125,123,122,125,126,125,127,127,130,120,125,130,124,128,133,126,125,125,123,123,123,128,126,125,126,122,125,129,125,126,127,126,125,124,125,130,126,120,120,123,126,130,128,130,126,129,125,127,124,125,125,133,128,128,125,126,127,124,123,131,131,127,129,126,128,127,125,130,124,127,129,129,134,121,127,131,127,127,130,127,126,125,123,124,129,130,123,131,123,128,127,129,125,127,126,125,125,129,123,130,123,129,130,130,130
146,145,149,147,147,140,145,144,145,145,149,147,148,150,145,149,146,149,149,152,149,144,147,149,151,146,143,149,148,139,143,144,140,139,132,132,129,124,112,107,90,83,174,166,166,192,223,215,211,201,206,192,220,159,152,149,150,151,145,149,148,153,149,145,154,150,150,152,151,150,151,143,151,147,152,149,148,147,153,150,149,156,155,148,152,155,152,150,153,158,153,156,149,155,156,151,155,153,153,151,151,148,144,153,151,154,153,147,150,147,145,147,147,138,134,139,141,138,130,137,143,149,155,153,159,159,157,161,152,163,158,159,155,156,152,159,152,160,159,153,158,156,154,155,156,161,174,162,163,160,158,167,166,165,164,161,161,164,165,165,161,163,162,159,165,162,163,162,163,160,163,164,158,156,161,164,165,166,162,168,206,255,244,133,126,125,125,124,124,119,120,125,123,128,134,125,126,123,126,123,123,124,124,127,128,127,127,127,125,125,126,126,123,127,126,125,124,124,127,123,127,125,122,129,126,127,125,129,126,128,124,126,126,129,123,129,126,129,129,123,124,129,127,127,127,125,131,126,133,148,123,126,124,124,121,126,124,126,126,123,127,126,128,127,131,125,124,127,124,131,125,126,125,129,126,124,126,129,126,128,127,123,128,126,125,128,129,126,125,127,125,128,125,130,123
145,145,147,147,145,145,145,147,145,146,151,147,146,145,151,147,149,148,143,150,152,153,151,150,152,150,152,153,150,148,150,145,152,145,154,153,155,166,157,152,155,237,169,117,62,55,57,57,54,52,55,59,65,53,72,95,112,125,129,140,139,149,150,152,154,155,151,152,154,156,156,159,153,147,151,152,149,150,152,157,163,155,151,152,154,153,148,153,146,149,153,147,153,152,152,148,151,152,147,148,152,146,149,150,144,145,139,133,127,124,120,218,217,255,255,255,255,255,255,255,228,167,166,156,160,155,162,155,159,152,153,155,159,154,152,158,160,158,153,152,155,159,155,159,157,162,165,161,158,157,165,163,161,160,165,159,161,166,161,159,160,158,161,158,166,164,162,163,156,159,157,161,161,158,163,166,164,167,164,175,210,236,245,134,129,127,126,124,124,122,119,121,123,121,123,120,122,125,128,122,128,125,123,122,127,125,122,130,131,127,129,125,124,124,124,124,127,125,120,123,127,126,129,125,125,126,122,131,129,124,129,122,130,126,124,128,126,130,124,125,127,125,126,123,129,125,126,127,124,125,128,130,128,125,126,122,126,125,125,127,129,127,131,129,122,124,124,123,129,124,127,129,131,129,130,126,126,128,123,126,127,126,127,127,129,131,129,125,126,124,124,126,123,126,126
142,138,149,142,139,145,146,147,142,146,139,133,142,147,138,144,143,144,143,139,138,139,140,143,135,137,129,132,126,126,121,117,110,105,97,86,78,68,61,53,46,111,84,138,189,209,207,201,199,197,196,190,175,153,164,148,162,150,152,148,152,148,151,147,145,142,151,151,153,145,148,154,149,149,149,150,149,147,150,149,150,154,153,154,153,156,157,152,153,154,150,152,152,150,154,157,154,153,158,152,156,160,159,155,156,160,177,156,166,171,210,167,96,59,57,60,63,61,53,54,105,68,93,114,130,139,149,156,157,163,167,158,161,165,164,164,156,164,165,162,148,156,157,161,157,155,165,159,156,157,160,162,160,163,159,161,160,162,164,165,168,165,164,159,154,165,168,164,162,165,162,157,154,158,162,166,161,172,176,252,255,207,255,139,127,130,127,133,124,175,203,124,121,119,119,124,123,120,123,122,125,124,130,124,124,128,124,124,127,124,127,123,127,123,124,127,126,127,127,124,126,123,126,126,126,125,127,127,129,125,125,129,125,128,129,125,126,130,127,125,127,127,127,124,129,130,129,127,127,129,128,131,129,126,129,128,129,125,124,126,125,128,123,128,127,128,126,127,132,128,126,125,122,127,125,124,128,128,125,123,127,126,126,127,127,128,123,125,128,125,127,126,124,124,123
153,142,142,144,147,148,149,149,143,145,145,144,145,148,152,149,154,150,151,152,149,155,151,151,149,153,149,153,152,144,149,152,148,142,146,142,144,145,140,133,131,121,116,104,96,91,91,85,81,81,85,92,107,123,141,153,148,150,154,152,157,150,159,149,151,148,155,147,148,149,148,146,146,148,149,147,150,149,154,150,148,150,151,158,148,151,152,149,151,147,147,152,146,144,146,148,142,142,137,132,132,128,119,118,111,97,87,69,62,73,82,83,90,97,110,97,85,75,69,66,128,134,150,154,165,166,163,163,162,156,158,161,153,153,157,159,164,157,155,156,155,167,156,155,156,164,161,156,164,164,168,160,161,164,162,165,163,164,164,162,164,163,165,164,156,159,164,164,166,161,165,159,165,160,163,163,166,169,227,125,54,56,84,74,96,88,117,131,100,212,240,181,124,124,121,121,121,125,123,125,127,123,127,126,130,129,126,127,127,126,127,125,123,127,125,125,126,126,122,129,122,122,125,129,129,131,126,128,127,119,125,129,127,127,128,128,124,128,126,125,129,125,126,127,129,129,130,130,132,126,126,123,129,125,124,123,123,127,123,127,130,127,129,131,124,127,126,129,129,122,125,126,130,128,131,128,129,128,127,123,121,129,128,123,128,125,128,123,125,127,131,130,126,126,126
142,147,150,145,146,145,143,145,141,149,144,149,151,150,147,146,155,150,148,147,148,155,151,151,151,155,148,150,151,145,147,146,144,148,138,136,134,127,121,115,108,102,94,89,84,83,80,80,89,83,85,91,103,125,137,147,150,153,157,157,158,158,153,155,153,152,150,154,147,150,149,149,148,146,146,150,153,147,150,151,152,147,149,155,157,154,153,157,160,157,154,153,150,147,155,150,148,149,150,148,148,147,146,142,139,133,128,121,112,103,107,111,111,119,120,129,163,255,240,255,187,164,159,158,158,148,160,156,154,157,157,160,154,156,154,154,157,152,156,156,154,150,154,161,160,170,159,172,159,161,157,163,165,160,167,160,164,161,157,158,164,163,161,162,156,159,162,156,161,161,162,159,159,161,158,164,168,164,91,59,54,54,60,53,49,44,41,55,97,255,196,131,129,129,133,131,122,122,121,127,125,124,128,130,126,128,125,128,125,126,127,127,123,129,126,124,123,127,123,126,123,124,122,126,130,126,128,126,130,126,122,125,127,126,127,130,125,128,128,125,127,124,127,127,123,126,129,128,130,130,129,127,130,129,128,127,128,125,130,130,127,128,130,132,126,125,124,126,127,131,129,129,126,132,126,125,122,129,127,127,128,126,130,126,131,130,126,128,124,126,124,127,124,127,122
149,142,147,141,143,142,145,145,147,146,146,152,150,156,149,150,149,148,147,148,150,148,147,151,151,151,149,142,147,143,141,145,143,145,139,134,129,129,122,114,107,99,98,94,93,90,88,85,88,91,98,107,121,131,144,151,154,156,159,159,155,156,150,145,149,150,153,152,148,155,152,150,148,177,157,150,145,147,149,147,153,151,149,154,153,155,160,153,158,152,158,153,156,154,161,159,156,155,158,155,156,155,166,158,160,161,156,163,164,166,163,163,150,137,125,114,115,121,106,112,123,137,155,156,163,164,161,162,160,159,162,161,153,159,159,159,154,154,160,165,157,157,157,156,158,157,153,158,164,157,161,161,160,157,161,160,161,163,161,157,167,161,160,160,159,157,165,154,160,161,159,159,159,160,163,163,161,159,222,250,67,57,150,160,212,255,255,224,255,255,244,126,118,124,118,125,120,123,122,122,118,126,122,126,124,125,128,123,124,126,125,120,125,121,123,126,127,125,127,123,120,126,128,125,127,127,132,128,125,124,125,123,126,129,127,127,125,127,125,130,129,127,129,129,126,129,125,129,129,126,121,130,124,128,126,127,125,126,125,122,125,128,129,127,129,129,132,124,128,128,127,130,129,128,127,128,123,125,128,129,125,127,130,127,128,127,129,125,129,128,123,129,124,129,125
99,96,93,93,89,132,141,145,150,146,145,144,142,147,151,150,152,152,154,255,197,185,195,112,90,206,232,233,238,241,253,245,244,217,208,195,178,160,146,124,109,105,106,106,100,101,103,101,105,111,116,120,130,139,153,149,147,150,155,154,152,153,157,147,148,156,151,154,153,148,153,149,147,149,148,153,149,149,149,153,152,147,152,151,156,154,150,158,151,154,156,154,156,152,155,152,152,154,155,150,148,150,151,151,149,143,141,135,131,126,125,119,121,117,109,107,111,109,107,111,121,137,150,155,157,157,159,168,167,167,163,159,161,164,161,160,160,166,161,160,155,153,157,159,155,156,158,156,157,155,159,161,163,171,162,163,158,166,161,159,168,160,161,159,159,165,161,158,157,166,166,160,167,166,162,160,162,163,166,183,64,70,154,167,168,179,189,196,195,236,255,133,123,120,126,120,125,117,126,122,125,125,123,125,126,129,124,125,128,124,121,123,129,123,129,122,124,124,128,129,122,127,124,126,124,121,124,121,127,125,130,127,128,132,125,127,125,125,126,124,129,123,124,129,128,134,150,130,124,128,127,128,126,126,127,129,128,128,128,127,128,124,128,125,128,128,129,127,125,128,132,128,125,125,124,125,128,124,128,125,130,127,126,128,127,128,127,125,120,127,129,128,130,126,124
105,108,108,104,102,111,148,150,147,153,152,147,149,153,152,150,149,151,154,138,110,107,108,107,105,109,105,107,105,107,112,104,103,101,101,101,94,96,90,83,125,122,115,116,113,115,118,119,120,122,127,134,139,219,104,99,99,107,102,95,97,97,92,98,97,95,104,111,126,135,144,152,189,188,149,150,152,149,151,153,150,150,155,156,154,155,153,157,224,212,215,195,201,181,168,170,160,161,157,154,153,152,151,147,145,142,139,131,126,127,125,120,122,116,117,115,117,121,122,133,145,145,155,153,154,163,158,163,157,164,163,164,157,159,162,156,150,162,157,156,158,161,156,161,158,156,157,165,157,159,158,154,159,164,164,164,166,166,165,165,167,163,168,164,164,161,165,163,171,162,164,165,162,161,164,162,160,162,171,171,221,240,160,169,166,168,168,178,176,219,236,133,120,121,122,123,122,127,123,124,125,123,125,122,122,122,124,128,123,124,126,125,125,124,123,124,125,125,128,129,126,126,123,124,120,127,128,127,123,127,124,129,123,132,122,128,127,128,125,131,126,130,124,128,126,134,127,129,126,129,129,126,130,129,133,125,124,132,126,127,125,127,124,128,126,126,124,126,128,127,125,132,126,125,126,130,125,127,125,123,126,126,129,128,129,130,127,125,124,123,128,126,126,130,125
111,108,107,106,105,121,148,151,149,146,153,152,148,145,148,148,150,153,146,148,146,109,109,110,108,105,111,109,109,107,104,103,102,103,102,97,98,96,88,87,124,122,120,125,119,123,124,124,130,132,135,137,139,252,114,102,109,105,108,111,109,108,113,109,111,111,107,111,110,111,106,108,105,99,154,152,155,152,155,153,153,151,153,157,153,152,153,248,119,113,115,112,115,112,112,110,108,114,112,107,104,104,104,102,99,100,95,90,139,133,129,126,126,128,127,132,131,134,136,142,140,155,215,149,168,172,174,196,201,206,221,214,233,237,237,249,255,246,244,236,239,220,162,152,149,152,156,157,162,154,152,161,159,162,160,159,164,161,167,164,161,167,161,166,165,169,159,156,161,167,163,159,161,163,162,161,164,160,159,163,167,182,159,164,166,167,167,174,171,182,235,128,125,125,127,126,126,125,119,127,122,122,125,121,124,125,125,128,126,125,126,125,125,122,126,127,123,123,121,124,128,123,125,126,129,123,127,126,123,128,127,124,128,131,127,124,124,125,124,125,125,128,127,127,126,126,132,125,126,127,129,124,124,126,126,126,126,127,131,132,129,122,131,133,128,128,128,126,130,129,127,126,127,125,131,129,128,126,129,129,124,125,127,125,122,126,131,128,128,132,127,123,126,129,127
108,109,104,101,100,113,143,149,152,153,148,149,143,145,150,154,152,152,159,145,116,108,106,111,110,109,111,109,104,108,107,109,107,103,100,103,94,95,91,89,140,130,123,125,129,126,131,130,134,135,139,138,146,255,133,110,110,109,111,109,112,111,113,110,110,107,112,112,112,111,108,111,108,101,148,154,154,152,155,153,154,159,153,155,160,164,151,243,121,111,114,109,113,109,115,112,107,111,110,110,106,110,111,106,102,105,99,95,144,134,134,138,129,133,135,134,135,140,146,143,153,159,116,110,110,114,115,112,110,114,112,114,112,117,113,116,114,111,116,115,111,107,157,158,166,161,153,156,165,162,157,163,164,165,165,182,123,113,111,109,116,108,103,109,107,106,104,104,127,148,117,115,138,159,170,189,197,167,155,162,165,168,163,167,159,171,169,169,173,187,220,128,126,125,125,123,122,123,124,125,122,127,129,127,124,128,121,123,121,120,120,125,127,126,129,124,128,122,127,130,124,124,127,128,123,127,128,126,131,129,126,126,124,139,123,127,123,124,125,125,122,128,126,123,126,128,130,126,125,129,127,130,125,128,127,126,130,129,130,124,131,127,134,126,130,127,124,126,126,124,128,122,125,122,128,125,128,128,126,126,129,124,127,130,127,127,127,124,128,124,128,126,126,124,124
104,114,107,102,107,136,148,147,150,146,151,145,149,150,151,152,154,152,153,172,116,109,111,108,107,110,111,112,110,107,108,111,107,110,103,102,96,98,91,90,133,129,134,127,132,136,136,134,144,142,145,148,151,255,120,106,107,111,109,106,113,111,110,113,113,113,114,114,111,111,107,110,108,100,148,153,156,157,150,158,153,156,153,153,150,156,161,226,123,113,113,112,113,114,118,119,113,112,109,113,114,113,110,106,107,102,106,105,155,137,142,137,142,136,142,140,141,144,149,144,152,158,123,111,112,110,113,118,116,115,119,119,113,115,118,113,115,114,115,113,112,112,195,152,158,156,161,156,173,154,167,159,163,163,160,194,126,121,121,119,120,120,123,120,119,123,119,123,121,123,121,114,121,118,118,114,113,165,165,165,164,160,166,171,166,165,163,170,169,174,147,122,123,125,126,126,125,126,125,124,128,126,127,121,122,126,125,128,125,125,123,127,125,121,123,123,120,124,124,126,121,125,130,128,124,124,130,128,125,129,127,129,125,127,129,124,128,125,127,125,129,128,127,128,130,128,127,127,128,128,127,123,123,121,124,128,129,125,125,131,126,128,128,130,125,122,120,127,127,124,124,129,129,123,132,126,129,128,127,124,125,131,125,124,121,126,125,127,127,128,127,128,124,125,131
107,111,107,103,101,145,143,152,152,150,147,146,147,154,149,148,151,154,151,155,112,109,107,108,111,111,115,110,108,112,108,108,105,104,103,104,100,98,94,91,140,136,132,133,139,136,136,142,142,147,144,152,199,255,121,110,109,112,111,110,113,110,113,112,109,109,112,109,113,108,113,108,106,101,150,153,155,149,150,151,156,151,155,154,160,156,156,245,123,116,115,113,112,109,116,115,113,116,113,111,110,110,110,107,107,106,104,97,168,144,141,140,141,142,144,145,152,149,152,157,184,196,122,114,116,110,112,113,115,114,115,117,115,114,116,117,118,117,117,114,110,106,166,166,157,156,158,160,156,159,162,164,161,163,161,240,132,121,120,121,114,123,123,125,128,117,120,120,124,124,119,120,121,121,119,120,118,159,164,163,162,163,164,166,167,162,166,163,169,177,174,123,126,123,123,123,120,124,124,126,122,127,125,127,127,123,126,121,126,122,127,126,125,127,125,126,125,126,126,126,129,130,125,125,127,126,123,122,126,128,125,125,127,130,125,127,129,126,123,124,123,124,129,128,131,129,125,123,129,131,131,123,125,126,129,127,130,130,122,129,125,127,125,131,128,126,127,126,128,127,127,127,127,131,124,124,120,127,128,129,122,125,127,130,124,121,129,129,129,126,122,127,126,123,129
111,108,108,104,103,163,140,146,147,152,143,152,148,146,150,152,150,150,152,145,114,108,109,110,113,115,112,111,110,106,111,110,109,105,108,103,103,100,97,94,134,135,138,142,139,144,140,145,146,150,148,154,174,255,125,109,111,109,109,108,112,112,114,111,115,112,114,109,113,110,113,108,105,98,147,149,151,159,151,152,159,153,161,153,157,158,159,230,119,113,112,117,112,116,114,112,115,115,117,115,112,115,110,113,108,106,106,100,201,142,142,149,146,147,150,146,149,149,151,176,168,210,126,114,113,118,112,115,117,114,116,113,117,116,116,116,116,117,118,114,111,109,196,162,158,156,165,156,159,153,162,161,162,167,168,231,130,122,117,120,121,125,120,122,125,119,122,126,121,124,119,125,121,120,117,116,112,158,163,162,170,166,167,166,164,161,168,174,172,183,137,125,120,124,122,122,126,126,124,121,126,124,121,127,122,123,123,128,128,123,123,128,125,122,123,120,124,126,126,126,130,122,129,125,127,126,126,128,127,125,126,125,128,127,128,132,129,128,132,129,127,121,124,128,127,124,129,126,130,127,125,127,124,123,127,131,126,126,127,129,128,132,128,125,130,130,126,130,129,124,129,125,130,126,125,129,129,127,129,122,131,128,124,123,129,128,126,131,123,121,123,127,129,130,126
113,105,107,103,99,160,142,147,147,146,149,150,151,147,157,157,155,157,156,152,116,109,109,111,113,112,107,108,108,110,109,109,109,110,102,106,100,101,101,89,138,145,143,141,139,142,142,146,146,148,151,154,179,255,122,110,111,113,107,113,118,114,114,112,114,112,117,113,115,111,110,109,110,102,153,152,155,156,155,154,153,154,156,159,157,157,161,235,119,114,113,117,115,117,111,116,116,114,115,113,115,110,111,109,107,105,103,103,199,152,152,149,151,153,148,150,153,155,154,152,176,187,124,116,116,115,114,117,116,116,114,116,116,119,117,116,114,112,114,110,116,111,206,157,163,157,160,162,162,159,161,164,153,160,169,255,137,121,123,123,123,125,123,121,123,121,122,122,119,117,123,119,118,120,117,117,113,165,169,168,164,170,173,162,167,163,164,166,169,190,122,123,123,126,120,122,121,128,124,126,124,124,122,125,125,128,124,124,125,123,123,124,124,123,122,124,128,134,128,122,123,127,125,125,127,124,125,126,130,125,127,131,127,129,130,125,130,130,125,127,128,126,131,129,128,131,130,127,130,127,126,125,129,128,129,127,121,124,124,132,129,130,126,128,125,133,129,128,127,126,129,130,125,124,126,123,130,124,126,130,128,131,128,127,123,126,127,128,126,129,126,125,128,126,132
106,108,109,106,99,142,146,148,147,151,150,150,147,145,147,152,148,153,163,165,116,109,114,108,109,110,115,113,112,114,108,107,108,109,105,105,105,98,97,97,142,140,143,138,143,146,148,141,147,148,148,154,172,235,121,111,112,114,116,111,114,114,115,111,113,111,111,111,108,115,110,110,110,99,146,153,150,152,156,153,155,155,156,158,156,157,155,254,120,113,116,113,113,112,114,119,115,112,119,116,113,114,113,110,111,111,105,103,213,158,150,157,154,155,150,155,156,150,151,168,176,172,121,116,114,117,117,117,116,116,118,122,114,118,115,117,116,117,116,115,112,111,240,157,161,164,159,157,159,161,161,162,163,169,163,216,132,123,119,123,123,121,123,122,125,123,124,122,123,124,125,124,120,119,119,115,121,158,169,166,168,158,162,167,162,171,164,174,164,173,140,118,123,124,123,121,130,127,125,123,125,122,125,126,123,132,130,126,123,120,127,124,124,126,129,124,122,127,132,127,126,126,128,123,127,127,127,127,127,122,126,130,127,134,122,129,127,128,125,129,129,128,124,129,127,127,124,127,129,129,123,126,126,126,126,128,123,127,125,129,125,128,127,127,132,126,126,127,125,128,125,124,126,124,129,126,131,124,125,125,125,131,123,128,125,125,126,126,124,124,128,126,129,126,130
109,111,106,104,102,137,146,144,151,147,150,154,150,151,153,153,158,155,167,161,113,109,107,108,109,110,113,107,106,108,108,109,104,108,109,106,108,104,101,99,138,143,145,152,147,148,147,151,152,151,153,153,158,241,123,113,115,114,110,114,112,115,107,116,117,115,114,117,113,109,108,110,108,99,145,158,155,155,156,160,155,153,154,150,158,161,159,224,123,114,115,114,116,116,114,119,115,114,114,114,110,116,115,111,108,109,107,107,208,156,153,161,154,154,155,154,153,158,157,157,183,191,127,114,116,117,116,115,117,119,116,121,117,118,115,119,120,116,115,114,112,108,237,161,159,159,156,158,156,163,155,159,163,166,175,216,127,120,120,123,121,118,119,125,118,121,123,122,123,122,125,119,114,119,120,115,144,163,162,162,160,166,163,166,169,166,165,174,173,227,127,119,124,119,122,125,125,121,128,128,125,122,126,138,126,124,124,126,128,126,124,122,122,121,127,130,123,128,125,125,127,130,129,124,125,126,127,131,128,124,124,124,130,132,124,126,127,127,127,129,132,131,127,124,127,127,125,127,127,127,127,128,129,131,127,127,128,130,131,125,131,129,124,130,128,126,121,131,129,126,125,130,124,125,126,127,129,131,129,128,134,124,130,129,129,128,129,125,126,127,126,126,127,127,125
108,105,106,105,104,216,144,147,147,145,150,149,150,151,151,153,153,149,173,160,114,111,111,113,112,107,113,113,111,112,110,110,110,111,104,109,105,101,101,103,141,146,148,144,146,149,150,152,147,151,147,157,161,182,119,113,112,117,115,119,115,116,117,113,115,117,114,115,116,110,110,108,108,101,145,154,152,152,159,154,157,156,156,160,158,159,157,220,123,115,113,116,117,116,115,115,116,117,122,117,114,110,112,113,116,109,108,102,212,159,158,161,163,159,157,159,158,157,161,162,228,213,127,117,116,115,119,123,121,118,118,119,120,114,115,118,123,116,115,112,109,106,222,165,162,153,156,165,163,163,163,159,161,165,169,231,130,125,123,121,122,125,123,125,123,122,120,123,127,123,121,117,119,117,111,115,163,159,163,165,167,165,165,166,168,170,172,171,174,210,125,120,122,121,123,125,123,118,126,123,120,125,129,125,130,123,126,125,125,121,123,124,124,128,127,125,129,126,128,125,127,126,129,129,130,128,130,129,127,124,125,130,130,125,127,126,127,130,133,131,128,126,128,128,127,127,124,128,125,130,131,126,127,130,125,125,126,129,128,125,129,131,131,129,126,127,127,132,129,126,128,126,127,126,132,126,130,130,127,126,127,127,122,129,132,129,126,125,128,130,129,125,128,127,124
110,105,103,102,96,218,155,142,149,147,147,156,144,148,151,151,151,152,180,124,109,109,110,113,112,111,111,110,109,110,111,105,104,108,105,105,103,101,98,123,142,148,150,152,149,151,151,150,154,155,157,159,229,161,120,113,117,119,114,117,110,115,110,116,114,114,111,112,115,108,107,107,106,99,148,148,151,156,153,152,159,154,153,155,156,159,158,206,121,115,114,116,113,117,115,115,116,115,115,115,112,116,115,114,111,114,110,107,204,150,162,188,162,164,159,160,158,162,166,161,202,234,129,113,119,119,120,119,115,120,121,120,112,115,120,120,120,115,116,113,114,104,238,162,156,158,156,160,165,155,162,168,162,171,163,255,130,117,120,122,120,120,120,123,120,120,124,118,124,122,120,123,123,116,119,113,167,162,158,164,160,162,164,163,169,168,163,167,173,206,126,120,121,127,123,125,124,125,124,122,123,123,124,125,124,128,124,126,125,123,124,128,128,124,131,127,125,123,124,130,128,124,125,130,127,126,127,128,128,121,129,131,132,124,130,126,128,127,127,131,124,132,128,131,131,127,129,127,129,126,130,128,130,129,129,127,131,125,127,128,129,127,125,129,127,126,128,128,127,128,125,127,127,127,127,124,124,127,130,127,128,132,125,124,131,124,125,132,128,127,128,125,125,125,132
107,109,104,104,100,206,151,145,148,146,146,150,152,150,149,152,151,155,194,157,113,112,111,109,115,110,110,113,113,108,111,112,109,110,107,103,104,104,99,128,139,149,148,153,149,149,151,150,153,154,158,158,154,194,118,115,111,112,117,116,118,115,115,114,117,112,114,113,113,115,110,107,106,101,147,158,154,146,156,155,158,156,158,157,157,160,188,153,121,114,114,117,117,114,114,117,117,117,115,114,114,114,113,112,112,110,105,105,203,161,158,170,156,158,158,163,158,164,155,167,162,231,129,124,122,120,118,116,122,119,114,115,119,114,120,117,112,117,113,114,111,108,238,158,155,162,159,161,168,162,164,158,164,163,165,252,128,128,125,120,120,122,123,125,120,122,120,117,120,117,121,119,116,113,113,115,153,163,164,165,166,164,163,163,166,162,168,165,173,201,128,123,123,124,125,125,129,125,125,128,125,124,121,128,125,126,125,131,125,126,128,125,122,127,126,125,126,124,125,127,122,126,125,125,129,125,128,127,129,128,128,127,134,128,124,125,131,127,132,128,127,125,125,127,129,127,128,127,126,125,128,126,129,127,132,127,128,123,131,131,131,127,126,132,131,125,131,126,134,131,123,130,121,128,129,128,131,131,127,129,127,126,123,127,126,130,127,126,132,129,127,126,126,127,124
110,107,102,101,100,194,150,149,145,147,156,149,148,152,152,152,150,155,255,120,107,109,109,113,113,113,111,110,110,109,108,111,112,109,107,108,104,103,101,112,141,147,151,152,152,150,155,155,151,159,159,163,161,118,114,114,114,115,115,113,116,113,114,113,113,112,115,111,115,114,111,108,105,128,150,151,155,155,155,151,154,156,155,160,156,166,179,138,116,114,108,115,118,116,111,114,118,114,117,114,111,115,115,109,107,107,105,104,197,158,158,156,155,159,155,155,160,157,164,162,175,236,125,121,122,123,116,122,119,117,119,120,119,121,117,115,116,118,115,115,113,109,192,163,163,160,160,163,166,165,164,165,166,165,172,255,135,122,122,123,121,121,126,121,118,121,120,121,122,120,120,119,113,116,113,113,148,161,162,160,159,165,163,160,163,166,165,169,174,183,126,121,119,123,123,125,122,128,122,122,121,126,128,132,125,124,128,129,128,128,126,125,122,128,127,125,121,129,127,127,126,122,125,124,121,124,128,127,128,131,125,129,129,133,126,130,128,125,125,131,132,125,128,129,127,130,122,130,125,127,131,128,133,130,127,129,130,130,123,130,129,125,130,130,131,128,127,130,130,129,128,125,130,129,128,130,123,124,128,126,126,128,125,126,129,130,127,129,129,125,125,125,129,132,130
106,106,104,102,98,187,150,148,147,146,154,144,147,152,153,150,148,157,235,122,112,113,108,111,112,111,109,110,109,108,111,106,108,106,108,105,105,100,99,131,144,144,146,150,144,151,153,157,152,153,153,161,176,129,116,112,117,114,112,119,115,111,116,116,118,110,115,107,109,108,109,104,104,128,151,152,155,152,152,155,152,158,158,157,161,163,173,125,120,114,115,117,117,115,114,114,116,116,116,114,113,113,111,111,112,110,106,103,167,158,156,155,159,158,158,163,157,162,159,161,170,245,129,117,120,119,123,120,118,116,119,121,117,111,113,116,114,115,112,112,113,110,195,164,158,165,158,163,160,164,162,165,165,178,169,255,126,118,122,122,123,119,120,119,120,120,123,117,116,121,119,119,116,116,114,110,185,161,167,162,166,162,166,166,165,165,166,166,171,193,132,124,118,123,128,128,124,124,123,125,130,121,119,123,123,129,122,125,120,125,123,126,127,127,126,128,125,125,129,124,126,126,127,125,127,125,123,125,120,243,131,128,133,128,128,125,129,129,129,129,133,128,129,129,126,129,126,126,131,126,129,127,126,132,131,129,122,125,127,129,130,128,129,122,132,124,130,125,126,132,126,130,127,132,128,129,125,126,124,128,126,125,127,128,128,130,128,131,126,127,128,125,123,127,130
106,107,102,103,98,173,145,144,145,148,149,149,148,144,152,151,155,156,238,121,108,109,111,111,109,111,110,109,109,108,108,106,105,110,106,104,104,105,102,140,144,152,152,153,146,148,156,156,156,151,157,154,176,116,116,119,117,110,114,118,115,115,107,115,113,111,112,111,113,111,108,108,103,138,151,153,155,150,146,153,156,156,156,161,157,160,167,124,116,115,115,113,113,111,113,114,112,114,113,118,114,115,113,110,104,113,103,98,171,152,160,157,166,155,154,150,160,165,164,167,168,245,129,119,114,119,116,121,117,118,119,118,118,113,112,116,118,116,113,114,109,108,180,159,158,162,162,162,159,165,164,165,161,163,168,246,126,119,123,118,121,120,118,125,120,119,120,121,119,117,115,119,116,114,114,110,177,162,162,163,162,166,157,164,164,165,168,171,167,194,130,121,124,119,120,124,125,127,123,121,123,119,123,123,123,123,120,124,122,122,124,124,129,126,125,129,127,125,124,125,126,124,127,122,126,127,126,126,124,186,131,130,129,123,125,130,131,128,126,127,125,135,132,127,123,125,129,127,126,135,131,128,130,127,129,128,128,130,127,126,129,124,131,136,132,128,127,129,125,127,127,129,126,128,128,125,126,132,128,125,126,128,128,126,127,128,125,130,127,131,124,126,126,127,126
108,104,105,100,95,169,144,147,147,149,144,147,149,147,151,158,155,158,248,124,108,107,107,109,107,109,112,109,105,107,109,109,106,106,111,105,104,99,100,139,143,152,149,151,150,150,154,157,153,157,161,161,187,120,112,114,115,111,112,114,114,109,112,108,108,112,113,112,111,109,109,107,105,142,155,155,157,155,158,158,161,157,156,154,154,163,189,126,114,111,111,112,118,111,113,110,112,112,113,115,111,115,107,111,113,110,105,100,151,156,155,155,157,155,158,157,163,166,161,162,165,243,128,118,119,120,119,121,115,115,114,119,112,115,114,114,111,116,114,114,111,110,166,161,165,154,163,157,162,165,160,166,161,166,171,247,127,124,123,122,119,122,122,122,122,120,120,119,119,118,116,115,111,110,111,108,187,157,169,163,164,166,167,172,165,168,169,170,173,215,129,121,121,124,126,124,127,124,123,123,126,124,123,124,124,123,119,123,121,124,124,124,129,127,125,122,127,128,128,124,128,125,125,125,126,127,125,129,127,138,129,128,133,129,130,123,132,128,132,128,126,131,126,134,124,131,132,127,124,124,131,128,128,133,127,130,130,132,128,131,129,130,130,124,132,129,129,129,132,129,128,124,131,125,129,128,130,129,129,125,129,127,124,131,128,126,130,125,125,126,126,126,127,124,127
102,104,105,101,98,148,146,145,146,149,150,151,150,151,152,149,158,158,226,124,107,110,108,111,106,108,106,103,102,104,106,106,104,105,109,105,102,102,101,145,142,145,147,151,147,156,151,155,153,154,161,159,187,122,117,113,115,115,114,114,113,113,114,113,112,110,112,106,110,106,108,107,109,155,152,151,153,150,150,155,154,157,153,158,158,155,198,120,113,116,110,111,113,114,113,113,110,110,110,112,110,111,112,109,112,108,106,100,151,148,152,164,151,159,159,160,164,167,162,168,164,251,129,117,119,118,119,115,119,117,113,115,111,115,115,112,115,116,110,111,110,109,171,156,159,165,156,159,163,161,166,162,166,162,166,242,127,117,121,118,119,119,120,116,118,119,120,118,119,115,118,115,113,113,112,109,193,163,168,164,164,162,167,163,170,165,166,164,166,214,128,123,123,126,120,129,122,121,122,125,118,123,121,125,120,121,125,125,124,127,125,121,124,123,124,127,128,129,122,126,125,121,122,124,126,129,126,124,130,129,128,132,132,128,132,127,126,130,130,128,127,128,133,129,126,129,129,132,131,132,128,132,125,128,129,129,126,130,127,126,125,131,126,131,128,129,127,126,131,131,131,131,128,130,126,125,125,131,133,127,126,125,131,131,128,130,131,124,127,126,126,129,129,132,125
102,99,104,102,96,143,148,146,148,147,150,149,153,150,157,154,156,153,249,119,108,104,108,104,106,105,104,106,104,103,106,106,107,104,106,104,105,106,99,145,148,146,147,152,151,151,151,157,155,153,153,159,168,122,111,115,115,111,112,111,113,109,112,110,108,111,107,112,111,109,108,106,103,163,147,157,156,156,152,150,154,151,151,154,155,157,186,121,114,114,112,110,112,113,113,110,116,112,111,115,109,109,106,108,110,110,107,100,147,150,154,160,158,153,155,164,163,160,161,166,161,255,125,122,120,123,120,114,118,115,116,115,116,113,113,111,111,115,115,108,108,104,172,160,161,158,161,163,164,161,164,163,164,170,169,255,127,119,120,121,121,116,124,121,119,115,117,119,116,115,117,111,113,111,111,110,199,168,164,167,165,165,175,167,169,166,169,170,169,223,130,126,121,122,124,121,123,119,121,121,119,125,122,122,125,123,118,128,124,119,118,118,124,123,126,123,127,125,124,129,127,125,127,126,127,127,124,133,126,128,131,131,132,125,126,125,130,126,127,131,128,129,131,129,132,129,134,129,128,128,126,129,132,129,130,131,129,130,127,129,128,129,129,131,129,128,128,127,127,127,130,130,128,132,130,133,129,131,130,130,130,129,127,129,129,129,128,127,131,129,125,123,129,131,125
105,106,198,108,97,142,144,146,148,147,150,150,156,156,155,150,159,172,244,119,108,109,109,105,105,106,103,102,107,104,107,105,102,103,104,105,123,107,101,150,143,150,149,150,152,155,156,149,153,151,150,158,169,121,112,110,114,112,114,110,115,108,110,106,109,105,104,104,107,106,104,112,104,162,151,148,152,153,155,160,153,154,153,156,154,187,194,121,111,110,109,111,109,110,111,107,111,106,107,105,107,110,107,109,106,108,109,99,145,156,150,157,158,159,157,162,158,164,160,163,203,249,122,122,116,116,116,118,117,113,114,116,118,110,113,109,116,111,109,112,109,105,161,157,162,162,158,159,152,162,160,159,168,168,194,254,126,119,119,119,117,121,120,120,115,113,115,119,119,122,115,116,113,110,109,106,203,164,160,168,166,169,165,171,167,167,170,169,169,232,129,120,116,119,123,126,125,124,120,119,125,125,119,122,120,117,120,125,121,119,122,117,121,115,122,122,129,126,131,126,126,128,130,127,125,131,123,133,124,126,126,131,129,131,124,125,127,127,131,131,129,128,127,131,131,128,126,127,128,131,127,130,128,133,133,129,131,127,129,127,126,129,129,131,130,128,126,129,127,128,131,125,131,131,127,132,129,129,130,125,127,124,132,128,127,123,130,130,129,127,133,124,131,131,129
255,169,171,224,148,146,149,145,148,148,149,149,151,151,148,151,150,156,155,224,255,219,137,163,228,207,117,105,146,165,174,123,106,104,176,177,150,179,210,166,147,150,152,148,147,151,151,153,155,157,152,154,161,122,197,122,110,111,112,115,108,109,112,112,112,111,107,108,104,125,182,211,139,152,151,150,153,152,155,154,157,157,159,151,156,183,168,121,124,171,112,107,154,196,116,109,110,109,111,107,106,112,108,107,107,108,105,100,151,150,152,153,155,161,159,152,158,159,161,162,164,255,126,115,121,115,113,115,115,114,114,109,114,109,108,109,113,110,109,110,107,105,153,162,159,160,158,167,160,162,165,165,162,166,183,230,122,118,118,115,118,119,121,116,118,118,117,247,221,197,146,119,111,109,109,108,202,165,161,167,166,167,171,171,163,164,171,169,173,229,125,123,120,122,126,119,123,118,122,119,121,119,119,116,121,120,124,123,118,120,125,122,119,120,120,123,123,126,121,121,132,125,129,122,126,130,127,124,130,130,128,132,132,126,129,130,130,125,129,125,128,128,128,129,129,128,126,125,127,130,133,132,132,134,130,130,130,131,129,126,129,128,134,131,126,129,132,128,131,127,130,129,134,130,126,132,129,132,129,128,131,127,129,127,132,126,129,128,125,128,127,129,128,127,126
149,139,143,144,144,144,149,141,152,148,148,146,156,152,150,150,148,148,151,153,148,146,148,152,153,150,150,147,146,147,148,151,148,153,149,146,141,149,149,147,151,155,156,151,150,151,152,156,148,156,152,154,157,160,161,210,211,168,178,189,249,226,231,255,252,255,255,219,255,236,255,255,185,146,148,146,146,154,151,152,148,154,155,158,157,156,157,255,232,248,154,214,231,133,108,106,103,193,111,109,105,143,113,108,110,108,110,135,153,150,147,154,155,156,158,158,163,164,165,158,159,233,186,124,117,115,116,113,114,116,113,111,114,115,110,110,109,110,114,113,107,109,154,152,158,157,159,158,156,159,157,154,160,156,163,208,126,114,116,115,117,118,114,113,114,116,114,112,140,176,208,208,198,116,110,110,227,162,162,163,163,165,162,169,166,161,167,166,171,230,131,118,118,117,119,117,118,120,116,117,117,119,118,115,112,119,117,125,119,119,116,121,118,117,122,118,124,125,125,128,124,125,121,125,129,130,125,132,130,132,128,134,130,127,128,132,128,127,132,128,130,126,129,132,132,132,126,131,129,128,129,131,130,128,128,132,130,130,134,130,128,131,130,131,130,130,129,131,127,129,125,128,128,128,130,126,126,132,128,125,131,126,130,126,126,131,129,125,129,128,125,127,132,129,134
146,150,146,150,145,148,146,144,149,150,145,147,149,143,151,146,154,155,149,153,149,149,149,151,150,146,154,153,149,149,147,147,151,150,150,150,152,147,144,148,146,147,156,149,154,152,157,154,153,154,157,153,156,155,161,158,158,158,147,154,154,154,154,151,154,154,149,151,148,150,151,146,154,150,147,153,151,154,154,156,160,151,149,152,151,157,158,150,153,151,153,156,151,152,148,151,151,153,147,150,149,153,150,149,174,189,185,153,151,151,157,156,157,156,153,156,158,154,163,162,172,166,192,222,238,254,232,255,255,255,255,253,213,122,245,246,230,133,236,243,229,255,152,155,155,157,155,158,160,151,166,163,157,155,156,255,125,121,117,114,119,118,118,116,119,114,116,117,115,116,116,114,122,109,111,110,237,165,161,159,165,164,162,169,170,165,172,171,176,238,123,119,121,118,116,117,114,113,118,117,114,118,115,113,116,117,119,117,117,115,119,120,117,120,118,122,123,124,126,127,126,123,125,129,126,124,129,126,128,128,126,131,128,130,130,132,132,131,130,127,128,128,131,129,126,134,133,132,129,133,131,134,127,128,130,134,127,130,135,130,132,129,128,134,129,129,127,129,129,129,126,128,135,133,132,128,130,127,129,129,128,130,130,126,127,128,130,127,130,130,130,130,128,128,130
147,148,146,151,146,148,149,152,149,144,148,152,153,153,151,147,149,148,149,154,149,148,150,157,157,167,151,151,147,153,147,148,144,153,148,151,148,151,145,150,151,150,151,154,152,159,156,154,154,149,150,155,153,156,156,154,156,158,153,156,152,148,152,144,153,154,150,148,149,147,150,153,155,149,149,151,154,153,157,151,151,152,153,152,155,147,155,154,153,160,153,155,156,155,152,156,153,156,153,150,152,147,158,155,147,148,148,152,151,153,153,151,157,160,162,159,157,162,157,159,156,161,157,161,158,162,167,166,159,161,161,158,160,156,153,157,149,155,151,155,202,164,157,156,158,157,158,158,163,154,160,158,161,161,164,165,171,169,180,177,170,174,181,166,172,184,250,232,255,249,255,253,252,210,215,164,160,154,161,158,157,163,162,165,163,167,166,164,163,197,200,123,122,117,116,115,116,116,112,120,118,117,116,118,117,117,120,122,123,122,116,122,120,123,114,119,120,122,126,127,123,128,127,128,132,131,126,126,136,127,135,136,126,129,125,134,132,127,131,131,131,131,125,128,129,129,129,131,124,131,127,128,130,131,127,128,136,132,132,133,130,125,126,128,128,127,131,125,123,130,131,130,129,133,129,132,136,132,131,130,129,129,132,127,127,128,133,128,129,127,131,128,130,127,126
147,149,147,155,147,150,148,147,147,144,149,152,150,150,152,152,146,148,153,152,152,154,149,150,155,155,151,155,150,152,152,151,153,150,146,151,149,150,150,155,148,149,163,161,151,154,150,153,152,149,149,155,150,154,155,157,157,159,152,152,151,155,154,153,150,153,155,149,155,155,149,150,153,149,154,153,152,155,154,153,151,157,152,154,161,154,153,153,158,154,153,157,151,152,154,157,150,151,152,151,148,158,151,151,156,153,151,153,154,154,149,153,157,157,163,171,164,158,156,156,156,156,155,159,218,164,169,160,155,156,150,157,158,158,156,156,156,153,157,154,155,154,155,159,158,159,154,158,164,161,162,161,164,164,161,159,159,157,157,165,157,157,158,161,161,168,160,164,160,163,158,158,157,154,185,161,162,161,160,162,175,167,163,161,164,163,168,168,165,167,175,242,255,251,173,180,172,173,168,174,170,178,199,255,176,167,168,255,255,255,200,255,202,189,204,182,239,131,126,127,120,125,126,129,130,129,134,128,129,129,135,129,129,130,132,132,126,126,129,127,129,128,129,129,128,130,128,129,128,131,131,125,127,129,129,135,134,131,131,129,126,129,128,125,130,129,125,129,127,131,127,125,131,127,126,127,127,129,128,133,129,130,127,130,125,129,127,130,132,127,126,126,130,127,126
147,147,149,144,146,146,148,149,150,152,153,154,149,148,152,150,153,153,148,150,149,152,154,153,158,151,156,149,150,154,152,147,150,154,149,150,153,152,150,155,149,149,152,153,156,152,157,155,160,154,156,158,145,152,151,153,148,149,152,153,156,153,151,153,150,155,147,151,149,153,153,154,152,152,148,156,156,151,151,153,153,153,150,163,158,157,155,158,161,159,154,154,154,153,147,155,151,154,154,146,148,162,154,154,153,153,153,152,155,156,152,158,158,156,156,159,161,161,158,159,158,160,153,158,158,157,159,157,159,157,164,156,165,154,153,157,152,156,154,158,158,154,156,157,158,158,154,156,158,160,164,161,164,163,163,162,158,159,163,162,159,162,161,158,162,157,157,160,159,152,163,166,159,155,163,159,158,158,163,165,167,159,165,170,165,174,167,171,163,164,166,174,165,173,172,170,167,164,168,169,171,169,164,166,169,164,181,184,173,165,173,165,172,171,175,195,245,127,128,121,124,126,128,129,133,129,129,130,138,131,136,129,130,128,128,130,130,131,136,130,131,129,133,131,132,134,127,128,125,133,129,137,128,130,129,136,132,127,127,130,128,131,129,125,127,129,127,131,129,126,131,125,126,131,129,128,131,131,128,132,132,133,133,130,134,125,128,125,127,128,128,127,129,128,126
144,147,149,148,147,151,151,143,143,151,149,147,146,147,152,151,149,155,151,154,150,158,146,152,154,154,154,148,150,151,154,150,150,148,148,144,150,152,147,148,150,151,153,155,154,150,155,155,155,157,150,151,154,153,156,156,151,154,155,153,153,150,154,157,155,156,154,148,156,150,150,150,145,156,153,156,147,152,151,151,151,158,153,154,152,149,159,159,156,154,155,158,157,155,150,150,150,152,151,151,152,153,153,149,149,155,167,153,152,152,154,154,157,156,156,158,160,160,157,156,163,156,160,161,161,156,158,154,151,151,154,152,157,156,158,154,157,153,157,151,161,159,155,158,156,154,157,163,163,161,157,162,155,159,163,160,170,161,160,163,157,150,157,162,158,156,163,156,163,159,157,158,151,161,159,154,158,158,161,162,163,159,172,173,172,170,168,165,166,167,160,169,164,168,181,166,164,174,166,167,163,162,168,167,171,173,166,170,167,168,168,172,171,180,209,217,244,134,125,129,126,130,128,127,132,129,126,128,126,126,138,134,131,129,126,127,130,126,128,131,129,134,130,128,145,131,134,128,127,129,129,126,130,126,132,124,130,129,133,128,129,130,129,129,127,128,134,129,129,129,130,127,125,127,135,132,131,127,136,130,132,126,132,131,129,127,134,133,131,128,126,132,131,126,127
148,150,151,147,147,150,148,150,144,152,145,150,150,154,154,145,150,148,154,149,151,150,152,153,153,155,156,154,156,160,153,151,153,155,151,148,151,154,147,152,152,151,152,156,154,154,153,156,157,154,152,151,151,154,153,155,155,148,155,158,157,154,156,155,156,150,151,151,155,150,153,157,159,150,155,155,154,154,152,157,165,155,153,155,156,160,157,151,152,154,154,157,157,151,157,155,156,158,159,155,150,155,158,158,156,157,152,149,155,155,152,156,158,157,161,159,153,161,158,166,160,156,168,159,159,160,159,156,157,154,154,160,155,154,159,158,155,157,157,151,158,156,155,157,160,156,161,163,158,159,155,160,162,167,164,156,162,159,160,161,162,161,159,160,159,163,156,160,161,154,159,156,158,156,152,155,161,162,161,159,162,164,161,161,167,166,165,160,161,165,166,163,169,169,165,170,161,175,171,166,169,166,170,169,174,170,170,170,170,169,167,170,170,236,194,255,220,131,129,129,130,122,130,131,129,131,131,130,130,131,129,135,135,133,134,130,133,128,129,130,128,130,127,133,130,127,130,132,132,126,128,131,129,131,127,130,127,127,130,129,132,125,129,129,129,131,133,129,130,128,128,132,127,131,125,130,129,130,132,129,129,129,130,130,135,132,137,131,134,130,131,131,129,131,130
148,149,146,150,144,149,152,146,147,153,149,149,143,152,146,151,151,149,150,148,154,154,150,152,159,149,154,151,153,159,150,154,153,155,150,148,150,152,150,152,146,158,159,154,156,154,153,150,150,151,153,148,153,160,155,157,161,151,154,152,157,154,158,155,154,152,155,151,155,151,152,152,154,152,151,151,152,152,156,150,150,155,153,160,153,156,157,149,156,154,154,157,155,155,158,149,148,152,156,154,153,155,162,152,156,154,155,154,151,156,157,154,157,155,152,153,159,159,163,161,161,152,161,158,158,158,158,158,151,155,159,154,162,154,152,169,157,153,151,162,160,160,157,157,165,156,157,162,159,165,161,158,161,164,157,160,160,160,163,161,160,158,158,162,163,162,163,157,161,160,160,158,161,158,159,158,159,161,164,167,163,163,162,167,164,167,169,165,160,164,164,171,164,169,164,165,167,169,170,164,165,167,163,165,168,162,166,166,170,165,166,166,172,255,190,255,221,137,125,126,128,130,130,129,128,129,128,132,127,132,132,136,137,133,133,129,130,131,133,127,130,129,132,130,133,133,128,133,130,130,130,134,133,127,129,134,128,125,130,133,129,131,127,129,133,131,133,124,128,129,131,130,130,131,127,127,129,129,130,133,127,129,129,129,129,132,129,131,135,130,129,133,127,131,130
152,147,151,148,148,149,151,150,148,148,150,151,158,149,154,153,154,149,149,158,148,155,153,155,152,152,152,152,153,151,157,160,150,154,158,156,154,151,153,149,155,155,154,150,150,155,151,152,158,156,154,161,155,152,153,161,155,153,150,154,154,155,156,154,156,154,151,159,150,152,159,148,150,153,153,152,152,158,151,154,158,152,159,151,156,159,154,159,157,159,162,155,153,154,150,149,150,155,157,155,158,152,153,159,157,158,153,152,152,155,155,153,157,156,157,162,158,159,158,160,157,159,161,158,159,163,157,156,153,157,155,162,156,156,160,160,157,157,156,159,155,159,154,157,160,160,164,159,162,158,162,161,159,154,161,161,167,153,163,163,164,158,159,164,158,161,159,163,159,160,160,161,158,157,169,164,160,162,160,163,171,164,157,160,167,166,171,164,169,162,166,160,162,169,167,169,168,162,170,166,166,172,162,165,167,166,165,169,166,171,169,170,174,255,255,255,194,130,126,132,132,126,131,125,130,126,132,131,130,132,130,131,136,132,128,131,132,128,130,130,130,137,132,127,133,128,127,132,132,133,126,130,135,126,128,129,129,132,128,134,130,134,134,131,126,131,128,129,125,127,133,129,131,130,130,131,130,129,128,131,128,131,132,130,128,133,128,129,128,130,127,130,130,129,128
156,145,150,148,148,148,147,143,146,150,154,146,151,149,148,155,155,156,154,156,153,154,153,156,156,157,155,154,154,156,159,153,155,154,153,153,159,153,153,159,153,146,153,152,162,154,160,157,153,152,154,153,160,153,156,159,157,161,162,157,154,155,164,155,152,155,151,156,153,153,157,155,158,157,154,153,149,151,156,159,157,154,156,154,151,161,155,152,155,162,157,161,154,161,156,158,156,151,159,153,156,150,157,156,155,152,154,154,155,156,159,161,155,164,156,158,159,156,163,174,162,154,158,157,154,158,157,159,161,160,162,159,158,161,165,157,158,159,158,158,153,154,158,163,154,159,159,163,157,159,159,161,162,156,157,162,164,160,160,161,162,160,163,157,159,160,163,160,161,158,163,154,157,162,160,161,159,165,162,158,165,165,160,162,175,165,165,164,163,166,167,164,170,168,160,165,172,167,164,165,166,163,158,169,168,169,164,166,165,172,170,174,171,255,197,255,184,135,128,129,125,128,129,124,128,128,129,131,132,130,129,135,134,135,132,130,136,132,131,132,133,130,132,129,131,133,130,127,134,129,130,130,130,133,127,130,128,131,132,130,131,128,128,131,131,126,133,132,135,127,132,128,130,129,137,129,129,130,125,127,131,134,131,130,134,131,131,132,127,127,131,126,129,131,127
148,149,148,149,149,145,148,153,148,147,150,149,150,156,155,155,155,153,152,151,154,156,153,155,153,156,154,160,153,154,152,165,153,158,155,153,154,158,152,149,153,154,154,154,147,150,154,157,157,167,154,150,154,155,154,153,155,156,156,157,153,163,154,151,153,157,157,157,150,157,162,157,152,151,154,156,158,155,153,160,157,153,161,154,156,155,151,152,158,156,153,151,154,154,151,158,156,152,154,160,155,156,154,157,156,154,157,151,156,156,155,155,160,161,160,167,160,152,155,155,162,164,164,152,158,161,156,165,155,156,156,154,156,156,159,157,155,159,162,155,153,160,157,153,161,163,158,160,159,157,164,165,172,167,158,156,164,155,159,160,156,163,162,161,160,158,156,161,162,157,164,165,162,159,162,162,160,161,170,162,159,163,170,163,163,167,173,169,167,165,168,166,167,169,165,169,165,167,168,167,170,169,164,168,160,164,171,170,169,168,171,176,178,255,202,255,169,128,130,127,128,130,125,128,135,126,129,130,129,130,130,131,130,133,133,129,130,132,130,125,128,130,129,133,133,135,129,131,132,133,131,132,130,134,130,135,133,129,133,126,132,129,128,128,131,130,128,132,135,129,127,129,130,129,131,130,127,130,131,129,131,132,131,125,128,131,134,128,125,127,131,129,128,130,130
147,144,147,151,151,150,149,152,155,146,154,157,154,150,155,151,151,155,154,152,154,158,156,157,159,161,153,160,160,154,158,150,162,159,155,158,158,159,153,158,158,152,158,163,152,158,158,153,158,154,161,156,159,152,157,154,162,160,159,153,163,159,159,152,157,154,154,150,154,150,152,157,155,156,153,157,158,155,157,153,158,153,158,160,159,160,157,149,149,158,159,159,153,161,158,154,150,159,152,161,155,158,161,153,154,155,157,156,156,166,153,160,167,159,160,161,158,158,161,160,156,153,153,159,160,155,158,157,165,161,159,153,157,154,157,154,157,157,159,157,158,158,156,163,161,156,161,160,163,157,162,166,163,166,160,160,164,158,158,158,163,159,168,160,159,161,160,162,159,158,157,160,155,161,161,166,161,164,161,168,164,163,169,162,169,169,168,172,167,170,162,168,163,163,165,167,166,172,169,167,172,165,166,167,168,167,167,172,168,165,166,172,181,255,209,255,156,133,127,129,127,130,130,127,129,130,131,133,131,129,125,126,133,133,133,134,131,137,130,134,134,129,128,131,132,127,131,131,133,136,134,129,130,131,136,165,132,126,129,134,129,134,132,133,133,130,138,132,134,132,129,135,129,128,137,132,130,133,131,129,129,131,127,136,131,128,130,130,128,130,133,130,127,130,132
150,146,147,150,148,147,145,149,151,149,150,150,154,154,151,153,156,158,157,162,160,164,158,157,156,161,166,160,159,159,158,161,158,154,161,159,157,160,152,153,151,151,160,175,156,154,153,157,158,154,156,151,159,154,159,158,159,158,159,159,159,159,160,153,159,157,155,152,154,156,155,153,158,155,156,154,153,151,158,159,153,158,155,160,161,155,155,161,155,163,157,165,155,160,157,159,158,155,161,155,159,152,158,157,155,155,151,161,158,157,155,149,157,155,162,155,157,161,158,165,162,158,157,156,157,157,156,158,154,161,163,162,162,156,159,159,160,152,160,153,159,157,157,158,159,167,159,152,157,159,163,160,169,160,162,160,163,159,159,163,161,161,164,164,163,155,155,157,158,162,168,160,162,157,161,160,163,170,159,162,159,158,161,158,160,169,164,170,169,166,160,166,161,166,171,166,165,159,168,163,164,165,170,166,164,165,168,163,163,169,167,173,174,243,210,241,135,129,130,134,137,133,132,129,128,129,132,134,130,134,136,131,128,133,136,135,135,134,128,126,129,132,131,133,130,133,127,129,133,131,128,131,134,134,134,135,131,127,132,129,131,132,133,125,132,128,135,132,131,134,133,130,132,132,132,136,133,133,134,131,127,132,128,129,125,129,131,126,129,127,131,129,129,128,130
232,215,214,196,145,142,147,148,145,149,153,150,155,152,154,160,160,156,158,160,159,157,155,155,158,153,157,157,157,160,155,157,157,151,153,152,154,152,148,156,150,152,155,158,159,156,157,155,179,159,154,154,152,156,161,161,153,163,163,154,158,159,155,158,156,162,155,156,150,154,154,155,157,154,155,161,158,154,153,158,153,152,153,156,155,158,153,154,158,153,155,157,158,158,152,158,152,154,155,160,154,153,151,158,157,157,158,153,157,153,155,153,156,156,158,161,157,162,157,163,160,157,161,161,158,163,157,161,160,167,161,155,153,160,158,162,158,156,154,158,157,160,157,158,160,159,160,159,166,157,161,154,161,161,164,158,160,162,158,164,163,165,163,161,157,160,157,163,162,164,166,156,165,164,164,158,165,159,161,165,166,166,165,157,164,167,167,170,167,157,166,166,166,170,169,170,162,166,167,168,173,166,166,167,174,166,165,165,171,170,165,170,173,227,209,231,125,130,132,127,133,132,131,132,136,132,131,130,134,135,132,130,133,130,128,129,131,133,135,130,127,133,129,130,135,130,131,128,133,130,130,133,130,130,132,130,131,130,130,133,133,130,131,130,133,128,130,129,128,127,130,127,128,133,130,131,132,132,127,128,131,131,130,123,128,127,129,128,127,131,133,132,130,132,133
109,105,103,100,137,151,144,147,149,158,152,149,154,152,148,155,153,156,111,107,109,107,106,107,101,105,101,100,106,98,96,96,97,99,98,94,97,96,158,151,154,152,151,156,155,156,157,153,156,173,156,155,154,255,251,252,243,235,236,225,193,191,184,177,167,166,158,157,164,153,155,159,162,159,159,157,151,154,156,159,161,159,153,160,193,159,159,158,155,155,159,158,160,157,159,160,159,156,155,153,156,162,159,157,160,153,152,156,159,155,158,164,156,163,159,157,157,159,159,157,161,158,162,156,161,163,159,160,158,158,160,160,159,163,158,162,163,163,157,155,156,154,160,160,158,161,162,158,162,158,157,165,161,160,158,159,167,164,168,166,164,166,170,161,161,169,165,163,165,164,161,161,160,165,161,159,159,166,162,167,159,163,163,161,168,183,167,166,163,167,168,166,165,168,170,167,168,171,168,165,169,165,167,163,168,169,167,170,169,168,169,171,180,199,226,255,133,126,131,134,130,126,133,131,132,129,131,129,127,136,132,131,135,130,136,135,137,134,135,132,132,133,130,134,129,133,133,132,134,132,132,133,133,131,133,126,135,130,129,127,132,135,131,125,129,130,133,127,128,133,132,133,128,131,134,128,128,132,128,132,129,125,132,131,132,132,127,131,127,133,128,131,130,128,128
106,109,103,101,140,150,146,150,159,154,152,151,147,149,159,154,159,162,121,108,111,111,111,110,112,111,113,112,111,111,113,113,113,114,111,109,110,108,99,152,156,153,156,156,159,152,155,153,155,153,163,162,220,117,109,113,116,114,113,113,109,113,107,114,109,113,113,107,108,102,108,104,103,159,162,159,158,159,154,155,155,161,149,154,154,156,255,105,95,94,98,113,110,129,144,171,196,202,203,212,228,234,229,232,229,183,234,161,159,156,154,151,153,155,162,156,157,160,162,162,165,163,165,192,166,170,160,162,159,161,158,158,153,164,165,161,159,156,155,157,161,160,161,157,158,156,158,161,161,170,156,161,166,161,164,168,167,166,165,170,162,164,162,163,162,164,161,167,163,162,164,160,163,159,164,162,162,157,157,165,159,165,168,171,165,163,163,164,166,160,171,165,171,163,165,174,172,168,167,169,164,168,171,170,163,166,170,169,174,178,170,173,174,221,255,232,133,126,130,134,133,132,129,134,130,135,125,135,132,131,132,130,134,133,129,132,132,132,138,133,133,130,130,134,133,129,135,133,131,136,132,129,133,131,139,136,128,130,133,133,129,134,128,130,130,135,132,129,134,127,134,131,129,131,130,129,131,131,132,129,127,134,135,136,131,131,122,123,132,127,134,129,136,130,128
115,107,105,101,159,145,149,150,152,152,151,157,154,153,157,154,156,160,117,113,115,112,116,111,114,115,111,111,114,113,112,111,108,114,112,108,110,104,101,151,151,156,155,159,154,159,159,155,152,154,159,165,227,119,110,111,109,109,111,110,112,116,111,114,113,118,111,109,113,110,107,109,110,161,158,156,155,157,158,156,156,157,157,153,159,155,221,117,113,117,114,113,118,111,111,117,113,114,111,112,115,111,113,112,113,109,109,224,160,167,160,158,161,158,157,152,156,161,160,221,208,119,111,112,112,115,114,110,105,110,115,111,112,113,104,103,101,100,98,98,94,196,160,159,161,157,158,160,162,161,157,158,161,165,159,255,255,255,255,255,255,255,242,232,221,221,230,187,173,171,169,168,164,164,161,159,165,166,163,163,161,164,167,165,162,168,170,171,167,171,161,169,171,164,171,169,170,169,167,167,165,173,171,169,167,175,171,167,179,171,178,177,171,174,186,245,135,135,127,126,131,129,130,128,131,134,137,130,136,135,132,130,133,132,134,133,137,131,136,136,134,132,135,133,132,132,135,132,133,130,135,131,133,133,133,126,133,131,134,131,126,133,130,128,133,131,131,129,129,133,131,127,132,131,128,132,133,131,133,133,126,133,128,133,136,129,129,133,134,132,131,129,129,130,133
106,107,104,101,180,149,151,153,147,143,152,156,153,157,152,153,153,186,124,116,115,114,113,116,116,115,116,115,114,113,119,118,114,114,112,110,109,108,100,151,160,154,155,155,156,156,157,153,153,155,159,171,223,118,118,115,115,112,116,118,113,119,114,119,113,114,113,111,110,111,114,106,107,153,163,164,158,158,159,154,155,157,153,159,160,172,221,119,117,114,113,114,114,120,115,116,121,117,117,117,119,119,113,114,113,111,110,223,161,161,157,158,160,160,162,159,156,159,163,193,231,128,119,113,113,113,117,114,114,118,116,117,112,115,115,116,118,115,111,114,111,181,160,159,163,159,157,159,165,161,161,162,165,165,208,134,119,119,115,119,120,119,121,117,122,120,120,117,118,117,114,115,114,114,109,118,167,166,162,168,165,168,169,166,165,163,163,167,163,224,138,138,165,186,199,222,239,247,255,255,255,255,255,255,255,255,255,250,255,211,204,192,183,176,174,226,134,129,127,132,127,133,132,134,132,132,131,135,132,134,132,134,130,131,134,133,133,132,135,131,135,129,135,130,130,130,129,133,129,133,133,130,129,127,133,133,136,128,133,133,131,130,131,132,128,133,131,126,127,130,131,127,129,126,131,131,134,131,124,129,127,130,132,130,128,126,126,129,125,123,128,132,131,127,129
109,105,109,102,193,147,150,152,149,157,151,147,156,149,149,159,158,255,131,111,118,112,120,116,115,116,112,114,114,115,118,115,113,115,115,109,111,107,108,151,157,157,158,157,151,165,158,156,155,157,175,167,234,123,111,118,119,114,119,115,111,119,117,117,113,113,119,113,116,117,107,112,108,152,160,155,156,157,157,151,156,155,162,162,156,161,255,122,116,117,115,113,117,118,119,111,119,117,117,119,116,119,118,116,115,114,109,221,164,161,156,152,165,157,162,158,165,152,159,200,239,129,119,114,120,121,115,119,118,115,118,119,120,120,118,119,116,115,117,118,113,196,160,159,156,162,158,159,159,162,161,162,166,181,217,129,125,120,117,118,121,122,123,117,125,124,119,123,123,121,120,121,121,117,116,118,157,164,163,163,164,171,163,167,166,168,168,166,198,175,125,122,120,122,119,125,124,121,115,126,122,122,123,124,132,123,124,132,126,129,126,124,126,128,126,132,131,130,132,135,133,132,133,156,135,135,134,129,133,134,133,132,128,126,133,133,137,129,132,138,139,130,133,130,136,132,134,138,136,129,131,135,134,131,134,128,139,129,132,133,130,132,133,134,134,133,132,131,126,133,130,130,127,129,130,133,130,130,132,132,132,131,128,132,129,131,127,137,134,131,130,128,129,130,131
110,103,106,102,204,156,150,146,148,150,156,154,149,151,154,156,161,194,123,116,116,116,113,117,116,115,116,117,117,119,114,118,115,110,115,112,107,105,111,149,155,157,154,153,156,156,152,158,158,160,160,183,197,118,117,114,119,117,118,118,123,114,120,114,116,117,119,117,113,117,109,110,113,156,159,159,158,158,160,158,152,160,156,158,160,159,182,121,118,118,119,118,120,121,122,120,121,117,120,117,118,117,115,115,117,119,105,213,164,157,163,161,157,157,158,158,161,163,164,192,245,130,116,119,121,123,119,122,118,123,119,122,118,122,123,117,120,116,114,114,114,217,159,164,165,162,161,161,161,160,160,158,173,215,235,158,128,120,119,120,118,125,123,124,124,124,122,123,120,123,121,120,119,118,115,110,161,165,160,161,163,165,163,163,165,162,167,170,171,133,122,122,120,123,119,124,123,124,123,126,124,122,124,128,126,128,128,124,124,126,128,131,129,130,136,133,134,136,135,135,131,132,137,136,131,133,133,136,136,138,131,134,135,133,133,134,132,133,130,134,129,135,131,138,133,136,131,134,135,131,131,133,129,128,130,131,129,126,131,128,131,129,135,129,132,133,134,131,130,131,129,134,137,132,128,126,130,130,128,128,130,128,132,125,127,127,130,131,131,129,133,131,129,129,124
111,112,105,105,220,152,151,157,148,151,154,150,147,159,159,154,164,204,120,116,113,123,119,119,115,116,115,115,118,116,114,113,114,112,112,114,107,106,110,153,157,153,150,152,159,150,151,157,155,163,157,154,183,119,118,116,117,117,117,118,121,119,120,117,113,113,114,115,110,114,114,105,121,157,157,164,156,156,158,157,156,159,159,164,165,161,198,120,118,114,117,117,121,119,125,123,119,119,119,118,120,121,117,116,117,117,109,212,162,159,161,160,160,161,159,162,163,153,163,166,200,126,120,117,117,124,122,120,124,119,119,119,122,123,122,117,117,115,115,112,114,240,164,166,159,161,161,164,160,158,159,165,157,164,228,173,122,123,124,125,123,126,121,122,126,124,127,123,126,125,121,126,120,118,118,145,170,181,165,164,168,162,169,165,167,168,171,167,221,167,127,124,126,125,125,128,124,129,130,124,125,128,134,132,131,130,128,136,130,129,127,137,131,134,135,137,131,131,134,134,138,132,135,137,132,131,129,132,134,133,140,131,129,131,134,133,133,129,137,130,137,138,136,134,131,135,133,133,133,132,135,131,129,127,131,132,135,133,138,131,133,127,135,132,133,130,133,131,138,126,130,132,130,131,131,129,130,128,129,135,133,130,136,128,132,130,132,127,125,126,128,129,124,131,132
107,107,106,101,211,152,148,150,148,153,150,153,154,150,161,156,157,182,123,116,118,118,119,114,117,114,112,119,118,116,113,119,120,110,112,111,108,105,112,155,153,162,156,159,152,158,158,157,160,158,157,161,123,114,117,118,117,115,117,115,118,117,116,118,118,120,112,114,114,116,109,109,112,147,158,155,153,156,158,154,153,159,161,161,165,162,141,122,121,120,122,123,123,115,116,113,120,122,119,117,119,120,117,118,116,109,105,207,157,161,155,164,155,150,155,159,157,166,162,161,233,132,119,121,118,123,123,125,128,123,123,122,118,119,119,123,118,117,117,112,114,226,161,155,162,164,156,162,155,164,159,159,162,166,228,131,119,121,119,122,126,128,126,123,121,128,121,123,132,125,124,120,121,117,117,157,160,163,169,163,167,165,162,163,168,165,170,170,211,124,125,125,128,120,125,132,128,128,126,130,127,130,134,135,133,129,131,133,132,133,131,133,136,133,135,134,132,137,138,135,137,135,134,135,139,131,135,134,133,135,132,134,134,129,135,135,135,133,133,134,133,135,134,130,135,132,129,131,130,137,131,136,133,129,130,138,134,133,131,133,132,131,131,134,133,133,132,130,127,133,128,128,131,129,134,130,137,129,131,131,128,134,130,133,132,132,134,129,130,130,132,133,126,126,133
113,106,103,101,192,152,154,150,151,148,156,150,153,163,160,161,163,195,120,118,113,113,117,114,117,117,117,117,118,113,124,115,114,112,177,116,108,106,119,150,151,155,156,158,158,153,160,160,158,161,155,165,143,118,117,116,120,115,119,118,116,118,119,115,117,119,115,116,115,113,114,109,107,156,157,158,157,162,159,160,158,155,156,162,160,166,131,118,120,119,119,118,121,120,122,121,121,121,121,115,117,116,117,116,114,112,108,216,156,151,158,162,159,156,161,155,164,161,164,168,255,130,123,121,119,119,123,123,118,126,121,123,122,121,124,120,117,121,117,111,111,223,160,158,154,166,165,159,160,164,163,161,164,169,236,131,124,124,119,123,123,125,120,124,123,126,126,121,126,123,124,121,121,115,116,133,161,161,163,165,169,168,166,168,168,167,172,173,215,140,127,126,124,124,131,128,128,128,135,131,128,131,129,128,129,131,137,135,136,134,126,133,133,136,136,133,135,139,140,139,159,140,132,133,141,132,132,135,136,134,133,137,130,133,132,136,132,140,131,133,138,136,132,130,134,131,133,131,127,135,132,133,134,136,132,136,138,135,133,130,135,134,131,128,129,131,130,130,127,128,132,134,133,135,131,133,131,129,130,133,126,133,130,129,131,130,131,126,132,128,133,133,132,132,128
109,108,105,98,194,153,161,149,148,146,154,152,157,156,155,162,159,202,129,113,117,112,118,116,118,115,111,114,118,114,117,118,113,109,117,116,107,102,126,149,154,157,151,152,156,157,152,158,161,160,159,163,119,120,117,118,119,114,118,118,119,114,119,117,120,114,118,113,113,113,111,109,109,148,156,151,156,153,159,161,157,159,158,160,163,179,171,123,118,117,118,122,118,121,122,118,119,120,118,118,120,117,117,117,116,110,108,188,154,161,156,153,156,161,172,165,158,164,165,189,255,134,121,117,119,120,122,122,120,121,122,124,122,119,119,118,117,118,115,114,112,228,164,154,161,165,164,158,158,158,163,162,167,167,234,162,123,124,120,122,128,124,123,126,122,128,125,128,123,124,124,121,121,122,117,153,166,166,166,163,168,163,166,167,163,165,170,174,196,128,125,121,128,125,125,132,129,126,132,133,133,132,130,130,132,132,133,135,136,136,132,136,135,134,131,133,132,138,132,138,141,135,133,132,134,129,134,136,137,138,132,134,131,132,131,131,133,134,134,133,136,134,132,135,134,133,130,133,136,129,136,133,133,135,136,133,134,130,134,133,135,130,134,134,133,135,136,130,135,130,130,129,134,129,131,138,132,130,134,133,134,136,132,128,130,131,130,131,133,129,131,127,129,130,127
108,109,103,99,202,149,151,158,155,150,152,156,151,156,155,160,159,206,153,117,114,119,115,122,116,115,115,116,116,114,117,111,112,114,110,107,109,106,157,151,153,156,152,157,155,155,161,156,153,163,157,162,117,115,117,116,113,119,117,118,117,119,118,114,113,115,117,113,113,113,108,108,145,151,152,155,157,150,157,156,168,157,158,162,167,161,118,120,121,119,120,116,119,120,119,117,124,123,124,119,123,118,114,113,116,108,104,183,153,160,159,161,155,157,163,163,159,160,157,196,255,129,120,118,118,126,122,121,125,124,125,123,127,122,124,124,119,120,114,116,106,209,167,158,165,157,162,161,161,161,162,167,163,163,239,160,126,125,121,121,125,125,124,127,122,129,127,125,124,126,126,121,121,123,116,152,166,162,164,167,167,165,162,171,168,167,167,177,205,126,126,125,127,127,128,132,132,131,129,131,132,131,132,132,132,135,132,131,138,138,137,132,135,130,138,133,134,134,138,135,134,136,130,137,138,133,138,137,127,133,133,130,136,134,137,131,133,134,134,131,134,129,130,140,135,131,131,130,133,132,133,132,135,130,136,131,134,133,131,132,135,132,132,131,133,129,134,133,127,128,131,137,131,132,136,127,130,128,127,133,131,133,137,131,127,126,129,126,132,131,126,125,126,134,131
105,103,102,96,172,151,148,149,148,149,153,159,150,155,151,158,160,214,170,115,117,114,113,115,116,114,112,113,115,116,114,111,111,113,110,111,111,104,155,153,150,153,151,157,151,154,159,160,163,156,163,161,117,114,115,123,119,115,119,116,116,115,120,116,115,112,118,111,114,109,111,105,129,143,153,156,155,157,158,156,159,160,157,155,171,168,127,119,120,115,119,118,120,120,118,121,121,118,122,121,116,117,114,117,114,110,106,161,159,154,153,156,161,159,162,158,164,165,165,167,243,127,118,120,121,121,121,122,121,123,123,122,116,118,121,116,121,114,117,114,110,186,160,160,159,160,162,165,161,161,165,165,167,171,245,140,128,120,122,120,124,121,132,123,131,125,125,124,125,123,123,119,117,121,120,168,164,162,165,163,166,167,166,167,169,168,170,170,215,131,123,125,127,127,127,129,130,131,128,129,133,130,132,135,134,133,137,136,131,131,131,130,135,135,135,132,135,132,137,136,135,134,135,138,135,137,134,131,134,132,131,131,135,132,134,133,132,134,134,134,133,128,135,130,139,132,133,135,135,131,134,131,132,136,131,134,136,131,136,132,131,132,137,131,131,126,133,133,129,131,132,131,135,126,133,131,131,134,133,130,128,126,132,129,132,130,130,133,131,133,132,126,130,132,129
104,106,105,101,176,149,154,148,151,150,152,161,156,156,160,161,164,237,153,113,118,115,115,112,111,114,116,116,113,111,114,113,110,111,111,110,107,102,148,154,150,153,149,157,150,150,155,153,158,162,158,158,122,113,114,116,115,120,116,118,116,115,115,112,115,118,111,113,112,107,112,107,116,147,148,157,154,156,157,161,164,158,163,162,163,164,135,119,115,118,119,118,121,119,122,122,118,119,116,120,118,120,114,117,114,113,105,155,161,162,157,156,159,160,159,160,162,160,164,164,238,131,122,118,120,118,118,123,118,120,122,119,118,121,119,120,116,116,116,116,108,197,163,159,158,162,157,160,162,163,167,162,163,164,238,141,125,125,123,125,122,127,126,122,127,125,126,125,128,128,125,123,123,122,111,168,165,169,164,163,167,172,165,166,166,172,170,180,205,129,126,120,123,129,125,128,131,129,130,128,129,132,134,134,136,132,132,131,133,138,142,135,131,137,135,135,137,131,132,134,141,140,141,137,136,135,136,137,138,135,131,135,136,133,132,129,134,134,136,134,135,133,133,135,138,137,137,136,134,137,131,135,132,141,129,134,131,136,132,130,133,131,134,131,135,131,132,130,134,130,133,135,128,137,130,133,132,128,129,134,127,125,131,132,131,126,128,130,133,127,133,132,134,130,131
102,100,102,96,157,148,150,143,150,150,147,153,151,153,156,154,154,238,146,117,110,109,110,110,116,112,112,114,110,111,109,109,109,111,106,105,106,105,153,144,148,148,150,148,156,151,155,152,155,156,157,161,122,116,115,114,111,114,115,113,116,114,115,115,118,115,111,112,107,112,109,104,134,147,153,148,153,157,160,158,161,164,162,156,164,168,125,119,117,118,117,117,119,120,122,121,116,122,120,116,115,116,120,111,116,108,102,156,158,156,156,151,159,152,162,163,161,159,163,166,255,132,124,121,122,120,120,121,121,125,120,118,119,123,119,118,118,119,115,115,112,177,158,155,159,156,163,166,164,156,166,166,164,168,239,157,126,121,120,125,126,126,123,125,125,124,124,119,123,127,123,123,121,121,121,213,166,161,171,163,163,164,166,166,166,164,167,172,224,128,124,128,126,126,130,129,129,131,129,132,132,132,130,131,135,132,136,133,131,135,132,141,132,138,142,132,139,140,134,133,132,136,134,136,136,134,132,131,135,139,140,132,131,134,133,138,133,131,134,136,133,133,133,132,132,134,134,136,134,136,132,136,133,138,131,130,135,131,133,133,136,134,133,130,131,133,133,133,129,127,133,134,135,133,131,136,126,129,130,130,130,128,129,129,129,131,133,134,133,134,126,129,130,128,129
105,101,99,99,154,146,145,149,151,149,151,152,147,152,156,155,157,245,154,109,110,113,111,110,111,111,111,113,109,106,108,107,107,111,108,102,100,102,174,145,146,145,146,150,149,150,152,152,154,155,152,164,117,112,114,112,112,113,114,110,112,113,111,109,110,115,113,111,110,106,106,104,142,148,149,153,154,156,152,155,157,154,161,160,161,168,126,118,115,116,116,121,117,119,117,117,118,114,120,114,116,115,114,114,115,108,102,154,157,156,157,161,162,154,157,160,166,165,163,167,253,136,118,120,119,117,119,122,122,120,122,119,121,116,120,121,120,120,117,114,107,162,155,161,165,163,159,160,163,161,162,161,158,166,231,133,122,122,123,123,128,124,122,126,123,127,119,123,119,124,122,122,118,117,117,194,164,169,170,161,168,165,162,169,164,166,166,170,206,131,130,129,125,125,126,128,127,132,133,134,132,134,130,132,131,132,135,135,135,130,134,137,134,137,138,137,137,135,141,134,135,139,137,136,134,139,133,137,134,134,134,132,133,135,134,133,130,130,132,127,132,136,128,134,134,133,140,131,134,129,127,128,130,131,133,133,129,135,132,133,134,133,134,137,137,133,134,135,129,127,132,129,134,133,127,131,128,130,132,134,129,132,130,131,133,128,130,129,134,130,134,131,135,135,129
98,99,92,92,143,141,142,143,146,144,147,151,153,148,152,152,157,255,121,111,111,112,107,109,110,107,111,109,110,111,112,103,108,109,103,103,100,103,170,143,146,144,145,148,145,146,148,151,151,148,150,161,117,112,112,107,112,111,115,112,111,108,111,112,113,110,106,108,110,105,103,100,146,147,150,151,152,153,161,161,162,156,156,156,163,163,124,118,115,118,119,120,119,117,120,113,120,117,115,117,116,111,110,109,114,107,99,157,150,151,153,156,156,160,161,168,159,164,170,175,246,126,118,119,122,122,119,117,119,122,121,120,117,120,117,115,119,117,116,110,106,158,161,164,159,164,159,162,161,162,164,163,169,165,230,125,123,121,124,122,126,122,127,124,122,128,121,125,126,119,118,119,121,116,113,196,162,163,166,167,165,170,170,173,175,169,170,187,214,134,126,129,128,130,129,129,131,129,127,130,133,141,139,132,131,132,132,133,134,133,136,132,134,137,136,130,139,133,137,139,138,138,133,135,138,136,135,138,134,136,132,131,135,135,132,132,138,133,136,131,133,134,136,133,136,129,133,139,137,131,136,130,134,133,134,136,135,134,133,134,136,136,136,140,140,135,135,130,131,138,129,127,131,128,129,135,135,131,131,132,135,130,134,130,137,132,131,131,134,132,130,133,130,128,130
103,98,98,96,142,139,143,142,140,143,144,144,145,148,149,152,151,240,122,113,112,108,105,110,111,108,108,104,110,107,108,105,106,108,105,103,97,96,195,147,147,145,145,147,147,146,149,145,147,145,146,161,122,111,111,109,111,114,111,112,112,107,114,113,109,109,106,109,109,107,107,98,202,156,148,155,153,148,157,155,156,157,157,160,159,165,127,114,115,118,116,119,114,124,116,117,117,114,117,114,112,112,113,113,106,108,105,160,158,159,156,165,158,166,155,163,164,164,169,172,255,130,120,121,117,119,119,116,120,118,118,115,115,112,115,114,115,118,114,113,103,158,161,160,165,157,160,158,165,165,162,166,159,167,217,129,124,122,119,122,123,126,122,118,123,124,123,120,119,122,120,121,121,119,116,174,165,164,164,168,162,175,171,161,173,169,183,177,224,130,122,126,128,127,131,130,130,132,131,127,135,131,139,136,137,127,140,139,136,138,134,132,137,134,139,132,131,137,133,137,129,138,137,136,136,136,134,139,136,135,131,136,136,133,131,131,132,129,131,132,129,130,131,135,131,133,132,134,132,127,130,134,133,135,139,131,136,129,130,129,138,132,131,131,135,133,130,134,129,130,127,135,133,134,133,135,133,133,129,132,135,130,132,131,129,134,132,134,130,129,132,133,126,133,130
101,102,101,121,141,143,139,142,149,144,145,147,149,150,149,152,152,255,170,117,111,110,102,105,109,108,105,108,106,102,109,108,103,106,105,102,99,101,208,146,142,145,147,153,138,155,150,148,146,153,151,168,150,117,112,111,111,108,106,111,109,109,110,109,103,105,105,108,106,109,102,102,159,148,149,144,155,159,155,159,159,165,160,158,167,165,122,116,117,116,115,115,117,112,114,114,112,113,113,114,113,112,109,113,111,111,104,156,153,159,157,159,157,161,159,159,164,163,170,189,255,127,120,119,122,122,116,120,119,113,113,122,119,115,118,115,115,117,113,108,104,157,160,163,161,159,161,162,159,161,164,167,167,163,247,182,124,126,120,118,128,125,123,120,121,125,115,122,128,122,127,120,118,117,116,234,165,162,166,161,163,169,167,163,165,170,175,184,252,132,126,123,127,128,131,127,129,133,136,130,133,132,137,133,130,130,135,140,160,138,134,133,132,130,136,136,134,133,132,136,137,138,136,133,135,132,132,138,132,135,139,132,135,135,233,139,133,134,131,132,134,135,134,132,134,133,134,140,137,135,134,130,132,130,133,133,134,132,130,133,128,133,132,136,129,129,130,130,135,135,131,131,133,136,137,138,131,140,132,133,132,133,134,130,132,133,125,134,130,130,131,130,130,126,132
123,153,163,155,149,141,141,144,143,139,147,148,146,150,149,152,150,241,130,111,111,114,108,119,108,109,106,107,105,104,108,107,105,106,102,104,99,97,209,151,143,150,141,150,150,152,148,149,150,149,151,171,141,112,108,105,105,109,106,106,110,110,103,107,101,106,106,105,105,109,104,107,190,150,146,156,153,153,155,160,160,153,160,159,159,166,165,118,115,116,115,117,115,114,114,113,112,112,114,110,115,111,112,110,110,110,98,151,154,153,162,162,163,160,158,159,162,176,223,168,254,125,119,119,118,116,119,112,114,117,111,117,115,111,116,117,116,116,112,112,107,182,165,160,163,162,158,168,165,160,163,166,165,167,165,133,123,121,120,122,123,122,119,123,120,124,123,119,119,120,119,116,118,118,115,241,168,170,164,172,168,167,168,170,176,171,167,187,237,128,128,125,126,127,129,132,126,131,128,126,134,131,132,138,133,131,135,136,139,138,133,133,134,131,137,139,133,137,138,136,128,134,134,132,134,133,136,139,137,138,135,131,134,131,138,132,135,132,139,140,131,134,137,138,135,134,133,136,134,131,132,131,132,135,132,138,137,134,131,138,131,134,129,134,133,130,131,133,131,135,133,129,130,136,134,134,132,134,132,132,130,132,131,134,130,130,134,134,132,128,131,130,128,133,131
143,202,162,242,145,146,143,143,143,149,149,147,146,152,146,149,155,235,161,162,176,204,138,180,181,182,109,105,108,113,168,114,110,107,109,105,104,101,217,148,144,147,150,144,147,149,147,143,151,152,156,180,255,190,114,107,109,109,110,108,106,105,104,104,105,106,107,100,103,102,106,106,175,152,151,157,156,155,158,156,159,161,160,159,162,183,191,117,117,115,115,110,115,108,113,109,115,108,110,109,110,109,110,108,111,107,98,149,156,157,158,161,162,161,162,166,160,163,163,166,222,123,114,118,117,117,118,120,114,113,116,113,115,111,111,113,112,114,111,106,105,188,162,162,163,160,157,159,164,162,161,165,167,168,167,127,123,122,121,119,122,120,126,118,117,119,119,120,119,121,120,117,115,117,114,233,169,165,168,167,170,164,171,172,171,170,169,177,252,134,132,132,128,130,128,130,127,133,130,131,132,134,132,136,133,133,139,137,139,137,136,135,134,130,134,128,137,133,135,135,132,136,137,135,134,130,132,137,136,136,135,132,134,136,138,137,134,136,133,137,130,133,129,130,130,135,132,138,138,135,135,129,138,135,136,131,130,135,131,131,135,131,134,130,130,135,136,136,130,132,134,128,134,135,137,134,131,131,131,131,128,135,133,131,127,134,135,127,132,133,128,127,135,134,132
144,140,140,138,143,143,143,147,146,140,145,147,141,148,147,152,152,148,150,153,152,178,160,149,158,149,151,146,179,226,148,251,251,252,192,231,255,150,169,149,137,141,146,147,149,148,148,145,149,151,152,149,255,255,188,113,105,127,188,197,117,116,106,110,102,103,100,102,103,234,113,175,177,154,153,153,155,158,152,154,164,162,161,152,159,177,145,124,123,115,113,113,117,114,114,115,117,170,113,108,112,115,113,109,104,104,129,151,156,152,161,154,161,161,158,167,163,170,166,184,242,122,182,120,109,111,114,114,113,113,112,111,110,113,107,111,109,112,112,107,105,161,161,162,162,163,158,160,161,161,163,164,163,171,142,123,120,119,118,118,121,118,115,114,121,114,120,116,112,118,117,116,117,116,114,218,166,165,168,171,166,168,172,170,172,167,178,176,255,138,133,124,129,130,130,127,131,133,128,131,133,128,129,135,132,132,138,132,130,132,135,134,137,133,135,138,139,137,133,137,135,135,139,138,136,136,141,139,135,131,133,131,134,135,133,134,133,136,133,138,130,137,134,135,135,135,136,135,139,137,139,132,132,134,133,131,133,133,132,135,133,133,137,136,134,134,131,131,135,132,133,133,132,136,134,132,136,135,133,133,132,130,128,128,129,133,130,131,133,131,129,127,130,136,130
139,141,140,140,139,143,146,143,143,146,146,144,149,149,146,146,148,150,155,151,151,147,153,148,151,149,147,149,149,147,146,147,149,148,147,146,140,147,143,143,145,147,141,142,144,150,146,148,150,150,153,145,152,152,149,158,246,174,151,150,149,157,150,152,146,147,149,142,145,150,149,147,148,154,157,153,154,154,155,147,155,158,161,162,163,161,251,182,192,255,255,255,237,255,255,255,255,209,176,148,247,255,255,220,195,255,205,153,157,155,153,157,157,163,161,159,160,162,158,170,252,130,204,118,136,139,113,114,111,110,116,112,112,112,111,111,112,117,109,113,105,156,165,159,156,161,160,164,161,161,165,167,166,163,134,118,119,119,119,121,119,115,117,116,115,115,115,115,116,113,112,118,115,112,116,240,160,165,167,164,170,165,173,169,169,170,179,172,220,137,130,128,131,130,135,135,138,137,132,136,139,136,132,129,132,127,135,132,128,133,134,134,139,130,132,134,129,126,133,132,133,136,137,134,133,137,135,131,136,131,135,133,134,137,136,140,137,132,134,132,135,132,134,136,131,134,135,133,139,134,133,132,133,138,133,132,135,137,135,131,129,131,136,133,133,135,132,135,132,136,130,132,133,133,128,131,133,130,128,132,138,134,134,130,135,133,133,132,131,129,127,132,133,131,130
141,142,143,142,146,147,146,150,147,150,142,143,151,149,142,144,149,150,150,148,148,147,150,154,149,143,144,145,144,145,145,146,147,151,145,145,141,141,146,146,143,146,148,149,140,148,149,151,147,150,155,145,154,150,149,154,152,149,148,151,149,148,151,152,150,147,146,152,152,151,144,153,145,155,156,152,159,154,158,157,153,161,163,161,161,158,164,164,163,161,158,158,156,151,156,172,155,157,161,154,153,154,155,158,156,154,154,154,151,160,153,153,162,159,163,161,164,166,163,165,160,165,162,163,158,158,160,153,155,161,154,154,155,157,175,162,180,186,165,212,167,167,157,157,161,158,164,163,164,161,160,165,164,160,255,132,179,122,110,124,115,108,117,115,113,111,108,115,108,114,113,114,120,115,158,242,167,166,166,164,165,166,168,168,169,170,174,179,255,134,130,129,126,125,129,128,134,130,133,131,131,133,134,133,139,132,136,131,133,129,134,133,133,135,137,134,139,131,138,138,135,132,131,132,132,134,134,131,133,131,134,135,132,137,133,133,136,136,138,139,132,133,133,136,132,132,133,129,131,136,134,139,135,133,135,133,129,134,132,134,139,135,135,133,133,131,136,133,131,132,137,134,138,136,131,133,128,135,135,135,132,131,133,132,133,133,127,129,131,134,131,136,134,129,131
145,149,143,142,142,144,148,149,143,144,141,148,149,147,143,148,147,148,154,150,149,149,147,145,149,151,148,146,146,149,148,145,149,145,147,145,145,144,148,150,146,150,146,148,150,143,149,151,150,150,147,153,149,155,151,150,149,151,143,149,148,150,150,152,151,152,149,146,146,146,148,149,155,158,151,153,152,153,153,153,159,161,158,160,164,162,164,161,156,160,158,153,161,160,158,158,160,159,159,159,158,153,155,158,153,156,161,159,157,151,157,159,158,162,159,155,157,163,161,167,158,159,170,158,162,162,156,161,160,158,159,154,160,158,154,154,156,159,154,158,165,162,157,159,160,162,161,166,162,160,163,163,163,167,164,161,165,162,163,165,162,166,167,165,159,158,162,157,160,163,155,166,161,160,255,179,165,166,166,164,164,170,171,169,167,173,176,174,233,129,127,127,125,128,129,135,129,128,137,133,129,133,135,139,134,132,136,135,133,131,135,138,134,134,134,131,135,139,131,134,132,136,137,132,138,136,135,133,133,137,130,134,130,132,133,133,132,137,132,137,138,136,136,131,135,133,132,132,131,132,133,137,136,133,131,134,137,135,136,127,138,133,135,129,131,134,129,134,130,133,135,134,134,132,130,133,140,140,136,134,131,128,135,131,133,129,134,136,130,132,130,132,130,131,130
141,142,145,145,146,138,144,143,144,147,141,144,148,149,144,148,149,145,147,153,148,148,151,148,143,148,146,140,147,149,150,144,144,139,148,142,141,139,145,144,149,144,147,146,149,143,144,144,146,150,152,149,146,153,151,152,156,150,148,152,148,149,147,146,150,151,148,147,149,147,146,150,150,158,154,153,152,160,155,155,161,164,158,162,165,160,159,153,156,163,160,158,156,156,161,158,154,159,160,161,156,155,156,154,155,155,159,159,158,162,165,158,156,166,158,163,161,159,161,163,159,164,164,159,157,162,163,156,157,158,163,154,160,161,162,157,153,154,157,155,158,161,157,167,157,155,162,159,159,166,160,163,164,166,167,167,168,169,171,165,166,163,157,159,164,162,156,162,163,167,169,217,164,170,222,172,171,170,169,174,165,167,166,169,170,171,174,177,255,130,125,130,128,123,129,130,129,128,135,131,127,162,135,135,134,133,133,131,131,137,135,134,137,133,134,135,135,132,127,129,135,132,137,133,130,136,130,135,133,131,194,135,132,133,137,132,135,136,136,140,137,132,129,129,131,139,134,134,131,135,132,139,139,132,139,137,134,133,130,130,136,130,130,135,134,133,129,131,128,133,135,133,133,131,127,131,129,137,132,132,130,131,138,131,132,128,131,129,131,130,129,131,134,131,136
142,143,147,145,142,148,146,145,145,141,147,146,149,147,146,150,149,149,145,149,148,152,152,142,149,149,147,151,147,147,143,145,143,148,145,147,147,143,146,142,142,143,153,148,148,148,149,149,145,154,154,145,150,149,152,147,149,150,150,152,146,147,147,146,151,147,145,144,145,151,146,156,161,158,155,154,160,156,161,159,164,157,168,163,168,158,161,159,155,164,160,159,154,157,156,159,155,158,157,155,158,153,163,159,151,159,152,154,158,157,159,158,156,158,164,159,163,162,164,160,164,158,157,156,160,159,157,163,158,162,165,167,159,159,158,161,157,158,157,157,156,157,160,158,164,161,169,160,158,159,164,165,164,166,165,167,165,164,159,158,165,167,166,162,165,170,162,164,160,166,160,166,161,163,167,159,165,171,78,67,162,170,168,171,172,178,182,180,255,130,125,126,130,128,131,132,131,128,133,137,133,135,132,137,133,133,138,134,135,132,136,133,133,135,132,134,130,133,131,131,137,137,135,131,135,138,138,136,133,131,139,136,133,136,132,135,131,135,135,134,133,139,134,132,133,134,131,132,134,135,134,134,135,136,132,129,133,136,136,134,135,133,130,128,130,135,134,132,137,130,130,132,135,130,134,131,130,133,131,130,130,134,134,134,133,131,137,133,130,133,133,128,132,134,133
142,144,140,142,148,141,143,143,147,143,143,151,156,152,147,148,148,146,147,152,147,150,144,148,145,149,147,152,147,144,149,148,148,146,145,147,144,138,149,145,143,146,151,144,147,148,156,147,148,142,150,148,146,159,146,154,150,145,148,146,152,152,152,145,141,149,147,145,147,145,145,153,155,155,152,149,158,151,156,161,164,155,157,161,160,163,154,156,153,159,154,162,156,162,155,159,158,150,155,154,154,157,153,154,154,158,162,157,157,159,156,159,158,160,156,158,159,162,159,160,162,156,163,156,163,158,155,159,162,159,162,155,158,156,155,158,157,210,166,156,158,157,156,167,162,156,164,161,164,165,159,164,161,174,165,164,159,164,165,170,160,163,164,166,161,173,157,163,163,162,159,163,160,166,165,160,166,177,77,60,161,165,177,169,178,177,177,181,255,139,125,128,129,131,131,128,136,136,137,131,131,137,133,134,137,137,134,135,131,137,138,136,133,135,135,131,136,135,137,140,134,131,136,136,138,135,134,138,135,138,134,133,139,130,134,132,136,134,131,132,138,135,134,135,138,136,132,136,132,134,134,135,133,137,135,133,132,135,132,132,134,132,132,133,137,134,135,134,132,136,134,136,128,132,134,136,136,134,135,135,133,135,131,131,131,131,133,136,137,134,131,132,134,131,135
144,142,144,142,141,145,141,148,153,145,148,144,146,147,146,161,150,145,145,147,145,142,145,145,150,145,149,147,151,147,142,147,143,142,146,139,151,151,145,147,145,150,143,150,149,147,152,144,149,155,151,149,146,150,150,151,154,147,151,151,149,155,150,145,152,149,149,146,150,146,149,149,158,152,156,152,153,149,157,160,165,158,163,160,158,157,159,158,157,156,161,156,161,156,153,159,153,157,157,162,162,159,159,156,159,155,160,160,158,160,160,158,157,161,167,161,161,162,165,163,165,161,159,163,158,157,158,159,158,154,154,158,162,163,162,158,157,161,159,162,166,160,161,162,161,168,157,164,166,164,167,164,167,166,161,161,165,167,158,160,162,165,161,162,160,160,166,163,163,162,161,165,171,164,165,170,167,178,71,63,161,164,163,170,185,176,174,182,255,134,126,127,133,130,134,137,137,135,138,136,135,133,137,134,137,138,138,135,139,133,135,135,131,133,133,131,133,134,134,130,133,133,132,135,136,138,138,138,128,132,137,133,134,132,131,137,131,133,135,134,133,136,135,131,135,131,129,135,138,134,131,132,135,134,133,134,134,132,134,135,129,138,135,132,136,130,134,135,133,135,133,135,130,130,131,135,133,133,132,137,131,128,132,129,126,129,133,131,130,137,131,131,130,133,135
148,147,143,141,141,147,149,145,151,144,139,143,146,144,154,153,147,147,146,152,143,146,145,147,142,149,150,147,146,142,147,147,149,143,147,147,147,149,151,150,151,147,151,143,146,147,147,149,144,149,149,150,150,147,154,150,152,149,149,152,148,147,150,150,158,146,149,147,143,143,149,152,155,151,152,153,148,154,154,160,164,157,163,156,160,161,161,162,162,154,157,163,165,159,157,156,235,161,163,159,163,159,154,159,158,161,160,153,156,162,161,158,162,164,163,157,161,167,161,160,166,163,169,160,162,165,157,163,159,159,157,161,162,156,163,155,160,163,163,162,162,160,156,156,160,161,152,160,161,159,161,164,162,166,166,156,168,166,165,162,166,162,160,160,163,158,162,161,170,160,162,163,164,168,168,164,169,181,83,95,169,165,167,178,166,175,175,180,239,133,128,128,127,131,128,131,135,130,134,135,130,138,132,136,144,138,133,131,137,133,132,137,134,131,139,132,135,137,134,136,139,140,129,136,133,133,136,133,134,137,137,134,132,135,135,135,130,134,140,139,136,136,135,136,130,128,136,137,137,139,132,132,134,135,134,130,131,131,138,130,126,130,131,133,131,137,130,135,136,136,136,131,129,132,137,129,135,132,136,131,130,133,130,133,137,131,132,132,133,130,133,130,132,134,131
149,146,140,147,148,145,142,145,143,143,147,152,150,147,149,144,146,142,143,149,150,144,154,149,148,145,150,149,152,145,150,145,147,144,147,151,148,147,149,149,149,143,143,146,148,145,142,147,152,148,151,145,152,147,148,154,148,150,149,147,150,147,142,150,148,147,146,145,152,147,151,153,156,154,153,151,150,161,156,158,164,160,159,157,162,159,154,160,160,155,156,163,157,157,161,157,156,161,162,163,156,159,158,155,162,158,163,158,164,157,154,167,160,168,158,160,162,165,168,159,169,164,162,161,162,168,161,159,164,158,162,160,165,158,159,155,158,159,156,157,159,162,160,162,158,159,176,160,164,163,167,166,165,161,166,163,165,163,165,163,163,159,166,162,161,160,163,161,166,171,165,161,170,168,168,177,170,181,104,76,161,168,174,169,169,171,177,174,255,134,127,126,130,128,135,133,136,135,130,131,131,129,137,136,134,135,132,139,129,134,138,134,136,136,134,135,130,132,135,135,140,136,133,137,132,133,132,128,132,134,132,132,131,137,133,131,132,133,138,147,141,141,131,134,134,138,133,136,133,133,138,135,134,136,138,133,130,131,129,135,131,139,132,136,134,136,133,133,133,134,135,133,129,137,131,133,133,134,134,128,137,129,131,133,138,131,133,132,137,137,130,134,132,131,130
147,143,142,141,145,144,146,143,146,149,145,146,144,147,142,146,147,150,145,146,149,150,147,148,147,143,149,146,151,148,147,150,147,146,153,147,152,147,150,145,151,143,156,150,150,146,147,152,148,148,148,153,146,147,149,143,151,146,144,149,147,141,146,151,148,142,149,153,150,148,149,153,157,151,153,149,156,171,152,157,163,165,161,162,160,160,157,150,154,153,157,159,158,162,159,156,209,160,158,159,163,157,156,156,160,161,160,158,162,159,157,160,158,162,161,160,166,171,167,160,165,158,162,158,160,157,156,160,159,162,161,165,156,167,164,156,156,155,160,160,160,158,159,159,162,163,163,158,156,160,157,159,166,162,163,161,165,164,162,161,161,166,166,163,164,155,161,164,165,163,164,163,162,160,168,171,177,192,83,92,157,169,173,178,173,175,178,172,229,134,125,128,124,127,129,131,131,128,134,135,132,130,137,134,131,136,130,138,137,136,133,135,136,132,135,136,131,135,131,134,138,136,133,126,134,134,131,133,136,130,134,137,133,134,133,134,136,130,138,139,133,132,137,137,138,134,136,137,139,134,137,136,130,134,134,131,131,139,136,136,136,136,134,136,131,129,127,134,136,132,131,130,133,135,132,129,133,127,131,134,133,128,136,134,133,133,131,133,132,140,133,130,132,131,135
143,144,145,144,138,147,143,146,145,146,145,148,146,145,144,148,148,152,152,146,155,146,147,150,150,147,148,147,144,151,144,149,150,144,152,148,147,147,146,146,145,148,143,147,150,147,147,150,149,149,153,151,146,154,149,151,150,150,149,149,154,152,151,149,146,147,145,145,151,149,149,153,156,152,151,150,158,153,162,159,255,165,161,160,157,157,159,159,156,158,152,152,160,160,157,161,157,152,158,159,156,154,160,159,155,157,157,159,154,159,156,161,158,164,164,162,169,178,165,166,164,160,162,165,161,160,162,159,162,158,161,155,162,165,163,161,162,163,166,158,158,164,160,164,162,158,167,162,159,161,160,163,163,162,162,158,161,169,163,160,164,164,168,166,166,170,167,164,163,161,166,161,162,191,171,166,167,192,70,125,163,157,178,175,173,172,171,169,255,129,127,121,125,127,128,128,132,134,136,137,137,132,131,134,136,138,136,131,132,136,134,134,135,134,136,133,127,134,130,131,131,135,137,137,133,132,135,133,137,137,135,136,134,131,136,135,136,134,136,131,138,139,134,134,133,133,134,135,137,133,132,139,134,137,138,139,137,135,136,131,138,130,137,129,130,134,137,137,132,132,134,130,133,128,132,131,134,134,132,132,132,136,133,133,133,134,140,128,133,132,133,131,136,130,130
145,149,146,143,140,145,149,147,153,145,147,147,147,148,142,151,150,149,149,148,147,145,150,150,148,146,146,148,147,154,151,153,150,148,151,142,147,147,144,150,143,149,145,148,149,147,150,152,150,148,151,153,151,152,150,151,157,150,152,206,156,151,147,151,148,153,150,145,146,151,152,154,152,160,154,157,158,157,159,159,159,154,161,161,161,158,157,158,162,161,157,164,162,160,159,158,161,164,160,159,162,160,159,157,156,151,159,160,157,156,158,159,159,156,164,169,166,164,161,170,162,160,161,162,165,159,159,164,158,162,164,162,163,161,159,160,157,161,163,166,156,156,163,162,156,164,164,164,162,164,163,161,162,163,163,168,163,166,167,164,165,159,166,163,161,165,161,161,164,168,164,162,169,169,166,163,169,207,67,139,167,170,173,169,175,172,170,174,226,129,129,131,129,129,127,134,133,135,129,128,135,136,137,133,134,131,136,133,130,132,134,133,133,137,137,133,135,136,137,139,137,133,133,136,135,133,136,137,139,136,137,138,135,134,138,135,138,134,139,131,135,140,136,139,140,144,137,127,130,129,166,157,131,134,133,131,133,131,130,134,138,133,137,140,133,133,133,136,134,134,134,132,134,133,132,130,133,127,130,130,132,133,132,139,132,134,137,133,132,134,130,131,133,137,131
147,146,142,141,140,144,146,145,143,144,145,148,148,148,146,149,151,146,147,148,144,146,149,147,143,144,148,151,149,148,146,149,147,145,152,148,148,151,144,146,144,144,142,146,146,150,152,149,149,155,151,150,151,153,156,153,153,153,151,148,152,149,155,153,151,148,154,147,149,147,147,154,155,155,153,151,158,157,156,154,158,157,156,160,158,162,159,164,158,155,159,155,158,160,163,156,157,159,164,159,157,163,241,169,162,157,161,158,159,160,158,162,163,158,164,162,167,161,164,168,159,163,161,158,161,164,167,160,158,158,157,164,162,168,158,161,164,159,163,157,158,162,161,162,163,172,168,162,170,157,162,163,162,159,164,160,166,163,167,161,169,165,164,169,165,164,165,163,166,169,161,165,171,164,166,168,167,232,71,155,166,170,169,165,166,172,168,176,218,128,126,127,126,131,131,127,132,131,131,134,134,133,135,134,135,133,129,133,135,132,135,134,135,137,131,132,137,138,129,137,136,134,132,133,132,134,134,132,130,131,133,138,136,136,133,137,135,137,134,139,134,133,133,137,139,141,136,138,133,136,132,136,135,131,137,140,133,130,138,135,132,132,134,135,134,130,139,133,134,134,134,133,135,136,136,134,133,138,135,134,134,133,131,130,135,137,132,132,134,137,135,138,133,137,134
94,89,88,149,143,142,143,147,148,144,146,150,147,146,149,146,146,196,147,146,168,212,215,220,232,231,232,235,234,237,229,230,226,215,200,187,176,147,143,148,146,146,144,147,150,144,147,147,155,149,150,151,149,155,157,154,153,155,154,155,152,144,148,151,148,150,143,148,150,143,146,155,155,156,160,152,156,162,159,158,158,156,161,163,158,162,159,159,158,161,156,159,153,159,162,163,158,159,155,158,163,160,164,163,162,157,158,162,156,163,159,158,163,161,162,160,162,165,166,159,165,163,161,162,163,155,156,160,159,162,165,161,158,165,160,162,163,162,163,159,163,164,163,161,159,159,163,159,163,166,160,166,163,165,166,164,164,164,167,168,163,162,168,168,163,165,163,167,167,170,167,169,164,165,161,167,165,231,67,174,169,166,172,172,172,171,174,176,228,129,126,131,126,131,130,133,131,132,133,133,134,133,129,133,135,129,134,131,133,135,140,133,134,135,133,133,134,133,133,140,140,133,133,137,137,133,135,132,133,136,136,137,132,132,133,135,135,140,149,140,138,133,131,138,135,139,137,137,134,132,138,135,137,135,129,129,139,135,134,137,135,130,134,129,136,135,134,132,135,130,134,133,130,137,133,127,134,133,133,133,134,131,133,127,131,134,136,137,132,127,130,133,132,131,127
99,101,102,165,140,145,145,142,149,143,145,150,146,144,154,150,182,112,106,106,107,104,104,106,104,108,105,105,102,106,109,104,104,104,104,100,104,89,146,146,145,146,146,149,150,150,153,150,147,147,155,168,104,103,104,110,104,98,96,93,93,93,88,94,95,101,121,127,139,149,147,196,150,156,153,150,154,159,154,158,163,163,162,164,158,162,206,212,200,188,169,174,161,167,166,157,165,163,166,157,161,152,158,154,157,156,157,157,160,158,163,157,158,161,157,161,159,159,165,163,160,163,160,167,165,163,157,161,166,156,161,160,160,159,165,160,162,160,159,164,156,162,161,166,160,157,159,161,164,169,166,159,160,167,167,164,164,167,167,165,164,170,164,165,167,163,165,164,164,166,168,169,169,168,164,164,163,232,144,249,174,176,166,174,170,166,174,167,209,126,129,127,129,132,131,129,133,139,135,134,137,135,134,135,133,129,134,130,138,137,136,132,133,131,134,135,136,131,134,135,135,135,132,134,135,137,134,135,140,131,136,138,135,132,131,137,137,138,137,137,135,135,136,136,138,146,147,132,135,132,137,135,133,137,133,136,132,135,133,137,132,136,129,136,138,134,130,127,135,127,134,133,133,131,134,134,135,133,132,127,137,132,134,135,132,133,130,131,130,133,130,131,135,125,133
105,102,98,203,142,141,144,143,144,143,142,144,148,145,148,149,188,118,110,108,109,108,109,110,106,108,107,107,110,108,109,108,107,106,106,104,108,103,142,150,152,148,151,151,145,155,150,151,145,154,148,129,109,112,109,112,111,108,112,109,108,107,104,110,110,112,109,107,107,105,104,100,155,152,157,159,152,154,157,154,159,157,161,165,156,168,118,113,112,116,114,112,108,113,114,112,113,109,114,110,111,108,106,108,106,100,211,160,157,158,159,167,161,159,161,167,163,159,163,162,193,195,211,221,236,255,254,251,255,255,255,255,255,255,252,248,235,217,190,196,161,160,154,157,161,165,164,155,158,165,175,162,162,168,161,162,167,167,165,166,164,164,165,166,165,169,162,165,164,165,161,171,166,163,163,169,171,171,174,171,169,165,168,163,171,174,171,174,209,130,123,128,126,128,134,130,130,206,139,134,128,136,132,132,131,131,134,134,135,133,130,140,135,138,135,133,136,136,136,138,132,139,134,136,131,141,134,136,136,136,133,132,136,135,140,134,137,132,131,135,132,138,135,135,134,140,135,134,133,134,132,134,133,134,136,134,134,134,133,132,133,132,133,132,130,136,133,132,138,134,132,141,133,136,135,133,133,128,130,128,132,126,133,136,137,136,135,132,133,136,132,132,133,136,132
105,102,101,221,144,147,140,142,145,146,143,144,146,147,147,152,183,117,112,106,109,109,108,110,109,112,110,111,110,112,111,110,110,109,106,108,101,107,142,147,150,144,146,153,151,149,153,146,148,152,151,156,109,108,110,112,110,110,114,116,111,112,113,107,111,106,107,109,106,110,104,108,154,160,150,152,154,157,157,162,159,156,159,159,167,212,120,116,118,114,119,121,112,116,116,116,114,119,116,114,114,119,114,112,116,111,224,162,163,161,161,161,161,158,161,157,165,158,161,197,130,116,117,116,121,120,114,118,115,112,115,118,119,122,116,115,112,115,115,114,191,158,168,163,162,164,164,162,168,166,164,161,172,166,114,103,108,102,101,103,99,103,104,119,119,122,146,169,146,169,207,243,254,255,241,164,164,166,160,163,175,167,172,168,167,177,178,169,153,127,128,133,130,124,136,129,134,130,133,136,127,128,134,134,137,135,134,136,138,134,133,138,134,130,133,137,133,135,134,135,140,132,136,137,134,129,137,138,133,136,135,136,137,142,137,138,137,136,136,132,130,137,137,132,133,132,136,137,133,139,135,135,131,137,136,138,135,139,132,136,132,129,140,133,137,130,131,135,132,131,136,134,132,132,129,134,136,133,134,130,133,130,127,128,140,133,128,132,129,138,133,133,133,130,130
107,97,98,202,144,139,140,142,141,140,149,148,150,152,148,153,193,117,108,112,113,108,109,111,115,113,110,112,108,112,112,108,111,107,109,105,102,127,143,151,142,146,149,150,146,156,153,153,153,156,156,119,112,108,111,114,113,112,111,112,113,110,113,112,112,108,112,111,106,112,108,109,158,156,156,157,154,158,169,160,162,159,161,158,161,195,122,117,118,119,118,121,122,117,117,122,117,124,120,120,118,122,118,113,116,110,194,157,160,161,159,164,159,162,157,161,163,162,167,199,151,122,119,121,116,116,121,120,118,115,125,119,119,117,120,117,118,120,114,111,198,161,166,167,167,159,159,166,163,170,166,162,165,176,139,124,126,122,120,120,122,123,122,124,125,120,119,125,122,121,122,120,119,117,109,166,170,169,168,167,165,171,167,171,171,168,175,179,139,124,133,126,129,131,136,129,130,130,131,133,134,131,132,136,138,132,134,134,134,136,135,134,135,133,135,132,137,137,134,135,134,133,133,133,135,130,135,134,136,137,134,140,136,138,143,132,138,134,133,138,133,135,133,132,133,133,134,135,137,131,136,138,133,131,141,135,135,131,137,136,137,135,137,138,139,132,139,136,137,136,137,131,134,134,136,132,138,133,136,132,138,130,134,131,133,132,133,130,131,132,134,133,134,135,130
104,102,98,202,145,141,145,145,151,147,144,142,151,144,151,161,233,121,114,109,110,112,107,110,117,116,113,110,113,117,112,112,110,110,111,108,104,123,144,145,147,146,150,151,156,152,153,153,156,151,154,118,109,114,113,115,112,114,117,112,114,115,112,117,113,116,114,109,111,114,104,112,149,154,149,157,153,166,156,162,157,159,163,162,175,176,124,122,124,115,118,121,123,120,121,118,120,121,118,119,117,119,117,116,115,111,215,157,160,161,165,162,158,158,163,160,164,164,165,200,132,120,122,118,121,124,122,117,117,123,120,118,115,123,122,123,121,119,116,112,211,161,159,164,161,161,161,165,165,167,167,165,164,184,132,123,124,121,124,125,122,123,126,125,122,124,126,126,125,120,119,120,122,114,142,177,169,167,164,161,165,169,164,166,170,169,177,178,171,128,123,126,125,127,129,129,133,134,130,135,129,131,137,135,132,133,126,131,135,137,138,136,134,132,139,136,136,135,136,136,129,138,134,137,135,133,130,133,131,135,136,136,132,133,134,138,133,135,136,138,136,135,130,134,137,135,134,136,134,132,130,135,131,137,131,131,130,131,139,135,131,133,133,135,140,133,134,131,132,132,134,135,134,130,132,127,135,128,135,131,132,135,136,140,133,129,133,133,131,134,130,133,137,129,130
107,101,96,201,141,143,147,141,145,149,150,155,148,146,154,151,196,120,110,110,114,117,114,116,113,112,119,117,112,112,112,111,110,107,107,106,102,130,142,144,146,147,149,151,156,151,149,152,152,152,157,112,113,113,112,115,119,117,115,117,114,117,117,116,113,112,113,107,114,111,109,131,152,160,157,154,153,156,157,157,159,163,161,163,170,145,121,118,117,122,119,114,124,120,122,122,122,120,118,119,117,122,118,119,115,110,196,162,161,162,159,158,161,161,162,165,161,164,162,212,124,120,119,122,119,123,123,124,121,121,123,119,125,127,122,119,121,120,115,112,234,164,173,162,161,168,161,166,162,166,165,168,167,184,132,120,121,124,122,125,124,128,127,124,127,126,128,124,119,126,125,120,121,116,153,163,172,169,172,171,166,170,170,173,166,175,178,178,128,121,127,130,128,134,133,130,130,139,132,132,133,130,130,136,136,132,135,133,135,133,134,133,130,140,135,137,131,135,138,141,136,136,134,135,139,136,133,133,131,134,133,133,133,135,142,156,141,135,133,136,134,136,134,134,135,136,135,130,137,131,130,136,132,131,134,132,135,135,133,134,135,132,130,133,131,131,136,135,132,136,137,131,133,137,135,135,132,131,131,133,132,133,129,134,134,131,130,137,134,132,135,133,135,127,133
103,106,99,199,141,145,146,144,145,147,147,148,150,151,151,152,231,115,111,107,113,110,112,114,114,112,110,113,112,112,112,108,110,107,108,103,103,132,145,142,145,149,148,147,154,150,149,153,154,150,154,118,113,114,117,115,115,117,115,116,115,110,119,113,114,115,115,109,109,110,109,146,155,154,152,160,155,158,165,157,160,156,161,165,205,123,120,122,119,123,118,124,126,120,118,120,124,122,121,121,123,119,118,119,115,109,189,156,159,158,155,161,160,162,168,157,165,169,165,223,140,119,122,122,121,121,125,124,126,123,123,122,124,124,123,118,119,123,114,113,217,168,156,158,162,170,162,162,165,164,169,170,163,220,131,121,123,121,123,124,126,125,127,127,125,128,127,125,126,122,125,123,123,120,160,165,172,167,162,166,164,170,165,172,172,177,173,189,134,126,127,132,131,132,130,129,133,132,133,134,133,131,129,134,132,130,136,134,139,131,134,131,132,132,140,152,137,136,135,138,134,139,138,133,137,132,138,135,139,137,131,133,129,131,132,132,137,134,136,134,133,142,140,133,135,137,131,162,135,137,137,134,132,136,135,134,135,134,135,131,129,133,137,135,139,136,133,132,136,136,137,137,132,130,132,135,131,133,129,131,135,134,133,133,136,132,135,141,134,134,139,130,133,132,132
106,100,97,177,140,147,141,145,145,144,149,148,148,149,150,150,210,120,107,111,114,113,111,112,114,116,114,114,114,113,116,112,108,111,108,106,102,119,144,144,153,150,147,152,154,149,149,153,154,151,156,115,115,114,114,110,119,116,117,122,118,117,116,112,114,113,116,111,111,109,110,142,154,151,155,150,154,158,155,161,157,158,159,160,191,125,118,116,121,121,118,125,125,119,127,122,126,122,118,119,120,118,113,116,116,111,212,159,154,159,158,159,164,161,161,160,162,163,166,236,136,123,121,122,127,125,121,125,122,122,127,126,123,123,120,121,121,119,114,112,223,165,167,163,162,162,162,162,167,161,167,171,166,236,132,126,122,122,124,129,128,129,124,131,128,123,125,128,123,127,125,127,120,118,159,163,161,168,162,168,167,164,172,169,170,170,172,198,137,124,130,125,129,129,130,128,132,133,127,128,132,135,132,132,130,135,135,138,134,131,137,133,135,134,133,153,138,139,136,133,134,132,136,134,136,137,140,133,134,131,131,135,133,137,133,133,136,131,132,138,139,139,133,136,139,136,133,140,131,130,130,135,136,138,134,136,134,135,133,133,133,133,137,137,134,135,134,139,131,131,134,136,130,129,134,135,134,134,132,131,133,131,133,136,137,135,134,135,134,134,137,134,130,134,132
104,103,99,167,145,146,142,143,143,149,144,148,152,144,154,150,226,122,113,114,111,119,115,113,114,112,113,113,112,117,111,112,108,107,106,104,102,132,144,145,151,149,147,148,150,154,155,153,159,155,154,116,113,117,113,119,112,116,116,115,115,116,116,113,117,117,116,111,114,109,106,141,160,156,155,154,157,158,162,164,162,158,157,164,175,146,120,122,122,120,124,122,124,118,123,122,121,116,117,120,118,124,115,116,118,109,183,155,159,163,160,164,165,157,160,164,162,165,167,255,134,122,118,123,121,124,125,120,123,124,127,126,127,122,118,123,125,117,117,116,208,159,161,164,163,166,162,160,166,168,162,166,168,223,128,121,125,129,125,127,127,128,123,123,125,126,131,125,127,128,120,124,122,119,177,170,175,168,165,168,166,166,170,168,172,171,179,191,124,121,126,128,129,127,129,131,136,134,137,133,132,131,129,130,133,134,132,132,135,138,133,137,131,134,134,139,135,134,134,133,134,138,136,133,136,137,139,135,136,135,136,136,139,134,131,131,137,133,134,131,151,132,135,136,135,136,133,136,133,133,134,136,136,132,135,136,135,135,130,130,130,137,134,139,134,138,131,133,136,133,138,134,133,134,134,134,136,133,129,133,140,134,133,138,136,132,138,134,131,134,130,129,132,132,134
103,103,94,149,142,143,140,141,146,144,153,150,146,151,151,150,221,119,111,112,113,112,113,116,108,111,114,113,116,110,118,111,110,110,110,105,103,148,145,145,153,153,152,150,150,148,151,155,151,156,160,115,112,114,117,113,112,118,115,116,114,120,114,119,115,112,111,115,109,107,106,141,154,152,158,158,155,160,156,162,161,156,162,159,167,128,120,122,118,118,124,123,124,123,124,123,119,126,126,121,122,123,118,115,112,109,165,156,156,154,163,164,161,160,160,165,167,163,170,255,127,126,118,123,121,122,127,121,124,123,121,124,123,123,123,118,119,115,117,115,223,167,163,166,166,164,165,165,163,158,162,165,167,206,129,123,120,122,127,123,125,127,129,126,130,126,125,127,123,129,123,122,121,118,148,166,169,168,171,170,163,168,169,168,175,177,180,221,129,126,127,128,130,124,130,127,139,135,132,133,131,134,134,132,134,132,138,133,132,139,133,136,131,135,135,133,136,131,132,134,134,136,134,135,131,137,138,129,133,131,138,134,135,134,132,138,137,136,131,135,134,135,132,131,136,140,137,132,131,133,141,138,134,136,136,137,133,134,136,135,137,136,138,137,133,133,131,134,135,129,133,132,134,133,133,134,130,137,136,134,139,135,134,133,135,137,134,133,133,135,135,135,132,133,131
106,102,98,145,135,143,148,149,143,150,151,154,149,149,147,149,230,119,110,113,118,112,112,117,112,116,119,112,115,115,109,111,109,110,108,103,100,175,147,154,146,148,148,151,145,150,152,149,152,155,159,118,109,115,114,114,113,116,114,113,118,115,116,115,115,113,119,111,110,105,109,144,151,153,153,151,162,151,157,157,164,182,162,165,166,252,123,120,117,120,121,123,120,124,126,123,123,121,118,120,121,117,119,118,112,107,153,162,161,163,159,157,164,162,167,164,162,165,166,231,127,121,121,121,127,122,123,124,124,124,121,122,120,124,121,122,119,117,117,113,211,162,157,162,160,164,168,162,160,165,165,172,167,224,130,126,125,127,123,125,130,130,125,126,126,123,126,127,127,126,128,120,122,123,213,170,172,174,169,169,168,174,173,166,171,175,166,202,127,124,126,127,134,130,132,126,131,131,130,134,132,137,131,133,137,132,133,135,132,134,137,129,136,135,131,132,132,134,136,134,131,138,131,133,131,134,135,139,129,135,134,139,138,139,134,133,131,135,136,135,138,139,131,138,130,141,137,133,136,133,132,137,133,140,139,137,132,134,135,132,135,134,134,131,131,132,134,131,131,138,133,132,135,132,135,135,131,127,131,138,133,137,137,137,133,133,132,131,131,136,133,129,132,131,129
104,101,99,160,146,141,143,148,146,146,144,147,145,148,154,152,241,121,110,113,111,111,110,111,114,117,116,114,113,116,111,113,111,110,110,106,102,175,150,144,152,149,144,212,152,152,151,148,155,156,159,118,112,112,116,113,118,116,115,116,119,117,117,112,116,113,109,111,111,112,105,129,156,166,155,157,161,162,158,165,171,164,165,166,217,129,121,118,123,124,121,124,123,122,121,121,126,120,122,124,118,117,119,114,113,107,163,156,155,163,165,162,158,166,166,162,164,162,169,248,130,119,122,119,122,125,122,125,125,119,129,120,118,121,124,120,122,118,118,114,210,161,165,162,164,167,159,162,164,168,168,164,168,253,132,124,123,121,122,127,129,126,129,128,126,129,127,125,127,124,125,121,122,119,188,167,165,172,167,169,172,167,167,177,171,178,176,204,126,130,123,124,127,129,128,133,127,133,131,129,133,131,133,132,138,139,138,132,133,134,131,135,131,133,133,133,132,133,128,134,132,131,133,133,136,135,131,132,137,134,134,132,132,138,133,134,136,138,144,141,136,132,137,135,131,135,137,133,139,136,134,134,136,140,138,135,135,131,135,133,138,135,134,135,139,132,134,133,135,134,134,137,134,137,137,132,131,129,135,137,133,134,132,137,138,138,130,136,135,133,132,130,135,134,129
106,101,99,154,139,143,144,144,144,145,149,143,150,158,151,153,245,121,110,114,110,112,111,115,115,112,113,115,111,111,112,113,110,108,105,105,108,197,147,154,156,146,150,150,151,151,149,148,152,156,155,123,116,113,116,114,117,117,117,115,111,114,114,117,114,112,114,115,110,112,105,178,147,154,156,155,158,160,157,160,163,163,161,162,205,127,119,120,119,121,126,125,120,119,119,118,123,121,118,120,114,118,119,114,112,103,161,160,161,160,160,163,167,157,161,162,162,169,166,255,130,121,124,121,125,123,120,127,122,124,126,120,123,123,119,119,116,121,119,109,201,162,159,159,163,157,160,165,168,161,163,164,166,224,130,123,124,125,124,123,125,126,126,127,127,130,126,126,126,127,121,119,121,120,209,165,170,168,171,172,170,170,174,174,175,174,176,194,126,120,124,125,128,131,126,131,129,127,131,131,131,133,135,131,133,133,135,132,137,131,132,134,134,135,132,133,133,132,136,133,133,131,135,134,129,135,138,133,133,132,133,134,135,135,135,134,137,137,138,132,134,135,131,135,151,139,131,137,131,140,139,135,139,137,137,131,132,139,138,136,139,138,134,132,130,137,134,133,135,138,136,132,133,134,133,131,133,131,137,132,136,135,135,139,133,133,137,134,138,133,133,134,131,134,134
101,104,97,145,144,145,149,146,144,149,151,147,152,166,154,155,236,114,111,111,114,111,113,113,113,113,114,116,113,111,110,112,108,108,105,104,103,186,148,155,152,159,151,148,151,185,155,150,157,149,160,122,111,114,114,116,118,117,112,114,118,114,117,115,118,112,113,110,111,107,106,173,151,156,154,153,156,154,156,161,163,163,162,184,204,133,119,122,121,124,120,119,123,119,118,122,124,119,120,118,117,118,115,114,113,105,160,157,163,163,164,154,160,161,165,164,163,166,167,255,128,116,117,123,120,119,122,123,126,123,127,125,120,118,120,123,118,119,116,113,166,160,164,165,166,157,165,164,167,160,162,174,167,235,126,127,123,131,130,127,125,125,132,125,130,130,122,124,125,124,126,120,120,119,207,169,170,162,170,165,170,172,176,168,169,174,169,213,128,126,128,127,126,127,125,130,131,131,127,135,135,135,128,133,129,135,131,132,136,129,134,129,129,132,134,133,139,139,132,135,137,133,132,133,129,137,136,138,136,135,134,138,139,135,135,134,135,138,139,136,133,135,130,137,136,135,132,136,138,147,147,151,139,129,133,134,137,137,136,132,131,133,137,133,136,134,132,138,137,135,136,132,136,137,134,134,139,134,134,135,138,133,135,133,134,131,138,136,129,132,140,135,132,138,136
103,103,97,152,142,150,146,141,141,150,150,150,149,147,150,152,233,120,110,112,115,112,118,113,115,114,111,115,118,110,108,112,108,108,106,106,104,178,149,153,156,154,151,146,155,152,152,167,158,158,163,121,114,112,112,112,115,115,112,114,116,117,115,115,111,116,112,111,109,110,105,202,155,155,151,160,161,167,160,156,161,165,167,167,201,129,120,119,121,122,122,120,122,123,120,118,116,121,120,116,119,113,114,112,109,103,150,164,159,163,164,161,159,161,164,164,166,169,163,251,126,123,121,120,126,120,123,126,122,118,121,126,122,121,118,118,121,119,117,110,168,162,157,159,165,168,166,166,160,161,167,164,165,244,127,122,123,123,124,126,127,125,128,127,127,127,124,127,129,125,122,119,123,120,202,167,166,165,170,164,166,171,168,166,176,178,179,221,130,128,125,125,122,127,130,126,130,129,132,134,130,133,132,131,134,133,134,133,133,133,133,128,133,133,133,131,135,133,137,139,134,135,138,132,136,136,133,132,129,133,139,140,134,137,132,134,134,131,139,138,135,132,128,130,131,137,138,135,145,180,150,125,131,131,135,136,133,132,135,135,133,137,134,136,137,140,138,133,132,132,133,139,135,132,134,138,132,132,131,137,131,135,138,138,132,135,135,131,133,134,132,133,134,136,135
107,100,94,177,144,138,153,150,143,146,148,155,145,148,149,158,255,123,114,111,106,112,107,109,110,109,110,114,108,114,111,109,109,113,110,104,99,209,152,145,147,152,151,148,151,162,151,153,156,154,161,120,114,111,116,114,113,114,111,115,113,109,112,114,113,111,107,110,109,109,106,200,154,153,152,156,161,155,159,162,167,161,170,165,178,126,118,117,124,116,118,120,115,117,121,120,125,122,122,118,118,116,114,111,111,109,151,158,162,165,162,165,168,160,166,162,168,161,167,248,124,123,124,118,124,124,121,124,122,123,123,125,122,123,121,117,118,114,111,109,159,159,166,169,163,158,168,165,161,163,168,173,167,238,124,122,124,126,126,126,124,125,130,128,127,126,126,125,125,123,125,122,122,120,226,165,177,166,167,169,175,165,168,172,169,171,181,203,131,130,125,127,130,130,132,125,128,127,130,129,128,131,130,133,133,132,130,132,135,132,132,128,129,134,128,129,130,129,129,133,139,133,131,134,137,137,134,132,135,134,134,134,139,136,141,134,136,135,134,134,133,134,142,135,133,133,131,133,140,137,131,132,135,129,134,133,135,133,135,136,137,131,134,134,133,131,137,134,136,136,135,135,132,132,133,140,133,132,139,136,137,137,135,137,137,135,134,140,129,136,132,137,132,128,129
107,102,95,148,142,141,147,149,150,144,151,143,144,144,154,153,224,116,107,110,111,109,112,107,112,105,110,112,110,112,113,110,107,107,107,103,99,201,151,150,154,153,153,179,153,152,154,152,153,157,170,117,110,111,115,115,111,113,112,114,118,119,113,115,110,111,109,110,109,108,105,227,158,159,156,154,157,158,160,164,166,169,163,165,178,127,118,118,119,121,121,117,120,122,123,116,118,121,118,118,113,115,113,115,114,104,155,164,165,161,157,161,162,158,159,162,165,163,164,213,128,121,124,122,120,121,122,119,119,121,120,118,119,124,119,120,120,117,116,108,159,163,162,164,157,160,164,160,169,163,166,169,168,255,127,123,127,122,125,122,122,125,123,128,125,125,129,121,123,124,125,122,117,120,244,165,165,169,168,166,174,167,169,167,172,174,175,246,130,122,129,132,124,127,128,132,127,128,128,133,128,133,125,127,131,130,130,128,129,140,127,134,133,128,136,134,133,132,134,128,130,137,133,133,133,132,138,139,136,134,136,135,133,137,135,137,136,138,140,132,133,139,142,136,136,134,135,135,134,135,137,132,133,134,139,134,138,132,137,137,134,137,132,135,137,135,135,134,131,135,133,137,133,135,135,131,138,137,132,135,136,132,138,135,133,135,139,135,133,134,134,128,135,129,133
104,99,92,144,144,147,143,146,151,148,149,152,156,154,152,153,240,116,106,111,110,109,108,105,113,109,115,108,109,107,109,109,111,105,110,106,102,202,152,153,152,158,152,148,155,149,156,151,152,156,179,118,108,112,110,113,114,110,114,113,112,113,115,111,111,109,112,104,108,107,104,214,158,157,153,160,156,158,161,161,165,163,164,179,197,130,119,120,115,117,119,119,119,121,117,115,119,120,115,116,115,116,119,118,115,101,153,155,158,161,161,156,160,159,163,164,161,166,163,211,126,120,122,122,119,119,119,122,125,118,122,114,116,116,117,116,118,119,121,114,155,163,168,165,163,159,162,162,166,162,168,164,169,233,124,120,128,123,123,124,123,124,126,122,128,122,123,126,125,124,125,122,120,118,239,174,169,163,166,166,168,166,170,171,174,173,174,243,131,123,126,127,127,126,127,129,124,128,129,127,124,130,132,127,124,130,133,128,126,133,130,127,128,131,133,135,134,132,130,138,132,131,131,132,131,134,135,135,136,138,134,139,133,137,137,137,137,130,128,133,133,134,133,141,133,138,140,137,135,141,135,135,136,131,135,135,136,135,134,133,134,135,137,136,136,132,135,135,135,140,134,133,134,133,137,132,133,128,135,135,140,136,133,139,137,141,142,135,134,131,136,133,133,133,131
103,102,92,139,141,143,147,147,142,141,155,150,151,146,151,154,228,117,110,113,108,106,110,109,108,106,107,105,108,111,110,104,108,105,105,99,99,179,147,148,147,151,149,148,152,150,149,150,150,159,178,119,113,112,113,115,108,110,112,108,109,107,109,111,109,109,108,109,108,106,110,219,159,152,156,153,157,158,159,154,165,166,168,189,225,127,118,119,119,115,120,114,118,120,117,121,115,115,116,112,114,114,117,111,112,103,156,156,161,159,160,160,161,164,161,161,164,158,167,226,121,121,122,120,121,120,116,119,121,120,115,120,118,117,114,117,117,119,113,107,163,162,164,164,162,162,165,167,163,170,169,166,166,243,125,121,120,124,121,125,119,120,127,122,119,123,123,117,122,116,120,118,119,122,211,168,169,173,167,168,170,169,172,167,168,173,174,221,125,124,128,124,126,128,123,125,126,128,124,128,127,128,129,126,131,130,127,124,130,129,131,132,129,129,126,131,132,134,132,135,137,138,131,134,131,133,138,141,134,134,132,133,137,133,135,142,138,134,135,134,133,134,139,141,132,135,138,136,148,135,133,138,131,134,130,138,131,131,135,133,138,138,136,130,134,136,138,134,131,139,134,130,133,135,136,134,132,133,139,139,135,132,131,136,133,135,138,135,134,131,132,137,133,130,132
165,236,152,144,147,140,144,145,146,146,147,148,154,154,147,148,255,122,103,112,190,156,138,111,108,106,110,200,141,195,112,105,213,111,110,107,100,155,149,151,154,150,148,158,150,151,151,149,154,156,189,122,111,114,113,112,110,111,109,110,112,107,111,106,107,111,109,108,108,108,107,208,160,153,156,159,148,155,163,178,162,162,158,166,209,126,116,117,119,117,113,110,113,114,117,113,112,109,116,116,113,113,115,108,109,114,155,157,162,159,158,159,164,167,167,161,166,169,177,195,125,118,118,119,117,117,121,116,117,123,117,117,118,118,117,119,114,114,114,102,158,162,164,167,167,163,164,162,164,163,164,168,167,211,123,116,125,121,119,124,121,125,122,126,122,122,125,118,119,121,120,121,119,115,239,171,171,163,169,169,169,172,174,173,165,172,178,229,129,123,122,127,126,129,128,123,124,128,126,128,128,123,127,123,125,124,123,128,129,122,129,126,130,129,129,134,132,130,129,130,136,133,134,135,132,134,133,135,133,133,132,135,131,134,131,135,134,132,131,141,141,141,139,134,135,134,137,135,135,132,131,134,132,135,133,136,136,138,136,132,137,136,137,134,137,128,133,130,136,135,135,132,136,136,133,139,138,131,135,132,133,131,137,131,136,133,132,135,133,135,135,135,132,133,134
148,149,147,149,148,144,151,148,147,148,145,149,142,150,144,149,156,152,148,150,151,153,153,153,154,153,147,163,223,198,154,152,170,151,190,255,165,145,158,147,149,147,148,150,152,148,150,146,147,150,155,223,255,255,254,255,255,232,117,157,206,198,135,165,168,249,236,178,158,108,255,156,151,154,155,162,152,158,156,161,159,161,168,164,174,121,120,117,118,152,122,133,209,118,117,114,110,114,114,112,129,120,114,113,114,128,152,159,158,164,164,161,163,160,162,163,170,166,175,184,124,146,118,116,116,116,116,117,117,115,114,116,116,114,113,112,114,110,111,105,156,179,165,160,165,160,165,158,169,163,170,164,174,241,124,115,121,120,124,123,120,124,121,121,122,121,116,118,115,124,121,120,117,114,233,174,172,168,165,169,173,171,174,168,169,171,177,255,132,120,124,122,127,125,123,124,121,123,123,124,122,129,131,126,124,127,128,129,123,129,127,125,124,127,127,131,129,133,134,132,132,131,133,138,136,135,132,132,139,138,138,134,138,133,136,135,134,136,140,136,134,139,135,138,136,139,133,135,135,140,132,134,135,134,132,139,133,134,130,134,137,135,139,136,134,131,135,137,135,134,135,138,137,137,137,137,135,132,133,136,129,132,135,137,135,133,131,133,136,132,131,135,137,134,132
142,140,151,142,142,146,146,140,149,149,146,151,149,153,150,149,145,155,152,153,154,151,165,171,203,156,148,148,169,153,147,181,211,183,153,149,147,152,147,147,144,149,148,149,153,154,149,151,170,157,153,158,155,152,148,146,150,155,151,147,150,150,150,151,148,148,151,153,148,146,149,149,159,155,154,161,161,160,160,169,156,161,161,161,167,168,162,170,210,160,170,188,172,219,255,255,199,178,187,255,193,255,255,255,217,158,153,154,158,162,160,161,160,161,162,167,166,162,166,253,125,255,120,118,174,153,205,120,113,118,117,113,120,114,120,118,113,121,128,200,165,164,161,167,165,170,161,167,162,163,160,167,165,234,126,120,121,122,127,119,120,118,117,117,120,120,116,119,114,118,117,120,119,121,205,166,165,167,168,170,171,171,167,168,165,172,171,255,131,123,128,121,125,121,115,122,123,127,124,124,124,124,120,126,125,126,126,125,125,124,122,126,124,128,132,132,132,129,134,134,135,132,134,135,135,136,132,131,130,134,134,132,135,139,135,136,138,134,133,133,135,133,135,136,141,130,131,137,131,136,137,138,135,134,134,135,136,135,131,133,136,139,136,140,136,133,134,139,131,134,137,138,136,135,137,139,136,140,133,133,135,136,138,132,131,130,134,134,131,131,136,136,129,129,134
140,145,141,150,146,149,143,145,144,146,156,146,153,151,143,149,149,149,146,147,155,151,150,145,149,154,148,149,147,148,154,179,150,146,147,147,151,165,147,146,148,151,146,149,153,150,146,150,151,155,149,150,149,152,148,154,148,152,157,149,147,154,152,152,149,153,151,147,141,148,149,155,150,159,154,156,157,163,162,165,156,159,159,161,158,163,157,160,161,164,157,162,161,221,192,158,155,162,160,158,159,191,160,159,155,154,158,158,158,165,164,159,162,162,163,157,166,166,163,161,164,163,165,158,168,161,165,186,164,160,159,160,184,164,190,208,192,217,199,163,158,159,158,165,164,159,162,166,163,166,162,168,164,181,255,255,255,255,255,211,190,125,119,113,115,111,107,108,112,136,135,115,106,190,161,163,162,166,169,169,167,165,166,167,170,170,170,252,131,169,242,132,124,124,119,120,144,128,122,150,122,122,121,121,122,124,128,126,124,127,132,129,132,130,131,129,134,133,140,132,134,133,133,132,134,136,137,135,135,137,136,138,137,135,136,134,132,139,140,133,132,129,130,144,137,137,136,135,133,132,143,131,136,138,136,140,134,135,137,140,135,136,135,131,136,137,140,134,131,136,130,133,137,139,140,137,133,138,130,128,135,137,133,137,131,132,135,136,139,131,134,138,134,133,133
145,144,147,150,146,151,152,141,144,145,152,149,149,148,148,145,151,144,148,145,149,149,146,151,150,145,146,146,145,147,203,147,153,152,149,145,148,145,148,152,151,147,149,147,146,146,149,152,152,148,149,154,152,156,150,151,156,152,152,151,151,152,158,149,151,148,150,148,152,149,150,155,160,158,155,160,164,167,177,163,159,160,160,168,161,159,163,163,159,160,160,160,158,163,158,162,156,155,159,159,157,162,157,161,163,160,159,158,162,163,160,159,161,165,161,165,162,159,163,157,168,162,163,162,159,163,158,165,169,157,161,157,157,161,162,158,160,158,160,164,159,158,165,160,160,163,163,167,161,165,162,166,163,164,168,166,169,168,167,166,166,166,165,163,167,160,163,157,163,162,164,164,165,161,167,163,165,161,169,160,163,169,169,166,168,169,170,170,190,248,255,255,255,255,255,246,255,255,255,255,255,255,255,165,118,255,201,167,239,255,255,255,255,255,239,137,124,128,128,132,135,130,129,131,133,138,136,130,132,143,139,135,137,137,141,133,137,138,133,132,134,136,133,138,141,133,133,133,132,135,132,133,135,131,136,141,130,136,136,133,131,134,136,133,136,135,136,135,138,138,132,135,136,135,131,136,138,131,135,132,135,135,134,130,136,133,133,129,137,132,137,133,131,139,139
142,146,141,147,148,143,146,149,150,149,148,145,154,150,149,145,144,148,147,145,146,155,150,148,152,144,148,154,170,149,147,147,147,144,147,148,150,149,153,148,149,149,150,152,148,151,152,153,153,149,150,151,152,150,152,153,146,154,155,149,149,148,151,152,149,151,153,152,151,149,147,153,160,159,156,165,158,163,160,164,160,160,160,164,162,161,162,162,162,163,164,159,158,156,164,164,163,166,164,158,161,162,155,160,158,158,158,154,161,161,165,167,160,160,161,169,167,166,173,168,160,165,158,165,159,163,161,163,165,163,160,156,163,162,156,159,161,161,160,157,163,163,161,160,161,168,163,164,161,165,165,167,168,168,169,170,165,166,169,173,166,168,161,164,164,165,163,161,164,163,165,167,159,166,168,165,166,163,169,169,167,166,171,167,168,168,171,169,174,169,171,169,174,177,170,167,169,165,174,166,172,175,168,176,169,171,173,172,178,170,178,171,178,188,225,137,131,133,133,131,134,136,133,141,136,135,132,138,128,138,135,130,139,133,136,133,136,134,135,131,131,135,140,135,133,138,131,138,140,136,132,129,134,134,136,142,135,131,140,137,136,139,138,138,137,134,134,135,137,134,133,137,137,137,128,133,136,136,133,132,133,131,132,137,135,138,129,136,136,136,133,138,134,134,133
144,145,145,142,144,147,145,147,141,148,153,147,143,147,146,145,144,150,145,152,145,147,144,149,146,151,147,158,151,150,144,146,148,149,147,150,151,147,146,143,151,152,152,149,149,151,150,150,147,154,149,151,156,149,151,151,146,152,154,153,147,150,151,149,145,147,150,146,145,148,154,162,155,158,155,156,155,160,160,156,161,163,157,161,162,164,159,163,164,158,157,161,165,160,160,166,161,162,162,157,167,158,160,161,161,157,159,155,162,160,160,167,164,154,164,159,164,163,170,164,165,160,166,161,162,160,159,162,152,165,165,159,166,160,162,164,165,161,161,168,168,163,161,166,163,162,159,167,167,163,170,169,160,166,166,164,161,167,166,159,167,162,160,161,167,160,166,161,165,161,162,163,164,167,170,162,167,171,162,171,169,164,168,168,166,173,171,171,173,170,173,173,173,169,166,175,167,172,172,168,168,165,172,164,172,177,175,178,173,172,175,178,185,194,216,129,129,133,127,132,131,136,132,137,137,138,136,138,132,135,133,139,153,140,133,136,135,138,137,137,135,135,134,134,132,137,138,134,135,140,135,133,133,135,133,132,136,132,134,134,132,133,137,136,134,135,131,138,134,138,137,139,132,141,132,132,135,133,134,134,130,139,133,132,131,139,139,135,135,132,134,132,136,134,133
142,147,149,150,145,148,145,151,147,147,148,151,147,147,153,147,148,147,149,147,146,147,151,151,150,149,149,151,143,148,152,147,150,149,148,148,145,145,148,148,143,148,151,148,153,152,152,151,149,149,150,150,159,152,151,152,151,149,152,149,151,147,150,147,151,147,153,150,145,150,150,155,158,157,163,154,150,149,158,156,157,158,162,166,159,160,161,160,162,159,163,162,158,160,159,163,166,164,161,159,161,161,165,162,159,164,164,160,160,162,170,161,161,167,165,162,162,165,166,165,161,163,164,161,168,160,162,162,159,162,160,162,161,156,163,155,163,160,165,164,161,167,166,165,161,166,161,157,163,161,165,174,168,167,164,164,165,164,164,168,161,163,163,159,166,162,163,165,167,164,163,163,166,163,164,167,167,166,166,170,162,172,170,164,189,168,165,175,168,169,166,171,177,166,165,169,169,171,164,168,164,167,173,175,176,172,172,177,172,174,177,212,209,216,205,136,133,131,131,135,138,139,135,130,138,139,132,139,133,133,133,130,134,136,136,138,135,135,134,138,138,138,134,140,140,135,133,137,136,136,130,137,135,137,132,135,137,132,135,135,133,136,133,132,137,135,140,137,135,135,135,136,134,135,137,135,135,136,138,135,132,139,133,135,134,131,130,137,136,130,135,130,130,135,136
149,147,144,146,144,146,143,148,149,147,144,158,148,150,152,152,150,147,148,146,149,142,154,150,149,150,147,152,144,146,143,150,148,148,148,148,147,148,150,151,147,152,147,148,152,150,150,150,160,149,149,156,150,149,151,153,151,149,153,154,149,151,151,148,151,150,146,149,141,149,154,154,155,159,159,155,158,160,160,157,158,161,159,159,158,164,158,158,163,159,165,157,167,162,158,163,160,162,161,164,162,161,162,161,157,159,157,159,158,160,162,159,162,160,159,165,165,164,158,161,168,165,170,166,165,160,162,161,165,168,164,164,164,165,165,163,163,166,162,160,165,169,171,169,170,171,162,164,160,163,165,169,164,165,166,164,162,160,164,166,164,167,162,167,162,167,170,163,162,162,165,164,163,167,169,166,162,171,167,170,174,168,168,170,179,172,172,171,172,171,173,174,169,166,169,169,170,166,171,173,169,169,168,170,167,170,172,176,174,170,173,252,201,254,202,133,132,130,133,137,137,140,131,137,132,135,135,131,134,135,134,135,136,136,134,134,135,131,135,138,138,135,135,135,134,136,136,138,130,135,138,138,137,135,135,134,133,135,138,132,133,135,135,132,135,135,132,134,135,136,134,142,136,134,141,137,133,137,137,133,131,134,138,130,134,138,137,138,140,134,136,135,131,133,137
144,145,147,144,145,147,147,144,147,145,147,146,149,145,146,147,153,148,144,153,147,152,149,149,156,149,152,151,143,148,148,145,150,147,150,150,143,147,149,151,146,147,155,152,159,152,150,149,154,150,153,148,150,151,155,154,152,148,147,155,147,148,146,150,149,152,151,148,146,149,150,152,158,159,162,160,154,157,161,162,160,160,152,159,165,161,162,160,162,164,160,159,162,162,159,164,165,174,165,160,157,161,160,159,155,157,163,161,157,159,161,157,161,162,159,158,166,162,163,162,160,162,159,159,160,171,165,166,164,170,165,161,161,166,170,163,164,158,159,164,166,161,163,163,164,164,167,166,189,169,168,164,166,168,165,164,165,163,167,163,159,159,166,171,163,165,159,167,165,168,166,162,165,167,170,165,169,164,166,170,165,165,168,165,165,167,166,169,173,167,173,170,169,166,176,170,170,170,170,166,172,173,172,167,164,175,168,175,169,169,173,255,202,254,211,135,135,134,127,134,130,137,133,135,139,132,136,138,133,134,131,140,133,139,138,142,132,137,139,142,138,137,138,133,136,137,132,139,137,135,135,142,137,130,135,129,132,137,130,135,138,139,136,140,135,132,132,134,134,135,135,136,136,133,136,136,139,138,136,135,137,137,135,136,137,133,135,138,134,135,136,132,135,134,131
146,151,146,146,147,149,146,148,148,147,153,148,150,144,148,149,147,149,150,149,148,144,154,149,147,152,145,146,144,147,149,147,142,150,152,148,145,147,150,157,152,150,154,149,147,147,144,151,150,153,153,147,149,149,154,155,149,150,149,146,154,152,149,148,153,157,149,152,143,151,150,156,153,159,153,157,163,161,156,162,159,159,165,163,160,158,161,168,159,163,156,161,161,158,166,162,169,167,168,165,154,164,161,162,162,158,158,163,164,158,160,162,161,164,165,169,163,163,165,161,167,170,165,161,162,163,165,160,164,162,163,164,160,161,162,160,163,160,165,167,165,165,168,170,169,169,163,159,167,173,159,166,169,163,165,167,166,159,169,168,160,164,160,164,166,163,160,167,167,163,161,166,170,175,170,166,164,165,166,169,168,172,167,170,172,165,165,166,170,172,172,173,169,169,170,168,168,168,172,170,167,176,166,169,174,171,170,174,171,172,181,255,215,241,172,133,129,134,129,136,134,134,136,139,139,139,136,139,135,135,140,134,135,133,135,137,133,140,137,138,138,135,135,138,133,133,134,134,130,136,138,137,138,135,134,135,134,140,136,132,136,139,133,139,139,137,136,131,132,137,132,138,133,135,136,136,135,131,133,131,132,138,136,133,133,135,134,134,135,138,135,134,135,136,137
151,148,147,139,147,143,149,144,152,147,150,146,148,152,149,142,148,148,151,153,149,139,152,151,148,150,148,146,148,154,149,146,146,150,148,144,149,150,149,151,147,151,145,156,151,148,150,146,151,152,148,148,160,147,155,147,149,150,155,153,147,152,157,154,153,150,153,148,149,152,149,157,155,159,155,156,156,157,160,157,165,167,163,160,158,163,169,163,161,160,160,153,164,160,166,163,168,169,167,159,164,163,159,158,163,163,164,161,160,163,156,161,160,163,163,166,162,165,161,161,165,168,166,163,166,165,163,164,162,164,163,160,159,161,164,160,164,162,168,162,162,165,169,168,161,165,166,170,163,165,164,168,163,165,163,162,163,162,168,177,164,166,166,165,164,163,163,167,162,164,164,165,168,172,165,165,171,170,162,167,166,169,170,164,166,168,165,168,176,166,175,170,168,174,172,165,172,175,168,170,166,167,166,172,175,168,172,172,169,175,176,247,203,227,146,135,135,132,135,137,139,139,135,136,138,137,134,129,137,138,138,134,136,138,135,138,134,138,135,137,138,140,136,133,135,134,132,136,136,137,132,132,138,137,134,134,138,136,137,131,135,138,134,135,137,132,135,134,136,133,132,133,135,134,135,131,132,136,135,136,140,131,132,135,137,133,133,131,134,135,138,134,135,135,137
143,149,147,140,145,142,154,149,151,147,148,143,147,145,148,149,152,153,151,153,147,145,149,146,154,147,150,147,150,148,149,150,142,149,149,149,150,146,147,148,151,151,147,149,152,151,151,149,150,152,149,156,151,153,152,150,151,147,149,152,151,149,156,148,153,151,150,151,148,148,147,154,163,156,156,161,158,160,154,162,166,162,161,162,162,164,159,160,163,156,157,162,162,159,160,160,163,162,160,161,161,160,158,163,161,159,162,159,164,165,166,157,159,161,158,162,162,166,164,163,164,164,168,164,167,164,158,166,160,162,164,165,159,162,159,162,161,162,162,160,166,164,170,182,171,169,167,168,164,166,168,166,164,163,165,165,167,164,166,167,168,166,164,163,174,166,164,168,161,167,158,167,163,164,164,167,162,170,168,167,169,164,167,165,174,171,171,167,170,167,168,172,164,170,173,170,162,169,166,172,170,165,172,174,172,168,175,171,176,171,178,221,206,220,128,134,132,133,135,135,135,139,135,134,133,140,135,134,132,138,140,138,136,135,135,135,138,136,142,133,133,136,138,131,137,134,136,141,136,138,132,133,136,135,136,131,140,141,134,132,135,133,133,136,136,136,136,135,135,142,134,135,137,137,138,136,136,129,137,134,138,137,132,141,134,138,133,137,131,135,138,134,134,131,131
139,142,144,144,146,143,141,148,151,141,147,155,146,148,151,146,156,150,148,145,151,150,146,148,155,149,156,151,150,150,148,144,147,148,148,145,154,152,145,148,149,148,145,152,157,154,155,152,145,150,150,155,154,151,152,149,150,157,153,151,151,154,151,152,151,152,145,152,151,147,151,155,152,156,154,152,156,160,163,158,161,166,158,163,164,164,156,161,163,160,162,166,160,160,158,157,158,170,166,164,162,169,163,160,165,157,161,170,162,162,160,162,161,163,162,160,166,168,164,164,160,165,171,157,164,167,165,165,163,165,161,160,167,162,167,172,163,162,164,159,162,165,170,169,168,166,178,172,174,161,170,168,167,166,168,159,163,166,165,173,164,172,166,161,165,167,166,166,160,165,164,164,167,166,167,167,165,166,167,175,163,172,170,171,168,170,169,166,164,170,169,170,165,174,172,169,174,172,174,175,169,167,171,168,174,175,173,176,174,168,183,240,217,225,132,132,128,132,137,134,132,131,130,136,135,137,135,138,143,137,137,139,151,135,137,134,136,134,137,135,135,131,140,137,136,136,137,133,141,138,138,131,132,136,132,138,134,130,140,136,138,138,133,134,133,136,130,136,137,137,135,135,138,133,137,134,136,136,134,135,136,138,136,132,137,138,138,141,134,135,134,135,133,136,132
142,143,140,147,144,147,145,151,152,151,153,142,148,144,149,147,153,145,148,152,148,149,146,155,151,148,149,145,147,147,150,146,146,151,143,149,144,145,149,146,147,155,146,148,153,151,150,154,151,149,151,150,153,153,149,146,150,150,156,147,148,154,149,147,155,151,152,147,147,149,148,155,156,157,155,153,154,163,156,157,163,157,162,165,165,160,165,159,159,162,160,155,164,156,161,163,162,163,160,163,158,162,162,160,164,160,161,163,161,163,162,169,163,164,163,166,160,164,163,163,164,165,165,163,160,162,162,169,169,171,161,167,167,163,156,166,171,162,165,166,159,164,166,170,164,162,168,170,165,165,170,173,171,160,169,170,170,169,172,171,160,164,164,167,169,165,164,163,171,167,164,167,166,159,163,164,168,171,170,168,172,169,164,166,170,166,163,171,172,168,162,165,165,169,167,171,170,173,172,172,171,173,166,177,170,173,180,180,177,176,186,242,243,234,133,137,133,136,135,131,129,133,135,135,138,134,135,136,136,137,141,137,134,133,137,136,134,138,141,133,133,135,141,131,140,135,134,134,134,139,139,138,139,135,137,140,132,134,135,132,134,131,135,138,137,139,136,135,134,136,141,137,137,132,141,133,139,136,132,130,134,137,138,141,137,137,137,136,133,135,133,134,138,138,137
96,92,204,142,146,148,143,146,151,147,149,149,151,149,151,155,96,88,91,90,94,94,101,111,124,142,116,174,193,199,212,211,231,232,245,229,178,147,145,146,149,144,147,148,155,148,153,149,153,149,150,152,153,152,151,149,156,156,155,154,158,149,151,149,152,149,153,153,150,150,148,151,156,156,157,152,158,153,157,162,160,166,168,166,162,169,162,160,165,162,155,164,164,159,160,164,160,163,159,162,161,161,159,159,161,157,156,159,162,157,159,162,160,165,167,167,162,159,167,166,159,165,166,164,165,163,165,165,169,165,168,163,164,164,161,167,162,165,160,164,163,168,163,168,163,170,162,166,165,179,169,165,167,169,163,170,169,172,162,170,165,166,172,173,160,168,164,170,160,166,173,166,170,162,166,164,167,167,167,167,165,160,162,166,166,170,167,165,168,170,171,179,170,173,176,172,166,170,174,171,170,168,168,164,171,167,171,174,177,178,179,215,232,222,133,136,139,133,135,132,135,133,134,135,134,139,139,138,137,139,135,136,140,133,140,136,137,136,133,132,133,134,142,138,138,135,136,138,145,143,138,140,141,140,136,140,137,136,142,136,138,134,132,136,133,136,137,135,133,139,137,135,136,135,134,143,133,132,134,133,141,136,138,133,132,135,135,127,135,137,132,136,141,140,131
102,99,192,146,147,147,145,147,144,153,146,156,147,146,154,188,113,106,105,105,107,108,108,109,109,105,110,107,107,105,103,109,109,106,100,102,101,144,146,147,149,144,149,149,150,151,153,151,150,155,120,108,108,106,106,105,106,105,103,104,97,101,96,96,93,93,91,90,92,90,150,159,152,156,160,160,158,158,158,151,163,161,159,163,212,242,255,255,255,255,255,254,228,226,206,199,182,178,174,167,158,166,162,161,160,158,163,163,159,163,165,159,164,158,165,167,164,164,157,167,163,158,165,167,164,166,165,163,172,168,166,167,173,164,159,166,163,167,161,162,164,161,171,157,170,165,168,161,170,164,166,166,163,169,169,175,162,161,164,171,173,165,170,160,170,167,160,175,173,163,168,166,166,163,165,165,162,168,158,166,172,171,168,169,170,172,164,171,176,174,173,172,173,174,169,168,173,175,170,173,174,174,178,173,175,176,177,177,177,181,180,209,228,221,131,133,135,136,138,135,136,138,134,141,133,132,135,133,140,137,134,139,137,139,135,137,135,141,138,138,135,138,137,136,136,138,138,142,139,137,132,140,139,134,137,132,138,139,136,135,132,139,141,138,137,137,139,133,133,136,139,139,138,138,136,134,133,131,138,134,139,138,134,137,136,139,135,133,136,135,138,135,133,131,133
105,100,218,150,148,150,146,145,148,147,148,148,147,147,152,199,118,105,105,108,111,110,110,111,108,110,112,108,110,108,110,108,109,113,108,107,120,147,148,148,146,148,153,148,152,150,157,153,154,156,121,108,114,111,110,109,115,108,106,111,110,106,108,110,109,106,107,109,104,106,119,154,154,158,157,160,164,154,157,158,162,164,157,196,131,114,112,123,114,116,115,117,114,114,117,118,111,113,111,112,111,109,108,111,103,212,162,161,160,158,162,163,163,163,163,165,166,164,178,109,103,102,116,124,132,156,188,225,234,237,254,255,241,255,255,255,255,255,241,169,166,160,165,159,163,162,164,163,164,169,165,164,165,171,166,169,168,163,162,164,165,170,171,166,165,169,169,165,164,165,171,165,158,165,165,164,174,171,164,168,168,166,168,168,175,172,171,169,174,170,171,170,166,166,175,171,178,173,173,179,176,168,178,171,176,175,175,174,177,179,174,194,205,222,133,131,133,131,133,134,137,138,139,138,141,133,135,135,136,134,142,140,136,135,139,135,133,133,137,139,140,135,140,135,136,141,135,135,138,137,139,135,139,140,139,137,140,138,140,135,133,136,141,139,138,141,140,137,134,135,138,133,140,134,139,137,133,140,131,136,133,142,137,138,139,133,132,133,133,135,132,136,138,135,135
101,99,212,146,144,150,146,148,150,147,148,148,150,150,158,225,118,114,111,112,117,109,113,112,114,111,109,110,109,114,110,109,106,109,105,102,131,143,153,155,153,153,155,150,157,147,153,153,158,154,113,112,107,109,113,116,113,112,110,110,109,113,112,109,108,109,109,110,107,104,147,156,155,155,158,155,160,160,160,159,165,168,170,168,133,118,120,116,120,119,122,116,118,120,116,118,117,115,119,121,114,116,116,114,115,217,160,162,162,154,161,163,165,162,161,165,164,163,237,127,121,120,117,115,115,117,118,122,118,118,119,118,117,121,116,118,119,117,113,204,173,164,170,166,169,168,169,164,165,169,168,170,210,123,114,115,109,113,111,116,115,118,106,105,104,104,104,106,108,106,117,129,119,226,174,170,163,169,171,166,173,167,166,168,172,163,167,204,255,243,225,199,198,187,187,179,178,176,177,173,174,180,175,176,173,174,168,176,179,179,175,179,190,233,131,133,131,129,137,137,138,137,135,136,138,143,137,141,139,135,137,136,137,140,138,140,141,136,134,138,138,137,133,136,137,137,139,140,148,142,138,139,139,140,133,140,134,131,138,138,133,134,139,136,136,135,139,137,135,135,136,139,131,146,136,135,134,136,135,135,134,134,137,135,133,137,136,136,139,134,135,138,138,137,138
101,100,203,150,145,146,150,147,148,147,148,146,148,148,153,242,118,114,115,110,109,113,115,115,114,111,109,109,113,115,113,115,108,107,107,104,124,146,151,146,153,149,151,151,150,152,152,150,155,154,164,114,111,112,111,115,113,113,117,113,111,112,111,111,108,111,115,112,110,106,154,155,154,156,159,159,158,154,158,158,163,164,168,168,121,116,117,121,123,119,122,121,121,123,124,120,121,121,116,117,114,115,114,117,111,225,160,163,157,162,167,165,168,183,161,160,164,168,221,126,116,119,116,117,122,123,116,121,123,122,117,121,121,119,121,119,120,117,116,198,167,165,167,164,163,160,165,167,164,167,166,169,211,132,120,120,121,124,121,120,123,121,126,125,124,123,123,125,118,121,117,118,118,150,164,167,171,164,167,167,166,168,174,168,169,170,167,127,119,118,117,117,123,115,123,123,122,122,122,126,117,117,119,123,114,111,114,122,115,115,156,180,159,130,133,136,133,138,139,138,135,131,135,141,137,135,134,138,138,140,140,136,136,137,135,140,133,134,136,136,139,131,134,133,138,136,138,139,140,138,134,137,138,137,136,132,134,130,135,135,134,134,140,140,131,135,133,139,138,138,135,135,135,131,135,137,132,132,132,136,136,134,138,134,135,133,133,130,137,136,133,132,134,138,130
103,101,174,145,144,143,146,144,144,151,150,153,150,152,158,255,122,111,111,111,115,111,114,112,111,116,115,112,117,116,112,112,110,106,106,104,97,148,148,151,151,150,154,151,147,151,153,153,154,163,117,112,114,111,116,113,115,115,117,109,115,116,118,117,115,113,113,111,110,107,112,153,153,162,156,158,164,162,160,160,163,164,165,164,124,120,123,124,126,123,121,120,121,121,123,118,120,116,121,117,119,118,119,114,117,210,161,160,160,156,162,160,168,162,165,166,169,175,241,125,119,121,124,125,122,122,122,126,122,124,126,125,122,123,120,119,119,120,112,235,166,164,166,165,168,167,165,163,160,166,169,165,243,130,120,123,122,124,124,124,124,119,127,126,122,123,126,122,122,120,125,126,117,164,167,167,169,167,170,162,163,171,171,165,175,170,175,135,126,124,121,120,124,126,127,124,127,122,122,128,124,128,128,128,126,130,131,131,129,131,130,132,139,133,132,133,133,141,133,136,136,131,134,143,141,138,137,139,139,139,138,140,138,137,135,139,136,135,139,137,139,135,135,138,137,139,140,139,134,145,136,138,139,133,139,135,138,140,136,136,130,138,137,138,137,136,138,138,132,135,133,134,139,136,140,146,136,139,133,134,138,135,137,138,134,138,133,135,136,133,136,136,135,132,135
102,96,189,142,142,141,147,140,153,148,150,151,150,155,154,238,120,108,114,114,116,115,114,114,114,114,116,114,114,113,115,110,114,110,106,105,124,150,148,155,148,153,151,153,153,147,148,152,149,155,122,117,111,113,119,117,135,119,115,112,113,115,112,112,112,115,113,114,109,104,151,158,162,156,154,166,160,157,163,163,166,165,163,157,135,119,118,120,120,123,123,122,124,125,118,124,124,117,120,114,119,119,119,117,112,207,162,165,163,164,163,165,163,161,163,166,167,165,244,128,121,120,127,121,123,120,123,126,125,120,129,123,122,123,120,120,121,115,112,233,171,169,162,170,168,167,169,169,168,168,167,168,231,132,122,117,122,126,126,124,131,124,124,126,123,124,128,123,124,124,124,117,120,151,166,170,167,163,172,172,164,164,168,169,168,169,172,118,122,124,125,124,128,129,130,125,132,128,131,129,131,128,131,133,129,137,132,131,135,131,132,134,134,133,133,135,137,139,139,139,135,136,137,133,140,134,138,135,139,141,137,137,127,138,140,136,138,137,137,138,136,136,138,138,137,141,134,132,135,136,137,134,135,136,136,138,135,137,138,135,137,136,132,138,134,137,141,137,136,137,134,136,131,138,138,138,130,137,138,136,134,136,137,134,139,135,137,135,135,130,133,136,137,140,141
102,101,160,144,143,147,149,145,151,148,149,151,148,154,159,255,121,111,112,115,114,113,113,118,112,115,116,114,114,116,111,110,118,108,110,106,177,151,152,154,154,150,149,147,153,148,155,160,154,168,127,115,115,115,115,117,120,121,118,117,114,116,117,113,114,115,117,115,109,109,166,153,156,159,154,156,161,163,162,163,163,160,162,168,118,118,118,120,125,122,121,123,124,123,125,121,124,123,122,121,115,116,119,111,111,188,164,159,161,163,163,160,163,165,169,164,165,163,255,134,121,125,126,125,123,126,125,126,124,124,125,124,124,124,125,119,120,116,113,223,168,173,170,167,170,165,168,169,168,169,169,201,255,132,124,123,126,125,123,124,126,125,126,131,127,125,130,127,123,122,126,121,119,163,164,168,168,167,166,165,166,169,163,172,176,166,174,120,124,124,124,126,126,127,134,130,130,129,134,127,127,130,134,132,135,135,133,132,137,133,128,135,139,135,136,137,137,140,136,139,138,138,136,140,143,141,139,138,141,143,138,141,141,140,137,137,134,134,133,140,137,140,140,136,138,137,184,138,144,133,138,133,135,135,137,134,132,139,134,138,140,135,135,134,137,137,136,135,134,139,136,138,135,135,139,137,137,134,140,135,138,135,138,139,133,137,134,141,134,135,134,135,133,134,135
106,102,146,145,147,144,145,146,144,146,141,150,153,155,155,255,122,111,109,115,115,112,114,116,114,121,115,115,112,114,112,113,110,106,108,105,186,156,153,152,153,154,152,154,149,151,151,153,154,168,119,111,116,115,113,117,118,119,116,116,116,114,118,113,116,119,110,115,110,107,167,155,161,158,165,156,159,157,163,167,166,168,165,169,121,118,119,123,120,123,124,121,121,122,121,126,124,126,122,121,120,117,115,118,104,162,162,163,164,164,166,165,161,166,164,167,163,166,255,130,121,122,123,122,125,127,125,123,128,124,123,127,125,122,122,122,123,118,115,227,174,168,162,166,170,169,169,176,169,167,170,180,253,127,124,124,126,126,129,123,131,124,128,126,128,128,125,123,126,129,125,121,118,153,167,174,168,165,169,172,168,171,166,169,175,170,174,119,123,127,125,129,130,128,126,133,134,131,135,134,135,132,133,134,140,136,134,132,134,137,136,137,139,133,136,139,136,142,137,139,134,140,140,142,138,135,139,133,134,136,134,135,139,137,138,139,135,135,138,138,140,139,135,139,137,142,142,138,135,140,138,137,135,135,138,136,136,133,136,132,135,136,135,133,139,137,136,133,141,136,135,137,136,136,139,135,137,135,133,137,138,138,137,143,136,136,134,137,136,134,134,137,133,133,136
107,99,153,144,149,139,147,150,146,147,149,146,152,158,159,247,118,115,110,116,117,116,115,118,115,113,120,117,116,115,114,115,111,109,106,103,199,156,152,155,150,149,149,150,156,153,155,156,159,180,119,115,111,112,115,113,115,117,118,120,118,118,116,121,114,113,116,108,110,111,179,160,162,156,154,157,160,160,165,164,177,165,164,169,124,117,116,122,121,123,122,120,125,126,121,118,126,121,126,123,117,119,118,113,109,153,165,160,158,157,165,164,166,163,161,167,164,174,255,132,121,121,125,124,123,122,123,124,121,129,125,122,124,123,124,119,119,117,113,185,170,173,169,166,172,168,170,164,169,171,166,167,238,131,122,125,127,130,129,129,129,126,129,129,126,130,127,123,127,123,122,122,123,190,170,168,171,173,170,168,169,170,172,170,176,178,189,121,126,126,127,129,129,133,132,130,131,133,134,131,135,135,138,139,133,134,137,137,137,138,143,141,139,139,142,139,138,141,136,135,139,138,138,139,137,139,137,135,138,137,139,135,137,135,139,138,138,140,141,140,138,139,136,139,140,139,135,139,136,135,140,137,139,139,134,136,134,143,142,138,138,133,137,141,140,141,138,135,138,143,146,141,139,139,139,139,136,135,136,137,135,133,136,137,135,135,134,135,133,136,136,136,133,134,136
107,96,142,138,144,141,153,145,148,156,149,146,149,157,154,243,121,111,110,113,113,114,117,113,113,116,117,114,114,115,112,109,114,114,107,106,180,152,155,151,153,153,153,146,151,158,151,152,155,161,119,114,116,119,117,120,113,114,118,120,119,117,120,118,117,114,114,112,109,113,160,154,157,165,155,162,159,161,165,164,168,171,161,169,126,122,120,122,122,123,119,126,123,123,125,129,122,124,123,124,121,119,119,115,110,159,165,160,164,163,160,156,161,160,169,163,162,180,255,132,121,124,126,122,125,125,124,126,129,128,126,127,124,123,125,122,118,119,117,184,174,168,170,171,168,167,167,170,165,167,165,181,255,135,123,121,125,130,129,134,127,127,126,132,131,131,127,125,130,123,124,121,118,202,167,165,168,172,166,168,168,171,172,172,172,170,177,125,122,127,128,126,128,130,134,135,135,135,136,136,131,132,136,136,142,138,133,134,137,138,138,136,139,136,136,138,138,136,135,132,138,140,142,139,137,135,137,139,137,142,139,140,141,139,136,141,141,138,136,137,140,137,136,143,136,133,135,139,139,135,136,141,136,135,142,139,133,142,142,135,131,137,136,137,138,142,136,139,137,134,136,140,137,141,138,139,138,136,140,133,141,138,139,134,138,133,136,139,135,136,131,137,132,134,136
107,100,140,143,146,147,145,148,148,151,151,146,147,152,151,252,122,115,114,111,114,119,118,115,118,112,118,115,116,115,114,111,113,111,108,105,191,157,156,150,148,156,153,153,153,151,156,155,157,165,120,111,115,114,113,115,115,121,121,118,121,117,118,118,117,114,111,112,110,105,181,152,153,155,156,153,160,158,157,162,160,169,183,181,128,120,120,119,122,122,125,123,122,122,123,123,121,123,119,121,121,119,117,113,113,161,162,160,160,161,159,164,163,168,160,161,169,176,255,136,126,122,128,127,125,125,123,130,128,126,128,123,125,123,120,124,127,120,116,186,170,168,173,171,172,171,168,165,165,164,170,170,255,132,123,125,131,133,132,130,129,124,134,131,129,132,125,127,123,124,125,121,123,213,166,169,166,168,164,169,173,169,169,170,170,173,184,126,123,127,126,128,136,138,137,132,133,131,138,134,133,142,132,140,135,136,139,139,140,140,134,135,141,134,141,138,144,138,142,135,140,141,140,142,137,141,134,142,141,138,138,137,139,136,137,138,137,140,134,136,138,137,140,140,137,135,137,137,140,141,136,135,140,136,135,139,136,138,145,138,135,136,133,139,136,138,137,140,131,141,135,142,138,135,137,134,143,135,133,134,140,137,136,137,139,139,138,136,139,137,135,137,136,131,132
103,96,142,140,145,146,151,144,147,151,152,145,156,148,154,255,121,114,113,116,116,110,117,118,109,113,116,110,113,112,110,112,112,109,108,102,221,152,151,152,152,148,151,150,154,154,157,156,155,160,121,115,114,115,116,117,112,120,116,120,117,119,116,118,118,116,114,113,105,109,169,154,152,155,159,161,154,155,161,156,157,171,163,173,128,115,123,119,122,121,122,121,125,129,126,123,120,122,120,123,122,120,115,115,107,163,166,162,159,163,162,163,161,163,166,167,168,183,255,131,125,120,125,127,124,120,127,126,127,122,126,125,124,126,119,120,121,115,113,194,173,171,174,175,179,169,171,170,171,166,172,222,255,130,122,125,126,125,131,129,127,130,126,129,130,127,129,126,127,125,124,124,121,202,170,166,171,164,175,172,170,169,166,174,174,171,194,126,131,130,129,126,132,138,133,133,133,138,141,136,135,135,135,136,154,143,145,151,135,133,140,139,135,140,141,139,137,137,140,142,139,139,138,137,134,136,139,135,132,135,139,140,138,134,138,136,142,143,144,141,138,137,136,150,139,138,139,140,138,138,138,143,140,137,138,136,134,141,133,137,142,138,140,137,138,137,134,137,140,142,139,140,137,141,138,138,134,136,138,135,140,138,138,136,138,138,139,138,138,131,137,138,141,132,136
107,97,138,141,145,143,150,148,152,148,151,147,151,156,155,255,122,112,112,111,115,114,113,118,115,114,114,114,115,114,115,114,113,109,107,105,212,149,154,152,151,153,150,152,152,149,151,157,159,176,122,112,117,115,117,116,111,119,120,116,115,116,117,120,114,114,111,115,111,111,201,157,160,155,157,150,158,152,158,163,165,162,168,175,126,121,118,127,123,127,123,124,122,121,124,125,118,120,121,120,126,118,118,114,111,156,159,163,163,168,160,165,165,164,166,164,169,172,255,130,120,120,122,121,126,126,129,126,126,127,126,126,123,123,125,123,122,118,113,186,173,169,175,164,174,173,173,176,169,168,174,169,255,133,123,126,127,126,127,129,131,127,130,130,128,128,127,131,128,128,130,121,119,218,173,161,166,167,169,163,170,173,167,172,169,173,195,128,129,125,132,131,133,134,133,134,132,132,144,140,133,137,138,139,143,142,155,140,140,137,140,139,139,140,141,140,135,135,137,139,141,136,139,138,141,140,143,140,140,139,141,143,142,141,137,138,142,146,139,136,139,137,144,138,135,137,139,143,136,139,136,136,138,134,133,131,140,135,138,138,137,140,139,136,140,137,137,137,139,140,138,137,140,135,133,139,132,133,134,135,135,137,135,133,131,131,137,134,133,131,136,136,131,138,136
102,94,151,142,152,145,144,153,147,146,152,146,149,156,157,243,119,114,113,114,113,115,113,117,118,114,118,115,116,114,110,111,110,107,110,98,209,153,150,152,148,151,150,154,148,153,151,154,155,171,123,113,114,118,121,120,118,117,114,118,113,117,116,117,116,116,113,111,108,109,206,162,158,156,156,155,159,157,160,164,159,164,167,174,126,117,124,118,120,123,125,126,124,121,121,124,123,122,124,123,119,120,120,117,106,164,161,162,160,163,162,162,161,169,167,166,167,167,255,130,126,123,126,124,123,125,122,127,127,123,122,126,123,122,125,118,123,119,114,170,174,175,168,169,171,170,175,165,167,169,170,179,248,132,125,126,127,130,129,128,129,128,129,131,129,122,129,122,125,127,123,119,119,221,174,169,171,167,176,168,169,168,174,175,171,174,204,130,128,126,123,130,133,135,133,134,134,137,139,133,135,135,136,134,142,138,136,140,140,137,143,136,139,136,142,137,142,139,142,141,138,139,138,138,140,141,135,138,141,139,138,133,137,140,146,142,139,142,133,135,136,136,136,136,139,141,141,137,139,140,140,138,141,137,135,137,142,135,140,139,138,135,135,130,137,138,138,138,141,171,139,137,135,133,140,138,136,135,136,137,135,137,135,134,139,134,135,137,135,132,134,136,137,135,134
104,95,139,147,149,146,143,147,146,149,193,156,146,155,152,255,122,114,113,114,112,116,111,118,112,112,112,114,112,109,112,111,113,109,103,102,219,151,143,150,148,148,146,143,152,149,157,156,151,219,121,113,114,115,115,110,114,117,118,118,117,117,118,112,117,117,110,115,110,106,222,158,157,156,156,149,158,157,158,164,162,166,169,193,129,118,123,121,119,121,123,122,120,124,122,122,120,121,123,119,119,120,121,114,105,156,162,167,161,166,166,165,163,164,162,169,165,165,240,131,119,127,122,125,131,121,124,123,126,126,125,124,123,127,121,125,116,116,109,166,174,166,172,170,172,168,163,166,171,173,172,174,248,134,122,126,125,125,125,128,129,130,125,128,129,126,125,130,127,126,125,119,123,227,167,169,169,165,165,171,171,174,174,173,171,169,199,127,128,126,130,125,132,130,132,133,135,129,134,135,137,137,136,140,141,138,139,145,139,138,137,141,138,142,143,137,141,140,139,139,139,137,139,138,134,137,145,139,138,138,140,137,140,139,140,139,138,140,140,137,141,133,138,144,138,141,139,137,140,133,136,136,137,141,139,139,136,133,138,140,138,140,140,140,138,141,136,135,140,167,135,135,138,141,138,135,136,137,141,137,139,137,139,139,136,139,141,133,136,135,140,138,139,134,133
98,94,137,135,134,133,130,136,136,141,140,137,142,145,146,197,117,109,114,110,116,120,114,111,112,109,110,109,110,108,107,115,106,106,104,99,196,139,137,138,138,137,134,135,137,134,140,143,143,191,119,117,113,111,116,113,114,115,111,116,112,113,112,107,110,110,112,106,98,100,197,150,154,150,149,150,149,156,161,164,169,166,164,210,131,120,120,121,121,121,122,118,122,121,122,119,123,116,126,122,120,120,116,116,106,158,161,159,160,166,161,162,167,163,165,172,169,165,212,124,123,126,122,121,117,125,123,124,126,122,124,121,119,123,121,118,119,118,111,167,170,169,166,171,173,170,174,168,166,167,178,174,245,132,125,126,128,127,129,124,129,132,128,132,126,126,126,127,129,131,125,124,118,229,164,175,166,168,172,171,170,178,169,172,175,174,198,128,124,130,131,128,133,131,131,131,135,137,139,138,139,139,138,136,139,141,140,136,137,141,147,144,140,137,140,141,142,141,138,142,140,141,137,138,141,138,140,135,140,140,141,140,143,138,139,137,133,137,137,148,142,135,138,141,137,139,136,142,135,136,139,139,137,134,139,138,137,152,142,142,137,136,139,140,138,136,142,138,139,142,142,136,132,133,138,139,142,136,137,131,137,138,143,135,142,140,136,134,131,134,139,139,143,136,141
102,98,145,146,146,153,146,150,147,153,152,151,152,157,156,200,119,112,112,116,116,116,114,113,114,113,115,116,115,111,112,112,115,110,104,107,207,154,153,147,149,152,151,146,151,155,154,156,153,211,130,116,115,115,115,117,115,119,118,116,117,120,116,115,114,115,115,111,105,106,197,164,165,160,159,162,166,162,158,163,164,159,173,255,131,121,120,125,118,121,125,122,123,120,120,123,124,120,122,113,119,117,112,113,106,166,161,164,164,163,161,171,173,159,164,166,170,174,198,129,123,126,125,129,121,124,122,124,122,120,124,123,126,123,119,123,118,116,111,167,166,169,164,163,170,169,166,168,190,172,171,168,255,128,128,126,126,125,126,127,128,129,129,128,127,125,129,124,124,121,122,120,120,247,172,179,176,169,173,174,173,169,167,172,172,173,203,126,127,131,135,130,132,130,133,134,131,134,140,141,139,138,136,142,139,142,143,138,140,140,139,140,137,136,134,140,139,147,143,134,139,137,137,139,137,136,141,138,137,137,140,139,140,138,142,138,134,143,136,139,132,136,139,140,139,138,136,137,136,138,141,136,133,135,140,140,139,135,140,136,136,139,138,135,136,140,139,140,139,139,139,136,139,138,139,140,137,139,141,136,138,134,139,137,143,139,133,134,133,133,137,139,137,138,139
109,101,148,151,158,152,155,156,171,161,154,158,161,160,162,172,118,111,111,114,115,118,119,118,118,118,116,117,115,111,112,109,113,108,108,107,170,155,156,151,172,155,153,157,164,159,160,161,164,221,118,118,115,114,118,117,117,115,114,117,118,120,116,115,116,117,115,115,109,111,174,157,159,161,159,165,158,161,159,162,165,161,170,238,125,122,120,118,123,116,120,121,118,119,123,121,115,119,118,116,117,116,117,116,111,162,174,161,161,165,167,165,161,165,160,162,169,166,211,124,122,120,126,123,119,124,124,126,119,126,125,121,123,121,119,119,117,116,112,163,166,164,171,164,168,160,169,163,167,165,168,170,218,128,125,125,125,127,126,130,125,124,127,123,123,127,124,122,122,120,124,123,120,249,165,178,172,170,175,164,176,172,172,170,173,175,222,132,128,128,132,134,140,130,133,131,135,138,137,135,136,138,135,140,137,134,136,135,140,138,142,139,140,136,142,140,142,139,142,144,139,139,141,142,140,139,139,139,137,143,136,138,139,138,144,139,137,139,139,139,140,142,141,140,139,137,137,137,138,136,137,138,139,138,138,132,138,136,138,141,138,133,141,134,133,143,136,135,138,143,138,138,135,137,140,139,142,136,140,140,132,135,136,141,134,136,133,136,136,139,136,133,136,134,136
125,191,153,154,154,150,150,155,159,156,158,150,161,157,163,255,132,117,116,137,118,175,218,123,115,117,114,112,113,117,119,114,113,116,110,109,161,154,157,158,159,162,163,157,157,162,160,162,169,222,128,121,114,117,114,116,112,115,110,119,114,119,111,112,119,115,115,114,113,111,182,163,165,166,164,169,164,166,166,162,168,163,168,214,170,119,118,120,118,116,121,122,119,117,117,118,116,115,120,116,118,119,112,112,115,160,163,164,162,164,166,166,163,164,165,168,167,166,204,127,122,125,115,121,117,120,119,119,119,121,118,118,123,119,121,120,118,118,109,162,169,171,169,173,173,172,173,165,167,167,175,170,233,129,129,126,126,129,125,124,128,124,124,124,122,125,126,124,127,122,126,124,115,244,166,169,172,171,173,171,173,175,174,174,176,172,231,134,124,130,130,134,137,132,130,132,135,138,135,134,139,134,141,141,137,138,136,142,140,138,142,135,140,143,139,140,140,139,141,141,140,142,139,137,138,137,137,141,137,139,142,138,137,137,140,143,140,139,142,138,141,137,145,137,137,133,141,138,141,138,136,139,139,137,136,138,141,137,135,139,139,139,136,137,137,140,136,133,138,138,139,137,136,134,136,141,144,137,137,135,140,136,138,136,139,134,138,139,142,137,138,135,136,137,138
154,148,155,151,157,155,151,156,155,158,162,159,159,168,162,168,167,163,162,163,166,161,173,206,183,255,255,255,217,233,255,232,238,255,255,177,159,150,154,151,155,159,153,159,157,159,161,162,163,226,255,191,153,111,152,118,165,115,116,120,117,116,115,114,109,120,118,114,162,255,171,158,159,159,164,163,164,159,161,169,158,161,162,228,134,118,116,117,119,115,120,117,119,120,118,112,114,115,114,114,116,112,118,111,106,157,156,169,164,161,164,164,166,165,165,169,165,166,210,123,116,118,117,122,118,115,118,118,117,118,120,117,122,118,119,117,112,117,107,160,169,170,173,173,169,163,170,165,170,173,171,166,199,123,122,127,123,123,122,122,122,117,122,123,123,123,121,123,122,122,121,118,116,214,177,172,170,183,205,179,166,178,176,177,178,175,218,129,126,128,133,131,131,136,133,131,134,139,139,135,138,138,142,131,141,140,138,137,141,142,138,137,140,141,138,149,141,137,145,140,140,141,140,141,133,138,142,142,140,137,136,139,140,133,140,134,140,139,135,136,136,141,141,142,140,136,140,139,136,137,137,141,137,142,142,136,141,138,133,137,139,136,138,144,137,141,141,137,141,143,137,135,136,132,140,141,137,138,138,136,138,139,136,135,142,141,137,136,136,133,136,135,136,138,138
154,151,151,154,153,151,154,156,160,155,159,152,165,161,160,161,166,162,162,163,154,162,158,165,158,163,155,161,159,156,158,153,164,158,161,160,153,154,153,159,155,160,159,160,157,161,157,164,161,163,207,164,163,167,164,160,168,164,159,194,164,163,162,154,160,159,156,158,161,157,159,160,158,154,159,161,167,166,156,163,162,163,165,160,255,255,255,255,255,172,225,241,223,158,176,248,216,212,147,179,219,140,151,106,218,163,162,163,157,163,165,168,162,166,173,165,166,167,255,132,124,118,133,162,120,120,121,122,118,121,118,119,116,114,118,119,113,116,119,159,174,169,167,159,170,169,170,168,174,172,168,170,236,132,125,121,124,122,187,134,123,123,118,121,116,119,121,119,121,119,118,121,117,190,167,170,175,166,172,168,174,175,175,173,174,181,213,131,127,127,131,129,133,137,133,140,136,135,138,138,138,134,139,134,136,141,134,134,144,137,138,140,141,137,136,144,140,140,136,137,139,137,140,143,134,140,143,141,140,141,136,142,142,137,135,134,138,139,140,140,139,143,140,139,141,138,142,135,136,133,137,135,137,135,132,134,141,133,140,137,136,138,134,140,138,138,141,136,137,144,137,137,136,133,134,140,138,139,140,138,139,140,132,138,139,135,136,137,137,140,133,138,131,135,133
159,156,156,155,158,152,159,164,162,153,161,160,160,166,159,163,162,159,171,162,161,162,158,158,158,159,153,159,155,159,158,158,161,158,154,159,155,156,158,163,159,157,160,164,159,158,157,159,161,155,160,159,164,161,157,163,165,160,159,167,164,162,159,155,161,164,163,164,159,155,155,159,161,161,163,160,158,161,162,167,158,167,164,166,161,159,164,164,162,167,162,160,168,161,162,162,160,158,159,159,163,154,155,157,161,164,159,158,164,164,164,171,161,168,165,169,166,164,161,170,171,166,169,167,166,167,166,171,163,164,244,246,205,255,255,219,255,229,171,158,161,164,169,167,167,164,170,170,166,173,172,167,255,237,255,130,114,150,201,211,126,121,166,155,121,118,124,122,123,229,126,124,112,166,164,164,177,172,171,179,174,176,178,177,177,177,210,129,131,131,130,129,131,130,131,133,134,138,139,137,138,141,139,134,134,144,138,140,138,138,143,139,141,138,140,138,143,141,140,145,137,136,139,137,142,136,139,137,134,145,141,137,141,140,140,140,140,143,141,133,140,138,137,137,136,136,140,140,136,135,135,141,138,139,137,134,132,136,135,143,138,139,142,138,143,138,135,137,140,137,140,137,138,141,135,138,142,139,139,140,133,138,130,135,139,138,138,137,137,135,140,137,133,133,137
151,153,157,158,159,156,152,162,160,160,160,164,160,159,161,160,163,164,165,160,155,165,160,157,155,157,158,164,162,157,162,152,159,159,155,161,160,158,161,160,159,155,157,157,163,160,163,161,158,154,160,162,161,157,163,159,158,162,160,161,162,163,156,162,153,160,162,156,162,158,162,160,161,160,161,159,163,165,162,163,161,168,167,164,160,167,164,167,170,160,161,160,155,159,156,168,168,156,161,161,164,161,161,161,160,165,158,165,158,161,168,165,171,169,164,169,170,165,163,163,172,159,161,160,166,167,163,161,165,163,159,164,162,156,166,157,166,160,166,168,165,170,167,164,167,170,161,164,170,165,171,168,173,163,172,169,173,169,173,169,168,163,166,161,165,178,200,179,172,175,171,162,171,173,171,169,167,170,171,171,181,172,177,173,173,177,231,129,126,127,129,129,131,133,136,134,133,134,135,138,138,136,142,141,138,142,137,140,140,140,141,139,138,140,140,134,136,137,142,138,137,136,144,141,141,140,136,140,137,140,142,134,139,139,144,144,137,137,139,141,141,138,134,139,144,140,143,138,141,142,138,138,136,137,137,135,133,139,136,140,136,140,139,141,140,135,133,138,140,137,144,135,138,137,139,137,140,140,139,142,140,138,142,139,139,133,141,136,136,136,136,139,135,134,136
158,157,154,156,162,161,157,160,156,164,154,155,157,156,163,163,157,159,156,160,163,162,163,156,157,153,161,164,153,155,160,160,157,157,156,159,158,160,155,159,162,158,158,164,157,164,163,157,161,156,166,159,157,161,162,161,160,162,159,158,155,161,163,160,161,163,163,156,162,157,164,157,162,160,156,159,175,165,163,163,167,163,161,163,160,164,160,161,160,158,160,161,161,162,159,158,162,166,157,161,161,161,164,165,161,161,166,163,168,162,164,164,170,163,163,170,169,166,164,164,167,165,167,168,167,163,164,166,166,158,160,159,163,160,169,170,163,167,163,165,163,160,165,167,165,161,171,166,168,169,165,180,171,170,167,173,174,168,163,165,169,163,166,169,163,165,165,166,165,172,166,167,168,170,166,166,175,174,172,177,183,174,178,178,177,175,239,131,124,127,132,132,131,134,133,132,137,133,136,136,137,138,141,140,136,136,137,140,137,138,140,140,144,140,140,138,136,136,139,137,147,141,136,135,138,139,139,137,139,138,140,142,141,141,142,141,142,140,135,138,140,136,139,134,140,139,145,138,143,138,133,142,138,135,135,137,136,138,138,139,137,139,142,141,136,137,142,140,136,138,139,138,141,135,136,143,137,138,135,141,137,140,135,135,135,140,137,140,136,140,136,133,134,137,140
157,159,153,156,152,154,156,158,158,157,156,161,164,157,160,154,161,160,160,164,154,160,159,161,161,158,161,161,159,158,161,159,158,163,157,156,156,166,160,157,157,160,158,162,156,165,162,159,163,160,158,166,162,157,161,159,160,160,162,155,159,159,162,164,164,167,158,160,164,163,157,161,161,158,160,167,161,176,165,168,166,167,164,165,163,158,165,164,161,162,165,161,162,160,161,162,164,161,164,160,162,163,162,153,164,161,164,163,166,166,167,160,165,168,169,171,161,166,165,165,171,166,165,164,171,161,167,167,162,163,168,164,164,163,165,164,166,166,164,165,161,164,164,165,165,165,168,172,173,167,167,174,164,168,170,168,174,168,171,172,172,163,164,165,164,163,166,160,168,165,163,161,166,169,169,173,249,248,186,174,173,181,173,179,175,171,234,135,125,128,130,130,131,136,138,130,136,135,139,137,138,138,136,138,140,139,139,136,140,136,142,141,140,140,141,139,136,144,141,142,143,143,141,134,137,140,142,138,140,147,142,142,140,139,138,140,141,143,144,144,143,144,140,137,146,136,139,140,139,134,141,139,137,141,135,137,139,138,136,144,141,141,131,143,141,137,141,139,136,138,137,137,136,138,135,138,136,138,133,140,142,139,139,132,140,131,139,134,135,142,135,138,138,136,138
157,154,159,161,156,153,160,155,155,155,152,153,166,157,162,157,161,157,157,159,162,162,160,159,158,159,158,159,155,158,158,157,159,160,158,160,158,159,163,155,157,168,163,159,160,160,157,165,158,156,162,167,160,158,165,163,153,163,164,159,159,163,161,160,161,159,157,160,160,163,161,160,159,176,161,155,164,169,167,163,162,167,161,165,165,164,163,164,162,162,165,160,163,162,166,164,161,160,167,164,159,160,164,157,166,162,167,160,165,163,164,164,170,165,167,169,164,158,164,177,159,166,165,164,162,162,168,166,163,165,166,161,160,163,162,160,159,164,166,160,164,169,165,165,171,166,164,167,162,164,172,169,171,172,167,170,174,164,168,161,172,171,171,169,164,163,173,166,163,169,163,169,165,168,172,216,183,249,191,176,181,175,175,178,179,179,229,131,135,129,127,131,134,135,138,135,138,138,135,131,137,135,139,135,139,136,142,140,140,139,135,137,138,137,139,138,139,143,141,144,135,136,142,139,144,137,141,140,137,137,136,139,141,139,132,138,133,138,140,138,136,142,137,134,134,139,141,138,144,139,142,140,137,143,135,139,139,140,138,144,139,136,138,144,137,138,140,135,142,143,136,138,138,132,139,138,140,134,138,141,137,132,137,138,137,140,140,136,142,139,135,139,135,142,139
153,159,157,152,158,157,160,154,154,158,165,162,152,154,153,157,158,161,158,157,158,161,159,156,156,157,156,156,157,156,158,163,159,159,163,163,159,153,162,154,156,161,165,161,162,167,162,160,156,155,165,165,166,160,159,162,159,163,159,164,159,155,165,158,159,156,164,158,164,162,159,160,161,160,169,161,165,161,165,164,170,162,163,160,165,162,158,163,163,165,161,161,162,159,164,163,158,165,162,160,165,165,158,159,161,170,165,158,162,160,157,164,164,165,166,165,167,166,163,171,170,164,164,160,167,162,161,156,161,161,172,160,164,167,160,167,167,168,160,161,163,167,162,166,168,174,175,165,171,169,162,164,170,171,167,169,166,167,168,166,167,166,170,162,165,166,166,166,167,166,166,203,170,164,171,213,183,255,185,176,177,179,175,172,176,178,216,134,192,134,128,130,131,133,137,138,136,136,134,133,139,140,138,136,137,141,143,139,133,140,141,139,140,138,140,138,137,137,139,140,139,139,136,144,140,140,139,138,142,140,143,142,141,144,140,134,138,142,141,139,141,138,136,139,142,147,141,142,138,141,139,136,139,132,138,135,134,134,139,136,134,138,133,138,141,139,137,136,133,135,143,140,140,142,133,136,137,137,136,138,141,135,135,139,136,143,138,139,137,138,133,138,136,141,135
156,160,157,157,160,163,158,158,164,161,163,155,158,163,159,158,156,160,164,162,168,164,155,159,158,160,158,159,160,154,155,157,159,159,160,157,162,155,160,156,159,161,163,163,164,160,156,162,164,162,164,159,162,156,160,159,162,164,161,158,162,157,159,166,163,162,155,159,159,164,167,155,164,159,160,162,160,161,161,162,163,159,159,162,160,167,166,161,165,164,162,159,161,166,159,165,162,164,158,164,160,161,159,164,159,161,166,159,159,160,164,160,159,159,164,158,164,161,164,167,161,165,170,167,166,161,162,166,165,168,165,162,164,164,165,167,170,166,160,167,170,170,166,175,168,167,166,168,171,167,166,170,172,164,174,171,163,166,170,168,168,171,162,168,163,165,163,168,166,167,171,164,173,171,176,217,180,255,192,172,177,174,171,174,179,177,232,139,153,131,130,131,133,138,137,136,135,135,136,135,136,139,137,138,138,139,137,140,138,136,136,142,138,140,141,140,139,139,141,140,141,140,144,140,140,139,141,140,141,141,135,140,140,138,140,140,137,140,138,139,138,139,141,141,142,137,143,142,137,140,138,142,138,142,138,136,136,137,131,136,146,137,140,141,138,138,141,136,138,138,142,138,140,141,140,135,140,142,138,132,135,135,142,137,138,134,139,143,136,135,137,135,135,138,135
159,153,156,154,161,158,161,154,159,157,157,158,150,159,162,158,160,158,162,159,161,161,154,158,157,159,156,161,156,157,161,161,159,153,162,161,156,160,155,156,157,160,159,154,166,156,159,163,163,162,155,161,156,157,158,160,160,160,161,161,156,158,162,162,176,162,164,160,158,159,163,166,165,162,163,157,164,161,168,166,162,163,158,159,167,163,163,161,168,163,161,165,160,161,164,161,164,162,162,163,159,160,161,166,163,162,169,166,164,162,164,163,164,167,167,169,164,169,163,166,172,168,161,163,167,167,164,161,161,160,169,167,164,169,166,168,168,168,167,160,160,172,166,167,165,165,162,182,163,169,165,167,173,169,170,165,171,171,167,170,166,166,176,169,168,164,168,166,164,164,170,168,169,172,169,224,185,255,192,176,169,170,178,177,175,172,227,129,130,130,130,131,135,131,130,139,135,136,141,135,139,139,137,137,139,142,139,136,140,139,138,144,141,140,137,137,138,140,138,138,142,143,143,136,138,144,141,143,138,142,141,140,142,141,138,139,137,139,139,140,141,142,131,145,142,140,141,142,138,142,143,140,139,136,140,138,139,138,134,138,143,140,141,140,142,142,137,138,139,139,138,138,137,136,142,139,140,138,142,142,137,137,139,137,138,138,136,139,132,137,137,136,138,133,137
154,160,151,162,158,155,159,159,160,162,154,156,159,162,157,156,152,158,160,157,157,155,157,161,158,158,156,155,162,158,158,160,158,156,156,162,159,158,160,163,156,161,159,163,156,163,162,162,166,159,159,157,159,169,160,162,161,164,162,158,160,159,157,157,157,160,161,158,161,157,160,156,158,171,163,164,159,164,166,166,165,164,159,158,161,162,163,159,162,160,163,161,163,162,165,163,165,163,161,165,159,158,166,165,162,162,168,165,168,166,167,160,165,164,167,163,169,163,168,164,162,167,164,163,161,164,162,163,166,162,171,164,169,164,162,170,165,167,167,169,166,166,163,164,169,171,171,173,167,170,170,164,173,171,169,169,172,164,166,174,165,164,172,164,168,170,168,173,163,171,169,163,171,166,172,229,178,255,191,175,172,172,170,169,181,172,223,130,128,129,131,130,135,136,133,138,138,136,142,139,140,138,140,136,136,141,138,140,138,139,136,134,142,137,139,142,137,138,138,139,138,135,143,140,141,142,139,141,140,138,138,141,142,140,144,140,139,136,142,143,141,140,140,143,139,138,138,138,140,144,138,140,140,140,140,139,134,137,139,132,140,134,143,137,139,138,130,142,134,137,134,142,136,139,136,139,138,140,138,140,137,138,136,138,137,139,133,142,137,137,139,140,134,138,137
152,150,154,152,156,157,153,154,159,162,154,162,159,157,163,160,162,161,164,158,163,158,159,162,163,160,159,158,156,159,160,162,157,161,157,156,151,154,158,162,156,156,164,161,159,165,159,161,158,161,164,158,163,163,162,161,160,158,164,159,162,165,155,162,158,161,157,161,158,164,162,162,163,165,165,161,161,161,162,161,167,164,167,157,179,164,165,163,161,166,164,163,157,156,163,162,161,161,160,160,158,167,163,161,168,158,163,163,159,168,162,163,172,164,165,168,161,168,166,168,171,167,160,166,172,163,170,170,166,170,167,166,168,157,167,171,167,165,165,168,168,169,167,173,163,166,171,175,168,165,161,170,171,169,166,169,168,172,165,164,165,167,163,168,160,164,167,171,166,171,168,181,174,168,173,229,184,255,188,174,177,177,175,177,179,179,196,128,130,131,133,135,132,136,137,137,135,136,141,143,138,138,141,138,137,139,137,140,139,139,137,138,140,138,136,138,139,143,137,136,139,141,140,139,139,137,138,139,140,136,143,142,142,136,141,143,140,139,142,144,136,142,142,140,137,135,136,137,143,138,139,143,139,138,139,139,138,137,139,135,134,139,140,140,136,138,138,135,139,138,136,140,139,137,137,141,137,137,132,138,138,132,134,134,140,141,140,142,137,139,137,135,140,136,138
158,157,151,155,153,156,154,156,160,154,154,156,159,160,153,158,155,154,157,158,158,160,161,176,159,157,159,158,160,159,155,156,157,159,155,159,154,161,162,159,157,155,155,158,161,166,161,163,158,154,156,162,159,159,159,160,159,163,163,164,162,157,157,162,166,158,161,180,162,164,156,167,159,166,165,163,183,163,162,166,167,162,161,165,167,187,164,162,161,160,162,163,162,158,163,159,167,162,161,166,165,166,162,158,165,162,162,164,161,170,162,172,159,162,169,164,169,162,165,163,170,167,168,167,163,168,162,165,165,165,163,162,169,161,165,166,167,167,165,168,163,163,168,164,166,172,168,169,169,167,168,167,172,166,163,167,163,169,171,168,174,171,165,163,170,172,172,168,174,165,167,167,176,174,174,248,181,255,193,173,176,175,171,170,171,178,195,128,128,130,135,135,131,134,138,137,135,139,141,134,136,142,138,140,138,135,139,140,139,138,143,141,138,138,141,135,141,145,140,137,140,140,140,135,140,137,140,141,139,140,141,140,143,141,144,140,143,135,139,142,139,142,143,144,141,142,140,140,141,140,142,137,140,144,144,139,140,140,141,140,138,140,137,140,139,137,140,138,135,143,136,140,137,137,145,140,136,136,138,134,140,137,137,137,139,135,135,138,135,138,139,139,140,134,139
153,154,152,159,152,159,154,152,157,157,160,162,158,156,161,163,161,156,156,152,159,156,161,160,162,152,152,155,161,157,154,155,158,150,159,158,154,158,161,158,156,159,164,164,169,165,160,161,158,159,165,160,152,161,160,160,159,160,164,165,160,159,161,164,162,165,155,168,172,164,160,161,167,162,161,164,160,161,162,163,159,162,161,164,158,163,160,163,164,164,164,163,165,161,166,163,162,163,172,157,158,160,164,156,157,160,161,164,168,162,164,169,171,164,166,161,170,169,169,164,160,164,165,163,163,171,167,164,164,168,162,171,162,163,167,168,163,168,165,167,160,163,167,159,166,168,160,170,164,165,166,169,170,166,165,173,166,166,168,171,173,165,170,170,167,176,164,163,165,169,169,193,174,173,173,255,179,255,192,172,173,177,170,171,178,170,207,126,130,131,133,135,134,136,140,140,138,138,136,141,139,133,140,137,141,141,137,139,138,140,140,139,138,141,138,137,140,143,147,137,138,141,138,138,137,137,144,141,143,139,138,146,138,140,138,138,140,139,140,143,139,142,141,145,140,139,138,138,144,140,140,135,136,138,137,138,136,141,143,141,138,144,142,136,136,138,140,139,137,139,141,140,132,137,137,135,135,141,138,135,136,136,139,138,138,143,141,137,136,136,138,137,140,140,144
82,173,161,158,153,159,161,158,151,153,154,161,158,159,157,255,255,255,255,242,255,251,255,247,242,242,222,213,204,189,182,169,168,160,154,151,158,151,152,161,151,153,157,162,159,163,163,162,163,160,160,159,164,160,161,159,165,160,161,162,160,156,165,159,153,160,162,163,167,157,157,157,162,162,166,160,161,204,166,165,162,159,164,162,165,164,163,165,162,161,160,158,166,164,160,162,163,163,161,162,165,159,160,164,164,161,161,167,165,170,160,168,162,163,164,162,162,171,167,170,169,161,168,161,163,164,165,165,165,160,166,170,166,166,163,171,165,158,163,163,164,162,168,165,165,166,166,166,168,168,166,170,170,164,166,169,172,166,167,170,168,165,173,170,173,172,162,167,165,168,165,168,171,171,172,254,182,255,179,172,177,170,171,167,172,176,186,125,125,127,131,134,134,135,134,141,139,136,139,139,141,144,139,132,136,137,137,140,142,137,143,142,137,140,141,141,140,138,137,139,139,138,137,142,138,140,138,140,142,137,144,149,140,136,134,139,142,138,140,140,142,133,136,137,143,139,144,145,138,138,137,139,140,139,144,140,138,141,138,142,137,140,140,139,144,140,140,143,138,140,137,141,137,135,138,137,137,136,139,133,137,137,134,141,138,134,138,135,135,141,138,134,139,143,138
103,167,155,153,153,156,152,158,156,154,161,158,166,162,193,122,113,114,113,115,113,114,111,111,113,112,112,112,114,117,109,107,108,108,105,142,154,156,156,158,160,156,166,167,159,157,162,160,161,144,101,101,102,106,99,96,109,101,109,144,150,138,177,185,214,219,234,231,244,205,158,159,157,161,158,159,162,162,164,160,161,163,162,163,173,175,171,165,170,162,163,166,160,160,160,159,156,155,165,163,163,158,159,157,163,162,161,165,167,158,163,159,169,161,164,165,167,173,164,166,160,172,164,170,164,164,167,163,165,163,169,164,167,173,164,164,163,165,166,165,166,167,167,160,167,161,170,165,169,167,168,171,162,166,173,169,168,169,166,173,174,169,173,171,168,168,168,165,165,170,165,173,172,173,172,233,189,248,177,171,172,172,169,176,171,173,177,127,125,127,126,132,130,142,136,137,131,137,134,141,141,137,138,140,141,136,139,139,140,138,140,140,142,138,140,136,134,136,137,134,138,136,140,139,142,141,141,141,142,140,137,142,142,138,136,140,140,139,139,138,140,141,141,135,141,135,138,138,138,138,140,142,135,138,137,138,143,141,139,142,141,141,144,138,136,137,140,139,136,137,139,136,136,138,141,139,136,139,140,139,142,137,140,139,140,139,137,136,138,138,139,138,138,137,135
108,168,157,153,149,157,160,160,160,156,153,160,158,149,247,127,115,118,112,116,117,115,114,115,119,112,120,115,112,115,113,111,113,111,108,145,153,163,154,163,160,164,162,158,162,164,163,160,176,126,118,118,112,115,116,111,116,117,110,116,115,113,112,112,113,114,113,109,110,151,155,156,161,160,159,156,162,161,167,165,165,161,162,118,116,115,115,119,114,113,113,120,111,106,110,103,110,102,102,103,98,97,100,96,166,163,164,166,165,165,163,163,162,158,166,168,165,163,255,255,255,255,255,255,255,255,253,240,225,219,255,221,186,182,177,168,166,163,161,165,164,174,166,161,163,163,163,168,167,166,168,170,166,162,169,170,164,166,165,167,168,167,164,171,166,161,174,169,164,168,163,163,161,166,174,181,178,179,172,175,175,173,170,174,173,173,188,125,126,129,130,132,136,137,134,137,139,137,139,141,137,138,138,137,135,135,139,140,131,143,138,134,138,135,140,138,135,140,141,138,140,134,136,135,137,142,143,139,137,139,138,137,141,138,140,139,140,143,140,140,140,140,134,139,142,141,140,131,140,137,141,141,144,142,134,138,140,137,136,138,128,140,135,139,140,139,134,138,139,139,138,136,136,140,135,136,139,142,142,136,139,140,138,138,139,134,133,140,139,139,136,139,138,137,139
106,193,154,156,155,158,160,154,155,158,162,157,158,160,230,121,116,118,117,116,117,115,116,118,118,115,116,120,121,118,114,115,111,113,109,171,160,151,162,158,160,161,158,163,171,163,163,161,192,122,112,113,116,119,117,116,111,118,117,116,119,118,117,114,114,116,112,114,110,147,155,161,158,157,162,155,165,169,164,170,164,164,171,137,117,119,119,116,119,118,114,120,117,114,120,118,120,120,117,120,118,118,108,112,189,164,165,161,162,160,166,165,167,166,164,164,193,255,128,121,117,121,122,119,116,119,119,114,122,120,120,118,122,118,114,114,116,110,227,173,166,165,167,172,172,167,169,170,167,167,172,172,116,103,101,111,107,116,137,136,138,173,200,225,216,255,255,255,255,255,255,255,223,171,171,168,171,168,169,171,176,169,172,180,173,176,186,131,129,133,130,134,139,135,138,137,135,142,137,135,138,136,135,136,136,137,139,134,135,133,140,140,139,141,140,142,140,156,137,134,137,137,140,137,139,137,136,142,139,137,136,137,137,138,136,140,140,143,140,140,142,139,141,133,135,141,137,136,139,143,142,145,137,146,138,135,139,139,139,142,138,138,138,141,140,138,139,143,138,137,136,134,144,138,141,135,135,138,139,140,142,137,139,134,135,138,136,140,141,139,136,135,138,143,131
107,181,158,157,155,155,155,156,161,159,162,161,169,195,255,127,119,117,119,123,117,117,118,115,120,123,119,121,116,119,115,116,114,112,109,142,154,159,156,159,162,162,157,162,158,160,163,163,186,127,118,116,120,119,118,121,118,117,119,120,119,117,121,122,116,115,111,118,108,155,157,161,160,162,163,162,166,164,162,166,157,163,171,125,119,118,116,122,119,119,119,120,115,121,120,123,118,117,119,119,119,116,117,113,176,163,158,166,160,163,173,162,167,169,164,164,165,255,128,119,120,120,123,120,118,119,116,119,124,118,122,124,119,125,118,122,118,118,237,168,166,167,167,167,168,166,163,168,161,173,175,183,130,124,127,127,119,124,122,123,122,120,120,126,124,125,124,123,123,123,124,120,128,174,170,172,172,176,175,174,172,178,168,178,175,173,207,131,126,131,131,129,138,136,137,138,135,137,137,133,135,137,138,144,142,140,138,140,139,143,140,139,137,131,137,142,144,139,138,139,142,139,141,139,139,137,140,138,142,141,140,141,142,142,141,138,139,134,142,139,143,138,139,142,141,140,141,139,136,137,140,137,141,143,136,138,136,141,141,142,138,140,140,138,140,145,144,139,138,138,139,135,136,139,137,138,138,137,145,136,140,139,138,139,138,140,138,140,135,137,136,136,135,139,140
108,167,149,154,152,157,159,155,160,154,154,158,156,167,227,128,118,120,124,120,122,122,124,123,119,119,121,117,120,120,120,115,114,111,109,152,160,156,159,163,160,160,161,158,156,159,158,167,211,128,120,118,123,121,118,122,120,121,116,121,124,117,123,123,119,119,114,114,114,147,156,154,157,164,161,165,163,167,163,163,171,161,172,145,125,118,125,119,123,123,122,126,122,125,119,122,118,123,119,121,120,120,117,112,169,159,161,161,164,164,161,163,162,171,167,168,165,255,132,122,120,123,124,124,124,123,124,122,121,125,121,124,122,125,119,122,118,116,227,165,164,170,165,167,168,170,168,173,170,172,171,189,127,123,127,127,122,124,127,126,123,121,126,124,123,122,128,125,127,120,122,123,169,169,169,174,167,171,173,171,172,173,176,169,177,176,125,129,124,132,134,134,136,134,136,133,136,137,133,141,137,140,135,141,141,138,145,140,135,140,136,140,140,140,139,142,143,135,140,139,141,140,134,137,135,145,142,137,135,138,138,141,138,141,140,138,139,140,141,138,139,138,141,139,140,141,140,139,138,141,139,136,138,140,139,139,139,138,142,136,138,136,140,138,135,147,141,138,143,138,138,139,142,139,139,139,137,141,135,135,135,139,143,134,137,134,138,139,135,131,135,136,138,139,137
105,161,150,148,163,159,156,161,159,158,156,158,159,164,255,126,116,118,119,119,123,122,123,122,119,120,120,122,120,118,119,114,118,114,113,186,155,160,157,157,159,156,154,163,162,160,162,166,185,123,122,117,119,123,124,125,119,124,122,119,122,121,119,116,119,114,120,113,112,189,159,158,159,161,159,162,167,161,169,161,163,163,165,134,120,118,118,118,125,126,124,122,125,120,127,122,123,122,123,121,119,118,118,111,168,164,162,166,163,161,162,166,162,163,158,170,173,255,130,126,125,126,125,125,130,122,123,127,128,121,128,123,119,121,122,118,117,115,207,168,168,168,167,170,163,167,173,163,171,167,171,192,129,125,123,127,128,128,125,123,128,126,126,129,127,131,125,125,125,126,126,122,157,176,170,173,173,173,175,174,168,175,171,173,174,184,125,128,139,129,137,132,132,138,136,133,135,134,135,140,140,146,139,138,141,135,142,134,139,138,142,141,141,139,139,138,140,140,140,139,138,135,133,140,139,139,142,133,141,140,138,144,139,143,137,139,142,148,143,137,141,144,140,139,141,141,137,137,138,143,141,136,142,141,143,137,137,138,137,135,137,136,140,139,138,141,138,136,144,139,137,146,143,144,141,142,136,137,141,142,139,131,139,134,136,133,135,135,140,135,137,138,139,141,138
105,186,150,160,158,160,153,152,159,159,161,162,160,160,255,128,117,119,120,118,120,118,119,121,122,117,119,121,123,113,118,114,114,111,109,186,151,159,157,156,160,156,159,164,161,160,165,180,208,124,119,119,119,125,123,123,117,118,122,119,119,123,123,119,119,117,115,115,112,191,164,161,157,163,165,157,162,170,168,166,163,169,163,127,120,117,124,122,123,124,122,123,123,124,123,121,123,119,121,126,119,118,119,112,159,163,166,169,166,165,167,161,162,168,165,166,170,255,134,123,125,125,124,124,125,122,129,126,123,127,128,123,129,123,128,123,118,116,197,167,169,164,168,170,174,165,165,168,173,174,171,221,131,120,125,126,128,126,130,130,124,131,128,126,126,128,128,127,127,120,125,125,168,174,171,172,172,171,169,171,173,168,175,174,177,182,158,146,131,132,133,133,133,145,140,135,135,137,134,135,143,138,139,138,142,139,138,140,139,137,137,136,141,140,137,143,135,136,138,141,137,139,145,136,142,135,136,140,140,141,133,139,138,137,135,139,141,142,141,139,139,139,138,140,142,154,142,142,135,138,142,133,139,136,139,138,142,139,138,133,139,137,140,137,139,137,139,139,143,140,141,137,139,137,138,133,139,134,135,139,140,135,138,141,141,134,135,134,134,138,133,141,134,140,139
100,152,150,157,155,156,159,157,160,158,158,156,158,161,255,127,114,117,116,119,124,126,117,122,123,119,120,116,120,118,116,118,123,115,108,178,155,155,162,160,162,163,155,166,163,160,166,166,178,127,121,120,120,120,121,126,122,125,121,122,121,123,121,120,122,115,116,115,114,219,159,154,160,164,164,162,167,168,166,161,161,175,167,128,124,119,125,121,122,122,124,122,125,129,125,125,123,124,125,120,117,121,115,112,160,161,161,164,165,166,172,169,164,168,173,168,163,252,131,123,123,120,122,127,127,125,125,127,128,125,127,128,126,126,122,121,117,117,194,160,170,169,172,168,172,176,163,168,165,166,169,207,133,128,125,131,126,122,128,130,131,128,128,127,127,135,130,131,125,125,128,121,181,170,170,177,172,173,171,168,168,168,170,176,178,207,127,126,130,130,131,133,132,134,132,133,136,133,135,137,134,136,139,137,138,140,139,139,136,137,139,138,135,135,137,135,140,138,141,137,139,143,136,136,138,139,140,139,140,143,141,138,141,138,141,140,141,142,136,141,136,140,142,164,141,159,144,142,141,141,139,139,137,138,142,139,135,139,139,138,138,140,139,139,138,142,136,139,140,140,138,134,133,136,134,137,139,138,137,138,137,139,140,139,136,139,137,134,139,138,140,140,139,134,141
106,148,153,154,158,156,158,160,157,161,159,165,163,164,244,125,122,117,118,122,120,119,124,119,121,120,120,122,120,121,120,112,113,112,111,192,158,155,157,153,159,159,159,160,162,160,167,160,179,131,122,121,119,123,123,124,123,121,122,123,123,117,118,118,118,117,114,113,110,224,157,163,159,162,160,159,165,165,164,168,166,164,179,126,123,118,120,122,119,122,121,124,120,122,126,125,127,123,121,123,120,117,117,108,153,161,167,157,166,160,162,170,166,167,163,172,167,241,132,119,124,124,125,124,129,126,126,128,125,129,128,126,127,123,126,123,120,118,192,165,160,167,183,167,165,163,166,170,170,166,169,241,127,128,126,128,130,130,134,124,132,128,130,131,125,130,127,128,128,125,122,120,212,169,167,176,166,176,173,170,173,173,171,169,175,179,129,127,124,129,131,134,133,130,132,136,128,138,134,135,132,136,139,142,138,136,132,137,137,139,139,137,138,139,138,132,134,138,130,139,141,141,137,135,140,135,138,135,142,141,138,143,142,140,139,140,140,138,137,140,138,144,141,140,138,136,143,142,143,142,140,143,142,140,138,137,137,137,142,138,140,139,141,138,142,143,138,139,140,137,137,138,140,139,136,140,138,138,139,140,138,141,138,136,137,137,143,140,136,136,138,138,139,137,138
98,150,151,155,156,151,157,156,164,162,158,159,159,164,201,122,119,123,116,123,121,120,119,123,121,118,121,121,121,119,120,113,117,112,110,182,158,156,159,160,162,158,160,162,158,166,166,166,177,127,124,122,120,118,125,126,121,124,122,121,126,122,123,119,120,119,119,116,113,197,152,163,158,159,163,159,160,164,161,160,168,174,181,129,122,123,122,123,121,132,129,121,127,123,128,121,124,121,124,119,119,114,117,107,161,162,158,161,165,161,166,164,167,168,164,168,168,252,126,125,125,126,125,127,125,124,125,125,126,127,129,125,129,119,121,124,117,115,174,166,164,167,164,169,166,169,166,168,170,170,165,242,131,127,125,131,131,129,129,131,133,133,128,131,129,128,128,128,123,129,125,122,201,173,171,170,171,170,171,175,178,171,181,176,174,216,126,127,129,129,127,131,129,137,134,134,136,140,138,142,137,141,137,134,135,137,139,137,138,141,138,137,140,138,136,138,140,139,138,139,133,143,144,140,140,138,135,139,142,139,136,138,137,139,139,142,138,138,141,146,141,140,141,143,140,140,142,141,142,143,141,140,138,138,139,141,141,142,141,138,140,138,142,139,142,143,141,139,141,135,136,139,144,138,143,142,140,142,138,133,137,142,140,137,139,140,143,145,139,137,143,136,141,138,138
101,145,156,154,153,158,163,154,158,156,162,160,173,160,254,123,120,120,122,121,120,120,122,120,118,119,122,120,118,121,117,116,112,110,112,224,159,159,160,161,158,164,159,162,159,170,165,169,200,126,121,123,123,126,126,123,128,123,123,125,127,123,120,119,119,117,114,113,112,225,164,159,157,160,160,157,163,163,160,163,166,167,208,126,119,124,124,124,123,126,126,126,125,129,127,125,125,125,121,119,117,116,117,108,157,163,163,165,159,167,163,168,162,170,168,164,164,255,129,122,128,127,126,125,126,126,129,121,129,132,125,127,126,120,124,121,123,115,170,165,172,177,170,165,168,165,171,165,168,170,171,255,130,121,125,129,126,131,128,131,132,130,131,130,131,132,127,125,127,122,126,125,204,172,173,168,165,170,176,171,173,169,175,172,175,244,129,124,129,128,131,134,132,129,134,129,133,134,137,133,148,137,136,142,140,136,137,130,133,139,142,140,140,139,141,136,135,135,136,142,141,138,138,141,142,136,140,135,138,141,140,136,141,138,143,140,139,140,139,137,139,143,141,143,139,139,150,145,144,145,143,141,138,141,135,138,142,136,138,138,140,140,137,140,141,144,140,140,139,139,134,137,138,137,138,142,141,142,139,139,138,143,137,135,140,138,137,141,131,143,139,138,136,137,135
101,147,150,152,157,153,170,158,157,159,155,161,162,172,247,122,121,120,121,126,124,120,120,120,124,124,123,117,116,116,113,118,112,115,111,223,158,159,158,163,160,154,168,165,161,164,164,167,194,125,122,122,122,122,119,118,124,126,121,123,123,120,119,118,122,118,116,115,111,231,159,159,161,162,163,163,170,161,160,162,167,166,200,127,121,120,121,128,124,126,125,127,129,127,124,123,123,120,121,124,120,116,119,110,158,162,165,162,167,165,166,163,165,164,166,168,174,241,126,123,126,128,123,130,129,129,129,130,131,126,124,122,125,127,124,122,117,112,169,174,171,171,167,165,167,169,168,169,166,174,187,255,133,126,130,132,128,131,128,131,129,129,133,131,132,129,134,129,124,126,125,124,222,174,176,165,172,171,167,170,175,169,175,172,180,211,130,127,128,129,134,131,138,132,134,136,132,133,141,136,138,139,137,139,135,139,140,141,137,136,136,139,139,136,141,141,137,139,137,139,140,138,136,140,141,134,136,142,142,143,140,135,137,137,138,142,138,141,141,139,141,140,141,144,137,135,143,141,144,138,141,141,137,139,140,136,139,136,141,143,140,139,137,142,138,141,135,136,141,137,137,136,140,141,139,144,138,140,135,141,139,140,142,139,139,139,140,141,140,134,140,141,136,138,133
95,150,150,153,154,158,159,157,153,161,160,163,159,162,155,121,124,119,118,121,119,117,120,122,123,122,117,121,117,117,119,116,114,113,108,214,159,158,156,163,165,160,162,159,171,167,169,183,202,132,121,123,122,121,124,120,121,119,121,125,123,123,122,120,124,118,119,114,111,202,168,163,159,161,163,159,168,164,166,165,167,162,213,127,118,120,125,124,123,125,126,123,126,125,125,124,127,126,126,120,120,114,118,107,160,159,165,164,165,165,166,165,173,167,169,169,164,224,125,123,126,129,122,127,127,126,126,125,125,127,128,124,120,125,125,125,124,114,167,165,163,167,171,170,173,175,168,174,173,173,170,255,134,126,129,128,129,131,129,129,132,129,129,127,135,128,124,132,132,126,122,121,219,174,170,165,173,168,172,178,169,183,174,177,179,226,132,128,129,127,133,132,133,136,135,137,129,134,133,134,135,132,137,136,138,140,137,133,137,137,138,136,136,136,144,140,138,139,136,141,140,138,140,137,141,141,135,145,140,140,139,141,140,142,139,139,138,139,142,139,137,142,140,145,140,137,145,137,135,144,139,137,135,137,141,143,141,141,140,143,139,138,143,135,137,134,139,134,141,138,144,139,144,139,141,140,135,142,137,142,135,140,139,140,136,139,137,137,139,135,138,139,135,138,139
100,139,149,155,159,157,156,161,153,159,161,163,162,163,129,118,118,119,119,120,119,121,122,123,120,120,120,116,119,119,113,114,114,110,114,233,161,158,153,158,162,158,163,160,165,165,161,164,245,132,123,118,118,125,122,121,123,125,121,121,125,126,122,120,122,119,114,118,112,233,167,164,166,163,163,172,168,162,165,163,168,169,212,124,122,121,127,126,121,127,124,121,124,123,121,128,124,122,118,120,117,118,118,129,158,169,162,170,164,159,161,167,166,166,166,171,171,217,129,121,122,122,128,129,125,127,126,124,125,131,124,128,124,120,123,121,119,114,166,165,169,171,165,170,166,173,171,164,170,170,172,255,131,124,125,127,127,127,123,128,130,135,131,134,129,130,129,130,129,125,125,120,246,169,173,172,171,167,173,175,176,179,174,176,174,255,131,127,127,129,129,130,138,135,135,134,132,139,132,135,134,137,136,138,132,132,136,136,133,136,132,137,137,138,138,142,142,139,137,139,141,140,135,137,137,139,135,142,144,138,140,139,138,141,135,140,140,141,136,141,138,142,138,141,138,141,145,141,135,133,141,143,138,137,177,137,143,137,142,139,141,138,141,138,137,138,137,141,139,138,137,136,135,139,141,132,138,140,137,141,137,135,139,138,144,139,147,136,145,137,140,139,136,137,135
100,148,150,152,154,152,161,161,161,159,168,165,163,172,165,113,118,119,119,120,117,119,122,126,119,118,117,122,116,118,117,113,118,116,114,226,163,160,164,160,164,163,163,158,164,167,164,167,233,125,123,121,123,120,119,128,121,126,121,121,127,124,123,124,120,120,118,116,110,203,171,163,162,165,164,162,162,163,166,166,167,172,224,131,123,125,128,132,125,124,126,124,122,120,123,121,120,127,119,122,119,121,116,121,156,166,166,164,163,165,166,162,162,170,172,166,175,208,128,118,123,129,124,125,127,127,128,129,130,124,127,126,130,127,121,121,120,112,162,171,172,170,173,170,171,170,170,167,167,171,171,252,130,123,126,128,129,129,127,128,124,131,130,128,128,127,123,129,124,127,121,122,247,173,167,171,173,172,174,164,178,174,180,183,179,252,131,126,128,131,131,129,133,134,134,134,134,136,137,133,136,131,133,135,137,136,134,134,135,138,137,139,137,138,133,133,138,138,141,137,135,139,142,134,137,136,140,140,139,136,136,140,136,139,142,137,143,140,137,138,141,140,140,140,143,149,143,141,144,139,138,136,139,137,140,142,140,135,142,142,134,139,143,139,142,137,141,139,140,140,138,142,144,138,132,144,142,139,136,137,139,140,134,135,137,138,141,137,138,138,137,146,137,138,136
107,147,157,155,160,156,161,167,160,164,160,161,168,158,134,117,119,119,118,121,121,122,122,124,121,120,116,120,118,120,116,114,113,115,110,182,156,158,161,161,161,160,160,164,164,163,167,170,255,128,118,118,123,123,123,118,123,120,119,120,120,122,124,124,122,120,120,114,115,205,160,162,162,164,166,166,159,164,161,162,165,164,223,127,119,122,123,121,121,124,123,123,125,126,123,119,121,117,121,118,122,118,116,122,158,163,165,160,162,162,169,166,166,167,165,171,170,174,124,122,127,123,123,130,130,126,129,126,128,124,125,123,127,123,119,118,119,108,165,164,169,170,167,170,165,163,169,174,170,168,167,249,124,126,124,128,129,129,130,129,131,129,130,131,131,134,128,129,129,129,127,118,250,176,171,171,170,176,171,171,170,171,180,172,187,255,135,125,127,127,127,132,127,130,134,128,137,136,136,132,135,132,136,131,136,134,132,139,141,139,137,138,139,139,134,137,133,138,138,138,143,141,141,142,137,138,139,136,140,135,139,137,139,136,139,136,139,139,144,142,137,137,141,141,146,141,137,136,163,143,136,138,139,138,138,139,140,138,138,140,139,139,141,138,140,136,141,141,136,145,140,139,140,139,141,137,140,134,135,138,141,137,138,136,136,134,136,135,136,140,139,142,135,136,142
138,154,163,162,156,156,155,157,155,157,163,157,165,164,141,119,116,114,120,121,120,114,123,121,118,118,119,121,121,120,116,117,117,112,105,186,162,157,156,164,156,164,160,161,163,160,160,173,255,133,122,118,118,120,121,121,122,123,119,125,121,112,121,122,119,119,119,116,113,193,161,155,159,160,160,164,159,165,160,171,166,164,219,123,126,121,124,119,121,120,121,126,121,122,125,124,123,120,120,121,117,120,120,137,158,165,166,167,162,168,163,161,166,164,161,166,170,132,122,127,125,124,124,125,122,125,124,123,125,124,125,123,123,124,121,121,118,112,165,167,176,176,167,167,167,168,168,188,171,174,191,251,132,125,126,133,128,128,132,129,127,129,129,132,126,124,126,129,128,122,127,122,244,175,171,172,172,168,170,172,169,173,167,176,177,246,133,127,130,130,128,127,130,134,138,135,137,138,133,135,135,135,134,134,133,133,137,135,134,136,136,136,137,140,145,136,138,140,141,135,138,138,135,135,137,140,140,139,136,143,142,141,141,137,140,139,139,136,142,142,141,140,139,139,141,135,141,140,141,141,139,135,137,140,139,139,139,135,134,140,140,139,141,139,141,143,138,137,146,140,141,145,137,139,136,142,141,138,137,137,140,144,138,138,138,135,143,138,139,142,139,134,137,140,135
137,149,154,154,157,156,153,184,158,153,160,163,160,163,114,120,119,118,114,114,118,115,117,118,118,118,119,116,113,118,116,119,114,109,109,176,161,163,160,158,159,165,161,163,161,160,165,184,255,139,118,115,117,116,119,124,121,120,120,121,117,119,120,118,118,118,118,113,110,191,159,161,162,163,164,161,169,164,160,166,164,165,229,123,118,120,122,122,119,122,122,125,120,121,125,124,120,118,123,119,125,114,115,155,160,165,166,163,164,163,165,166,167,166,167,168,167,134,120,122,126,126,125,128,125,124,126,122,122,123,125,121,125,119,125,120,120,110,163,169,174,171,169,172,169,169,166,167,174,170,182,225,128,126,127,128,126,129,127,130,129,128,124,130,126,130,129,125,129,129,123,122,236,175,170,168,170,175,170,171,174,173,171,172,173,255,133,127,131,124,132,128,131,133,132,132,136,126,126,135,129,135,132,132,136,131,131,131,132,132,136,133,141,134,134,134,136,139,139,146,141,136,136,137,144,137,138,139,138,138,144,136,139,138,136,139,141,136,139,139,138,143,137,141,143,139,142,146,138,136,137,138,134,142,137,139,140,140,139,138,140,140,135,163,141,142,142,141,139,143,140,140,139,140,141,136,137,140,139,141,137,138,142,136,138,135,140,141,140,140,140,143,139,140,141
125,163,161,157,154,167,172,164,155,156,159,168,162,158,121,117,120,117,116,113,116,114,117,114,115,119,113,116,114,116,113,114,113,113,111,167,160,163,161,158,164,163,168,169,160,164,169,168,243,128,121,120,116,119,117,121,117,122,123,125,120,118,119,118,119,118,118,114,112,174,159,161,168,159,171,170,167,174,172,165,164,169,255,131,121,121,122,121,120,123,122,119,119,121,120,121,120,117,117,121,121,115,112,143,159,167,161,166,169,170,164,168,169,167,172,174,172,124,120,122,123,126,125,123,127,125,121,123,122,123,122,125,125,121,121,116,119,107,164,166,163,170,170,172,163,173,171,173,174,168,178,246,129,123,127,122,123,129,125,123,134,132,124,130,124,125,129,124,124,122,123,121,237,172,173,175,171,178,172,170,170,181,174,175,173,255,128,124,126,125,126,127,129,131,134,134,127,127,127,129,130,132,132,136,128,136,133,131,133,137,132,134,140,137,135,136,132,138,136,137,139,137,136,140,139,134,138,141,145,137,140,140,137,139,140,138,138,141,142,137,137,139,144,140,141,144,140,138,140,142,140,138,138,139,139,138,141,138,137,136,136,139,138,143,139,135,140,139,136,141,142,142,144,141,142,141,141,141,138,140,140,136,140,143,143,138,139,140,141,135,139,137,138,143,134
171,149,153,156,156,160,157,165,168,164,161,159,163,166,255,127,165,118,118,118,118,120,120,120,119,145,127,117,114,122,119,115,112,217,162,156,161,163,159,165,162,159,158,163,163,164,166,167,255,126,119,118,118,118,118,119,118,116,123,117,117,115,117,114,114,119,117,116,113,164,165,163,157,164,163,167,165,160,161,162,163,165,251,130,120,118,118,116,120,119,118,117,114,121,125,121,122,117,123,118,113,118,117,142,156,163,168,164,162,166,168,170,165,165,171,171,167,121,123,125,119,119,126,120,123,123,123,119,118,123,122,127,123,123,122,123,119,115,163,167,168,172,168,163,173,174,170,171,166,175,176,226,137,130,130,127,127,127,126,126,129,133,127,127,126,130,126,125,128,125,122,119,241,174,167,177,174,170,169,173,173,173,172,179,190,255,134,127,127,129,126,129,127,128,125,130,135,127,200,255,138,131,135,124,133,129,130,136,132,132,132,139,134,135,132,133,136,133,142,137,142,139,134,143,136,141,143,139,140,144,139,138,138,139,141,135,144,141,140,139,145,139,142,146,140,141,138,137,140,137,135,139,142,139,135,138,137,138,143,136,249,146,135,137,144,141,139,145,141,145,140,139,142,141,140,140,139,135,143,139,139,142,137,137,140,141,136,142,136,137,140,141,138,134,134
160,153,166,165,153,159,154,156,154,165,156,158,162,156,164,162,161,162,159,169,166,163,162,160,160,161,255,255,223,181,255,255,255,202,160,158,158,190,238,167,157,160,152,163,159,161,161,169,199,241,129,204,195,238,255,233,151,111,167,178,114,199,117,111,111,111,110,155,227,168,157,167,164,156,165,160,162,163,169,166,163,186,255,225,131,120,123,122,118,122,116,126,119,118,123,123,117,123,117,120,124,120,120,153,165,160,162,165,169,166,165,170,166,167,164,174,191,124,125,120,117,119,120,118,118,123,119,122,117,120,125,120,125,122,121,121,116,116,159,165,166,169,166,167,167,171,171,159,171,173,167,181,122,121,122,123,126,122,121,128,123,126,128,124,129,125,127,126,124,119,122,119,184,175,172,168,172,169,171,170,175,168,170,178,185,255,130,125,124,124,125,126,126,132,129,129,131,138,130,134,127,129,130,126,130,132,129,129,136,134,126,135,136,133,136,133,137,137,138,142,140,135,142,137,139,139,142,136,139,139,140,146,141,139,139,143,141,138,139,137,144,141,141,137,146,142,143,136,142,144,138,134,140,135,139,140,132,138,139,138,139,142,141,140,140,138,142,140,143,143,140,143,140,142,132,139,134,137,140,143,138,141,136,139,137,143,141,139,137,139,138,144,143,140,139
157,155,158,152,160,157,157,157,157,158,159,159,159,160,164,159,166,164,161,160,163,165,164,164,159,166,161,162,168,160,159,161,159,163,159,159,158,171,170,165,159,159,161,167,162,168,163,159,164,158,165,163,158,163,168,160,158,161,162,165,161,162,156,162,161,163,156,160,159,170,160,164,158,168,161,164,162,157,166,160,169,166,177,186,218,245,255,255,255,254,255,255,181,255,255,255,255,212,235,255,255,255,255,168,164,161,159,163,159,166,162,164,160,171,162,168,171,255,125,119,255,132,120,197,124,118,124,123,122,121,123,121,121,122,113,120,119,113,162,170,167,172,163,165,165,163,168,168,167,170,198,126,121,118,124,126,125,126,122,122,122,121,119,120,123,124,123,121,121,127,122,119,180,174,172,175,175,172,173,173,169,170,173,175,176,255,132,122,124,119,124,121,125,125,128,127,126,127,129,127,131,132,132,128,130,132,125,127,126,126,128,135,131,133,140,137,139,137,132,137,133,141,140,138,141,136,132,140,140,146,139,136,142,138,141,144,143,141,140,135,139,146,132,140,143,142,141,140,138,142,140,133,140,142,135,142,135,141,138,131,136,143,138,139,149,137,145,144,142,142,143,140,141,140,141,141,138,141,138,138,138,140,136,141,136,138,137,141,140,143,144,136,139,139,137
156,156,161,159,162,159,163,161,165,159,164,162,159,158,156,163,159,159,160,169,159,164,157,161,158,164,178,223,161,161,158,160,163,164,154,161,163,163,162,160,161,159,160,156,162,162,161,166,169,162,164,167,160,163,163,164,162,163,162,164,164,160,167,164,163,166,162,164,160,162,164,160,158,161,158,168,159,159,165,165,166,162,158,172,167,168,168,168,165,163,167,212,162,163,162,162,162,165,165,163,158,160,159,160,162,162,167,165,158,165,163,170,234,174,166,169,167,173,168,165,172,171,170,162,162,165,167,164,167,159,164,179,180,225,255,235,167,159,165,166,168,166,164,168,170,170,171,168,167,170,169,248,255,244,121,122,120,117,143,135,157,119,161,121,117,169,135,117,116,180,148,176,164,171,168,172,175,171,169,172,167,173,170,171,175,255,135,132,255,136,123,122,127,123,125,126,124,124,126,126,126,129,127,125,126,134,130,133,130,132,135,137,129,132,133,141,135,137,134,136,140,135,143,141,141,138,139,143,142,137,140,142,143,137,137,142,141,147,141,143,141,142,141,138,138,140,137,143,136,141,139,135,143,141,137,141,141,139,138,136,140,144,143,142,141,141,144,139,145,138,139,137,138,139,137,140,136,138,137,136,143,142,138,140,139,141,138,134,141,138,148,137,136,136,137
161,162,156,167,158,158,155,162,164,160,159,167,160,157,156,169,163,165,162,158,161,158,160,168,164,169,162,168,162,165,162,161,158,164,163,159,156,158,158,159,161,160,164,158,167,163,158,165,164,158,164,164,158,167,164,165,161,163,165,165,163,165,155,162,166,159,162,159,161,165,163,165,158,163,165,161,163,163,167,169,165,163,169,165,166,169,164,162,166,164,164,163,161,158,163,161,162,162,166,162,160,159,162,168,163,164,167,164,167,169,169,175,161,166,166,164,164,170,167,166,174,166,173,171,163,168,167,161,163,166,166,169,166,162,164,166,165,162,167,166,172,165,168,167,166,167,170,164,170,170,170,171,178,168,168,169,176,169,169,166,167,163,168,166,167,166,169,166,167,167,173,164,172,166,172,165,172,167,167,168,165,169,175,172,173,170,196,255,255,255,255,255,255,255,255,194,120,133,148,204,255,255,183,145,119,119,138,162,246,255,255,255,185,135,132,133,130,129,134,140,141,139,137,138,140,141,139,140,139,135,140,137,138,139,139,143,139,141,146,145,145,138,137,137,139,137,138,140,140,139,138,137,136,137,142,134,140,142,141,139,134,139,141,139,144,140,140,137,139,140,134,141,137,136,139,142,142,141,141,142,141,134,141,141,138,140,136,141,143,137,139,147,140,138,136
156,155,159,159,159,152,162,164,159,157,161,161,160,158,158,163,164,156,160,181,178,167,159,161,165,164,162,161,161,156,165,163,164,167,161,162,158,166,161,160,160,159,159,162,165,163,165,165,165,163,156,157,165,159,162,164,159,160,159,162,161,164,166,161,162,159,162,160,158,161,160,163,161,168,165,168,165,166,162,169,168,157,166,163,166,163,168,166,168,173,166,169,166,166,165,164,168,159,168,163,160,163,163,162,176,171,168,165,166,166,168,164,169,171,170,172,164,168,171,171,170,166,162,167,164,159,167,161,161,169,161,165,167,166,166,158,168,166,164,172,167,164,176,172,168,166,172,171,171,167,175,166,173,172,171,170,169,171,171,171,170,169,169,169,165,166,167,166,168,170,169,170,169,168,169,170,171,169,168,166,166,171,171,175,170,175,173,170,180,171,176,173,174,176,177,171,180,174,186,177,183,228,184,175,177,173,174,178,177,180,237,222,225,138,132,132,135,134,138,134,140,139,141,140,138,136,138,139,138,137,138,137,141,146,138,139,140,141,147,145,137,137,138,133,141,140,141,146,143,143,139,141,142,136,141,138,139,139,137,140,139,143,144,143,138,141,138,136,141,147,138,138,143,139,144,141,141,137,141,142,139,141,134,136,131,138,142,140,141,135,140,139,140,142,141
159,157,157,158,155,157,155,156,160,155,156,161,159,164,156,162,161,158,160,156,164,162,160,166,165,159,159,161,160,161,157,160,155,160,158,157,159,159,162,160,159,161,165,165,160,161,165,158,160,158,165,165,166,166,164,164,163,160,165,166,159,168,165,163,161,159,162,164,163,162,166,163,166,166,161,160,162,164,166,167,161,168,167,164,165,168,166,165,161,164,161,164,162,164,162,162,162,162,156,159,167,161,162,163,165,167,167,168,161,163,174,170,170,171,163,165,171,166,173,168,166,168,167,168,170,162,160,171,169,165,168,161,162,162,163,168,165,165,164,165,170,170,171,168,167,170,172,165,168,168,173,168,172,168,170,171,175,173,169,167,175,172,166,165,171,177,166,169,167,172,170,166,168,163,170,162,175,170,171,173,176,226,181,164,169,173,172,165,170,178,173,179,177,174,177,175,179,170,176,179,170,170,171,175,171,173,174,173,180,183,205,227,187,134,133,135,135,138,140,138,139,136,139,137,142,139,142,139,141,140,140,138,138,141,143,137,139,140,146,142,140,139,144,142,143,136,136,141,139,139,135,139,146,136,139,136,141,136,141,141,140,139,145,140,136,139,136,139,142,138,138,144,140,139,135,139,142,141,140,139,137,139,140,139,140,132,139,140,139,141,139,141,138,142,140
162,158,158,161,157,158,159,154,162,162,158,161,161,154,166,164,160,164,159,162,159,155,160,160,160,160,165,162,159,162,163,157,160,161,167,162,162,158,162,163,169,159,162,161,161,160,169,161,164,161,162,165,167,159,165,160,163,158,165,161,160,161,165,159,160,163,161,164,168,158,156,162,159,164,163,171,165,164,163,168,166,163,161,159,165,166,165,160,166,161,164,167,165,169,165,162,164,163,160,162,165,163,159,170,163,165,165,162,167,168,164,161,163,167,169,166,168,165,167,171,170,168,167,165,168,170,172,170,168,166,162,167,170,164,164,172,166,166,166,167,167,166,164,171,172,169,169,166,170,171,169,165,171,173,167,173,176,169,169,167,170,172,171,170,170,169,170,164,165,170,170,168,172,167,170,168,169,172,169,170,172,173,174,175,175,169,168,169,174,169,172,178,175,174,175,169,173,169,164,174,171,170,176,177,178,174,176,174,177,214,208,217,162,137,134,134,137,137,136,137,135,134,138,134,138,140,142,138,138,143,136,138,139,144,139,140,139,138,141,140,143,142,143,135,144,141,140,139,140,142,142,141,139,140,137,136,136,138,134,143,146,143,144,142,140,141,138,139,142,142,138,140,141,136,141,138,135,136,138,138,142,141,136,143,145,139,141,141,137,140,138,139,141,144,144
154,156,160,159,154,158,156,163,161,157,160,159,155,165,162,166,163,170,158,161,156,161,158,159,160,160,163,159,156,160,162,158,157,164,159,160,160,164,155,161,164,161,163,157,163,160,166,161,165,161,163,161,166,160,161,159,162,159,168,163,159,163,158,161,168,161,164,159,163,162,165,168,172,164,158,160,161,169,166,164,168,165,160,167,165,170,169,163,161,162,167,162,162,159,155,167,161,160,170,165,164,162,168,161,165,159,168,165,164,168,171,169,169,169,166,166,171,170,167,162,166,162,168,160,168,165,165,157,164,161,167,173,167,164,165,166,169,161,165,164,167,167,167,168,169,175,176,168,170,169,167,173,163,168,172,170,171,163,170,166,168,161,167,170,164,175,169,171,169,176,171,171,167,169,169,171,170,165,167,170,168,173,174,172,169,172,168,174,173,171,174,177,170,173,173,172,171,173,178,175,173,178,175,170,177,179,172,174,182,235,198,255,152,136,134,135,139,139,134,138,134,134,141,136,136,136,139,141,139,139,140,141,139,139,140,140,139,141,141,143,141,139,143,139,141,139,142,139,142,140,138,140,142,143,140,141,143,143,137,137,142,139,137,136,142,142,139,143,139,139,142,145,157,142,143,139,137,135,142,140,142,140,142,141,143,140,139,137,135,142,140,139,139,142,137
158,157,157,160,167,157,160,163,156,162,164,156,157,165,160,163,157,161,158,164,162,163,159,154,158,162,158,161,160,163,164,158,160,157,164,164,163,159,163,161,160,161,162,167,160,167,164,158,162,161,162,163,162,163,162,169,163,161,162,159,162,166,163,164,162,161,162,159,165,160,158,163,167,165,162,161,161,162,165,166,166,161,166,167,163,168,164,166,161,159,163,162,163,163,164,163,166,161,165,169,164,160,165,167,167,170,161,173,164,167,162,168,169,167,169,164,166,167,163,167,166,173,169,169,172,168,163,168,160,169,170,167,167,171,163,171,163,166,165,168,173,170,173,168,168,167,164,169,173,171,167,167,164,170,164,169,165,168,167,162,171,171,175,169,165,166,169,166,170,169,169,171,169,165,170,169,172,173,171,171,170,171,173,169,172,174,173,170,168,176,173,169,174,173,176,180,182,174,175,178,172,174,175,175,176,178,170,174,183,248,214,255,145,137,135,133,131,140,137,137,135,140,139,139,139,141,140,139,140,142,145,141,143,141,144,136,144,142,138,137,138,146,141,143,141,141,141,145,144,144,139,142,142,136,140,137,142,137,141,140,139,141,140,135,142,140,143,138,143,138,142,140,142,139,140,138,134,144,139,136,136,138,143,136,143,136,138,139,140,142,142,138,141,140,137
155,155,156,156,152,154,158,158,158,157,160,162,158,156,160,156,161,152,163,161,162,166,162,163,168,162,156,153,164,160,157,164,158,159,158,158,157,159,158,167,166,160,157,166,163,165,164,160,160,160,167,166,162,161,158,163,158,162,155,163,163,162,158,163,162,162,161,158,164,159,162,160,166,163,166,163,165,173,168,163,167,162,168,163,161,166,165,167,159,165,171,169,169,162,163,167,164,162,161,162,168,166,164,166,166,165,163,166,169,166,162,171,172,166,163,170,170,171,167,176,165,165,167,168,169,168,160,169,164,169,211,170,170,169,168,165,166,170,166,163,169,166,169,167,166,165,170,169,170,174,171,171,172,164,174,166,175,168,172,169,169,170,169,166,167,168,171,172,166,170,167,170,167,170,173,171,166,167,170,168,166,171,172,170,170,177,174,175,173,171,170,168,174,173,170,178,178,179,177,174,174,173,175,169,171,174,176,175,188,243,224,246,141,135,135,137,136,137,137,135,142,138,138,142,137,138,147,144,144,135,136,137,141,141,141,143,140,144,143,142,141,138,143,141,142,140,138,140,144,139,140,138,140,138,142,140,139,137,140,138,137,140,139,145,139,141,138,138,137,147,142,137,139,141,136,135,139,140,139,141,140,140,139,140,139,140,141,142,139,142,143,137,136,135,137
162,155,157,156,155,155,157,163,157,164,157,161,161,160,158,159,159,160,164,155,159,160,161,159,161,160,158,160,159,162,160,153,162,161,161,160,161,157,164,161,163,159,163,163,161,162,165,164,164,162,160,161,165,165,161,159,160,162,156,163,164,159,166,162,166,159,162,161,165,161,163,159,167,164,162,163,167,162,166,174,169,165,167,168,168,160,164,169,164,165,172,165,163,164,162,164,167,164,165,163,165,162,166,167,165,167,166,169,162,163,164,167,166,169,165,167,167,166,165,165,163,170,165,174,167,169,171,167,165,167,217,173,169,163,158,162,174,165,169,166,169,166,167,166,165,170,173,165,168,167,168,167,172,168,168,172,172,172,169,171,176,171,171,169,165,167,169,165,168,169,177,169,172,173,171,172,171,174,172,170,168,169,169,167,170,177,173,173,174,172,179,170,169,169,175,169,175,171,176,169,175,174,174,174,176,173,177,175,188,238,239,250,135,132,137,133,136,139,137,140,139,137,145,137,142,141,141,136,143,139,141,135,136,144,141,139,139,143,139,141,141,142,144,139,140,140,141,138,137,137,145,140,139,136,139,140,143,144,145,142,141,141,141,137,137,143,139,143,138,140,137,141,135,143,138,138,139,138,141,145,136,141,139,142,138,141,137,139,135,132,131,140,140,138,137
161,161,156,164,159,158,161,165,160,153,158,163,159,162,159,154,163,162,159,160,161,162,159,157,160,160,163,161,161,160,162,158,159,160,162,162,162,166,161,165,158,167,166,160,167,160,161,162,164,158,162,159,161,165,165,163,165,163,162,162,166,166,169,161,157,163,163,164,166,164,164,168,164,163,163,163,164,158,164,163,164,164,160,164,174,169,161,176,169,161,160,159,166,166,170,159,168,167,162,167,163,165,165,164,169,164,166,171,161,162,168,166,169,168,164,168,164,171,171,165,167,172,166,168,163,196,171,165,170,171,167,166,167,167,170,200,170,166,164,165,168,173,171,172,174,170,169,167,167,170,173,175,172,170,167,172,167,174,172,170,170,168,171,171,168,172,168,171,171,173,175,171,166,168,170,167,174,169,171,168,176,172,170,176,170,173,176,170,173,169,167,176,179,176,171,177,180,186,176,172,173,169,176,171,174,174,175,176,187,208,255,242,136,139,132,137,138,135,139,141,142,141,140,139,136,141,140,139,139,138,142,138,144,141,141,133,140,147,138,138,137,140,136,140,136,134,142,138,139,139,139,141,141,139,137,143,142,139,142,140,145,136,136,137,147,147,145,137,137,139,138,142,141,138,141,140,138,140,140,139,141,136,138,142,136,139,138,141,138,137,136,140,140,140,137
159,158,157,161,153,156,159,162,159,160,160,158,169,162,160,164,159,160,159,160,159,157,158,169,164,160,159,158,153,164,158,158,158,158,153,162,160,157,161,160,154,157,159,159,163,168,165,165,163,158,169,165,160,163,173,161,163,162,165,166,163,165,164,163,159,157,163,163,161,162,157,158,161,168,163,170,162,163,165,164,165,164,164,179,166,164,160,164,164,166,162,159,166,167,166,162,165,159,164,162,173,161,168,165,159,165,164,160,159,167,166,166,162,175,170,167,174,168,169,168,170,169,163,166,165,167,169,164,166,165,170,165,170,163,170,167,169,168,170,168,170,169,180,165,167,167,165,170,164,171,175,171,172,172,170,165,172,162,174,168,172,166,169,172,170,173,171,170,170,174,171,171,168,170,173,174,172,170,169,168,170,174,173,168,168,170,171,180,175,171,171,176,177,173,171,171,177,186,173,177,177,175,178,168,176,171,176,183,187,255,255,255,138,134,135,139,140,135,138,142,140,140,137,137,138,140,138,138,142,144,138,145,139,142,143,142,146,143,143,139,135,141,146,142,144,138,140,143,138,138,142,141,139,134,140,141,141,138,137,137,143,139,139,143,140,142,139,141,143,140,140,141,141,140,139,139,141,137,139,136,140,141,140,134,137,139,146,137,146,142,134,141,136,140,139
160,150,157,158,158,163,156,158,162,157,162,164,159,162,162,159,162,164,162,159,158,164,158,160,161,159,160,161,155,158,157,159,157,159,158,161,165,161,164,172,162,166,160,164,164,166,159,162,167,165,157,166,164,166,161,159,165,160,165,160,164,167,160,162,165,164,165,165,159,159,157,166,164,166,164,164,167,166,163,162,163,170,166,169,171,168,164,159,163,171,166,165,163,159,164,165,166,165,162,163,167,160,162,162,168,165,168,165,165,165,170,170,167,168,165,168,168,169,169,173,162,165,167,168,166,167,164,170,166,168,165,166,166,166,162,167,166,168,175,172,172,167,168,167,167,168,169,165,169,168,170,168,170,170,170,173,172,167,167,177,170,170,167,171,171,169,170,166,173,168,167,170,166,173,170,170,170,174,172,179,170,169,178,171,176,176,174,174,170,173,173,173,171,175,175,180,175,175,174,168,171,171,177,175,177,173,170,183,190,248,255,255,139,132,140,139,137,137,136,141,140,138,141,135,138,135,142,139,140,141,140,142,145,146,138,140,138,142,145,137,140,143,140,143,138,141,140,137,141,143,140,138,137,140,138,140,140,140,141,142,140,141,142,141,138,139,140,145,135,137,137,142,135,140,140,142,138,146,139,146,145,143,143,139,143,139,137,140,137,138,133,140,146,140,141
161,158,165,155,159,159,158,165,159,160,162,163,162,174,197,211,255,235,234,247,252,255,237,255,255,242,244,231,223,204,193,192,177,172,154,154,160,156,162,154,154,158,158,160,159,157,163,162,161,162,160,161,164,161,165,164,158,158,166,165,157,167,165,164,159,183,160,159,162,159,157,166,160,162,163,163,169,165,165,160,171,165,165,162,164,168,164,162,167,160,164,163,165,163,166,165,171,164,166,163,161,160,162,166,161,161,168,167,165,168,166,168,168,172,164,164,171,170,166,171,169,166,163,173,166,170,169,173,169,165,165,169,166,168,166,167,163,163,163,166,169,167,164,174,171,166,162,168,168,168,168,172,168,172,172,170,177,169,169,173,176,172,171,169,170,170,168,169,175,169,170,173,166,173,174,173,172,170,166,166,171,168,175,172,174,174,171,177,175,181,178,177,179,169,175,178,178,181,174,180,179,178,171,170,176,179,173,175,198,205,255,255,137,135,133,138,137,138,138,140,142,142,140,143,143,144,135,142,137,139,139,139,141,138,141,142,144,143,146,144,136,139,137,145,136,139,142,143,143,138,136,143,143,139,143,143,145,141,139,141,141,139,139,141,143,140,136,138,140,139,139,139,141,139,137,141,143,140,138,140,142,141,141,138,139,136,139,141,140,141,140,140,135,142,140
160,159,159,158,160,155,154,155,158,159,156,159,163,239,151,117,112,115,114,113,117,115,115,113,114,112,114,117,116,115,116,110,111,105,164,159,156,160,159,168,163,163,157,162,166,159,165,162,108,112,105,108,102,103,101,109,103,96,99,99,100,105,115,140,142,167,191,180,216,166,158,160,162,165,162,162,170,162,165,164,161,167,180,220,200,218,207,200,187,176,180,174,166,168,162,163,168,166,164,168,159,160,158,162,161,168,165,166,166,161,163,166,164,170,172,167,165,166,169,164,171,165,170,171,170,171,167,166,163,168,168,165,169,166,164,168,163,167,161,164,165,169,168,177,171,170,175,173,169,168,166,171,174,173,172,173,173,171,166,167,170,174,168,168,179,172,176,174,172,166,172,169,171,171,169,176,170,167,173,175,169,163,179,172,176,174,174,174,177,224,176,170,174,175,180,176,175,180,173,178,173,172,173,176,176,176,175,178,197,211,255,230,137,136,139,138,140,137,141,142,139,139,139,140,140,141,143,139,139,143,141,141,141,140,143,138,143,144,137,143,143,141,145,141,136,141,137,141,139,140,136,141,139,144,147,142,144,139,135,139,138,145,140,138,139,142,140,139,142,138,141,142,141,139,144,136,141,139,146,140,143,137,139,143,138,139,140,137,137,140,141,138,137,139,136
154,160,155,155,157,159,164,161,157,159,156,158,162,250,157,117,115,119,115,113,119,115,120,112,117,113,118,118,119,112,116,115,116,114,217,156,160,169,159,162,163,167,167,160,161,163,164,180,119,112,117,116,117,116,120,120,121,117,117,119,115,113,116,115,117,115,113,112,181,158,156,164,163,168,165,158,163,163,160,164,164,162,128,113,113,115,115,115,120,120,116,118,111,115,113,109,115,115,111,109,109,106,98,181,166,166,168,167,168,166,168,163,172,167,166,170,195,140,176,199,222,232,238,255,255,255,255,255,255,255,255,255,245,244,230,194,191,161,168,159,161,169,171,167,170,161,170,169,169,171,166,173,174,174,163,169,173,170,170,162,169,167,170,168,168,170,170,166,186,174,177,175,172,172,165,171,171,172,170,171,170,173,172,177,172,171,173,176,185,233,180,174,173,171,171,183,180,176,179,173,174,176,175,177,174,180,181,182,178,205,208,239,132,134,140,141,136,135,138,141,139,141,142,136,139,146,140,144,139,142,143,139,140,139,137,141,138,143,138,148,140,140,143,144,140,139,142,141,143,138,144,145,143,140,144,143,140,141,143,140,144,139,141,140,137,147,143,140,137,141,144,141,143,136,140,143,137,143,141,144,137,137,149,142,141,141,143,141,138,139,144,143,139,140,140
152,148,156,159,162,165,161,158,162,157,160,162,162,250,141,119,116,117,121,121,121,119,119,115,119,119,117,118,117,117,117,117,113,111,222,161,156,159,162,161,164,161,164,159,165,169,169,213,127,118,115,120,120,119,120,119,121,121,119,115,115,120,118,119,117,116,112,111,196,164,157,160,164,165,165,162,161,166,169,169,161,173,122,121,114,118,119,119,121,119,116,122,118,121,116,116,113,119,121,121,115,118,107,168,174,166,164,168,162,167,168,168,167,173,169,169,246,124,120,120,124,119,121,124,122,117,115,119,121,121,121,121,116,118,114,120,112,192,170,171,167,167,167,166,169,168,165,169,163,170,220,117,110,112,112,109,106,108,107,111,112,119,126,133,146,167,202,215,255,254,253,230,174,174,172,167,172,171,178,169,174,172,169,171,171,176,200,188,188,183,176,177,181,172,176,172,176,172,178,173,176,183,178,176,178,175,179,173,179,191,195,213,135,135,134,137,138,136,139,138,137,139,141,144,143,140,141,143,138,139,147,138,140,142,142,140,145,143,145,139,140,144,144,139,138,144,139,147,141,141,151,138,139,138,135,143,142,138,146,141,142,140,138,141,137,138,136,140,141,141,134,141,145,142,137,141,137,140,143,140,137,140,145,138,141,140,139,138,141,140,139,140,142,137,140
173,154,159,155,158,160,160,158,162,167,152,164,162,242,155,121,118,115,116,117,118,118,121,117,122,120,116,117,123,118,120,120,111,111,217,159,161,161,161,163,166,161,163,165,163,160,158,190,126,118,119,117,121,118,117,117,125,121,116,118,123,117,121,119,117,117,115,115,223,165,166,164,158,163,164,166,164,164,166,165,164,168,129,116,120,122,123,128,125,118,122,122,124,121,119,121,121,125,120,117,123,113,110,163,160,170,172,164,170,164,164,168,166,168,179,167,249,131,122,123,124,120,117,121,124,119,123,121,123,126,121,121,118,120,119,119,122,189,164,169,168,163,166,168,178,169,169,171,173,175,239,147,126,122,120,122,121,122,127,117,129,122,125,123,126,122,121,121,125,120,123,191,175,180,176,173,169,173,171,170,174,173,171,171,189,124,122,120,122,121,118,122,120,122,123,117,121,119,115,120,115,115,112,112,114,116,119,131,189,184,171,131,135,140,143,133,140,140,138,145,143,140,145,148,145,141,136,142,137,143,143,143,143,143,139,142,145,143,145,142,139,141,142,145,141,140,139,142,136,139,137,141,137,146,137,140,144,139,142,137,141,138,138,141,144,142,139,138,142,142,142,136,146,140,144,139,141,144,144,141,134,143,140,143,140,140,140,140,135,138,140,140,140,137,142
149,159,159,160,161,162,162,161,159,160,165,162,160,255,125,119,120,123,118,123,122,119,119,122,122,119,117,120,119,119,118,118,116,110,230,158,161,158,161,165,160,163,160,164,160,164,158,199,123,123,121,121,123,122,117,123,124,125,121,127,124,120,119,121,118,119,116,113,171,158,160,162,163,161,160,165,160,164,166,167,169,174,123,119,120,123,124,122,124,124,128,123,121,125,122,120,124,122,123,123,121,119,111,167,164,164,165,171,167,163,203,171,167,168,167,166,255,132,123,122,122,121,122,125,126,125,128,127,128,122,125,123,127,117,118,119,116,196,168,168,160,168,171,176,166,168,171,170,172,176,255,143,122,123,128,128,125,125,122,124,130,129,129,124,126,126,126,126,123,118,123,186,170,172,178,168,172,171,169,173,169,176,179,176,214,127,125,128,122,127,125,131,125,132,128,130,126,126,128,124,129,133,129,126,130,129,130,132,134,136,135,139,135,137,145,137,135,134,143,140,141,144,136,138,143,138,141,141,135,134,142,141,140,140,142,147,142,147,136,140,138,147,139,141,141,139,140,138,140,139,143,139,141,142,137,142,133,139,142,181,147,139,142,146,142,140,141,139,142,139,141,143,140,139,143,141,139,143,141,142,142,141,139,141,135,139,143,139,137,143,138,141,141,140,139
153,148,157,162,159,160,156,156,162,167,156,164,166,255,125,122,116,121,121,118,116,118,120,122,119,120,120,116,120,119,117,117,113,114,228,160,157,163,156,163,157,167,165,164,160,169,162,199,122,121,123,125,126,120,123,123,126,120,124,122,121,121,122,124,122,116,120,114,217,162,163,160,161,162,166,168,161,166,167,167,167,175,130,121,123,120,125,123,126,124,130,127,121,124,123,127,122,125,127,118,122,122,108,157,166,164,178,163,164,167,168,166,168,163,164,170,255,128,126,127,126,126,124,124,126,123,129,127,126,125,126,125,123,123,123,121,115,167,172,166,171,172,171,169,163,170,168,171,171,182,255,135,126,125,128,124,126,126,130,131,128,131,127,125,130,129,129,125,123,127,123,203,176,174,171,173,174,174,172,172,173,169,174,179,223,128,126,126,129,130,133,128,131,131,131,133,128,132,133,131,132,131,135,129,127,136,132,135,136,133,135,136,132,140,137,139,143,142,143,138,147,138,139,144,140,141,144,144,134,143,141,140,139,140,140,139,144,144,144,142,144,142,141,138,140,140,141,146,144,140,143,144,142,137,138,143,143,145,144,145,143,142,143,145,143,136,143,142,141,137,143,145,137,140,137,138,146,139,142,142,142,143,141,139,140,138,140,137,141,140,141,134,143,140,141
160,156,156,163,157,163,166,161,162,159,166,159,166,255,124,121,120,116,121,122,120,121,120,123,120,121,119,120,120,115,115,116,113,110,222,159,158,162,168,167,167,164,160,164,166,160,163,213,124,119,118,121,127,126,120,123,125,122,122,123,123,124,125,121,119,121,112,113,231,162,160,163,161,160,163,163,171,165,165,164,168,183,130,121,123,124,129,122,124,130,126,128,125,126,127,124,125,126,122,120,120,121,110,163,168,170,165,167,169,169,166,167,180,176,172,174,238,128,123,120,123,123,128,124,126,131,127,129,128,123,127,131,124,119,121,122,113,167,164,171,168,171,168,171,167,171,169,169,171,169,246,162,129,123,126,129,127,129,130,124,127,132,127,127,127,131,130,131,126,128,124,236,174,174,177,174,171,175,175,171,175,170,178,174,227,125,124,127,125,126,132,129,130,125,132,134,132,131,131,134,134,136,135,137,130,135,141,134,139,136,139,142,141,141,143,139,139,139,144,145,141,142,140,141,140,142,141,136,139,140,137,144,142,140,140,141,144,145,143,145,141,140,141,146,142,139,141,146,136,141,145,143,137,137,142,141,139,144,137,142,138,138,142,141,142,138,143,143,146,144,140,139,136,142,140,143,139,140,142,142,142,142,143,137,140,142,140,141,136,140,138,142,142,138,140
149,152,159,157,156,157,160,161,161,159,162,165,162,236,122,124,125,119,122,120,123,121,124,123,126,121,121,120,121,120,119,114,112,113,228,159,162,159,164,163,166,159,161,160,158,164,168,210,129,121,122,121,127,127,127,128,126,124,122,123,121,118,119,119,120,122,118,109,236,167,157,163,166,165,167,160,166,165,168,169,170,213,127,123,123,122,127,124,127,125,122,125,126,123,122,123,126,122,125,127,119,116,107,170,166,169,164,169,179,165,166,167,164,174,172,174,247,130,125,129,123,127,126,124,128,128,127,132,124,125,122,125,124,124,122,120,114,167,169,167,163,166,167,170,169,177,169,177,170,172,255,166,126,128,128,129,125,126,135,130,128,130,126,130,126,129,132,128,129,122,122,228,173,176,176,174,175,170,175,176,179,174,173,174,219,141,129,132,129,137,135,133,135,134,132,133,133,130,138,136,137,140,140,136,138,137,137,134,138,140,140,139,138,138,140,145,144,140,145,149,139,144,143,141,140,143,140,144,142,136,143,143,137,139,143,141,140,145,140,142,143,139,140,141,138,146,144,143,140,140,141,146,150,140,144,140,141,140,140,143,138,140,137,146,137,137,137,141,144,144,142,141,135,141,142,147,145,142,142,144,146,141,139,144,143,140,137,136,140,143,140,141,138,146,137
153,160,157,157,154,168,159,156,162,158,162,166,176,213,121,123,120,122,118,124,122,122,124,125,122,121,123,123,118,122,119,117,115,107,202,162,160,160,152,162,166,171,165,163,164,169,162,238,129,126,123,125,126,122,132,127,128,121,125,129,125,124,124,117,123,117,115,110,226,161,161,163,160,166,162,164,166,168,167,168,163,246,130,122,123,122,124,125,129,130,125,126,124,123,125,124,124,124,122,123,114,118,114,158,159,159,167,162,165,168,165,171,169,169,170,172,218,126,126,128,128,125,129,128,129,128,125,129,127,125,128,127,125,120,121,121,117,172,166,167,172,165,169,170,174,168,175,170,173,179,255,148,127,130,127,128,131,127,133,126,135,129,133,126,129,133,128,129,126,126,124,255,178,174,168,177,171,176,174,178,173,177,170,170,200,133,127,131,134,130,134,135,137,133,136,138,137,137,136,139,137,131,134,137,140,136,135,139,141,141,139,138,136,139,141,145,144,143,146,144,146,143,144,143,140,142,141,138,137,139,139,146,139,143,141,144,138,145,139,142,142,139,141,139,141,140,143,143,143,141,142,141,140,139,142,143,143,140,138,142,143,139,143,141,135,141,139,142,140,141,146,139,141,138,143,145,142,144,144,140,138,138,139,140,141,134,145,138,137,138,140,137,143,138,139
150,158,157,160,158,158,156,157,157,164,162,163,173,171,126,124,119,123,123,123,121,126,122,120,119,121,119,120,120,121,115,114,112,113,170,162,156,161,156,161,168,160,163,162,165,165,165,255,126,118,120,124,127,122,134,124,125,125,124,123,123,121,128,123,117,118,114,111,223,167,163,163,164,165,166,167,164,162,165,166,170,225,126,121,123,121,126,125,125,126,129,123,128,122,126,126,124,124,121,120,118,117,109,156,169,169,160,173,169,164,172,170,181,165,168,174,221,130,127,122,129,127,128,128,128,132,128,127,126,130,129,124,125,123,121,119,115,163,173,173,169,163,169,168,174,174,179,172,174,168,248,149,129,128,129,130,128,131,128,131,135,129,132,131,134,131,129,126,126,123,123,255,181,175,173,172,166,175,171,169,173,180,186,185,237,145,129,127,135,129,131,134,134,131,135,139,140,141,138,137,140,139,134,137,133,139,137,137,137,138,140,139,142,140,144,139,141,143,150,150,141,140,142,146,141,141,141,142,145,142,142,143,138,143,142,146,141,139,143,142,146,137,143,143,140,147,142,139,137,142,143,142,145,145,144,138,141,135,139,138,139,144,145,144,137,141,139,141,139,141,141,143,137,142,140,141,143,140,137,136,143,143,143,143,143,135,136,141,140,140,139,140,137,141,138
148,154,156,166,159,160,157,160,161,160,165,160,163,143,120,123,123,123,121,123,123,121,126,121,121,123,126,122,124,119,118,118,118,108,174,164,160,160,163,168,161,164,165,163,173,164,165,243,128,119,121,121,122,124,125,125,123,126,125,123,120,122,121,121,119,119,117,112,197,166,165,159,164,166,163,159,167,165,167,168,167,231,128,125,125,126,123,129,123,123,127,129,126,127,126,122,123,122,122,118,117,118,109,159,170,170,164,170,164,167,165,172,169,172,171,170,193,126,126,126,127,131,123,127,125,127,127,128,125,131,127,125,132,122,124,122,115,162,162,166,166,167,171,164,173,169,173,183,193,169,239,131,125,128,131,132,133,129,132,127,128,131,133,131,133,129,134,130,128,122,123,251,172,176,167,173,170,177,181,176,177,180,181,177,246,140,125,130,130,131,134,132,132,143,140,138,137,137,137,137,144,139,138,136,139,143,136,140,139,140,141,145,141,143,142,139,140,144,150,144,138,141,140,146,137,140,143,137,144,145,140,143,141,140,143,143,142,139,140,140,141,142,140,145,142,146,143,142,141,140,143,142,142,139,149,148,137,138,141,139,141,143,143,145,135,144,139,138,140,139,141,143,143,143,136,139,139,142,146,141,141,143,144,136,140,141,140,136,140,142,139,139,139,136,140
151,153,159,154,161,172,168,165,161,175,168,163,158,144,123,116,119,121,124,120,125,124,118,126,126,118,122,120,118,120,116,112,113,109,180,166,163,163,164,160,167,160,165,162,161,162,163,255,127,123,125,119,124,124,122,123,123,125,123,122,120,120,125,123,122,118,120,112,178,162,159,162,173,164,164,169,163,169,171,170,166,255,131,125,120,121,119,129,125,128,128,127,125,123,125,123,121,123,123,122,120,115,129,165,168,171,166,165,165,173,172,170,172,171,169,169,138,125,121,126,127,130,127,129,128,134,130,130,130,125,125,129,128,122,123,120,107,166,168,171,179,170,170,173,164,174,169,190,190,175,232,133,125,128,127,127,132,129,132,131,130,131,131,133,134,133,131,131,126,123,122,236,174,174,177,175,171,174,180,168,180,180,185,179,216,133,129,125,132,132,135,134,139,136,135,140,138,136,141,141,143,142,142,139,138,142,139,141,139,139,143,144,146,141,141,142,138,139,144,138,140,141,141,135,139,139,140,143,139,142,140,144,136,143,142,146,140,142,142,140,140,142,147,138,144,143,144,139,140,142,140,137,141,141,143,141,140,138,140,141,141,143,138,141,139,139,141,145,144,142,139,137,136,136,143,141,142,140,138,139,137,139,139,145,139,140,141,138,143,139,140,144,139,137,138
153,151,159,159,152,168,163,162,162,163,156,180,163,131,121,120,119,123,119,123,120,122,124,124,118,126,125,123,122,120,121,116,112,107,170,159,191,163,161,158,164,167,167,165,164,166,164,255,130,124,124,123,122,121,126,126,124,126,123,120,122,122,123,121,121,118,118,116,181,163,168,165,167,162,163,160,164,163,162,173,170,255,128,124,126,124,130,125,124,123,123,124,123,123,127,126,126,123,123,121,117,115,155,162,175,167,170,171,167,168,178,168,171,171,171,174,130,123,127,123,124,122,132,127,129,124,128,125,129,125,125,125,122,127,124,123,112,162,168,172,169,170,174,169,169,170,182,176,191,172,252,133,125,130,129,128,130,130,135,133,135,132,135,127,129,126,130,129,128,127,124,227,179,174,174,168,172,172,172,176,187,176,182,174,226,133,130,129,136,130,131,132,134,142,135,135,138,142,138,142,143,142,144,141,144,140,141,139,139,133,141,139,138,143,143,139,141,139,138,136,141,143,142,144,147,139,142,143,144,145,145,146,139,139,143,137,142,144,138,138,142,144,144,144,141,147,141,141,145,143,140,140,143,145,141,141,140,144,143,137,142,148,180,142,140,139,144,141,145,137,143,143,144,139,140,143,137,139,136,136,137,141,137,140,143,143,133,138,144,139,136,141,142,137,141
151,162,165,158,156,160,161,157,162,161,163,157,161,121,122,118,119,122,121,120,124,124,123,121,122,124,123,120,120,117,115,118,117,110,163,163,164,159,163,163,159,163,161,161,156,167,170,255,131,118,122,121,126,123,126,129,122,124,124,123,119,123,123,122,125,116,114,111,167,161,160,165,162,164,164,166,165,163,165,167,172,255,128,124,123,122,120,126,128,124,124,127,126,125,120,122,126,127,123,123,119,119,135,172,166,165,171,169,168,167,169,169,174,166,164,175,124,121,123,127,127,129,128,126,127,127,128,126,127,126,128,129,124,123,125,119,112,167,164,166,173,172,163,169,171,173,175,173,176,177,247,134,127,126,133,127,130,135,132,129,136,130,135,134,130,132,130,132,127,126,128,243,183,173,171,169,173,172,177,186,180,186,181,182,239,134,126,133,131,135,137,132,136,136,134,136,141,138,138,139,141,140,141,133,140,146,141,141,143,145,142,143,145,142,145,142,138,142,139,139,138,140,146,143,144,141,144,139,144,142,144,145,141,141,137,143,140,146,142,143,142,139,142,143,143,146,139,144,143,139,140,143,145,144,141,140,147,143,143,143,139,149,143,143,142,145,140,142,141,140,135,137,140,142,143,143,146,143,137,140,144,142,142,141,137,141,140,141,141,143,144,143,143,143,142
153,160,160,156,159,161,165,161,164,154,164,167,160,124,121,118,120,119,119,120,123,122,118,120,123,120,121,122,118,120,116,120,112,108,159,159,163,162,164,161,160,159,167,163,161,165,170,247,126,121,120,122,123,125,119,126,122,123,119,122,125,123,118,122,121,118,114,111,177,162,164,161,162,169,166,163,158,164,161,166,169,242,125,120,126,121,125,124,126,123,122,124,127,122,130,126,121,122,121,124,122,117,147,162,169,161,163,167,167,172,172,166,170,170,174,168,129,125,127,122,129,125,130,128,124,129,129,124,130,125,128,122,121,126,121,121,111,164,167,169,167,162,165,169,172,172,173,172,194,170,145,126,127,126,132,130,132,131,130,135,126,130,130,134,132,133,131,126,126,123,123,233,174,168,174,176,170,174,176,184,181,181,207,182,232,132,135,132,132,134,135,137,143,142,140,134,140,136,141,138,139,141,141,143,142,139,141,141,140,137,140,139,145,145,150,143,142,141,144,144,137,140,141,141,147,145,142,141,138,141,144,141,141,142,143,143,142,145,142,140,138,141,139,143,140,145,141,145,139,144,141,141,145,143,146,142,140,143,140,150,140,143,141,144,138,139,138,144,139,139,142,139,143,141,144,142,141,141,147,143,143,140,143,139,142,139,137,144,139,137,143,144,141,140,138
152,154,158,157,160,163,163,165,162,163,167,160,167,125,119,120,117,123,120,123,118,119,119,123,119,124,119,122,119,116,118,114,112,103,158,159,158,160,160,158,168,166,161,162,165,163,161,255,126,121,123,122,119,122,123,121,124,121,125,120,120,120,120,120,120,118,116,107,160,160,161,158,164,170,163,162,167,161,168,175,165,243,126,122,121,122,125,125,127,127,126,158,122,122,122,125,117,121,124,117,116,122,164,161,161,173,167,173,172,176,162,173,162,170,176,169,125,123,123,127,127,131,131,125,127,128,128,130,125,125,129,123,127,123,122,117,115,159,167,166,165,173,170,170,170,177,171,175,175,173,204,125,127,132,129,131,128,133,130,133,127,130,131,134,127,133,128,129,127,121,124,220,182,170,174,178,174,182,175,184,179,191,175,171,242,134,127,131,128,137,142,136,135,136,140,139,140,141,137,138,142,143,143,142,135,139,138,143,140,142,141,140,138,140,143,142,141,144,146,140,141,137,142,146,140,141,141,138,139,145,140,142,143,143,136,148,140,140,144,144,143,143,144,142,142,143,137,143,143,144,142,146,141,146,144,139,140,139,143,141,140,140,140,138,140,141,146,144,143,137,142,143,141,144,141,143,147,140,144,136,138,140,141,144,144,139,140,136,142,140,140,138,145,139,140
161,160,160,179,163,162,163,160,167,176,169,166,161,120,115,119,121,115,120,118,119,121,119,120,123,123,120,119,119,116,118,114,110,105,158,158,166,160,162,158,158,162,161,166,162,163,166,239,125,120,120,123,121,120,120,122,122,120,120,119,125,123,124,121,121,114,119,112,166,165,163,159,165,164,167,166,168,173,165,174,170,231,128,123,126,120,123,123,124,123,125,125,120,124,119,124,124,126,118,121,116,116,162,163,163,164,163,164,170,166,164,181,182,171,173,175,128,119,125,126,124,128,123,124,126,123,128,127,129,127,123,122,127,120,125,119,159,171,167,169,171,171,167,173,170,172,171,171,171,171,168,129,126,129,129,128,126,127,130,130,137,133,132,134,130,127,130,122,129,125,122,187,169,176,176,172,178,176,177,175,178,180,177,190,255,144,129,131,133,131,137,133,138,136,134,132,138,140,139,142,137,142,138,142,140,143,138,141,147,141,141,139,141,138,143,144,143,145,140,143,145,142,143,143,139,149,141,142,147,142,136,144,143,141,145,144,142,143,142,143,141,146,143,144,141,140,140,141,145,147,138,143,145,143,142,143,137,141,141,145,140,143,141,143,137,138,141,143,138,138,138,140,136,139,142,144,140,144,142,143,141,135,143,141,147,143,138,138,144,138,144,137,136,141,137
158,157,160,160,162,165,166,169,163,172,165,163,163,120,118,116,120,116,121,121,117,120,117,119,109,117,116,117,115,114,117,115,114,103,157,163,158,162,160,159,167,160,164,168,170,168,176,252,123,119,120,121,116,120,120,120,125,122,118,120,119,119,122,121,119,118,117,111,156,161,166,163,164,166,165,163,166,164,162,173,169,255,130,124,122,122,119,126,123,122,121,122,123,121,125,120,122,119,123,122,120,113,191,164,164,165,168,166,176,166,166,168,171,165,168,174,124,122,127,124,127,124,125,127,129,127,128,127,126,126,124,121,126,125,120,114,140,168,175,165,170,175,167,168,167,170,167,178,172,173,188,131,127,126,130,129,131,131,129,132,131,133,127,133,125,134,130,127,128,124,123,182,177,173,173,174,173,168,173,173,177,179,180,183,255,134,130,134,130,132,137,141,141,137,136,136,139,140,139,139,144,154,142,137,136,142,137,141,139,143,143,143,143,140,143,143,142,139,141,140,142,142,141,144,145,144,143,139,148,143,141,144,144,145,141,144,146,146,146,145,145,142,140,143,144,142,146,143,149,147,145,145,144,141,146,145,141,144,138,138,143,140,141,137,137,139,143,140,144,140,138,140,135,142,141,142,144,139,142,139,145,145,145,142,138,148,141,140,139,143,144,140,144,144,137
159,154,162,156,164,167,160,164,160,166,160,169,163,127,124,119,119,176,126,120,119,118,116,116,117,115,117,121,117,114,115,113,115,105,158,163,162,166,164,157,164,162,164,160,163,229,171,220,126,118,116,119,119,122,121,121,121,119,122,117,118,119,117,122,120,117,112,108,159,162,161,164,166,169,167,165,164,169,170,166,169,237,126,123,119,118,119,120,119,117,119,118,121,121,120,123,119,117,122,118,117,118,135,161,169,162,187,171,168,170,167,165,171,171,170,178,126,122,121,124,124,124,126,126,128,125,126,124,125,124,124,123,120,127,117,116,176,172,168,172,176,172,172,170,178,172,165,192,174,172,164,126,127,128,129,125,130,126,124,129,125,125,127,129,127,130,127,131,128,125,125,171,176,173,175,173,175,169,179,172,175,177,185,180,255,136,130,134,129,135,135,138,138,136,141,141,146,140,135,139,142,139,142,139,140,144,137,143,142,139,146,140,139,141,143,143,143,146,149,144,141,145,139,145,142,139,145,143,148,144,147,151,144,144,145,146,142,142,139,141,142,143,138,144,143,140,145,145,143,146,143,143,142,141,140,140,138,145,150,139,139,144,139,141,140,144,143,140,141,143,139,138,138,143,146,143,140,141,143,137,140,138,140,142,141,140,139,138,141,139,137,141,141,141,142
151,149,173,157,153,161,154,159,158,159,164,161,164,214,250,255,215,219,165,255,233,211,197,164,114,118,166,165,114,106,114,116,113,255,167,160,156,162,165,165,165,160,165,162,162,165,167,255,132,124,123,122,121,121,121,120,119,121,121,122,115,180,212,147,119,114,116,106,162,162,163,160,168,164,163,166,165,163,170,174,168,255,127,126,121,121,120,119,217,197,196,255,155,248,124,157,229,215,123,114,115,121,136,159,164,166,169,166,164,172,166,170,170,174,168,180,126,122,122,120,125,122,120,123,120,123,122,123,123,122,125,122,124,122,124,119,112,162,167,172,169,173,172,167,170,171,174,172,171,173,186,129,126,127,125,128,127,125,124,123,127,124,127,128,128,122,130,128,125,127,120,176,175,169,172,173,172,173,172,176,187,182,184,191,255,140,127,130,133,134,134,135,135,142,139,142,140,139,137,143,137,143,145,141,143,143,141,141,140,142,138,144,141,141,140,140,142,146,148,147,142,144,145,149,144,144,144,143,142,138,142,146,143,144,146,144,141,140,143,144,145,145,142,142,143,141,139,141,141,140,145,138,139,142,139,148,143,140,138,143,142,143,145,143,141,148,147,144,141,139,144,141,138,139,143,140,138,143,136,144,141,145,144,143,139,143,146,142,144,143,143,137,141,142,141
165,155,153,153,156,164,161,163,159,160,158,163,168,165,177,162,167,164,159,165,163,160,164,162,162,161,162,159,163,164,160,159,162,160,164,163,162,162,165,163,168,165,172,164,163,160,168,165,223,255,223,181,216,214,253,245,255,236,255,255,236,255,255,255,255,255,206,164,164,161,162,158,162,162,167,164,169,166,217,171,171,243,255,255,123,118,160,169,216,221,203,179,165,212,242,245,209,255,126,142,123,119,238,169,166,165,166,166,169,167,167,167,170,171,169,171,134,126,122,125,122,123,121,127,124,121,121,128,120,118,121,120,121,117,120,122,139,166,170,169,169,169,168,170,180,169,185,174,172,164,139,124,131,123,122,124,125,122,127,161,128,125,124,122,120,124,121,126,124,124,119,170,174,171,173,176,170,170,167,171,174,178,182,182,247,133,130,135,134,135,135,130,139,138,140,140,135,137,140,138,142,137,140,140,142,142,139,145,139,140,147,141,149,140,143,143,141,141,142,137,141,143,142,144,146,144,138,143,139,139,141,146,145,138,142,136,144,144,140,145,146,143,147,142,140,142,141,143,149,144,146,141,140,143,142,143,142,139,142,141,141,141,141,147,142,143,143,144,145,142,139,141,137,138,142,139,141,144,141,141,143,142,146,144,143,141,140,145,140,143,140,139,143,143,138
159,160,159,157,157,156,159,153,158,165,161,162,160,166,165,165,158,164,162,158,163,164,170,156,156,161,162,161,164,160,157,158,155,161,158,163,163,166,160,167,161,163,174,163,169,157,165,166,165,169,163,166,167,163,168,163,161,161,167,161,161,163,167,166,164,161,164,162,162,164,179,170,163,168,163,163,167,163,167,166,169,157,160,167,168,162,165,166,166,160,160,164,163,168,162,166,166,167,160,162,164,155,160,157,165,170,165,165,168,168,167,175,171,170,169,173,255,207,255,255,255,249,136,173,127,158,179,229,198,184,121,113,113,116,112,198,229,171,169,169,170,172,166,168,175,165,177,166,172,185,166,143,120,221,142,231,255,255,255,255,141,123,153,121,181,133,123,125,122,129,123,167,173,174,177,171,176,176,176,175,180,180,173,184,210,129,132,132,136,134,136,138,137,135,139,141,137,140,142,139,142,149,142,138,143,136,142,138,143,139,139,142,143,143,142,147,145,146,143,141,144,146,141,144,140,141,138,146,143,143,146,143,142,139,135,140,143,141,144,140,146,140,142,140,142,141,141,134,140,137,144,143,137,143,143,141,140,147,145,142,141,137,144,143,141,140,140,145,140,142,140,139,142,140,137,141,146,142,140,145,141,143,140,141,143,143,140,141,138,144,140,142,144,142,145
159,159,159,161,158,159,156,155,164,160,166,160,163,157,163,166,162,165,165,163,163,158,162,163,164,166,166,161,162,164,161,160,167,161,158,159,168,163,166,167,163,169,167,167,168,162,164,161,164,166,166,165,164,160,162,166,162,164,163,161,160,165,167,160,165,164,164,160,163,163,178,176,169,164,169,162,161,168,170,171,163,171,165,169,160,171,160,167,166,163,168,168,166,163,164,166,164,171,169,164,165,162,169,160,166,164,167,173,178,172,164,166,165,165,167,167,172,166,171,170,170,169,169,170,169,165,167,172,168,165,160,204,166,167,164,163,162,166,168,165,168,166,171,170,167,175,174,173,169,170,170,172,173,170,193,197,229,210,206,195,180,192,203,179,226,243,255,255,255,255,205,176,177,175,173,170,174,171,175,173,180,180,178,179,215,130,131,129,134,136,135,134,138,138,143,139,139,137,139,141,144,139,138,146,141,141,149,141,137,141,138,140,143,146,137,143,145,140,142,147,143,141,142,148,144,141,140,147,137,142,140,145,145,143,142,150,144,143,142,142,143,146,144,142,141,140,141,143,140,145,140,142,141,146,138,141,141,146,146,142,143,146,142,142,146,139,141,143,144,147,140,143,141,144,140,137,139,139,143,147,142,140,142,145,142,143,137,139,142,144,143,141,142,138,140
157,159,154,159,164,158,165,163,160,160,153,164,221,160,158,158,165,162,160,165,158,166,237,167,161,164,160,161,157,156,159,158,162,165,165,158,156,169,163,165,168,170,157,166,164,159,166,166,167,167,168,166,167,166,162,161,163,163,162,166,166,166,168,160,163,165,163,158,162,169,162,165,166,165,167,169,163,166,169,169,167,168,171,168,165,163,163,169,163,165,161,163,172,167,163,165,162,177,166,163,163,166,166,167,171,169,164,170,165,169,165,166,172,167,161,162,168,169,170,172,171,170,168,168,167,168,174,168,167,170,164,168,169,174,170,165,170,166,166,167,169,168,166,161,172,179,172,167,167,167,171,183,175,174,171,175,176,172,177,173,169,169,171,178,171,171,174,173,173,176,176,177,170,171,180,172,178,171,176,173,178,181,177,179,200,132,125,132,140,134,140,139,145,138,138,144,136,137,135,138,141,141,139,138,142,138,139,143,140,141,142,139,139,143,148,145,145,143,140,145,144,144,142,142,136,142,140,142,143,146,141,146,143,144,141,147,141,144,142,150,144,143,141,145,140,147,148,144,142,141,142,141,139,145,143,145,145,142,142,144,145,136,148,146,141,143,143,140,142,146,141,144,142,142,146,141,142,142,139,142,148,145,142,139,139,141,140,141,142,140,143,140,142,136,141
163,162,164,170,165,159,161,166,161,159,159,160,164,164,164,160,162,163,167,173,159,160,162,162,154,159,159,164,159,166,167,163,165,163,164,163,159,165,163,164,164,158,158,167,170,168,163,165,160,164,165,165,160,160,170,168,166,164,160,165,165,165,168,162,165,164,166,175,166,167,158,166,165,165,162,166,165,161,172,167,168,164,165,165,165,165,163,168,165,169,160,166,169,166,166,165,170,162,164,167,168,164,170,168,170,163,166,170,163,167,170,167,165,163,167,165,169,167,170,167,169,167,165,172,170,168,164,170,169,170,165,173,173,168,171,166,161,166,168,172,170,167,169,168,174,167,174,174,169,178,166,168,171,175,173,175,170,170,173,169,172,171,173,167,170,168,175,167,170,168,173,176,180,180,255,210,180,172,177,172,173,176,175,178,242,136,128,132,131,134,136,135,142,135,134,135,136,137,138,139,134,143,146,136,138,140,141,143,144,144,140,142,147,151,164,142,145,138,138,143,142,148,148,148,144,145,147,145,145,146,143,140,141,142,146,143,146,144,142,144,141,143,141,143,146,142,141,145,142,140,139,139,136,141,144,146,144,144,140,142,142,140,140,141,141,142,142,138,143,144,139,144,146,144,138,140,137,142,144,141,146,146,146,141,140,144,139,137,141,142,139,137,138,142,141
155,165,165,158,165,153,161,153,158,158,163,160,167,163,161,163,168,162,161,163,168,161,159,160,158,164,160,162,161,162,166,156,162,165,161,164,163,159,162,160,162,163,165,161,162,165,164,163,161,162,161,166,166,169,163,165,164,168,163,164,163,163,166,161,168,165,165,164,165,169,171,165,165,167,166,171,169,168,166,164,165,163,168,165,167,167,163,166,167,165,169,162,164,162,161,163,163,168,163,168,164,168,164,165,163,163,174,165,170,170,168,168,169,169,168,164,165,169,165,165,171,174,172,161,163,166,167,171,167,169,163,166,168,168,172,165,166,175,166,169,168,171,170,173,176,176,167,171,171,174,174,169,174,167,173,172,169,169,173,170,173,169,168,171,168,169,169,168,169,172,174,174,177,213,72,147,171,179,174,174,176,177,175,179,197,131,131,131,135,134,136,139,139,139,133,138,143,137,142,138,141,146,140,140,142,143,138,140,140,143,143,144,135,144,146,140,142,142,143,142,140,146,145,144,140,144,146,139,146,148,142,141,142,146,144,141,146,146,144,143,142,144,139,141,145,140,135,145,142,143,144,144,138,140,141,144,144,145,146,140,142,138,145,140,140,143,142,141,134,140,143,141,143,143,144,144,139,135,136,139,134,144,144,142,135,143,145,147,146,144,144,141,135,143,139
160,160,158,161,159,161,159,159,160,158,161,167,160,160,155,160,160,165,160,159,166,165,164,163,160,163,166,162,161,163,160,161,163,164,160,164,165,159,163,160,161,163,165,167,164,159,171,158,165,164,171,163,163,167,165,168,162,165,160,167,163,165,159,158,166,169,163,167,164,165,169,165,167,165,166,168,171,177,165,165,164,170,169,165,164,164,166,162,165,164,162,166,167,170,166,168,165,168,166,166,167,166,161,161,166,171,166,170,176,170,162,177,169,171,167,172,166,171,177,174,172,171,166,168,168,166,166,170,167,167,165,169,172,168,168,169,171,171,174,167,173,168,172,168,174,171,168,170,173,173,175,171,171,176,167,174,169,174,173,174,174,170,164,173,172,172,167,173,165,175,178,178,174,220,65,203,177,168,175,176,176,175,183,175,197,129,128,128,132,134,134,139,144,140,140,140,143,136,145,139,140,138,144,139,143,143,142,139,144,140,144,142,143,145,142,146,145,141,138,138,143,141,145,143,139,144,142,147,150,145,146,145,138,142,141,142,145,145,144,144,141,146,140,140,144,144,141,146,142,134,143,140,147,146,147,141,139,140,140,139,140,144,141,148,142,146,143,144,143,138,146,140,141,141,140,143,138,138,138,141,142,142,148,141,146,142,142,146,140,140,137,142,142,147,143
154,154,161,160,159,158,153,162,160,160,158,162,157,164,158,165,159,162,155,163,161,164,159,165,167,163,164,162,165,158,173,161,162,161,169,168,158,163,160,159,161,169,161,162,166,161,166,165,163,166,167,168,159,164,167,164,170,165,164,163,162,164,166,163,160,165,165,167,167,160,165,169,167,165,162,175,165,168,163,166,165,167,161,212,166,167,169,174,165,167,165,166,161,164,165,171,168,165,163,162,168,163,170,167,168,164,169,165,168,170,168,166,173,165,166,169,170,169,170,167,167,167,164,167,170,167,165,172,168,166,167,163,163,165,164,168,172,168,167,168,169,166,168,170,170,170,174,169,169,164,170,167,168,172,175,170,176,171,177,171,171,176,175,168,169,171,172,175,174,170,168,171,175,235,63,235,171,174,184,175,169,180,177,175,172,134,130,131,133,140,139,137,134,138,141,142,139,137,140,141,143,135,142,142,144,140,141,143,137,141,147,140,141,142,144,145,139,145,145,143,140,141,144,141,142,138,145,143,147,146,140,137,140,145,145,139,147,142,141,141,148,151,141,143,147,140,144,142,141,145,143,142,144,141,141,142,145,141,141,147,140,146,144,144,145,143,142,141,142,140,138,141,140,142,146,146,141,140,142,142,143,139,138,139,140,140,140,145,140,138,141,143,140,139,140
158,163,160,156,165,154,167,159,160,163,157,162,163,159,161,160,163,158,163,165,163,164,162,160,157,160,158,159,161,165,164,161,161,159,159,158,159,172,162,166,161,163,166,162,167,163,175,162,163,166,160,165,162,167,168,170,162,163,161,156,159,162,165,164,162,161,164,159,164,166,172,163,167,162,160,166,160,167,164,167,161,164,168,175,163,166,164,164,171,167,163,169,164,166,164,163,165,169,166,160,163,161,164,161,165,169,168,166,164,165,168,172,170,169,164,170,165,174,166,173,165,166,168,169,167,167,164,169,165,165,170,166,164,165,168,171,168,169,171,169,171,171,168,173,168,173,173,170,170,172,170,162,166,171,170,167,168,177,172,169,169,182,173,170,168,166,170,176,170,173,172,171,175,232,65,228,170,173,177,182,176,180,179,182,146,130,129,131,136,130,134,136,135,138,140,139,142,137,138,143,142,146,142,145,140,142,141,142,146,144,144,141,140,143,147,144,141,144,143,143,141,142,143,143,144,143,143,147,142,142,144,144,145,143,142,146,144,144,144,142,140,142,140,140,139,141,143,140,139,144,143,142,146,144,144,143,149,142,142,146,141,145,141,143,143,145,143,137,141,140,139,139,142,144,140,141,139,142,139,141,140,141,138,142,141,147,143,144,143,137,135,138,139,138,139
160,159,162,158,158,162,155,163,159,160,165,161,165,160,158,159,163,161,164,160,159,163,168,163,167,155,162,164,162,163,163,160,160,164,157,158,162,163,157,168,162,164,171,167,159,164,171,169,163,164,165,160,163,165,161,166,165,165,161,169,162,165,163,165,158,162,162,162,166,162,163,167,163,168,165,165,169,163,164,166,171,167,162,166,163,169,166,168,167,165,164,168,169,167,160,157,165,164,163,166,169,163,165,163,173,169,168,170,171,170,166,171,169,168,175,172,167,166,168,169,172,166,173,165,167,167,167,166,170,164,171,163,166,161,167,166,167,167,166,168,164,173,168,174,175,170,171,173,170,168,172,175,169,174,171,168,171,173,174,171,169,174,170,168,172,179,170,171,170,173,174,171,174,217,64,213,178,165,170,175,174,174,180,175,165,129,128,130,135,140,136,136,136,139,137,139,140,138,142,141,139,144,142,138,140,142,139,140,144,142,140,149,146,142,141,141,142,143,143,144,140,141,142,144,146,142,146,143,143,143,142,141,146,147,145,141,143,147,145,144,147,137,144,143,138,142,141,144,143,143,146,144,141,143,143,145,145,144,146,141,137,137,142,140,170,142,138,145,138,140,144,143,139,138,147,147,140,138,143,138,143,143,140,140,142,139,142,141,139,140,144,143,138,141,141
160,161,155,162,159,159,159,158,159,166,164,167,161,164,161,163,161,160,164,162,163,169,163,163,161,161,161,156,163,162,162,162,165,159,164,160,160,164,161,161,159,162,165,160,204,165,169,168,163,175,163,165,166,161,162,161,164,162,163,166,165,166,161,163,168,162,160,164,164,163,166,166,161,174,171,165,163,167,169,164,170,168,173,164,170,167,171,167,167,164,165,169,165,164,165,167,164,163,167,162,172,167,165,163,169,165,171,167,168,166,169,167,163,164,166,166,169,170,166,171,170,171,167,168,167,169,169,168,173,167,160,174,169,172,172,171,165,171,173,173,170,164,176,169,167,175,173,175,175,171,174,174,169,171,169,170,171,166,170,172,174,170,174,168,176,166,172,169,175,177,169,170,176,218,68,205,174,174,185,181,181,177,173,192,131,127,134,131,134,134,139,136,139,139,142,138,144,136,137,145,145,141,142,143,141,144,150,148,141,142,140,143,140,145,141,143,141,142,142,142,140,142,143,144,139,149,150,143,141,142,145,141,142,140,143,146,147,144,147,142,146,140,141,144,139,147,142,146,139,144,146,142,145,141,143,143,141,144,139,143,141,140,141,144,142,145,140,145,144,147,144,142,137,140,141,139,141,144,143,148,143,142,142,142,140,143,140,143,141,143,138,142,133,141,141
152,160,162,167,153,163,159,155,164,159,164,163,160,162,162,155,164,168,161,163,161,163,160,163,162,161,160,161,159,162,160,164,163,158,164,159,160,159,159,159,165,178,166,173,165,163,166,165,162,167,169,161,169,169,165,162,157,166,159,159,160,164,164,166,168,162,166,173,166,162,162,166,165,165,163,167,170,162,171,170,167,169,164,164,163,167,168,161,164,162,166,165,176,171,164,162,165,168,163,168,163,164,166,166,164,166,167,169,170,167,166,175,166,168,169,165,163,164,165,170,171,168,171,166,169,167,166,166,166,171,167,170,165,167,168,168,169,173,165,161,168,166,167,170,166,171,171,170,171,166,170,174,173,171,170,168,176,173,172,167,166,172,168,172,168,169,174,168,171,174,175,167,176,207,67,189,171,168,177,174,173,182,174,176,127,121,130,134,130,133,132,139,141,139,142,141,139,139,138,142,139,137,135,142,138,144,147,144,141,137,144,146,142,139,147,145,141,144,142,141,145,145,142,137,145,146,146,140,143,148,146,143,145,141,143,146,142,147,142,140,142,146,141,146,143,139,140,144,143,147,143,144,146,143,145,140,139,143,141,146,142,143,140,146,146,143,140,146,139,149,140,141,137,137,139,140,144,143,144,139,143,143,139,145,139,141,140,142,144,139,140,146,143,145,138
159,160,161,159,160,164,159,156,162,161,160,159,159,159,161,163,166,159,161,158,166,164,163,161,165,163,167,160,157,158,163,166,163,160,159,162,163,163,165,164,161,163,159,160,164,177,163,167,163,170,166,164,161,162,161,168,164,167,164,163,166,162,167,160,164,163,161,165,164,165,165,170,165,165,167,166,160,163,172,163,167,166,166,164,167,165,167,166,162,167,168,167,171,169,168,168,168,168,164,169,163,169,165,168,166,174,162,168,168,168,169,167,167,173,167,171,171,169,166,169,165,171,162,169,168,171,173,166,164,165,173,163,165,170,170,164,164,170,172,169,167,167,169,166,172,168,168,168,170,166,176,170,170,172,170,170,169,170,175,170,172,165,167,171,173,171,176,171,178,175,172,173,174,165,62,182,176,174,180,178,176,173,173,178,135,129,131,130,129,136,137,137,139,138,135,136,136,137,140,138,142,145,145,135,139,146,141,141,144,139,143,140,139,139,143,141,142,143,143,145,145,141,141,141,142,141,142,146,146,139,147,148,146,145,148,142,140,142,140,145,142,145,141,143,143,142,142,143,140,141,141,139,144,140,143,144,144,149,145,139,141,142,138,152,145,141,143,141,142,141,140,145,138,142,139,143,140,141,141,144,140,141,145,139,137,139,143,144,144,141,146,141,139,142,136
158,158,154,161,162,162,157,162,163,163,158,158,162,165,165,158,161,159,160,159,167,167,159,163,169,155,171,159,171,157,156,160,157,157,157,159,157,162,160,159,162,159,167,164,168,178,172,168,162,159,160,164,164,164,163,157,161,167,158,166,161,161,163,161,162,167,168,166,162,159,167,170,161,168,162,170,166,166,167,164,165,168,163,164,166,160,163,167,165,167,170,165,170,168,165,169,168,163,166,168,166,167,167,165,163,166,169,168,168,170,170,173,171,168,168,165,166,169,172,168,172,173,166,166,167,168,168,167,167,176,165,169,170,166,169,169,170,170,167,170,167,168,168,167,168,162,171,169,171,173,172,170,172,171,177,173,175,171,173,172,169,176,211,172,168,173,174,171,168,177,177,172,178,112,64,176,178,175,184,181,180,168,174,173,128,131,132,135,136,135,139,142,140,138,144,141,145,140,142,144,144,145,140,142,137,140,145,141,140,143,148,144,140,143,148,149,142,144,143,140,146,139,141,141,141,146,142,144,145,147,144,149,146,144,142,144,142,144,143,145,143,146,145,144,143,145,143,147,151,144,138,142,142,144,141,145,141,142,145,147,145,143,144,145,146,145,135,143,141,142,143,141,141,141,141,145,145,142,143,141,137,141,139,139,139,136,135,144,144,137,142,143,140,137,140
160,160,163,162,160,158,163,165,152,159,164,164,249,112,106,106,108,106,105,104,106,105,102,99,98,98,96,99,96,104,107,113,138,206,162,155,163,165,161,166,166,164,162,169,161,165,166,240,248,255,254,236,233,232,193,191,183,183,177,188,174,169,164,167,168,159,154,161,163,166,168,163,167,162,163,166,168,164,166,169,167,169,165,171,166,169,163,169,167,163,166,163,170,164,166,162,162,162,161,162,162,167,160,170,168,171,168,171,168,169,166,165,165,164,170,170,167,168,169,173,167,168,165,164,170,166,167,175,171,168,166,173,173,168,163,169,168,175,163,172,175,166,171,172,172,169,172,171,166,166,172,168,169,172,176,170,175,171,170,171,172,171,170,175,174,176,169,172,169,168,177,171,172,82,68,176,179,171,172,182,178,176,172,186,129,127,132,137,135,132,138,139,135,139,142,137,143,141,136,141,138,140,138,140,136,143,143,141,139,138,140,145,144,147,146,143,140,139,141,141,140,141,145,140,145,141,141,144,147,147,146,147,143,140,142,145,143,137,145,143,143,143,144,142,145,139,149,145,143,142,146,139,146,146,147,144,143,144,145,141,142,145,145,144,142,143,142,142,139,140,138,143,142,138,142,139,143,144,141,142,140,141,145,137,147,143,145,142,135,140,139,139,144,138,141
157,160,161,160,162,158,164,161,159,165,164,157,249,121,114,116,116,118,116,117,121,115,117,115,118,117,111,113,114,114,112,109,108,240,166,157,161,161,164,165,175,163,161,166,165,164,189,130,115,116,115,114,115,117,113,111,116,114,114,113,112,115,111,112,117,109,109,216,173,164,164,165,164,169,164,168,162,169,163,170,177,110,103,106,104,112,126,145,151,176,193,213,224,236,241,244,238,247,249,255,246,225,169,165,161,159,163,164,166,174,169,171,170,167,167,169,180,169,172,171,171,174,178,172,170,169,165,165,169,165,166,169,169,166,167,164,161,167,169,167,168,174,171,171,170,171,170,167,168,175,173,169,174,173,169,174,173,169,167,175,168,173,169,178,176,180,168,172,175,172,175,170,179,200,232,180,181,181,179,177,184,182,174,187,126,125,135,133,136,131,135,137,139,135,135,137,142,142,143,137,141,145,139,139,135,140,139,141,142,144,143,144,143,143,143,146,141,141,141,143,143,142,147,140,142,141,141,140,149,143,147,144,139,143,143,146,139,137,144,144,143,143,142,149,143,142,142,145,143,140,142,146,139,146,147,145,141,145,141,144,145,145,141,138,141,146,146,143,147,142,146,142,145,139,137,142,141,143,141,141,143,140,143,139,140,137,141,147,141,145,145,141,143,134,139
164,152,157,163,160,160,157,164,159,159,164,168,255,126,119,113,119,119,120,123,121,116,122,119,120,113,119,118,116,115,117,113,113,218,166,164,164,163,165,162,164,162,162,160,164,165,208,122,115,119,121,114,120,118,115,121,119,117,119,117,121,122,116,119,111,114,111,224,163,167,163,164,165,173,164,161,167,167,166,170,224,126,118,118,120,116,119,119,117,122,119,119,119,115,120,121,118,119,118,116,114,116,168,165,170,168,170,167,169,167,162,164,166,172,171,191,119,114,116,114,112,116,121,114,117,115,117,114,110,106,107,101,105,103,106,146,171,177,173,168,169,167,170,173,172,167,171,172,169,180,255,255,255,255,255,255,255,255,255,232,223,215,200,215,243,230,178,170,174,168,169,171,174,171,179,179,173,175,175,177,184,189,178,201,129,132,133,134,138,135,136,136,136,138,137,139,140,137,138,136,138,142,141,144,139,143,142,143,142,141,140,140,141,141,141,143,141,142,142,142,145,143,144,141,145,140,145,145,145,145,142,143,141,145,143,143,141,141,140,141,143,147,142,141,141,143,141,145,143,148,143,139,147,141,144,137,143,143,148,141,143,143,143,143,143,143,140,141,143,142,137,143,143,142,139,138,141,136,147,142,142,140,145,141,142,140,140,140,146,144,143,139,143,142,143
157,164,158,159,161,159,162,167,160,163,159,165,232,119,118,124,117,115,119,120,120,119,115,120,121,119,119,122,117,119,110,113,111,205,164,158,168,159,169,164,163,164,164,159,162,162,255,131,117,118,122,122,123,117,121,118,122,117,115,120,119,120,119,118,121,115,122,210,167,165,164,161,165,171,166,168,167,162,166,170,255,127,121,120,120,119,123,121,121,120,123,123,123,119,119,121,117,118,117,119,119,107,161,161,169,168,162,175,175,167,179,177,173,173,173,225,126,123,127,119,117,123,125,115,124,122,122,124,120,121,120,120,119,119,123,113,175,170,163,165,167,165,169,172,175,174,171,173,174,248,130,121,124,126,121,124,130,124,126,125,122,122,126,122,125,122,125,119,118,116,188,175,179,173,177,175,176,182,179,176,172,181,190,240,144,128,130,135,135,137,136,135,139,136,138,138,143,138,141,141,137,140,140,144,140,144,139,141,146,139,139,141,143,139,140,143,142,144,141,140,142,139,143,136,142,147,146,137,143,145,141,142,141,144,142,136,142,148,144,145,143,146,145,143,151,143,142,147,143,144,149,144,141,146,141,142,141,145,143,144,140,144,143,142,141,142,143,146,143,141,147,144,143,144,141,138,145,137,143,137,140,142,145,143,139,142,144,140,140,145,144,144,142,142,139
157,161,161,160,161,158,160,160,162,164,164,161,161,119,118,122,119,122,119,122,122,121,121,124,116,120,122,116,120,123,115,115,114,179,160,164,167,162,163,157,161,168,162,165,160,172,215,128,121,122,122,125,124,123,124,120,125,120,119,118,120,122,122,116,121,119,117,209,160,163,167,161,165,166,169,162,169,168,163,170,255,130,120,122,124,122,124,122,123,126,119,121,125,124,120,122,123,122,123,119,116,109,161,171,167,165,166,165,170,170,167,168,173,168,173,215,130,126,121,126,126,128,125,126,126,124,124,124,127,124,124,123,121,123,119,115,161,168,169,169,183,172,164,173,170,170,167,175,171,255,132,124,126,125,126,126,123,126,128,127,125,128,124,123,119,126,120,127,125,124,248,178,174,166,175,171,188,179,175,180,183,167,167,255,167,131,134,134,131,135,138,139,132,137,138,141,138,140,142,138,142,148,142,139,142,151,147,141,142,141,142,145,142,141,141,143,145,139,144,143,141,144,139,142,141,144,145,141,141,140,142,144,142,145,141,141,144,140,140,144,146,138,139,139,144,143,142,142,146,142,140,146,146,140,148,142,140,141,142,141,143,142,144,140,144,144,143,143,144,143,141,140,141,143,143,142,144,143,142,146,144,141,143,140,143,151,144,142,145,140,140,140,140,142,143
156,160,157,161,161,161,160,161,158,164,166,164,132,122,120,119,126,120,119,122,124,125,126,121,119,125,121,122,116,121,116,113,108,195,164,161,173,165,160,162,165,177,165,161,167,166,252,127,122,123,124,124,125,121,122,123,122,121,125,124,127,120,124,114,121,117,119,194,163,165,162,164,165,168,165,168,164,169,168,173,238,127,122,120,125,127,120,127,125,124,125,126,122,124,122,123,126,125,125,120,116,111,158,165,162,168,165,161,165,166,167,174,171,165,171,220,129,127,124,124,121,130,124,129,127,128,125,121,129,124,124,122,125,120,121,116,166,168,165,171,175,167,169,166,172,173,170,172,177,248,133,130,126,130,128,132,127,127,126,131,129,128,129,131,125,129,126,127,123,124,255,175,181,177,178,182,176,175,177,165,175,178,204,232,157,137,132,135,135,144,137,140,137,143,136,136,140,140,142,138,139,141,140,139,139,144,145,147,148,143,145,148,141,143,139,142,145,142,144,143,145,144,142,147,142,146,141,142,143,143,141,143,146,146,145,145,140,148,144,139,146,139,141,144,142,139,146,147,142,139,145,142,143,149,145,154,144,146,145,144,135,143,139,143,142,143,143,144,141,144,141,136,143,139,142,143,144,146,141,141,141,143,140,141,142,140,142,147,142,141,143,142,141,143,141
161,156,158,159,161,163,160,163,159,160,162,170,121,123,117,122,122,123,117,121,123,122,125,124,124,123,118,119,117,118,118,114,113,174,157,161,166,163,164,161,165,166,169,167,170,167,255,129,119,125,123,121,121,126,126,129,123,120,125,124,125,127,120,122,119,118,114,203,172,170,164,165,167,163,167,171,168,172,169,174,247,130,123,125,126,123,128,125,121,125,127,128,125,127,131,122,121,125,119,119,116,122,166,167,166,165,168,171,173,167,171,171,173,171,169,186,127,124,124,124,128,125,128,128,125,130,129,125,130,124,126,128,124,121,119,111,170,171,172,171,172,164,171,175,167,171,173,178,170,255,134,127,124,128,125,130,129,129,129,127,131,133,126,127,129,130,130,127,123,126,255,172,170,174,176,175,185,178,173,173,172,188,179,247,167,142,129,142,167,141,134,135,141,139,133,139,136,141,146,140,137,141,140,141,140,140,139,145,141,142,139,140,141,145,141,145,140,146,148,144,139,142,140,142,143,143,145,143,143,142,138,140,143,144,144,141,143,140,140,144,141,142,141,144,144,138,144,150,147,146,147,141,144,144,145,141,139,143,142,142,149,142,145,140,140,142,142,145,138,139,143,142,140,144,143,139,145,143,147,143,142,138,142,143,144,141,141,144,141,144,141,140,141,140,142
162,158,160,162,160,164,160,164,166,159,163,169,118,122,119,117,122,119,121,123,125,128,125,124,125,119,122,124,118,120,119,112,112,169,161,164,159,160,165,159,160,170,162,164,169,162,255,125,123,123,123,122,123,123,125,125,120,126,124,119,126,124,123,120,118,117,111,187,167,159,166,168,165,167,163,165,168,166,168,169,250,131,124,124,123,124,125,124,127,133,125,126,125,125,126,121,124,121,124,116,118,140,163,172,169,166,163,170,166,169,170,172,166,173,171,155,126,121,125,126,130,127,124,133,128,124,126,125,132,124,128,128,123,123,121,115,164,174,175,175,170,173,170,173,172,176,169,176,178,255,132,125,125,122,134,128,131,131,132,130,134,133,134,128,131,129,134,128,126,126,249,181,174,176,177,172,171,177,175,174,173,185,181,255,136,130,133,133,138,141,135,135,138,135,137,136,141,139,139,138,138,142,142,141,141,141,138,141,135,141,139,138,145,141,145,141,147,141,137,138,147,141,140,145,139,142,142,146,142,142,146,142,146,148,145,139,140,144,139,142,144,141,142,142,141,145,142,149,146,150,158,145,146,145,145,145,142,145,145,143,147,139,145,142,146,144,142,144,145,152,144,142,144,143,142,141,142,142,135,136,143,139,143,146,143,142,143,136,141,147,144,142,138,142,142
157,155,162,160,161,159,161,155,165,160,161,165,123,120,119,123,121,120,122,125,124,119,122,122,119,125,122,122,120,120,122,114,111,164,161,163,161,164,161,163,164,167,171,167,168,164,255,124,121,124,124,123,125,122,121,129,124,125,125,124,124,122,119,124,122,119,113,194,164,158,165,161,159,164,168,167,168,163,169,162,242,128,122,122,121,120,129,127,125,128,129,129,130,127,129,126,126,123,121,123,120,130,166,166,165,165,169,169,171,171,170,167,172,176,177,128,127,126,129,134,126,124,130,128,126,127,133,130,128,124,127,129,126,122,123,110,168,167,161,166,171,170,171,170,173,169,175,172,174,241,136,125,129,129,134,127,133,133,131,131,130,134,130,133,133,130,129,129,129,129,215,177,180,176,170,175,178,176,176,178,176,181,184,233,137,128,129,124,132,136,140,141,139,138,136,138,143,139,141,134,139,144,142,140,137,141,141,142,147,141,140,142,144,141,143,139,144,142,143,139,149,142,144,142,144,144,143,146,142,142,144,143,146,143,141,141,142,145,146,144,140,139,141,145,142,146,140,144,144,145,143,139,139,142,144,142,145,144,138,142,138,147,144,141,147,147,143,140,141,145,142,138,144,150,142,140,140,146,145,137,144,139,144,145,146,139,138,141,139,139,143,140,143,143,144
156,157,156,163,167,158,160,164,161,167,165,160,123,127,117,126,121,127,124,125,125,123,125,125,126,124,129,119,119,121,119,114,113,164,163,163,166,165,163,163,162,164,165,166,172,170,254,126,119,123,125,123,127,127,120,121,122,124,122,123,123,121,123,125,120,117,109,161,168,163,166,164,167,165,162,161,170,171,168,164,255,128,124,126,120,126,127,126,125,125,126,128,124,133,127,122,125,124,123,123,118,117,164,160,162,161,168,170,164,170,168,166,169,169,181,131,125,123,127,127,128,128,130,127,127,131,128,127,125,129,127,123,124,124,118,114,164,171,170,167,170,163,176,172,172,170,181,172,191,220,128,129,134,129,136,132,129,135,133,132,132,130,132,131,135,133,133,127,127,125,243,179,176,170,181,166,176,173,175,176,181,187,182,255,133,128,125,133,134,135,134,136,140,139,140,138,139,138,138,141,142,142,147,140,144,139,138,140,142,141,145,148,142,137,141,146,144,139,142,136,141,140,144,143,138,145,137,142,145,143,144,145,140,137,145,143,143,145,141,146,141,145,147,144,143,143,141,149,146,147,142,143,142,145,141,143,146,147,145,145,146,145,145,144,144,141,143,141,142,146,143,139,143,142,142,138,142,144,140,145,146,143,143,141,140,143,138,143,139,145,141,147,140,143,143
158,159,159,164,165,161,165,160,165,163,173,169,124,120,120,123,126,127,122,123,125,125,123,122,123,121,125,121,116,119,120,115,114,166,163,166,166,163,160,161,168,169,167,167,168,163,254,130,118,120,130,125,125,126,127,126,123,119,126,126,120,126,122,119,123,113,115,166,168,162,165,164,168,166,166,171,161,174,170,168,255,131,126,126,125,124,128,125,124,127,126,127,127,125,127,129,125,123,124,123,117,162,162,172,166,166,168,164,172,173,172,171,171,170,167,124,126,125,125,124,131,129,132,129,130,133,131,131,129,128,125,124,126,120,122,117,167,167,169,172,174,171,167,164,170,176,171,183,182,167,132,126,128,126,128,132,130,131,131,129,131,133,135,131,133,134,128,127,127,128,204,180,177,175,177,172,183,181,182,179,182,183,181,255,134,127,134,133,135,136,139,134,137,139,137,136,137,141,145,143,137,141,142,136,136,135,146,144,143,143,141,144,139,141,146,141,144,147,144,142,143,145,148,144,145,141,147,145,140,145,140,145,144,144,144,146,146,146,148,147,143,143,144,144,139,142,142,142,143,140,142,149,141,147,142,141,142,142,139,138,145,142,145,142,141,147,143,141,142,144,145,143,145,143,144,142,141,142,139,136,141,142,141,140,140,141,147,143,138,145,143,142,143,141,144
157,163,170,165,166,160,164,162,160,163,164,166,125,120,123,125,118,119,122,123,124,121,123,123,121,124,123,123,119,116,121,118,112,177,166,166,166,168,162,162,165,165,169,169,167,169,255,123,119,124,123,126,124,122,126,127,125,129,127,123,125,121,126,121,116,119,103,158,159,163,167,165,165,168,166,171,171,170,188,186,255,129,124,128,128,122,125,127,128,126,127,129,128,127,130,130,125,126,124,118,120,174,173,166,171,170,164,165,168,173,169,164,170,174,173,148,127,127,125,130,131,128,128,132,130,132,131,129,131,126,126,129,129,122,121,141,162,173,178,170,170,171,174,172,170,173,173,177,174,204,132,130,131,128,131,134,128,135,136,131,129,134,134,135,130,133,135,124,129,124,222,173,173,180,175,176,174,174,175,175,172,176,182,255,129,127,136,136,137,131,136,133,136,146,138,142,136,140,138,142,133,137,140,139,144,145,137,140,138,144,138,140,146,140,141,138,138,142,142,139,146,145,144,146,142,142,140,143,142,140,147,147,143,144,146,145,140,141,143,145,140,141,149,144,144,148,141,141,145,140,140,143,142,144,139,145,142,146,143,142,141,140,144,145,146,144,148,139,145,146,141,145,142,142,143,143,144,138,147,144,145,144,141,138,140,143,139,139,139,145,142,140,140,141,140
162,161,161,158,161,160,162,164,164,163,163,169,125,120,123,122,124,123,126,120,125,125,122,125,125,128,124,123,120,120,121,114,115,164,165,168,166,164,160,163,160,163,170,165,165,168,238,125,122,128,126,124,123,121,123,125,123,125,130,123,122,121,122,121,121,116,113,165,164,165,169,165,169,163,168,164,166,167,166,172,222,127,122,122,125,123,127,125,130,126,130,127,127,128,125,128,124,126,124,119,119,200,169,163,174,168,167,170,171,170,164,167,172,173,168,123,123,123,129,131,128,129,129,127,127,132,131,129,128,131,127,129,125,123,117,152,166,174,170,171,163,177,171,172,167,168,173,178,175,205,128,129,130,128,131,132,134,133,131,135,135,129,127,135,125,131,132,131,128,125,183,174,170,171,175,172,168,176,175,171,180,180,175,255,138,130,140,135,134,134,137,135,135,134,135,136,137,138,136,137,136,133,138,144,140,140,138,139,140,140,141,138,143,141,142,142,146,138,142,144,146,145,143,145,143,143,144,141,138,147,139,141,138,146,140,142,142,140,144,143,144,147,143,145,144,144,141,143,144,146,143,144,145,139,145,146,146,143,145,143,143,141,146,144,141,144,141,145,139,141,142,144,139,143,145,144,145,140,146,143,143,148,145,144,140,140,144,143,140,137,141,139,145,145,139
154,164,162,163,158,165,162,160,164,158,164,169,123,120,122,121,121,123,123,126,123,127,124,121,125,120,125,120,117,121,117,117,107,161,167,162,167,161,161,170,165,165,165,163,168,168,228,124,124,125,123,124,126,127,124,124,126,127,126,124,120,125,123,121,121,116,113,163,166,165,160,162,166,167,162,167,170,173,164,168,255,132,121,126,119,128,124,130,129,126,129,128,124,126,128,129,128,122,124,121,121,195,169,168,166,166,171,172,168,171,169,168,166,170,168,141,126,125,128,125,128,129,125,130,129,128,133,127,130,129,128,123,127,125,124,170,169,164,171,165,166,170,177,171,174,174,173,183,182,137,124,124,130,128,131,130,133,136,132,131,131,134,133,128,132,129,132,133,128,124,180,175,172,173,179,178,172,174,174,180,178,175,183,255,137,127,129,133,130,139,132,135,133,135,134,136,139,136,138,138,137,141,141,141,142,143,144,134,141,142,143,148,151,144,143,139,138,144,142,145,144,141,145,149,145,140,144,145,144,138,144,142,145,142,132,138,143,145,142,142,147,140,145,148,143,146,143,141,137,143,144,145,146,143,147,142,143,145,145,146,143,142,143,145,143,147,144,138,140,142,144,137,147,141,141,145,141,143,140,141,140,148,144,139,142,143,144,145,144,142,148,140,136,145,143
157,160,161,160,163,167,166,167,164,163,161,168,131,119,122,119,123,121,124,126,126,121,125,123,125,124,116,122,116,116,118,116,108,156,164,169,166,161,161,165,162,166,166,165,169,167,251,126,124,122,124,124,127,125,129,122,123,126,128,125,123,127,121,126,121,117,107,162,165,165,165,167,163,167,169,172,171,165,171,168,214,128,122,124,120,126,126,126,126,125,130,127,125,123,125,125,126,123,120,118,121,172,164,166,171,169,176,169,169,172,173,171,173,173,175,160,127,123,129,130,127,129,132,131,129,131,128,129,124,125,128,128,123,124,123,156,164,173,169,166,175,175,166,170,169,199,172,205,178,159,129,128,128,125,129,131,131,129,135,131,130,131,134,135,134,130,127,126,125,125,175,171,177,176,172,177,174,179,175,179,175,174,177,213,133,131,132,133,132,138,133,134,138,133,137,133,136,138,136,136,143,140,141,137,139,140,138,139,132,137,142,147,164,140,141,146,142,145,144,146,143,143,147,138,145,145,143,144,145,139,141,145,146,145,142,147,141,146,143,144,144,142,149,145,141,143,143,142,141,144,144,141,144,139,146,145,147,140,144,144,146,138,143,145,142,137,140,138,143,147,142,145,150,141,142,145,135,141,142,143,140,143,135,140,144,142,143,139,142,143,140,144,141,141,145
158,165,157,160,162,157,162,162,160,161,164,171,128,117,117,121,122,125,120,123,122,125,124,122,123,123,126,122,123,117,117,118,103,162,163,163,170,166,167,160,157,165,162,166,168,167,181,123,122,124,124,121,122,127,127,126,123,125,124,128,124,125,123,120,122,115,107,154,165,165,164,164,163,165,172,168,164,166,164,171,188,128,125,127,129,128,128,123,129,129,131,128,125,126,128,124,118,124,123,121,118,201,166,166,167,170,171,168,167,170,167,176,172,169,172,126,125,125,124,132,127,129,132,130,127,129,130,127,128,129,126,126,126,124,126,184,173,169,168,166,180,172,174,173,173,178,171,221,224,155,131,124,130,133,132,128,133,128,127,130,128,129,134,134,129,131,128,128,125,122,179,181,180,173,173,177,175,177,179,180,177,176,179,227,131,126,128,131,135,135,135,136,141,139,136,140,139,139,138,140,136,137,140,141,141,139,139,136,137,140,138,137,139,140,139,142,141,141,145,145,140,141,145,142,142,140,148,142,147,142,145,140,141,143,146,142,141,140,141,143,145,142,140,144,142,143,142,145,143,143,139,149,144,143,145,143,143,144,143,144,145,141,141,143,143,144,141,142,137,141,143,148,142,142,144,140,142,138,142,143,142,143,140,141,141,144,139,141,147,145,140,144,146,143,170
163,161,152,162,163,169,166,165,162,161,167,170,123,117,121,123,123,120,122,119,120,123,126,122,121,123,121,122,119,121,121,116,107,154,162,167,165,157,166,160,166,162,161,168,167,161,205,122,122,118,126,128,125,123,120,123,124,123,125,124,124,126,123,121,121,115,109,161,169,167,170,170,166,172,168,163,169,165,166,163,165,126,124,127,124,124,127,130,124,125,134,125,125,124,126,123,125,123,123,120,115,213,168,165,167,174,169,166,172,166,173,171,170,170,179,130,125,127,129,127,128,132,127,126,129,126,126,132,124,127,125,127,124,123,120,199,173,174,169,172,171,173,170,168,177,170,172,175,187,135,124,123,131,135,128,132,136,132,133,132,134,128,133,134,132,134,130,130,123,121,175,177,177,166,173,179,175,178,179,173,176,184,177,199,131,125,131,131,132,134,134,135,132,134,135,136,138,138,138,134,141,141,138,138,134,140,139,137,139,137,139,140,141,144,145,143,141,140,142,144,142,142,146,139,138,145,142,142,146,150,140,144,144,140,143,145,142,143,147,147,136,141,141,143,142,145,142,140,142,147,142,143,144,139,144,145,143,146,142,141,142,144,143,142,143,143,145,144,143,146,142,144,139,143,141,140,143,146,143,140,144,142,144,144,143,145,143,141,143,145,140,143,142,145,146
160,171,162,164,171,188,158,165,167,169,170,163,123,122,117,117,121,123,118,120,119,122,121,118,119,120,120,122,119,117,116,111,101,159,157,167,168,162,162,163,161,167,170,167,163,167,132,118,123,122,121,128,121,123,121,122,119,123,124,120,120,120,119,123,118,116,114,157,165,173,163,167,164,162,165,170,167,169,166,170,215,132,121,126,125,127,129,119,125,126,129,123,130,121,122,125,125,124,122,122,119,237,173,167,172,171,166,169,165,167,170,169,168,172,177,125,122,124,124,130,129,124,124,125,127,127,130,127,123,127,133,122,123,123,122,218,166,174,171,178,173,171,173,175,170,174,175,179,177,131,127,127,130,131,132,130,134,130,132,134,133,129,131,129,126,130,129,127,130,122,178,176,176,181,175,175,179,172,179,177,178,180,181,208,133,130,134,129,133,130,138,139,140,136,136,134,138,136,137,136,136,138,139,139,136,140,137,140,138,141,142,146,141,141,143,142,139,141,138,139,142,138,141,142,144,142,147,146,143,145,146,140,147,140,145,142,142,144,145,144,136,143,140,140,143,150,148,143,141,142,148,141,141,144,144,143,141,147,142,143,144,139,151,142,139,138,144,146,143,143,142,140,145,139,143,141,141,144,144,150,143,139,144,143,143,144,144,140,141,142,139,144,144,143,144
164,164,155,163,166,164,157,162,179,158,166,187,129,119,120,119,119,124,119,120,120,123,121,123,121,117,117,119,118,121,119,114,105,163,166,163,165,168,164,167,160,165,168,168,169,168,118,122,116,126,122,122,125,123,121,122,124,121,125,123,123,120,119,124,116,118,112,165,164,168,171,165,173,165,165,168,168,165,166,170,165,124,124,125,124,122,124,128,125,127,121,122,122,124,131,126,119,126,121,118,116,197,166,167,165,171,165,171,170,168,170,177,174,174,214,125,127,126,128,126,128,127,126,128,125,124,128,127,126,127,127,122,127,118,122,208,174,171,174,174,179,171,171,176,175,177,174,172,179,131,124,130,128,133,127,126,130,133,130,133,132,131,130,130,132,133,130,129,123,118,176,177,172,175,169,176,181,174,163,173,170,175,184,188,129,129,134,126,133,131,134,138,134,134,135,135,136,140,141,134,137,145,134,137,137,137,140,138,142,138,141,143,139,141,140,141,144,141,143,148,140,144,145,143,145,139,143,145,140,140,139,143,140,139,142,140,142,143,145,148,149,142,145,146,140,144,143,142,142,143,144,143,143,144,142,143,145,141,142,142,137,144,142,146,143,143,142,142,140,144,143,141,146,147,146,141,146,142,140,140,142,140,142,144,141,142,142,137,140,140,143,143,145,145,142
164,158,163,158,160,158,170,167,160,168,165,190,131,123,125,123,116,120,117,117,121,118,118,119,117,115,118,117,116,114,122,111,107,161,161,164,169,161,164,165,167,166,163,173,165,164,128,121,120,117,120,120,120,119,124,119,122,150,125,122,123,116,122,117,116,118,113,160,169,165,163,168,169,167,166,169,159,169,192,173,158,124,120,125,122,122,121,121,124,126,120,121,125,123,125,124,120,125,121,118,118,245,168,166,165,165,170,173,171,171,168,173,167,170,232,128,126,129,124,122,126,128,126,125,129,124,125,125,126,127,125,127,122,123,117,201,171,168,177,168,173,172,169,176,174,179,168,177,180,135,126,122,125,130,130,129,129,129,127,129,129,130,131,133,128,128,129,128,127,116,177,182,177,181,172,177,177,173,175,174,171,175,176,169,126,131,126,129,130,131,134,130,134,136,134,134,136,127,134,137,132,134,133,136,135,133,132,135,140,139,135,137,139,143,140,145,146,143,140,141,141,141,141,140,141,143,139,139,140,145,140,143,143,143,141,143,143,147,150,144,141,142,143,145,146,146,145,142,143,144,141,146,145,143,141,140,142,141,141,142,141,144,143,144,140,139,146,148,143,145,143,144,143,144,146,143,143,145,142,140,140,144,145,145,142,140,143,137,140,144,141,139,141,143,144
156,162,162,159,158,159,162,160,167,163,163,161,200,255,255,242,255,255,122,192,255,232,255,217,120,114,114,109,110,122,162,139,211,164,171,166,159,165,161,163,164,166,163,163,161,171,255,255,132,123,123,119,124,119,126,125,179,179,126,125,123,122,120,119,118,128,161,169,168,167,165,167,167,174,172,173,167,169,167,179,120,121,122,118,118,122,121,125,124,118,118,122,120,125,120,120,119,121,119,120,114,234,169,165,167,162,173,167,171,168,167,170,166,179,255,138,122,125,124,122,122,123,123,127,123,126,126,126,124,122,120,125,122,120,121,204,176,175,169,168,175,168,173,168,176,172,174,172,196,130,124,125,123,124,125,126,130,125,130,126,133,128,129,128,129,126,124,130,123,125,173,177,179,177,171,175,174,171,177,181,173,173,176,162,127,128,128,130,129,131,131,133,133,130,134,134,131,136,132,133,134,132,135,135,133,135,136,138,135,138,141,145,141,138,136,142,140,141,140,137,142,141,146,145,141,145,142,142,145,146,144,141,141,143,142,139,147,140,141,147,143,141,144,141,145,149,143,142,144,144,145,148,147,145,141,144,145,140,140,146,144,149,145,141,146,141,143,141,144,142,147,144,143,144,144,140,142,140,144,144,143,141,144,142,145,144,143,147,143,143,143,143,139,140,147
160,160,163,165,162,158,163,163,167,161,165,166,162,167,163,161,167,165,163,164,164,164,162,165,160,164,167,163,164,167,162,166,160,161,158,168,165,166,165,169,166,166,166,166,165,163,167,168,171,171,168,166,174,167,170,168,167,164,168,255,255,249,174,198,255,247,170,162,165,155,163,166,170,169,168,165,169,169,169,168,255,255,192,120,215,176,217,255,238,175,115,245,149,127,116,171,255,224,126,121,164,169,164,165,173,166,164,166,172,171,169,169,174,166,230,164,129,130,122,120,119,127,124,126,127,122,136,126,123,123,125,121,120,121,123,214,170,165,172,166,172,178,176,173,182,175,175,167,211,134,125,122,126,124,126,130,126,130,130,130,124,124,129,124,129,122,129,121,127,128,178,207,178,175,175,169,179,174,177,178,178,171,178,152,125,126,126,126,126,127,132,130,131,129,130,131,133,130,131,131,132,136,133,135,133,135,137,134,139,133,138,142,144,142,143,145,142,136,142,144,147,148,144,142,144,139,140,143,144,140,141,146,141,140,140,147,147,145,149,141,145,145,151,145,146,142,142,144,141,141,146,139,140,146,149,147,144,145,147,138,142,145,145,145,147,141,146,139,143,141,145,146,142,144,147,142,138,142,145,144,146,145,140,144,139,137,146,143,142,137,143,137,143,142,137
159,160,163,157,161,162,162,167,161,157,165,161,167,164,164,163,162,167,167,166,164,163,161,164,167,163,161,165,165,173,166,167,163,163,163,159,159,163,176,171,177,169,161,166,167,161,164,169,169,166,169,165,165,158,165,167,164,177,171,165,172,169,168,167,162,166,166,170,168,167,166,165,169,165,166,169,166,173,173,169,175,168,167,164,173,169,165,170,167,173,168,169,169,168,169,165,169,165,165,168,174,168,168,169,169,207,167,169,168,169,167,168,169,172,168,175,197,211,206,238,255,255,255,255,255,189,255,255,255,255,255,210,243,183,255,175,166,162,166,166,170,170,171,173,168,170,169,165,174,255,134,129,146,127,133,242,130,231,158,126,126,129,129,126,127,128,127,126,126,209,230,212,173,170,180,176,167,173,175,180,175,178,179,141,126,125,128,129,128,128,131,128,126,128,130,124,130,128,132,128,132,135,131,131,129,131,136,137,142,140,140,137,139,142,139,141,141,145,140,142,141,141,139,139,139,140,143,140,143,144,144,136,141,149,144,141,143,143,143,143,145,143,141,141,147,143,143,143,145,145,142,143,142,144,145,143,142,141,140,143,143,141,145,144,141,145,145,146,146,140,144,145,143,147,144,147,139,143,139,145,146,137,142,137,139,140,140,143,141,145,143,140,144,142,143
157,163,162,158,162,166,157,164,159,170,161,162,164,163,159,163,162,168,167,161,157,167,160,160,172,164,159,160,160,158,163,163,161,159,159,166,163,161,166,162,161,165,163,162,163,166,166,173,171,170,162,166,166,164,166,167,163,170,161,160,164,162,167,162,167,166,161,166,166,166,164,168,163,165,164,177,167,166,164,168,169,169,163,166,170,167,167,167,167,177,169,163,171,166,169,169,173,172,168,165,166,165,171,169,167,165,166,192,169,170,166,170,167,167,167,173,171,171,172,171,170,165,167,173,170,170,165,170,172,173,169,176,173,166,171,169,170,168,176,175,174,175,171,172,174,170,170,166,172,172,172,182,176,186,214,181,170,175,212,202,185,196,238,201,193,207,226,255,255,177,221,243,174,172,178,173,170,170,181,172,173,180,174,255,255,161,138,122,128,117,123,155,126,120,127,128,124,122,125,125,132,131,131,138,131,158,130,255,255,255,149,143,143,138,140,136,139,143,137,144,137,141,143,141,139,138,148,144,142,143,141,143,141,143,142,144,145,140,144,138,143,144,143,141,146,142,148,149,142,142,143,145,145,151,144,144,143,142,146,144,144,143,148,143,142,146,147,141,143,143,141,139,144,145,146,140,141,141,143,141,141,141,141,141,142,142,146,147,143,145,141,141,141,139,147
154,163,156,164,163,170,159,165,162,163,165,167,162,157,163,172,162,160,166,164,166,165,167,159,160,165,160,163,163,168,164,162,158,162,158,163,162,164,168,168,161,164,166,169,165,163,166,168,163,164,165,167,166,164,166,169,169,166,161,168,164,163,167,164,166,163,161,167,169,169,170,167,172,166,173,164,168,165,170,171,173,167,170,164,166,165,169,168,169,165,167,173,167,166,169,165,172,166,170,169,161,168,171,167,167,170,167,165,172,166,169,169,168,172,174,167,170,168,167,169,168,172,170,170,171,175,177,175,171,161,170,168,165,170,167,170,170,169,170,172,173,174,172,172,173,171,167,179,178,178,174,175,170,174,177,179,177,177,172,167,179,173,169,174,179,179,172,172,175,195,238,204,166,173,179,170,177,171,176,177,178,180,176,178,177,182,175,179,181,183,182,178,182,181,183,176,182,219,208,183,179,182,189,190,184,255,255,221,211,255,174,138,137,140,142,141,139,143,143,140,140,139,139,143,146,143,146,142,146,143,142,146,190,144,147,142,144,140,144,146,149,146,140,139,146,140,141,146,145,147,143,140,142,145,144,144,145,137,143,144,140,151,140,145,145,147,142,140,144,141,141,142,144,147,146,142,145,142,146,143,144,139,145,141,136,139,145,145,145,142,140,142,138,142,146
158,160,160,164,164,159,161,166,159,164,169,161,164,161,169,162,160,163,163,162,164,165,159,162,161,163,163,163,161,166,163,164,165,160,155,161,161,164,163,170,165,161,160,164,166,171,167,163,170,168,164,166,168,162,168,167,166,164,165,164,168,164,166,166,164,165,165,162,166,172,160,167,162,163,163,167,168,172,168,170,162,164,165,167,169,168,169,175,161,172,163,171,159,169,168,169,165,168,163,167,161,167,167,171,166,164,181,168,164,167,168,170,171,169,167,170,173,175,171,168,167,173,175,166,167,172,163,165,174,177,168,165,168,169,168,171,165,169,166,171,175,168,173,172,168,173,172,165,171,171,170,168,170,173,173,172,172,174,176,181,176,171,178,180,176,178,178,174,174,182,177,176,176,171,173,168,175,178,175,172,176,179,177,177,178,179,180,174,178,177,172,183,179,178,174,176,179,182,186,183,187,182,183,184,183,193,213,217,240,255,213,137,134,137,138,142,141,141,145,144,143,142,143,138,142,140,140,139,141,141,140,146,137,145,143,145,144,147,143,145,146,143,140,143,141,140,145,143,140,143,145,141,138,140,143,140,141,139,141,145,144,141,137,146,142,141,141,140,137,134,141,142,149,140,146,142,142,144,146,146,145,143,141,143,141,142,141,145,141,138,137,141,139,137,142
161,163,165,166,155,163,167,166,163,159,169,161,167,168,166,160,162,158,158,162,162,164,163,164,160,162,165,163,159,156,164,163,161,166,157,164,163,167,165,164,166,173,170,165,160,165,167,169,163,164,166,167,170,166,175,168,165,164,165,165,167,167,167,161,165,162,161,158,165,171,165,168,163,167,170,168,172,166,167,170,168,171,168,168,167,167,170,167,170,162,168,165,166,162,170,167,167,166,164,168,169,167,175,171,166,168,175,169,174,172,168,164,168,166,171,170,165,168,174,168,172,169,167,175,171,165,167,169,166,171,174,166,167,166,172,172,169,171,168,172,172,172,173,169,172,174,171,179,170,174,170,171,170,165,175,169,171,170,169,168,172,165,173,169,176,183,178,173,175,179,177,173,179,180,175,173,176,174,174,178,174,176,169,172,171,179,177,176,180,178,172,178,175,178,176,179,182,174,181,176,178,180,181,181,184,188,188,232,235,223,136,128,130,128,137,137,140,137,145,139,139,139,139,141,140,142,144,145,143,139,142,143,144,143,147,142,143,145,138,145,147,143,150,141,141,139,148,146,151,148,145,139,145,143,144,142,145,144,144,142,143,139,144,144,143,144,141,150,143,143,137,146,145,142,144,142,139,140,139,141,144,138,139,146,141,142,136,140,140,144,141,141,138,139,139
163,161,160,167,159,164,159,162,171,162,159,162,162,168,164,160,160,164,160,159,166,167,167,160,161,162,160,166,165,157,160,164,163,162,168,168,165,163,169,171,161,169,163,160,165,164,162,166,174,166,164,167,165,163,159,165,168,164,163,163,166,163,157,161,163,168,167,162,166,164,167,171,169,176,166,171,175,170,164,169,165,166,168,170,171,166,166,164,171,166,164,167,166,168,165,168,167,168,166,167,171,166,164,166,163,167,161,171,169,172,166,169,171,169,172,169,166,174,170,170,170,169,165,174,172,170,172,172,172,172,167,168,169,169,175,174,166,172,172,172,167,173,171,172,172,170,170,174,177,173,171,170,169,175,174,172,168,176,170,171,173,172,171,176,171,175,175,176,187,173,176,171,175,175,170,174,171,174,169,179,171,169,178,175,177,174,173,178,175,173,177,179,177,174,177,178,180,175,178,178,173,175,178,175,173,177,161,148,79,135,89,97,106,231,125,126,128,129,140,133,136,137,139,139,137,136,139,134,136,140,138,141,145,142,147,138,140,144,142,142,143,140,140,137,139,142,139,141,143,144,147,144,143,139,149,141,134,137,140,142,142,142,142,143,143,147,145,147,140,142,142,138,145,145,139,146,143,142,141,143,142,139,144,139,146,144,145,142,139,136,142,144,147,140,142
161,162,157,162,163,159,160,164,163,165,165,160,163,165,164,165,168,163,159,163,166,159,161,163,163,157,158,163,165,166,160,163,157,160,160,163,161,162,164,161,175,164,165,164,165,171,161,168,163,170,162,161,161,169,166,161,165,163,162,163,162,162,166,165,163,160,165,165,164,161,165,169,166,168,166,162,164,162,164,176,169,164,166,168,167,167,166,167,165,171,168,163,165,167,167,165,164,171,170,172,164,172,165,167,167,165,165,169,171,171,172,164,168,171,163,167,167,169,165,168,168,169,174,169,170,171,170,172,165,169,171,170,172,166,174,170,169,165,172,166,167,179,178,171,167,172,172,179,176,172,167,171,173,171,173,171,169,171,176,173,175,178,173,173,176,174,174,170,192,174,168,176,176,173,170,165,175,175,169,176,170,172,178,169,171,177,176,178,178,171,169,172,176,171,173,174,172,164,164,168,165,162,152,143,132,111,86,64,67,120,76,88,100,110,119,129,127,134,132,134,137,134,135,140,137,135,135,143,140,136,142,139,141,139,146,142,142,138,143,141,141,141,138,145,143,141,148,143,139,146,146,143,140,142,142,143,142,140,146,140,140,144,143,140,144,145,140,144,141,137,141,143,138,148,143,145,144,143,145,141,143,141,141,144,146,143,142,139,141,139,142,143,141,141,138
162,165,162,161,158,157,162,156,159,162,164,165,163,164,159,163,162,164,166,164,163,165,162,164,162,159,161,161,155,162,164,162,161,164,161,161,166,163,162,166,163,166,161,161,162,163,167,165,166,162,165,163,169,165,165,162,163,165,166,168,157,168,165,164,166,162,166,160,163,168,167,168,166,168,165,164,168,170,170,175,164,167,165,164,165,169,166,169,171,163,168,172,166,166,166,173,171,169,164,170,162,168,166,166,165,167,165,168,171,165,169,171,171,171,166,172,172,169,172,164,173,175,174,168,170,171,176,175,163,168,168,168,163,172,165,169,167,168,173,170,172,161,164,175,167,176,171,167,175,172,177,168,171,172,171,171,172,171,168,173,173,172,165,171,169,173,172,173,169,169,172,171,175,178,172,172,172,174,176,177,176,172,176,173,172,175,174,170,172,172,171,172,177,174,174,170,170,163,169,165,160,153,144,130,119,94,73,59,70,108,67,79,90,95,109,114,121,124,129,128,132,136,131,138,140,138,134,140,140,136,142,140,140,136,140,143,143,138,142,139,144,145,141,138,140,140,144,139,141,144,145,141,138,140,140,141,145,141,143,142,144,142,141,140,141,144,145,143,142,140,145,143,139,144,141,140,141,141,140,142,141,141,142,141,144,137,147,143,143,143,146,145,141,141,139
159,158,162,159,160,160,162,163,167,156,163,162,165,164,161,166,164,164,162,164,164,167,164,167,158,160,160,162,166,164,160,166,165,160,163,158,164,170,171,164,165,167,165,161,163,162,167,163,165,166,164,163,164,166,159,166,169,161,167,167,165,170,163,166,163,163,163,171,163,168,164,160,164,165,161,170,170,170,167,163,168,161,162,168,167,166,163,167,167,168,170,170,167,166,163,168,164,168,175,169,170,165,170,171,169,170,166,169,167,165,167,170,165,170,167,163,165,169,169,168,170,167,165,174,166,171,171,172,168,169,168,171,172,170,171,168,170,174,165,175,165,173,172,171,175,178,173,177,167,175,177,173,171,166,170,170,171,175,172,172,182,167,168,174,172,173,187,179,171,168,175,166,175,174,171,177,169,171,178,173,174,176,177,177,173,170,175,169,171,173,173,169,175,175,174,166,169,158,164,158,147,146,132,118,95,70,63,57,79,124,71,82,94,104,110,114,119,122,128,133,132,135,138,133,135,135,142,138,136,139,140,140,138,139,140,139,145,136,141,145,143,143,143,144,143,142,147,140,145,139,137,143,142,140,143,141,145,143,141,140,139,141,145,143,140,144,139,147,141,138,138,140,146,149,142,142,148,144,145,143,142,143,143,144,138,141,142,140,144,145,139,142,146,142,140
165,159,159,158,164,161,163,163,160,166,164,167,165,164,159,165,159,161,161,167,164,162,157,161,169,161,161,161,164,170,160,164,170,157,164,165,163,162,163,164,166,161,159,168,166,165,162,163,167,168,169,163,163,163,168,168,166,162,161,164,167,163,162,165,163,160,170,161,166,168,163,166,166,167,160,162,166,170,170,169,169,161,168,168,169,172,175,165,163,165,160,173,168,163,170,166,164,169,169,170,166,166,163,169,170,164,173,169,169,176,170,174,170,176,172,174,169,173,170,168,174,171,170,171,169,168,167,169,171,175,171,166,177,172,171,169,170,169,169,168,167,176,173,172,175,170,177,168,170,174,170,169,170,173,173,175,169,171,173,172,169,173,171,169,174,171,207,176,170,167,174,177,175,172,175,167,176,176,169,171,180,176,175,178,168,177,176,171,173,174,179,172,175,165,170,170,170,164,162,163,152,143,132,122,100,73,75,57,89,139,81,91,104,107,118,121,126,131,131,131,137,133,135,140,139,139,137,136,143,137,139,140,136,139,136,143,139,144,140,139,145,143,149,145,146,142,142,144,141,148,145,143,141,145,143,144,143,146,142,144,141,144,140,141,139,143,143,146,141,141,144,137,138,140,141,142,145,143,145,137,147,144,144,143,143,143,140,142,144,139,143,146,143,146,143
153,165,170,161,169,162,165,165,166,166,169,169,167,167,161,163,163,163,164,156,161,164,159,163,163,159,161,166,160,164,169,165,158,161,166,163,166,159,161,165,160,161,164,167,163,166,165,171,170,165,164,170,166,164,161,162,164,165,168,166,163,161,166,166,163,162,169,161,164,166,165,168,167,169,168,171,166,161,166,166,165,163,167,169,168,167,164,169,167,163,171,167,165,167,168,166,169,168,170,167,165,163,165,163,177,172,167,168,174,167,173,169,166,174,173,176,175,172,168,171,166,169,173,169,174,172,167,168,170,169,169,169,166,168,166,171,169,172,168,177,173,169,173,168,173,173,172,174,177,169,170,170,171,171,173,164,170,174,172,170,174,171,172,173,174,171,175,168,170,173,170,170,177,174,168,177,176,195,178,176,172,177,173,170,170,169,175,174,172,176,175,173,177,178,168,172,176,170,165,162,157,154,147,131,114,90,99,62,105,176,94,107,111,120,128,128,132,129,138,136,137,136,143,137,139,141,143,136,142,141,145,141,142,141,144,142,138,147,142,141,140,140,140,145,138,147,145,141,143,143,141,138,143,146,146,141,145,146,143,141,141,145,144,142,143,144,145,144,138,140,147,144,143,146,138,140,139,140,144,145,143,141,143,140,145,141,140,139,145,145,145,140,143,145,139
159,158,157,159,165,160,161,165,160,171,167,158,165,164,163,164,158,158,165,162,165,164,161,166,164,163,166,159,165,167,161,163,159,168,165,160,163,164,163,159,161,162,168,164,163,162,170,166,163,165,167,166,164,167,164,169,166,163,165,161,169,166,170,166,161,161,160,165,163,161,170,168,166,173,167,171,165,167,174,167,163,167,166,169,172,167,162,171,168,169,166,162,169,163,171,163,168,162,164,167,167,169,170,171,170,165,170,167,171,167,170,172,171,165,168,166,170,172,173,172,171,171,168,168,172,169,167,171,169,173,173,171,164,168,168,172,172,170,165,172,174,173,175,172,176,168,176,167,171,170,172,170,175,173,176,174,174,177,173,173,181,172,171,172,168,180,174,169,175,167,179,169,173,174,181,172,180,199,180,178,174,170,172,171,177,176,181,177,179,178,173,178,170,168,179,167,174,175,173,169,164,161,154,145,131,113,186,173,240,255,139,132,131,137,132,136,136,139,140,145,142,138,140,138,142,143,143,136,142,138,143,145,152,146,141,142,141,144,142,142,141,141,146,142,141,145,146,143,146,142,141,139,141,148,144,144,146,147,141,148,145,145,143,146,146,144,140,146,148,138,141,145,150,144,144,145,138,145,145,142,148,140,141,148,146,142,143,145,143,140,142,138,138,142,142
157,154,157,161,162,159,163,159,161,164,166,166,166,163,165,161,158,162,166,160,157,158,162,161,161,155,158,163,163,160,162,164,164,159,156,164,160,160,162,161,164,168,167,163,161,164,170,163,168,163,162,167,166,163,169,165,163,161,167,165,167,163,158,162,163,164,162,165,166,166,167,165,167,169,165,166,171,165,170,164,168,169,164,170,167,169,168,166,162,169,162,167,164,171,164,165,164,163,169,165,171,170,165,162,168,164,169,167,164,168,171,169,173,173,166,163,182,174,175,170,170,173,168,172,170,170,165,169,165,168,171,169,166,162,166,165,167,176,171,172,175,173,166,168,176,172,166,172,166,175,167,175,178,180,174,178,169,169,172,178,170,174,170,172,176,177,177,170,171,174,173,216,197,178,172,171,206,188,171,180,174,171,176,174,178,177,178,178,175,171,178,186,179,178,180,179,177,179,180,176,179,172,181,169,168,167,255,171,255,255,152,140,135,131,136,135,141,137,141,143,140,141,143,147,141,141,141,145,144,145,140,149,145,145,144,144,145,141,146,142,147,144,143,142,141,149,145,145,145,146,143,147,142,146,143,140,145,145,140,143,141,143,149,149,144,146,141,147,147,144,142,149,139,143,139,146,142,143,146,140,143,141,143,145,139,144,144,142,140,142,143,146,143,144,141
165,161,160,165,162,158,166,166,162,162,164,145,115,110,109,109,104,107,109,105,107,107,105,100,101,100,102,99,99,100,100,127,173,159,166,162,160,159,163,161,169,163,167,171,163,165,255,255,248,255,255,255,252,255,245,247,228,231,228,213,210,192,193,177,174,166,163,160,162,162,165,166,161,165,170,169,166,167,162,170,169,171,168,171,168,171,170,166,169,162,170,164,167,163,162,171,164,172,166,168,168,165,166,166,173,166,163,174,166,171,164,174,169,176,170,168,170,171,171,169,175,173,169,173,169,170,164,172,173,163,165,166,171,168,168,173,173,171,165,169,170,166,167,181,172,167,175,174,176,173,170,177,168,173,175,179,175,173,173,174,171,175,177,174,178,167,171,173,176,172,172,172,188,171,180,173,172,176,177,185,178,183,181,174,183,184,181,180,176,182,176,184,183,184,188,183,173,177,177,179,174,184,184,180,183,187,255,186,255,255,153,147,138,139,144,141,141,142,147,140,140,145,144,144,142,147,143,142,144,140,145,144,144,143,144,146,143,144,143,144,147,143,144,145,145,143,139,145,140,146,143,139,146,143,144,144,146,149,144,143,144,141,143,140,142,141,144,140,138,140,148,141,140,149,148,144,146,141,142,143,143,145,141,143,140,141,142,142,140,144,141,142,141,142,148
163,168,160,171,156,162,162,163,166,167,160,171,120,113,118,118,116,115,116,115,113,113,112,114,121,113,117,114,112,111,113,113,174,163,166,165,162,163,158,162,162,168,162,164,166,238,128,115,115,119,116,117,120,120,115,117,114,113,114,115,118,114,112,113,111,107,202,169,163,168,167,167,168,158,158,168,168,165,164,255,113,112,109,106,104,107,101,104,109,105,120,122,133,149,146,154,182,188,206,210,218,169,164,167,167,175,168,170,167,170,165,167,172,172,172,214,199,200,192,189,185,181,170,167,178,170,173,166,171,171,168,169,163,167,169,170,170,176,172,177,180,170,173,169,180,174,171,173,176,173,178,173,173,180,178,174,179,170,177,174,172,172,166,168,175,170,169,170,172,169,169,169,174,176,173,173,179,175,187,255,185,176,183,181,180,182,177,187,177,177,176,177,186,176,179,185,185,184,179,184,181,186,184,179,184,197,255,224,255,255,154,139,140,144,139,149,142,144,141,147,142,138,144,146,147,142,147,142,146,140,146,145,150,145,148,147,145,145,147,149,142,145,146,144,147,140,141,145,146,144,140,143,143,142,145,146,144,142,146,144,148,143,146,141,143,148,141,142,144,145,145,148,146,145,140,142,140,141,148,143,145,144,141,144,145,142,145,140,139,141,142,145,145,143,143
161,164,161,162,162,162,161,167,166,159,161,161,125,117,119,119,118,122,122,118,122,121,117,119,113,118,118,119,115,118,116,111,171,163,160,165,166,162,168,167,167,168,172,164,169,255,130,121,119,120,120,117,124,121,119,119,119,121,121,123,119,117,119,115,115,113,221,168,167,168,167,168,163,167,168,160,168,168,165,251,127,117,123,120,122,117,119,118,121,120,117,120,122,119,117,118,118,119,119,117,139,169,166,170,172,168,168,169,168,171,199,173,172,169,112,117,119,117,119,115,116,120,118,117,119,115,115,117,111,112,116,107,107,103,113,170,168,169,170,175,170,176,173,172,172,170,175,177,255,183,165,224,216,234,240,255,255,255,255,255,255,209,238,255,255,255,255,233,210,175,165,171,172,174,174,174,173,176,173,175,181,184,183,183,182,178,184,183,174,176,176,186,182,180,185,235,184,187,179,183,181,177,183,185,193,191,196,212,216,168,150,143,144,146,141,141,145,146,143,144,145,145,147,145,145,143,148,143,141,146,149,143,144,141,143,140,142,142,146,140,145,148,145,145,142,145,139,143,145,142,145,142,141,144,140,140,146,145,141,140,144,141,142,144,144,147,146,143,140,144,140,145,145,144,144,139,139,146,140,146,144,147,147,145,149,145,142,144,143,145,144,143,139,144,143
160,158,159,161,160,165,163,164,168,161,169,140,121,122,119,119,120,118,121,117,119,124,122,122,122,118,121,118,119,119,111,107,161,163,159,162,166,169,163,161,165,162,162,170,176,255,132,118,126,123,122,123,122,122,121,123,120,120,116,117,120,120,120,117,118,117,173,167,170,165,165,165,169,172,165,172,167,166,170,254,130,120,120,121,121,122,121,125,119,123,121,123,125,122,122,119,119,120,121,114,153,161,169,168,171,168,162,171,173,169,166,173,163,173,125,123,120,123,123,121,123,123,128,127,123,124,122,124,122,117,124,122,123,121,114,166,170,167,171,171,175,170,177,180,177,175,170,173,224,123,123,122,119,124,122,127,128,126,126,123,122,122,120,126,124,126,124,124,121,228,173,173,178,177,171,178,173,176,175,174,179,176,225,119,120,122,121,122,117,119,116,118,117,118,123,124,123,127,148,148,154,164,176,189,208,255,255,255,255,146,142,143,142,138,142,140,145,144,143,139,145,139,142,137,140,143,142,143,144,145,144,140,145,143,140,149,145,139,142,146,144,145,143,144,143,141,148,143,143,141,139,141,141,147,146,145,140,150,142,147,141,145,142,145,143,148,143,141,143,145,145,143,144,149,143,141,146,147,144,138,145,142,142,142,143,143,146,138,145,141,141,138,145,140,143
153,158,156,163,161,165,171,158,173,163,164,164,119,122,123,117,126,123,122,124,124,124,123,125,124,123,122,120,121,115,115,110,159,164,164,164,162,164,166,160,164,166,160,162,168,255,131,122,123,123,124,124,125,121,125,124,122,129,122,122,122,121,118,118,119,114,163,171,168,160,169,165,164,165,168,162,162,169,170,255,122,124,120,125,121,123,125,125,124,125,123,124,122,125,121,122,122,127,119,118,157,163,167,168,169,167,166,172,169,171,173,169,172,174,125,125,122,125,123,127,126,128,128,125,123,126,123,126,124,121,125,125,122,120,151,175,171,175,167,171,166,172,176,175,174,175,175,174,213,127,126,123,125,125,130,127,122,125,124,125,128,125,125,125,125,133,125,125,124,222,176,178,181,178,177,179,178,172,174,175,176,182,243,136,133,125,125,126,128,129,132,132,132,135,130,130,130,131,139,135,129,136,136,134,137,138,141,143,143,143,139,142,139,140,141,143,143,141,142,146,143,141,145,144,137,143,145,145,145,141,147,141,143,152,142,148,145,143,144,145,145,140,141,141,142,142,144,143,143,143,144,145,143,143,149,143,141,145,146,144,143,140,143,144,147,139,143,145,145,147,141,142,144,143,142,142,148,148,147,142,147,147,143,145,147,145,140,143,138,139,141,151,144,144,140
162,162,160,157,168,156,163,167,161,171,166,126,119,121,123,123,121,122,121,120,122,124,124,123,120,121,119,122,117,117,117,111,153,164,167,164,160,167,168,162,170,163,162,165,164,255,126,121,124,123,122,123,123,125,121,123,121,121,121,122,122,122,122,118,141,126,154,169,161,165,168,168,168,166,170,168,171,171,172,255,132,123,127,127,127,125,127,128,125,130,125,125,126,125,122,126,125,123,121,119,163,166,169,169,169,169,175,165,168,172,180,176,171,175,127,123,127,125,127,127,130,126,128,126,127,127,127,124,125,130,127,124,122,122,180,171,175,178,177,173,168,168,172,167,177,171,180,179,150,126,128,129,132,130,127,129,132,135,129,125,129,125,130,130,128,130,128,124,126,210,179,173,169,177,179,171,179,172,174,177,176,183,246,131,123,131,133,131,131,128,133,136,134,138,141,138,140,134,137,140,137,137,140,139,140,138,144,138,145,143,141,146,145,143,142,142,143,144,144,144,145,144,142,141,147,143,142,145,144,148,145,145,145,146,145,140,144,141,142,148,143,147,143,151,146,141,142,143,152,141,145,145,144,143,145,142,144,146,144,141,147,145,146,142,146,148,147,141,145,140,141,141,139,142,141,146,143,139,144,139,144,143,140,144,146,143,145,144,146,142,143,145,140,139,144
158,157,158,162,167,161,160,162,165,165,169,124,123,116,121,119,121,126,119,126,120,122,121,120,126,119,123,119,121,115,117,106,165,159,163,167,163,165,167,159,168,164,163,171,172,248,127,121,123,126,122,125,124,123,131,122,121,122,126,125,125,122,123,120,117,113,159,166,169,159,167,168,169,168,170,161,165,171,168,255,131,127,125,128,121,122,129,127,128,125,125,122,126,126,125,124,126,125,123,118,192,174,167,175,166,177,172,175,174,171,173,175,173,174,129,126,125,127,128,128,130,131,129,127,128,128,127,126,129,126,128,130,127,121,169,168,167,173,175,170,172,174,171,221,171,176,172,175,128,124,125,130,125,128,134,131,132,133,131,130,132,132,130,128,128,127,125,124,123,190,173,177,172,176,171,178,174,176,174,179,177,178,254,146,129,127,127,131,136,133,131,137,135,140,136,136,139,139,143,139,143,139,139,140,136,146,141,138,136,141,142,144,140,140,143,149,141,142,140,141,143,143,144,144,144,143,146,143,143,144,144,144,144,145,144,142,147,146,145,143,146,138,142,143,144,146,142,142,145,145,140,142,144,142,148,143,143,141,142,144,145,141,146,147,145,151,144,150,145,145,142,142,143,145,140,139,141,138,141,144,140,141,145,145,144,144,144,141,146,144,144,139,144,143,141
159,160,161,161,161,165,164,160,167,164,173,119,119,118,125,125,122,125,127,124,121,124,127,118,121,123,121,123,120,119,115,107,159,164,158,163,169,164,164,169,169,164,173,168,170,255,124,131,126,125,123,126,127,125,130,124,129,128,127,124,123,123,118,122,114,110,167,163,163,170,165,172,163,174,164,164,168,170,170,255,127,129,122,127,127,126,129,131,130,124,126,130,129,126,129,124,125,121,121,118,214,164,172,169,172,173,163,171,178,174,173,175,168,175,127,122,127,127,127,126,129,128,127,127,126,130,127,129,126,127,128,119,125,122,191,169,171,169,172,172,176,172,174,176,170,182,177,176,129,130,126,126,127,129,129,129,132,132,132,134,130,131,131,129,130,127,126,124,121,196,175,172,174,173,176,179,170,175,178,179,182,182,255,131,129,134,131,132,138,133,134,135,135,137,139,137,136,138,142,137,139,137,141,140,142,143,144,139,141,144,143,138,142,143,141,146,144,143,143,145,147,143,142,142,145,139,142,145,148,143,141,142,148,139,149,145,145,145,145,141,144,140,143,144,144,145,138,141,145,143,143,149,143,141,145,141,143,142,144,141,143,145,142,147,146,145,145,144,144,142,148,143,142,143,143,142,142,143,144,139,144,143,148,144,142,141,144,145,144,146,143,148,141,141,139
163,159,164,165,165,161,160,162,170,170,168,129,120,127,124,125,122,124,123,124,125,121,124,123,126,125,123,117,123,116,116,106,158,167,163,164,170,166,161,162,166,167,167,169,164,236,127,124,125,122,124,122,127,125,122,127,123,123,129,124,126,125,119,119,118,110,159,167,167,165,167,164,167,170,169,163,169,165,166,247,125,122,125,128,129,126,125,129,123,127,125,132,126,127,125,126,122,125,124,118,223,171,170,167,171,172,175,173,173,174,176,188,176,180,125,122,125,125,130,126,133,129,130,134,125,128,134,128,131,130,125,127,129,121,176,164,169,169,170,168,172,170,178,177,170,176,180,175,131,126,128,126,129,126,127,132,136,137,133,128,129,128,128,135,128,129,126,131,130,177,172,168,175,173,174,168,178,177,177,179,180,181,235,132,128,133,136,136,137,135,136,140,134,138,143,140,138,141,142,144,142,140,141,142,145,159,144,144,142,139,142,143,143,138,146,140,146,145,143,142,143,140,143,138,142,143,147,139,147,145,143,142,142,146,141,143,145,146,149,148,143,143,149,148,143,142,144,145,148,142,144,142,144,145,145,147,147,148,148,143,142,144,146,143,146,143,147,140,143,145,141,139,140,142,143,141,142,148,144,143,139,148,148,148,141,144,146,141,146,141,145,146,142,141,148
165,161,162,164,165,164,169,160,164,167,178,128,118,125,122,124,123,124,125,122,123,124,125,127,123,124,126,122,122,121,115,109,156,162,169,166,164,160,167,170,166,166,168,163,167,245,128,120,124,125,123,129,130,125,124,129,123,122,127,127,123,123,123,123,117,110,162,167,169,168,166,167,169,168,170,167,169,169,174,209,126,126,125,128,133,129,126,127,126,131,129,130,127,127,127,124,124,126,121,122,234,171,170,173,171,170,172,173,172,172,171,176,171,177,139,126,125,128,133,128,132,126,131,129,134,130,132,129,125,125,126,128,121,125,198,173,173,170,173,171,174,179,176,172,171,174,172,179,126,130,130,126,128,130,131,136,136,138,136,131,132,132,130,132,129,129,130,125,123,180,174,176,171,172,173,170,177,182,176,177,180,183,227,151,136,129,132,134,132,133,135,138,140,140,143,139,144,142,139,141,145,137,145,142,144,149,140,140,142,142,139,143,146,146,146,144,146,143,143,142,145,144,146,146,141,143,143,141,141,144,144,141,148,147,143,145,148,145,142,145,145,148,148,141,143,140,146,143,144,142,144,144,146,140,137,140,145,141,141,146,143,148,143,148,145,143,149,146,144,142,142,142,140,139,143,147,139,143,146,144,145,152,142,142,146,146,140,139,139,143,145,144,141,142,138
167,163,158,160,165,162,159,159,165,167,164,124,120,121,126,124,122,122,123,123,122,125,125,125,125,123,119,119,120,117,117,106,157,165,165,162,163,170,166,158,165,167,168,171,167,214,126,125,123,128,125,127,125,130,129,129,124,123,128,121,123,123,121,122,116,108,158,163,168,171,171,169,166,171,165,166,165,172,171,184,128,123,124,127,129,131,129,129,130,129,129,129,126,130,135,125,123,126,121,116,238,168,172,167,164,170,172,170,171,172,177,174,178,181,131,126,128,127,129,125,131,126,129,127,131,129,128,125,128,127,127,124,126,123,194,167,169,170,170,172,169,172,169,175,173,169,177,178,131,128,130,127,128,129,134,133,131,136,131,133,133,131,132,133,132,133,128,123,120,177,182,180,175,174,173,173,176,176,169,181,180,180,227,134,130,131,139,133,134,135,137,138,137,143,137,138,142,138,143,141,144,143,142,142,142,143,140,139,144,140,142,142,147,150,141,146,139,140,142,139,140,146,140,144,148,141,145,140,145,147,144,145,146,140,147,141,144,145,144,141,142,163,149,145,144,141,140,148,142,148,140,142,153,144,148,146,146,146,142,147,149,147,142,140,145,143,147,148,145,142,139,139,141,148,147,145,140,144,143,143,145,145,143,147,143,143,138,142,140,143,145,145,143,146,144
160,165,157,160,166,161,171,170,165,168,161,143,121,121,123,125,121,127,122,125,120,131,126,125,126,124,120,119,120,118,116,106,157,165,163,159,164,166,171,163,166,167,161,170,165,157,126,126,124,126,129,131,127,126,131,126,129,128,129,127,123,126,125,117,117,105,164,170,169,168,170,165,165,164,170,173,172,164,170,192,127,124,122,127,126,123,129,131,131,125,129,125,129,125,128,129,123,125,120,120,241,164,168,170,172,169,170,175,176,174,175,174,174,182,130,124,127,127,131,126,127,132,132,132,132,130,137,131,129,126,132,128,123,125,210,173,174,168,176,175,175,177,171,174,174,177,173,183,127,131,126,128,133,132,132,131,134,131,137,127,137,135,133,131,128,132,129,125,118,174,180,173,177,175,170,175,175,181,180,186,182,185,245,135,135,133,136,136,137,138,138,138,139,140,136,140,140,142,144,139,140,140,142,144,141,142,142,142,145,146,138,148,143,146,144,145,141,147,143,142,141,139,148,145,143,146,139,147,146,146,144,145,141,142,143,147,144,140,147,148,148,143,146,145,141,143,144,143,147,144,145,145,145,145,143,138,147,143,143,140,144,141,144,142,142,144,142,141,142,143,141,148,143,141,143,141,141,142,145,141,141,143,144,143,149,140,147,140,145,144,142,143,144,139,146
159,161,156,167,158,165,160,160,165,165,165,156,128,124,125,130,123,125,126,124,126,126,124,120,125,122,122,117,122,115,112,104,158,161,167,163,162,164,160,164,168,171,169,168,169,165,125,123,124,125,126,127,124,129,126,123,126,129,128,123,123,126,121,119,119,110,161,165,163,167,169,165,161,168,171,163,173,169,167,180,128,123,128,128,128,125,129,131,126,129,127,129,127,126,127,127,125,121,125,119,229,174,164,165,170,167,168,177,170,174,170,174,174,202,134,124,126,126,126,126,135,134,134,132,129,128,127,125,129,127,130,126,128,122,228,170,175,171,175,173,171,177,174,169,178,173,177,181,133,129,132,130,131,130,129,132,135,130,137,132,136,132,131,131,133,128,130,126,122,172,177,183,183,180,172,175,176,175,178,175,184,214,229,139,136,135,136,132,139,136,138,136,138,145,139,144,145,143,143,140,143,145,150,146,146,146,145,142,143,145,148,140,140,148,146,142,148,135,146,143,145,144,144,144,145,148,142,144,146,146,147,148,146,148,143,146,142,145,141,148,148,151,144,146,141,148,137,138,146,144,147,147,140,144,146,144,148,144,145,144,144,144,139,147,146,141,145,146,145,143,141,143,145,138,146,145,146,146,141,146,142,143,143,144,146,148,141,145,142,144,141,146,139,142,145
161,156,164,160,165,164,167,165,172,164,163,163,135,123,122,122,128,125,126,127,122,125,125,125,122,119,123,121,124,119,117,109,155,168,163,161,167,162,164,162,170,165,168,164,168,137,128,123,126,126,127,123,123,126,131,122,129,124,127,123,123,124,122,119,121,107,164,165,169,166,167,169,165,165,167,167,169,174,168,150,125,122,124,125,128,125,125,131,132,129,130,128,127,130,129,125,123,124,120,120,255,169,169,168,164,170,171,164,173,167,172,180,176,203,139,129,125,128,130,134,134,130,128,134,134,129,132,134,131,131,125,133,125,121,244,177,177,173,174,175,168,178,172,173,174,175,174,196,133,133,131,130,128,135,131,131,130,131,134,131,128,131,138,131,137,132,131,128,117,169,178,179,179,176,176,179,178,183,181,182,186,203,171,135,132,137,135,138,133,138,138,137,141,143,137,138,138,145,144,152,145,149,165,145,144,142,146,144,145,149,141,148,141,144,143,144,142,148,147,143,141,143,143,145,143,140,143,144,143,147,143,146,141,141,142,146,141,141,148,144,148,142,147,142,147,138,149,144,145,142,148,146,143,142,140,143,145,146,144,145,145,150,142,141,143,148,148,140,144,143,143,140,147,146,140,144,143,141,143,143,149,142,142,142,146,141,139,141,142,143,143,140,142,143,142
156,159,161,162,162,173,163,161,170,172,178,163,140,129,124,121,126,127,120,124,127,129,120,122,124,124,123,122,121,121,118,144,158,166,163,172,162,161,166,172,167,168,170,166,172,168,121,126,123,127,123,125,127,128,122,129,126,123,127,128,122,124,121,121,120,107,159,168,164,170,166,168,169,169,164,166,170,169,174,145,125,121,125,127,124,125,126,126,127,130,127,127,131,125,129,125,127,121,122,121,237,169,172,168,167,168,170,174,175,174,169,172,175,215,147,124,130,122,129,130,129,129,128,126,129,134,130,130,134,130,127,122,122,124,255,209,179,168,173,177,176,174,174,170,177,178,177,191,148,129,128,132,126,131,135,131,136,131,131,130,132,133,131,133,125,132,126,128,123,175,173,177,177,172,172,176,181,180,177,182,181,222,161,130,132,135,138,137,137,139,142,140,142,138,143,152,142,143,145,176,145,142,142,144,141,142,140,147,154,142,144,141,136,145,138,147,141,143,144,139,141,140,146,142,144,140,135,142,144,142,146,144,145,142,147,144,143,143,143,144,144,147,147,146,145,143,141,145,146,145,146,143,142,149,142,148,145,145,147,148,143,148,147,141,139,143,144,142,145,143,146,143,146,138,142,142,149,142,144,146,146,141,148,145,146,146,148,145,143,143,144,142,140,137,140
168,160,166,164,163,155,162,169,170,174,176,152,123,119,119,121,121,118,127,120,124,123,126,120,121,121,122,119,119,119,118,168,162,162,168,163,169,170,169,163,166,173,162,164,168,134,123,121,122,127,123,124,123,124,125,122,128,122,124,126,124,123,123,116,117,125,161,170,166,174,166,165,165,171,163,164,169,173,179,160,121,125,126,127,125,127,124,127,131,126,127,128,124,123,129,124,126,127,123,121,204,166,169,169,168,174,167,176,172,173,174,172,178,220,131,128,130,127,129,127,131,126,130,131,129,131,128,130,129,131,126,124,123,122,255,173,179,174,177,175,181,169,173,174,181,174,181,193,145,128,127,129,132,133,134,133,136,129,133,131,133,130,133,132,132,130,127,128,162,175,179,177,177,171,175,177,176,179,180,172,179,221,145,131,132,132,130,135,139,142,136,140,140,141,142,140,139,143,143,143,145,144,142,144,142,141,143,143,146,145,146,142,144,140,139,146,148,147,143,139,142,142,143,147,143,144,143,145,145,142,146,150,142,144,140,142,145,140,145,148,146,142,147,142,144,148,144,143,149,145,145,148,144,142,146,142,140,144,148,147,144,146,145,145,141,144,143,143,143,146,148,146,142,144,143,144,140,145,143,143,145,144,146,142,148,145,144,143,140,144,140,146,140,144,141
164,160,162,164,161,167,172,169,168,190,201,125,118,121,125,123,120,123,122,127,123,122,118,121,124,122,122,120,118,116,116,169,165,160,167,160,166,166,167,169,170,168,169,174,168,128,123,121,124,126,125,123,127,126,124,127,127,130,128,125,118,122,122,121,116,161,166,167,166,168,168,169,169,167,167,167,171,173,168,145,128,124,127,127,124,123,126,126,128,131,125,127,127,126,123,126,125,123,124,120,187,170,177,171,168,174,176,172,170,167,169,174,170,246,137,117,128,128,129,125,131,130,126,130,130,132,127,126,130,127,129,130,122,122,250,173,175,168,170,173,175,178,177,175,179,181,186,198,132,129,127,135,134,131,134,134,135,133,134,135,131,137,132,130,132,129,131,132,178,183,168,172,178,173,177,174,179,176,179,184,185,211,142,133,131,138,136,138,138,137,141,142,142,147,140,140,144,147,141,147,175,152,145,136,143,140,144,141,142,145,140,142,146,145,139,146,149,146,139,146,144,147,140,144,142,146,144,145,143,140,144,145,146,141,143,147,141,145,146,145,144,143,145,147,146,142,145,144,141,148,143,144,148,148,146,142,145,140,143,141,147,145,144,143,142,141,142,143,146,143,144,146,143,144,141,140,142,140,143,142,141,140,143,147,141,141,144,145,147,147,145,139,143,144,142
164,161,163,163,165,166,170,163,165,194,255,132,119,124,121,121,119,120,119,123,121,125,120,120,119,121,119,183,120,116,119,195,162,164,166,166,168,166,168,167,169,166,175,167,165,142,119,119,123,122,123,120,123,126,121,123,125,121,125,115,121,122,121,120,123,159,166,160,163,171,165,169,168,167,168,171,170,171,165,165,121,121,123,125,121,129,128,124,122,122,134,123,127,123,128,124,123,120,118,119,190,173,169,172,167,162,173,172,163,172,171,176,173,243,133,124,128,127,134,127,124,129,128,129,129,134,127,124,127,124,128,122,124,124,249,178,173,168,174,166,170,174,174,176,180,180,179,216,136,129,131,132,130,131,131,128,129,134,132,134,131,129,131,131,133,129,128,126,163,176,176,178,175,176,176,174,175,172,181,181,177,195,139,131,131,135,141,138,139,137,142,136,138,140,138,137,141,141,143,143,143,154,156,145,144,143,143,146,145,147,147,148,143,150,145,145,143,144,142,146,142,145,142,144,149,141,143,145,142,143,147,146,142,146,146,142,142,145,141,144,143,146,146,144,145,146,144,150,149,149,146,145,146,144,145,148,147,145,146,141,142,147,140,149,144,145,144,141,134,142,147,147,146,145,144,142,144,135,145,144,141,140,145,140,146,146,142,142,140,136,141,142,140,139,141
167,160,161,164,165,161,165,163,165,167,233,132,218,126,137,174,123,122,121,119,118,122,120,122,160,135,120,124,120,118,121,192,170,164,169,163,164,172,172,163,159,164,161,169,169,162,120,120,121,121,122,123,121,124,126,125,125,125,120,117,122,117,119,116,114,179,165,168,162,164,167,168,169,167,172,172,175,170,172,132,164,127,125,128,124,125,126,122,127,127,124,124,123,127,125,125,128,118,121,118,177,164,170,164,168,169,169,174,173,170,169,167,174,255,136,147,130,127,127,127,127,128,126,126,127,128,127,127,129,127,123,123,119,125,233,176,174,176,171,171,173,175,178,174,181,184,181,253,133,127,129,128,130,124,131,131,129,132,130,129,138,129,131,130,126,130,127,128,199,170,175,175,178,175,180,171,178,177,171,179,181,229,135,134,136,134,133,133,138,138,139,138,136,141,142,143,139,145,140,146,145,147,145,146,144,140,144,142,144,143,145,144,143,147,154,141,140,143,141,142,146,144,142,145,141,142,145,140,143,139,147,142,148,145,141,147,144,142,144,147,148,150,148,145,141,146,143,144,145,145,142,141,139,146,142,143,154,150,143,143,144,141,143,144,143,148,147,141,142,144,141,141,142,147,146,144,142,145,142,139,142,138,140,145,139,146,146,147,145,147,144,144,145,146,142
159,164,168,160,160,163,160,160,167,168,202,255,215,255,166,227,201,224,255,212,242,255,224,255,232,242,255,255,246,255,206,232,164,161,156,159,165,164,163,159,169,167,166,170,167,255,135,123,123,125,121,127,125,160,126,119,122,120,144,156,220,231,247,160,119,186,164,166,170,166,165,171,164,182,170,167,169,167,175,226,160,151,188,125,124,207,127,146,161,127,133,148,137,128,130,125,124,124,124,122,184,173,165,167,172,171,170,167,162,171,170,173,173,255,177,136,125,124,127,125,126,123,121,127,128,128,124,125,122,123,124,123,123,124,193,171,177,173,171,176,177,170,170,173,174,179,209,255,134,128,127,125,130,127,132,125,127,128,130,131,129,128,128,131,126,130,127,126,217,177,175,180,175,179,178,180,176,187,185,180,175,229,134,127,132,139,135,136,136,137,140,140,135,140,139,144,144,139,142,145,148,139,143,168,153,138,143,146,148,140,145,146,146,141,141,143,143,143,145,143,142,144,141,147,145,146,144,146,145,141,141,145,142,146,141,145,146,146,145,141,147,141,145,149,150,143,149,152,144,141,146,144,143,141,143,141,160,148,145,144,146,143,139,143,144,140,140,142,144,144,143,145,144,144,144,144,142,146,143,139,139,150,146,144,144,141,143,142,143,142,142,146,141,145,142
161,165,162,164,161,165,165,162,165,163,171,163,164,166,160,165,167,173,163,165,166,193,190,169,165,175,191,177,167,189,175,167,168,166,163,164,167,168,169,164,163,167,168,170,168,245,255,255,255,255,255,208,200,255,231,237,121,117,158,195,187,213,224,255,177,178,163,166,168,166,164,167,164,167,166,170,172,168,166,255,255,232,255,255,211,226,192,230,246,255,247,255,255,229,245,217,248,230,204,162,166,172,167,176,169,173,174,172,169,174,169,175,169,247,137,133,123,124,250,135,126,124,123,125,125,126,128,172,127,128,124,164,234,145,178,174,180,167,174,174,174,172,175,177,179,177,183,255,138,129,128,120,125,126,130,127,129,125,127,127,128,125,127,128,126,130,127,122,169,181,176,182,183,175,178,181,175,174,185,191,179,203,125,125,135,135,133,134,134,139,138,142,137,143,139,140,141,144,140,142,136,139,145,143,147,143,144,142,147,141,143,147,142,147,147,145,145,144,144,146,148,147,150,137,141,149,146,144,137,143,147,149,149,147,145,145,140,149,147,143,145,141,148,146,144,145,143,146,143,144,141,147,139,143,142,143,139,147,145,145,143,140,144,142,141,143,146,145,144,146,148,142,145,147,144,144,141,139,140,140,150,139,142,144,142,142,143,148,140,142,142,138,147,141,141
165,158,165,163,165,167,166,167,171,162,166,166,161,166,167,163,166,173,167,166,168,162,165,166,165,166,161,164,163,163,168,165,162,167,164,170,160,164,165,173,163,171,168,163,163,166,169,174,172,171,168,166,232,171,169,168,164,169,166,163,164,172,164,163,167,168,162,160,166,168,163,166,167,169,173,166,162,171,172,169,190,225,187,171,175,175,187,177,174,191,255,255,244,248,255,255,255,255,255,177,168,162,164,167,169,173,169,168,173,168,165,166,178,179,255,233,135,125,255,255,223,195,195,135,224,236,215,246,205,124,120,144,228,255,177,170,166,173,174,170,172,171,175,179,178,177,183,255,140,126,130,125,129,130,126,130,124,127,124,126,127,128,124,133,126,127,127,125,164,174,174,175,178,175,173,178,182,182,179,182,179,199,131,128,132,131,133,134,143,142,144,136,144,142,144,140,142,139,141,140,144,142,147,144,136,144,144,147,147,146,147,144,148,148,149,147,146,144,143,145,146,145,146,147,142,147,147,142,141,143,145,143,144,145,149,144,144,147,145,148,145,141,148,142,148,141,141,144,140,144,142,145,147,144,138,140,151,139,144,143,144,144,144,146,142,146,149,141,150,138,146,145,143,148,143,140,144,145,147,145,144,144,142,148,139,141,147,147,142,139,145,141,145,147,144
166,168,158,164,160,162,165,166,172,164,162,166,166,170,161,165,164,165,165,163,167,167,171,165,164,173,164,160,165,163,164,171,163,164,162,162,163,164,159,169,163,167,166,167,165,167,168,171,165,168,172,167,167,174,167,166,170,170,169,172,166,170,167,167,170,166,162,163,167,168,161,173,169,166,168,169,169,165,165,174,171,171,169,179,172,170,175,172,174,172,165,174,170,167,167,173,171,171,170,167,163,171,178,171,166,171,171,171,171,178,169,174,169,169,169,170,172,169,171,181,183,220,179,192,178,171,175,178,173,174,168,173,164,165,174,167,175,174,174,172,171,176,173,177,170,179,190,194,175,191,211,243,248,255,255,236,255,255,255,255,231,243,242,255,255,255,250,255,208,170,175,175,175,180,175,180,176,174,178,185,183,201,128,132,135,135,134,136,138,139,137,138,139,141,145,142,145,143,142,146,140,141,143,143,146,143,144,143,138,142,139,149,146,146,140,145,144,149,144,147,143,148,147,142,146,141,151,146,145,149,146,147,150,144,146,146,145,140,142,144,147,147,146,146,147,145,145,149,141,142,145,142,140,142,133,140,139,145,144,142,144,143,145,145,141,147,142,146,141,144,143,146,149,145,142,145,143,141,144,144,142,143,146,140,144,143,146,144,146,145,144,144,140,143,141
163,160,163,164,163,161,166,163,162,167,165,167,163,168,160,164,166,164,166,169,161,165,163,158,163,166,172,163,167,168,168,164,163,163,159,166,169,163,169,174,166,167,166,164,167,165,164,165,176,168,168,164,172,169,167,162,174,166,167,172,171,168,168,169,168,167,172,170,165,167,174,168,170,166,165,169,169,170,169,167,168,172,173,167,169,171,167,167,173,172,169,172,177,170,170,173,170,171,166,173,168,163,170,171,169,167,168,170,175,174,169,171,173,172,166,174,168,164,171,175,173,179,174,170,172,169,174,170,165,175,174,176,173,171,175,167,172,176,172,173,172,178,174,177,169,205,187,184,171,171,169,181,178,174,179,182,217,174,178,180,179,171,174,178,174,184,174,177,178,179,180,183,183,182,180,177,180,175,178,184,180,212,131,125,134,134,136,136,136,140,139,140,144,143,152,138,142,142,138,143,144,141,145,141,155,147,149,139,141,148,147,146,146,143,148,143,146,144,149,147,147,146,145,140,147,147,143,144,146,145,150,149,149,145,144,144,147,147,148,145,151,147,147,148,150,151,145,140,144,144,145,144,142,141,146,152,145,142,151,147,148,148,140,143,148,146,144,144,142,143,145,146,144,141,145,143,142,144,144,145,142,150,142,147,141,146,140,144,141,141,148,142,143,143,145
162,156,160,164,158,163,165,160,167,166,165,167,163,161,166,162,164,166,162,168,165,169,161,165,167,161,164,167,165,162,162,166,168,170,170,162,166,170,175,162,165,166,166,166,164,164,168,164,162,166,169,164,164,168,163,164,165,169,167,165,166,166,167,166,169,165,163,168,162,171,165,169,172,165,169,168,165,168,171,171,172,172,168,165,172,166,168,173,172,171,172,168,166,168,172,176,165,170,167,165,171,169,169,167,173,171,175,172,170,173,173,167,169,175,175,175,174,169,180,177,170,174,169,172,170,177,171,165,171,174,172,172,176,174,167,173,172,191,168,171,166,172,172,173,173,177,176,175,167,175,172,177,175,177,180,179,173,176,175,180,174,175,175,173,173,171,172,181,178,178,181,216,255,202,184,181,177,183,178,183,187,214,130,128,133,135,139,140,140,141,142,142,141,142,142,142,146,141,141,140,139,144,143,140,137,138,144,146,142,142,144,142,143,145,151,146,144,149,141,140,139,147,143,147,147,146,141,151,146,142,147,155,147,150,147,144,148,145,143,147,142,145,147,145,137,143,144,141,146,144,145,142,147,146,142,146,144,147,141,141,143,144,149,143,142,146,143,145,141,145,143,145,144,140,147,141,148,144,141,150,144,143,149,145,142,146,144,147,145,143,146,140,143,142,143
163,163,162,169,166,164,159,166,163,163,160,164,169,163,164,161,163,160,167,169,163,164,166,169,164,165,168,162,163,171,167,165,169,165,169,166,169,165,164,181,164,164,168,162,165,166,166,168,168,168,168,167,170,169,164,167,170,168,170,167,163,166,166,165,165,166,164,168,169,167,163,171,169,174,170,162,169,172,170,165,167,167,175,165,171,166,171,168,170,166,163,164,165,161,169,167,164,173,164,169,170,172,171,173,170,172,172,177,167,173,174,173,165,165,166,169,164,172,170,174,170,172,172,165,178,169,169,169,175,170,170,173,173,170,173,174,170,174,168,167,172,178,170,181,177,194,186,174,176,170,174,178,177,176,174,174,171,175,174,172,174,168,176,177,175,168,178,171,172,170,183,245,242,206,180,179,184,179,180,183,179,241,137,128,131,136,134,139,141,142,145,139,138,144,145,141,141,146,143,141,143,140,140,148,141,147,143,141,146,144,147,142,144,144,140,144,145,144,145,144,145,140,141,145,144,149,142,145,150,151,147,146,146,140,146,146,143,150,142,143,149,147,143,146,145,154,144,145,143,142,142,147,140,143,141,146,143,140,147,141,145,146,145,142,140,145,147,145,147,144,143,146,146,150,148,143,140,145,148,144,142,142,141,144,143,138,146,142,144,143,143,145,146,146,137
165,160,161,164,163,168,169,170,163,167,163,168,168,168,163,164,166,164,159,162,161,160,169,164,166,166,163,162,165,162,165,167,169,162,163,165,162,169,164,166,165,167,168,164,165,164,168,169,172,167,160,164,165,165,173,162,169,165,168,168,168,170,168,167,165,169,166,170,160,163,167,170,176,166,169,168,165,165,169,167,171,170,169,180,162,164,165,168,174,167,165,171,169,168,169,167,171,175,168,169,167,167,175,173,167,165,172,171,168,163,173,172,172,176,175,177,168,172,172,168,170,178,169,167,169,170,171,176,172,167,168,164,170,170,174,176,168,168,172,174,171,174,179,177,182,174,178,178,176,174,168,172,172,177,170,174,173,181,177,173,174,178,175,176,174,176,181,174,176,180,184,215,198,198,185,175,186,181,181,179,189,255,135,132,135,134,137,139,139,136,143,140,137,145,142,142,139,146,138,146,145,142,139,146,142,149,144,143,147,140,141,147,143,145,143,152,140,140,140,145,146,144,143,144,144,141,146,143,146,147,144,142,144,142,143,145,141,147,146,146,145,148,146,149,151,150,142,147,146,147,145,144,147,148,146,143,141,145,143,146,144,140,142,142,144,145,147,146,146,143,143,144,141,140,145,149,142,146,146,146,148,148,148,144,146,144,142,142,143,145,142,145,148,139,148
161,161,162,164,163,163,164,164,165,175,169,164,167,168,164,159,163,162,158,165,164,165,160,163,165,170,168,167,164,161,166,164,167,162,165,162,163,168,164,170,164,161,159,163,170,168,168,166,168,172,168,163,167,161,163,166,168,165,165,163,164,168,169,166,167,162,170,166,170,170,165,173,172,171,167,168,171,169,173,167,167,162,167,168,174,170,169,166,168,164,166,171,165,171,172,171,167,172,170,170,168,168,170,171,165,171,169,166,169,170,168,172,170,165,173,178,169,176,165,169,171,172,172,171,172,171,173,166,164,174,171,174,171,179,175,166,167,172,172,172,167,172,173,166,173,171,175,171,172,175,174,173,176,175,173,174,172,169,171,174,175,178,172,178,176,173,179,177,175,181,180,195,205,199,182,182,181,180,179,174,184,255,137,133,134,135,135,136,138,139,141,142,143,142,144,141,147,141,138,141,141,146,142,142,139,142,145,148,148,143,144,148,144,143,144,144,144,141,143,143,149,147,146,140,146,145,143,145,141,147,141,147,149,142,146,143,149,144,151,143,144,143,147,141,144,141,147,147,147,144,149,146,144,145,147,149,143,146,142,146,142,140,146,146,141,148,144,145,145,143,148,146,146,146,143,147,141,144,140,142,144,140,146,142,141,144,148,143,145,146,145,143,144,141,144
166,164,163,158,167,161,171,167,164,168,163,163,168,160,166,165,167,161,163,167,162,160,161,165,167,166,164,163,168,167,163,167,158,163,163,163,161,168,163,168,171,166,165,169,162,166,173,172,171,172,164,165,166,168,168,165,170,166,164,169,170,166,168,168,168,168,165,162,175,168,159,167,169,164,166,169,169,174,175,168,168,168,167,165,168,167,167,170,165,166,167,170,177,170,166,162,174,170,168,172,172,172,172,166,172,168,170,169,169,178,172,169,171,172,171,166,165,171,173,170,171,171,174,172,168,180,177,169,166,170,171,169,171,171,174,172,175,173,171,175,168,168,173,176,173,168,169,172,172,174,175,176,168,174,174,179,173,170,172,176,172,175,174,170,180,175,172,172,172,181,189,209,199,196,187,186,181,186,184,183,187,255,133,132,135,136,137,136,139,141,142,141,141,140,143,141,141,142,139,140,149,145,141,145,144,143,143,142,146,143,141,147,142,143,142,141,143,140,145,147,142,147,149,143,144,151,142,143,147,143,145,144,146,145,142,144,146,151,140,145,145,146,146,146,143,145,143,138,146,145,140,145,144,145,140,147,146,142,144,143,144,144,146,148,142,137,142,142,147,143,140,144,143,142,144,147,139,143,142,150,145,144,147,145,146,143,146,145,147,147,143,145,142,144,140
164,162,163,158,163,163,170,162,171,166,164,167,158,167,162,167,166,165,161,165,165,162,170,167,161,159,163,165,161,162,160,166,162,168,165,159,165,169,165,173,168,167,162,167,170,162,163,165,167,165,167,165,169,169,165,162,168,164,165,167,165,167,161,170,168,165,168,165,179,171,171,171,164,166,173,172,175,172,174,167,164,169,178,174,171,165,172,168,167,169,170,167,167,171,171,170,170,165,168,171,166,172,167,166,162,169,172,172,168,169,167,170,172,170,172,176,171,170,171,172,172,173,167,172,166,171,168,169,174,168,165,171,167,168,171,169,176,172,173,171,168,172,169,170,177,174,173,175,174,172,169,173,177,172,170,170,178,174,175,177,176,172,181,168,169,183,175,177,177,178,184,193,205,199,183,179,182,176,187,186,183,255,137,129,136,131,134,134,135,140,140,140,142,139,139,138,139,139,143,140,141,142,141,145,139,141,146,141,147,143,141,145,141,145,144,140,146,147,143,144,143,148,145,147,146,148,143,148,145,146,143,145,150,149,142,144,144,148,141,140,149,143,143,144,148,144,147,146,150,150,140,143,146,147,144,144,150,143,147,145,144,145,144,138,143,147,144,146,144,143,148,145,142,145,144,141,145,144,146,141,143,146,148,142,144,148,145,135,148,147,142,142,146,146,144
168,166,163,162,163,183,169,167,170,166,163,165,163,167,166,165,164,163,166,169,163,164,163,163,164,165,166,167,164,164,160,165,168,165,168,164,165,168,169,162,161,169,170,167,163,164,166,171,165,167,166,165,167,167,173,168,161,168,170,169,173,159,167,166,164,164,166,164,167,168,167,176,170,166,172,172,167,167,169,171,175,168,170,168,178,169,163,174,169,162,161,168,166,168,163,164,163,170,169,173,173,165,167,172,167,175,168,170,175,175,173,173,175,167,173,172,172,169,173,174,168,172,167,172,170,173,176,166,176,165,167,169,166,168,171,165,171,173,170,168,175,169,174,173,168,174,174,173,174,177,174,177,170,174,167,176,175,175,179,173,171,170,171,172,174,172,168,177,173,178,181,202,243,202,185,186,183,178,180,182,184,255,134,128,127,134,134,134,138,137,138,143,144,139,138,138,141,144,140,136,141,144,147,143,147,143,146,143,147,142,145,147,142,146,142,146,143,142,145,142,147,148,141,142,148,149,145,146,145,141,143,144,150,150,146,145,143,145,145,142,144,147,139,144,147,141,147,150,144,151,138,142,143,138,146,146,144,144,145,143,146,145,151,146,146,144,145,148,141,147,142,144,144,144,149,150,138,144,142,145,144,147,148,146,145,146,144,144,149,146,144,144,143,145,145
164,164,163,162,162,169,165,171,173,169,163,164,165,162,166,163,163,168,164,165,165,166,165,166,164,164,165,162,163,160,166,164,164,163,163,164,162,161,164,167,158,171,163,170,162,166,160,170,164,168,166,167,164,165,164,165,171,166,170,168,165,168,163,167,169,165,167,166,167,166,170,162,170,167,163,170,174,174,165,173,171,176,170,170,171,170,169,167,164,165,175,167,167,169,168,169,167,164,168,169,169,165,160,175,170,169,168,168,168,164,165,169,166,172,178,170,173,165,170,174,171,175,172,169,169,167,174,167,172,168,175,175,171,173,167,169,174,171,176,176,174,172,171,174,171,171,172,172,169,166,169,177,177,174,174,172,167,173,170,175,173,174,173,178,177,175,168,168,172,176,183,185,254,203,185,183,185,182,183,182,180,255,137,130,130,135,135,135,138,142,140,141,144,141,144,140,142,144,141,141,138,144,144,140,142,142,142,142,147,142,143,142,145,146,144,144,143,148,149,146,147,147,143,147,148,145,142,147,142,145,144,144,145,147,147,145,146,144,144,144,144,150,146,146,144,143,145,144,151,146,143,144,145,149,144,150,149,144,144,143,143,144,145,143,145,148,142,143,143,143,142,149,145,144,142,144,145,146,146,147,148,145,147,145,144,142,147,143,140,143,148,145,138,145,144
163,158,162,165,160,166,167,168,171,165,169,167,165,170,172,166,165,161,167,168,167,167,163,166,160,160,164,161,162,167,166,164,162,165,168,170,166,164,162,166,168,165,169,163,166,167,168,163,162,168,163,165,167,162,159,165,161,167,165,158,163,167,167,167,163,170,162,162,166,165,168,170,166,169,172,167,170,172,175,169,170,176,171,168,170,170,170,171,173,167,168,171,166,170,166,165,165,167,163,174,161,165,169,172,168,171,170,168,170,166,169,166,175,172,171,176,171,173,168,173,169,170,164,168,173,168,172,169,177,174,167,166,175,167,172,173,169,171,173,170,171,168,167,174,170,173,175,173,169,172,172,170,177,180,170,169,171,173,172,172,176,169,175,177,173,176,190,177,178,174,185,182,255,198,184,180,177,178,180,184,191,255,136,132,134,136,138,137,135,139,139,139,138,144,144,146,138,141,144,141,140,142,142,143,141,142,148,149,141,142,142,143,144,149,142,146,144,137,140,140,146,144,149,144,144,145,146,139,139,148,147,143,148,150,148,145,143,146,146,146,143,149,148,145,146,144,147,149,146,142,147,147,148,143,141,142,146,140,147,144,143,144,147,142,144,147,142,145,143,153,151,143,141,145,147,144,141,144,145,145,145,146,146,144,147,143,143,145,138,139,148,142,143,146,143
158,161,165,161,161,168,163,165,168,165,162,168,160,171,168,161,160,167,165,167,164,159,164,165,161,162,163,161,160,170,164,163,165,166,162,166,165,162,170,167,166,165,165,163,167,167,169,169,164,172,168,167,163,167,167,165,168,166,164,163,162,164,166,163,165,167,166,169,165,165,166,170,170,167,172,174,168,172,168,172,175,177,172,174,176,175,169,166,173,170,166,167,169,172,166,169,168,167,169,167,170,165,174,164,171,166,173,176,170,164,172,166,171,174,170,170,169,171,176,163,168,171,171,173,170,169,173,176,176,172,172,170,173,169,172,174,174,171,176,175,179,174,169,171,174,176,169,173,170,173,174,172,172,175,176,177,175,173,170,181,175,176,172,172,171,173,172,175,171,181,209,175,255,193,177,179,177,179,176,187,195,255,138,132,134,135,137,138,139,136,143,136,145,142,140,146,144,140,146,136,140,144,144,143,144,148,140,148,143,144,145,141,145,145,143,145,148,146,144,140,144,141,146,143,150,145,147,141,150,143,147,150,149,146,145,143,144,138,144,146,144,146,143,146,145,149,148,145,141,146,147,146,142,143,148,142,143,143,147,146,148,140,149,147,148,147,145,145,146,146,143,149,142,141,140,144,143,139,144,144,149,143,144,143,142,146,148,146,147,140,142,144,146,140,141
161,165,165,168,158,162,164,165,171,167,140,102,104,106,104,104,114,122,130,135,132,111,177,193,203,218,214,213,220,214,211,163,168,165,170,166,167,162,166,164,169,161,166,168,164,216,211,210,196,191,181,181,182,172,176,175,174,160,164,169,164,165,165,165,163,166,163,163,168,168,163,167,167,167,172,170,167,170,171,173,170,172,173,172,169,174,166,176,175,165,169,168,169,165,168,170,169,165,168,171,166,170,171,174,169,171,171,171,174,172,167,170,175,174,172,173,173,170,174,171,166,169,170,169,175,172,169,170,172,168,164,169,170,163,169,172,165,170,174,171,176,168,168,174,164,175,171,177,169,177,180,174,171,173,167,172,171,177,176,176,182,180,178,178,179,172,175,175,169,177,255,220,255,188,179,179,181,182,177,182,186,255,136,133,131,136,134,138,138,138,143,144,138,146,141,137,142,142,144,140,145,151,143,144,142,140,146,145,145,144,141,143,145,140,146,142,143,146,140,149,147,146,145,143,144,143,142,149,144,148,145,143,144,143,146,144,148,142,143,144,146,146,145,147,147,143,153,143,141,148,142,144,139,143,148,148,139,144,147,146,145,144,146,144,146,143,142,143,146,144,141,143,142,146,143,146,146,140,141,141,141,147,147,146,144,146,148,150,147,147,142,145,142,144,149
163,162,163,161,161,161,164,170,164,162,133,116,117,120,121,119,120,117,115,121,117,116,116,113,116,117,119,115,115,115,112,162,168,162,161,173,162,164,164,165,167,171,170,168,200,150,118,113,121,119,116,117,118,120,114,116,119,111,108,111,113,113,108,105,98,169,174,166,169,172,170,167,169,169,170,173,170,167,255,139,137,140,131,137,153,149,184,202,194,193,236,244,240,237,243,240,253,242,235,173,164,160,161,168,164,170,170,172,175,172,164,167,171,174,183,177,174,180,173,180,171,169,170,170,171,174,173,169,168,165,166,168,168,174,171,173,169,176,177,167,174,175,177,177,174,177,178,177,175,179,172,179,177,175,178,177,172,169,168,176,173,175,180,180,171,172,188,174,180,171,176,188,191,178,178,182,181,181,182,183,195,248,132,127,132,130,138,138,140,140,140,140,143,142,140,145,142,142,145,144,142,144,142,145,145,140,145,144,146,141,140,149,144,146,143,145,148,144,145,144,145,146,146,147,147,147,146,145,147,139,151,146,143,146,145,145,147,144,145,146,148,148,149,147,142,147,146,146,150,145,142,150,145,145,143,146,147,148,141,143,143,143,140,144,144,147,144,147,146,143,142,145,143,147,145,143,142,143,141,139,141,146,142,143,144,144,142,144,143,141,142,143,145,143,146
162,166,159,166,163,160,165,167,166,164,129,121,121,120,121,122,120,119,121,120,117,121,122,122,121,119,120,117,117,113,105,160,164,165,163,161,168,167,166,166,161,163,169,165,231,127,119,121,118,122,124,121,122,120,121,119,123,120,122,119,120,116,117,114,111,163,169,168,167,163,169,172,170,166,168,182,175,174,213,163,119,125,120,124,118,122,124,122,117,117,121,117,119,119,120,119,119,115,118,223,168,174,168,170,169,173,170,170,171,168,170,173,175,116,121,116,121,117,120,116,114,117,112,113,116,115,113,117,116,110,106,112,104,219,172,173,173,171,170,171,172,175,170,173,173,171,176,230,205,213,226,240,249,240,255,255,255,255,255,255,255,255,255,239,238,214,197,177,170,177,174,179,175,179,174,181,181,181,182,185,209,255,131,131,132,131,133,136,136,138,142,141,144,144,142,139,142,141,141,141,143,147,147,142,141,147,141,145,144,143,147,143,144,142,146,142,145,144,141,144,143,145,143,140,143,144,144,143,146,145,147,149,143,142,148,143,143,151,142,141,144,144,158,143,147,150,146,149,143,143,147,149,146,147,147,143,145,147,146,150,148,147,143,145,144,143,145,143,150,142,145,141,148,146,143,144,147,145,143,138,143,139,145,145,144,142,143,146,147,141,144,147,142,145,146
162,166,163,163,163,168,162,160,163,167,125,116,119,122,127,122,124,117,121,118,121,124,123,123,125,126,121,120,117,114,109,165,163,162,163,166,164,164,166,167,163,164,171,168,219,142,124,120,123,125,123,126,124,117,121,122,120,125,123,122,119,121,121,118,111,163,160,165,166,171,170,170,166,172,173,169,174,168,231,130,120,124,123,122,120,121,120,122,124,122,124,120,124,126,120,121,125,122,119,248,169,170,171,164,170,164,167,174,170,170,174,166,183,130,126,118,120,122,122,123,119,127,124,126,127,125,119,127,122,124,122,127,116,219,173,176,171,170,173,165,170,177,170,171,174,176,181,161,125,125,128,123,119,124,127,123,130,124,127,125,121,126,124,124,124,119,124,109,177,179,179,179,177,182,180,178,183,181,182,181,207,235,141,132,132,135,135,140,140,139,138,147,141,139,142,147,143,146,144,140,142,143,141,140,138,141,147,141,144,144,139,144,144,144,141,144,146,144,148,146,146,143,147,146,146,143,148,146,146,144,142,144,148,145,146,151,147,145,144,149,142,145,144,146,144,157,140,140,144,146,145,142,139,143,145,146,145,148,147,148,143,148,151,147,149,149,147,147,150,147,148,145,143,144,145,143,144,141,146,148,144,143,142,141,144,143,145,144,141,144,147,145,145,143,140
163,161,166,171,158,165,166,168,169,165,134,120,120,122,122,125,123,126,122,122,127,123,123,125,125,120,120,119,119,113,109,165,161,167,163,169,166,168,167,172,168,170,170,172,173,166,127,125,124,124,121,128,122,125,126,127,123,123,122,118,125,121,119,117,105,160,165,171,168,167,171,166,167,165,167,168,175,169,216,126,118,121,124,125,129,124,127,130,122,128,123,125,125,128,127,127,122,121,116,220,169,166,169,169,173,168,170,170,172,167,172,171,220,133,125,126,126,130,124,128,126,126,123,126,124,129,121,123,123,127,124,124,121,231,174,181,168,173,175,171,171,173,173,173,173,177,222,134,125,124,124,126,124,126,128,129,129,130,128,129,132,126,125,127,129,125,123,115,169,176,178,171,176,178,177,180,185,172,184,180,217,208,128,135,129,137,136,133,139,141,141,138,140,142,143,139,141,141,142,142,144,145,141,144,141,138,146,144,142,140,139,141,145,143,141,146,147,141,145,143,145,148,143,144,142,148,142,143,144,148,146,149,146,145,147,144,149,148,150,146,139,146,146,146,151,148,150,147,150,143,145,143,142,147,145,147,146,149,149,146,147,145,140,146,146,145,145,141,146,147,146,145,147,142,147,143,151,147,146,145,139,141,147,143,142,145,148,148,145,147,145,146,143,141,144
162,166,166,166,166,168,165,160,166,166,136,122,121,121,119,126,126,121,124,129,123,123,124,119,122,121,121,121,124,119,102,159,163,170,165,169,165,162,163,164,164,174,169,167,157,129,126,121,124,125,121,124,128,125,122,123,123,124,127,124,122,126,121,120,111,161,161,170,170,165,168,169,169,164,168,169,169,173,242,130,121,123,125,123,125,129,124,126,127,125,127,131,130,132,122,123,125,123,120,241,171,170,171,173,168,169,171,167,170,177,172,168,223,134,124,123,127,128,127,126,126,126,130,131,126,125,127,132,127,125,126,120,122,224,172,176,175,173,173,173,170,168,171,173,167,184,200,133,128,129,130,131,130,134,128,131,136,130,132,127,128,129,132,131,122,124,123,123,172,177,180,176,178,176,168,184,174,180,180,181,226,203,133,128,132,136,139,135,135,136,138,137,137,138,143,138,142,139,136,139,144,141,138,138,142,143,142,146,146,144,142,147,143,140,143,146,144,140,143,146,148,145,146,143,144,151,150,145,145,144,140,146,146,143,142,145,145,144,146,148,150,148,149,148,152,144,146,145,146,145,144,143,145,146,149,149,148,141,141,147,146,140,146,148,149,142,152,145,148,145,150,143,149,138,147,143,149,145,143,140,144,145,146,147,144,138,143,143,143,146,144,145,143,146,145
162,161,166,165,168,167,170,165,169,179,129,123,125,125,122,127,127,125,124,125,126,127,129,125,125,121,121,121,120,111,107,156,161,165,166,159,168,171,173,166,166,166,174,172,161,142,126,124,126,125,120,128,125,125,126,122,126,130,126,124,126,124,117,122,111,168,167,167,162,168,167,174,168,172,171,175,170,169,171,128,124,123,124,131,126,122,125,129,127,127,131,127,132,128,129,123,131,127,117,232,173,172,168,168,160,171,171,170,173,175,174,178,255,138,132,130,126,131,131,129,132,130,135,128,131,128,131,128,127,121,127,122,125,222,175,176,171,173,171,173,171,167,171,177,177,180,181,128,124,129,130,128,129,133,124,131,137,131,132,131,129,135,130,133,131,133,123,129,174,178,176,172,174,177,181,182,177,180,180,189,191,170,126,133,130,136,137,138,135,139,138,140,141,140,141,143,143,142,143,146,143,143,145,138,145,145,140,142,143,146,152,148,143,145,141,140,145,145,145,147,146,147,140,146,146,142,143,152,148,146,151,144,144,144,150,148,147,143,144,143,145,148,176,152,149,145,141,146,144,145,143,142,150,143,142,141,140,145,145,147,144,146,147,150,145,145,146,144,144,142,149,144,142,149,146,144,143,141,140,143,146,144,141,145,141,144,142,141,147,144,141,142,145,145,148
159,163,166,161,165,161,160,164,163,172,128,122,126,125,125,127,126,126,124,125,128,125,123,128,127,120,123,125,122,119,131,158,159,163,163,165,169,163,171,163,168,169,174,170,156,126,121,125,125,127,127,130,127,125,122,128,128,131,125,127,126,122,124,116,104,172,163,168,166,168,168,167,167,168,167,173,170,177,201,131,125,125,123,123,125,130,135,126,131,126,129,128,125,128,126,128,126,122,120,228,174,167,170,166,172,169,172,173,172,173,182,203,251,134,124,126,128,132,130,129,130,124,123,133,124,129,131,130,129,128,121,126,121,233,179,177,177,167,178,173,170,174,172,174,178,178,189,130,133,128,133,131,128,131,134,131,136,133,132,137,128,126,131,129,131,127,130,143,173,182,178,178,177,178,171,178,187,185,180,184,183,146,131,133,133,139,136,138,134,139,142,140,139,143,136,139,138,143,138,139,143,145,139,146,144,146,140,144,149,143,162,140,144,147,145,138,143,143,144,146,143,136,150,147,142,143,144,146,145,146,144,144,147,147,147,148,143,145,143,148,146,145,144,153,148,144,145,142,146,145,139,146,147,146,140,146,143,140,145,145,146,147,145,150,151,145,140,146,144,147,146,146,145,140,144,143,147,141,146,143,141,142,146,144,146,141,147,145,141,144,143,145,141,149,147
164,162,165,163,165,165,163,162,161,170,125,118,119,122,129,127,127,127,127,129,126,127,126,126,125,123,122,122,121,118,129,157,167,167,163,163,166,172,168,163,165,168,175,176,127,121,125,127,120,128,125,126,129,129,129,128,127,126,126,127,125,123,122,123,117,167,170,165,171,163,166,163,169,169,173,176,167,171,191,128,126,125,132,133,131,129,132,125,129,129,128,131,124,126,125,129,123,126,120,221,171,170,173,168,173,172,170,172,171,171,173,200,255,142,127,128,129,125,128,132,132,130,130,132,130,128,129,129,133,126,125,124,123,243,176,175,173,170,174,176,175,171,176,173,176,178,212,136,128,129,128,136,132,135,130,133,129,133,133,132,139,132,127,126,130,128,125,147,171,175,181,180,181,181,183,182,179,181,186,184,186,133,129,134,137,134,137,135,140,135,145,144,143,141,139,142,142,137,142,145,146,141,141,145,145,142,145,140,143,140,144,142,148,143,144,151,142,143,138,140,145,145,145,144,147,149,147,147,146,146,146,145,148,143,142,148,151,144,145,150,144,151,147,145,147,147,150,144,147,144,148,150,146,146,142,148,145,144,140,144,143,150,145,146,145,147,143,146,145,144,138,145,143,141,143,142,144,142,143,140,145,144,143,145,139,141,148,147,140,142,147,150,143,145,145
162,163,167,163,168,166,170,171,161,175,124,125,128,128,128,122,130,128,125,127,126,124,124,123,122,122,124,124,122,121,128,154,160,169,165,165,167,161,170,168,167,166,166,174,127,123,128,123,125,126,128,127,127,130,129,130,130,129,124,124,124,125,125,124,115,162,166,167,178,169,169,168,170,165,168,171,172,172,177,148,124,133,123,126,133,128,131,128,126,128,132,129,127,125,126,125,128,123,115,189,168,169,167,175,172,168,171,172,168,177,174,225,255,137,131,134,127,134,129,131,132,131,133,132,131,134,134,131,130,127,124,123,122,213,175,173,173,174,174,170,172,172,171,178,180,182,255,146,132,130,133,130,132,134,130,135,135,135,134,133,132,136,130,128,130,126,123,175,173,184,180,176,173,179,178,182,183,176,191,184,209,131,135,135,137,133,140,142,157,158,142,145,141,140,142,139,134,146,142,142,141,139,139,139,143,145,144,148,144,148,147,142,143,145,146,146,142,145,145,142,150,142,144,145,147,145,147,141,146,140,144,150,143,146,145,149,145,147,150,149,146,149,150,147,146,142,144,146,144,146,143,147,146,143,141,145,144,140,144,144,143,147,146,146,139,145,145,144,144,147,144,143,147,147,144,143,144,146,142,144,146,146,149,144,146,147,147,144,144,140,147,142,141,149,143
163,165,162,167,167,164,167,160,173,184,127,122,125,125,125,130,129,124,127,125,128,125,124,126,123,126,123,117,121,119,191,167,166,169,165,165,167,166,168,171,167,171,166,175,128,127,126,123,126,127,127,125,128,128,129,131,127,129,126,128,126,125,117,123,155,164,169,171,167,167,168,169,166,173,169,168,169,169,165,149,129,127,124,128,133,131,129,134,128,127,127,128,130,131,125,125,129,125,120,185,170,168,170,168,165,171,171,173,174,168,169,189,255,137,129,132,130,134,130,132,131,132,133,132,129,132,130,131,132,126,124,126,126,207,177,172,174,172,171,175,172,174,176,185,174,177,255,138,129,130,131,132,134,140,134,141,135,133,133,135,142,131,128,134,126,129,123,199,177,175,177,180,179,179,178,180,174,178,193,185,203,132,130,130,134,134,137,143,141,146,145,141,140,145,140,139,141,142,145,143,148,144,140,140,148,136,143,147,143,143,145,145,146,143,147,147,147,149,148,145,146,146,147,145,143,143,144,146,147,144,148,144,149,146,147,145,149,143,143,144,142,154,141,144,145,143,146,145,144,150,149,152,145,143,147,142,141,144,145,144,148,145,145,148,147,143,147,147,146,140,142,142,143,144,143,142,142,149,144,148,148,142,143,143,144,145,145,146,145,147,143,144,147,147,142
161,160,161,172,160,168,168,167,162,199,128,122,122,128,128,130,127,128,130,125,125,130,124,123,122,127,125,129,118,120,168,163,168,170,163,162,169,161,165,174,170,169,170,178,132,127,124,126,126,129,128,129,126,124,123,127,134,127,128,129,125,125,121,119,130,168,170,163,167,169,166,168,166,170,166,171,171,166,144,135,124,127,132,130,132,128,129,131,132,126,125,126,131,130,127,129,126,124,117,192,170,177,170,169,172,173,174,166,171,175,172,182,255,137,130,127,126,129,131,129,133,133,133,130,134,133,131,127,129,132,126,124,122,187,175,176,173,177,165,171,169,174,184,176,183,209,255,141,130,129,132,129,134,132,133,130,136,135,131,135,134,138,136,134,133,132,123,226,180,177,181,178,175,177,178,176,179,185,181,181,195,138,130,137,136,135,138,142,136,143,140,135,138,141,142,138,142,139,140,144,144,138,148,142,139,141,144,142,146,144,146,145,142,146,142,145,146,145,149,151,143,144,141,147,142,140,148,145,141,151,146,146,148,145,146,148,148,149,148,144,151,149,144,143,148,142,151,139,148,149,143,144,146,147,146,145,152,146,147,148,149,145,145,147,145,144,142,146,144,144,148,143,147,148,148,145,148,143,145,150,146,141,146,144,146,147,144,142,140,141,147,145,145,141,145
166,161,158,164,165,168,170,172,177,218,128,121,123,125,124,128,127,129,123,126,126,125,126,124,129,126,124,122,120,120,194,158,163,164,160,164,170,167,172,174,168,165,167,169,124,124,126,125,130,126,133,131,131,130,129,127,125,126,125,124,126,127,119,121,146,168,166,175,173,167,169,172,162,169,169,172,171,175,199,158,131,129,132,127,127,128,130,132,131,131,131,127,128,125,127,126,123,123,119,184,171,171,168,179,175,172,172,172,174,177,178,173,255,141,129,128,129,126,130,128,132,134,129,132,130,133,131,129,130,130,133,123,126,196,174,177,172,172,173,170,174,178,169,175,174,186,255,142,130,127,134,133,134,135,136,141,138,132,136,130,133,133,138,136,130,131,124,220,179,177,185,180,178,176,174,178,177,181,189,186,225,134,135,135,134,133,135,137,141,143,139,141,136,142,141,143,143,142,143,140,142,142,144,144,139,141,149,146,148,141,147,144,148,146,142,139,149,147,142,148,146,150,148,146,145,139,148,146,144,147,145,144,148,143,142,145,145,146,148,154,154,147,150,143,143,147,143,146,144,146,144,147,147,148,144,145,144,146,143,143,144,143,146,148,146,138,147,143,152,146,151,144,142,145,150,146,143,144,145,144,148,144,145,142,147,145,141,143,142,147,145,150,142,147,146
180,173,180,186,165,163,163,168,166,213,126,126,124,122,126,127,124,129,123,130,132,127,125,127,127,126,126,127,116,121,210,164,167,164,169,165,164,163,167,169,169,177,169,170,126,127,124,125,125,127,130,129,131,130,127,132,129,128,129,126,129,124,123,122,190,171,167,164,167,165,165,166,169,166,171,168,173,168,159,158,127,128,129,126,131,131,128,127,131,129,129,127,131,131,125,121,122,120,116,181,172,172,168,173,173,174,169,171,172,180,179,183,255,143,128,127,128,132,129,131,131,131,134,130,134,135,131,125,130,126,126,126,119,191,182,172,170,172,176,170,167,169,168,177,179,183,255,135,130,135,132,131,133,129,131,137,135,131,140,140,133,131,130,129,126,129,134,222,180,181,178,178,175,180,178,178,181,183,183,189,243,133,130,129,132,136,136,138,138,139,142,140,143,136,139,134,147,144,142,144,142,139,141,142,135,147,147,145,142,141,144,140,145,147,146,143,141,142,148,146,147,147,141,145,147,145,139,142,146,146,145,147,144,146,144,144,146,144,146,147,149,150,143,148,149,146,148,144,144,141,141,146,147,147,146,144,140,144,142,144,146,143,143,145,143,141,148,145,143,145,146,143,149,142,151,145,146,139,145,144,144,144,143,142,144,141,139,143,146,144,142,145,143,142,143
194,212,208,170,165,161,171,171,168,241,132,126,122,122,126,124,126,125,124,142,129,125,128,127,127,131,128,119,122,117,251,171,164,165,168,167,170,167,166,167,172,171,175,195,133,127,127,128,126,130,130,128,128,126,127,124,132,132,131,122,123,124,121,119,199,163,173,166,164,167,170,170,170,172,174,170,166,171,153,136,124,126,125,127,134,127,130,132,127,135,129,129,128,126,129,126,127,120,119,172,168,168,170,173,180,172,176,168,180,176,177,175,255,160,128,127,133,128,124,131,138,135,134,133,133,131,134,130,127,130,127,124,120,185,178,174,170,174,182,175,172,174,169,174,182,191,255,141,127,130,133,136,131,136,136,135,134,134,138,139,138,137,136,132,132,129,128,221,184,177,181,177,183,186,179,177,178,178,181,184,205,132,126,129,132,136,134,136,138,140,141,136,140,140,137,137,136,141,138,140,142,140,140,143,145,139,145,146,168,147,148,140,145,146,147,143,148,144,146,146,145,145,142,144,149,143,151,147,143,143,146,145,148,143,142,143,144,147,146,151,145,147,141,147,145,145,146,141,145,148,142,146,148,149,146,141,147,147,142,141,144,146,148,147,146,146,145,147,152,145,149,148,142,142,143,145,149,146,146,150,143,143,148,141,142,147,149,141,146,148,144,144,148,144,146
173,170,164,162,169,173,167,170,170,215,133,124,122,124,125,130,124,124,130,127,129,128,121,125,125,123,126,123,123,120,254,171,169,169,170,168,163,176,162,170,175,173,163,231,134,127,126,128,125,125,123,132,127,125,129,129,129,127,128,124,124,123,120,116,240,168,165,167,168,164,169,163,169,168,170,174,178,176,166,130,124,124,124,134,126,130,131,132,130,130,131,130,132,131,127,128,124,126,117,178,171,171,172,167,169,173,169,173,173,177,180,172,236,178,133,132,134,129,130,136,134,131,135,130,129,134,136,126,127,130,130,122,124,185,173,171,171,174,175,172,175,172,172,172,171,218,255,140,130,133,132,129,135,134,132,132,139,132,142,132,132,135,131,129,131,129,127,213,180,180,184,181,178,179,176,177,182,178,182,183,194,130,135,131,134,134,136,134,136,138,141,138,136,141,139,142,138,145,142,138,141,143,143,144,141,145,144,143,145,142,146,146,145,145,144,149,140,144,145,143,146,147,138,143,145,145,143,145,143,151,145,147,143,146,146,142,150,143,144,149,149,145,142,144,149,144,146,153,147,145,148,146,146,146,144,146,147,143,144,144,145,146,145,149,146,143,144,146,146,145,144,146,144,145,139,143,146,148,142,146,144,140,144,145,144,146,144,138,142,145,145,148,146,144,145
163,168,165,164,167,167,165,173,172,245,132,121,122,122,126,129,129,127,124,121,126,129,129,130,127,124,122,123,120,124,234,170,163,170,171,163,169,171,167,167,166,168,174,220,135,127,120,130,127,127,127,123,128,127,124,129,128,129,126,127,127,122,120,120,238,176,171,165,173,163,167,169,173,170,174,177,171,170,157,125,129,126,126,126,130,127,131,131,129,131,131,127,128,125,123,128,123,124,117,174,173,173,173,167,167,174,172,170,174,171,175,175,236,156,130,130,131,128,133,134,132,131,134,131,133,130,129,132,132,127,127,124,119,173,172,180,175,178,176,180,180,165,172,177,179,212,255,142,129,130,132,134,131,133,133,134,134,132,133,132,128,134,130,135,127,125,127,241,180,183,179,177,180,179,180,175,185,182,185,181,210,131,131,129,132,135,135,139,137,136,136,139,139,143,138,136,134,143,139,139,144,138,136,135,144,141,140,144,142,142,143,145,139,145,139,151,141,145,142,146,145,146,144,145,145,147,148,146,141,146,144,145,147,146,146,144,147,147,145,149,144,149,142,143,144,148,146,144,145,146,144,148,143,148,146,146,146,146,145,145,149,148,148,147,150,144,147,144,143,144,152,143,144,143,147,142,146,146,143,144,144,141,143,143,144,143,144,152,141,144,144,144,146,146,146
162,165,163,164,166,166,172,173,169,255,135,122,128,123,124,129,125,126,122,129,125,128,119,125,125,125,120,122,119,117,251,171,169,171,166,169,166,163,171,167,172,165,165,180,138,123,122,126,130,128,124,126,122,128,127,128,131,126,123,128,126,122,121,119,241,169,168,166,166,171,173,168,173,175,172,177,172,170,127,126,125,127,130,131,127,125,129,126,130,130,131,125,129,130,127,125,125,118,112,168,176,171,169,168,167,169,171,174,176,179,178,178,224,138,126,126,128,132,128,128,130,129,129,129,133,133,130,128,128,125,127,126,115,171,175,173,171,176,177,175,179,177,172,179,182,179,252,133,134,129,132,132,131,136,136,134,133,132,134,134,130,139,131,127,130,130,125,237,183,178,180,182,178,181,176,184,181,182,182,179,220,133,131,133,135,134,135,135,135,139,140,139,138,141,144,142,137,142,139,140,145,138,140,144,148,140,147,142,144,142,145,143,144,147,146,147,143,146,142,142,142,149,147,144,149,150,140,144,145,142,145,147,149,148,144,146,146,147,145,146,144,147,145,143,150,150,144,145,145,150,149,150,145,148,148,144,148,151,147,145,144,147,144,148,145,143,146,142,146,143,146,145,144,147,146,146,142,141,144,145,142,144,145,143,148,146,142,148,146,148,142,146,142,146,142
168,165,170,164,163,166,166,168,168,254,155,124,125,122,124,125,120,121,123,136,129,121,122,122,121,123,122,120,114,117,234,171,166,172,166,171,164,165,170,166,167,165,173,254,134,124,126,126,127,127,122,129,128,121,123,126,122,126,120,122,120,121,122,120,243,170,171,170,163,165,169,173,173,168,169,168,177,178,131,125,123,128,129,128,124,125,126,129,125,130,126,128,124,123,123,123,121,121,117,169,179,171,171,173,174,168,171,173,178,176,176,170,152,127,128,130,127,127,129,129,128,134,129,129,128,129,129,130,128,128,123,124,118,167,173,175,174,176,178,171,171,173,175,172,180,175,255,138,130,130,131,134,133,128,128,133,131,137,134,130,134,134,133,133,129,129,129,240,179,178,178,180,177,178,180,180,180,184,183,180,244,135,129,129,129,135,135,136,138,139,135,141,139,139,139,133,138,137,141,137,144,145,141,144,142,145,140,144,146,142,146,144,145,144,140,146,143,145,149,143,149,143,141,145,145,145,147,148,151,145,147,147,145,146,149,143,148,148,147,141,152,146,142,146,146,144,148,144,143,149,143,149,146,140,150,143,146,149,146,150,148,142,150,142,148,141,144,144,144,148,144,145,144,142,149,145,143,146,147,143,151,142,144,145,147,140,145,140,145,142,146,142,147,150,153
166,164,167,168,167,165,167,166,165,255,134,122,124,126,122,125,124,125,132,129,163,126,123,123,129,122,122,123,122,120,230,170,162,170,162,166,162,170,167,163,166,175,173,255,156,126,125,127,130,125,126,121,126,126,124,127,126,129,127,123,126,121,124,119,253,171,167,168,162,166,171,172,166,168,167,173,176,177,177,127,121,127,125,125,126,127,129,123,125,129,126,128,125,128,127,124,122,126,112,178,174,177,171,175,169,175,171,172,168,177,172,179,172,130,126,127,132,127,131,136,127,129,132,134,132,129,134,131,131,127,125,120,119,172,175,175,173,175,174,178,170,172,177,170,177,176,255,144,132,131,131,127,133,133,131,137,135,136,134,132,133,135,132,128,131,132,128,238,187,185,180,175,178,174,185,184,181,178,182,186,225,130,129,128,130,132,134,135,139,137,135,136,133,139,135,137,134,138,144,140,146,143,139,143,143,142,142,140,140,140,141,145,145,143,145,146,144,146,145,151,149,146,146,144,144,149,149,148,144,147,145,146,143,146,145,150,153,147,146,144,149,144,147,146,149,145,144,150,145,147,149,146,147,145,146,145,149,149,143,146,144,147,148,143,144,146,145,145,148,149,147,144,146,147,146,150,153,145,147,148,144,142,144,144,149,145,145,148,144,148,145,145,146,149,151
165,168,170,164,160,165,165,164,171,255,141,133,124,126,178,251,254,252,241,238,234,157,129,126,126,122,125,124,120,122,232,168,169,172,166,168,168,171,169,171,169,170,169,255,234,189,129,128,137,142,153,123,125,136,155,126,205,157,130,188,138,176,124,119,232,175,172,171,174,177,180,163,197,169,180,172,171,177,133,124,126,127,131,125,126,247,134,129,138,161,132,127,125,125,127,129,124,122,130,166,173,171,174,171,172,181,173,170,169,167,170,179,227,130,127,127,125,129,127,126,133,127,130,128,126,124,130,130,128,126,128,124,128,174,172,175,173,178,176,179,178,174,178,172,176,198,255,135,128,125,127,130,131,136,130,135,134,132,133,135,136,130,129,130,128,130,130,232,178,182,177,179,175,176,177,184,179,177,181,180,227,131,130,128,133,131,131,137,131,134,135,136,136,137,135,137,135,133,141,136,140,137,142,144,141,140,137,140,139,145,148,143,148,145,142,146,144,146,147,146,149,145,145,144,143,145,144,149,147,147,148,146,147,151,149,149,148,147,146,148,146,151,149,143,145,149,145,145,147,145,147,144,146,144,146,148,147,142,145,147,146,145,145,146,147,142,145,147,142,145,144,146,146,143,147,139,148,149,142,146,146,143,143,143,146,145,145,144,141,141,147,143,146,149,152
163,161,169,169,168,165,167,162,164,170,214,255,255,255,223,200,242,223,205,200,252,255,255,255,254,255,255,255,255,238,192,166,171,166,161,167,167,168,169,163,161,168,170,180,255,255,212,255,237,185,240,190,255,243,246,243,255,215,228,196,255,255,236,227,190,169,166,174,173,169,168,165,168,162,176,174,164,182,133,129,123,128,132,144,255,255,255,250,255,237,131,123,130,124,196,252,224,125,158,170,167,168,170,172,168,170,175,171,175,175,172,169,149,122,124,126,126,126,130,126,129,130,131,129,127,127,128,129,127,124,126,123,154,172,178,178,175,174,177,175,175,181,174,177,179,188,255,137,127,128,129,127,128,127,131,130,129,130,127,133,130,131,128,133,126,128,128,227,185,186,180,185,177,172,180,181,182,182,180,179,239,131,123,129,129,131,132,133,129,133,132,136,131,132,131,139,139,138,135,130,134,135,134,139,137,139,137,142,144,147,140,145,142,148,139,145,148,146,147,148,147,147,148,146,147,145,148,145,146,142,143,146,147,151,145,146,144,151,145,148,140,151,148,144,144,149,146,144,145,148,141,148,144,147,148,142,148,144,150,143,148,148,138,144,149,149,145,149,146,146,147,142,148,147,146,147,144,143,147,146,142,149,144,143,150,149,147,146,147,149,147,146,150,151,141
168,167,166,168,162,163,168,163,170,170,173,177,171,173,172,169,171,172,172,166,167,173,180,172,172,165,173,174,169,168,175,166,168,165,170,169,166,165,170,171,170,172,176,165,204,217,230,198,174,170,172,170,171,176,169,171,179,166,171,170,173,173,170,169,168,168,166,174,164,165,169,167,162,166,169,170,171,170,176,202,255,255,255,255,190,204,232,238,223,228,255,232,201,255,255,255,255,248,185,173,170,168,168,168,173,173,175,170,166,172,249,183,255,157,184,177,131,125,125,127,122,125,126,123,126,123,124,122,128,128,127,124,255,176,173,173,167,173,171,170,173,169,174,174,172,177,235,237,139,130,126,131,128,128,132,133,130,130,130,131,127,127,131,132,129,129,128,222,176,174,181,182,171,186,173,174,179,191,179,183,246,129,125,130,129,133,132,127,131,135,132,135,136,135,134,135,135,131,134,133,134,136,138,136,136,140,136,135,140,140,137,145,147,142,143,144,146,144,142,144,145,147,144,143,152,145,150,149,146,143,148,144,147,148,147,141,148,148,150,145,147,144,145,146,148,142,148,144,147,143,148,144,147,148,150,144,149,144,143,151,148,148,142,144,145,146,142,146,147,147,149,146,142,147,144,144,147,146,142,144,147,143,148,142,146,145,145,147,144,145,145,143,145,147,139
164,168,165,167,163,163,168,162,169,169,168,170,168,168,170,171,165,172,170,171,172,165,168,174,170,169,164,169,168,171,168,167,161,167,165,161,173,168,161,167,167,167,172,169,169,168,165,167,169,172,167,171,173,176,172,179,177,171,173,172,169,167,169,173,168,166,170,167,170,173,167,172,167,169,171,169,166,172,176,171,179,175,176,177,175,169,173,176,173,171,181,169,172,171,171,174,170,171,176,169,168,170,174,174,169,176,176,169,171,176,173,173,171,178,177,179,174,177,176,176,176,171,174,177,182,174,177,178,177,180,197,183,173,170,173,172,174,168,171,176,170,173,175,172,177,179,176,222,211,238,255,255,255,255,255,255,255,255,255,255,189,229,235,255,255,255,242,180,177,176,179,179,173,176,181,180,172,184,181,181,250,154,125,120,125,120,131,130,139,131,131,126,133,131,134,134,137,134,135,133,131,130,135,137,134,255,202,143,138,140,138,143,139,144,139,141,145,143,148,147,142,144,145,144,143,149,149,141,151,144,144,145,148,151,144,147,145,151,148,143,147,147,145,145,145,149,145,146,147,142,151,149,148,141,141,144,144,142,149,145,147,147,136,144,145,149,142,144,142,146,144,143,144,142,147,149,147,149,147,144,148,146,143,141,145,141,148,146,152,145,148,147,142,148,150
173,166,167,165,166,171,161,172,164,167,165,166,160,165,172,161,168,171,169,166,170,170,166,168,165,166,163,165,164,170,162,161,169,163,164,165,162,162,165,167,165,169,173,163,167,169,168,167,168,166,169,174,169,173,167,171,169,173,170,170,169,163,169,167,169,168,164,174,172,167,178,168,169,166,173,171,170,172,169,173,170,168,170,167,168,169,163,170,164,171,175,169,174,170,169,171,179,173,170,171,169,172,174,171,167,171,168,176,172,170,174,177,178,176,177,173,172,176,176,177,177,176,175,176,178,174,172,175,171,177,180,175,169,173,167,176,170,170,170,174,174,172,171,173,173,176,175,178,176,179,182,169,183,180,175,182,179,181,177,175,178,178,176,173,177,181,182,180,180,177,182,174,176,175,183,178,180,178,177,184,184,196,189,180,185,179,188,191,212,204,246,188,225,255,215,255,255,255,255,255,216,255,255,251,211,188,197,240,139,142,140,135,140,143,142,140,145,143,143,146,142,148,145,144,148,144,144,140,144,144,148,153,153,145,147,140,147,144,151,148,144,144,142,142,145,142,150,145,141,145,148,144,147,147,147,146,142,144,142,148,149,145,144,144,150,140,146,145,146,148,150,147,146,143,146,145,148,144,146,147,146,148,151,141,146,145,147,145,147,142,143,148,145,141,146
166,163,172,170,163,169,167,170,172,163,168,166,166,176,171,169,170,163,167,165,161,168,167,166,168,166,163,161,164,170,169,168,171,167,170,167,167,163,167,169,162,167,173,167,167,169,172,172,170,165,173,166,173,167,167,173,170,169,177,167,169,172,166,170,166,170,174,175,173,169,167,168,170,170,172,169,171,168,168,181,173,178,171,167,175,171,173,175,172,176,173,176,176,176,167,169,174,170,172,172,171,169,170,174,170,175,168,167,170,169,177,174,169,169,176,175,178,174,178,176,176,177,169,175,177,174,176,181,175,170,179,170,171,173,169,172,180,169,174,166,173,175,179,179,179,179,175,170,178,175,175,176,180,173,181,179,176,179,179,181,181,183,180,175,178,177,179,177,177,180,173,178,178,171,176,173,168,177,174,174,183,186,183,183,179,186,224,255,255,224,186,183,181,180,188,185,185,185,207,196,194,198,188,193,188,197,233,215,142,141,142,138,142,144,144,143,148,146,142,141,146,143,148,144,148,146,145,140,154,147,151,145,147,139,148,147,149,151,149,141,148,145,149,145,141,143,141,140,144,149,147,142,144,144,148,148,147,148,143,150,145,147,142,143,146,146,147,149,142,145,142,149,148,145,147,144,143,144,142,149,147,146,147,146,142,147,143,142,144,149,142,145,144,140,144
169,161,169,162,164,163,163,163,163,167,162,166,174,170,166,171,163,172,168,166,169,166,164,171,162,168,166,165,165,166,171,168,170,168,171,165,167,168,166,169,171,170,168,165,167,171,170,166,168,172,167,167,171,171,176,171,165,170,173,168,168,171,170,169,170,175,165,172,171,168,167,173,172,170,167,167,169,164,175,168,166,171,174,174,170,171,166,181,192,190,173,167,169,170,171,169,173,171,170,173,167,172,173,172,168,168,171,173,163,168,174,174,176,171,170,173,173,173,173,170,176,173,177,179,171,178,177,170,173,171,167,174,170,174,176,172,170,179,174,173,174,171,172,173,175,177,176,173,171,177,177,183,177,177,178,175,184,172,174,175,179,179,177,175,179,172,173,179,178,174,170,181,178,178,179,178,180,176,183,183,172,180,176,180,184,184,205,193,183,187,187,185,184,181,185,183,183,186,186,191,191,190,194,190,255,255,231,215,143,138,141,138,138,139,146,143,137,141,142,148,143,149,145,140,144,148,148,145,152,148,153,146,149,144,147,148,148,147,146,145,146,146,151,146,141,142,149,151,149,151,145,144,143,148,148,145,144,147,148,140,141,144,150,144,143,146,146,151,147,143,147,146,147,151,147,142,148,144,148,143,141,145,144,144,148,147,148,143,148,141,148,150,144,146,144
162,165,163,167,163,165,169,163,166,160,160,164,162,166,167,171,167,172,165,166,165,168,163,168,164,161,167,169,164,167,169,174,169,169,162,162,164,165,169,168,171,175,172,169,166,169,166,169,170,165,171,173,167,169,170,171,174,170,172,170,167,172,166,166,165,162,167,168,165,161,171,162,169,172,172,166,175,170,165,171,172,172,174,170,178,168,172,173,186,170,170,164,176,170,168,171,168,167,166,170,168,166,170,174,175,170,164,170,170,170,173,171,173,180,173,174,169,175,175,172,172,173,173,171,173,174,173,173,175,171,167,175,173,171,167,169,170,174,169,184,174,171,170,183,175,175,173,178,174,175,179,176,180,178,178,176,179,173,179,179,171,175,177,176,174,186,175,179,175,184,177,177,174,180,173,180,177,175,176,178,185,186,183,180,177,181,183,181,182,181,189,186,179,189,184,186,192,189,189,188,184,189,193,199,255,238,255,210,145,141,139,138,141,142,142,142,144,137,143,146,151,146,143,146,144,138,149,153,145,150,150,146,144,148,148,147,144,144,145,145,146,145,147,142,144,147,147,146,152,146,147,147,146,147,149,149,148,144,151,148,149,144,147,146,147,148,145,143,146,141,146,144,146,137,146,147,147,148,142,150,145,150,145,148,148,144,144,142,145,145,144,141,146,148,152
167,160,164,165,168,169,158,173,165,162,164,165,163,165,163,167,164,163,163,166,168,163,163,163,172,160,166,169,165,164,161,164,168,164,171,166,171,167,166,165,165,165,169,163,169,164,169,165,165,171,165,169,172,175,177,169,170,170,171,167,164,165,169,166,163,167,168,165,168,169,170,164,166,173,168,168,172,173,166,166,164,172,170,164,176,171,168,176,255,229,174,175,171,169,171,175,174,170,167,173,166,175,169,175,168,170,170,170,177,167,171,172,176,173,173,174,173,176,175,178,173,171,182,180,174,175,170,174,173,174,172,171,170,175,175,173,177,170,170,171,171,172,178,173,174,173,176,181,174,180,180,177,176,176,174,178,174,182,181,177,178,179,175,174,175,174,175,178,180,178,173,180,172,178,177,181,175,177,179,175,179,174,179,177,184,178,181,186,180,182,181,176,181,182,186,183,188,187,188,189,190,190,185,197,255,220,255,186,137,136,141,139,142,142,142,142,147,140,142,146,144,150,144,145,148,145,149,147,150,148,146,145,149,152,144,146,141,152,147,147,142,145,149,145,146,147,151,151,152,148,144,145,148,142,146,146,147,144,143,144,142,143,146,143,146,147,148,143,147,149,143,144,147,146,150,146,141,141,146,148,144,146,137,144,141,148,146,144,146,146,146,143,149,147,144
169,165,162,166,165,176,166,170,165,169,166,197,170,170,167,168,164,164,165,162,163,160,164,163,189,171,166,170,171,169,167,165,169,166,166,164,161,164,170,166,172,165,168,166,164,166,167,167,167,171,169,164,172,168,168,172,174,165,172,174,168,168,169,172,169,173,171,168,167,171,170,167,161,168,171,189,168,163,175,164,172,171,173,175,172,167,165,171,182,174,171,170,170,172,170,168,169,165,171,170,170,167,167,180,170,176,171,176,170,167,169,175,173,170,171,174,169,171,171,175,174,174,174,173,175,174,173,176,174,171,167,168,172,173,177,170,173,179,173,176,178,175,174,174,174,178,168,174,173,174,166,176,179,180,174,182,172,179,175,170,171,174,167,179,180,174,175,175,173,175,172,171,180,180,180,180,181,179,183,180,181,177,178,185,180,179,181,180,189,178,180,180,185,178,182,179,185,186,188,190,197,184,189,194,255,226,250,172,139,136,137,138,141,144,146,142,143,141,141,144,143,144,143,149,149,145,151,160,148,140,149,146,142,143,142,143,147,150,145,147,147,145,149,145,144,140,144,147,146,143,146,146,149,141,144,151,141,149,142,146,143,147,145,144,147,143,144,145,149,146,142,144,145,145,142,146,145,146,146,144,144,145,150,146,144,147,148,148,144,145,143,143,147,145,148
165,172,172,164,162,167,163,158,167,160,170,164,168,166,165,168,167,161,171,164,164,167,167,169,167,168,163,162,168,164,165,168,166,169,162,168,169,167,165,167,166,164,170,168,168,166,177,170,170,171,172,169,171,172,176,173,168,171,171,169,169,172,170,168,164,168,169,172,170,161,169,170,173,163,169,166,177,168,170,168,164,171,174,173,172,168,175,173,173,166,181,177,167,172,167,174,170,164,165,171,167,170,168,170,166,168,169,173,173,177,170,171,174,170,173,178,180,175,176,169,174,179,176,168,174,175,170,173,175,169,177,173,172,173,176,172,173,170,170,172,173,176,178,169,177,175,176,173,173,175,172,174,184,176,174,183,177,181,179,176,179,174,173,170,173,171,179,175,176,179,179,174,184,182,183,178,182,181,177,180,183,182,181,180,186,180,184,182,185,181,182,176,177,179,185,181,187,188,187,188,181,185,193,198,255,242,255,165,137,141,139,143,143,141,142,142,140,143,150,146,140,143,144,146,153,147,146,150,145,149,150,148,146,147,157,141,142,146,147,146,145,146,142,147,148,143,147,148,145,150,148,148,147,145,146,145,146,147,142,146,142,147,146,147,140,150,150,144,153,146,145,145,146,144,144,141,145,143,147,144,150,143,144,147,147,149,146,146,146,146,145,142,149,149,146
168,167,166,172,168,170,169,165,172,168,164,163,168,166,162,167,166,164,166,171,159,163,164,163,174,170,170,167,159,169,163,167,168,167,169,169,169,167,166,169,171,167,163,167,170,164,172,169,165,165,172,173,173,170,171,169,169,168,169,164,165,167,172,171,171,171,162,164,173,183,171,175,166,169,171,170,174,167,170,164,167,174,169,171,170,167,166,174,168,167,170,168,169,169,172,169,167,170,169,169,168,164,165,175,172,171,179,170,170,169,164,169,177,172,174,175,171,172,173,174,179,177,172,172,180,180,174,177,167,169,173,173,176,174,173,175,179,178,181,168,168,176,175,172,171,173,174,179,181,181,174,176,175,178,172,182,175,175,180,179,175,175,175,171,175,175,175,172,178,172,185,176,173,181,180,173,179,176,181,179,179,178,178,183,182,180,173,184,182,185,183,187,187,183,189,186,186,181,187,187,188,189,187,198,255,241,235,150,140,140,137,141,142,145,140,141,144,143,142,144,144,143,147,148,148,148,144,146,149,143,146,148,147,146,146,145,143,144,146,143,143,144,148,146,146,146,146,144,146,145,140,148,149,145,148,146,142,145,142,148,145,140,145,149,145,147,143,142,147,152,148,148,147,150,148,147,147,146,147,148,151,144,146,150,143,151,147,143,145,148,142,143,146,148,145
170,172,165,166,166,167,171,166,170,164,162,167,167,163,168,168,163,170,164,167,166,164,169,166,169,170,170,166,162,167,163,165,168,168,168,168,173,164,166,169,166,171,167,168,169,167,173,171,169,168,169,174,170,171,171,177,167,169,165,168,169,164,169,175,175,171,165,172,173,177,170,178,172,172,167,174,169,176,171,178,172,169,172,173,171,170,165,169,173,168,173,171,171,171,171,167,167,172,173,167,170,175,167,173,173,170,171,171,169,172,173,171,174,170,173,174,170,180,173,169,179,170,172,174,177,171,174,172,173,177,169,172,173,168,172,172,174,175,174,175,176,183,183,174,183,177,169,175,173,175,175,176,176,176,181,189,187,179,179,178,181,174,172,177,173,177,175,172,178,178,179,179,178,176,178,182,179,187,180,171,181,181,181,183,176,181,177,187,184,183,187,172,181,179,184,181,190,189,180,186,190,183,186,198,248,249,241,140,137,139,142,142,142,138,143,147,142,144,143,146,140,147,150,150,154,151,145,142,147,143,146,142,146,145,144,143,149,146,145,145,145,145,146,151,149,144,139,152,145,145,148,151,148,141,142,144,145,147,144,144,147,148,143,147,146,147,146,150,145,147,147,140,140,142,145,145,141,146,145,147,150,148,145,149,145,141,146,144,145,146,143,140,144,148,144
167,167,165,167,167,166,170,167,167,162,167,167,168,164,166,162,166,161,173,166,168,171,169,170,170,170,172,178,166,165,166,162,170,164,164,168,173,168,170,169,169,166,171,167,178,169,166,170,170,172,171,168,175,177,172,169,172,171,169,179,168,172,170,173,169,174,171,175,168,174,171,169,167,173,173,174,165,176,171,166,173,168,168,174,175,172,174,174,169,169,167,170,167,171,169,166,173,177,162,169,168,171,171,172,168,171,171,170,175,173,173,173,173,175,179,175,171,175,181,178,174,172,177,172,174,176,167,177,182,171,178,183,177,181,174,174,174,181,172,170,178,178,175,176,170,171,174,173,174,176,178,175,178,180,180,183,176,180,181,179,179,179,179,180,182,177,179,177,179,177,175,179,179,177,177,180,184,180,171,181,185,179,181,184,183,180,184,185,181,185,183,185,183,184,184,178,180,187,184,185,187,186,188,199,237,255,246,138,134,140,137,145,141,140,144,142,146,147,143,146,146,146,147,150,145,146,148,149,146,144,146,144,148,147,146,148,147,145,144,147,146,143,145,148,145,150,146,142,144,146,147,143,152,148,151,148,147,149,143,150,143,147,149,147,150,145,148,147,148,146,143,144,147,141,148,147,148,145,149,148,140,146,144,141,146,148,146,146,149,144,143,147,146,147,147
170,167,169,164,165,164,164,161,163,166,167,170,171,160,161,169,168,160,159,168,164,164,169,167,166,170,166,166,166,165,171,168,167,162,160,173,164,161,170,170,171,170,176,168,170,164,177,172,170,173,167,170,170,169,168,174,172,170,166,169,169,173,169,171,172,167,172,170,167,166,170,175,168,174,172,168,164,171,164,167,167,171,176,172,174,176,170,172,173,173,165,173,166,171,164,168,172,168,174,177,167,172,176,168,175,170,169,169,174,171,171,171,174,175,173,181,181,176,181,179,177,179,182,179,176,175,181,174,178,173,180,179,175,174,177,176,176,178,176,174,174,170,175,176,177,180,177,170,180,174,176,178,177,182,180,180,178,181,182,178,177,176,179,179,174,175,177,178,176,181,180,178,179,179,179,179,176,177,174,177,176,181,186,182,187,181,182,181,187,184,181,180,184,181,187,182,188,184,182,187,184,189,182,200,221,255,255,146,138,135,139,141,146,141,139,142,143,152,144,148,146,147,152,155,149,142,148,146,145,150,145,144,148,146,145,151,144,147,148,142,147,142,149,145,148,149,146,151,148,148,146,150,146,146,145,143,150,146,144,149,148,145,142,148,146,147,144,148,150,144,142,145,148,148,149,146,144,147,145,143,143,147,145,144,148,147,149,149,147,144,145,148,148,144,142
180,175,172,172,255,255,186,200,178,181,182,180,183,184,186,189,190,188,188,197,182,190,182,185,193,191,192,190,182,181,168,167,165,161,165,171,171,169,166,170,166,172,168,182,178,172,173,171,168,171,170,171,167,173,164,167,179,165,168,168,170,167,173,161,165,169,172,172,169,175,169,169,169,170,164,171,167,167,171,166,166,173,169,173,170,169,168,167,174,170,170,168,169,170,167,165,170,166,175,174,171,170,168,173,168,175,178,177,171,178,174,179,181,178,178,178,180,176,177,178,181,176,181,173,182,177,175,175,175,171,175,176,175,179,174,179,177,174,172,176,177,174,180,177,177,176,171,175,176,177,178,174,180,180,178,180,178,180,184,177,181,180,179,180,177,183,176,178,181,184,181,185,181,189,180,185,177,179,183,180,182,175,185,182,182,183,177,178,182,183,192,191,185,189,187,185,186,193,184,186,189,186,189,216,208,242,255,142,140,141,140,141,139,149,144,144,145,145,144,146,145,149,150,150,146,147,145,151,146,149,145,146,147,145,148,140,146,149,145,149,151,147,144,145,144,145,149,147,149,148,141,144,145,145,148,141,144,145,146,147,144,142,144,148,150,148,146,144,142,143,143,145,146,148,150,144,143,145,141,147,141,147,142,146,145,144,146,149,147,150,146,144,146,145,146
119,118,115,117,127,147,122,120,114,117,117,115,114,114,114,116,116,119,119,112,112,113,113,113,111,108,111,105,107,107,162,172,167,176,178,164,167,159,207,167,173,171,176,140,113,117,113,115,118,117,122,121,111,139,138,150,139,148,148,159,158,158,164,166,171,164,169,171,166,171,173,173,182,178,177,184,188,187,226,190,190,194,186,189,186,189,189,186,193,191,198,194,192,192,191,194,223,199,174,172,166,163,170,174,168,169,170,171,175,176,173,175,189,187,184,178,177,179,180,182,180,166,183,175,178,169,176,170,171,167,176,173,168,173,177,180,175,171,176,171,174,181,171,174,173,171,178,175,172,175,177,173,175,175,173,178,174,178,181,171,175,181,176,179,174,177,178,176,178,178,181,182,180,176,187,180,177,182,177,185,188,184,179,180,180,182,183,180,187,194,213,193,184,183,180,183,193,188,184,185,190,191,188,187,238,245,245,140,135,141,138,140,144,141,145,148,145,147,145,142,151,147,151,148,144,143,141,145,145,142,146,149,146,149,146,148,146,145,141,144,148,144,142,144,144,146,146,145,147,146,147,144,145,148,146,145,145,146,142,145,148,150,145,143,144,147,149,144,148,150,145,140,145,144,144,143,152,145,146,143,147,142,147,146,144,150,144,144,144,142,145,147,144,142,145
124,123,120,121,120,140,122,119,121,119,119,123,122,123,125,126,122,120,123,121,120,120,120,117,117,117,114,113,112,117,177,165,171,167,162,169,171,170,182,182,174,169,174,136,122,121,124,121,118,122,123,122,123,124,120,119,120,121,123,119,120,121,120,123,115,122,117,122,119,123,117,125,122,123,121,119,123,115,116,117,121,118,117,118,119,117,114,113,116,113,115,114,115,121,117,108,114,108,199,174,167,171,172,170,172,174,171,176,175,176,176,237,129,117,117,120,119,121,123,121,123,127,124,139,139,136,143,147,149,160,161,167,168,174,182,170,182,179,186,186,197,196,195,191,197,196,195,197,194,199,200,204,202,204,209,203,207,203,201,219,204,210,203,207,205,199,176,178,176,171,183,179,180,180,187,182,181,186,182,190,180,185,182,180,184,184,177,180,176,201,230,223,194,186,180,184,184,184,192,184,180,189,191,187,186,195,255,143,142,141,142,140,142,141,143,149,143,146,147,143,149,148,147,145,143,144,146,147,141,148,144,146,143,142,142,142,141,145,142,146,148,146,145,141,145,149,146,144,147,145,147,140,146,145,143,143,147,139,145,145,140,145,146,148,142,148,144,148,149,141,143,144,146,143,140,146,142,148,144,148,146,148,139,143,139,148,146,144,145,145,146,142,145,148,147
127,125,127,126,122,124,125,126,121,124,125,123,126,119,120,124,125,122,126,125,120,123,123,122,121,121,118,119,119,187,164,161,168,170,178,171,165,164,166,166,176,170,173,210,130,122,127,133,128,125,127,123,124,124,123,129,126,129,127,121,121,123,128,124,129,125,126,129,129,123,123,125,129,125,126,125,127,119,126,125,122,122,124,120,122,127,122,122,124,124,122,124,124,126,121,122,118,116,183,174,179,178,173,172,168,167,175,174,175,180,181,255,131,124,128,123,121,124,126,126,125,122,126,126,124,124,125,125,127,128,126,124,123,122,122,127,123,125,123,126,123,117,124,126,127,123,123,126,120,125,125,121,122,118,122,123,119,120,124,120,118,118,116,116,111,115,204,179,179,182,175,180,181,182,180,189,182,179,185,187,153,141,133,132,137,137,149,145,157,151,159,172,180,194,196,204,208,211,220,220,232,245,255,255,255,255,160,138,142,143,139,142,142,142,146,147,143,147,148,148,145,147,148,143,150,146,149,145,146,148,153,142,148,143,141,147,145,142,146,147,148,152,149,153,145,153,145,145,148,144,144,145,142,146,143,144,144,145,151,141,151,150,145,140,146,139,145,145,145,151,147,149,143,148,146,147,144,142,143,147,146,148,149,142,149,146,147,147,147,146,145,144,147,147,147
131,129,127,125,126,123,124,128,125,122,128,128,124,121,128,121,126,124,123,125,125,123,126,121,123,120,120,118,122,200,168,166,169,169,163,163,172,173,166,181,174,175,178,135,127,123,127,125,125,126,129,123,128,127,130,126,132,127,128,129,123,127,126,127,130,128,125,122,124,126,131,127,127,127,129,129,128,126,132,133,133,125,125,126,127,124,126,127,127,129,124,123,126,124,126,124,118,116,176,172,174,178,170,170,169,167,167,170,173,177,179,255,135,126,126,123,129,136,134,129,128,129,133,144,128,128,129,131,128,130,130,127,129,130,126,131,129,130,125,132,128,126,131,130,128,134,135,129,127,127,126,127,130,130,127,126,124,127,128,127,124,126,128,123,125,121,188,176,184,182,179,182,183,182,181,182,182,188,188,205,132,130,126,130,133,132,130,127,132,133,129,130,134,135,132,135,134,134,137,135,136,134,134,133,132,137,137,141,145,136,144,143,144,143,143,147,146,147,145,147,140,150,146,146,151,143,144,147,145,145,143,143,148,142,149,145,143,150,144,144,147,146,143,145,146,144,145,151,145,149,148,150,147,147,147,147,147,142,146,149,146,148,143,147,144,145,147,146,149,150,144,136,145,145,147,145,147,146,146,149,148,146,143,145,144,144,149,147,143,138,145,142,146,145,143
128,127,126,125,124,132,128,124,126,124,123,124,126,123,126,124,125,125,125,128,125,123,127,120,124,123,121,122,117,213,167,168,175,164,165,166,174,165,171,255,178,169,173,131,122,126,127,126,129,128,133,131,128,126,126,127,126,127,131,128,129,127,135,128,129,131,129,127,129,131,134,140,128,127,129,129,127,130,129,131,127,127,130,130,128,129,128,131,126,127,128,127,125,124,120,124,126,116,171,172,181,173,164,168,168,176,170,174,174,177,179,255,131,125,128,127,131,146,132,128,128,129,133,134,131,129,130,135,127,131,135,129,132,131,128,133,134,132,135,130,129,133,132,134,134,133,132,132,131,134,133,128,130,130,133,128,132,132,128,132,128,131,128,125,124,123,188,177,182,180,176,182,174,185,188,186,185,187,186,204,131,133,131,130,139,133,131,134,131,134,134,138,133,139,133,136,135,138,136,138,139,136,142,141,140,138,142,142,142,142,145,147,146,145,147,148,142,143,149,145,146,155,149,145,143,143,145,141,147,145,149,146,147,148,144,149,147,145,146,141,140,146,147,148,147,145,141,154,149,144,153,151,152,148,147,146,146,146,149,148,145,149,146,145,144,142,142,146,148,147,144,145,151,149,146,148,146,146,142,148,149,146,148,153,146,144,144,145,147,144,143,144,143,148,148
